id,EAP,HPL,MWS
id02310,8.714336e-07,3.4935098e-07,0.9999988
id24541,0.9999999,2.033469e-08,1.5025415e-07
id00134,6.4623514e-08,0.99999994,2.181594e-08
id27757,0.9999999,1.447589e-08,1.3054307e-07
id04081,8.545785e-07,0.9999988,3.372825e-07
id27337,0.9999999,1.571343e-08,9.184852e-08
id24265,0.99999976,7.4091204e-08,1.7026025e-07
id25917,9.026148e-07,3.6185128e-07,0.99999875
id04951,0.9999999,1.7123526e-08,9.892475e-08
id14549,0.9999992,6.8255986e-08,7.1962756e-07
id22505,6.989497e-06,1.2193462e-06,0.9999918
id24002,3.6250505e-08,1.0,1.0926976e-08
id18982,3.1071946e-07,0.9999996,1.2652666e-07
id15181,9.7011366e-08,0.9999999,3.2368057e-08
id21888,0.000110394125,0.9998744,1.5205161e-05
id12035,8.5124685e-07,3.4259398e-07,0.9999988
id17991,0.99363166,2.340318e-05,0.006344927
id10707,0.99999994,1.5591148e-08,6.190554e-08
id07101,1.1015949e-06,4.8125116e-07,0.99999845
id00345,9.972923e-06,0.9999882,1.8448053e-06
id05912,0.99999744,7.1811485e-08,2.5215734e-06
id13443,0.99999976,1.583667e-08,2.9765107e-07
id09248,1.057474e-05,6.203513e-07,0.9999888
id17542,7.979939e-08,0.99999994,2.7044525e-08
id06995,8.6465207e-07,3.4393483e-07,0.9999988
id25159,0.9999995,5.747732e-08,3.7333794e-07
id25729,3.2571632e-05,0.99996245,5.014572e-06
id26949,0.9999463,3.230799e-07,5.3386946e-05
id27191,8.9384315e-07,3.5624132e-07,0.9999988
id07668,6.6635104e-05,1.5655777e-06,0.9999318
id02230,0.21029936,0.7890247,0.00067590526
id15553,0.9999999,1.1406726e-08,9.007201e-08
id25688,3.8288164e-08,1.0,1.1722934e-08
id17545,0.99999976,3.6965478e-08,1.9520434e-07
id13929,9.4408637e-07,3.7773847e-07,0.9999987
id12880,3.711016e-08,1.0,1.1229883e-08
id19282,0.9999649,3.0598294e-05,4.5302995e-06
id14690,8.680362e-07,3.4935098e-07,0.9999988
id17975,0.00012053524,0.99986905,1.0450289e-05
id08037,0.9999999,1.3545823e-08,1.2952718e-07
id15412,0.000945452,1.0985596e-05,0.9990436
id25032,0.0021187533,2.1316086e-05,0.99785995
id27165,0.9999999,1.932785e-08,1.2456508e-07
id03327,0.99999917,4.2051287e-08,8.1544476e-07
id18515,0.99999964,2.3960112e-08,4.1648866e-07
id21003,8.61281e-07,3.4528094e-07,0.9999988
id23855,3.5688494e-08,1.0,1.0757569e-08
id20724,0.99999905,1.3896228e-07,8.1544465e-07
id13303,0.99999726,3.5410668e-08,2.6425857e-06
id16521,4.9953956e-05,0.999888,6.2047395e-05
id20775,0.99999994,1.1496191e-08,7.9488274e-08
id13029,0.9999998,1.8156832e-08,1.9444332e-07
id14660,0.9820135,0.017916083,7.041397e-05
id11028,8.5291106e-07,3.4125833e-07,0.9999988
id14180,0.99999976,2.2333282e-08,2.3271815e-07
id25860,0.9999999,1.2626096e-08,1.3416185e-07
id11910,8.990958e-07,3.6326753e-07,0.99999875
id08065,8.868871e-07,3.5071832e-07,0.9999988
id22674,8.6296484e-07,3.4393483e-07,0.9999988
id25018,8.9384315e-07,3.576356e-07,0.9999988
id10892,4.1887382e-08,1.0,1.30268925e-08
id10217,4.3386176e-08,1.0,1.344041e-08
id12996,0.99997777,3.0115305e-07,2.1953485e-05
id18262,0.9999999,1.7945299e-08,1.2801814e-07
id08606,3.6250505e-08,1.0,1.0884375e-08
id17233,0.99998343,4.7563725e-07,1.6124466e-05
id00101,5.8404752e-05,0.99993354,8.075878e-06
id12225,0.9999993,7.0422665e-08,6.475948e-07
id01364,3.8739493e-08,1.0,1.1907543e-08
id24973,0.999941,2.3089356e-07,5.8748406e-05
id25363,0.99999535,4.3048345e-08,4.619792e-06
id10061,9.608284e-07,3.9741587e-07,0.9999987
id17673,4.424189e-08,1.0,1.3975815e-08
id13249,0.999997,1.3363842e-07,2.8684988e-06
id10107,8.6465207e-07,3.4393483e-07,0.9999988
id04403,0.9999999,1.2675512e-08,1.1430733e-07
id25728,0.9999976,1.7704225e-07,2.2079637e-06
id16184,0.99999917,6.987462e-08,7.5122296e-07
id03438,8.88621e-07,3.4935098e-07,0.9999988
id22923,3.5688494e-08,1.0,1.0757569e-08
id08610,0.9999999,1.8299238e-08,1.4966838e-07
id25355,0.0020367345,3.2760392e-05,0.9979305
id16916,0.99999917,7.555248e-08,7.541631e-07
id12793,6.772486e-08,0.99999994,2.2420698e-08
id11859,0.99880564,1.7929221e-06,0.0011925471
id02434,0.99999994,1.2824929e-08,8.494601e-08
id27703,8.5291106e-07,3.4125833e-07,0.9999988
id25212,5.592699e-08,0.99999994,1.8370862e-08
id11308,0.00015905024,3.7557038e-05,0.99980336
id26094,0.99999976,2.0494172e-08,2.5261318e-07
id22080,0.9999974,3.8518817e-07,2.2427334e-06
id03545,0.9999999,2.0414276e-08,9.8539076e-08
id23725,8.714336e-07,3.4935098e-07,0.9999988
id12009,0.99960405,1.6660025e-06,0.00039434413
id24241,0.9996289,4.221284e-06,0.00036686106
id03596,3.7255408e-08,1.0,1.131796e-08
id10749,2.9311286e-05,0.9999621,8.63062e-06
id22794,9.061475e-07,3.5903534e-07,0.99999875
id15482,0.9999869,1.0554087e-05,2.55127e-06
id04833,0.9985617,1.6257126e-06,0.0014367313
id00397,8.6465207e-07,3.4393483e-07,0.9999988
id14691,8.6296484e-07,3.4528094e-07,0.9999988
id05193,8.6973324e-07,3.4935098e-07,0.9999988
id19541,0.99999917,2.6315023e-08,8.7826857e-07
id22166,8.7655457e-07,3.4663233e-07,0.9999988
id20744,8.5291106e-07,3.4125833e-07,0.9999988
id10392,8.6296484e-07,3.4393483e-07,0.9999988
id00770,0.99999976,3.0645456e-08,2.2293034e-07
id06018,0.9999999,2.0574388e-08,1.7498006e-07
id15678,0.14294766,4.264444e-06,0.8570481
id08305,0.99999785,1.2828732e-06,8.122646e-07
id08903,8.903583e-07,3.576356e-07,0.9999988
id14752,1.09072815e-07,0.9999999,3.9043325e-08
id12468,3.8138893e-08,1.0,1.15863585e-08
id05085,2.8797244e-06,0.99999654,6.012697e-07
id21993,1.0108804e-06,4.005328e-07,0.99999857
id15503,0.99999976,4.654656e-08,1.9596834e-07
id03021,3.9349555e-08,1.0,1.2047906e-08
id16123,0.9999999,1.6792326e-08,1.5381734e-07
id19383,0.99997866,1.8123725e-07,2.1153754e-05
id04186,0.9999999,1.8227897e-08,1.1932602e-07
id17954,8.6296484e-07,3.4393483e-07,0.9999988
id12030,8.782683e-07,3.5346903e-07,0.9999988
id13020,0.9999896,2.7101163e-07,1.0070807e-05
id25327,1.9223035e-05,0.99997365,7.044189e-06
id16344,8.7313725e-07,3.5624132e-07,0.9999988
id12303,6.987468e-08,0.99999994,2.304222e-08
id15017,1.0,3.4725858e-08,4.6004285e-08
id22308,8.9734147e-07,3.6185128e-07,0.99999875
id06536,8.714336e-07,3.47989e-07,0.9999988
id19797,3.8138893e-08,1.0,1.167723e-08
id06332,0.9999994,2.358864e-08,6.52674e-07
id22941,0.0022538397,9.007692e-05,0.9976561
id13547,8.9209897e-07,3.5624132e-07,0.9999988
id06928,8.579232e-07,3.4528094e-07,0.9999988
id12521,0.99997073,4.3137882e-07,2.8857108e-05
id25716,0.9999971,8.8329614e-08,2.83508e-06
id27116,8.61281e-07,3.4528094e-07,0.9999988
id19941,3.9196145e-08,1.0,1.2000935e-08
id05711,8.5291106e-07,3.4125833e-07,0.9999988
id02097,8.6296484e-07,3.4528094e-07,0.9999988
id03563,4.0917058e-08,1.0,1.26260975e-08
id02295,3.9596795e-05,0.99995637,4.076793e-06
id08179,0.9999999,1.0715628e-08,9.8539076e-08
id05332,3.711016e-08,1.0,1.131796e-08
id15697,0.9993117,1.7660196e-06,0.0006865087
id17026,9.1147257e-07,3.661167e-07,0.99999875
id04243,0.9998233,0.00017554105,1.2480517e-06
id13175,0.99999994,1.0926976e-08,7.525799e-08
id05387,0.9999985,2.4148008e-08,1.4939843e-06
id19989,0.99978125,1.3760239e-06,0.0002173911
id25173,8.6296484e-07,3.4528094e-07,0.9999988
id08925,3.8138893e-08,1.0,1.167723e-08
id03034,4.441505e-08,1.0,1.4030515e-08
id13272,3.6250505e-08,1.0,1.0926976e-08
id07956,0.99997777,1.0087364e-07,2.2125669e-05
id02648,8.579232e-07,3.47989e-07,0.9999988
id01778,8.663425e-07,3.4393483e-07,0.9999988
id12846,8.61281e-07,3.4393483e-07,0.9999988
id19001,0.0013563654,2.686136e-05,0.99861676
id05763,0.9999893,1.1793459e-07,1.0595419e-05
id15590,8.6465207e-07,3.4393483e-07,0.9999988
id04912,0.9999338,4.1809122e-07,6.579463e-05
id21201,0.9998475,7.871555e-07,0.0001517735
id13215,0.99999976,2.3313833e-08,2.291102e-07
id15612,1.3896239e-07,0.9999998,5.2333707e-08
id18501,8.6973324e-07,3.4935098e-07,0.9999988
id07223,0.9999913,6.827582e-06,1.9033718e-06
id06707,8.680362e-07,3.4935098e-07,0.9999988
id05238,3.8288164e-08,1.0,1.1722934e-08
id00935,8.7484426e-07,3.4663233e-07,0.9999988
id00110,0.9999999,1.2189921e-08,1.2120513e-07
id17476,0.99999917,1.3363871e-07,7.36693e-07
id15170,0.9999997,1.8370857e-08,2.9998554e-07
id13397,0.000410839,0.999566,2.3177954e-05
id24283,0.9993517,3.3909566e-06,0.00064494106
id15234,0.99999857,1.2778726e-06,2.0779368e-07
id16884,0.0005759304,0.99556434,0.0038596455
id07831,0.999719,0.00022471635,5.626504e-05
id16038,0.99999976,5.703004e-08,1.6119917e-07
id03629,0.99999976,3.313564e-08,2.0537307e-07
id21019,0.99999905,4.8780343e-08,9.3126704e-07
id21835,0.0006918593,0.9992628,4.5366465e-05
id04480,3.8739493e-08,1.0,1.186112e-08
id20838,2.058315e-05,0.9999778,1.5841051e-06
id24195,0.006982904,7.534052e-06,0.99300957
id05448,0.9999999,2.1561773e-08,1.1430733e-07
id15957,3.8138893e-08,1.0,1.167723e-08
id19956,8.6296484e-07,3.4393483e-07,0.9999988
id15104,8.714336e-07,3.5071832e-07,0.9999988
id17559,0.9999989,1.2505248e-07,9.276363e-07
id16839,0.0026930855,0.9113311,0.08597585
id14493,0.99999905,5.930181e-08,8.7484443e-07
id08833,0.999987,5.6145154e-08,1.2880723e-05
id15723,5.6272097e-06,6.4506645e-07,0.9999937
id02716,0.9999999,1.6531985e-08,1.5381734e-07
id06689,2.160715e-07,0.9999997,8.6960426e-08
id18837,8.9384315e-07,3.5624132e-07,0.9999988
id04466,0.9999999,1.955568e-08,1.2801814e-07
id00686,0.99999064,8.7641666e-08,9.29581e-06
id09010,4.618434e-08,0.99999994,1.4761402e-08
id23353,0.99999976,2.4337432e-08,2.6165205e-07
id00066,0.99999964,2.5559086e-07,9.777222e-08
id15724,4.9355396e-08,0.99999994,1.5836674e-08
id23486,8.61281e-07,3.4528094e-07,0.9999988
id22258,1.065619e-06,4.398992e-07,0.9999985
id02292,0.9999987,2.4010518e-07,1.0802884e-06
id16356,8.851566e-07,3.52091e-07,0.9999988
id00235,0.9999999,1.5469816e-08,1.290222e-07
id25522,9.168289e-07,3.6185128e-07,0.99999875
id04204,3.8588464e-08,1.0,1.1814879e-08
id22016,0.004349518,1.2024192e-05,0.99563843
id06480,2.1570751e-05,0.9999684,1.0050943e-05
id08718,8.596005e-07,3.4528094e-07,0.9999988
id05251,8.461483e-08,0.99999994,2.9702598e-08
id03359,0.99999535,5.285493e-07,4.092909e-06
id16117,8.6296484e-07,3.4528094e-07,0.9999988
id17000,3.8588464e-08,1.0,1.186112e-08
id01730,5.441845e-08,0.99999994,1.7598207e-08
id00630,0.9999995,8.297819e-08,4.2636538e-07
id18175,0.0005792848,1.1929111e-05,0.99940884
id00907,0.99999976,4.821207e-08,1.8266259e-07
id18251,3.7694562e-08,1.0,1.14961916e-08
id25861,0.99999875,8.042517e-08,1.2051488e-06
id00398,0.99999946,2.7256624e-08,5.5826166e-07
id27573,0.9999944,5.792782e-08,5.5076057e-06
id10022,5.378446e-08,0.99999994,1.7325373e-08
id15901,8.7655457e-07,3.4528094e-07,0.9999988
id00451,9.043794e-07,3.5903534e-07,0.99999875
id23129,3.6677815e-08,1.0,1.1055779e-08
id26498,3.9658172e-08,1.0,1.2237633e-08
id14741,3.8821e-07,0.9999994,1.378809e-07
id18453,8.6465207e-07,3.4528094e-07,0.9999988
id08309,0.99999905,3.9278598e-07,5.6263997e-07
id00320,0.99999994,1.1722933e-08,7.265817e-08
id07688,0.99987763,4.4156755e-07,0.00012195712
id01556,8.61281e-07,3.4528094e-07,0.9999988
id00178,0.0029320929,8.8256155e-07,0.99706703
id18902,8.545785e-07,3.4125833e-07,0.9999988
id27002,0.9999991,4.7194322e-07,4.3307944e-07
id21418,0.9999995,2.0980174e-08,5.142948e-07
id23018,3.269917e-05,3.138044e-06,0.9999641
id07032,0.99905884,2.1213846e-06,0.0009390253
id16195,0.9999987,2.8676473e-08,1.333978e-06
id11202,3.8739493e-08,1.0,1.1907543e-08
id09578,0.9999971,1.9068192e-07,2.737141e-06
id26984,0.9999931,6.5012534e-07,6.216595e-06
id19856,3.9196145e-08,1.0,1.2000935e-08
id12086,9.2221666e-07,3.6898814e-07,0.9999987
id12052,8.6465207e-07,3.5346903e-07,0.9999988
id17728,8.5291106e-07,3.4125833e-07,0.9999988
id24608,0.99999595,5.3574556e-08,4.0373343e-06
id21097,0.99964947,8.056627e-07,0.00034972676
id20179,8.61281e-07,3.4393483e-07,0.9999988
id15144,9.8765384e-05,0.9998929,8.364505e-06
id00206,0.9999997,2.368097e-08,2.9881602e-07
id22285,8.579232e-07,3.4528094e-07,0.9999988
id06417,3.711016e-08,1.0,1.1273835e-08
id00215,3.5688494e-08,1.0,1.0715629e-08
id04201,0.0004964961,1.6498652e-05,0.99948704
id21771,0.99999976,3.137219e-08,2.0698383e-07
id12451,3.473961e-05,0.99994797,1.7298415e-05
id14250,4.075754e-08,1.0,1.2725124e-08
id03433,5.2333714e-08,0.99999994,1.672686e-08
id03303,9.0085354e-07,3.6185128e-07,0.99999875
id25901,0.00013498959,0.9998433,2.1694801e-05
id06945,0.9999093,2.3544007e-07,9.045685e-05
id05664,0.99999917,6.0127127e-07,2.964904e-07
id05741,1.0,1.26260975e-08,5.212969e-08
id10652,0.9999908,2.318088e-07,8.922251e-06
id16300,0.99999964,1.8660154e-08,4.0843304e-07
id12319,0.9999782,2.078515e-05,9.835935e-07
id07500,4.044036e-08,1.0,1.2478998e-08
id12478,8.766755e-06,0.99998736,3.8599496e-06
id03076,8.7655457e-07,3.4663233e-07,0.9999988
id00969,1.362746e-07,0.9999998,5.2333707e-08
id23636,4.546832e-08,0.99999994,1.4419455e-08
id09791,8.579232e-07,3.47989e-07,0.9999988
id05680,3.9813393e-08,1.0,1.2285529e-08
id03672,4.2051322e-08,1.0,1.3077878e-08
id04286,5.8154864e-08,0.99999994,1.9403497e-08
id23883,8.714336e-07,3.47989e-07,0.9999988
id11914,8.955906e-07,3.5624132e-07,0.99999875
id20974,3.5688494e-08,1.0,1.0715629e-08
id26125,9.258261e-07,3.675496e-07,0.9999987
id15543,0.9999244,2.8178914e-07,7.5286014e-05
id19471,0.9999999,1.8442762e-08,1.2311384e-07
id11503,0.9999969,1.2026156e-07,3.0179265e-06
id09321,3.7255408e-08,1.0,1.131796e-08
id25560,8.5291106e-07,3.4125833e-07,0.9999988
id06726,0.9997888,0.00018850555,2.2646082e-05
id05709,0.9999998,1.6212226e-08,2.006156e-07
id09788,0.00069086376,0.0014841404,0.997825
id05289,0.99999976,1.4195899e-08,2.5360188e-07
id11815,3.5688494e-08,1.0,1.0757569e-08
id22422,0.999999,5.976692e-08,9.645893e-07
id25954,0.99999523,4.8400544e-08,4.720119e-06
id13601,0.99999857,9.797789e-07,5.1832797e-07
id05677,0.999946,2.1946234e-07,5.3805645e-05
id10498,3.8288164e-08,1.0,1.1722934e-08
id02665,0.99999833,1.4536864e-06,2.6473595e-07
id10114,4.2051322e-08,1.0,1.3129063e-08
id26314,0.9999999,2.2073097e-08,1.3734342e-07
id21240,0.023152595,3.5218833e-05,0.9768122
id15569,0.9999999,1.3440408e-08,1.09072815e-07
id25928,0.0007187183,1.7490347e-05,0.9992638
id22706,4.691164e-08,0.99999994,1.4761402e-08
id20877,1.4620132e-07,0.9999998,5.7928133e-08
id04318,0.99999964,3.236805e-08,3.3728278e-07
id18299,1.9640498e-05,0.9999738,6.5148097e-06
id08126,9.3126675e-07,3.6611667e-07,0.9999987
id14293,8.61281e-07,3.4528094e-07,0.9999988
id12759,0.9999999,2.2420696e-08,1.1886082e-07
id11983,0.0008617633,3.6229949e-06,0.9991346
id05580,0.01178862,5.0440194e-05,0.98816097
id25846,2.1189227e-07,0.99999964,8.395633e-08
id01939,0.99424183,4.2149677e-06,0.0057539167
id26327,0.0003154243,0.9989555,0.00072909886
id11068,8.6465207e-07,3.4393483e-07,0.9999988
id08404,0.99999976,2.0574385e-08,2.6890532e-07
id27189,4.5033153e-07,0.9999994,1.682766e-07
id15119,7.9488274e-08,0.99999994,2.757793e-08
id26525,0.99999976,2.7470408e-08,2.6267614e-07
id03618,0.9999995,5.192643e-08,3.8219142e-07
id27220,0.99999964,1.8227892e-08,4.1163642e-07
id18777,2.4205472e-05,1.4536515e-06,0.99997437
id20213,0.99998915,1.00874786e-07,1.0699395e-05
id20403,0.9999999,1.4140555e-08,1.3734342e-07
id03777,8.6973324e-07,3.5071832e-07,0.9999988
id10595,0.45894176,0.5407655,0.00029273177
id13816,0.99987483,3.5759126e-07,0.0001248489
id05667,8.61281e-07,3.4528094e-07,0.9999988
id24629,0.9999994,4.5114454e-08,5.023811e-07
id20398,9.0791906e-07,3.6754963e-07,0.99999875
id14108,8.6296484e-07,3.4393483e-07,0.9999988
id06196,3.5828176e-08,1.0,1.0757569e-08
id02800,0.99994886,2.8847862e-07,5.0842908e-05
id18732,3.6250505e-08,1.0,1.09697424e-08
id11915,1.02865464e-07,0.9999999,3.5968398e-08
id09739,0.99999976,2.4914579e-08,2.5360188e-07
id24672,0.9999998,1.9177437e-08,1.8626528e-07
id00414,8.851566e-07,3.5071832e-07,0.9999988
id16307,0.9999999,1.837086e-08,1.4337351e-07
id14043,1.7130831e-05,4.1898993e-06,0.99997866
id00517,8.5291106e-07,3.4125833e-07,0.9999988
id09744,0.99999994,1.6924032e-08,8.561225e-08
id19257,0.9999999,2.7044523e-08,1.0407802e-07
id15437,0.00033600023,0.9996483,1.5745665e-05
id16352,2.0422976e-05,1.529382e-06,0.99997807
id18849,8.680362e-07,3.5071832e-07,0.9999988
id19434,3.5688494e-08,1.0,1.0715629e-08
id17928,8.7313725e-07,3.4935098e-07,0.9999988
id16896,8.817058e-07,3.5346903e-07,0.9999988
id02135,1.7778426e-05,0.9999751,7.127234e-06
id15075,0.9999999,1.659669e-08,1.0206495e-07
id27486,3.4725858e-08,1.0,1.0385944e-08
id19422,0.9998692,0.00012631986,4.477091e-06
id09603,1.9640542e-05,0.99997604,4.2725264e-06
id02133,3.711016e-08,1.0,1.1273835e-08
id03441,0.9998865,2.4673344e-07,0.00011323435
id02398,3.9658172e-08,1.0,1.2237633e-08
id05152,8.61281e-07,3.4528094e-07,0.9999988
id17838,9.4778136e-07,3.7333766e-07,0.9999987
id25060,0.9999999,2.1227489e-08,1.1520386e-07
id09998,8.714336e-07,3.4935098e-07,0.9999988
id01828,8.04484e-06,0.99998903,2.9022888e-06
id25377,6.761821e-05,3.150216e-06,0.9999292
id22175,4.321703e-08,1.0,1.3388011e-08
id02974,8.5291106e-07,3.4259398e-07,0.9999988
id26955,0.99999994,2.0654916e-08,7.825592e-08
id21091,0.99999976,1.7667082e-08,2.7420901e-07
id12802,0.99999917,5.1926413e-08,7.541631e-07
id07432,4.8971305e-08,0.99999994,1.5713432e-08
id18749,0.0002994378,0.9996774,2.309016e-05
id15030,8.596005e-07,3.4528094e-07,0.9999988
id17155,3.5688494e-08,1.0,1.0715629e-08
id08128,4.2051322e-08,1.0,1.3180449e-08
id25706,5.6365625e-08,0.99999994,1.8806514e-08
id15645,0.9999999,2.6625235e-08,1.4337351e-07
id04943,4.5220455e-05,0.99994516,9.553065e-06
id27566,8.6296484e-07,3.4528094e-07,0.9999988
id11765,8.6973324e-07,3.4935098e-07,0.9999988
id13783,0.9999866,1.0931724e-05,2.5314148e-06
id00492,8.7313725e-07,3.47989e-07,0.9999988
id27636,0.9819117,2.6771606e-06,0.018085614
id04273,0.9999918,1.4908366e-07,8.076348e-06
id02537,0.00035348334,5.495465e-05,0.9995915
id24349,0.9999999,2.4242551e-08,1.3416185e-07
id00023,3.7547604e-08,1.0,1.1451373e-08
id23025,3.4736086e-06,0.99999595,6.059852e-07
id08722,0.99999976,5.549175e-08,1.6183009e-07
id02420,0.99999994,1.3026892e-08,6.906062e-08
id10811,0.99999964,2.2596538e-08,3.8518905e-07
id04019,8.7313725e-07,3.4935098e-07,0.9999988
id18334,0.9999994,3.8588443e-08,5.8964184e-07
id16781,0.9999993,9.077841e-08,6.2035775e-07
id08773,0.99769884,4.9837145e-06,0.0022961474
id19214,0.999363,2.009098e-06,0.00063494936
id09589,3.6677815e-08,1.0,1.1099051e-08
id24246,0.9999974,3.625041e-08,2.54135e-06
id23577,0.9866116,0.013094522,0.0002937976
id09305,0.9999968,8.5792146e-07,2.3687971e-06
id16460,4.486876e-05,5.193936e-06,0.99994993
id21115,0.999997,7.4091e-08,2.9480166e-06
id25996,0.9775625,1.9272588e-06,0.022435583
id02551,8.596005e-07,3.4528094e-07,0.9999988
id19352,8.61281e-07,3.4393483e-07,0.9999988
id03806,0.02373468,3.5742738e-07,0.976265
id26544,0.9999995,2.7577919e-08,5.142948e-07
id18761,0.99999994,1.5530365e-08,8.832987e-08
id24148,3.7842096e-08,1.0,1.1451373e-08
id16095,1.1656184e-07,0.9999999,4.0440355e-08
id18442,0.99996746,1.2901802e-07,3.2444812e-05
id22596,8.596005e-07,3.4528094e-07,0.9999988
id23002,8.680362e-07,3.5071832e-07,0.9999988
id04797,0.9999999,1.8227897e-08,1.0367225e-07
id06610,9.168289e-07,3.6326753e-07,0.99999875
id16173,0.99990416,6.120586e-05,3.4670302e-05
id18292,8.9384315e-07,3.5485246e-07,0.9999988
id27328,0.9999999,2.4242551e-08,1.6246348e-07
id01695,3.711016e-08,1.0,1.1273835e-08
id05761,9.74055e-07,3.8070107e-07,0.9999987
id16354,0.9999999,1.7257827e-08,1.5994472e-07
id12207,4.3726455e-08,1.0,1.37591405e-08
id05665,8.834295e-07,3.5071832e-07,0.9999988
id01911,0.99999905,5.8610926e-08,8.9559086e-07
id19153,8.6296484e-07,3.4528094e-07,0.9999988
id10295,0.9999988,1.3259869e-07,1.0511495e-06
id23038,0.9999983,8.3804906e-07,9.06147e-07
id23783,3.6250505e-08,1.0,1.0926976e-08
id27879,0.99999964,4.172406e-08,3.1438213e-07
id19190,3.6250505e-08,1.0,1.09697424e-08
id05065,0.99999815,9.007186e-08,1.7330515e-06
id21296,3.089848e-05,0.9999622,6.9348994e-06
id13262,0.00011104291,1.4117521e-05,0.99987483
id10333,0.9999075,2.372862e-07,9.2240785e-05
id16677,0.000116820585,0.99981624,6.6953515e-05
id01392,7.4046424e-05,2.049874e-06,0.99992394
id27874,0.9999983,8.90225e-08,1.6536895e-06
id02294,6.8523185e-08,0.99999994,2.3132406e-08
id18298,8.596005e-07,3.4663233e-07,0.9999988
id06997,0.9999999,1.2976103e-08,1.1979306e-07
id05243,4.9374554e-05,0.9999402,1.0451032e-05
id00860,8.613598e-05,0.9997917,0.00012218503
id26681,0.99999994,1.4307241e-08,8.527848e-08
id06020,8.6296484e-07,3.4393483e-07,0.9999988
id27683,0.9999988,3.9503515e-08,1.0973007e-06
id17655,3.9349555e-08,1.0,1.209506e-08
id08817,8.817058e-07,3.52091e-07,0.9999988
id11512,8.7313725e-07,3.47989e-07,0.9999988
id00478,0.00032788984,4.407275e-05,0.99962807
id02116,0.9999996,2.3313829e-08,4.3139127e-07
id06746,0.9999978,1.6601612e-06,5.5826075e-07
id03863,0.9999987,3.3728244e-07,1.0108805e-06
id01802,5.749733e-05,0.99989986,4.2561805e-05
id11682,0.99998116,5.1028314e-07,1.8307092e-05
id04033,3.2251369e-06,0.99999607,7.424687e-07
id09286,1.4255689e-06,0.99999785,7.16821e-07
id12904,0.9999999,1.8733193e-08,9.113375e-08
id07420,8.5291106e-07,3.4125833e-07,0.9999988
id22398,3.8588464e-08,1.0,1.1814879e-08
id00424,8.6296484e-07,3.4393483e-07,0.9999988
id20960,0.9999983,6.239096e-08,1.6536895e-06
id10267,3.711016e-08,1.0,1.1362257e-08
id19330,0.010062023,6.785349e-06,0.9899312
id00994,3.682137e-08,1.0,1.11424905e-08
id10785,0.99997187,2.0066991e-05,8.076187e-06
id00955,4.075754e-08,1.0,1.2675514e-08
id09757,3.4725858e-08,1.0,1.0426593e-08
id10030,1.0866364e-06,4.6644462e-07,0.99999845
id22952,8.782683e-07,3.5346903e-07,0.9999988
id21955,8.596005e-07,3.4528094e-07,0.9999988
id07674,0.99999785,7.4829325e-07,1.3979959e-06
id13760,4.1561407e-08,1.0,1.2875124e-08
id18166,0.99999976,1.6596688e-08,2.5961586e-07
id23498,0.99999964,2.8453337e-08,4.0053322e-07
id05296,0.9999998,2.1730884e-08,1.805345e-07
id26709,0.9999942,7.438078e-08,5.704675e-06
id02853,0.9999999,3.1494984e-08,1.1475472e-07
id06800,0.9998834,2.4341869e-06,0.00011412211
id14758,0.00018054796,0.9996265,0.00019294451
id12356,0.99999994,1.5170603e-08,6.387062e-08
id21492,0.99999946,1.08223965e-07,4.1811867e-07
id27540,8.834295e-07,3.52091e-07,0.9999988
id07376,6.5664615e-05,0.99990904,2.526657e-05
id15201,7.296896e-05,0.99991417,1.2904967e-05
id23388,5.09221e-08,0.99999994,1.6339383e-08
id13923,3.7255408e-08,1.0,1.131796e-08
id00794,3.7694562e-08,1.0,1.14961916e-08
id23910,8.61281e-07,3.4528094e-07,0.9999988
id02556,9.496344e-07,3.8669626e-07,0.9999987
id22151,3.6109178e-08,1.0,1.0884375e-08
id11698,5.896417e-07,0.99999917,2.5759536e-07
id11627,0.0033781317,3.678384e-05,0.9965851
id06340,0.99999976,2.4148038e-08,2.5759553e-07
id05123,0.0014599417,0.00055305014,0.99798703
id26620,8.6465207e-07,3.4393483e-07,0.9999988
id04002,8.6296484e-07,3.4528094e-07,0.9999988
id26554,0.9999904,4.181149e-07,9.169581e-06
id18012,9.4778136e-07,3.646893e-07,0.9999987
id12964,9.026148e-07,3.6185128e-07,0.99999875
id18965,9.276361e-07,3.8669626e-07,0.9999987
id19082,8.9384315e-07,3.5624132e-07,0.9999988
id26742,9.0791906e-07,3.5763557e-07,0.99999875
id15442,4.075754e-08,1.0,1.2576872e-08
id16647,1.5000338e-05,9.240061e-07,0.9999841
id11544,8.9209897e-07,3.5624132e-07,0.9999988
id20581,9.952082e-07,4.1163597e-07,0.99999857
id13192,0.9999851,1.2952526e-07,1.4825594e-05
id15814,2.042298e-05,1.2679023e-06,0.9999783
id26279,3.9813393e-08,1.0,1.2285529e-08
id00240,0.9999937,4.6644237e-07,5.8857577e-06
id22836,0.9999999,1.5229979e-08,1.6437855e-07
id15085,8.7642476e-08,0.9999999,2.981885e-08
id17495,0.96661377,2.2542206e-06,0.033383988
id26762,3.5529283e-05,5.326781e-07,0.9999639
id13685,0.9999999,1.4251462e-08,9.625642e-08
id16560,6.641495e-08,0.99999994,2.1987043e-08
id17184,3.711016e-08,1.0,1.1273835e-08
id21635,0.99999994,1.1586358e-08,6.772486e-08
id26751,3.059022e-07,0.9999996,1.12096394e-07
id12351,0.9999999,1.5229979e-08,1.3468696e-07
id14872,0.99996847,7.08449e-07,3.083839e-05
id18372,0.9999995,2.0334683e-08,5.142948e-07
id26851,0.0007421738,0.00010650343,0.99915135
id22659,0.9999967,3.1627594e-06,1.1979269e-07
id04102,8.5291106e-07,3.4259398e-07,0.9999988
id02353,4.321703e-08,1.0,1.3598841e-08
id26721,0.9999999,1.1317958e-08,1.3259883e-07
id11171,0.9999987,3.9196095e-08,1.3030765e-06
id13562,0.99999964,4.3555968e-08,2.7101436e-07
id26425,0.9999911,1.235946e-07,8.783928e-06
id26394,0.99998796,9.368692e-06,2.7052272e-06
id22187,0.19694461,0.801306,0.0017494294
id00422,0.99999994,1.1273834e-08,7.409122e-08
id22667,3.8288164e-08,1.0,1.167723e-08
id00911,0.9999996,2.935654e-08,4.468271e-07
id17291,9.026148e-07,3.5903534e-07,0.99999875
id01915,8.955906e-07,3.5624132e-07,0.99999875
id01434,8.579232e-07,3.47989e-07,0.9999988
id01584,0.99998546,1.0489279e-07,1.4482163e-05
id09266,0.9999979,1.3363855e-07,1.9869528e-06
id17494,3.9813393e-08,1.0,1.2333613e-08
id24919,0.99960285,2.8229138e-06,0.00039434363
id21043,8.6465207e-07,3.4393483e-07,0.9999988
id17796,3.7255408e-08,1.0,1.131796e-08
id02166,0.97997534,1.2280641e-06,0.020023417
id17503,0.9999999,2.114473e-08,1.4337351e-07
id21203,0.9999949,2.0537206e-07,4.975709e-06
id25626,0.99999994,1.2285528e-08,6.070817e-08
id09836,0.9999999,2.3960117e-08,1.4170317e-07
id24202,8.714336e-07,3.5071832e-07,0.9999988
id27260,8.596005e-07,3.4528094e-07,0.9999988
id23167,8.5291106e-07,3.4259398e-07,0.9999988
id10393,3.5688494e-08,1.0,1.0799672e-08
id01171,0.9999997,9.9700614e-08,2.0298037e-07
id06380,0.99999976,2.0176438e-08,2.5459443e-07
id22686,8.61281e-07,3.4528094e-07,0.9999988
id26250,8.834295e-07,3.5346903e-07,0.9999988
id09315,1.1433964e-05,0.9999839,4.6924893e-06
id00886,4.3555982e-08,1.0,1.37591405e-08
id03101,0.9999997,1.6990267e-08,3.1561262e-07
id12367,0.9998449,6.525732e-07,0.0001544646
id10770,0.99999875,8.395626e-08,1.1957703e-06
id14949,4.424189e-08,1.0,1.3921328e-08
id14141,0.9999995,3.2494725e-08,4.4162138e-07
id25417,3.294696e-07,0.9999995,1.3259879e-07
id26873,0.9999993,3.4054175e-08,6.707667e-07
id10818,8.6973324e-07,3.4935098e-07,0.9999988
id15146,0.9999988,9.9311826e-08,1.0887613e-06
id23328,0.9999999,1.499386e-08,1.0613077e-07
id16765,3.2058279e-07,0.9999996,1.2851916e-07
id24383,0.9999994,5.1522328e-08,5.32697e-07
id21304,0.9999999,1.5960879e-08,1.0407802e-07
id12551,3.711016e-08,1.0,1.1229883e-08
id23274,8.7484426e-07,3.47989e-07,0.9999988
id08117,0.9999999,2.1730886e-08,1.5202531e-07
id23961,0.9999999,1.3232033e-08,1.7026028e-07
id13865,3.6250505e-08,1.0,1.09697424e-08
id22807,8.903583e-07,3.5624132e-07,0.9999988
id08951,8.680362e-07,3.5071832e-07,0.9999988
id18684,0.99999976,2.3496685e-08,2.4579936e-07
id25179,0.99939823,0.00054577854,5.6027697e-05
id27033,0.9999945,5.8840058e-08,5.380023e-06
id13977,3.9813393e-08,1.0,1.2333613e-08
id19337,3.8288164e-08,1.0,1.167723e-08
id25764,4.1399378e-08,1.0,1.2875124e-08
id16106,8.714336e-07,3.47989e-07,0.9999988
id05468,0.80471176,1.6146186e-06,0.19528665
id05241,0.9999995,1.8660153e-08,5.004226e-07
id10215,0.99991655,4.2633e-07,8.3008475e-05
id23457,8.6296484e-07,3.4528094e-07,0.9999988
id02200,0.9999999,1.1631704e-08,1.0822401e-07
id13714,4.02827e-08,1.0,1.2430347e-08
id20332,8.6296484e-07,3.4528094e-07,0.9999988
id18573,8.61281e-07,3.4528094e-07,0.9999988
id08569,0.9999999,1.10557785e-08,1.4850363e-07
id22767,1.4563132e-07,0.9999998,5.3784454e-08
id25390,4.0917058e-08,1.0,1.2725124e-08
id09288,0.9999999,1.6726858e-08,1.0654615e-07
id12381,0.9999995,1.9102666e-08,5.2443835e-07
id02895,8.6465207e-07,3.4393483e-07,0.9999988
id25270,8.7655457e-07,3.4663233e-07,0.9999988
id14248,0.9999958,2.3916843e-07,3.9825113e-06
id12831,0.99999994,1.3440409e-08,8.105605e-08
id18305,0.99999976,2.4337432e-08,2.3362898e-07
id07805,0.99999994,2.0097785e-08,7.069834e-08
id14027,8.61281e-07,3.4663233e-07,0.9999988
id02760,0.97866315,3.7336274e-06,0.021333097
id24362,0.9999998,2.0898387e-08,1.8124109e-07
id17065,3.527271e-08,1.0,1.0590788e-08
id26583,0.00012460383,0.99986315,1.2217553e-05
id19664,0.99999994,1.4819176e-08,8.2654736e-08
id25145,0.9999981,4.1003096e-07,1.5353984e-06
id17858,3.7842096e-08,1.0,1.14961916e-08
id05148,0.002020717,0.022294303,0.975685
id22928,0.9999989,3.3205345e-07,7.2811e-07
id21549,9.385708e-07,3.507183e-07,0.9999987
id12649,1.1102348e-06,0.99999845,4.347742e-07
id21597,0.99999976,5.9070658e-08,2.2644099e-07
id27945,0.99999917,2.8901399e-08,8.347825e-07
id00243,0.9999999,1.5111457e-08,1.1979306e-07
id02745,0.9999939,3.1006515e-08,5.990134e-06
id23550,8.7484426e-07,3.47989e-07,0.9999988
id13023,8.5291106e-07,3.4259398e-07,0.9999988
id24796,9.2041734e-07,3.6044057e-07,0.99999875
id12284,5.132149e-08,0.99999994,1.6792328e-08
id02664,3.5688494e-08,1.0,1.0715629e-08
id23767,0.9999722,1.2025859e-07,2.7643457e-05
id05859,0.00023458962,0.999749,1.637455e-05
id14350,8.61281e-07,3.4663233e-07,0.9999988
id01191,5.09221e-08,0.99999994,1.6212228e-08
id17034,9.932663e-07,4.1163597e-07,0.99999857
id25292,0.9999993,4.1163625e-07,2.896223e-07
id22121,0.9999999,1.5530363e-08,9.7772244e-08
id20872,0.99999976,3.0288422e-08,1.8699428e-07
id17720,3.9658172e-08,1.0,1.2189923e-08
id22658,6.8523185e-08,0.99999994,2.3132406e-08
id09567,0.9999999,1.7529597e-08,1.5025415e-07
id16445,0.9999995,3.8739476e-08,3.85189e-07
id08349,2.2821696e-07,0.9999997,8.798549e-08
id27437,4.0063645e-05,1.1188981e-06,0.9999589
id03812,1.0,1.7393184e-08,5.3574773e-08
id22304,0.0014408514,6.3430365e-05,0.9984957
id04449,4.8212076e-08,0.99999994,1.534943e-08
id15605,8.990958e-07,3.6326753e-07,0.99999875
id01768,0.9999995,2.8788731e-08,5.2855154e-07
id20019,3.711016e-08,1.0,1.1273835e-08
id09593,4.02827e-08,1.0,1.2478998e-08
id23179,9.061475e-07,3.5903534e-07,0.99999875
id21279,0.9999999,1.7805649e-08,1.5870002e-07
id06711,8.5291106e-07,3.4125833e-07,0.9999988
id14243,3.6677815e-08,1.0,1.1055779e-08
id04839,8.596005e-07,3.4528094e-07,0.9999988
id17220,3.9349555e-08,1.0,1.209506e-08
id24177,0.99867946,1.961215e-06,0.0013185743
id20512,8.955906e-07,3.5485246e-07,0.99999875
id14036,3.711016e-08,1.0,1.1273835e-08
id25001,8.7484426e-07,3.4663233e-07,0.9999988
id06175,3.7255408e-08,1.0,1.1273835e-08
id24720,1.2120513e-07,0.9999999,4.188738e-08
id08070,0.9999999,2.3405082e-08,1.0166704e-07
id18934,0.99999857,3.8588407e-08,1.420012e-06
id01338,0.99989736,3.6751237e-07,0.00010229982
id19008,3.8288164e-08,1.0,1.167723e-08
id19632,0.0023622906,0.05939684,0.9382409
id26224,8.6296484e-07,3.4528094e-07,0.9999988
id08219,0.9999979,6.798979e-08,2.0261423e-06
id24008,8.596005e-07,3.4393483e-07,0.9999988
id12475,0.99874854,0.00066112686,0.00059031986
id05766,0.00043975614,0.00033454882,0.9992257
id27386,3.6109178e-08,1.0,1.0884375e-08
id12476,3.8891116e-08,1.0,1.1907543e-08
id08311,0.9999998,2.8453343e-08,1.8553912e-07
id04996,4.812516e-07,0.99999934,1.8053441e-07
id17350,5.3280615e-05,0.9999057,4.1011554e-05
id05546,2.4104514e-07,0.99999964,9.550733e-08
id16504,3.8288164e-08,1.0,1.167723e-08
id05782,8.596005e-07,3.4528094e-07,0.9999988
id20560,0.9993904,1.9171475e-06,0.0006076672
id14171,8.88621e-07,3.576356e-07,0.9999988
id27461,9.3126675e-07,3.7333766e-07,0.9999987
id03581,9.5335116e-07,3.8368697e-07,0.9999987
id21847,8.6296484e-07,3.4528094e-07,0.9999988
id11712,0.9999985,1.3156676e-07,1.3763229e-06
id26738,3.2314401e-06,1.2434003e-06,0.99999547
id13668,0.99999994,1.1541186e-08,8.73008e-08
id15114,0.9999999,1.1631704e-08,1.0448536e-07
id20130,0.003744799,1.73694e-05,0.9962379
id18331,0.9999988,3.0525953e-08,1.1499611e-06
id24465,0.9999999,1.3388009e-08,1.0326807e-07
id13539,0.9999982,5.5275322e-08,1.7880647e-06
id27564,8.630854e-06,0.99998915,2.242715e-06
id26043,8.61281e-07,3.4393483e-07,0.9999988
id04965,8.5624924e-07,3.4935098e-07,0.9999988
id08645,8.817058e-07,3.5346903e-07,0.9999988
id26610,0.99996614,3.562297e-07,3.3474673e-05
id21737,0.00031136337,0.99966884,1.9749894e-05
id25784,3.9813393e-08,1.0,1.2285529e-08
id23030,0.99999964,3.0170337e-08,3.119356e-07
id16450,3.6109178e-08,1.0,1.0884375e-08
id02161,0.9999362,2.3361414e-07,6.3521875e-05
id25535,0.9999655,1.0695948e-07,3.440261e-05
id16566,0.9999998,1.9786192e-08,1.9673536e-07
id05714,0.9999999,1.7325371e-08,1.207326e-07
id16524,0.99830276,1.137024e-05,0.0016858461
id23941,3.9196145e-08,1.0,1.2047906e-08
id00831,8.61281e-07,3.4393483e-07,0.9999988
id18145,0.00014796408,3.3666416e-05,0.9998184
id17227,0.99999994,1.4251463e-08,7.409122e-08
id09417,0.9977952,0.0021635685,4.1245967e-05
id21307,0.99991757,5.410415e-07,8.188141e-05
id05650,3.9349555e-08,1.0,1.209506e-08
id23901,0.9999997,7.181165e-08,2.110662e-07
id05831,0.99999994,1.0799672e-08,6.58981e-08
id16708,3.8138893e-08,1.0,1.1631705e-08
id02281,9.3308745e-07,3.7479887e-07,0.9999987
id11599,1.16807e-06,4.664446e-07,0.9999984
id18353,9.27719e-05,0.99978954,0.00011773367
id07413,0.99998915,1.0451543e-05,4.416168e-07
id15653,3.9813393e-08,1.0,1.2285529e-08
id09715,8.596005e-07,3.4528094e-07,0.9999988
id05108,3.8288164e-08,1.0,1.1631705e-08
id09537,0.9998591,1.1187865e-06,0.00013982193
id27596,0.99999964,3.287777e-08,3.1071946e-07
id24255,8.6296484e-07,3.4528094e-07,0.9999988
id05080,8.5291106e-07,3.4125833e-07,0.9999988
id09484,0.9999999,1.7805649e-08,1.4908487e-07
id14864,8.61281e-07,3.4663233e-07,0.9999988
id26836,0.9999995,1.16107365e-07,3.307591e-07
id07003,0.99999964,3.249473e-08,3.2563122e-07
id13750,3.5135194e-08,1.0,1.0549498e-08
id21799,9.4224424e-07,3.8972917e-07,0.9999987
id11285,0.9999999,1.3867052e-08,1.07381794e-07
id04735,0.99966216,2.5011113e-06,0.0003353493
id23049,8.596005e-07,3.4528094e-07,0.9999988
id05826,0.004210533,0.9956637,0.00012578855
id17916,4.1399378e-08,1.0,1.282493e-08
id14081,8.868871e-07,3.52091e-07,0.9999988
id10527,8.6296484e-07,3.4393483e-07,0.9999988
id16059,1.3287766e-06,0.9999982,5.004219e-07
id25542,0.99999994,1.2774928e-08,6.412061e-08
id05402,8.5624924e-07,3.47989e-07,0.9999988
id01927,0.9999877,3.2631262e-06,8.974655e-06
id27656,0.99998045,1.5684806e-07,1.9373934e-05
id06708,1.3391984e-06,0.9999982,4.907429e-07
id03524,1.784799e-05,0.99997395,8.203388e-06
id12297,0.0007263312,0.00021512284,0.99905854
id03439,0.9999993,3.873947e-08,6.107401e-07
id04587,3.7255408e-08,1.0,1.1273835e-08
id25470,4.02827e-08,1.0,1.2430347e-08
id01212,3.9658172e-08,1.0,1.2285529e-08
id13932,0.9999988,1.147546e-07,1.0593939e-06
id00124,8.990958e-07,3.5346903e-07,0.99999875
id01592,0.9999999,1.5836672e-08,1.0654615e-07
id13461,0.0007671691,0.999072,0.00016080737
id24681,0.005298603,0.5310547,0.46364668
id23245,8.782683e-07,3.47989e-07,0.9999988
id14073,0.999993,6.87909e-08,6.921581e-06
id05172,0.9999951,6.118402e-08,4.8038223e-06
id21979,0.002909316,9.637989e-06,0.99708104
id00328,0.9999999,3.6109174e-08,1.0949972e-07
id26102,0.9999999,1.888012e-08,1.2456508e-07
id14867,9.89394e-07,3.7188215e-07,0.9999987
id27544,6.263526e-08,0.99999994,2.0494177e-08
id16228,0.9999999,1.499386e-08,9.366007e-08
id16342,8.2654736e-08,0.99999994,2.757793e-08
id24933,0.9999999,1.5111457e-08,1.3003414e-07
id04601,0.9999988,5.5275354e-08,1.141012e-06
id01599,3.8138893e-08,1.0,1.167723e-08
id06238,0.99999976,3.3395523e-08,1.2407942e-07
id06826,0.0012918835,0.0038643922,0.9948437
id23307,0.9999999,1.3335814e-08,1.7429787e-07
id13575,0.9999953,4.0137447e-06,7.1681916e-07
id24174,0.9999992,2.1310559e-08,7.781029e-07
id19534,0.00032179244,0.00026625476,0.99941194
id19602,8.6465207e-07,3.4393483e-07,0.9999988
id26962,4.618434e-08,0.99999994,1.4761402e-08
id04448,3.7255408e-08,1.0,1.131796e-08
id09786,5.1522356e-08,0.99999994,1.6661648e-08
id25240,3.0297354e-06,0.99999595,1.03485e-06
id14893,0.9999997,2.0414273e-08,2.9998554e-07
id24221,0.99999994,1.1814878e-08,8.461483e-08
id04696,0.99999,2.410428e-07,9.799167e-06
id15153,1.4536859e-06,0.9999979,6.400492e-07
id13882,3.527271e-08,1.0,1.0590788e-08
id17836,4.5646278e-08,0.99999994,1.4475891e-08
id00574,4.6546567e-08,0.99999994,1.4646527e-08
id02078,5.838248e-08,0.99999994,1.917744e-08
id21206,1.6566776e-07,0.99999976,5.976696e-08
id20084,0.9999999,1.5591146e-08,1.5563047e-07
id26598,8.6465207e-07,3.4393483e-07,0.9999988
id06838,9.4224424e-07,3.5763554e-07,0.9999987
id08786,8.714336e-07,3.4935098e-07,0.9999988
id09550,8.817058e-07,3.52091e-07,0.9999988
id10206,0.9999998,2.7685862e-08,2.0779395e-07
id21113,0.99999976,1.7667082e-08,2.8736855e-07
id21151,3.2255073e-05,0.99996156,6.192164e-06
id02692,0.99999994,1.19075425e-08,7.23749e-08
id26446,0.0013457725,6.544997e-05,0.9985888
id07377,1.8846092e-07,0.99999976,6.513035e-08
id15998,0.9994981,1.0262856e-06,0.00050088455
id19637,0.9999999,1.0715628e-08,1.0822401e-07
id19735,3.7990205e-08,1.0,1.167723e-08
id13739,0.99999595,1.03671844e-07,3.95152e-06
id25175,0.99999934,2.693907e-08,6.681517e-07
id00563,9.114725e-07,3.7333766e-07,0.9999987
id09982,0.99999976,2.693908e-08,2.3181087e-07
id15459,3.5688494e-08,1.0,1.0715629e-08
id20785,8.6296484e-07,3.4393483e-07,0.9999988
id07145,8.6296484e-07,3.4528094e-07,0.9999988
id22204,5.861098e-08,0.99999994,1.8806514e-08
id09285,0.9999999,2.6729444e-08,1.7361836e-07
id18157,8.579232e-07,3.47989e-07,0.9999988
id12134,8.61281e-07,3.4528094e-07,0.9999988
id23914,0.9999999,1.4030514e-08,1.4225778e-07
id10483,0.99999964,2.6939079e-08,4.0210085e-07
id07092,0.99999964,3.2749593e-08,3.2818517e-07
id14786,0.9967539,3.2272624e-06,0.0032429276
id25741,0.99999964,2.2596538e-08,3.882101e-07
id09050,3.6109178e-08,1.0,1.0926976e-08
id04938,0.99999845,3.459042e-08,1.448019e-06
id05901,0.00086596975,1.3046729e-05,0.999121
id16975,7.069834e-08,0.99999994,2.3405084e-08
id08547,8.6465207e-07,3.4393483e-07,0.9999988
id16355,0.9999995,3.554934e-08,4.0053317e-07
id14568,0.9998708,4.16435e-07,0.0001288115
id25599,6.049429e-05,0.9999291,1.0410172e-05
id01670,3.6677815e-08,1.0,1.1099051e-08
id23945,3.9196145e-08,1.0,1.2047906e-08
id17394,8.6296484e-07,3.4393483e-07,0.9999988
id06501,0.0009810878,0.0010608088,0.9979581
id26234,3.653482e-08,1.0,1.1099051e-08
id21280,8.6465207e-07,3.4528094e-07,0.9999988
id20048,8.61281e-07,3.4528094e-07,0.9999988
id01216,0.9999932,5.486127e-06,1.2828672e-06
id25320,0.99999976,3.2494732e-08,2.0942367e-07
id22833,8.851566e-07,3.52091e-07,0.9999988
id22056,0.0024188054,8.695106e-05,0.9974942
id02275,3.8138893e-08,1.0,1.1631705e-08
id26127,0.99998254,1.207305e-07,1.736672e-05
id17011,7.781026e-07,0.9999989,3.0115942e-07
id13847,0.99999976,3.378918e-08,1.8919853e-07
id00013,3.6109178e-08,1.0,1.0926976e-08
id16463,0.9999998,1.571343e-08,1.869943e-07
id04845,1.0992829e-07,0.9999999,4.059864e-08
id01787,0.00019697592,5.46367e-06,0.9997976
id08637,0.9999986,6.641486e-08,1.2828742e-06
id11414,8.6296484e-07,3.4528094e-07,0.9999988
id13177,3.6185156e-07,0.9999995,1.502541e-07
id24517,0.9999999,2.0494175e-08,9.5135e-08
id26838,0.9999966,1.4115025e-07,3.2887488e-06
id23081,3.8138893e-08,1.0,1.1631705e-08
id16327,5.441845e-08,0.99999994,1.7598207e-08
id27282,1.7466433e-06,0.99999774,5.34781e-07
id07489,9.0969405e-07,3.6468933e-07,0.99999875
id01718,8.5291106e-07,3.4125833e-07,0.9999988
id15441,0.0032823386,0.996627,9.068975e-05
id27736,1.1565475e-07,0.9999999,4.2381135e-08
id16324,1.0781802e-06,5.122892e-07,0.99999845
id12027,0.0013897781,7.187908e-05,0.9985384
id24653,4.424189e-08,1.0,1.3867054e-08
id17541,9.721542e-07,3.821911e-07,0.9999987
id22406,0.00040882596,0.9985613,0.0010297977
id18356,0.9990902,0.0007508763,0.00015893679
id04505,0.99994636,3.2698586e-05,2.0947502e-05
id04246,0.9999995,5.8840353e-08,4.3307963e-07
id07368,0.9999999,1.602335e-08,1.2751904e-07
id26185,8.7655457e-07,3.47989e-07,0.9999988
id08878,9.2221666e-07,3.7043236e-07,0.9999987
id27691,8.61281e-07,3.4393483e-07,0.9999988
id18004,0.9999975,8.073983e-08,2.4728015e-06
id24426,0.99999976,1.8370859e-08,2.2555817e-07
id14164,0.9999995,3.639237e-08,4.5563993e-07
id12653,3.9196145e-08,1.0,1.2000935e-08
id18060,0.99859434,6.30566e-06,0.0013993896
id18556,0.999999,2.0617671e-07,8.218403e-07
id27371,8.596005e-07,3.4528094e-07,0.9999988
id11989,1.00482595e-07,0.9999999,3.5968398e-08
id26095,0.99999976,2.340508e-08,2.477272e-07
id24978,0.0006299516,9.679506e-05,0.99927324
id20322,0.007485952,5.8417e-06,0.99250823
id01954,0.9999999,2.0980183e-08,8.972085e-08
id07434,0.999998,1.0992808e-07,1.9561483e-06
id18144,8.61281e-07,3.4528094e-07,0.9999988
id16250,3.5688494e-08,1.0,1.0757569e-08
id17793,8.6296484e-07,3.4528094e-07,0.9999988
id24067,3.6692792e-05,2.890891e-06,0.9999604
id13891,8.6465207e-07,3.4393483e-07,0.9999988
id07334,3.7990205e-08,1.0,1.167723e-08
id15633,3.6677815e-08,1.0,1.11424905e-08
id23239,0.00050136435,1.9746141e-05,0.9994789
id10674,9.991032e-07,4.164882e-07,0.99999857
id22093,0.9999951,1.3841995e-07,4.822624e-06
id08444,3.5842193e-05,0.9999434,2.0784426e-05
id03257,8.868871e-07,3.5071832e-07,0.9999988
id10040,0.9994704,0.00052133197,8.295906e-06
id04902,8.596005e-07,3.4528094e-07,0.9999988
id01219,0.9999975,9.0071794e-08,2.4344645e-06
id01340,0.99999976,4.15614e-08,1.5381733e-07
id05117,3.5688494e-08,1.0,1.0799672e-08
id04908,8.6465207e-07,3.4393483e-07,0.9999988
id03626,8.6296484e-07,3.4393483e-07,0.9999988
id01888,0.99999994,1.1186101e-08,6.387062e-08
id17199,8.714336e-07,3.4935098e-07,0.9999988
id11200,0.99992144,7.572822e-05,2.7691963e-06
id27561,0.00016538917,1.2604861e-05,0.999822
id20966,4.1399378e-08,1.0,1.2875124e-08
id10257,3.5828176e-08,1.0,1.0799672e-08
id21168,6.387062e-08,0.99999994,2.1062297e-08
id23363,9.168289e-07,3.6185128e-07,0.99999875
id05321,0.99999857,4.672868e-08,1.3925466e-06
id09928,8.596005e-07,3.4528094e-07,0.9999988
id18015,0.99999994,1.1186101e-08,6.58981e-08
id02082,3.6677815e-08,1.0,1.1099051e-08
id19279,0.9856097,0.014336256,5.3974716e-05
id08541,3.7990205e-08,1.0,1.167723e-08
id15249,6.974867e-07,0.9999988,4.3477436e-07
id03609,8.297823e-08,0.99999994,2.8342416e-08
id22902,8.7313725e-07,3.4663233e-07,0.9999988
id17733,0.9999999,1.23336115e-08,1.02865464e-07
id07554,1.0069393e-06,4.181183e-07,0.99999857
id14120,0.99999917,3.7990173e-08,7.482942e-07
id21802,1.8304659e-06,0.99999744,7.3669173e-07
id15614,3.6109178e-08,1.0,1.0884375e-08
id19437,8.5624924e-07,3.4125833e-07,0.9999988
id22698,0.9999999,3.5968398e-08,1.13861695e-07
id21841,3.5828176e-08,1.0,1.0799672e-08
id16177,0.99996674,4.485612e-07,3.2827236e-05
id15887,0.00020886015,3.9972642e-06,0.99978715
id22629,3.1755113e-05,3.150329e-06,0.9999651
id10346,0.9999995,3.610916e-08,3.8219142e-07
id05154,0.9999995,3.6677797e-08,3.7773876e-07
id22913,2.4484106e-07,0.99999964,1.00875845e-07
id10544,6.5276695e-06,8.8170026e-07,0.9999926
id08703,0.0005798425,0.99939454,2.5651256e-05
id12817,0.00010710348,6.3633397e-06,0.9998865
id25433,0.9998228,7.7796557e-07,0.00017640018
id25112,8.7313725e-07,3.47989e-07,0.9999988
id05054,1.00090844e-07,0.9999999,3.5968398e-08
id02311,4.1399378e-08,1.0,1.2925516e-08
id22160,5.953397e-08,0.99999994,2.0097785e-08
id17422,0.9999999,1.3867052e-08,9.7011366e-08
id18985,0.9999846,1.6309686e-07,1.5177166e-05
id21905,8.6296484e-07,3.4528094e-07,0.9999988
id17474,0.9999994,3.1006685e-08,4.9847154e-07
id15236,3.682137e-08,1.0,1.11424905e-08
id13964,0.9999988,1.090727e-07,1.1015952e-06
id15962,4.02827e-08,1.0,1.2478998e-08
id20866,8.6973324e-07,3.4935098e-07,0.9999988
id06625,9.1503995e-07,3.6326753e-07,0.99999875
id09793,0.9986883,8.435154e-07,0.0013108825
id17365,3.8138893e-08,1.0,1.1631705e-08
id18463,3.8739493e-08,1.0,1.1907543e-08
id20693,3.508e-05,0.999933,3.19407e-05
id08785,3.7694562e-08,1.0,1.1451373e-08
id06783,1.04894305e-07,0.9999999,3.873949e-08
id23178,8.6465207e-07,3.4393483e-07,0.9999988
id13513,4.321703e-08,1.0,1.3545825e-08
id25361,8.851566e-07,3.5071832e-07,0.9999988
id22319,0.10060789,5.2941166e-05,0.8993392
id14024,1.2411475e-05,1.7128399e-06,0.99998593
id24186,4.582493e-08,0.99999994,1.4363238e-08
id20965,0.9999998,2.7685862e-08,1.9596835e-07
id06242,8.851566e-07,3.5071832e-07,0.9999988
id25665,8.782683e-07,3.5485246e-07,0.9999988
id09706,0.9983599,0.00024646713,0.0013936068
id11026,3.5410764e-08,1.0,1.0590788e-08
id04223,0.9999999,1.5052544e-08,1.250526e-07
id19674,4.8780386e-08,0.99999994,1.565217e-08
id23420,8.7655457e-07,3.5624132e-07,0.9999988
id18059,5.2950607e-08,0.99999994,1.7123527e-08
id22576,0.99999976,5.2538528e-08,1.9368524e-07
id18495,3.711016e-08,1.0,1.1273835e-08
id14139,0.9999999,2.5012094e-08,1.6309934e-07
id18313,3.8739493e-08,1.0,1.1907543e-08
id27356,0.99999964,1.8227892e-08,3.6468964e-07
id16035,8.61281e-07,3.4393483e-07,0.9999988
id04182,0.99999976,1.352141e-07,1.4792467e-07
id15667,0.99999994,1.4703852e-08,8.074004e-08
id08713,0.99999964,1.895401e-08,3.8368734e-07
id25563,3.7694562e-08,1.0,1.1451373e-08
id17023,0.9999999,2.5208264e-08,1.0780209e-07
id03014,6.5130365e-08,0.99999994,2.1561775e-08
id23812,4.424189e-08,1.0,1.3921328e-08
id20057,0.0006035193,1.9438025e-05,0.9993771
id12385,0.9999906,9.874555e-07,8.365322e-06
id24416,4.583834e-06,0.99999404,1.4089551e-06
id15672,1.0246443e-07,0.9999999,3.7255404e-08
id13868,0.99999994,1.1012678e-08,7.23749e-08
id21095,8.579232e-07,3.47989e-07,0.9999988
id05305,7.587005e-05,0.9998395,8.463915e-05
id15384,8.6296484e-07,3.4528094e-07,0.9999988
id14049,8.61281e-07,3.4528094e-07,0.9999988
id23441,0.9999994,3.8588443e-08,5.7150044e-07
id12856,9.0085354e-07,3.52091e-07,0.99999875
id16055,8.9209897e-07,3.5485246e-07,0.9999988
id24771,0.99999964,2.496701e-07,1.3896236e-07
id14053,0.99999964,5.274416e-08,3.5485277e-07
id19547,8.834295e-07,3.5346903e-07,0.9999988
id03639,7.265817e-08,0.99999994,2.4528317e-08
id14546,0.99949646,0.0004921561,1.1383835e-05
id13935,0.9999995,2.0816902e-08,4.8883027e-07
id20335,4.1093448e-05,0.9999475,1.1433547e-05
id07301,9.6572745e-05,2.0375515e-07,0.9999032
id10186,0.9999965,6.719759e-08,3.4331417e-06
id00192,0.9999987,2.845331e-08,1.3132966e-06
id17851,0.9999999,2.1987042e-08,1.2263386e-07
id08403,1.3311781e-07,0.9999998,4.672874e-08
id06183,0.00095553015,0.00013968849,0.9989048
id24738,4.2470307e-07,0.9999994,1.5502366e-07
id15112,0.9999985,8.233237e-08,1.4423739e-06
id19819,8.61281e-07,3.4393483e-07,0.9999988
id17722,8.61281e-07,3.4528094e-07,0.9999988
id24273,3.9196145e-08,1.0,1.209506e-08
id18939,8.680362e-07,3.4393483e-07,0.9999988
id16076,1.5025412e-07,0.99999976,5.378445e-08
id23158,8.7313725e-07,3.47989e-07,0.9999988
id12745,0.9999949,1.6437772e-07,4.956311e-06
id22538,9.572164e-06,1.0388934e-06,0.9999894
id14975,6.748045e-06,0.9999923,9.645828e-07
id27537,0.9999999,1.5960879e-08,1.1979306e-07
id06632,9.0969405e-07,3.5763557e-07,0.99999875
id08100,5.9301865e-08,0.99999994,1.9327851e-08
id00843,0.99999994,1.1496191e-08,8.2654736e-08
id22159,9.0085354e-07,3.52091e-07,0.99999875
id18672,0.99998766,1.2359418e-07,1.2242963e-05
id06916,0.99999326,5.093697e-06,1.6731743e-06
id22212,8.903583e-07,3.576356e-07,0.9999988
id00273,8.7313725e-07,3.4935098e-07,0.9999988
id26325,4.5033147e-07,0.9999993,2.0298027e-07
id23683,2.3598617e-05,0.9999744,1.9946829e-06
id14419,4.044036e-08,1.0,1.2478998e-08
id11931,3.5688494e-08,1.0,1.0715629e-08
id00568,4.254701e-08,1.0,1.3283825e-08
id12271,0.99999964,1.9068241e-07,1.8699427e-07
id12622,0.99999994,1.82279e-08,6.3373584e-08
id03156,2.689765e-05,0.99996585,7.2961834e-06
id25592,0.99999976,3.472585e-08,2.0698383e-07
id24367,0.9999999,1.2047904e-08,1.17018054e-07
id16007,8.680362e-07,3.4935098e-07,0.9999988
id04785,0.00015206897,8.595918e-06,0.9998393
id07888,8.714336e-07,3.47989e-07,0.9999988
id13557,2.0145657e-05,0.9999782,1.6994974e-06
id20726,0.999998,6.047137e-08,1.9409251e-06
id09580,0.9999999,2.3405082e-08,9.007201e-08
id05173,3.9658172e-08,1.0,1.2237633e-08
id10394,3.8288164e-08,1.0,1.1722934e-08
id03926,3.6109178e-08,1.0,1.0884375e-08
id07264,0.99999994,1.1055779e-08,8.937108e-08
id01862,6.000091e-08,0.99999994,1.970906e-08
id20808,3.8288164e-08,1.0,1.1722934e-08
id26658,0.9999513,3.0653123e-06,4.5664503e-05
id04479,0.99999857,4.4069346e-08,1.3871177e-06
id17445,6.4895285e-06,0.9999918,1.7810821e-06
id04430,3.7255408e-08,1.0,1.131796e-08
id06052,8.955906e-07,3.5485246e-07,0.99999875
id11485,0.99996233,2.419795e-07,3.7416565e-05
id13060,0.0032066961,4.420407e-05,0.99674904
id20873,0.00039741598,5.1421775e-05,0.9995512
id21927,3.7479919e-07,0.9999995,1.3842056e-07
id02736,0.00037516194,8.217106e-05,0.99954265
id11234,0.02634053,8.721836e-05,0.97357225
id27894,0.9999999,1.577493e-08,1.02865464e-07
id23208,0.0010619509,0.008647548,0.9902905
id18470,4.7390724e-05,5.464487e-06,0.99994713
id23172,1.2026192e-07,0.9999999,4.6184336e-08
id08752,0.0011357251,5.0587194e-05,0.9988136
id14242,9.2221666e-07,3.7043236e-07,0.9999987
id22908,0.9962553,3.1020754e-06,0.0037416657
id17454,0.00087403314,1.4051753e-05,0.99911195
id23797,0.99999845,1.4393446e-07,1.4144758e-06
id03788,0.9999972,6.6155835e-08,2.769406e-06
id23682,6.464756e-05,1.1124888e-05,0.9999242
id07179,0.9999961,6.4120364e-08,3.7853247e-06
id09746,3.8739493e-08,1.0,1.186112e-08
id26613,9.150399e-07,3.7333766e-07,0.9999987
id05142,0.99999994,1.2527838e-08,6.906062e-08
id04825,2.7528222e-07,0.99999964,1.0738177e-07
id13691,0.9997613,9.681343e-07,0.00023782183
id14183,8.596005e-07,3.4528094e-07,0.9999988
id19519,8.714336e-07,3.4663233e-07,0.9999988
id26685,0.99999934,7.4091176e-08,6.203578e-07
id07937,0.00719388,0.44160604,0.5512001
id10574,3.711016e-08,1.0,1.1229883e-08
id15310,3.5688494e-08,1.0,1.0715629e-08
id27311,8.5291106e-07,3.4125833e-07,0.9999988
id11590,0.9999491,1.2192942e-06,4.9762246e-05
id19798,4.1887382e-08,1.0,1.3077878e-08
id12201,0.9999986,8.011161e-08,1.2929357e-06
id12460,8.782683e-07,3.5485246e-07,0.9999988
id12019,0.9999998,1.685805e-08,1.8553912e-07
id08046,0.00012656553,0.99985904,1.4395737e-05
id02989,8.579232e-07,3.4663233e-07,0.9999988
id26905,8.714336e-07,3.4935098e-07,0.9999988
id09779,0.99999994,1.2285528e-08,7.1252835e-08
id04359,0.00027682434,0.9992791,0.00044409538
id01526,0.99999994,1.4935406e-08,7.294255e-08
id22325,2.090457e-06,0.99999714,7.872733e-07
id27878,0.99997056,3.7332714e-07,2.908343e-05
id06413,3.6109178e-08,1.0,1.0884375e-08
id12616,3.7694562e-08,1.0,1.14961916e-08
id05301,0.9999968,5.192629e-08,3.175138e-06
id13258,1.572019e-05,2.0499936e-06,0.99998224
id08789,2.3687976e-06,0.9999969,7.571132e-07
id11776,3.527271e-08,1.0,1.0590788e-08
id21899,0.9999993,6.538522e-08,6.655467e-07
id18108,0.017459134,5.496666e-06,0.98253536
id23585,0.9999428,8.869699e-06,4.8325208e-05
id22122,9.608284e-07,3.7773847e-07,0.9999987
id22855,0.0027971487,0.0061996877,0.99100316
id19551,0.9999999,1.2725122e-08,1.2851919e-07
id18535,3.7694562e-08,1.0,1.1451373e-08
id15115,0.99973345,4.773795e-07,0.00026608046
id00678,0.99999994,1.40305145e-08,8.461483e-08
id21876,5.1522356e-08,0.99999994,1.672686e-08
id01553,0.9999975,1.7635202e-07,2.3049047e-06
id09456,0.99999917,4.476336e-08,8.09099e-07
id01455,3.0898365e-05,0.9999584,1.06990665e-05
id02454,3.6250505e-08,1.0,1.09697424e-08
id07911,0.0014349832,1.6159787e-07,0.9985649
id13383,0.9999999,2.1310573e-08,1.5441937e-07
id19953,0.99994165,1.8265197e-07,5.8177524e-05
id10316,0.9999546,4.4346227e-05,1.0972522e-06
id01991,0.9998918,3.8514753e-07,0.000107838714
id19176,0.9999998,2.164616e-08,1.8919854e-07
id06744,0.9999869,1.7497779e-07,1.2981747e-05
id09999,8.7313725e-07,3.4935098e-07,0.9999988
id11253,8.799854e-07,3.52091e-07,0.9999988
id15089,5.073829e-06,0.9999915,3.4600507e-06
id16821,8.714336e-07,3.47989e-07,0.9999988
id08256,0.99999994,1.4993862e-08,8.362904e-08
id14844,8.955906e-07,3.5485246e-07,0.99999875
id25950,3.6250505e-08,1.0,1.09697424e-08
id11961,3.7694562e-08,1.0,1.1451373e-08
id00092,8.6296484e-07,3.4528094e-07,0.9999988
id13083,8.7655457e-07,3.5485246e-07,0.9999988
id25825,0.9999999,1.5469816e-08,1.1656184e-07
id03045,8.834295e-07,3.5071832e-07,0.9999988
id19037,5.7477344e-08,0.99999994,1.8806514e-08
id24357,9.836136e-07,4.1003116e-07,0.99999857
id24449,6.464738e-05,0.9999213,1.3953695e-05
id22847,3.7990205e-08,1.0,1.167723e-08
id27720,0.9999999,1.5052544e-08,1.2801814e-07
id11619,0.9999995,3.554934e-08,3.9125484e-07
id03129,0.99999976,3.4054192e-08,1.9142875e-07
id04264,3.8739493e-08,1.0,1.186112e-08
id19748,8.596005e-07,3.4528094e-07,0.9999988
id20851,8.61281e-07,3.4528094e-07,0.9999988
id13277,0.9999995,4.2713516e-08,4.682707e-07
id06419,3.8739493e-08,1.0,1.1907543e-08
id00581,0.9999999,1.5229979e-08,1.2456508e-07
id08765,0.99996257,1.2952235e-07,3.7343565e-05
id13492,3.97507e-05,0.9999293,3.095787e-05
id12049,7.1252835e-08,0.99999994,2.4053897e-08
id12700,0.9999999,1.577493e-08,1.01270686e-07
id07697,0.9999999,1.5111457e-08,1.04894305e-07
id00262,3.8288164e-08,1.0,1.167723e-08
id20969,3.6976337e-06,0.999995,1.3081717e-06
id18465,8.6296484e-07,3.4528094e-07,0.9999988
id10027,4.3555982e-08,1.0,1.37591405e-08
id03007,0.00084577885,0.0021366952,0.9970175
id23465,0.99999857,4.935533e-08,1.3497024e-06
id09086,0.99999976,3.5688487e-08,2.300069e-07
id08015,1.0148368e-06,0.99999845,5.389757e-07
id04285,0.99997944,1.8699049e-07,2.0383155e-05
id04356,8.5124685e-07,3.4259398e-07,0.9999988
id03554,0.9999995,1.03672214e-07,3.4125856e-07
id06922,0.9999947,3.8518715e-07,4.9563105e-06
id15733,3.7694562e-08,1.0,1.1451373e-08
id24934,8.6465207e-07,3.4393483e-07,0.9999988
id05529,0.9999999,2.0255412e-08,1.2801814e-07
id00298,4.254701e-08,1.0,1.3335816e-08
id08158,0.00011257144,0.99987435,1.3056566e-05
id15135,0.999573,1.0882977e-06,0.00042595825
id06574,0.0012252791,0.00023522282,0.99853945
id20017,3.6677815e-08,1.0,1.1099051e-08
id14386,8.61281e-07,3.4393483e-07,0.9999988
id24226,0.9999993,2.6939068e-08,7.424711e-07
id24212,0.00077914714,0.00028108823,0.9989398
id14116,8.5291106e-07,3.4125833e-07,0.9999988
id14500,8.7484426e-07,3.4663233e-07,0.9999988
id22744,8.579232e-07,3.4528094e-07,0.9999988
id16163,0.99999994,1.0799672e-08,7.614511e-08
id17883,0.9999997,2.550541e-08,3.0470963e-07
id04631,8.596005e-07,3.4528094e-07,0.9999988
id26517,2.6403368e-05,3.733281e-07,0.9999732
id12655,1.8266259e-07,0.99999976,7.438119e-08
id01505,2.502251e-05,0.9999683,6.6953708e-06
id00104,8.955906e-07,3.5485246e-07,0.99999875
id20387,4.1399378e-08,1.0,1.2875124e-08
id02843,0.99021053,2.7209617e-06,0.0097867325
id04361,9.1147257e-07,3.6468933e-07,0.99999875
id26813,0.9999994,1.6086055e-08,6.203578e-07
id01466,4.254701e-08,1.0,1.3335816e-08
id17090,4.2051322e-08,1.0,1.3129063e-08
id06691,8.61281e-07,3.4528094e-07,0.9999988
id09408,0.9999975,2.0860676e-07,2.332074e-06
id15285,0.9999985,2.6729408e-08,1.5057018e-06
id16283,0.9999999,2.5705456e-08,1.6631618e-07
id12607,0.99999976,6.852317e-08,1.5685109e-07
id25965,0.0068604085,6.495567e-06,0.9931331
id07268,3.9196145e-08,1.0,1.2000935e-08
id13529,8.7313725e-07,3.4935098e-07,0.9999988
id11969,3.9196145e-08,1.0,1.209506e-08
id20299,1.3602873e-06,0.99999785,7.781018e-07
id08770,8.714336e-07,3.5071832e-07,0.9999988
id20730,9.4778136e-07,3.7479887e-07,0.9999987
id06333,3.8138893e-08,1.0,1.1631705e-08
id27451,0.99999905,4.406937e-08,8.8515685e-07
id12111,9.0969405e-07,3.661167e-07,0.99999875
id06609,4.1254683e-05,1.5473775e-06,0.9999572
id12299,0.9999998,2.8564706e-08,2.0140081e-07
id23264,0.99999976,2.6212446e-08,2.3823691e-07
id04222,0.9999478,5.0942253e-05,1.2928699e-06
id17229,1.04894305e-07,0.9999999,3.7110155e-08
id24365,8.5124685e-07,3.4259398e-07,0.9999988
id18294,4.044036e-08,1.0,1.2527839e-08
id04493,0.9999979,5.9766855e-08,2.0500258e-06
id27575,0.9999999,1.4085427e-08,1.7294148e-07
id03801,0.9999983,7.3514514e-08,1.6536895e-06
id11611,9.2041734e-07,3.52091e-07,0.99999875
id01632,0.0001253365,8.075338e-06,0.9998666
id06510,3.5842593e-05,9.646903e-06,0.9999545
id20431,0.99998325,3.4392949e-07,1.6410408e-05
id23529,6.682929e-05,0.9999121,2.1111073e-05
id13951,8.6973324e-07,3.4935098e-07,0.9999988
id00803,3.6677815e-08,1.0,1.11424905e-08
id06737,0.99999714,3.8588354e-08,2.8240272e-06
id24288,0.99999994,1.30778774e-08,7.181167e-08
id08385,0.9511579,0.04689516,0.0019469691
id22859,3.6677815e-08,1.0,1.1055779e-08
id22234,1.2855487e-05,0.9999789,8.267767e-06
id10365,3.711016e-08,1.0,1.1229883e-08
id00865,8.6465207e-07,3.4393483e-07,0.9999988
id19405,8.782683e-07,3.47989e-07,0.9999988
id11246,8.7484426e-07,3.47989e-07,0.9999988
id19587,8.61281e-07,3.4393483e-07,0.9999988
id24614,4.9548564e-08,0.99999994,1.5774932e-08
id23623,0.9994671,1.3125984e-06,0.0005316126
id15271,8.868871e-07,3.52091e-07,0.9999988
id20478,8.7484426e-07,3.47989e-07,0.9999988
id25277,0.9999995,2.4053888e-08,4.5742325e-07
id22004,0.9999697,1.5931636e-07,3.0124056e-05
id16728,3.5688494e-08,1.0,1.0757569e-08
id06907,0.9999683,4.2392444e-06,2.748185e-05
id11895,3.711016e-08,1.0,1.1273835e-08
id13802,1.0011949e-05,0.99998736,2.6322573e-06
id18459,3.8288164e-08,1.0,1.1722934e-08
id21371,0.015065273,7.130532e-06,0.9849276
id11408,3.9196145e-08,1.0,1.2000935e-08
id05442,4.8514372e-05,0.99994326,8.267472e-06
id21499,0.9998124,1.2383259e-06,0.00018631379
id18066,0.0014952898,0.99847215,3.2523087e-05
id23617,8.799854e-07,3.5346903e-07,0.9999988
id07725,8.61281e-07,3.4528094e-07,0.9999988
id24627,4.7437235e-05,9.990564e-07,0.9999516
id19108,0.99999267,6.8009736e-06,5.5608143e-07
id11800,8.5291106e-07,3.4125833e-07,0.9999988
id14588,0.9999999,2.2420696e-08,1.5262032e-07
id27474,0.99999404,1.6995243e-06,4.2726033e-06
id07924,0.99999964,8.2011475e-08,2.6995775e-07
id10772,0.9999999,1.7598206e-08,1.2603341e-07
id19235,0.001145807,0.0009667526,0.99788743
id13647,8.514209e-05,1.0050304e-05,0.99990475
id08673,0.9999386,2.2820302e-07,6.120797e-05
id24850,2.7852712e-07,0.99999964,1.09499695e-07
id11764,0.9999998,2.5109987e-08,1.9596835e-07
id05197,0.9999986,4.926638e-07,8.990957e-07
id23600,0.00061481923,1.2501148e-05,0.99937266
id14699,3.6677815e-08,1.0,1.11424905e-08
id26801,1.892505e-05,5.2348078e-06,0.99997586
id25664,0.9999903,3.9980764e-06,5.7269804e-06
id07809,0.99999976,2.6110254e-08,2.8181037e-07
id13081,8.579232e-07,3.4528094e-07,0.9999988
id11381,8.6296484e-07,3.52091e-07,0.9999988
id14721,0.0007018642,0.00032607856,0.99897206
id07800,0.99998915,1.7912768e-07,1.0678517e-05
id13883,0.9999565,2.5960463e-07,4.331903e-05
id04488,0.9998129,4.5912785e-07,0.00018667814
id03530,9.4778136e-07,3.821911e-07,0.9999987
id15823,8.9734147e-07,3.5346903e-07,0.99999875
id11701,0.00037702604,6.771909e-06,0.9996162
id07806,3.6677815e-08,1.0,1.11424905e-08
id19036,3.6677815e-08,1.0,1.1099051e-08
id20765,0.99999976,1.9142875e-07,6.7989916e-08
id26691,9.258261e-07,3.675496e-07,0.9999987
id02642,8.596005e-07,3.4528094e-07,0.9999988
id06475,0.9997893,0.00020824959,2.481963e-06
id19019,0.9999645,8.2825744e-07,3.467239e-05
id14616,8.6296484e-07,3.4528094e-07,0.9999988
id08537,0.99999994,1.4993862e-08,7.584825e-08
id19126,0.3036261,8.151172e-06,0.6963658
id01774,8.6465207e-07,3.4393483e-07,0.9999988
id08623,0.9999963,3.4798813e-07,3.3145416e-06
id17150,8.6296484e-07,3.4393483e-07,0.9999988
id06325,8.61281e-07,3.4528094e-07,0.9999988
id23161,8.6465207e-07,3.4528094e-07,0.9999988
id09876,0.00013792212,1.1567201e-05,0.9998505
id01551,0.9998596,3.689368e-07,0.00014009536
id12334,3.8739493e-08,1.0,1.186112e-08
id03577,8.955906e-07,3.5485246e-07,0.99999875
id20706,0.99999994,1.534943e-08,6.641495e-08
id23704,3.8138893e-08,1.0,1.1631705e-08
id10029,1.1253516e-07,0.9999999,4.012565e-08
id19600,3.9196145e-08,1.0,1.2047906e-08
id22367,3.6250505e-08,1.0,1.09697424e-08
id12262,0.9999999,1.888012e-08,1.00090844e-07
id09698,8.972085e-08,0.9999999,3.1249886e-08
id10919,0.9999999,2.2073097e-08,9.439466e-08
id12508,4.1399378e-08,1.0,1.2925516e-08
id16206,0.0028427911,1.458271e-05,0.9971426
id25927,8.61281e-07,3.4528094e-07,0.9999988
id23189,1.2314849e-05,0.9999827,4.956251e-06
id00406,4.02827e-08,1.0,1.2430347e-08
id01257,1.318436e-06,0.9999981,5.9194883e-07
id15147,1.0,1.2333613e-08,5.930187e-08
id24692,0.9999989,4.6728694e-08,9.759594e-07
id02919,4.2215905e-08,1.0,1.3129063e-08
id00339,3.682137e-08,1.0,1.1099051e-08
id20981,3.9196145e-08,1.0,1.2047906e-08
id00658,0.9999999,1.2430346e-08,1.0246443e-07
id02255,8.6296484e-07,3.4528094e-07,0.9999988
id13282,0.9999999,2.6418034e-08,1.6502192e-07
id13189,0.99585897,0.00037707898,0.0037639942
id07267,1.0,1.3283825e-08,5.7477347e-08
id05272,0.93891066,2.3675382e-06,0.061086964
id22653,1.041077e-05,0.9999865,3.017895e-06
id06894,8.7655457e-07,3.5346903e-07,0.9999988
id21657,2.840206e-07,0.99999964,1.1341776e-07
id00430,5.2965947e-06,0.99999106,3.5838555e-06
id21655,8.903583e-07,3.576356e-07,0.9999988
id04764,0.99999374,4.398971e-07,5.839955e-06
id08665,8.7484426e-07,3.47989e-07,0.9999988
id20985,8.596005e-07,3.4393483e-07,0.9999988
id08095,0.99998987,3.8001162e-06,6.3391867e-06
id12015,0.99999976,1.844276e-08,2.160715e-07
id13210,8.9559063e-07,0.9999988,3.0590195e-07
id24937,1.4397491e-05,0.9999809,4.674181e-06
id03675,3.6109178e-08,1.0,1.0884375e-08
id26951,0.9999996,9.4026625e-08,2.98816e-07
id06104,8.9384315e-07,3.576356e-07,0.9999988
id20105,3.7547604e-08,1.0,1.1451373e-08
id20441,8.5291106e-07,3.4125833e-07,0.9999988
id05660,0.999984,6.337257e-08,1.5936621e-05
id04078,8.6296484e-07,3.4528094e-07,0.9999988
id26101,9.367394e-07,3.6044054e-07,0.9999987
id10144,3.7694562e-08,1.0,1.14961916e-08
id15096,8.7313725e-07,3.4935098e-07,0.9999988
id11903,9.294497e-07,3.6611667e-07,0.9999987
id24093,8.7655457e-07,3.47989e-07,0.9999988
id06388,0.0014222503,0.9913972,0.0071805855
id01203,0.99999976,2.2159485e-08,2.4579936e-07
id18448,0.99999976,2.8901416e-08,2.964906e-07
id10382,0.18159635,0.00096087315,0.8174427
id25109,0.00016154215,0.000114103954,0.9997243
id15526,8.6465207e-07,3.4393483e-07,0.9999988
id09411,1.0227963e-06,4.1975477e-07,0.99999857
id03937,8.7655457e-07,3.47989e-07,0.9999988
id09740,8.7313725e-07,3.47989e-07,0.9999988
id11584,9.114725e-07,3.7626577e-07,0.9999987
id06135,0.9999994,3.211615e-08,4.775065e-07
id22666,0.9999972,8.2978005e-08,2.758609e-06
id03104,0.99999994,1.1496191e-08,6.070817e-08
id21763,0.99999946,1.300341e-07,4.330796e-07
id26344,9.459321e-07,3.7921689e-07,0.9999987
id11819,0.9999962,5.152216e-08,3.7048671e-06
id20309,4.3048544e-08,1.0,1.3493015e-08
id12751,0.9999999,2.6008461e-08,9.5135e-08
id16205,1.17280315e-05,1.3709412e-06,0.9999869
id07347,8.6296484e-07,3.4528094e-07,0.9999988
id20347,3.7694562e-08,1.0,1.1451373e-08
id05696,8.9384315e-07,3.5624132e-07,0.9999988
id04648,0.9996082,2.822929e-06,0.00038899097
id19654,0.9999804,2.3453885e-07,1.9373934e-05
id03991,1.0049745e-06,4.1324708e-07,0.99999857
id05523,9.1503995e-07,3.661167e-07,0.99999875
id27445,0.9999998,1.6726858e-08,2.0537308e-07
id27516,3.5828176e-08,1.0,1.0757569e-08
id13992,8.6296484e-07,3.4393483e-07,0.9999988
id02429,8.7655457e-07,3.4663233e-07,0.9999988
id01682,3.6250505e-08,1.0,1.09697424e-08
id20561,0.9999998,2.3132404e-08,1.8919854e-07
id26906,0.9999995,4.3048527e-08,4.021008e-07
id01724,0.9982765,1.288383e-05,0.0017106778
id25283,0.99998903,1.3416039e-07,1.0846678e-05
id06926,0.0013550394,0.99861526,2.9732772e-05
id13887,0.9999999,1.2976103e-08,1.290222e-07
id07530,0.99999976,2.812185e-08,2.1355419e-07
id13460,0.9999998,1.499386e-08,1.8409523e-07
id14695,3.8288164e-08,1.0,1.167723e-08
id08133,0.0049550845,5.501765e-06,0.9950394
id06364,8.430917e-06,2.8461523e-06,0.99998873
id22368,3.7694562e-08,1.0,1.14961916e-08
id04855,3.527271e-08,1.0,1.063224e-08
id14016,9.913284e-07,0.9999987,2.699575e-07
id25801,5.570895e-08,0.99999994,1.82279e-08
id16241,8.7484426e-07,3.47989e-07,0.9999988
id01120,0.9998662,2.2163142e-06,0.00013160828
id00058,0.9998559,2.057757e-06,0.00014202333
id24503,8.782683e-07,3.5485246e-07,0.9999988
id03213,4.5646278e-08,0.99999994,1.4475891e-08
id06040,0.9999995,3.100669e-08,4.3818463e-07
id26219,2.6737332e-06,0.9999963,1.0593913e-06
id23723,3.8739493e-08,1.0,1.186112e-08
id17565,0.99528015,6.548842e-05,0.004654292
id02243,0.00041207802,0.9986719,0.0009160225
id04802,0.99999994,1.3493014e-08,6.9602265e-08
id07148,8.596005e-07,3.4528094e-07,0.9999988
id16071,0.9999994,4.6365077e-08,5.737372e-07
id14810,0.9999392,3.230776e-07,6.0494902e-05
id15386,0.99998105,1.016955e-05,8.732521e-06
id14768,0.9999999,2.7577927e-08,1.7498006e-07
id05056,0.9999999,1.0066401e-08,1.13861695e-07
id27065,1.9487761e-05,1.339173e-06,0.99997914
id27245,0.0009820968,0.99898434,3.3572698e-05
id25911,0.9999999,4.6911637e-08,7.764693e-08
id10581,0.9999995,6.263523e-08,3.9897165e-07
id21852,0.99999887,4.2304706e-07,7.002166e-07
id13922,0.999998,3.047091e-07,1.7398341e-06
id21904,0.00040054886,8.493661e-06,0.99959093
id25974,8.5291106e-07,3.4125833e-07,0.9999988
id03323,1.6566776e-07,0.99999976,6.000089e-08
id01385,0.99994624,5.0942173e-05,2.834936e-06
id20469,0.99999267,5.0343506e-06,2.3411906e-06
id04281,3.4807465e-05,0.99994624,1.8998555e-05
id17752,0.99999976,3.639238e-08,2.3090713e-07
id27768,0.9999999,1.1907542e-08,1.0696316e-07
id15545,3.6677815e-08,1.0,1.1099051e-08
id27853,8.663425e-07,3.4393483e-07,0.9999988
id10103,0.99999964,1.2626093e-08,3.747992e-07
id04374,8.6296484e-07,3.4528094e-07,0.9999988
id23102,1.5685109e-07,0.99999976,5.4631432e-08
id15727,9.1503995e-07,3.6468933e-07,0.99999875
id22643,0.99799144,3.3078963e-06,0.0020052802
id26174,8.6465207e-07,3.4528094e-07,0.9999988
id16776,4.02827e-08,1.0,1.2430347e-08
id11156,0.9999999,1.3975813e-08,1.5746501e-07
id18288,8.596005e-07,3.4528094e-07,0.9999988
id21487,9.1682887e-07,3.646893e-07,0.9999987
id06888,0.0003538433,1.346777e-05,0.9996327
id24094,0.1286044,0.0010847511,0.8703109
id21383,3.3667359e-06,0.99999565,1.0148341e-06
id10309,8.596005e-07,3.4528094e-07,0.9999988
id09189,0.9787916,2.3276411e-06,0.02120607
id26844,8.9734147e-07,3.5346903e-07,0.99999875
id02103,8.851566e-07,3.52091e-07,0.9999988
id13699,8.6465207e-07,3.4393483e-07,0.9999988
id05005,8.596005e-07,3.4528094e-07,0.9999988
id19814,0.99998283,3.6611087e-07,1.679956e-05
id24703,0.99999976,5.703004e-08,1.6696711e-07
id04594,8.7484426e-07,3.47989e-07,0.9999988
id13789,0.99999976,2.5907063e-08,2.2821698e-07
id01938,4.6546567e-08,0.99999994,1.4935406e-08
id24274,0.99996763,1.2215183e-07,3.225527e-05
id13727,0.9999988,4.028265e-08,1.1454778e-06
id19335,8.545785e-07,3.4125833e-07,0.9999988
id21064,8.714336e-07,3.47989e-07,0.9999988
id04044,3.711016e-08,1.0,1.1273835e-08
id01696,0.99999774,5.5275297e-08,2.2603242e-06
id05601,8.714336e-07,3.4935098e-07,0.9999988
id13591,0.99999905,2.4914561e-08,9.570829e-07
id09164,3.7547604e-08,1.0,1.1451373e-08
id16563,8.6465207e-07,3.4393483e-07,0.9999988
id00380,0.9999999,1.499386e-08,9.892475e-08
id04612,8.714336e-07,3.4935098e-07,0.9999988
id17341,1.0030136e-06,4.2970893e-07,0.99999857
id23426,3.6677815e-08,1.0,1.1099051e-08
id02177,0.9999999,2.5405976e-08,1.6566779e-07
id24279,8.596005e-07,3.4528094e-07,0.9999988
id07226,0.99999654,3.0415952e-06,3.943223e-07
id23305,7.631613e-06,6.450652e-07,0.9999918
id00684,9.496344e-07,3.8669626e-07,0.9999987
id22025,8.596005e-07,3.4528094e-07,0.9999988
id26143,0.9999999,2.2952387e-08,1.00482595e-07
id12002,3.9586678e-07,0.9999994,1.81241e-07
id04610,0.00039127085,0.9995927,1.6055326e-05
id27224,8.868871e-07,3.5071832e-07,0.9999988
id10716,2.5665957e-05,0.99996734,6.9620774e-06
id14057,0.99999976,2.1730882e-08,2.477272e-07
id14982,0.9999999,1.2824928e-08,1.207326e-07
id00401,0.99999577,1.3208134e-07,4.1411568e-06
id12248,0.9999999,1.4251462e-08,1.0206495e-07
id04641,0.99918646,5.5246946e-06,0.0008080141
id01658,0.99999976,2.2508447e-08,2.884933e-07
id03153,2.9541303e-05,4.1735125e-06,0.99996626
id27961,0.99999744,7.584806e-08,2.5117427e-06
id15984,0.99999964,3.4590464e-08,2.4484106e-07
id01789,0.9997634,0.00023118162,5.3787794e-06
id27264,8.6465207e-07,3.4528094e-07,0.9999988
id05158,9.0085354e-07,3.52091e-07,0.99999875
id14265,1.403657e-05,2.2514805e-06,0.9999837
id20696,0.00013160765,6.907167e-06,0.9998615
id01133,0.99154776,3.1426374e-05,0.008420864
id24953,0.99999917,1.3208178e-07,7.482942e-07
id11298,1.0168209e-06,4.1324708e-07,0.99999857
id20917,0.9997472,2.6786929e-05,0.0002260433
id25275,2.2821696e-07,0.9999997,8.169175e-08
id00850,0.99999976,2.641803e-08,2.8962245e-07
id23225,3.5828176e-08,1.0,1.0757569e-08
id15602,8.955906e-07,3.5485246e-07,0.99999875
id12160,3.460449e-05,0.9999573,8.044585e-06
id25388,3.711016e-08,1.0,1.1273835e-08
id13837,4.1399378e-08,1.0,1.2875124e-08
id06804,8.6296484e-07,3.4528094e-07,0.9999988
id19978,1.3416185e-07,0.9999998,4.5824926e-08
id27563,8.596005e-07,3.4528094e-07,0.9999988
id23762,1.5117966e-05,0.9999826,2.3229475e-06
id22734,5.09221e-08,0.99999994,1.6212228e-08
id09094,0.99996555,3.534573e-07,3.406828e-05
id27270,4.075754e-08,1.0,1.26260975e-08
id05043,4.7464617e-08,0.99999994,1.522998e-08
id15290,3.7990205e-08,1.0,1.1631705e-08
id26333,0.9999999,1.3077877e-08,1.3416185e-07
id26111,0.00015628355,0.99983335,1.0368594e-05
id23029,8.714336e-07,3.47989e-07,0.9999988
id11837,0.9999992,5.8964173e-07,1.7983056e-07
id03497,0.9999281,2.2820063e-07,7.169851e-05
id19290,0.0010382484,0.9989209,4.0811425e-05
id08008,0.9999621,3.2561897e-07,3.7636437e-05
id24949,6.6674886e-08,0.99999994,2.2246219e-08
id25023,8.5124685e-07,3.4259398e-07,0.9999988
id02205,1.4563132e-07,0.9999998,5.6145872e-08
id11041,0.99999976,2.0816907e-08,2.884933e-07
id14395,3.6250505e-08,1.0,1.0926976e-08
id01130,0.9985839,0.0013709691,4.5158893e-05
id21066,0.00086931896,5.579121e-05,0.99907494
id17774,0.9999999,1.9709057e-08,1.7294148e-07
id24519,8.596005e-07,3.4393483e-07,0.9999988
id08460,0.9995235,8.246646e-07,0.00047563144
id19897,3.8739493e-08,1.0,1.186112e-08
id19028,0.9999999,2.6418034e-08,1.7159564e-07
id01850,0.9999997,1.0206494e-07,1.9217796e-07
id22472,3.682137e-08,1.0,1.1099051e-08
id10709,0.00012005506,9.627873e-05,0.9997837
id17260,2.576331e-06,1.0635375e-06,0.99999636
id22262,0.9999993,1.0489424e-07,5.942664e-07
id00115,0.9999999,2.3588651e-08,1.7704266e-07
id17483,8.596005e-07,3.4528094e-07,0.9999988
id10763,0.030544857,1.7852211e-05,0.9694373
id18014,3.711016e-08,1.0,1.1273835e-08
id20414,0.9998046,5.388713e-07,0.00019487267
id14244,0.99999976,4.3726445e-08,2.2293034e-07
id24952,0.99999833,3.100665e-08,1.5534977e-06
id08217,8.596005e-07,3.47989e-07,0.9999988
id01578,8.61281e-07,3.4528094e-07,0.9999988
id00641,0.99999976,2.1062291e-08,2.5659125e-07
id24982,0.9999999,1.0632239e-08,9.8539076e-08
id11192,0.9999999,1.6086062e-08,1.362746e-07
id13759,8.782683e-07,3.5346903e-07,0.9999988
id26752,0.9999982,3.4125813e-07,1.4708218e-06
id06820,0.9999995,4.9548543e-08,4.3139124e-07
id27298,0.0066000298,0.0032896632,0.99011034
id20735,8.5291106e-07,3.4125833e-07,0.9999988
id08390,1.7092663e-07,0.99999976,5.9301854e-08
id18571,8.6973324e-07,3.47989e-07,0.9999988
id05804,3.6677815e-08,1.0,1.11424905e-08
id11867,8.834295e-07,3.52091e-07,0.9999988
id10286,0.999994,6.987426e-08,5.990135e-06
id22020,0.9999995,3.9349537e-08,3.8821005e-07
id25835,8.545785e-07,3.4125833e-07,0.9999988
id06583,0.99999917,4.7836853e-08,8.028025e-07
id21403,3.7547604e-08,1.0,1.1451373e-08
id26730,0.9999995,2.0334683e-08,5.142948e-07
id06873,0.99999976,1.5960877e-08,2.4010544e-07
id03552,1.0,1.1722934e-08,5.636563e-08
id05607,8.680362e-07,3.5071832e-07,0.9999988
id26395,8.7484426e-07,3.47989e-07,0.9999988
id02844,0.9999989,1.5623944e-07,8.99096e-07
id19710,1.4281456e-07,0.9999998,5.1121404e-08
id17076,0.9999993,5.79281e-08,5.965923e-07
id14070,0.99999964,3.5828165e-08,2.9189394e-07
id17106,0.9999989,3.5828137e-08,9.683644e-07
id24689,0.99999464,1.4506278e-07,5.2759647e-06
id03718,0.028220903,2.9906014e-06,0.9717761
id03957,0.9999853,7.209168e-08,1.468152e-05
id18995,4.02827e-08,1.0,1.2381887e-08
id11668,0.9999932,1.7704147e-07,6.6694342e-06
id15721,0.9999981,4.4069328e-08,1.830467e-06
id10379,5.838248e-08,0.99999994,1.9102675e-08
id15009,0.99999964,3.4187476e-08,3.1071946e-07
id11339,4.254701e-08,1.0,1.3335816e-08
id18532,5.2333714e-08,0.99999994,1.6924032e-08
id16469,0.9999998,2.6315039e-08,1.9142877e-07
id22464,4.254701e-08,1.0,1.3335816e-08
id06314,8.61281e-07,3.4528094e-07,0.9999988
id27085,0.99999857,1.562394e-07,1.2289181e-06
id14452,0.9999996,2.3405077e-08,4.297094e-07
id14939,0.99999905,1.03672164e-07,8.1863624e-07
id20094,0.9999939,2.2910886e-07,5.817188e-06
id23077,6.0018324e-06,0.99999183,2.1652454e-06
id17527,0.9999993,3.639236e-08,6.276704e-07
id14895,0.9990167,0.0009445037,3.879444e-05
id22577,8.61281e-07,3.4528094e-07,0.9999988
id16111,9.09694e-07,0.9999987,4.520937e-07
id21649,1.6797302e-06,6.5267284e-07,0.9999976
id22954,0.99999917,2.981883e-08,8.122657e-07
id12624,8.6465207e-07,3.4528094e-07,0.9999988
id05737,0.99999976,3.07654e-08,2.1691717e-07
id23937,8.799854e-07,3.5346903e-07,0.9999988
id06620,8.851566e-07,3.5071832e-07,0.9999988
id18650,9.240196e-07,3.7773847e-07,0.9999987
id09656,0.99999976,1.7805647e-08,2.2732725e-07
id10285,0.99996793,1.9142266e-07,3.1879492e-05
id05729,8.6296484e-07,3.4528094e-07,0.9999988
id00102,8.596005e-07,3.4528094e-07,0.9999988
id26276,3.0006278e-05,0.9999585,1.1523349e-05
id12620,0.999479,0.00050876266,1.2165245e-05
id17949,0.99998933,1.3468554e-07,1.0574746e-05
id15708,3.5828176e-08,1.0,1.0757569e-08
id18300,8.596005e-07,3.4528094e-07,0.9999988
id04039,0.9999425,5.682141e-06,5.1845367e-05
id12158,0.99999976,3.161825e-08,1.260334e-07
id23197,3.6677815e-08,1.0,1.11424905e-08
id25384,0.9999933,4.8985603e-06,1.8091329e-06
id09070,8.834295e-07,3.5346903e-07,0.9999988
id27734,0.99999964,3.754759e-08,2.7961727e-07
id27332,0.010175139,0.98939705,0.0004278434
id00973,0.9999814,1.1078841e-07,1.8522896e-05
id26625,1.4506355e-07,0.9999998,5.4418443e-08
id24578,1.116594e-07,0.9999999,3.919614e-08
id05423,3.9813393e-08,1.0,1.2285529e-08
id19124,3.7694562e-08,1.0,1.1451373e-08
id00946,0.99999994,1.6149023e-08,7.88697e-08
id19229,0.9999899,9.259563e-06,8.3804207e-07
id05311,0.00045235016,0.9981665,0.0013811442
id03289,0.9999994,3.5135173e-08,5.1029247e-07
id17758,3.7694562e-08,1.0,1.14961916e-08
id24336,3.7255408e-08,1.0,1.1273835e-08
id00603,8.596005e-07,3.4528094e-07,0.9999988
id26467,8.680362e-07,3.52091e-07,0.9999988
id27835,8.7484426e-07,3.47989e-07,0.9999988
id06861,9.4778136e-07,3.8368697e-07,0.9999987
id23847,8.6465207e-07,3.4393483e-07,0.9999988
id06174,7.88697e-08,0.99999994,2.683406e-08
id10968,0.99999964,5.570893e-08,2.6785693e-07
id10881,0.99999946,6.094575e-08,4.6462657e-07
id03204,3.7255408e-08,1.0,1.131796e-08
id21921,2.9075593e-07,0.99999964,1.1386167e-07
id06539,0.9999995,4.2215888e-08,3.8972948e-07
id08880,1.0348527e-06,4.610104e-07,0.9999985
id14725,8.6973324e-07,3.47989e-07,0.9999988
id26107,8.61281e-07,3.4393483e-07,0.9999988
id07874,7.265817e-08,0.99999994,2.4148042e-08
id23638,0.9999999,1.6467533e-08,1.6309934e-07
id13498,8.7313725e-07,3.47989e-07,0.9999988
id18940,8.579232e-07,3.4528094e-07,0.9999988
id02120,0.99999154,3.6468668e-07,8.155603e-06
id26663,0.9991938,2.1550827e-06,0.00080408424
id20127,8.596005e-07,3.4528094e-07,0.9999988
id27922,8.6973324e-07,3.5071832e-07,0.9999988
id15106,0.0009838713,0.00017935134,0.9988368
id22158,8.7655457e-07,3.47989e-07,0.9999988
id17029,4.618434e-08,0.99999994,1.4646527e-08
id02554,0.9456959,5.5444716e-06,0.05429864
id18454,8.799854e-07,3.52091e-07,0.9999988
id09016,8.799854e-07,3.5485246e-07,0.9999988
id02307,0.9999999,1.3759139e-08,1.562396e-07
id01650,8.868871e-07,3.4935098e-07,0.9999988
id01254,3.5688494e-08,1.0,1.0715629e-08
id12921,8.61281e-07,3.4528094e-07,0.9999988
id05721,8.7655457e-07,3.4663233e-07,0.9999988
id05798,4.546832e-08,0.99999994,1.4307241e-08
id04417,8.6296484e-07,3.4393483e-07,0.9999988
id19620,0.99999964,3.7401207e-08,2.74209e-07
id22680,4.9742493e-08,0.99999994,1.5898657e-08
id21992,8.7484426e-07,3.4663233e-07,0.9999988
id22823,9.721543e-07,0.9999988,2.2644078e-07
id12750,1.5386006e-05,0.99997884,5.7944217e-06
id23220,9.204173e-07,3.7188215e-07,0.9999987
id11851,1.8851348e-05,1.0552438e-06,0.9999801
id27438,0.9999846,3.2435685e-07,1.5059056e-05
id00797,4.4519682e-05,3.5143999e-06,0.99995196
id08593,0.99999976,1.6990267e-08,2.160715e-07
id01042,0.0010002967,0.00020763594,0.9987921
id19898,0.5040738,0.49529055,0.0006356809
id24615,8.782683e-07,3.5485246e-07,0.9999988
id18594,8.7313725e-07,3.4935098e-07,0.9999988
id08534,8.596005e-07,3.4393483e-07,0.9999988
id03889,0.9999996,6.437155e-08,3.8070144e-07
id04873,0.9999989,3.3006426e-08,1.0069398e-06
id08264,0.99999994,1.4993862e-08,6.070817e-08
id10187,9.759592e-07,3.7773847e-07,0.9999987
id14278,9.276361e-07,3.7626577e-07,0.9999987
id22528,3.5688494e-08,1.0,1.0715629e-08
id07416,0.0339939,0.0124812545,0.9535248
id02857,0.99897003,0.0010083216,2.1591346e-05
id03875,4.02827e-08,1.0,1.2430347e-08
id24437,3.5828176e-08,1.0,1.0757569e-08
id24940,3.8288164e-08,1.0,1.1722934e-08
id15070,0.020645792,6.7919323e-06,0.9793474
id14891,0.9999999,1.7056767e-08,1.0992829e-07
id02110,0.9999999,2.1561773e-08,1.2456508e-07
id24405,0.025062598,0.87490124,0.10003618
id00373,8.5291106e-07,3.4259398e-07,0.9999988
id12728,0.99999994,1.1406727e-08,6.564119e-08
id18958,0.9999999,1.4761401e-08,1.4170317e-07
id17443,4.0125652e-08,1.0,1.2430347e-08
id03959,0.9999999,2.0097783e-08,1.207326e-07
id13218,0.001421325,5.576038e-05,0.99852294
id01980,0.9999966,7.842036e-07,2.6322816e-06
id10697,0.9999999,1.114249e-08,9.329492e-08
id24816,0.99998605,3.256268e-07,1.3657991e-05
id00088,8.714336e-07,3.4935098e-07,0.9999988
id13846,3.8739493e-08,1.0,1.186112e-08
id17597,0.99999243,1.2778647e-06,6.339203e-06
id09947,3.527271e-08,1.0,1.0590788e-08
id12050,0.9995486,9.986537e-07,0.00045033015
id24060,8.61281e-07,3.4393483e-07,0.9999988
id19942,0.9999995,3.4590457e-08,4.2304734e-07
id06541,0.9999869,1.26810255e-05,4.5032587e-07
id05746,0.9999999,2.1561773e-08,1.6959649e-07
id13577,0.001486367,0.00016709177,0.99834657
id11877,4.1399378e-08,1.0,1.2925516e-08
id19491,0.00033792463,0.00016213799,0.9994999
id11352,8.61281e-07,3.4528094e-07,0.9999988
id12791,0.99999964,3.1741994e-08,3.4528122e-07
id05282,9.4408637e-07,3.675496e-07,0.9999987
id26833,0.9990566,1.6299415e-05,0.0009271773
id00580,8.7655457e-07,3.47989e-07,0.9999988
id01236,8.596005e-07,3.4663233e-07,0.9999988
id05455,4.441505e-08,1.0,1.4085429e-08
id00069,3.6677815e-08,1.0,1.1099051e-08
id01605,0.99999976,2.3132403e-08,2.4388655e-07
id17737,0.9998203,4.7928955e-07,0.00017917764
id11315,8.7313725e-07,3.4935098e-07,0.9999988
id24044,0.99847156,3.7064506e-06,0.0015247808
id18677,0.9999999,1.4363237e-08,1.4449802e-07
id17678,0.9993024,2.3764173e-06,0.0006952733
id21528,0.9999999,2.491458e-08,1.3950626e-07
id21985,0.9508964,0.047249965,0.001853676
id12860,0.9999987,4.0843264e-07,8.955905e-07
id08793,0.99999994,1.534943e-08,8.395636e-08
id09245,0.99999976,1.9403492e-08,2.1776616e-07
id12523,8.714336e-07,3.4935098e-07,0.9999988
id07158,5.032884e-08,0.99999994,1.6149023e-08
id03473,4.5304237e-06,0.9999924,3.0774358e-06
id05999,0.99999994,1.2142397e-08,7.294255e-08
id02469,0.99999803,6.107393e-07,1.3925459e-06
id16675,8.5124685e-07,3.4259398e-07,0.9999988
id20508,8.7313725e-07,3.4663233e-07,0.9999988
id12669,0.9999999,1.2430346e-08,9.1490435e-08
id22277,8.714336e-07,3.47989e-07,0.9999988
id00355,8.6973324e-07,3.4935098e-07,0.9999988
id24427,5.5275418e-08,0.99999994,1.858741e-08
id19241,0.99999976,3.9813386e-08,1.5563046e-07
id26301,0.0020519558,0.99756444,0.00038367306
id09404,1.31054e-07,0.9999999,4.5824926e-08
id14347,0.9999999,2.0898389e-08,1.4850363e-07
id06898,0.9999999,1.3493013e-08,1.0949972e-07
id08750,0.00097020465,2.1091999e-05,0.9990087
id13572,0.9999119,7.719803e-07,8.733221e-05
id08731,3.5828176e-08,1.0,1.0799672e-08
id20124,0.99999946,2.3960109e-08,5.5391723e-07
id14276,8.596005e-07,3.4528094e-07,0.9999988
id13035,0.9999995,2.4720684e-08,5.0238117e-07
id24056,8.61281e-07,3.4528094e-07,0.9999988
id21132,1.0,1.2576872e-08,5.7928144e-08
id21465,9.132545e-07,3.6468933e-07,0.99999875
id27148,5.09221e-08,0.99999994,1.6467535e-08
id14482,8.1556e-06,6.107351e-07,0.9999912
id17950,0.99999917,3.1249865e-08,7.252716e-07
id15233,3.6250505e-08,1.0,1.0926976e-08
id11794,8.61281e-07,3.4528094e-07,0.9999988
id27227,3.8138893e-08,1.0,1.1631705e-08
id13093,2.2473954e-05,0.9999714,6.168084e-06
id12869,3.6677815e-08,1.0,1.1099051e-08
id01256,0.99925196,0.00073431793,1.3728168e-05
id00934,0.99538594,2.2764211e-06,0.004611803
id00121,1.0090469e-05,0.999987,2.9595253e-06
id11054,4.2051322e-08,1.0,1.30268925e-08
id02573,0.9999976,4.1077108e-08,2.295919e-06
id13626,3.2951746e-06,1.2434002e-06,0.99999547
id25047,0.99941504,2.4572897e-05,0.00056037004
id04465,3.5688494e-08,1.0,1.0757569e-08
id09344,8.6973324e-07,3.5071832e-07,0.9999988
id24254,3.682137e-08,1.0,1.11424905e-08
id04266,8.6296484e-07,3.4393483e-07,0.9999988
id19734,0.9987299,4.4894923e-06,0.0012656501
id13127,0.99999976,2.4337432e-08,2.796173e-07
id27066,9.367394e-07,3.7043236e-07,0.9999987
id13629,8.6465207e-07,3.4393483e-07,0.9999988
id26484,0.99999857,6.615593e-08,1.3871175e-06
id02074,0.0015048198,1.7613656e-05,0.9984776
id24688,0.9994992,1.8656385e-06,0.0004989324
id17455,4.075754e-08,1.0,1.2675514e-08
id14980,0.9999998,1.4085426e-08,1.805345e-07
id15840,0.99999976,3.2368053e-08,2.0779393e-07
id20440,8.714336e-07,3.47989e-07,0.9999988
id25262,0.99999964,3.028842e-08,2.6681266e-07
id20395,4.9937178e-08,0.99999994,1.6149023e-08
id14332,7.690375e-07,0.9999989,3.1684763e-07
id07118,1.0409342e-06,4.0525418e-07,0.99999857
id26424,0.9999999,2.1227489e-08,1.4449802e-07
id21308,6.696038e-05,1.4424741e-05,0.99991864
id21688,8.782683e-07,3.4663233e-07,0.9999988
id09581,3.7255408e-08,1.0,1.1273835e-08
id27297,0.9999999,2.5505413e-08,1.6827669e-07
id20086,4.165886e-05,0.999941,1.7365997e-05
id03762,0.009090746,0.99082816,8.1137085e-05
id10789,0.9999385,2.5657553e-07,6.132763e-05
id18058,8.88621e-07,3.5903537e-07,0.9999988
id01701,0.99999994,1.4419455e-08,7.23749e-08
id17232,7.0422715e-08,0.99999994,2.4053897e-08
id23541,0.99812645,7.782803e-06,0.001865732
id20699,3.486177e-08,1.0,1.0426593e-08
id06657,8.714336e-07,3.5071832e-07,0.9999988
id13807,1.1959352e-05,5.368686e-07,0.9999875
id18344,0.00053833897,0.9983699,0.0010917309
id09363,8.834295e-07,3.52091e-07,0.9999988
id12470,8.628372e-08,0.99999994,2.9471451e-08
id13430,0.9999919,9.276298e-07,7.1273535e-06
id13549,8.6296484e-07,3.4393483e-07,0.9999988
id24423,0.9999999,2.5705456e-08,9.8539076e-08
id15402,0.9999989,5.838242e-08,1.0348531e-06
id22070,0.99999857,7.9344903e-07,6.786729e-07
id05977,0.99999994,1.1861119e-08,7.825592e-08
id18772,1.2855587e-05,4.230419e-07,0.9999867
id11214,1.2751904e-07,0.9999999,4.4588884e-08
id01263,0.99999845,3.3335292e-07,1.2337277e-06
id03187,0.9999999,3.1742e-08,9.113375e-08
id07817,0.99999976,4.0282693e-08,1.5321764e-07
id08796,2.3320724e-06,0.9999968,8.8515486e-07
id02347,0.0031361824,1.1134123e-05,0.9968527
id08989,8.61281e-07,3.4528094e-07,0.9999988
id24462,0.00022210782,0.99976176,1.6183987e-05
id05147,8.5291106e-07,3.4259398e-07,0.9999988
id26389,2.0698383e-07,0.99999976,7.73442e-08
id12300,9.4408637e-07,3.8669626e-07,0.9999987
id06273,0.9999995,4.8024095e-08,3.8669657e-07
id27453,4.908597e-05,0.99993765,1.3263017e-05
id19255,0.99999976,7.979937e-08,1.944433e-07
id22593,0.9999952,5.976669e-08,4.7385925e-06
id07089,0.9999999,1.8015536e-08,1.2407943e-07
id22379,3.9658172e-08,1.0,1.2237633e-08
id22024,0.99999905,4.288067e-08,9.4963474e-07
id25541,1.0780209e-07,0.9999999,3.873949e-08
id10216,1.8266259e-07,0.99999976,6.1905524e-08
id07493,0.9999997,1.5229977e-08,3.1808798e-07
id25552,0.0013736848,1.667848e-05,0.99860966
id21244,0.9999771,2.0139623e-07,2.2694629e-05
id17278,3.9813393e-08,1.0,1.2333613e-08
id14850,0.9999987,4.0053285e-07,9.3491167e-07
id21434,8.5291106e-07,3.4259398e-07,0.9999988
id22924,0.9999997,1.8086043e-08,3.1933297e-07
id17321,0.9999893,9.113278e-08,1.0616133e-05
id04319,0.9999994,1.4060035e-07,4.5033153e-07
id09823,3.2563122e-07,0.9999996,1.3105397e-07
id03485,4.02827e-08,1.0,1.2478998e-08
id12138,0.99999934,7.2942505e-08,5.8964184e-07
id00196,8.61281e-07,3.4528094e-07,0.9999988
id07822,9.1147257e-07,3.6468933e-07,0.99999875
id21775,8.9209897e-07,3.576356e-07,0.9999988
id13407,0.99996865,1.2025816e-07,3.126291e-05
id12430,3.7547604e-08,1.0,1.1451373e-08
id23691,0.9999999,2.0654914e-08,1.7498006e-07
id17641,4.02827e-08,1.0,1.2430347e-08
id09125,6.094578e-08,0.99999994,2.0735756e-08
id18512,0.9999989,3.8518877e-07,7.5416295e-07
id01639,0.00041317282,0.00021561088,0.99937123
id06860,8.6296484e-07,3.4528094e-07,0.9999988
id25534,0.99999994,1.7461257e-08,7.014816e-08
id13546,0.9999999,2.1561773e-08,1.7159564e-07
id10032,0.9999998,2.0980181e-08,1.9293014e-07
id05228,8.868871e-07,3.604406e-07,0.9999988
id24992,8.714336e-07,3.47989e-07,0.9999988
id14168,0.9999998,1.1317958e-08,1.9217799e-07
id20747,0.999952,2.102333e-07,4.776264e-05
id16986,0.9999996,1.0992826e-07,3.0233832e-07
id11226,8.1863607e-07,0.9999988,2.9881576e-07
id13998,0.9999995,1.6339376e-08,5.0632144e-07
id15169,0.99999994,1.534943e-08,8.8675584e-08
id00737,0.99999917,5.1522317e-08,8.09099e-07
id24476,0.99997306,1.2851574e-07,2.6792979e-05
id03044,0.9999993,3.8891088e-08,6.30127e-07
id26746,0.9999999,2.8453345e-08,1.4908487e-07
id10776,0.9999635,1.5201978e-07,3.6336325e-05
id06266,8.6465207e-07,3.4393483e-07,0.9999988
id13362,0.00013711618,0.99984926,1.3629477e-05
id09335,0.9999994,1.8227889e-08,5.9892733e-07
id15894,3.7255408e-08,1.0,1.131796e-08
id15866,8.834295e-07,3.52091e-07,0.9999988
id25763,9.552149e-07,3.9278584e-07,0.9999987
id01091,3.6109178e-08,1.0,1.0884375e-08
id11647,0.9999997,1.9293012e-07,1.4792465e-07
id19671,5.9323538e-05,2.3231432e-05,0.99991745
id18007,8.7313725e-07,3.4935098e-07,0.9999988
id01473,0.99999535,1.702595e-07,4.4951807e-06
id07169,9.240196e-07,3.7773847e-07,0.9999987
id05484,8.6296484e-07,3.4393483e-07,0.9999988
id18452,0.9999997,2.7470406e-08,3.205828e-07
id27490,0.96387655,0.03472983,0.0013936146
id11050,0.99999994,2.2073099e-08,8.696045e-08
id07588,8.6296484e-07,3.4393483e-07,0.9999988
id21194,0.9999999,1.1273833e-08,9.5881155e-08
id07282,8.6296484e-07,3.4393483e-07,0.9999988
id03652,0.99999976,1.2626095e-08,2.1024333e-07
id04009,3.527271e-08,1.0,1.0590788e-08
id27188,0.9999782,2.0822677e-06,1.9678984e-05
id19554,0.9999999,1.3759139e-08,1.4449802e-07
id04072,0.99999976,2.131057e-08,2.4869678e-07
id19023,0.00018163766,0.9997845,3.3863114e-05
id08801,8.6296484e-07,3.4528094e-07,0.9999988
id08893,0.00084674347,2.3532677e-05,0.9991297
id03644,3.6677815e-08,1.0,1.11424905e-08
id00579,0.9999915,9.329414e-08,8.4309395e-06
id15631,0.9999994,2.9818835e-08,5.9194963e-07
id07828,0.99999964,4.1561393e-08,2.4293567e-07
id00411,1.3156694e-07,0.9999998,4.8024113e-08
id26553,0.9999727,7.764482e-08,2.72149e-05
id05221,8.6465207e-07,3.4393483e-07,0.9999988
id20958,0.99999976,2.1987038e-08,2.220612e-07
id19691,0.9999999,1.2626096e-08,1.3156694e-07
id10400,0.99999994,1.4195901e-08,5.9766975e-08
id16157,8.7484426e-07,3.4663233e-07,0.9999988
id26110,3.6109178e-08,1.0,1.0926976e-08
id26270,6.879137e-08,0.99999994,2.304222e-08
id04157,0.99999964,2.5505408e-08,3.439351e-07
id24711,1.0069393e-06,4.0367422e-07,0.99999857
id05534,6.108786e-05,1.1168469e-05,0.99992776
id21712,1.6893526e-07,0.99999976,6.719781e-08
id03280,8.903583e-07,3.5624132e-07,0.9999988
id14997,8.596005e-07,3.4528094e-07,0.9999988
id21964,8.6465207e-07,3.4393483e-07,0.9999988
id20963,8.6296484e-07,3.4528094e-07,0.9999988
id08635,1.3738218e-05,0.9999835,2.8129791e-06
id16390,0.03268118,0.0016840863,0.96563476
id16486,0.9259637,6.5101076e-06,0.07402982
id14367,8.88621e-07,3.576356e-07,0.9999988
id10560,0.99999976,3.186623e-08,1.7566491e-07
id14106,0.9999995,1.3311777e-07,3.8972948e-07
id09668,0.99999964,3.554935e-08,2.689053e-07
id18250,0.9999999,1.7393182e-08,1.7026028e-07
id26648,0.9999815,7.6303957e-07,1.7709228e-05
id27314,0.99999964,4.7836874e-08,2.7528222e-07
id04581,9.79779e-07,3.8669626e-07,0.9999987
id06405,0.99999034,8.267862e-06,1.3871062e-06
id17908,8.579232e-07,3.4528094e-07,0.9999988
id07217,0.99607384,3.6831345e-06,0.0039224327
id17285,8.9209897e-07,3.5624132e-07,0.9999988
id19589,0.9999992,2.0334676e-08,7.811484e-07
id15916,0.9999369,4.8689407e-07,6.265936e-05
id26239,0.9999995,3.7842078e-08,4.2636538e-07
id20163,0.99999994,1.338801e-08,7.525799e-08
id22845,8.782683e-07,3.5485246e-07,0.9999988
id11509,0.99999857,1.0489417e-07,1.2979962e-06
id26789,0.95429194,0.045513134,0.00019492819
id24679,0.99997365,1.1726125e-06,2.5169687e-05
id19832,0.9999999,1.692403e-08,1.5563047e-07
id11724,0.99999976,2.1815934e-08,2.4198857e-07
id01539,0.99999964,1.8370855e-08,3.9586686e-07
id22039,0.00053046906,0.99926704,0.00020252659
id07621,8.61281e-07,3.4528094e-07,0.9999988
id16398,1.10358535e-07,0.9999999,3.813889e-08
id15932,0.9995699,2.0977423e-06,0.00042804188
id17054,3.5828176e-08,1.0,1.0757569e-08
id23487,0.9999993,2.2508436e-08,7.252717e-07
id16099,5.5275418e-08,0.99999994,1.79453e-08
id25225,0.9999995,7.674228e-08,4.280341e-07
id18173,3.065448e-06,0.9999956,1.3602843e-06
id24856,0.99999994,1.6467535e-08,7.9178385e-08
id14760,9.4778136e-07,3.8669626e-07,0.9999987
id25291,4.206811e-05,0.9999513,6.6431544e-06
id16267,0.99999833,2.5109948e-08,1.6863056e-06
id07922,8.6465207e-07,3.4393483e-07,0.9999988
id20870,0.99954295,2.321926e-06,0.00045474686
id21780,0.00047144532,0.9984968,0.0010317443
id21309,0.9999978,3.5624097e-07,1.8738748e-06
id05849,0.9999996,6.852316e-08,3.4393508e-07
id16246,8.6973324e-07,3.47989e-07,0.9999988
id25081,3.6250505e-08,1.0,1.09697424e-08
id06468,0.00015597773,0.9998277,1.6311995e-05
id13842,9.533513e-07,0.9999988,2.907557e-07
id23976,8.5624924e-07,3.4663233e-07,0.9999988
id25649,0.9999999,1.955568e-08,1.3156694e-07
id26815,3.711016e-08,1.0,1.1229883e-08
id09343,8.596005e-07,3.4663233e-07,0.9999988
id03120,0.99965644,2.2507436e-06,0.00034129425
id16638,0.9999999,1.7056767e-08,1.2263386e-07
id18625,8.7313725e-07,3.47989e-07,0.9999988
id01679,0.002193345,1.453532e-05,0.9977921
id17137,3.8739493e-08,1.0,1.1907543e-08
id14684,8.6296484e-07,3.4393483e-07,0.9999988
id01671,8.267867e-06,8.347756e-07,0.99999094
id27271,0.0012521166,2.6241876e-05,0.99872166
id16321,0.9999999,1.0224923e-08,9.113375e-08
id07468,3.5828176e-08,1.0,1.0757569e-08
id20777,8.7313725e-07,3.47989e-07,0.9999988
id26036,0.9999993,8.5612186e-08,6.276704e-07
id23135,8.6296484e-07,3.4393483e-07,0.9999988
id07669,8.596005e-07,3.4528094e-07,0.9999988
id00142,3.6109178e-08,1.0,1.0884375e-08
id12357,0.9999998,1.994138e-08,1.8481578e-07
id08890,8.782683e-07,3.5624132e-07,0.9999988
id21379,3.8739493e-08,1.0,1.186112e-08
id12099,0.9999999,1.1586357e-08,1.4734798e-07
id06503,0.00011889596,3.3536144e-05,0.9998476
id14408,4.49386e-08,1.0,1.4251464e-08
id17370,2.896224e-07,0.99999964,1.1793581e-07
id25432,0.99999964,2.1561767e-08,3.4259426e-07
id10132,8.834295e-07,3.52091e-07,0.9999988
id27069,5.1926452e-08,0.99999994,1.6924032e-08
id11515,0.99999374,2.1150915e-06,4.1573558e-06
id01323,0.9999999,2.414804e-08,1.618301e-07
id22520,8.5291106e-07,3.4259398e-07,0.9999988
id03293,8.596005e-07,3.4528094e-07,0.9999988
id19708,8.7484426e-07,3.47989e-07,0.9999988
id22346,0.99999917,4.1077172e-08,7.600781e-07
id27744,0.99999994,1.2527838e-08,8.395636e-08
id04004,0.9999989,8.9370985e-08,9.991037e-07
id09476,0.99999994,1.2576871e-08,8.902265e-08
id01582,8.7313725e-07,3.47989e-07,0.9999988
id23782,0.0010072425,0.00011693888,0.9988758
id03403,8.6296484e-07,3.4528094e-07,0.9999988
id11119,3.950356e-08,1.0,1.2237633e-08
id16681,0.99998903,4.3818002e-07,1.0533516e-05
id16399,0.99999994,1.2142397e-08,7.584825e-08
id22630,0.9999924,7.0443207e-06,6.05983e-07
id27950,0.99999833,1.250524e-07,1.529413e-06
id00046,0.9999999,1.659669e-08,1.290222e-07
id25556,8.699075e-05,1.2507752e-05,0.9999005
id16039,0.9999999,2.7685864e-08,1.3842062e-07
id09110,0.9999999,1.4030514e-08,1.3734342e-07
id19881,0.99999976,4.2051315e-08,1.3156692e-07
id21735,0.999998,5.1723905e-08,1.9333581e-06
id02023,0.99999976,1.8299236e-08,2.5860373e-07
id01230,7.380237e-08,0.99999994,2.4914582e-08
id14916,8.714336e-07,3.47989e-07,0.9999988
id04944,0.9999991,7.322797e-08,8.545788e-07
id04349,0.9999548,1.3156101e-07,4.504459e-05
id22580,4.254701e-08,1.0,1.3283825e-08
id00343,1.4060042e-07,0.9999998,5.4845255e-08
id14218,4.2051322e-08,1.0,1.3129063e-08
id10546,0.99999976,1.910267e-08,2.160715e-07
id05627,8.7313725e-07,3.4935098e-07,0.9999988
id13735,3.9196145e-08,1.0,1.2047906e-08
id01525,8.990958e-07,3.6185128e-07,0.99999875
id25242,5.1442174e-05,8.578794e-07,0.9999477
id17077,0.13886972,0.8607077,0.00042257612
id05672,0.0004442065,0.9995291,2.6676676e-05
id22404,9.312667e-07,0.9999987,3.1933266e-07
id25704,4.9548564e-08,0.99999994,1.5774932e-08
id00903,0.9999999,1.7461256e-08,1.0822401e-07
id15496,0.9999995,3.639237e-08,3.7479916e-07
id09903,9.496344e-07,3.646893e-07,0.9999987
id03419,0.9999999,1.6275681e-08,1.1430733e-07
id06647,0.9993955,1.5225318e-06,0.00060294144
id16700,3.7694562e-08,1.0,1.14961916e-08
id08983,0.874276,0.00020236187,0.12552163
id20782,0.9999982,5.3365813e-08,1.7672329e-06
id24494,0.9999997,8.169175e-08,2.506473e-07
id10495,3.218375e-07,0.9999996,1.2902217e-07
id21262,0.99992406,2.9531236e-07,7.558065e-05
id25689,8.596005e-07,3.4528094e-07,0.9999988
id03705,8.714336e-07,3.4935098e-07,0.9999988
id01187,0.00045032072,0.99952775,2.1943604e-05
id24649,0.00054953573,0.9994229,2.7520558e-05
id12629,8.61281e-07,3.4528094e-07,0.9999988
id15211,4.1399378e-08,1.0,1.2875124e-08
id13170,0.03746713,1.013886e-05,0.96252275
id14801,0.0003446363,0.9996354,1.9982032e-05
id18525,0.99999154,1.0407715e-07,8.398071e-06
id21963,0.9999999,1.1954146e-08,1.2026192e-07
id23746,8.6296484e-07,3.4528094e-07,0.9999988
id18216,8.6296484e-07,3.4528094e-07,0.9999988
id16493,8.61281e-07,3.4528094e-07,0.9999988
id12987,4.9355396e-08,0.99999994,1.596088e-08
id04814,4.425899e-05,0.9999386,1.7163635e-05
id18602,0.99999624,7.01479e-08,3.668863e-06
id23173,3.8288164e-08,1.0,1.167723e-08
id21165,0.9946055,0.00018034418,0.0052141165
id26123,0.9999999,1.0884374e-08,1.3788097e-07
id22608,2.0184969e-05,5.296507e-06,0.9999745
id21139,0.9999999,1.1677228e-08,1.4677353e-07
id21853,3.8739493e-08,1.0,1.1907543e-08
id24128,0.99999535,1.3574271e-07,4.58384e-06
id15666,0.99999976,4.0917048e-08,1.9068243e-07
id11552,2.1691717e-07,0.9999997,8.330298e-08
id17621,8.5124685e-07,3.4259398e-07,0.9999988
id20001,0.99993944,4.4505828e-07,6.0141494e-05
id14166,1.7773556e-07,0.99999976,6.4876424e-08
id24108,5.0723575e-08,0.99999994,1.6467535e-08
id19871,4.123798e-08,1.0,1.2875124e-08
id22361,8.596005e-07,3.4528094e-07,0.9999988
id21065,3.4604273e-05,0.99995095,1.4453407e-05
id20749,0.99999994,1.4761402e-08,7.644313e-08
id20898,3.9196145e-08,1.0,1.2047906e-08
id10398,9.778672e-07,3.8820974e-07,0.9999987
id03578,0.0007946346,0.00011447796,0.9990909
id25932,0.99927336,8.27685e-07,0.00072577834
id11133,8.9209897e-07,3.576356e-07,0.9999988
id15794,8.939659e-06,0.9999869,4.173599e-06
id24479,0.9999997,2.501209e-08,3.2563125e-07
id09563,3.711016e-08,1.0,1.1273835e-08
id11279,6.375546e-07,0.99999905,2.7420882e-07
id26680,0.99999917,4.3897565e-08,7.252716e-07
id20529,0.0012568926,0.00012062032,0.99862254
id11761,0.9999966,6.852296e-08,3.3145427e-06
id02337,3.6250505e-08,1.0,1.0926976e-08
id04890,1.4397553e-05,4.1485893e-07,0.9999852
id15707,8.545785e-07,3.4125833e-07,0.9999988
id26204,2.8913453e-05,2.8019695e-06,0.9999683
id15611,0.9999999,1.6990269e-08,1.7429787e-07
id17714,0.00013941088,1.5996764e-05,0.9998446
id15392,0.9999996,2.3680968e-08,4.347747e-07
id14685,3.9196145e-08,1.0,1.2047906e-08
id02508,1.6898204e-05,0.99997807,4.9950995e-06
id12406,0.9999999,2.8342415e-08,1.7498006e-07
id24096,4.1399378e-08,1.0,1.2875124e-08
id19837,0.9999999,1.3440408e-08,1.250526e-07
id25565,8.6973324e-07,3.4935098e-07,0.9999988
id27598,0.9999999,1.0884374e-08,9.550735e-08
id26085,0.99999964,4.3386162e-08,3.3596788e-07
id17400,8.903583e-07,3.576356e-07,0.9999988
id04501,0.99999905,1.09928195e-07,8.413297e-07
id02468,8.5291106e-07,3.4125833e-07,0.9999988
id07394,0.99982625,0.00014567125,2.8074677e-05
id18917,9.2568904e-08,0.9999999,3.3006458e-08
id14083,0.99999964,3.300645e-08,2.9189394e-07
id22675,8.955906e-07,3.6326753e-07,0.99999875
id27343,8.9209897e-07,3.5624132e-07,0.9999988
id23206,2.5716092e-05,0.99996567,8.66443e-06
id11105,3.5688494e-08,1.0,1.0757569e-08
id21017,8.5291106e-07,3.4125833e-07,0.9999988
id13716,0.095264204,1.1098305e-05,0.9047247
id00352,4.044036e-08,1.0,1.2478998e-08
id12173,0.0006570127,1.6333499e-06,0.99934137
id15008,1.4677353e-07,0.9999998,5.505991e-08
id23347,8.817058e-07,3.52091e-07,0.9999988
id23939,8.817058e-07,3.52091e-07,0.9999988
id12090,0.9998488,9.1311756e-07,0.00015029876
id08307,3.527271e-08,1.0,1.0549498e-08
id21316,9.0085354e-07,3.6185128e-07,0.99999875
id16457,9.1503995e-07,3.661167e-07,0.99999875
id23808,8.6296484e-07,3.4393483e-07,0.9999988
id12826,7.380237e-08,0.99999994,2.481745e-08
id16819,9.816944e-07,4.1163597e-07,0.99999857
id15128,3.527271e-08,1.0,1.0590788e-08
id14953,1.722672e-07,0.99999976,6.538526e-08
id04083,0.9999989,2.2684961e-08,1.059394e-06
id00773,4.075754e-08,1.0,1.2675514e-08
id24585,9.061475e-07,3.704324e-07,0.99999875
id01362,9.258261e-07,3.6611667e-07,0.9999987
id04514,0.9999986,6.118424e-08,1.2828742e-06
id19075,0.99999994,1.11424905e-08,6.798993e-08
id06283,0.99999964,4.221589e-08,3.1684786e-07
id19848,3.5688494e-08,1.0,1.0715629e-08
id02566,4.618434e-08,0.99999994,1.4646527e-08
id26973,8.9384315e-07,3.5485246e-07,0.9999988
id09333,8.5291106e-07,3.4125833e-07,0.9999988
id21745,8.834295e-07,3.52091e-07,0.9999988
id27167,9.4026646e-08,0.9999999,3.1742e-08
id08481,4.7095245e-08,0.99999994,1.4819176e-08
id19456,0.9999999,2.8788742e-08,1.01270686e-07
id01495,0.9998858,1.3654584e-06,0.000112792804
id15069,9.2221666e-07,3.7043236e-07,0.9999987
id18174,8.782683e-07,3.4663233e-07,0.9999988
id14450,9.952082e-07,4.005328e-07,0.99999857
id04149,3.9349555e-08,1.0,1.209506e-08
id10972,8.868871e-07,3.5071832e-07,0.9999988
id05547,4.254701e-08,1.0,1.3335816e-08
id17670,3.6109178e-08,1.0,1.0926976e-08
id04740,0.9999826,1.0612894e-07,1.7299011e-05
id24842,4.2981716e-05,5.3379263e-06,0.99995166
id26895,8.817058e-07,3.5346903e-07,0.9999988
id15591,0.0009575027,2.8717097e-05,0.9990138
id20895,3.9196145e-08,1.0,1.209506e-08
id11532,8.61281e-07,3.4393483e-07,0.9999988
id16516,8.714336e-07,3.5071832e-07,0.9999988
id14940,1.250526e-07,0.9999999,4.6911637e-08
id17152,0.99999976,2.1477709e-08,2.7852718e-07
id12870,4.2051322e-08,1.0,1.3129063e-08
id17405,0.00050280447,7.9788624e-05,0.9994174
id22274,4.0125652e-08,1.0,1.2478998e-08
id08337,8.9384315e-07,3.5624132e-07,0.9999988
id19549,9.367394e-07,3.7188215e-07,0.9999987
id19195,0.99999976,2.3680972e-08,2.1861845e-07
id11564,0.9999999,2.8121853e-08,9.077846e-08
id26771,8.579232e-07,3.4528094e-07,0.9999988
id24955,4.1887382e-08,1.0,1.30268925e-08
id22140,0.99999756,1.1793556e-07,2.3320742e-06
id19920,8.834295e-07,3.5346903e-07,0.9999988
id09807,4.321703e-08,1.0,1.3545825e-08
id27426,0.9999999,1.8227897e-08,1.562396e-07
id22006,0.99999994,1.4761402e-08,6.239107e-08
id10604,0.99999523,1.4765741e-06,3.2887442e-06
id11017,0.99994504,4.851446e-05,6.489225e-06
id14335,8.61281e-07,3.4528094e-07,0.9999988
id08707,0.9999999,2.3042219e-08,1.4005228e-07
id15869,8.680362e-07,3.4259398e-07,0.9999988
id20593,0.9999993,2.8901402e-08,7.630531e-07
id07428,0.99999857,8.380493e-07,5.782366e-07
id11527,9.061475e-07,3.6044057e-07,0.99999875
id14901,0.9999999,1.149619e-08,1.1610741e-07
id19733,0.9999999,1.2925514e-08,1.5381734e-07
id24677,0.00012931394,0.9998574,1.32619525e-05
id26656,8.5124685e-07,3.4259398e-07,0.9999988
id11707,0.99999994,1.2875123e-08,7.979939e-08
id26218,3.8588464e-08,1.0,1.1814879e-08
id19262,8.596005e-07,3.4528094e-07,0.9999988
id24905,9.241834e-05,3.0121277e-05,0.99987745
id09170,0.9996308,9.236797e-07,0.00036829762
id05772,8.6296484e-07,3.4528094e-07,0.9999988
id25405,8.6973324e-07,3.5071832e-07,0.9999988
id18491,8.782683e-07,3.47989e-07,0.9999988
id07780,0.0010646177,0.00032405648,0.99861133
id01689,8.596005e-07,3.4528094e-07,0.9999988
id17498,8.61281e-07,3.4528094e-07,0.9999988
id19964,0.9999984,1.12975435e-07,1.4939841e-06
id14525,8.596005e-07,3.4663233e-07,0.9999988
id26363,1.45672575e-05,8.886083e-07,0.9999845
id07108,8.955906e-07,3.5624132e-07,0.99999875
id11692,0.99999994,1.7875339e-08,8.561225e-08
id10891,0.0001168051,0.99968374,0.00019946983
id16743,1.0246443e-07,0.9999999,5.0132627e-08
id11556,0.9999999,1.3867052e-08,1.6437855e-07
id09116,0.99999976,4.238113e-08,1.514326e-07
id24015,9.367394e-07,3.821911e-07,0.9999987
id00347,8.9384304e-07,3.646893e-07,0.9999987
id06284,8.5291106e-07,3.4125833e-07,0.9999988
id18794,3.6109178e-08,1.0,1.0884375e-08
id10702,3.9813393e-08,1.0,1.2237633e-08
id19239,8.834295e-07,3.5071832e-07,0.9999988
id26016,0.9999915,7.1531105e-08,8.480486e-06
id26227,0.0034225057,0.00012539736,0.9964521
id05367,5.8977643e-05,0.9999291,1.1982034e-05
id09568,1.4341399e-05,2.106824e-06,0.99998355
id04660,0.99999976,3.610917e-08,1.4225776e-07
id04744,0.9999398,1.9672355e-07,6.0024166e-05
id07251,4.02827e-08,1.0,1.2478998e-08
id25977,3.6109178e-08,1.0,1.0884375e-08
id06244,8.7655457e-07,3.5624132e-07,0.9999988
id24560,0.0007096515,0.9992637,2.6669593e-05
id05091,9.702574e-07,3.958665e-07,0.9999987
id27248,7.827855e-06,0.99999046,1.6995182e-06
id12528,0.00018235004,2.5018113e-05,0.99979264
id27322,0.9999998,1.0448535e-07,6.094577e-08
id27213,9.2041734e-07,3.6044057e-07,0.99999875
id18588,0.99999976,4.139937e-08,1.6827667e-07
id14485,1.2098651e-06,4.9652766e-07,0.99999833
id27475,9.1325444e-07,3.8518868e-07,0.9999987
id02280,9.740548e-07,4.0525416e-07,0.99999857
id24083,3.6250505e-08,1.0,1.0926976e-08
id02321,8.6465207e-07,3.4393483e-07,0.9999988
id10299,8.6296484e-07,3.4393483e-07,0.9999988
id27680,0.9999999,2.5806063e-08,1.1565475e-07
id17607,8.61281e-07,3.4528094e-07,0.9999988
id06661,8.88621e-07,3.576356e-07,0.9999988
id23860,0.9999999,1.1229881e-08,1.00090844e-07
id26850,3.527271e-08,1.0,1.0590788e-08
id16484,0.9999806,3.4662605e-07,1.9036357e-05
id15302,9.683641e-07,3.8669626e-07,0.9999987
id21138,0.9999975,7.7204635e-07,1.7741484e-06
id02525,0.00046046978,0.0011610172,0.9983785
id12608,3.6677815e-08,1.0,1.1055779e-08
id23863,8.579232e-07,3.4663233e-07,0.9999988
id01755,0.9999999,1.7805649e-08,1.618301e-07
id10567,0.9999999,1.3440408e-08,1.12975606e-07
id08445,0.00080684084,0.9987104,0.00048272853
id18146,8.817058e-07,3.52091e-07,0.9999988
id22263,0.9999337,3.1873642e-06,6.3150605e-05
id13537,8.6296484e-07,3.4528094e-07,0.9999988
id19985,0.99999,2.5658875e-07,9.780047e-06
id08053,8.714336e-07,3.4935098e-07,0.9999988
id18959,3.5828176e-08,1.0,1.0757569e-08
id06641,3.7255408e-08,1.0,1.1273835e-08
id27291,3.7842096e-08,1.0,1.14961916e-08
id16124,9.0085354e-07,3.6044057e-07,0.99999875
id18221,8.663425e-07,3.4393483e-07,0.9999988
id25670,0.9999999,1.24789965e-08,9.8539076e-08
id18472,0.9999994,2.55054e-08,6.5012944e-07
id10302,1.0051156e-05,3.3334996e-07,0.9999896
id07721,4.321703e-08,1.0,1.3598841e-08
id22148,8.714336e-07,3.47989e-07,0.9999988
id04724,3.6250505e-08,1.0,1.0926976e-08
id03980,0.9999995,3.527269e-08,3.9432348e-07
id11982,0.9999999,1.5591146e-08,1.2603341e-07
id05566,3.6109178e-08,1.0,1.0884375e-08
id13235,3.6677815e-08,1.0,1.1012678e-08
id24524,0.9995768,1.7943064e-06,0.00042140862
id26783,8.6465207e-07,3.4528094e-07,0.9999988
id02220,1.7640099e-05,0.99997663,5.7493166e-06
id17163,0.9999966,1.8053392e-07,3.2000403e-06
id21903,0.99999785,5.658612e-08,2.0986402e-06
id13350,8.545785e-07,3.4125833e-07,0.9999988
id07036,0.99999887,2.4148017e-08,1.1499612e-06
id09150,0.9999993,3.5968377e-08,6.107401e-07
id22042,8.6296484e-07,3.4528094e-07,0.9999988
id19562,9.294497e-07,3.7479887e-07,0.9999987
id05125,0.999999,7.8255844e-08,9.759596e-07
id19462,0.9999999,1.5960879e-08,9.8539076e-08
id02265,0.99999976,3.889111e-08,1.3156692e-07
id11769,0.9941321,0.0058353287,3.250846e-05
id19021,0.99999964,3.9658158e-08,3.3075915e-07
id06166,0.99999994,1.3812991e-08,6.8256035e-08
id26800,0.9999995,5.5708927e-08,4.485759e-07
id21422,8.799854e-07,3.5346903e-07,0.9999988
id13116,3.8739493e-08,1.0,1.186112e-08
id05996,0.9999999,1.7529597e-08,1.0822401e-07
id23318,0.99999994,1.30778774e-08,7.294255e-08
id20725,8.834295e-07,3.5346903e-07,0.9999988
id09210,0.9999653,3.2503317e-06,3.1385163e-05
id25842,0.00072292506,0.99924064,3.6452166e-05
id00767,0.46388486,9.7192016e-05,0.53601795
id05036,3.9658172e-08,1.0,1.2237633e-08
id14853,8.663425e-07,3.4393483e-07,0.9999988
id16946,8.61281e-07,3.4663233e-07,0.9999988
id26804,4.1399378e-08,1.0,1.282493e-08
id24061,8.9209897e-07,3.5624132e-07,0.9999988
id19861,0.9999999,2.1561773e-08,9.7391066e-08
id18210,0.99996567,1.2801377e-07,3.426849e-05
id24313,8.5124685e-07,3.4259398e-07,0.9999988
id15960,8.817058e-07,3.5346903e-07,0.9999988
id14037,0.99999994,1.20009345e-08,7.9488274e-08
id17785,8.579232e-07,3.4528094e-07,0.9999988
id19362,8.7655457e-07,3.4663233e-07,0.9999988
id10372,0.9999999,1.2675512e-08,1.0613077e-07
id03061,0.0003053435,0.99967694,1.7703835e-05
id27583,8.545785e-07,3.4125833e-07,0.9999988
id22055,0.9999999,1.2976103e-08,1.0246443e-07
id07920,3.5688494e-08,1.0,1.0715629e-08
id16813,0.99999344,1.0127004e-07,6.489539e-06
id03088,3.1816904e-05,0.9999559,1.226651e-05
id03026,3.7255408e-08,1.0,1.131796e-08
id09934,0.9999998,1.5349428e-08,2.0140081e-07
id21452,0.9999997,2.1477709e-08,2.9998554e-07
id05576,8.7313725e-07,3.47989e-07,0.9999988
id22391,8.61281e-07,3.4528094e-07,0.9999988
id10554,0.99999213,4.289318e-06,3.5978862e-06
id03291,8.5291106e-07,3.4125833e-07,0.9999988
id23280,0.99999976,2.0816907e-08,2.3271815e-07
id17777,8.5291106e-07,3.4125833e-07,0.9999988
id24574,0.9999333,1.0227295e-06,6.5666216e-05
id05459,4.2051322e-08,1.0,1.3129063e-08
id02724,9.627068e-07,3.8972917e-07,0.9999987
id27678,0.9999995,8.662138e-08,4.0053317e-07
id21722,2.1438997e-07,0.99999964,7.9178356e-08
id18139,0.99999964,3.66778e-08,3.3596788e-07
id16264,3.711016e-08,1.0,1.1229883e-08
id14537,0.9996465,6.891178e-07,0.00035281302
id18814,0.9999993,3.4054175e-08,6.3755476e-07
id08331,3.9196145e-08,1.0,1.2047906e-08
id03963,0.9999999,2.6834059e-08,1.4908487e-07
id07558,0.9999999,1.3129061e-08,1.1253516e-07
id26275,0.99999905,5.6365575e-08,8.7484443e-07
id26188,5.4647367e-06,0.99999285,1.706174e-06
id06789,7.499061e-05,0.99989915,2.5865493e-05
id21788,3.4725858e-08,1.0,1.0385944e-08
id13972,0.99999964,3.2621912e-08,2.4293567e-07
id08643,0.99999994,1.0264944e-08,8.561225e-08
id09642,3.9658172e-08,1.0,1.2237633e-08
id14054,0.9999995,3.1618242e-08,4.7379055e-07
id12216,8.5291106e-07,3.4125833e-07,0.9999988
id09211,4.321703e-08,1.0,1.3545825e-08
id16903,3.8138893e-08,1.0,1.167723e-08
id18976,8.6296484e-07,3.4528094e-07,0.9999988
id01861,0.9999976,3.452805e-07,2.0580485e-06
id22745,3.6250505e-08,1.0,1.0926976e-08
id03560,0.99999976,1.5111455e-08,2.118923e-07
id17799,0.9999999,1.4251462e-08,1.5563047e-07
id12387,9.404057e-07,3.821911e-07,0.9999987
id09450,0.99989974,6.9199024e-07,9.9540695e-05
id18088,8.9209897e-07,3.5624132e-07,0.9999988
id21697,0.99999994,1.1861119e-08,7.265817e-08
id26128,4.424189e-08,1.0,1.3867054e-08
id27462,8.7484426e-07,3.47989e-07,0.9999988
id19394,0.99999994,1.1317959e-08,7.674232e-08
id19929,4.2051322e-08,1.0,1.30268925e-08
id16056,0.001287981,7.0221286e-05,0.9986418
id08756,8.9209897e-07,3.5624132e-07,0.9999988
id09203,3.8739493e-08,1.0,1.1907543e-08
id14098,0.9999999,1.932785e-08,1.00875866e-07
id24641,0.9999868,1.2006152e-05,1.200436e-06
id24507,3.711016e-08,1.0,1.1229883e-08
id20161,0.9979889,0.001955001,5.616766e-05
id11710,9.3126675e-07,3.7479887e-07,0.9999987
id15751,3.1808796e-07,0.9999996,1.1386166e-07
id06617,6.670002e-05,4.2556694e-06,0.9999291
id19131,0.9999682,1.7634684e-07,3.1693253e-05
id02796,0.0035343952,0.99639505,7.0612805e-05
id15575,1.10358535e-07,0.9999999,3.9969215e-08
id21828,0.9999994,1.0326802e-07,4.574232e-07
id15093,4.3048544e-08,1.0,1.3493015e-08
id27867,0.9997775,1.1794482e-05,0.00021070188
id19315,8.6296484e-07,3.4528094e-07,0.9999988
id19398,0.00026737733,0.99971277,1.9828063e-05
id01572,5.6586238e-08,0.99999994,1.8660161e-08
id09781,0.9999999,1.2142396e-08,1.3416185e-07
id19278,3.726634e-06,0.9999949,1.4200068e-06
id11852,8.596005e-07,3.4663233e-07,0.9999988
id07067,8.6465207e-07,3.4393483e-07,0.9999988
id08550,6.437157e-08,0.99999994,2.1310575e-08
id02634,0.99995506,2.8400794e-07,4.460685e-05
id02449,0.99999976,1.7805647e-08,2.8181037e-07
id10359,0.9999996,1.4506351e-07,3.243617e-07
id00217,0.9999999,1.6726858e-08,1.7294148e-07
id20848,3.5688494e-08,1.0,1.0715629e-08
id20229,0.9999999,1.8227897e-08,1.5381734e-07
id02211,5.955129e-06,0.99999225,1.7603327e-06
id08435,4.0210077e-07,0.9999994,1.5869993e-07
id23681,8.714336e-07,3.4935098e-07,0.9999988
id00571,9.240196e-07,3.6044054e-07,0.9999987
id16280,8.5291106e-07,3.4125833e-07,0.9999988
id15022,0.9830027,5.2066134e-06,0.016992135
id08040,8.5291106e-07,3.4259398e-07,0.9999988
id18087,0.99999964,3.1372185e-08,2.5559086e-07
id11280,0.99999976,2.065491e-08,2.3090713e-07
id21543,0.9999992,6.6674836e-08,7.309601e-07
id00245,0.9999999,1.3440408e-08,1.6566779e-07
id13745,8.545785e-07,3.4125833e-07,0.9999988
id15734,0.9999999,2.1561773e-08,1.6893529e-07
id22572,3.8138893e-08,1.0,1.167723e-08
id12741,9.89394e-07,3.7773847e-07,0.9999987
id16477,8.9209897e-07,0.9999988,3.4528094e-07
id26261,8.6296484e-07,3.4393483e-07,0.9999988
id15867,0.99999976,3.2749597e-08,2.1355419e-07
id10479,0.9999999,2.9014537e-08,1.7226724e-07
id17736,8.6296484e-07,3.4393483e-07,0.9999988
id17768,8.596005e-07,3.4393483e-07,0.9999988
id14172,0.00061962364,0.9983687,0.0010116588
id01972,8.6296484e-07,3.4528094e-07,0.9999988
id10962,0.9999995,2.5907056e-08,4.5209407e-07
id16692,0.99988484,5.7143495e-07,0.00011456894
id25471,3.6250505e-08,1.0,1.0884375e-08
id05603,3.7694562e-08,1.0,1.1451373e-08
id15340,0.0005855248,3.3586024e-05,0.9993809
id22971,0.9998723,8.121627e-07,0.00012681466
id06765,3.554936e-08,1.0,1.0715629e-08
id19864,0.9999852,8.233127e-08,1.4738981e-05
id15834,1.4966835e-07,0.99999976,5.378445e-08
id17395,8.990958e-07,3.6185128e-07,0.99999875
id02585,3.9196145e-08,1.0,1.209506e-08
id13154,0.9999999,1.5469816e-08,1.5381734e-07
id12972,0.00010168976,0.99977547,0.00012290108
id11103,0.99997544,1.0206246e-07,2.4490824e-05
id26062,1.0089079e-06,4.4162095e-07,0.99999857
id07339,0.99999964,4.2713523e-08,2.4388652e-07
id06096,0.99999994,1.375914e-08,6.58981e-08
id22945,1.1122409e-07,0.9999999,3.7842092e-08
id10058,0.9999999,2.0097783e-08,1.6696713e-07
id06435,0.99999994,1.2774928e-08,7.153171e-08
id12636,9.952082e-07,4.1163597e-07,0.99999857
id25423,8.6296484e-07,3.4393483e-07,0.9999988
id12990,7.239592e-06,9.0968774e-07,0.99999183
id24106,0.00033446355,0.0045890324,0.9950765
id14481,4.0917058e-08,1.0,1.2725124e-08
id03617,1.603026e-05,6.083493e-07,0.9999833
id26055,0.99999976,1.3867051e-08,2.506473e-07
id23712,0.9999998,2.5907065e-08,1.8919854e-07
id19441,3.7255408e-08,1.0,1.131796e-08
id17042,0.9999999,6.118431e-08,6.987467e-08
id09018,4.075754e-08,1.0,1.26260975e-08
id08879,3.432129e-08,1.0,1.0185062e-08
id10841,3.527271e-08,1.0,1.0590788e-08
id04776,3.6109178e-08,1.0,1.0884375e-08
id26526,8.7313725e-07,3.47989e-07,0.9999988
id14181,5.286499e-05,0.999887,6.013834e-05
id18396,0.99999845,3.9813333e-08,1.465088e-06
id05585,5.073839e-06,0.99999344,1.4823506e-06
id11546,8.955906e-07,3.5624132e-07,0.99999875
id08027,5.5059918e-08,0.99999994,1.8015538e-08
id00659,0.0017081648,2.0588193e-05,0.9982712
id10937,3.6250505e-08,1.0,1.09697424e-08
id01898,3.9658172e-08,1.0,1.2285529e-08
id23695,8.596005e-07,3.4528094e-07,0.9999988
id07856,2.8461725e-06,0.9999958,1.2580576e-06
id25233,0.99979585,3.7766185e-07,0.00020382454
id24052,1.0308182e-06,4.398992e-07,0.9999985
id01698,3.7547604e-08,1.0,1.1451373e-08
id01356,4.2713538e-08,1.0,1.3388011e-08
id10430,3.8138893e-08,1.0,1.167723e-08
id04778,8.6465207e-07,3.4393483e-07,0.9999988
id24707,4.02827e-08,1.0,1.2381887e-08
id04539,0.9999345,2.1187847e-07,6.528265e-05
id20011,0.9999993,5.9301826e-08,6.786734e-07
id09950,1.6959646e-07,0.99999976,5.838247e-08
id14397,0.9999998,2.8012215e-08,1.9520435e-07
id04457,3.9349555e-08,1.0,1.209506e-08
id19469,6.96256e-05,0.9998874,4.2978954e-05
id24230,9.186213e-07,3.7188215e-07,0.9999987
id16719,0.9999999,2.935655e-08,1.5870002e-07
id20183,4.321703e-08,1.0,1.3545825e-08
id24531,8.5291106e-07,3.4125833e-07,0.9999988
id04934,0.9999982,4.1811816e-07,1.3763224e-06
id17230,9.061475e-07,3.5903534e-07,0.99999875
id07561,0.9999971,7.281087e-07,2.2339893e-06
id12282,8.7985505e-08,0.9999999,2.993556e-08
id14992,0.9956256,0.0043535787,2.0775677e-05
id02934,0.9999984,2.565909e-07,1.370957e-06
id00189,0.9999999,1.4532546e-08,1.4620132e-07
id27941,3.4725858e-08,1.0,1.0385944e-08
id14642,3.8288164e-08,1.0,1.167723e-08
id23445,0.99999964,3.9503547e-08,3.386029e-07
id21603,8.714336e-07,3.4935098e-07,0.9999988
id21046,3.6250505e-08,1.0,1.09697424e-08
id02264,3.8821003e-07,0.9999994,1.682766e-07
id00409,0.0002218911,1.5995443e-05,0.9997621
id00351,0.9997607,9.988656e-07,0.00023828664
id14362,3.5410764e-08,1.0,1.0590788e-08
id20757,0.99998707,1.0511372e-06,1.186628e-05
id22764,0.9997937,0.00020144947,4.8216525e-06
id19264,8.851566e-07,3.5071832e-07,0.9999988
id04506,0.99999964,2.2508443e-08,3.6898848e-07
id18505,0.9999634,3.612403e-05,4.7935816e-07
id27354,8.7313725e-07,3.47989e-07,0.9999988
id22410,0.99999994,1.7325373e-08,8.105605e-08
id14241,4.1399378e-08,1.0,1.282493e-08
id18785,8.014047e-05,0.99991095,8.9041305e-06
id16649,0.9999999,2.414804e-08,1.6437855e-07
id16386,4.1561407e-08,1.0,1.2875124e-08
id09051,8.799854e-07,3.5346903e-07,0.9999988
id22296,0.99999994,1.5052546e-08,6.987468e-08
id08584,2.2650298e-05,2.3595107e-06,0.99997497
id22219,8.7484426e-07,3.47989e-07,0.9999988
id18790,3.4725858e-08,1.0,1.0385944e-08
id10922,8.9386296e-05,0.9997225,0.00018812527
id15002,8.61281e-07,3.4528094e-07,0.9999988
id24862,3.5828176e-08,1.0,1.0757569e-08
id25845,0.99999845,4.107714e-08,1.517511e-06
id17586,1.6506801e-05,0.9999807,2.8461293e-06
id09390,8.6296484e-07,3.4393483e-07,0.9999988
id20069,0.0005203073,0.999456,2.3724991e-05
id05953,1.8409521e-07,0.99999976,6.9874666e-08
id15583,3.711016e-08,1.0,1.1273835e-08
id03482,8.596005e-07,3.4528094e-07,0.9999988
id06243,0.0007378409,0.00010671209,0.99915546
id01116,8.88621e-07,3.576356e-07,0.9999988
id17530,4.2051322e-08,1.0,1.3129063e-08
id07552,8.61281e-07,3.4528094e-07,0.9999988
id03131,3.7694562e-08,1.0,1.14961916e-08
id23142,8.5291106e-07,3.4125833e-07,0.9999988
id05540,0.99999964,4.9937164e-08,2.7101436e-07
id06292,0.9999999,2.5605237e-08,1.3574332e-07
id26506,0.00028966425,0.9996964,1.3896168e-05
id19068,8.7484426e-07,3.47989e-07,0.9999988
id21782,8.6296484e-07,3.4528094e-07,0.9999988
id24563,4.1561407e-08,1.0,1.2774929e-08
id21986,0.99998355,2.9944006e-06,1.3446209e-05
id04967,4.0299008e-05,2.8129043e-06,0.9999569
id11760,8.955906e-07,3.6468933e-07,0.99999875
id02483,0.99999976,1.4532544e-08,2.796173e-07
id15791,8.596005e-07,3.4393483e-07,0.9999988
id14256,1.2337276e-06,4.7564433e-07,0.99999833
id18328,0.9999976,5.907053e-08,2.341202e-06
id06213,3.5688494e-08,1.0,1.0715629e-08
id00772,0.9999994,5.3784433e-08,5.223937e-07
id01113,0.99999946,3.1933288e-07,2.2380281e-07
id03972,0.99999994,1.3180448e-08,8.494601e-08
id25386,3.6109178e-08,1.0,1.0884375e-08
id09156,1.3311781e-07,0.9999998,4.8400768e-08
id22624,3.8154234e-05,0.9999542,7.6761735e-06
id17789,6.487644e-08,0.99999994,2.1730887e-08
id09039,4.1561407e-08,1.0,1.2925516e-08
id20538,0.012920424,3.6928864e-06,0.98707587
id05501,8.9734147e-07,3.5346903e-07,0.99999875
id27641,0.9999944,1.7741429e-06,3.815007e-06
id05965,8.663425e-07,3.4393483e-07,0.9999988
id23431,0.0043288856,0.99555296,0.00011815426
id13075,8.61281e-07,3.4393483e-07,0.9999988
id26190,0.9993376,8.985014e-07,0.0006615168
id12196,0.9999879,9.777108e-08,1.1982739e-05
id21318,6.5130365e-08,0.99999994,2.1477714e-08
id11277,0.00038184976,0.9986582,0.0009599702
id07193,0.9999994,4.4069385e-08,5.8277226e-07
id17105,8.88621e-07,3.576356e-07,0.9999988
id18263,0.9999962,3.5968267e-08,3.7339246e-06
id22875,8.596005e-07,3.4393483e-07,0.9999988
id07157,8.596005e-07,3.4528094e-07,0.9999988
id15051,0.9999637,3.0351077e-07,3.598321e-05
id08871,0.9992762,6.1048064e-05,0.0006627694
id17036,8.834295e-07,3.5071832e-07,0.9999988
id02783,8.596005e-07,3.4528094e-07,0.9999988
id26418,0.9999999,1.149619e-08,1.2263386e-07
id15748,0.9999983,1.07381624e-07,1.6217042e-06
id00820,1.7847988e-05,0.99997383,8.365183e-06
id27695,0.99926037,7.434839e-06,0.00073217583
id27286,0.989604,0.00010883422,0.0102871815
id11680,8.6465207e-07,3.4528094e-07,0.9999988
id01070,8.7313725e-07,3.4935098e-07,0.9999988
id18486,8.579232e-07,3.4528094e-07,0.9999988
id12389,4.3048544e-08,1.0,1.3598841e-08
id12544,5.2144906e-06,0.99999326,1.5718017e-06
id04692,0.9999999,1.866016e-08,1.5746501e-07
id17342,0.9999945,9.47636e-08,5.348591e-06
id09640,9.1503995e-07,3.6326753e-07,0.99999875
id24300,8.596005e-07,3.4528094e-07,0.9999988
id13725,0.9999571,3.6042556e-07,4.256424e-05
id22633,0.9999999,1.1768815e-08,1.0949972e-07
id16653,0.9999348,5.003902e-07,6.4774635e-05
id00184,0.9999999,1.1814877e-08,1.0696316e-07
id23872,0.9999999,1.9252498e-08,1.1122409e-07
id05095,0.96451473,8.068553e-06,0.03547722
id05757,9.0791906e-07,3.6898817e-07,0.99999875
id26883,0.9999999,2.1477712e-08,1.1610741e-07
id01868,0.99999917,3.3135617e-08,7.5122296e-07
id13053,8.61281e-07,3.4393483e-07,0.9999988
id24443,0.001533695,0.9984414,2.4935549e-05
id12795,3.6109178e-08,1.0,1.0926976e-08
id05298,8.6296484e-07,3.4393483e-07,0.9999988
id07560,9.026148e-07,3.6044057e-07,0.99999875
id10281,8.868871e-07,3.5071832e-07,0.9999988
id07254,0.9999995,1.5960874e-08,5.142948e-07
id00837,2.401054e-07,0.99999964,9.4026625e-08
id04534,8.6296484e-07,3.4528094e-07,0.9999988
id16716,0.99999964,3.2749593e-08,3.3992814e-07
id04057,0.9894509,0.009157131,0.0013920033
id14988,0.9999964,8.461453e-08,3.5145563e-06
id05353,0.9999991,1.0489423e-07,7.903562e-07
id21250,4.5220662e-05,0.9999498,4.9175187e-06
id25963,4.3726455e-08,1.0,1.3705499e-08
id10370,8.6296484e-07,3.4528094e-07,0.9999988
id26934,0.99999523,1.0246396e-07,4.6925425e-06
id07649,8.799854e-07,3.5346903e-07,0.9999988
id21169,0.99986565,1.414288e-06,0.00013289973
id25824,0.99999994,1.5774932e-08,6.693584e-08
id01154,2.5961583e-07,0.99999964,9.931191e-08
id02523,0.9999988,3.974159e-07,7.842054e-07
id07677,0.9999998,2.0654912e-08,1.8553912e-07
id24447,8.6296484e-07,3.4393483e-07,0.9999988
id23036,9.294497e-07,3.562413e-07,0.9999987
id05424,0.9999988,1.5623942e-07,9.797791e-07
id18807,8.7313725e-07,3.47989e-07,0.9999988
id05894,4.321703e-08,1.0,1.3545825e-08
id08494,0.9814311,2.723709e-05,0.018541615
id17181,0.99977714,1.2143317e-06,0.00022167784
id24037,3.7255408e-08,1.0,1.131796e-08
id22495,0.99999917,5.46314e-08,7.600781e-07
id21717,0.9996376,1.2381095e-06,0.00036117653
id00477,0.9999529,1.2557363e-05,3.446943e-05
id03167,8.579232e-07,3.4528094e-07,0.9999988
id08783,8.782683e-07,3.5624132e-07,0.9999988
id11954,0.9999999,1.47038515e-08,1.12975606e-07
id03029,0.9999999,1.5289586e-08,1.2652669e-07
id16359,0.99998283,1.4619881e-07,1.703082e-05
id02984,0.9999999,2.033469e-08,1.0780209e-07
id24559,0.99999976,3.2116162e-08,1.2652667e-07
id26880,8.5291106e-07,3.4125833e-07,0.9999988
id00656,9.2221666e-07,3.6185125e-07,0.9999987
id07825,3.8288164e-08,1.0,1.1631705e-08
id16525,4.254701e-08,1.0,1.3335816e-08
id08849,5.0054216e-05,0.9999399,1.0011474e-05
id09260,1.4060042e-07,0.9999998,4.89713e-08
id22233,0.9999981,4.3386095e-08,1.8020883e-06
id12191,8.596005e-07,3.4393483e-07,0.9999988
id15505,3.6677815e-08,1.0,1.1099051e-08
id15882,9.276361e-07,3.7626577e-07,0.9999987
id10569,1.1773938e-05,8.413199e-07,0.99998736
id26059,0.99999976,2.1144727e-08,2.3638293e-07
id13055,9.459321e-07,3.8518868e-07,0.9999987
id05388,0.99999994,1.4475891e-08,6.288041e-08
id25199,3.7842096e-08,1.0,1.1541187e-08
id11813,8.7313725e-07,3.4935098e-07,0.9999988
id14866,9.5335116e-07,3.8518868e-07,0.9999987
id22247,3.4537123e-05,3.7410955e-06,0.99996173
id08196,0.99971014,5.2036186e-05,0.00023780967
id27246,3.6250505e-08,1.0,1.09697424e-08
id21926,8.579232e-07,3.4528094e-07,0.9999988
id01930,8.714336e-07,3.5071832e-07,0.9999988
id26406,8.817058e-07,3.5346903e-07,0.9999988
id07760,1.971489e-06,0.9999973,7.281089e-07
id24815,8.61281e-07,3.4663233e-07,0.9999988
id22063,0.9999974,3.6821273e-08,2.5215732e-06
id21513,6.339385e-05,0.99987185,6.477056e-05
id04006,0.9999997,1.9403492e-08,3.168479e-07
id06177,0.00025414425,0.9997352,1.0654975e-05
id24010,0.9999891,6.411992e-08,1.0825515e-05
id16402,8.5291106e-07,3.4125833e-07,0.9999988
id23894,0.99999994,2.0334692e-08,8.1373294e-08
id18867,0.99999946,2.2333277e-08,5.560852e-07
id01691,3.9196145e-08,1.0,1.2047906e-08
id11818,1.7635242e-07,0.99999976,6.538526e-08
id18481,9.07919e-07,3.7626577e-07,0.9999987
id20137,0.9999996,1.0087584e-07,3.2058279e-07
id14630,0.00022341065,0.99975103,2.5560363e-05
id03058,9.061475e-07,3.6754963e-07,0.99999875
id27857,4.8780386e-08,0.99999994,1.565217e-08
id19345,8.494601e-08,0.99999994,2.92421e-08
id12726,0.99990237,1.7916562e-05,7.9671576e-05
id06015,8.61281e-07,3.4528094e-07,0.9999988
id26548,9.061475e-07,3.5903534e-07,0.99999875
id20284,8.9209897e-07,3.5624132e-07,0.9999988
id17912,0.9996302,1.4702805e-06,0.0003682974
id10287,0.99999964,3.339552e-08,3.156126e-07
id03604,3.682137e-08,1.0,1.11424905e-08
id07423,8.579232e-07,3.4528094e-07,0.9999988
id01484,3.7694562e-08,1.0,1.14961916e-08
id16904,0.99999994,1.1451372e-08,6.8256035e-08
id13187,8.5291106e-07,3.4125833e-07,0.9999988
id08507,3.4725858e-08,1.0,1.03454525e-08
id09599,0.99999976,1.3867051e-08,2.4198857e-07
id20460,4.3048544e-08,1.0,1.3493015e-08
id23743,3.5688494e-08,1.0,1.0757569e-08
id13914,3.7547604e-08,1.0,1.1541187e-08
id23108,0.99999845,1.0907266e-07,1.4089613e-06
id20111,0.0007215238,0.9992535,2.4955832e-05
id00300,3.6109178e-08,1.0,1.0884375e-08
id25970,0.99868226,0.001286776,3.0919266e-05
id24588,8.5291106e-07,3.4125833e-07,0.9999988
id04799,0.0005559084,0.00021017644,0.99923396
id19685,9.186213e-07,3.7188215e-07,0.9999987
id00628,8.6296484e-07,3.4528094e-07,0.9999988
id10632,0.9999996,7.584822e-08,3.6044088e-07
id24894,3.8288164e-08,1.0,1.167723e-08
id06843,0.07086977,0.928979,0.00015128798
id16211,0.9999999,1.3077877e-08,1.2311384e-07
id10730,8.362904e-08,0.99999994,2.8012218e-08
id06399,3.8138893e-08,1.0,1.15863585e-08
id25138,0.9999999,1.2725122e-08,1.1253516e-07
id04372,1.4034679e-06,5.692716e-07,0.99999803
id01057,0.9998445,4.467578e-07,0.00015506908
id07505,2.4631593e-06,0.99999666,8.8170384e-07
id17331,0.99999994,1.1861119e-08,7.23749e-08
id11306,0.9996265,8.410163e-07,0.00037263738
id07490,3.711016e-08,1.0,1.1273835e-08
id00721,4.02827e-08,1.0,1.2430347e-08
id07538,0.99999523,4.5921158e-07,4.306119e-06
id11289,8.7313725e-07,3.47989e-07,0.9999988
id25207,0.9999999,1.2237631e-08,1.4170317e-07
id03831,0.99999994,1.2237632e-08,6.487644e-08
id05371,3.425942e-07,0.9999995,1.1565471e-07
id07405,4.044036e-08,1.0,1.2430347e-08
id25960,3.6677815e-08,1.0,1.1055779e-08
id18497,5.7253256e-08,0.99999994,1.8954017e-08
id24478,0.99999917,3.4998187e-08,7.5711483e-07
id12431,3.9813393e-08,1.0,1.2285529e-08
id24080,8.851566e-07,3.5071832e-07,0.9999988
id11862,8.7484426e-07,3.4663233e-07,0.9999988
id04798,0.9999999,2.5705456e-08,1.6631618e-07
id22638,3.9196145e-08,1.0,1.2047906e-08
id16105,3.8739493e-08,1.0,1.186112e-08
id05863,1.1234747e-05,3.5282721e-06,0.9999852
id11466,0.9999999,2.2508448e-08,1.2652669e-07
id06091,0.9999969,1.04485046e-07,2.9827663e-06
id04214,3.8288164e-08,1.0,1.167723e-08
id21197,0.9999866,4.95627e-06,8.463898e-06
id06479,8.834295e-07,3.52091e-07,0.9999988
id21801,0.9999999,2.081691e-08,1.3896239e-07
id00540,0.9999998,2.3773659e-08,1.805345e-07
id07102,0.99999994,2.9586799e-08,7.795084e-08
id12012,8.61281e-07,3.4528094e-07,0.9999988
id17850,8.868871e-07,3.5071832e-07,0.9999988
id12708,9.240196e-07,3.7043236e-07,0.9999987
id09277,8.9734147e-07,3.6326753e-07,0.99999875
id11482,5.9091773e-05,0.9999092,3.1691387e-05
id15327,0.9998814,3.9748793e-05,7.8895675e-05
id17561,1.6183007e-07,0.99999976,5.861097e-08
id21966,9.5335116e-07,3.821911e-07,0.9999987
id05742,0.99999994,1.19075425e-08,7.380237e-08
id21441,0.99999917,4.6365066e-08,7.2244404e-07
id10819,1.6246345e-07,0.99999976,6.337357e-08
id00018,4.47634e-08,1.0,1.4140557e-08
id17038,0.99999976,2.9702592e-08,2.90756e-07
id14680,4.546832e-08,0.99999994,1.4419455e-08
id17760,8.596005e-07,3.4528094e-07,0.9999988
id14436,0.0025918821,0.00013864503,0.99726945
id17180,8.5291106e-07,3.4125833e-07,0.9999988
id19132,2.1822384e-06,0.9999969,8.8861935e-07
id17497,3.6677815e-08,1.0,1.11424905e-08
id26284,0.00026400515,2.02192e-05,0.9997158
id04340,3.9658172e-08,1.0,1.2237633e-08
id06427,3.6392386e-08,1.0,1.09697424e-08
id08340,0.9999996,3.5763588e-07,7.886967e-08
id07167,3.9196145e-08,1.0,1.209506e-08
id02218,0.99999976,1.2824927e-08,2.8513224e-07
id18406,0.9999763,2.1613096e-05,2.0580046e-06
id22134,0.99994063,3.973928e-07,5.8978327e-05
id04983,8.7313725e-07,3.47989e-07,0.9999988
id17767,0.9999999,3.4054196e-08,8.2332484e-08
id15131,3.9196145e-08,1.0,1.2047906e-08
id11132,0.9999995,4.0125634e-08,3.8368728e-07
id10054,0.008585624,0.99133414,8.0232756e-05
id03797,8.714336e-07,3.4935098e-07,0.9999988
id17143,0.9999969,5.4418287e-08,3.0774497e-06
id19078,8.5291106e-07,3.4125833e-07,0.9999988
id04919,0.9999999,2.1730886e-08,1.7092665e-07
id03272,3.9365168e-05,0.9999489,1.1750514e-05
id15047,8.7313725e-07,3.47989e-07,0.9999988
id23727,0.0016882865,2.7168953e-05,0.9982845
id07221,0.99999905,5.3994917e-08,9.4963474e-07
id13974,0.99824023,0.0015469225,0.00021285779
id24050,0.9999931,3.4393284e-07,6.5660333e-06
id18119,0.99999946,1.1122405e-07,4.3139121e-07
id05205,0.99999964,3.9503547e-08,3.059022e-07
id05233,3.6677815e-08,1.0,1.11424905e-08
id23556,0.99999595,9.892437e-08,3.982512e-06
id06323,0.99991363,4.450468e-07,8.5978405e-05
id27903,8.834295e-07,3.5346903e-07,0.9999988
id15164,0.99998915,3.0894705e-06,7.736648e-06
id14714,3.7694562e-08,1.0,1.1451373e-08
id11585,3.5828176e-08,1.0,1.0799672e-08
id09119,0.99999964,5.2950593e-08,3.1315648e-07
id03135,0.9994612,0.0005342116,4.617324e-06
id23385,0.99999964,3.52727e-08,2.4198854e-07
id18219,0.9999927,1.4620026e-07,7.169244e-06
id17596,5.378446e-08,0.99999994,1.7325373e-08
id12235,9.3126675e-07,3.7626577e-07,0.9999987
id15394,0.9999995,2.215948e-08,4.8692453e-07
id07727,0.99999964,2.5012088e-08,3.5071864e-07
id02748,0.9999999,2.2246217e-08,1.4225778e-07
id14913,8.5291106e-07,3.4259398e-07,0.9999988
id05257,8.851566e-07,3.52091e-07,0.9999988
id23759,8.714336e-07,3.47989e-07,0.9999988
id08726,0.9999996,2.1477705e-08,4.4508505e-07
id24493,0.99999976,4.012564e-08,2.2293034e-07
id19945,5.013263e-08,0.99999994,1.596088e-08
id27893,0.0016883224,6.015164e-06,0.9983057
id04975,8.6973324e-07,3.4935098e-07,0.9999988
id14722,0.99999046,1.6502037e-07,9.332191e-06
id10320,3.9658172e-08,1.0,1.2285529e-08
id09619,4.1887382e-08,1.0,1.30268925e-08
id07480,0.999717,0.0002506887,3.231023e-05
id00342,2.0500238e-06,0.999997,9.83612e-07
id08611,0.999129,7.9275907e-07,0.0008702154
id24284,8.7484426e-07,3.47989e-07,0.9999988
id20491,3.4604276e-05,0.9999511,1.422933e-05
id18337,8.596005e-07,3.4528094e-07,0.9999988
id04781,0.9999996,2.5505406e-08,4.2304737e-07
id11067,0.9999995,3.08858e-08,4.3307963e-07
id19402,0.9999994,1.5321758e-07,3.6468955e-07
id20009,8.61281e-07,3.4528094e-07,0.9999988
id08535,8.714336e-07,3.47989e-07,0.9999988
id07495,8.799854e-07,3.5346903e-07,0.9999988
id06262,8.579232e-07,3.4528094e-07,0.9999988
id10898,0.9994456,1.9591824e-05,0.0005347252
id17778,3.653482e-08,1.0,1.1055779e-08
id07210,8.972085e-08,0.9999999,3.1128057e-08
id04367,5.2744173e-08,0.99999994,1.7393184e-08
id27713,2.6274762e-05,3.989612e-07,0.9999733
id15428,5.592699e-08,0.99999994,1.8442764e-08
id25427,0.9999794,2.785215e-07,2.0343381e-05
id09789,0.9999995,3.274959e-08,4.3477468e-07
id07658,0.9999999,1.430724e-08,1.6893529e-07
id25453,3.9196145e-08,1.0,1.2047906e-08
id24495,0.9999999,2.8121853e-08,1.3734342e-07
id03270,1.7361833e-07,0.99999976,6.387061e-08
id11879,2.3362895e-07,0.99999964,9.0424514e-08
id24356,8.714336e-07,3.4935098e-07,0.9999988
id22256,8.714336e-07,3.5071832e-07,0.9999988
id06050,8.594732e-08,0.9999999,2.993556e-08
id09555,0.9999944,5.884005e-08,5.594338e-06
id23772,3.7694562e-08,1.0,1.1451373e-08
id21930,8.7313725e-07,3.4935098e-07,0.9999988
id00823,5.0723575e-08,0.99999994,1.6467535e-08
id23666,3.9196145e-08,1.0,1.2047906e-08
id08118,8.596005e-07,3.4528094e-07,0.9999988
id21388,4.1077204e-08,1.0,1.2725124e-08
id23312,0.99986637,7.511232e-07,0.00013289983
id08545,9.008535e-07,3.821911e-07,0.9999987
id20351,8.868871e-07,3.5903537e-07,0.9999988
id13536,1.0908896e-06,4.247027e-07,0.9999985
id27742,3.8288164e-08,1.0,1.1631705e-08
id13343,8.6465207e-07,3.4393483e-07,0.9999988
id11987,3.7694562e-08,1.0,1.1451373e-08
id08921,0.20402393,2.9663158e-06,0.7959731
id09972,1.2215577e-07,0.9999999,4.188738e-08
id26173,0.99999994,1.2237632e-08,8.561225e-08
id07917,0.99981457,5.803929e-07,0.00018486429
id01383,0.9999995,3.3395516e-08,3.8669657e-07
id26699,0.9999949,5.6145595e-08,5.093705e-06
id11058,4.1822314e-05,7.3820775e-06,0.99995077
id20425,3.7694562e-08,1.0,1.1541187e-08
id20238,3.9813393e-08,1.0,1.2285529e-08
id21348,9.204173e-07,0.9999987,4.1324714e-07
id09552,8.6973324e-07,3.4935098e-07,0.9999988
id25075,0.9999409,1.4008582e-05,4.5132023e-05
id17749,8.596005e-07,3.4528094e-07,0.9999988
id18910,8.7313725e-07,3.4935098e-07,0.9999988
id13534,4.044036e-08,1.0,1.2478998e-08
id22205,8.105605e-08,0.99999994,2.757793e-08
id23896,0.99999994,1.8660161e-08,8.561225e-08
id23616,0.99988073,1.2927833e-06,0.00011797461
id03537,0.99999726,5.9301705e-08,2.6633115e-06
id18147,4.3726455e-08,1.0,1.3652065e-08
id25408,0.9999999,1.2824928e-08,1.0992829e-07
id09997,1.3656118e-06,5.1228903e-07,0.9999981
id23357,9.3491167e-07,3.7333766e-07,0.9999987
id21880,0.0014735636,4.2253243e-05,0.9984842
id21633,4.238114e-08,1.0,1.3283825e-08
id15976,8.799854e-07,3.5346903e-07,0.9999988
id20266,8.61281e-07,3.4528094e-07,0.9999988
id26726,0.9999923,6.8666867e-07,6.9895004e-06
id02958,4.2051322e-08,1.0,1.3129063e-08
id25211,0.9999881,4.5113943e-08,1.1820029e-05
id24314,0.9999999,1.2527837e-08,1.17018054e-07
id21475,8.5291106e-07,3.4125833e-07,0.9999988
id22733,0.99994934,7.736339e-06,4.2897747e-05
id14297,3.9813393e-08,1.0,1.2285529e-08
id27627,3.6688602e-06,0.99999547,7.811454e-07
id03580,3.35361e-06,0.9999956,1.1059033e-06
id08858,8.61281e-07,3.4528094e-07,0.9999988
id22512,3.5688494e-08,1.0,1.0715629e-08
id05634,8.6973324e-07,3.5071832e-07,0.9999988
id00105,8.6465207e-07,3.4393483e-07,0.9999988
id26635,0.99999964,3.934954e-08,3.2058279e-07
id19324,8.61281e-07,3.4393483e-07,0.9999988
id00210,9.0969405e-07,3.5763557e-07,0.99999875
id06809,0.9999195,5.4528596e-07,7.998478e-05
id04074,3.7255408e-08,1.0,1.1273835e-08
id27010,0.99999785,5.5059804e-08,2.0500256e-06
id00699,8.579232e-07,3.4663233e-07,0.9999988
id18549,0.00017227647,0.9996057,0.00022207314
id14089,0.99998677,9.7389794e-08,1.3109141e-05
id19792,3.5828176e-08,1.0,1.0757569e-08
id19935,8.782683e-07,3.5485246e-07,0.9999988
id22960,8.7313725e-07,3.4663233e-07,0.9999988
id02471,8.6465207e-07,3.4393483e-07,0.9999988
id07896,8.596005e-07,3.4393483e-07,0.9999988
id20033,0.99999976,2.7470408e-08,2.884933e-07
id15018,0.9999998,1.659669e-08,1.8919854e-07
id19528,0.99999964,2.901453e-08,4.1163642e-07
id21621,2.1361304e-05,1.8811693e-06,0.99997675
id14328,1.9293013e-07,0.99999976,7.351463e-08
id19524,0.9999998,1.3545822e-08,2.029804e-07
id00219,0.99999994,1.0066402e-08,8.832987e-08
id23229,8.88621e-07,3.5071832e-07,0.9999988
id14357,0.9999681,2.0218265e-07,3.1693253e-05
id21829,8.6296484e-07,3.4393483e-07,0.9999988
id02137,0.999995,5.3061785e-07,4.425488e-06
id23524,8.61281e-07,3.4528094e-07,0.9999988
id12022,0.9999999,1.932785e-08,1.4393467e-07
id05255,0.9999998,1.4419453e-08,1.9444332e-07
id14605,0.99999905,2.5505392e-08,9.570829e-07
id15329,9.204173e-07,3.7188215e-07,0.9999987
id06046,0.99999815,1.8195017e-07,1.6601617e-06
id16548,8.868871e-07,3.4935098e-07,0.9999988
id23369,9.496344e-07,3.8518868e-07,0.9999987
id17824,0.9999995,3.4861753e-08,4.0053317e-07
id17243,8.6296484e-07,3.4528094e-07,0.9999988
id13185,3.8739493e-08,1.0,1.1814879e-08
id27091,0.999905,9.433581e-05,6.130726e-07
id21817,8.7313725e-07,3.47989e-07,0.9999988
id21912,0.99999964,1.895401e-08,3.6326784e-07
id24163,8.7484426e-07,3.47989e-07,0.9999988
id12484,8.61281e-07,3.4393483e-07,0.9999988
id15799,0.9999992,2.3042205e-08,7.872749e-07
id22315,5.4631442e-08,0.99999994,1.7736234e-08
id02608,4.4588887e-08,1.0,1.3975815e-08
id10057,0.99999994,1.1012678e-08,6.6674886e-08
id01709,0.9999999,1.1317958e-08,1.5870002e-07
id11153,3.9196145e-08,1.0,1.2047906e-08
id25154,7.467233e-08,0.99999994,2.6110259e-08
id18207,3.9349555e-08,1.0,1.209506e-08
id03370,3.7547604e-08,1.0,1.1451373e-08
id26760,0.9999372,4.3474756e-07,6.241509e-05
id15099,0.999998,1.6827636e-07,1.8376312e-06
id16341,8.6465207e-07,3.4393483e-07,0.9999988
id15572,0.999995,5.570867e-08,4.8985685e-06
id24901,0.99999994,1.19075425e-08,7.674232e-08
id04528,0.9999716,1.7226236e-07,2.8243767e-05
id26507,8.5291106e-07,3.4125833e-07,0.9999988
id26687,0.9999999,2.5109987e-08,1.618301e-07
id27819,9.404057e-07,3.6898814e-07,0.9999987
id17610,4.254701e-08,1.0,1.3335816e-08
id03373,0.0011694705,0.9987966,3.3962056e-05
id05881,2.6429117e-05,2.2165473e-06,0.99997133
id15875,8.579232e-07,3.4528094e-07,0.9999988
id18400,0.9999975,6.203567e-07,1.9638032e-06
id23596,8.6465207e-07,3.5071832e-07,0.9999988
id07006,3.711016e-08,1.0,1.1273835e-08
id25134,4.02827e-08,1.0,1.2478998e-08
id17393,0.9999999,1.114249e-08,1.0246443e-07
id20155,1.6631616e-07,0.99999976,5.770229e-08
id09536,3.6677815e-08,1.0,1.1099051e-08
id09155,4.075754e-08,1.0,1.26260975e-08
id26482,0.9999999,1.8954015e-08,1.00090844e-07
id17001,3.7255408e-08,1.0,1.1362257e-08
id08134,0.99999744,1.1793555e-07,2.4728015e-06
id10174,0.99999094,8.4461567e-07,8.203526e-06
id04760,0.9998681,2.0901873e-06,0.00012982145
id04941,0.99999994,1.4877177e-08,7.9178385e-08
id01339,0.99999964,8.074001e-08,2.851322e-07
id24710,0.9994962,2.4143087e-06,0.0005013731
id20408,0.99999964,3.236805e-08,2.4869675e-07
id04028,9.061475e-07,3.704324e-07,0.99999875
id07153,4.5132514e-05,3.2249939e-06,0.99995166
id20098,4.1561407e-08,1.0,1.2925516e-08
id24146,4.2647356e-05,2.5913635e-06,0.99995476
id06276,8.834295e-07,3.5346903e-07,0.9999988
id18978,2.2732723e-07,0.9999997,8.902263e-08
id04247,0.9999995,3.08858e-08,3.7333794e-07
id02020,5.3994963e-08,0.99999994,1.780565e-08
id14299,8.61281e-07,3.4393483e-07,0.9999988
id27255,8.122655e-07,0.9999989,2.9075574e-07
id05751,8.61281e-07,3.4528094e-07,0.9999988
id09428,0.9999999,1.499386e-08,1.1209643e-07
id06941,0.99999976,3.6677807e-08,2.0779393e-07
id25678,8.61281e-07,3.4393483e-07,0.9999988
id27425,0.9999999,1.6339381e-08,1.09072815e-07
id12619,1.00482595e-07,0.9999999,3.0170344e-08
id00530,8.61281e-07,3.4393483e-07,0.9999988
id14683,0.9999996,2.3132399e-08,4.2470316e-07
id14618,3.653482e-08,1.0,1.1055779e-08
id07599,0.9999999,1.8299238e-08,1.3842062e-07
id02786,0.9999904,8.561143e-08,9.553498e-06
id21563,0.999997,1.8959619e-06,1.0802866e-06
id26412,8.6465207e-07,3.4393483e-07,0.9999988
id18320,0.0018802817,3.741923e-05,0.9980823
id02043,0.9708665,1.3625826e-06,0.02913212
id03179,2.2555815e-07,0.9999997,8.9371056e-08
id17256,4.02827e-08,1.0,1.2430347e-08
id07435,8.61281e-07,3.4528094e-07,0.9999988
id17659,0.99998415,2.4249412e-06,1.3446217e-05
id06828,6.564119e-08,0.99999994,2.2073099e-08
id18636,8.545785e-07,3.47989e-07,0.9999988
id05216,0.99999976,1.4646524e-08,2.2644099e-07
id23156,0.99999213,1.9750384e-07,7.706508e-06
id23861,0.9999995,3.4861753e-08,3.7773876e-07
id21416,8.714336e-07,3.47989e-07,0.9999988
id02763,0.999998,5.759819e-07,1.4034678e-06
id12625,8.6465207e-07,3.4393483e-07,0.9999988
id08033,1.4593754e-06,5.539164e-07,0.999998
id24105,0.99999106,2.652912e-06,6.2165823e-06
id09295,0.9999999,1.114249e-08,1.1209643e-07
id22062,1.3817091e-06,0.9999981,5.648415e-07
id21044,0.9999999,1.2430346e-08,1.4005228e-07
id17419,9.385708e-07,3.7773847e-07,0.9999987
id10969,0.99999976,1.8660156e-08,2.110662e-07
id23066,9.3308745e-07,3.8368697e-07,0.9999987
id25667,0.99999917,4.727953e-08,7.395763e-07
id14534,0.99999964,3.4187476e-08,2.401054e-07
id26645,6.735372e-05,0.99991643,1.618649e-05
id03965,8.579232e-07,3.47989e-07,0.9999988
id25956,0.9999965,6.0707954e-08,3.4331417e-06
id23707,0.9999998,2.5705456e-08,1.9520435e-07
id18026,0.9999985,3.1684752e-07,1.2193544e-06
id10767,1.2603341e-07,0.9999999,4.3897597e-08
id18802,0.007994059,0.99177814,0.00022777275
id02940,2.8573127e-06,0.9999959,1.2728872e-06
id13403,0.99999994,1.30778774e-08,8.696045e-08
id10201,3.5828176e-08,1.0,1.0757569e-08
id15333,8.903583e-07,3.5624132e-07,0.9999988
id25619,8.834295e-07,3.52091e-07,0.9999988
id18506,3.6250505e-08,1.0,1.09697424e-08
id09835,5.132149e-08,0.99999994,1.6858051e-08
id14828,0.9999756,8.073807e-08,2.430024e-05
id26816,3.6677815e-08,1.0,1.11424905e-08
id26134,4.424189e-08,1.0,1.3975815e-08
id25064,0.9996927,8.4107194e-07,0.00030654343
id14254,0.9999882,1.6631424e-07,1.159141e-05
id09352,0.9993167,2.1722522e-06,0.0006811696
id21495,0.9606546,0.039189,0.00015644648
id15349,8.6296484e-07,3.4528094e-07,0.9999988
id06759,4.254701e-08,1.0,1.3283825e-08
id20876,0.9998299,4.0836372e-07,0.00016964361
id14644,0.99999917,3.989715e-07,4.4857575e-07
id16927,8.596005e-07,3.4528094e-07,0.9999988
id00417,0.0004648639,0.99616337,0.0033717596
id18892,8.7313725e-07,3.4935098e-07,0.9999988
id17500,3.9196145e-08,1.0,1.2047906e-08
id17676,6.603673e-07,0.99999905,3.0950793e-07
id03378,0.99999994,1.2189922e-08,7.153171e-08
id26891,0.9999852,7.153065e-08,1.4710222e-05
id15609,0.9999999,1.5052544e-08,1.3311781e-07
id11270,0.0022212802,2.5910987e-05,0.99775285
id01141,8.61281e-07,3.4528094e-07,0.9999988
id18738,0.00073216396,2.3627488e-05,0.9992442
id23964,8.6973324e-07,3.4935098e-07,0.9999988
id08032,0.24689382,1.0225829e-05,0.753096
id10410,8.714336e-07,3.4935098e-07,0.9999988
id15738,0.99999976,2.3132403e-08,2.1355419e-07
id22293,8.663425e-07,3.4393483e-07,0.9999988
id23174,0.99999964,3.3135635e-08,2.9189394e-07
id13041,2.925072e-06,0.999996,1.0930195e-06
id18377,8.799854e-07,3.5485246e-07,0.9999988
id24269,3.7694562e-08,1.0,1.1451373e-08
id19445,6.0018283e-06,0.9999912,2.7585925e-06
id16449,1.0864758e-07,0.9999999,3.965817e-08
id11857,8.6296484e-07,3.4528094e-07,0.9999988
id14929,4.0525453e-07,0.9999994,1.5143254e-07
id16029,0.0003134881,5.28516e-05,0.99963367
id09091,0.9999999,1.1451371e-08,9.970063e-08
id14431,4.02827e-08,1.0,1.2381887e-08
id15857,6.452071e-05,0.9999132,2.2297761e-05
id26177,8.61281e-07,3.4528094e-07,0.9999988
id07001,8.6973324e-07,3.5071832e-07,0.9999988
id00626,9.0969405e-07,3.5624132e-07,0.99999875
id25160,0.00067321456,0.99928814,3.865369e-05
id21474,8.61281e-07,3.4393483e-07,0.9999988
id03155,1.0,1.5469817e-08,4.1561407e-08
id11858,8.6465207e-07,3.4393483e-07,0.9999988
id12413,7.467233e-08,0.99999994,2.4914582e-08
id25656,4.38976e-08,1.0,1.37591405e-08
id24322,0.99979776,1.5962419e-06,0.0002006649
id20603,0.99999976,2.1144727e-08,2.710144e-07
id06878,0.99999976,4.424188e-08,1.9596834e-07
id03535,0.9999978,1.0009064e-07,2.1151002e-06
id11831,0.9999552,1.4966169e-07,4.460686e-05
id24685,0.9999999,3.667781e-08,9.970063e-08
id10426,9.459321e-07,3.7773847e-07,0.9999987
id09024,3.6109178e-08,1.0,1.0884375e-08
id09728,1.7917979e-05,5.626301e-07,0.9999815
id01065,1.1475472e-07,0.9999999,3.965817e-08
id14005,0.99999845,4.2713474e-08,1.4881596e-06
id18534,8.596005e-07,3.4528094e-07,0.9999988
id19862,0.9999717,1.3870804e-06,2.6950393e-05
id14707,0.99999994,1.2142397e-08,6.239107e-08
id02248,3.8891116e-08,1.0,1.1907543e-08
id20494,8.903583e-07,3.5903537e-07,0.9999988
id27072,0.9999999,1.6403332e-08,1.1793584e-07
id20587,0.007786991,0.99214244,7.0586626e-05
id24134,8.6973324e-07,3.5071832e-07,0.9999988
id22696,9.778671e-07,4.021004e-07,0.99999857
id23757,0.99999976,1.9252495e-08,2.3090713e-07
id18828,0.9999975,5.7928e-08,2.5019503e-06
id14040,9.0791906e-07,3.5763557e-07,0.99999875
id09385,0.9999994,4.4241865e-08,5.244383e-07
id16005,3.8588464e-08,1.0,1.1814879e-08
id12467,0.0006829863,0.0012415689,0.9980755
id16209,0.99999964,3.6109167e-08,2.496701e-07
id01621,3.8138893e-08,1.0,1.167723e-08
id18081,8.714336e-07,3.4935098e-07,0.9999988
id06667,8.6296484e-07,3.4393483e-07,0.9999988
id07436,8.6465207e-07,3.4393483e-07,0.9999988
id19498,3.9813393e-08,1.0,1.2285529e-08
id12123,0.9999999,1.8299238e-08,1.3896239e-07
id17082,0.9999993,4.1486476e-07,2.7961715e-07
id00313,3.7842096e-08,1.0,1.14961916e-08
id14281,8.6465207e-07,3.4528094e-07,0.9999988
id14755,0.99997604,9.930957e-08,2.3876826e-05
id17484,0.99999976,2.3773657e-08,2.6165205e-07
id00111,3.6109178e-08,1.0,1.0884375e-08
id16542,0.0004935782,5.4306834e-05,0.9994521
id00458,8.868871e-07,3.604406e-07,0.9999988
id07682,3.8739493e-08,1.0,1.1907543e-08
id02041,1.3549843e-06,0.999998,5.989265e-07
id26070,0.99998176,1.1747392e-07,1.8164637e-05
id05271,0.9999997,1.5349427e-08,3.2436174e-07
id18107,0.9999994,2.4528305e-08,6.5522846e-07
id01170,8.851566e-07,3.52091e-07,0.9999988
id23464,9.590851e-06,0.9999865,3.814977e-06
id03879,3.8982762e-05,0.9999527,8.332393e-06
id22473,3.7694562e-08,1.0,1.14961916e-08
id20937,0.99999964,4.6365088e-08,2.8962242e-07
id16239,4.813643e-05,0.9999349,1.6963611e-05
id02348,0.99999994,1.4935406e-08,8.395636e-08
id19796,0.99999994,1.0027157e-08,6.7460824e-08
id06531,8.7313725e-07,3.47989e-07,0.9999988
id02641,1.4792468e-07,0.9999998,5.4845255e-08
id01332,9.589536e-07,3.7921689e-07,0.9999987
id24038,1.9260644e-05,0.99997514,5.6161252e-06
id23699,0.9999995,1.5869996e-07,3.143821e-07
id07294,0.9999993,8.764242e-08,6.577929e-07
id00319,0.99999535,4.1486314e-07,4.2893316e-06
id05699,0.99999976,2.6110254e-08,2.220612e-07
id18863,0.99999905,2.7577904e-08,9.759596e-07
id07745,8.596005e-07,3.4528094e-07,0.9999988
id02157,3.6677815e-08,1.0,1.11424905e-08
id00525,0.99938023,7.536964e-07,0.00061904127
id14740,0.99999917,3.249471e-08,7.395763e-07
id01420,4.5646278e-08,0.99999994,1.4419455e-08
id17725,0.99999964,2.049417e-08,3.5624163e-07
id07807,3.1259094e-06,0.99999595,9.312642e-07
id11676,3.7694562e-08,1.0,1.1451373e-08
id06720,8.868871e-07,3.4935098e-07,0.9999988
id08048,8.596005e-07,3.4528094e-07,0.9999988
id04185,9.0969405e-07,3.661167e-07,0.99999875
id02077,0.99999964,2.86765e-08,3.5071864e-07
id12968,8.596005e-07,3.4528094e-07,0.9999988
id01945,0.9999994,3.65348e-08,4.831352e-07
id06446,0.999419,0.0005614678,1.95913e-05
id01072,0.99999696,6.615582e-08,3.006161e-06
id15124,0.9999815,1.4225516e-07,1.8378752e-05
id14173,3.5688494e-08,1.0,1.0715629e-08
id27559,8.6296484e-07,3.4528094e-07,0.9999988
id13722,0.9999982,5.3365813e-08,1.7061831e-06
id09310,0.9999999,2.4528315e-08,1.1793584e-07
id23024,0.99999994,1.7529599e-08,7.014816e-08
id24332,3.9349555e-08,1.0,1.209506e-08
id07699,0.99999946,6.4120584e-08,4.907435e-07
id06837,1.8851208e-05,0.9999727,8.4637795e-06
id07279,0.99999964,2.6315035e-08,3.912549e-07
id16451,1.2122305e-06,4.53863e-07,0.99999833
id17588,4.044036e-08,1.0,1.2527839e-08
id07018,0.9999999,1.4589425e-08,1.1565475e-07
id12994,0.9989155,0.0010515075,3.3049924e-05
id03703,0.00024825716,0.9997359,1.587055e-05
id01753,0.9999989,4.8780336e-08,9.913286e-07
id02866,8.7313725e-07,3.47989e-07,0.9999988
id21884,3.527271e-08,1.0,1.0590788e-08
id27543,0.99982053,2.5060237e-07,0.00017917769
id22149,0.8721182,1.3314271e-05,0.12786858
id14595,0.99999976,3.740121e-08,1.833775e-07
id12383,0.999999,1.260333e-07,9.061477e-07
id27714,0.99999994,1.7529599e-08,8.362904e-08
id17634,0.99999857,4.5290996e-08,1.3979968e-06
id15906,8.61281e-07,3.4393483e-07,0.9999988
id09047,8.834295e-07,3.5071832e-07,0.9999988
id02059,0.9999497,1.5501595e-07,5.015256e-05
id19107,0.9999998,1.3759138e-08,1.8919854e-07
id02385,8.7655457e-07,3.4663233e-07,0.9999988
id21312,0.9999999,2.3773659e-08,1.0696316e-07
id02215,3.9813393e-08,1.0,1.2333613e-08
id08928,0.99982053,1.3285405e-06,0.00017813087
id07099,0.99999994,1.3812991e-08,6.7460824e-08
id01935,8.013477e-06,0.9999892,2.7911042e-06
id24757,9.113375e-08,0.9999999,3.262192e-08
id01848,8.834295e-07,3.52091e-07,0.9999988
id06224,0.99999994,1.2774928e-08,6.58981e-08
id15539,2.0377483e-07,0.99999976,8.330298e-08
id22907,3.527271e-08,1.0,1.0549498e-08
id12713,0.99999994,1.1814878e-08,6.987468e-08
id15521,8.7313725e-07,3.576356e-07,0.9999988
id25539,0.9999839,3.6898268e-07,1.5781743e-05
id23370,8.61281e-07,3.4393483e-07,0.9999988
id15868,0.99999976,4.4588877e-08,1.8124108e-07
id17808,8.799854e-07,3.5346903e-07,0.9999988
id08241,8.430913e-06,0.9999883,3.2631283e-06
id27284,0.9999998,6.3870615e-08,1.1209642e-07
id20707,0.99999976,1.7190542e-08,2.291102e-07
id03823,3.8588464e-08,1.0,1.1907543e-08
id00463,7.614511e-08,0.99999994,2.6008463e-08
id07241,0.99999976,3.4455613e-08,2.2644099e-07
id05702,3.5688494e-08,1.0,1.0715629e-08
id18973,0.9999995,3.3395516e-08,4.5921354e-07
id18662,0.99999046,1.5931965e-07,9.368716e-06
id06448,8.817058e-07,3.52091e-07,0.9999988
id21002,3.8138893e-08,1.0,1.1631705e-08
id08753,0.9999999,1.6661646e-08,1.12975606e-07
id27832,6.538527e-08,0.99999994,2.1561775e-08
id11341,0.9999997,7.82559e-08,2.1024333e-07
id11426,9.3308745e-07,3.8368697e-07,0.9999987
id15388,8.7484426e-07,3.4935098e-07,0.9999988
id12801,0.9999997,8.62837e-08,2.3730809e-07
id02380,5.4493044e-05,3.0828468e-07,0.9999452
id02777,9.0791906e-07,3.5763557e-07,0.99999875
id05412,8.6465207e-07,3.4393483e-07,0.9999988
id01303,0.9999999,1.2824928e-08,1.1656184e-07
id21665,0.99999976,1.7875335e-08,2.4010544e-07
id12973,8.7313725e-07,3.4935098e-07,0.9999988
id22046,0.9999993,1.7257817e-08,7.5416324e-07
id24035,8.7484426e-07,3.4663233e-07,0.9999988
id15513,3.711016e-08,1.0,1.1273835e-08
id12302,2.4682875e-05,1.1634877e-06,0.99997413
id01751,0.99989593,3.6895023e-07,0.00010370791
id27003,0.9999906,1.1341674e-07,9.313982e-06
id14689,4.1561407e-08,1.0,1.2925516e-08
id11885,0.999996,3.059011e-07,3.6832218e-06
id16558,0.99965215,0.00033896771,8.901826e-06
id15785,0.004260211,0.9956743,6.551435e-05
id25382,3.7694562e-08,1.0,1.14961916e-08
id19170,0.9999992,1.1209636e-07,6.7076667e-07
id22689,0.9999999,2.4817448e-08,1.0407802e-07
id03178,0.99996656,3.101955e-05,2.4727253e-06
id22393,0.9999992,6.8255986e-08,7.224441e-07
id19215,8.88621e-07,3.5903537e-07,0.9999988
id27829,0.99971217,5.441904e-06,0.00028240655
id11659,1.7640188e-05,7.6902427e-07,0.99998164
id25831,3.9349555e-08,1.0,1.209506e-08
id08781,0.9999992,8.8329806e-08,6.89361e-07
id11550,1.2702189e-07,0.9999999,4.493859e-08
id25478,8.680362e-07,3.4935098e-07,0.9999988
id09909,0.99999976,2.2952385e-08,2.246788e-07
id09009,8.7655457e-07,3.4663233e-07,0.9999988
id12660,0.010174535,3.8058151e-06,0.9898217
id23033,9.703911e-06,3.225108e-06,0.9999871
id25937,0.9999995,3.3657443e-08,3.9897165e-07
id10385,6.5660215e-06,0.99999124,2.199342e-06
id15288,8.5291106e-07,3.4259398e-07,0.9999988
id06403,0.99999976,3.137219e-08,1.7566491e-07
id18342,3.8138893e-08,1.0,1.1631705e-08
id00497,8.6465207e-07,3.4393483e-07,0.9999988
id12156,0.99999994,1.1768816e-08,8.20115e-08
id26825,0.9999911,1.1297462e-07,8.766789e-06
id20140,8.9734147e-07,3.5346903e-07,0.99999875
id06714,0.1530412,6.2160484e-06,0.84695256
id06017,8.5291106e-07,3.4125833e-07,0.9999988
id14841,0.9999999,5.274417e-08,9.892475e-08
id25646,9.186213e-07,3.7043236e-07,0.9999987
id09218,0.9999858,3.7187735e-07,1.3873069e-05
id21857,3.6677815e-08,1.0,1.1055779e-08
id05750,9.3126675e-07,3.675496e-07,0.9999987
id10507,0.0008239577,0.99627185,0.0029041176
id09696,9.276361e-07,3.7626577e-07,0.9999987
id00835,2.1068522e-06,0.99999696,9.4963275e-07
id26717,2.7321234e-05,6.5915547e-06,0.99996614
id17573,8.596005e-07,3.4528094e-07,0.9999988
id21144,0.99515474,0.004738546,0.00010670079
id02305,1.0,1.5774932e-08,4.7836892e-08
id26035,0.00088917103,0.00089265115,0.9982181
id00878,0.9999999,1.0066401e-08,1.0367225e-07
id08728,0.9999959,2.0860642e-07,3.95152e-06
id10579,3.7694562e-08,1.0,1.14961916e-08
id10720,0.99979967,4.609187e-07,0.00019988297
id09163,8.61281e-07,3.4528094e-07,0.9999988
id16298,0.9994872,0.00050926395,3.5403175e-06
id05342,0.99999964,4.5646264e-08,3.3465804e-07
id24256,3.570308e-05,3.5419948e-06,0.9999608
id12217,6.693584e-08,0.99999994,2.2246219e-08
id06159,0.99987614,4.1643722e-07,0.00012339452
id24394,0.99999774,4.6281437e-07,1.8304664e-06
id20232,8.6296484e-07,3.4528094e-07,0.9999988
id26856,0.99999964,1.8660154e-08,3.333533e-07
id15108,0.99973184,1.2430726e-06,0.0002668607
id00751,0.99610716,2.6370583e-07,0.0038926324
id01784,0.9999999,3.667781e-08,1.1610741e-07
id26419,0.99996674,4.020876e-07,3.2827236e-05
id23877,2.5267991e-05,0.9999653,9.405147e-06
id05019,0.99999976,3.2494732e-08,2.2732725e-07
id23003,8.596005e-07,3.4528094e-07,0.9999988
id22153,1.4792468e-07,0.9999998,5.4845255e-08
id19726,3.6677815e-08,1.0,1.1099051e-08
id19033,0.9999999,4.3726452e-08,8.2011496e-08
id00534,8.6296484e-07,3.4393483e-07,0.9999988
id07030,0.99999964,5.336589e-08,3.1808796e-07
id08281,0.9986041,1.2737908e-05,0.0013830997
id00366,0.99936014,0.00063000637,9.850545e-06
id25446,0.9998866,9.628864e-05,1.7162742e-05
id25008,0.99999994,9.794879e-09,7.467233e-08
id24142,3.527271e-08,1.0,1.0590788e-08
id25331,8.6296484e-07,3.4528094e-07,0.9999988
id16549,8.6465207e-07,3.4393483e-07,0.9999988
id12120,3.9813393e-08,1.0,1.2285529e-08
id07518,2.1861844e-07,0.9999997,7.979937e-08
id24749,8.799854e-07,3.5346903e-07,0.9999988
id23132,0.9999948,8.0909547e-07,4.3568766e-06
id05946,9.1147257e-07,3.661167e-07,0.99999875
id07427,0.99999976,1.8954012e-08,2.3454339e-07
id14601,3.6677815e-08,1.0,1.1099051e-08
id26504,8.5291106e-07,3.4125833e-07,0.9999988
id27199,0.9999921,2.6165003e-07,7.691471e-06
id09610,0.99996245,1.2029332e-05,2.5515883e-05
id02071,0.9999999,1.8514944e-08,1.4966838e-07
id24431,0.10894316,1.7297029e-05,0.89103955
id20756,0.00074837037,0.00057435606,0.9986773
id06525,0.0017031321,4.6576828e-05,0.9982503
id11646,0.99999905,3.3395498e-08,8.347824e-07
id26808,0.99999934,2.5907053e-08,6.681517e-07
id15122,0.9999961,1.285187e-07,3.7705672e-06
id26052,8.6296484e-07,3.4393483e-07,0.9999988
id06693,0.9999902,8.992224e-06,7.1681546e-07
id13520,0.99999994,1.2189922e-08,8.0425266e-08
id04381,0.9999565,1.6056377e-07,4.331903e-05
id23315,0.9942438,1.5265633e-06,0.005754631
id15685,0.99999976,2.5605235e-08,2.3638293e-07
id12974,8.817058e-07,3.5346903e-07,0.9999988
id22302,0.9999995,2.3773651e-08,4.701035e-07
id04848,0.9999986,8.265462e-08,1.2929357e-06
id05104,8.6465207e-07,3.4393483e-07,0.9999988
id17169,4.1724075e-08,1.0,1.3129063e-08
id12736,1.4225778e-07,0.9999998,5.0132627e-08
id24659,0.9999999,2.8121853e-08,1.4563132e-07
id24829,0.9999993,1.2652661e-07,6.475948e-07
id04164,3.5828176e-08,1.0,1.0757569e-08
id17795,0.0015615707,5.09622e-05,0.99838746
id09104,4.321703e-08,1.0,1.3545825e-08
id07833,9.3491167e-07,3.7333766e-07,0.9999987
id16733,0.9999995,2.5806054e-08,5.2239375e-07
id18630,8.6296484e-07,3.4393483e-07,0.9999988
id16064,8.61281e-07,3.4528094e-07,0.9999988
id00561,4.3555982e-08,1.0,1.37591405e-08
id16627,0.9999999,2.5907065e-08,1.1475472e-07
id02162,0.9999999,1.5960879e-08,1.10358535e-07
id16092,6.401664e-05,0.9998824,5.3592474e-05
id10710,5.907067e-08,0.99999994,1.9403497e-08
id18885,8.903583e-07,3.576356e-07,0.9999988
id10689,8.596005e-07,3.4528094e-07,0.9999988
id00486,6.906062e-08,0.99999994,2.3496689e-08
id02370,0.99999756,7.3514464e-08,2.396722e-06
id22279,0.9999999,2.4817448e-08,1.6696713e-07
id16068,0.00014271741,9.114713e-06,0.9998481
id04053,8.6973324e-07,3.4393483e-07,0.9999988
id09228,0.9999998,1.837086e-08,1.8124109e-07
id04227,1.3525204e-05,0.9999819,4.565908e-06
id13578,0.9999032,9.516842e-05,1.6535323e-06
id18744,8.6296484e-07,3.4528094e-07,0.9999988
id22966,8.61281e-07,3.4528094e-07,0.9999988
id02979,0.9999429,3.5483262e-07,5.6719025e-05
id26203,0.99999875,7.644304e-08,1.1772315e-06
id21184,0.9999993,3.9196117e-08,6.2035775e-07
id19201,0.9999998,2.7577926e-08,1.9520435e-07
id20340,3.8138893e-08,1.0,1.167723e-08
id00692,8.61281e-07,3.4528094e-07,0.9999988
id17757,8.851566e-07,3.5071832e-07,0.9999988
id22771,8.7313725e-07,3.47989e-07,0.9999988
id10753,1.4449802e-07,0.9999998,5.29506e-08
id11899,0.9999993,1.1656177e-07,6.4507003e-07
id20961,0.9999994,2.2821689e-07,3.7626603e-07
id06095,4.3726455e-08,1.0,1.3705499e-08
id23625,0.9999995,1.4005222e-07,3.9897165e-07
id03942,0.9999999,1.5349428e-08,1.3416185e-07
id19591,8.045232e-05,0.9998885,3.1077772e-05
id19732,0.9999998,1.38670515e-08,1.9142877e-07
id24912,4.691164e-08,0.99999994,1.4877177e-08
id15060,0.9999989,3.9897142e-07,6.450698e-07
id08018,3.711016e-08,1.0,1.1273835e-08
id02851,0.99999976,2.1646159e-08,2.2555817e-07
id02327,1.0533434e-05,0.9999813,8.171464e-06
id22631,0.996425,1.2809798e-05,0.003562223
id22240,0.9999986,1.0489418e-07,1.2728907e-06
id05114,0.006478793,6.2491276e-06,0.99351496
id14979,3.7694562e-08,1.0,1.14961916e-08
id25837,4.2051322e-08,1.0,1.30268925e-08
id17457,0.00069425546,3.4040604e-06,0.9993023
id23050,8.6465207e-07,3.4393483e-07,0.9999988
id06461,0.9999801,1.7982713e-07,1.9717494e-05
id03154,0.99999106,1.4792337e-07,8.8528195e-06
id20285,0.9999999,1.2925514e-08,9.329492e-08
id23166,3.711016e-08,1.0,1.1229883e-08
id11496,0.00023458817,0.9997428,2.264504e-05
id09569,0.99999964,3.432128e-08,2.4484106e-07
id11193,0.99998033,5.244283e-07,1.9148218e-05
id26696,0.99999976,4.2880703e-08,1.944433e-07
id15363,3.7694562e-08,1.0,1.1451373e-08
id13046,8.4810104e-05,0.99990416,1.1038092e-05
id17653,3.6109178e-08,1.0,1.0884375e-08
id18812,8.5291106e-07,3.4259398e-07,0.9999988
id23232,3.6677815e-08,1.0,1.1099051e-08
id05290,0.0008055835,0.99910355,9.091511e-05
id10667,0.99999976,3.2494732e-08,1.7704265e-07
id15546,8.6296484e-07,3.4393483e-07,0.9999988
id05862,0.00035453113,2.3821793e-05,0.9996216
id06225,8.7313725e-07,3.47989e-07,0.9999988
id17617,8.596005e-07,3.4663233e-07,0.9999988
id00814,8.61281e-07,3.4528094e-07,0.9999988
id18898,9.150399e-07,3.7333766e-07,0.9999987
id19395,4.3726455e-08,1.0,1.3812992e-08
id19520,7.351464e-08,0.99999994,2.5605239e-08
id27501,0.09980503,0.00015663884,0.90003836
id06327,8.61281e-07,3.4528094e-07,0.9999988
id00330,4.6462648e-07,0.9999993,1.8626517e-07
id03792,0.99776036,1.4032744e-05,0.0022256398
id09320,0.99999976,3.769455e-08,1.8266259e-07
id04678,8.6465207e-07,3.4528094e-07,0.9999988
id11663,0.9999999,1.6792326e-08,1.4563132e-07
id24945,8.6296484e-07,3.4393483e-07,0.9999988
id03046,3.711016e-08,1.0,1.1229883e-08
id20236,0.9999993,4.2215877e-08,6.760275e-07
id07869,0.9977108,4.1803974e-06,0.0022849906
id08152,8.6465207e-07,3.4393483e-07,0.9999988
id02910,4.3726455e-08,1.0,1.37591405e-08
id26837,2.0986388e-06,0.99999714,7.6603794e-07
id24188,2.1822384e-06,0.9999969,8.8861935e-07
id08748,0.00033694386,0.99854743,0.0011156383
id18608,7.889807e-05,0.9999118,9.295076e-06
id18773,0.999849,4.3145512e-05,0.0001078341
id21822,0.9999998,1.47614e-08,1.9068244e-07
id09721,0.99986446,4.8700414e-05,8.681788e-05
id23152,0.9999998,1.577493e-08,1.8337751e-07
id02249,3.6250505e-08,1.0,1.0926976e-08
id14065,0.9999926,1.7842991e-07,7.2395974e-06
id01598,8.61281e-07,3.4663233e-07,0.9999988
id06294,8.5291106e-07,3.4125833e-07,0.9999988
id19196,0.9999999,1.8954015e-08,1.2120513e-07
id06846,0.00042670066,0.9983859,0.0011873986
id02239,8.5291106e-07,3.4125833e-07,0.9999988
id20363,8.5291106e-07,3.4125833e-07,0.9999988
id14986,1.250526e-07,0.9999999,4.63651e-08
id25864,1.2728901e-06,4.965276e-07,0.9999982
id22272,0.9999969,3.5410654e-08,2.9827663e-06
id06212,2.4586596e-05,3.3535314e-06,0.9999721
id15497,2.0420318e-06,0.9999974,5.85052e-07
id12206,8.61281e-07,3.4393483e-07,0.9999988
id03109,0.9998587,0.00011843374,2.291463e-05
id00812,8.7313725e-07,3.47989e-07,0.9999988
id04837,0.01297855,0.11542266,0.8715988
id14518,0.9999999,2.6418034e-08,1.3574332e-07
id18095,4.424189e-08,1.0,1.3975815e-08
id15831,1.2656235e-05,0.99998325,4.1088783e-06
id12558,0.99942684,0.0005625699,1.0610162e-05
id27858,0.99999976,2.0176438e-08,2.6995778e-07
id24074,0.99999976,3.418748e-08,1.9673534e-07
id23039,0.99999976,1.6596688e-08,2.506473e-07
id23415,3.7694562e-08,1.0,1.1451373e-08
id00613,8.6296484e-07,3.4393483e-07,0.9999988
id11373,8.5291106e-07,3.4125833e-07,0.9999988
id00493,2.4198857e-07,0.9999997,8.62837e-08
id20781,4.4334976e-07,0.9999994,1.9142868e-07
id16367,0.9999999,1.7056767e-08,9.7391066e-08
id09831,3.263151e-06,0.99999523,1.5474362e-06
id08016,3.8138893e-08,1.0,1.1722934e-08
id02860,5.703005e-08,0.99999994,1.9102675e-08
id02382,0.00023413042,2.3091674e-05,0.9997428
id06900,0.9983903,2.4784902e-06,0.0016072163
id26499,0.99999994,1.3652064e-08,7.88697e-08
id21696,1.191108e-06,4.6827017e-07,0.99999833
id21364,0.00010636497,9.0447254e-05,0.99980325
id02752,9.132545e-07,3.6468933e-07,0.99999875
id02765,0.9999999,1.2047904e-08,1.3788097e-07
id10307,0.99999976,2.8788739e-08,2.160715e-07
id26542,8.596005e-07,3.4528094e-07,0.9999988
id05416,0.9999995,4.8400754e-08,4.5921354e-07
id03671,3.7547604e-08,1.0,1.1406728e-08
id03740,3.7842096e-08,1.0,1.1541187e-08
id25818,0.9999421,2.0697189e-07,5.772481e-05
id23290,0.9999998,2.6939082e-08,1.8124109e-07
id13438,8.6296484e-07,3.4528094e-07,0.9999988
id15502,0.9999993,2.9818832e-08,6.839964e-07
id18946,0.998995,1.5825482e-06,0.0010034355
id26357,9.741853e-06,0.99998325,7.0167935e-06
id13701,0.9999994,3.4725836e-08,5.203571e-07
id20217,4.02827e-08,1.0,1.2430347e-08
id12716,0.9893561,0.010546505,9.734361e-05
id03995,3.6109178e-08,1.0,1.0884375e-08
id16808,0.9999999,1.7598206e-08,1.0696316e-07
id11082,0.999997,1.305427e-07,2.8573158e-06
id06832,8.6296484e-07,3.4528094e-07,0.9999988
id11655,2.7055818e-05,0.9999696,3.3666481e-06
id12727,0.99999857,7.265806e-08,1.3871175e-06
id14495,8.6465207e-07,3.4393483e-07,0.9999988
id15414,0.9999995,1.5229974e-08,5.004226e-07
id03844,0.9983048,7.723616e-06,0.0016874967
id22810,1.024796e-06,4.330792e-07,0.99999857
id05794,3.7694562e-08,1.0,1.1451373e-08
id01611,8.7655457e-07,3.47989e-07,0.9999988
id11150,0.0003263021,0.99965686,1.6892778e-05
id27616,0.9998441,2.2202664e-07,0.00015567594
id09738,0.99999857,1.4966818e-07,1.2051486e-06
id23766,1.3446222e-05,0.9999845,2.026115e-06
id06124,1.8091401e-06,7.600768e-07,0.9999974
id00926,0.99999994,2.9356551e-08,6.9602265e-08
id11991,8.6296484e-07,3.4393483e-07,0.9999988
id22681,0.99999905,1.8626513e-07,7.660394e-07
id00979,3.6250505e-08,1.0,1.0926976e-08
id26300,0.0012429883,2.826381e-05,0.9987287
id15518,0.000119481214,5.379381e-06,0.9998752
id26839,0.9999999,2.5505413e-08,1.0530484e-07
id16154,0.99999905,5.2744127e-08,8.6465224e-07
id12877,0.99999654,6.412039e-08,3.3799158e-06
id02816,3.527271e-08,1.0,1.0590788e-08
id13400,8.7655457e-07,3.4663233e-07,0.9999988
id14369,9.479657e-05,0.99989444,1.0782291e-05
id04073,0.9999979,1.378807e-07,1.97149e-06
id04639,3.711016e-08,1.0,1.1273835e-08
id09970,8.092662e-05,1.1750026e-05,0.9999073
id23994,0.99775296,0.0022147824,3.2246753e-05
id24728,3.5828176e-08,1.0,1.0799672e-08
id11539,0.99999785,2.4484063e-07,1.9485217e-06
id18368,8.6296484e-07,3.4528094e-07,0.9999988
id07722,0.9999987,2.4914552e-08,1.3184368e-06
id10355,3.904333e-08,1.0,1.2047906e-08
id02842,0.9999989,1.914286e-07,8.7826834e-07
id02826,0.9999999,1.4251462e-08,9.550735e-08
id14517,6.8256035e-08,0.99999994,2.215949e-08
id14833,0.99999833,4.9355318e-08,1.6472425e-06
id00491,0.9999987,6.036243e-07,6.920587e-07
id10784,1.3208188e-07,0.9999998,4.7464614e-08
id27648,0.9999999,1.90282e-08,1.0206495e-07
id00372,0.99998784,7.168138e-07,1.1456364e-05
id12796,8.5124685e-07,3.4125833e-07,0.9999988
id06215,0.00033731307,0.9996416,2.1105361e-05
id24722,8.5291106e-07,3.4259398e-07,0.9999988
id02729,8.6296484e-07,3.4393483e-07,0.9999988
id01783,9.1682887e-07,3.646893e-07,0.9999987
id03025,8.6465207e-07,3.4393483e-07,0.9999988
id03714,3.8288164e-08,1.0,1.1631705e-08
id00173,4.3726455e-08,1.0,1.37591405e-08
id09268,8.88621e-07,3.5071832e-07,0.9999988
id08738,4.2051322e-08,1.0,1.3077878e-08
id18561,0.9999999,1.1768815e-08,1.05717e-07
id04877,0.9999997,2.4432685e-08,3.1071949e-07
id15173,1.9068243e-07,0.99999976,7.4091204e-08
id23020,0.0003717991,0.0003005046,0.9993277
id04105,4.1561407e-08,1.0,1.2925516e-08
id27807,0.9999993,7.948822e-08,6.7076667e-07
id08966,0.99971944,0.0002745229,6.0236825e-06
id15469,8.5291106e-07,3.4259398e-07,0.9999988
id26904,0.0001328989,7.645522e-06,0.99985945
id14258,0.9999992,6.5130315e-08,7.0295744e-07
id04371,8.596005e-07,3.4393483e-07,0.9999988
id13963,0.9999993,2.5705441e-08,7.45377e-07
id19097,0.999998,6.879123e-08,1.9869528e-06
id00350,8.7484426e-07,3.4663233e-07,0.9999988
id03571,0.9999993,3.541074e-08,6.8667345e-07
id05647,0.99999964,2.173088e-08,3.747992e-07
id03720,3.9349555e-08,1.0,1.2142398e-08
id10208,0.9999988,4.389755e-08,1.1102353e-06
id04526,1.6119915e-07,0.99999976,5.614587e-08
id23694,3.7255408e-08,1.0,1.131796e-08
id13795,0.9999999,2.5907065e-08,1.05717e-07
id04551,1.00482595e-07,0.9999999,3.696548e-08
id13292,0.99999905,2.5109967e-08,9.570829e-07
id18196,0.0015062313,5.5106106e-05,0.99843866
id12175,0.9999999,1.3921326e-08,1.2026192e-07
id09482,0.9999999,2.2773769e-08,1.4005228e-07
id17574,8.596005e-07,3.4528094e-07,0.9999988
id12316,6.933091e-08,0.99999994,2.3680975e-08
id01875,9.0085354e-07,3.52091e-07,0.99999875
id12688,3.5828176e-08,1.0,1.0757569e-08
id12192,6.9350795e-06,0.9999882,4.8794377e-06
id14713,8.579232e-07,3.4528094e-07,0.9999988
id05961,8.6465207e-07,3.4393483e-07,0.9999988
id04556,0.99999976,2.358865e-08,2.4198857e-07
id20641,0.9999994,1.1475466e-07,4.869245e-07
id24624,8.7313725e-07,3.4935098e-07,0.9999988
id20096,8.596005e-07,3.4393483e-07,0.9999988
id03013,1.2241264e-06,0.9999982,5.183278e-07
id06775,0.9999993,3.2368035e-08,6.62952e-07
id17068,0.99999684,1.1209609e-07,3.065452e-06
id25344,4.7650392e-08,0.99999994,1.4993862e-08
id04523,1.9411771e-05,2.1736907e-06,0.9999784
id00132,0.99999917,3.9196113e-08,7.934495e-07
id11631,8.6973324e-07,3.4935098e-07,0.9999988
id09022,8.596005e-07,3.4528094e-07,0.9999988
id10188,8.6465207e-07,3.4528094e-07,0.9999988
id12752,0.9999999,1.6661646e-08,9.439466e-08
id02576,8.817058e-07,3.52091e-07,0.9999988
id22768,0.9999981,1.6408201e-06,2.7635917e-07
id25350,0.9997266,7.539576e-07,0.0002726546
id06560,0.9999999,1.4761401e-08,1.4115071e-07
id20366,0.00012339345,9.1148895e-06,0.99986744
id10840,0.9999998,2.2159487e-08,1.9293014e-07
id18880,0.9999999,1.8514944e-08,1.7429787e-07
id11683,0.99964756,3.7840052e-06,0.00034870303
id14734,9.259565e-06,5.063167e-07,0.9999902
id15336,0.00013578401,0.9998518,1.2409811e-05
id15319,0.9999968,1.2289158e-06,1.9638019e-06
id03829,4.3555982e-08,1.0,1.3705499e-08
id18451,0.9999987,1.6437835e-07,1.1102351e-06
id11816,0.9999999,2.8564708e-08,1.7226724e-07
id21792,0.99997926,1.6246013e-07,2.0543017e-05
id26921,0.9999999,1.0715628e-08,1.0613077e-07
id08664,0.999997,4.4508388e-07,2.5813695e-06
id06944,9.439466e-08,0.9999999,3.4054196e-08
id20817,8.6465207e-07,3.4393483e-07,0.9999988
id02759,0.99999976,3.2116162e-08,1.7635243e-07
id01449,5.1522356e-08,0.99999994,1.6661648e-08
id26909,0.9959509,3.0238305e-05,0.004018878
id03113,8.596005e-07,3.4528094e-07,0.9999988
id18364,0.9618195,2.2606325e-06,0.038178187
id21004,8.545785e-07,3.4125833e-07,0.9999988
id00305,8.7313725e-07,3.4663233e-07,0.9999988
id03374,3.7547604e-08,1.0,1.1451373e-08
id18916,0.9999999,2.2073097e-08,1.4506355e-07
id06535,3.6109178e-08,1.0,1.0884375e-08
id25067,0.99999994,1.4475891e-08,8.832987e-08
id27726,3.6677815e-08,1.0,1.11424905e-08
id21767,0.9999993,3.7694537e-08,6.30127e-07
id17581,0.99999976,2.1646159e-08,2.3916937e-07
id02354,0.99999386,7.795036e-08,6.060744e-06
id16505,0.999998,4.406932e-08,1.925821e-06
id00573,0.99999976,2.4432687e-08,2.5360188e-07
id23256,0.9999999,1.3129061e-08,1.7226724e-07
id25798,4.9548564e-08,0.99999994,1.5898657e-08
id10439,2.6325857e-05,1.0783028e-05,0.9999629
id00652,6.6674886e-08,0.99999994,2.215949e-08
id17696,0.9999999,1.1406726e-08,1.7026028e-07
id22911,8.61281e-07,3.4663233e-07,0.9999988
id19382,0.24653322,5.4646813e-07,0.75346625
id12258,0.9956784,4.8394672e-06,0.004316766
id19349,3.9349555e-08,1.0,1.209506e-08
id05653,0.9999999,1.7190544e-08,1.3788097e-07
id24532,8.714336e-07,3.4935098e-07,0.9999988
id04344,0.9999999,1.9479439e-08,1.2215577e-07
id26369,8.782683e-07,3.5346903e-07,0.9999988
id07974,0.9999957,2.5705349e-08,4.3229747e-06
id11844,8.7484426e-07,3.4663233e-07,0.9999988
id15836,0.9999999,1.6212226e-08,1.10358535e-07
id03278,9.385708e-07,3.7921689e-07,0.9999987
id25245,0.9999965,6.166397e-08,3.4331417e-06
id10690,8.9384315e-07,3.576356e-07,0.9999988
id13618,0.9999994,1.9555669e-08,5.9426645e-07
id05898,0.99999726,2.5360126e-07,2.5117422e-06
id08866,0.9999811,1.8023267e-05,9.168127e-07
id21212,8.61281e-07,3.4528094e-07,0.9999988
id14035,0.1555909,5.3416755e-07,0.8444086
id27517,8.5291106e-07,3.4125833e-07,0.9999988
id22280,0.0019847592,5.5947025e-05,0.99795926
id05488,0.9999995,1.428145e-07,3.8518903e-07
id07921,3.5688494e-08,1.0,1.0757569e-08
id26774,0.9999993,3.582815e-08,7.112437e-07
id05200,4.1561407e-08,1.0,1.2875124e-08
id07514,0.99616,0.0038044022,3.563691e-05
id26147,8.596005e-07,3.4528094e-07,0.9999988
id16015,9.204173e-07,3.7188215e-07,0.9999987
id05730,0.99996865,1.881154e-06,2.9426203e-05
id10680,8.714336e-07,3.4935098e-07,0.9999988
id17677,0.9969606,0.0030013053,3.8114376e-05
id11519,8.990958e-07,3.52091e-07,0.99999875
id03255,0.99999994,2.5705457e-08,8.527848e-08
id04658,0.9999888,1.3208042e-07,1.1082232e-05
id15449,8.596005e-07,3.4393483e-07,0.9999988
id08702,3.6677815e-08,1.0,1.1099051e-08
id20255,0.9999989,1.4734783e-07,9.276363e-07
id03108,3.8288164e-08,1.0,1.167723e-08
id09118,8.61281e-07,3.4393483e-07,0.9999988
id16335,0.9999857,7.5869807e-06,6.7480005e-06
id05595,0.9999992,3.1684775e-07,5.063213e-07
id06774,0.9999999,2.139398e-08,1.4506355e-07
id23750,8.61281e-07,3.4393483e-07,0.9999988
id23246,0.99994934,3.243454e-07,5.0348837e-05
id06156,0.000112131354,2.4297517e-05,0.99986356
id01049,2.5413476e-06,0.9999964,9.608262e-07
id22801,3.6677815e-08,1.0,1.1055779e-08
id14034,0.99999976,3.2368053e-08,1.331178e-07
id01156,3.6677815e-08,1.0,1.1099051e-08
id13489,0.99999845,1.3574312e-07,1.465088e-06
id18217,8.1373294e-08,0.99999994,2.823192e-08
id02048,6.8523185e-08,0.99999994,2.3132406e-08
id03684,0.9999999,2.2073097e-08,9.2568904e-08
id11208,8.7313725e-07,3.47989e-07,0.9999988
id14453,0.9999998,1.149619e-08,1.805345e-07
id03798,0.9999995,5.3574748e-08,4.164886e-07
id19911,0.0017748482,0.019535113,0.97869
id04907,8.596005e-07,3.4528094e-07,0.9999988
id11148,0.9999999,1.23336115e-08,1.3788097e-07
id23996,0.00088884414,0.99008584,0.009025354
id19833,0.9999706,3.7042196e-07,2.9026685e-05
id01932,0.9999999,1.1907542e-08,1.1610741e-07
id12137,0.99995935,3.3930185e-06,3.727058e-05
id20511,0.99999636,1.8124047e-07,3.4736101e-06
id09367,3.5688494e-08,1.0,1.0715629e-08
id20856,8.5291106e-07,3.4259398e-07,0.9999988
id20704,0.99999976,1.4761399e-08,2.291102e-07
id14526,9.44219e-06,6.4506395e-07,0.99998987
id08881,3.711016e-08,1.0,1.1362257e-08
id04366,0.99999917,4.1724043e-08,7.281102e-07
id05521,0.9999999,1.9102673e-08,1.4620132e-07
id10588,0.0010043245,0.9911307,0.007864985
id20689,0.9999651,5.0828555e-07,3.4402594e-05
id16667,4.2051322e-08,1.0,1.3077878e-08
id25279,0.99999845,4.4414982e-08,1.5294131e-06
id24194,4.8780386e-08,0.99999994,1.5591148e-08
id27341,0.9999999,1.7598206e-08,1.4337351e-07
id25695,0.99999064,1.016661e-07,9.241501e-06
id01758,9.818738e-05,0.99988276,1.9071706e-05
id02431,3.8891116e-08,1.0,1.1907543e-08
id19940,9.168289e-07,3.6185128e-07,0.99999875
id23926,0.9999999,2.2073097e-08,1.12975606e-07
id14343,0.9998178,2.1772652e-07,0.00018199881
id06043,8.5291106e-07,3.4125833e-07,0.9999988
id05551,0.99999976,2.5806061e-08,2.4967014e-07
id16698,4.02827e-08,1.0,1.2381887e-08
id26006,0.9999988,1.30034e-07,1.1233222e-06
id16244,4.3726455e-08,1.0,1.3705499e-08
id21129,0.9999999,2.0255412e-08,9.007201e-08
id14317,8.6296484e-07,3.4393483e-07,0.9999988
id16443,1.1454773e-06,4.364758e-07,0.9999984
id00044,8.6296484e-07,3.4393483e-07,0.9999988
id01365,3.9658172e-08,1.0,1.2189923e-08
id12797,0.999998,3.3006394e-08,1.9561483e-06
id21275,0.99999964,2.1815932e-08,3.882101e-07
id13801,8.61281e-07,3.4528094e-07,0.9999988
id20770,3.7694562e-08,1.0,1.14961916e-08
id03078,0.99998367,1.0329723e-05,6.0252746e-06
id21589,0.9999995,4.1077186e-08,3.8669657e-07
id25572,8.955906e-07,3.5485246e-07,0.99999875
id10712,0.99999976,2.1477709e-08,2.1272162e-07
id25061,8.596005e-07,3.4528094e-07,0.9999988
id03163,8.9384315e-07,3.5624132e-07,0.9999988
id12341,0.999882,4.64572e-07,0.00011751481
id25107,6.288041e-08,0.99999994,2.089839e-08
id21945,0.9999999,2.1310573e-08,1.3156694e-07
id14078,8.714336e-07,3.4935098e-07,0.9999988
id06876,8.596005e-07,3.4528094e-07,0.9999988
id05232,4.1399378e-08,1.0,1.2925516e-08
id07071,0.0030963484,1.65848e-05,0.9968871
id10646,5.09221e-08,0.99999994,1.6403334e-08
id25540,0.9963363,0.0036372605,2.6487793e-05
id25607,3.7255408e-08,1.0,1.1362257e-08
id16479,0.9999999,1.932785e-08,1.2851919e-07
id05998,3.8739493e-08,1.0,1.1907543e-08
id20554,0.00037409354,5.570443e-06,0.9996203
id27217,0.99999976,3.2116162e-08,1.9750534e-07
id20110,3.7990205e-08,1.0,1.1631705e-08
id01990,3.6677815e-08,1.0,1.1055779e-08
id17080,1.9108322e-06,0.99999714,9.874619e-07
id19120,0.94870394,0.002145344,0.049150728
id08476,8.61281e-07,3.4528094e-07,0.9999988
id03715,0.98042876,0.019473307,9.7984346e-05
id27208,0.99999976,4.0282693e-08,1.3156692e-07
id04508,0.9999999,2.6110257e-08,9.8154906e-08
id11233,1.014837e-06,3.8518868e-07,0.9999986
id14237,0.99999976,6.9330895e-08,1.605707e-07
id12006,0.028139025,0.9647079,0.0071529755
id22925,8.6296484e-07,3.4528094e-07,0.9999988
id07141,0.99999905,1.940348e-08,9.836141e-07
id08449,9.0791906e-07,3.5903534e-07,0.99999875
id16468,0.9999999,1.6726858e-08,9.113375e-08
id21415,8.596005e-07,3.4528094e-07,0.9999988
id09388,0.99999994,1.7056768e-08,8.105605e-08
id24767,3.6677815e-08,1.0,1.1055779e-08
id19247,0.9999995,2.0494166e-08,4.8883027e-07
id07068,0.9999968,8.646503e-07,2.3139241e-06
id27597,0.9999999,1.602335e-08,1.1979306e-07
id21380,0.9999998,2.8901418e-08,1.9983348e-07
id01178,8.6465207e-07,3.4393483e-07,0.9999988
id15323,0.9999999,1.6792326e-08,1.17018054e-07
id14784,0.9999999,1.7945299e-08,1.5143262e-07
id07174,0.9999138,1.1679712e-06,8.497673e-05
id06577,0.99999964,2.8342408e-08,4.1648866e-07
id06582,0.99999917,6.047144e-08,7.6305304e-07
id21088,8.680362e-07,3.4393483e-07,0.9999988
id16436,1.7773556e-07,0.99999976,6.000089e-08
id25443,0.999997,1.2456472e-07,2.902312e-06
id16617,0.12700151,4.9503643e-07,0.872998
id21757,0.30197322,1.9908375e-05,0.69800687
id25902,9.186213e-07,3.7188215e-07,0.9999987
id11238,0.9882904,0.011652806,5.6718865e-05
id13861,3.8891116e-08,1.0,1.1907543e-08
id04171,8.6296484e-07,3.4528094e-07,0.9999988
id21483,8.596005e-07,3.4393483e-07,0.9999988
id12635,9.061475e-07,3.6044057e-07,0.99999875
id11666,4.0917058e-08,1.0,1.2725124e-08
id21552,0.96945715,0.030441256,0.00010153759
id13582,4.0917058e-08,1.0,1.2675514e-08
id06447,0.99987876,7.0013255e-07,0.00012053641
id22998,8.5291106e-07,3.4125833e-07,0.9999988
id15616,8.6296484e-07,3.4393483e-07,0.9999988
id09613,3.6677815e-08,1.0,1.11424905e-08
id09318,0.001421345,0.99853694,4.176318e-05
id07653,0.9999997,1.4307237e-08,3.1071949e-07
id21311,0.9999993,5.5275382e-08,7.0847085e-07
id21030,0.99999964,1.4115066e-07,2.5559086e-07
id10363,1.0995926e-05,0.99998295,6.0725265e-06
id02624,0.99999696,2.5459371e-07,2.80205e-06
id21462,9.589536e-07,3.8972917e-07,0.9999987
id24961,4.1887382e-08,1.0,1.30268925e-08
id08598,8.714336e-07,3.47989e-07,0.9999988
id22701,0.0004754881,0.9992223,0.00030223865
id24954,8.88621e-07,3.5903537e-07,0.9999988
id24432,0.99999964,1.5591143e-08,3.386029e-07
id08123,8.596005e-07,3.4528094e-07,0.9999988
id08456,8.579232e-07,3.4528094e-07,0.9999988
id02792,0.99946326,2.549934e-06,0.0005342126
id01034,3.8288164e-08,1.0,1.167723e-08
id05336,1.6061531e-05,0.999979,4.9562323e-06
id16773,4.238114e-08,1.0,1.3232035e-08
id20275,2.721481e-05,0.9999695,3.3144527e-06
id22357,1.1520386e-07,0.9999999,4.1399375e-08
id08426,0.99999976,1.3759137e-08,2.2644099e-07
id26118,0.999999,6.4876374e-08,9.31267e-07
id27377,8.579232e-07,3.47989e-07,0.9999988
id19738,0.1248386,0.0001059017,0.87505555
id27211,0.9999999,2.8121853e-08,1.5084224e-07
id20362,0.9998051,4.2628247e-07,0.00019449252
id10769,0.99995077,4.8880645e-07,4.879984e-05
id02037,0.0011129838,0.99811906,0.0007679357
id24338,0.9999999,1.685805e-08,1.0822401e-07
id21154,7.127526e-05,0.9998668,6.192502e-05
id15815,8.596005e-07,3.4528094e-07,0.9999988
id03643,8.61281e-07,3.4393483e-07,0.9999988
id24266,4.618434e-08,0.99999994,1.4703852e-08
id09707,0.99998534,9.663176e-08,1.4595748e-05
id22786,0.9999999,1.4761401e-08,1.6246348e-07
id27783,0.9999097,1.253045e-06,8.905449e-05
id13684,8.545785e-07,3.4125833e-07,0.9999988
id03721,0.9093302,1.6357431e-05,0.09065347
id00139,0.99968755,1.659646e-06,0.00031076165
id07113,0.99995035,3.2182163e-07,4.9375052e-05
id25748,0.9999999,1.4761401e-08,1.5563047e-07
id01901,0.0021488296,5.5719756e-05,0.99779546
id15688,0.9999976,4.3818378e-07,1.9561473e-06
id20660,0.81434244,7.223385e-06,0.18565041
id03335,0.99999976,2.4914579e-08,2.4010544e-07
id05947,0.99999994,2.856471e-08,7.8562216e-08
id14528,0.99999976,2.4817446e-08,2.4676137e-07
id04437,0.99989367,0.000104827726,1.4422227e-06
id10804,6.2147826e-08,0.99999994,2.0735756e-08
id17859,3.8739493e-08,1.0,1.186112e-08
id01631,1.944433e-07,0.99999976,7.7042664e-08
id10949,0.7480123,0.2515334,0.0004543758
id02613,0.99953485,7.763399e-06,0.0004574155
id21773,9.184852e-08,0.9999999,3.3135642e-08
id08523,5.6608307e-05,1.2728187e-06,0.9999421
id08014,3.8891116e-08,1.0,1.1907543e-08
id08659,3.8288164e-08,1.0,1.167723e-08
id17792,0.00016250796,0.99982584,1.1703262e-05
id25612,9.0791906e-07,3.661167e-07,0.99999875
id27792,3.8138893e-08,1.0,1.1722934e-08
id08889,0.9999999,1.1586357e-08,1.0864758e-07
id17156,0.99999964,3.4725847e-08,2.4293567e-07
id04124,9.459321e-07,3.6611667e-07,0.9999987
id05048,0.0005826617,0.999362,5.5372944e-05
id18882,8.851566e-07,3.5071832e-07,0.9999988
id03999,3.460064e-06,0.9999953,1.2629807e-06
id04390,3.047096e-07,0.9999996,1.2215574e-07
id06734,0.99995786,2.0616824e-07,4.1986303e-05
id12623,0.99917597,1.5254011e-05,0.00080879516
id10904,3.8288164e-08,1.0,1.167723e-08
id23535,0.99999994,1.8514946e-08,7.1252835e-08
id08442,0.9999874,8.362799e-08,1.25332945e-05
id25272,0.99999994,1.8442764e-08,7.209274e-08
id15926,1.8626527e-07,0.99999976,7.614509e-08
id07186,0.99010426,2.1861194e-06,0.009893557
id20674,8.9209897e-07,3.576356e-07,0.9999988
id13297,0.99999917,1.1656176e-07,7.482942e-07
id08076,0.99999905,6.825597e-08,8.920992e-07
id10493,4.1659332e-05,6.048667e-06,0.9999523
id19450,0.9999997,2.0176438e-08,3.0233835e-07
id21746,0.99999976,3.9813386e-08,1.202619e-07
id22034,8.834295e-07,3.5346903e-07,0.9999988
id05074,0.9999998,8.201149e-08,1.0696315e-07
id07348,8.817058e-07,3.52091e-07,0.9999988
id01308,0.00080402655,0.9991221,7.391484e-05
id06705,0.0034989943,6.8037057e-06,0.99649423
id21444,0.9999999,1.692403e-08,1.0822401e-07
id12010,3.8739493e-08,1.0,1.186112e-08
id19949,4.3726455e-08,1.0,1.37591405e-08
id01125,0.0011638087,1.0039463e-05,0.9988262
id20380,0.9999962,6.719757e-08,3.7266389e-06
id04880,0.99999994,1.6403334e-08,8.3303e-08
id10095,5.703005e-08,0.99999994,1.8514946e-08
id01379,9.1490435e-08,0.9999999,3.1372192e-08
id11651,1.0,2.1062297e-08,5.7928144e-08
id24870,3.807014e-07,0.9999995,1.3311777e-07
id11307,8.6296484e-07,3.4528094e-07,0.9999988
id00731,5.680771e-08,0.99999994,1.8514946e-08
id18806,0.99996924,2.4579185e-07,3.0538722e-05
id16899,0.00056635326,0.0011153822,0.9983183
id12522,1.4970971e-05,0.9999776,7.440175e-06
id20119,0.99999994,1.1099051e-08,8.074004e-08
id26937,0.9999386,2.566522e-05,3.570229e-05
id27439,3.5688494e-08,1.0,1.0715629e-08
id27579,2.3323726e-05,5.7148713e-07,0.9999761
id13459,0.9999999,1.6212226e-08,1.2603341e-07
id11534,0.00096588104,9.714121e-05,0.99893695
id19984,3.682137e-08,1.0,1.11424905e-08
id06404,0.99999964,2.5261315e-07,1.676206e-07
id23309,1.2702189e-07,0.9999999,4.765039e-08
id19314,1.8626527e-07,0.99999976,7.125282e-08
id13300,3.6677815e-08,1.0,1.1099051e-08
id09562,3.883084e-05,6.961986e-06,0.9999542
id08036,4.254701e-08,1.0,1.3180449e-08
id03683,0.99996376,4.450691e-07,3.5842924e-05
id04784,0.9999994,2.83424e-08,6.083591e-07
id08715,8.5291106e-07,3.4125833e-07,0.9999988
id08479,0.9999993,2.0494163e-08,7.5416324e-07
id18360,0.99999976,1.608606e-08,2.220612e-07
id26170,3.7547604e-08,1.0,1.14961916e-08
id20424,0.9999901,1.1253406e-07,9.7800485e-06
id10361,0.9999999,2.2596543e-08,1.7429787e-07
id02335,0.99387074,3.575862e-06,0.006125717
id18664,8.817058e-07,3.52091e-07,0.9999988
id11480,9.0791906e-07,3.6898817e-07,0.99999875
id13229,8.579232e-07,3.4528094e-07,0.9999988
id19658,8.817058e-07,3.52091e-07,0.9999988
id01421,0.99993646,2.862301e-07,6.327424e-05
id26050,2.9303638e-07,0.99999964,1.1122406e-07
id27136,0.9999988,3.9043282e-08,1.1233222e-06
id14688,1.4311487e-06,0.9999981,5.306195e-07
id24936,0.9999999,2.2596543e-08,1.3574332e-07
id09776,1.3156694e-07,0.9999999,4.6004278e-08
id14765,8.903583e-07,3.576356e-07,0.9999988
id06704,8.680362e-07,3.5071832e-07,0.9999988
id06961,8.596005e-07,3.4528094e-07,0.9999988
id12725,0.9999982,1.2979957e-06,4.984709e-07
id27875,9.043794e-07,3.6898817e-07,0.99999875
id20750,8.6296484e-07,3.4528094e-07,0.9999988
id19081,8.834295e-07,3.618513e-07,0.9999988
id05773,8.6973324e-07,3.4935098e-07,0.9999988
id04241,9.043794e-07,3.6044057e-07,0.99999875
id24438,3.711016e-08,1.0,1.1273835e-08
id09353,0.99999994,1.2285528e-08,7.265817e-08
id19446,3.8739493e-08,1.0,1.186112e-08
id20203,8.579232e-07,3.4528094e-07,0.9999988
id07711,3.6677815e-08,1.0,1.1099051e-08
id15758,0.99999416,2.6890382e-07,5.5291607e-06
id17665,2.6636208e-05,0.999964,9.331945e-06
id14167,0.0804292,5.9211516e-06,0.9195649
id00687,8.6973324e-07,3.4935098e-07,0.9999988
id00735,8.663425e-07,3.4393483e-07,0.9999988
id26443,0.00046962363,2.3267296e-05,0.99950707
id15242,0.99999964,3.4725847e-08,3.0709947e-07
id13474,6.879137e-08,0.99999994,2.2862906e-08
id04409,0.99999934,1.9403485e-08,6.6295206e-07
id19438,8.579232e-07,3.4528094e-07,0.9999988
id04101,2.1782338e-05,0.9999638,1.4397245e-05
id26992,0.9999999,2.2596543e-08,1.4115071e-07
id14645,6.239107e-08,0.99999994,2.0494177e-08
id26429,1.161401e-05,0.99998283,5.550738e-06
id05710,0.9999966,7.438096e-08,3.340539e-06
id07474,8.7313725e-07,3.47989e-07,0.9999988
id21067,0.0011067864,1.1466063e-05,0.99888176
id20264,4.2051322e-08,1.0,1.3129063e-08
id04991,8.6296484e-07,3.4528094e-07,0.9999988
id07054,0.00040961846,7.000906e-05,0.99952036
id14413,8.799854e-07,3.52091e-07,0.9999988
id21861,8.6296484e-07,3.4393483e-07,0.9999988
id12933,3.711016e-08,1.0,1.1273835e-08
id08074,8.5291106e-07,3.4125833e-07,0.9999988
id03176,0.9999951,1.4677283e-07,4.766439e-06
id15239,8.61281e-07,3.4528094e-07,0.9999988
id05322,3.9196145e-08,1.0,1.2047906e-08
id25957,8.61281e-07,3.4528094e-07,0.9999988
id22789,8.596005e-07,3.4393483e-07,0.9999988
id03435,8.596005e-07,3.4393483e-07,0.9999988
id06122,3.6677815e-08,1.0,1.11424905e-08
id00869,0.9993073,1.5768712e-06,0.00069121463
id23400,3.7255408e-08,1.0,1.131796e-08
id08127,0.99999994,1.40305145e-08,8.628372e-08
id08856,9.132545e-07,3.5485246e-07,0.99999875
id01919,8.579232e-07,3.4528094e-07,0.9999988
id22051,9.026148e-07,3.6044057e-07,0.99999875
id19791,0.9999999,1.6275681e-08,1.0367225e-07
id06679,8.714336e-07,3.4935098e-07,0.9999988
id25385,3.9349555e-08,1.0,1.2142398e-08
id04313,8.6465207e-07,3.4393483e-07,0.9999988
id01389,4.49386e-08,1.0,1.4251464e-08
id17264,4.2051322e-08,1.0,1.3129063e-08
id23062,0.99999976,3.161825e-08,1.6437853e-07
id17008,1.0326807e-07,0.9999999,3.6821366e-08
id04746,4.691164e-08,0.99999994,1.4819176e-08
id11487,3.9813393e-08,1.0,1.2285529e-08
id02111,0.99997926,1.4091446e-05,6.7216492e-06
id08911,0.9999404,4.0926843e-06,5.551331e-05
id00845,1.0108804e-06,4.1003116e-07,0.99999857
id02409,0.001175208,1.7010807e-05,0.9988078
id20141,3.8288164e-08,1.0,1.167723e-08
id06353,0.99999964,3.9503547e-08,2.74209e-07
id14766,3.7694562e-08,1.0,1.1451373e-08
id05294,5.285513e-07,0.99999917,2.4198843e-07
id12568,0.9999983,2.7577883e-08,1.7398347e-06
id27571,9.3491167e-07,4.0367428e-07,0.9999987
id20377,0.9999999,1.6792326e-08,1.0448536e-07
id24340,0.9999999,1.685805e-08,1.2311384e-07
id05355,8.88621e-07,3.5903537e-07,0.9999988
id01246,5.441845e-08,0.99999994,1.7667086e-08
id17173,0.99999934,1.069631e-07,5.3687495e-07
id16338,0.9959778,5.3907064e-05,0.0039682863
id14712,5.4845263e-08,0.99999994,1.82279e-08
id10590,9.1147257e-07,3.661167e-07,0.99999875
id13157,8.851566e-07,3.5071832e-07,0.9999988
id23915,0.99999654,2.53144e-06,9.952062e-07
id05903,0.00015416103,0.9998308,1.5086176e-05
id03661,2.9140218e-05,2.8239451e-06,0.99996805
id21177,0.9999994,3.4998195e-08,5.8277226e-07
id12025,3.7694562e-08,1.0,1.14961916e-08
id14031,0.9999877,8.630842e-06,3.6260885e-06
id21299,8.545785e-07,3.4125833e-07,0.9999988
id00758,8.579232e-07,3.4528094e-07,0.9999988
id25034,0.99999845,1.2751886e-07,1.4423738e-06
id01407,0.9999999,1.114249e-08,9.4764104e-08
id24205,9.184852e-08,0.9999999,3.2241864e-08
id22350,0.9999999,2.1901322e-08,9.329492e-08
id05983,8.6296484e-07,3.4393483e-07,0.9999988
id23821,0.99872065,2.3523044e-05,0.0012557892
id21960,9.8758595e-05,7.706364e-05,0.99982417
id08108,0.99999964,3.112805e-08,3.1684786e-07
id03232,8.834295e-07,3.52091e-07,0.9999988
id12956,8.7484426e-07,3.47989e-07,0.9999988
id03217,4.0917058e-08,1.0,1.2675514e-08
id08955,4.2713538e-08,1.0,1.3335816e-08
id22567,0.00010411372,7.7498873e-07,0.9998951
id20367,0.9999999,2.033469e-08,1.7361836e-07
id06319,0.9889995,5.6538276e-05,0.010943959
id14239,0.9999992,2.322293e-08,7.965551e-07
id05013,0.9999998,2.2952387e-08,1.9444332e-07
id26491,4.424189e-08,1.0,1.3975815e-08
id23540,0.9994622,1.0182623e-06,0.0005368269
id25631,0.99973774,5.3673455e-07,0.0002617007
id01591,0.99929255,4.0109244e-06,0.00070346205
id01193,0.9999999,2.1815938e-08,1.09072815e-07
id24819,7.996724e-07,0.99999887,3.49351e-07
id08308,0.9999999,3.62505e-08,8.696044e-08
id27567,8.6296484e-07,3.4393483e-07,0.9999988
id12998,1.5386073e-05,1.3925253e-06,0.99998325
id08315,3.653482e-08,1.0,1.1099051e-08
id16118,0.99929744,1.1402118e-06,0.00070140755
id27505,7.541629e-07,0.9999989,2.47727e-07
id08529,3.7694562e-08,1.0,1.14961916e-08
id20249,0.9975853,0.0023549267,5.9765985e-05
id24343,9.062752e-06,6.425494e-07,0.99999034
id03631,7.676444e-06,0.9999895,2.8350585e-06
id00349,5.4631442e-08,0.99999994,1.7667086e-08
id04969,1.6762061e-07,0.99999976,6.1905524e-08
id11856,0.9999953,6.513006e-08,4.64694e-06
id26020,0.99998033,6.19228e-06,1.3472453e-05
id07957,0.99999976,3.1990954e-08,1.5321764e-07
id03899,0.99999964,2.4242546e-08,3.493513e-07
id14650,0.9999999,1.6990269e-08,1.02865464e-07
id21807,0.96073073,0.02246222,0.016807005
id21685,0.99999994,1.1861119e-08,6.288041e-08
id06655,0.9999996,2.1106617e-07,1.9444326e-07
id27764,0.99999475,1.0206443e-07,5.1840334e-06
id02847,4.1399378e-08,1.0,1.2925516e-08
id07271,9.1503995e-07,3.6326753e-07,0.99999875
id15978,0.99999994,1.8156834e-08,7.014816e-08
id12075,1.0368759e-06,3.9741582e-07,0.99999857
id23611,0.9999999,1.1907542e-08,1.04894305e-07
id05191,0.9999964,1.4393417e-07,3.5145563e-06
id04303,0.01680147,8.452779e-06,0.98319006
id12277,8.6465207e-07,3.4528094e-07,0.9999988
id15582,0.9999997,1.4646523e-08,3.1808798e-07
id02917,0.99999976,3.582817e-08,1.4908485e-07
id25622,0.0002125611,1.3789093e-05,0.9997737
id16495,5.78237e-07,0.99999917,2.5659108e-07
id17839,8.6296484e-07,3.4393483e-07,0.9999988
id20373,0.0004466502,0.00039725887,0.9991561
id25342,0.9999999,2.0494175e-08,1.6566779e-07
id13518,0.9999995,5.1121386e-08,4.0684066e-07
id19958,0.99999905,1.6858035e-08,9.533515e-07
id00228,9.893939e-07,4.1486447e-07,0.99999857
id00367,8.663425e-07,3.52091e-07,0.9999988
id16274,5.6586238e-08,0.99999994,1.8806514e-08
id27969,4.0917058e-08,1.0,1.2675514e-08
id18474,0.0017925509,0.9981517,5.5739652e-05
id02892,3.6250505e-08,1.0,1.0884375e-08
id03838,6.166418e-08,0.99999994,2.0255413e-08
id08960,3.554936e-08,1.0,1.0715629e-08
id17320,0.99976224,0.0001526524,8.512995e-05
id20922,8.955906e-07,3.5624132e-07,0.99999875
id17364,0.00034865245,0.00014878658,0.99950254
id06523,0.99999976,3.4054192e-08,2.2732725e-07
id16232,9.683641e-07,0.9999987,3.33353e-07
id01886,3.7547604e-08,1.0,1.1451373e-08
id18234,0.00019793843,0.9997892,1.2853047e-05
id26057,0.99999964,2.7044518e-08,3.2818517e-07
id09436,6.933091e-08,0.99999994,2.3496689e-08
id09543,5.4960657e-07,0.9999993,2.1776606e-07
id15732,0.99905324,0.00024139592,0.000705357
id22927,0.99940866,5.2728733e-06,0.0005861131
id26551,8.6465207e-07,3.4393483e-07,0.9999988
id11126,0.0024974346,5.1905755e-07,0.997502
id02903,0.99999964,6.288039e-08,2.851322e-07
id24549,3.5688494e-08,1.0,1.0757569e-08
id01618,0.00015506733,0.9998332,1.1657722e-05
id22005,8.6465207e-07,3.4393483e-07,0.9999988
id02603,3.9196145e-08,1.0,1.2000935e-08
id22118,0.99999994,1.2626097e-08,7.209274e-08
id24985,0.9996997,0.00026947085,3.08301e-05
id19044,0.9999999,1.6531985e-08,1.5202531e-07
id03296,1.8665686e-06,0.9999975,6.6815045e-07
id17299,0.99999976,4.9355386e-08,1.2073258e-07
id08251,0.9999995,4.7095227e-08,4.3139124e-07
id05491,0.9999603,1.6245704e-07,3.951969e-05
id17009,0.99999976,2.4148038e-08,2.9418334e-07
id07381,6.3126514e-08,0.99999994,2.0980185e-08
id07643,0.9999988,3.5485246e-07,8.6465207e-07
id24227,1.0,1.26260975e-08,5.884038e-08
id04099,0.9999896,5.817163e-06,4.5304114e-06
id11393,3.9349555e-08,1.0,1.209506e-08
id19396,2.0537307e-07,0.99999976,7.2092725e-08
id15362,0.9999999,1.1317958e-08,1.4115071e-07
id00195,0.99999976,2.704452e-08,2.1272162e-07
id02296,8.596005e-07,3.4528094e-07,0.9999988
id27754,0.999835,1.8517421e-06,0.00016314551
id16471,1.29563505e-05,0.99998176,5.2965456e-06
id15237,5.592699e-08,0.99999994,1.8156834e-08
id10099,6.9602265e-08,0.99999994,2.3313836e-08
id21647,0.99999905,7.9799314e-08,8.7143377e-07
id13571,1.4620132e-07,0.9999998,5.1121404e-08
id15137,3.6677815e-08,1.0,1.1099051e-08
id10965,3.2762844e-05,1.0952765e-05,0.9999563
id24918,4.0917058e-08,1.0,1.2675514e-08
id01700,0.9999987,2.9356514e-08,1.3656124e-06
id03901,1.362746e-07,0.9999998,4.8400768e-08
id24411,1.6090834e-06,0.9999978,6.2035684e-07
id02597,4.4857586e-07,0.9999994,1.7429778e-07
id07981,8.61281e-07,3.4528094e-07,0.9999988
id07429,9.404057e-07,3.7773847e-07,0.9999987
id13354,0.0001696418,0.99981934,1.1080354e-05
id25693,0.99998343,2.4579535e-07,1.6314534e-05
id11305,8.868871e-07,3.604406e-07,0.9999988
id26634,0.99999994,1.2725123e-08,8.3303e-08
id09180,0.99999917,4.372642e-08,7.842056e-07
id19991,0.9999956,5.8382224e-08,4.3229743e-06
id05497,8.782683e-07,3.5624132e-07,0.9999988
id08058,1.2362927e-05,0.99997294,1.4738799e-05
id06612,9.2221666e-07,3.821911e-07,0.9999987
id22846,3.8288164e-08,1.0,1.167723e-08
id09588,0.9999995,4.1077186e-08,3.6468958e-07
id10337,8.6465207e-07,3.4528094e-07,0.9999988
id05744,0.99999994,1.1586358e-08,6.879137e-08
id19624,0.00011279182,0.99987704,1.0168493e-05
id00939,6.5130365e-08,0.99999994,2.1646164e-08
id24424,9.740548e-07,4.005328e-07,0.99999857
id14406,8.7313725e-07,3.4935098e-07,0.9999988
id08961,8.7313725e-07,3.4935098e-07,0.9999988
id27004,9.991032e-07,3.8219105e-07,0.99999857
id24072,0.9999107,8.614624e-05,3.1378765e-06
id23738,3.5828176e-08,1.0,1.0799672e-08
id13676,8.817058e-07,3.52091e-07,0.9999988
id19636,8.6465207e-07,3.52091e-07,0.9999988
id09466,0.9999999,2.9128095e-08,9.439466e-08
id04434,7.614511e-08,0.99999994,2.5405978e-08
id24016,0.99998856,1.7566293e-07,1.1278757e-05
id09168,9.061475e-07,3.5903534e-07,0.99999875
id24262,0.99999976,1.633938e-08,2.477272e-07
id01441,0.9999996,2.3042213e-08,4.4334985e-07
id20170,0.005945546,9.0264875e-06,0.99404544
id02342,0.99999875,6.513029e-08,1.2098657e-06
id23334,4.0917058e-08,1.0,1.2675514e-08
id09262,0.9999999,1.3867052e-08,1.3896239e-07
id17822,0.9999974,3.479885e-07,2.3049042e-06
id14466,3.7255408e-08,1.0,1.131796e-08
id14319,0.0010586911,0.9988879,5.3434702e-05
id02387,0.9999994,2.3405072e-08,5.9194963e-07
id13617,0.99998164,1.6539088e-05,1.8304369e-06
id08025,0.9999997,2.9471444e-08,3.1438216e-07
id23364,0.0012626443,0.9973315,0.001405833
id01438,0.9999801,1.5994155e-07,1.9756044e-05
id05288,1.1321323e-06,0.99999845,4.1648815e-07
id24441,0.00392216,0.99600446,7.339692e-05
id18048,8.851566e-07,3.5346903e-07,0.9999988
id27822,3.6677815e-08,1.0,1.1055779e-08
id23906,0.99999964,3.3921424e-08,2.4676135e-07
id07059,8.799854e-07,3.5346903e-07,0.9999988
id08357,0.0005669418,7.7329016e-05,0.99935573
id13619,8.714336e-07,3.4935098e-07,0.9999988
id27086,3.527271e-08,1.0,1.0549498e-08
id03789,0.9999962,4.954838e-08,3.7853247e-06
id00177,8.6296484e-07,3.4393483e-07,0.9999988
id01552,0.991156,4.1691865e-06,0.008839828
id03027,3.9349555e-08,1.0,1.2047906e-08
id15841,2.014008e-07,0.99999976,5.7477333e-08
id27214,4.9355396e-08,0.99999994,1.6023352e-08
id14095,0.9999998,1.7325371e-08,2.029804e-07
id08434,3.5688494e-08,1.0,1.0715629e-08
id05532,0.00012509187,8.8690185e-06,0.999866
id06247,5.0723575e-08,0.99999994,1.6403334e-08
id09916,1.1189425e-06,0.9999984,4.965277e-07
id18651,0.99999976,3.2749597e-08,2.0698383e-07
id26324,0.0005667617,0.00039489145,0.99903834
id27363,8.851566e-07,3.52091e-07,0.9999988
id02302,8.663425e-07,3.4393483e-07,0.9999988
id12845,4.0525453e-07,0.9999994,1.7429778e-07
id20294,8.851566e-07,3.5071832e-07,0.9999988
id04233,9.664747e-07,3.7333766e-07,0.9999987
id20000,3.5135194e-08,1.0,1.0549498e-08
id02527,8.6296484e-07,3.4393483e-07,0.9999988
id26763,3.5828176e-08,1.0,1.0799672e-08
id15763,3.8288164e-08,1.0,1.1722934e-08
id10374,0.99999964,4.0440344e-08,2.8513222e-07
id00901,4.321703e-08,1.0,1.3493015e-08
id22161,0.00040280522,0.0002481611,0.99934906
id15200,0.9999999,1.1861118e-08,1.6762064e-07
id15430,8.579232e-07,3.4663233e-07,0.9999988
id27468,0.9999956,5.3574535e-08,4.297718e-06
id02378,8.7655457e-07,3.4663233e-07,0.9999988
id23250,0.9999999,2.2420696e-08,1.4966838e-07
id18374,8.6296484e-07,3.4393483e-07,0.9999988
id01146,3.2690568e-07,0.9999996,1.4393463e-07
id24617,0.9999958,1.7294077e-07,4.0137465e-06
id01754,3.6677815e-08,1.0,1.1099051e-08
id11383,0.0016841922,1.795782e-05,0.99829787
id24713,8.4309195e-06,0.9999891,2.4921753e-06
id26161,0.00043903163,0.9995297,3.118821e-05
id12466,0.99999714,4.878025e-08,2.83508e-06
id17409,0.99999905,2.9356524e-08,9.3857113e-07
id04066,0.99910384,0.0008890914,7.0932615e-06
id16890,6.4623514e-08,0.99999994,2.1646164e-08
id03358,0.9999999,5.3365902e-08,1.00875866e-07
id19133,0.99999964,2.1144725e-08,3.7921723e-07
id07358,3.7547604e-08,1.0,1.1451373e-08
id27773,4.424189e-08,1.0,1.3867054e-08
id10699,3.711016e-08,1.0,1.1273835e-08
id08693,0.9999999,1.3867052e-08,1.0949972e-07
id11944,8.074004e-08,0.99999994,2.6418036e-08
id02240,1.1818387e-06,0.99999833,4.5209353e-07
id23124,0.99999726,5.315771e-08,2.6842004e-06
id05465,0.0018640894,0.0008883066,0.99724764
id15540,9.0969405e-07,0.99999875,3.704324e-07
id16715,8.61281e-07,3.4393483e-07,0.9999988
id12563,8.6296484e-07,3.4393483e-07,0.9999988
id00583,0.0006843524,0.0031428551,0.99617285
id27730,9.552149e-07,3.8972917e-07,0.9999987
id00896,8.7313725e-07,3.47989e-07,0.9999988
id15031,0.99999964,7.2374874e-08,3.047096e-07
id23271,8.903582e-07,3.6898814e-07,0.9999987
id17004,8.9384315e-07,3.576356e-07,0.9999988
id10247,8.714336e-07,3.4935098e-07,0.9999988
id12055,0.9999982,1.0511488e-06,7.660388e-07
id22719,0.99998623,1.9067984e-07,1.3578201e-05
id06891,3.6677815e-08,1.0,1.1055779e-08
id27281,0.9999997,2.7577922e-08,3.0590223e-07
id23104,0.9999999,1.7257827e-08,1.6696713e-07
id14491,3.653482e-08,1.0,1.1099051e-08
id24292,5.4631442e-08,0.99999994,1.7529599e-08
id15777,8.579232e-07,3.4663233e-07,0.9999988
id22522,8.61281e-07,3.4528094e-07,0.9999988
id25136,3.6250505e-08,1.0,1.0926976e-08
id17735,0.00020905951,0.9997647,2.6269281e-05
id18869,7.965549e-07,0.9999989,2.9303618e-07
id20815,4.321703e-08,1.0,1.3545825e-08
id15238,0.9992798,3.4983454e-06,0.0007166272
id24454,8.596005e-07,3.4528094e-07,0.9999988
id14402,8.7313725e-07,3.47989e-07,0.9999988
id10985,0.9999997,2.3405079e-08,3.035217e-07
id12747,0.9999999,1.3975813e-08,9.5135e-08
id11581,0.99844545,0.0014923322,6.220038e-05
id07594,0.99999964,2.5806058e-08,3.3465804e-07
id08240,0.99999964,9.5881134e-08,2.545944e-07
id12773,7.127334e-06,0.99998915,3.6402857e-06
id12838,0.9999913,1.3030668e-06,7.4112704e-06
id23322,7.0422715e-08,0.99999994,2.4053897e-08
id22344,0.9999994,3.821914e-07,2.2033305e-07
id12881,0.9999721,2.5716257e-05,2.1992996e-06
id20147,8.6296484e-07,3.4393483e-07,0.9999988
id13261,9.1325455e-07,0.9999988,3.3335303e-07
id01842,8.61281e-07,3.4528094e-07,0.9999988
id25884,0.9999999,1.5409503e-08,9.2568904e-08
id01643,0.9996935,2.901431e-06,0.00030356465
id26737,3.711016e-08,1.0,1.1229883e-08
id10558,0.011761865,0.12325158,0.8649866
id20458,8.6296484e-07,3.4528094e-07,0.9999988
id23965,0.9947424,3.2528416e-05,0.00522503
id26758,0.9998579,3.703802e-07,0.00014174651
id27519,0.9999486,2.8960764e-07,5.104189e-05
id20676,0.015569147,0.9840272,0.0004036631
id10536,0.99999964,3.934954e-08,2.7313993e-07
id12652,0.9999999,1.0549497e-08,1.1747605e-07
id00041,8.5291106e-07,3.4125833e-07,0.9999988
id16051,0.00032312825,0.99964815,2.8735332e-05
id02396,8.782683e-07,3.4663233e-07,0.9999988
id00294,8.579232e-07,3.4663233e-07,0.9999988
id07695,0.99999756,4.1811788e-07,2.050025e-06
id12440,1.4060042e-07,0.9999998,4.9355393e-08
id18373,0.6249752,0.37465036,0.00037448265
id16812,3.6677815e-08,1.0,1.1099051e-08
id20901,3.5828176e-08,1.0,1.0799672e-08
id12076,8.596005e-07,3.4393483e-07,0.9999988
id19184,0.9999999,1.3388009e-08,1.07381794e-07
id08937,7.825592e-08,0.99999994,2.683406e-08
id08181,9.895292e-06,0.99998605,4.0294167e-06
id10111,0.99999976,2.4720691e-08,2.1024333e-07
id24104,4.5291056e-08,0.99999994,1.4475891e-08
id24837,0.006666197,0.99322355,0.00011030423
id15659,0.9993335,2.3579973e-06,0.00066410325
id14673,0.9999891,8.171528e-06,2.7158187e-06
id22539,8.7655457e-07,3.47989e-07,0.9999988
id22413,0.97002125,0.029724345,0.00025441824
id19433,2.1194912e-05,0.99996936,9.441997e-06
id11633,8.596005e-07,3.4528094e-07,0.9999988
id04727,8.851566e-07,3.52091e-07,0.9999988
id26735,0.9993208,4.1795967e-05,0.0006374076
id17167,3.9196145e-08,1.0,1.2000935e-08
id04188,1.8885711e-06,0.9999975,6.4004894e-07
id07861,0.00014146858,0.99984837,1.0168201e-05
id05163,0.9999965,6.412039e-08,3.4331417e-06
id14142,1.152366e-05,0.99998546,3.0774145e-06
id16011,0.9999999,1.2875122e-08,1.07381794e-07
id24117,6.9602265e-08,0.99999994,2.3132406e-08
id06439,8.868871e-07,3.5071832e-07,0.9999988
id06481,8.817058e-07,3.5346903e-07,0.9999988
id10069,0.0023412923,2.0575137e-05,0.9976381
id11204,8.9384315e-07,3.5624132e-07,0.9999988
id15541,8.596005e-07,3.4528094e-07,0.9999988
id11872,3.3278266e-05,0.9999407,2.6069441e-05
id21639,6.3126514e-08,0.99999994,2.1062297e-08
id19801,8.5291106e-07,3.4259398e-07,0.9999988
id15798,0.99996173,2.1277705e-05,1.6964066e-05
id18282,8.61281e-07,3.4393483e-07,0.9999988
id27107,8.6973324e-07,3.5071832e-07,0.9999988
id23052,0.9999999,1.8227897e-08,1.3416185e-07
id19129,3.8288164e-08,1.0,1.167723e-08
id08088,6.314479e-06,0.99999094,2.747837e-06
id26398,0.99999917,4.2051287e-08,8.2505704e-07
id06010,0.99975735,1.0884984e-06,0.00024156604
id24813,0.99999994,1.2142397e-08,8.8675584e-08
id27399,3.3667352e-06,1.1772277e-06,0.99999547
id15776,0.99999034,1.1793472e-07,9.534855e-06
id25955,8.5291106e-07,3.4125833e-07,0.9999988
id19866,3.9813393e-08,1.0,1.2285529e-08
id00804,8.545785e-07,3.4125833e-07,0.9999988
id03140,0.9999997,2.6008458e-08,3.2563125e-07
id21261,0.9998851,8.058526e-07,0.000114122304
id11754,0.99999994,1.6086064e-08,7.265817e-08
id07880,0.99999976,2.2159485e-08,2.6267614e-07
id25080,0.00095803617,0.00044727197,0.9985947
id09317,0.02636322,0.97345984,0.00017685507
id15488,0.00015998785,0.9998218,1.826846e-05
id19606,0.9996625,7.6578164e-07,0.00033666196
id14247,8.5291106e-07,3.4125833e-07,0.9999988
id21692,0.99992216,6.339704e-05,1.4396645e-05
id24843,0.99999654,1.6217015e-06,1.8665668e-06
id11433,0.9999995,3.9813376e-08,3.958668e-07
id04705,3.6250505e-08,1.0,1.0926976e-08
id04583,1.250526e-07,0.9999999,4.493859e-08
id21401,0.94448256,2.466805e-06,0.05551498
id20649,0.9999993,1.2603334e-07,5.7373717e-07
id02631,3.6677815e-08,1.0,1.1099051e-08
id19128,5.3590406e-06,0.9999931,1.5656736e-06
id27401,3.3605473e-05,0.9999596,6.800749e-06
id10015,0.9999347,2.8969007e-05,3.6335277e-05
id09875,0.029854583,0.9699993,0.0001460968
id07941,0.99999994,1.8806514e-08,7.467233e-08
id00882,0.9999931,3.107174e-07,6.5917325e-06
id14143,0.9999988,4.9548508e-08,1.141012e-06
id02713,8.7313725e-07,3.4935098e-07,0.9999988
id16462,1.5147484e-05,0.9999802,4.692472e-06
id08522,0.99992645,4.7561014e-07,7.311251e-05
id07181,3.7255408e-08,1.0,1.1273835e-08
id20918,8.6296484e-07,3.4528094e-07,0.9999988
id06178,8.6296484e-07,3.4528094e-07,0.9999988
id08857,0.07402759,0.92548394,0.0004884305
id23193,0.9999999,1.0969742e-08,1.4908487e-07
id19651,0.9999999,1.0841941e-08,9.077846e-08
id09135,8.596005e-07,3.4528094e-07,0.9999988
id16416,5.2333714e-08,0.99999994,1.699027e-08
id03990,0.9999997,9.329491e-08,2.0140078e-07
id09922,8.6296484e-07,3.4528094e-07,0.9999988
id17688,0.0006274627,0.00015167837,0.99922085
id05846,0.99999297,4.3647344e-07,6.6175307e-06
id22599,3.6109178e-08,1.0,1.0884375e-08
id15087,0.9999985,9.797789e-07,5.4532904e-07
id14711,8.680362e-07,3.4935098e-07,0.9999988
id09969,3.7694562e-08,1.0,1.14961916e-08
id21377,8.61281e-07,3.4528094e-07,0.9999988
id25247,8.2654736e-08,0.99999994,2.8788744e-08
id23590,1.2652669e-07,0.9999999,4.5824926e-08
id21390,0.0012230161,0.0011081446,0.99766886
id21176,4.254701e-08,1.0,1.3335816e-08
id27310,0.9995103,1.8224414e-06,0.00048785625
id03802,8.9384315e-07,3.576356e-07,0.9999988
id19012,0.9999999,1.659669e-08,1.4506355e-07
id02414,8.714336e-07,3.4935098e-07,0.9999988
id21814,8.990958e-07,3.6326753e-07,0.99999875
id00247,0.9999999,2.081691e-08,1.6119918e-07
id24584,0.99999976,1.608606e-08,2.300069e-07
id01109,8.579232e-07,3.4663233e-07,0.9999988
id07953,0.9999999,1.23336115e-08,1.2603341e-07
id02030,0.9999709,1.2801443e-07,2.8970057e-05
id23912,9.0791906e-07,3.6754963e-07,0.99999875
id13856,0.0021550113,0.00010656075,0.9977384
id18661,5.013263e-08,0.99999994,1.6212228e-08
id16595,8.596005e-07,3.4528094e-07,0.9999988
id11387,8.6973324e-07,3.5071832e-07,0.9999988
id12489,8.834295e-07,3.52091e-07,0.9999988
id26079,0.9999999,1.3545823e-08,9.29312e-08
id05553,0.00038369416,0.9995697,4.663839e-05
id09596,0.99999964,2.4624311e-08,3.4663265e-07
id23663,3.7255408e-08,1.0,1.1273835e-08
id25726,0.99674255,5.077138e-06,0.0032524054
id18105,0.99981755,4.906542e-07,0.00018199877
id23249,0.0052235937,0.3225417,0.67223465
id19756,8.7484426e-07,3.4663233e-07,0.9999988
id23981,3.6677815e-08,1.0,1.11424905e-08
id11521,8.7313725e-07,3.47989e-07,0.9999988
id17449,8.6296484e-07,3.4393483e-07,0.9999988
id15479,0.9999988,3.541072e-08,1.1102353e-06
id13555,8.6296484e-07,3.4393483e-07,0.9999988
id01520,0.9822036,3.2811006e-06,0.017793128
id03093,0.9999482,5.4530165e-07,5.124164e-05
id09992,0.9999988,3.576356e-07,8.282859e-07
id06668,0.0001057509,0.9998726,2.1610855e-05
id19568,0.99986637,1.2481056e-06,0.0001323817
id17963,0.9999957,1.3842003e-07,4.20637e-06
id04142,0.99999136,1.01666174e-07,8.546997e-06
id24508,9.3126675e-07,3.6611667e-07,0.9999987
id10791,0.9999964,9.476378e-08,3.460068e-06
id01228,8.680362e-07,3.4935098e-07,0.9999988
id24879,0.00077773404,0.00014471177,0.99907756
id19795,9.913283e-07,4.1486447e-07,0.99999857
id02488,8.9209897e-07,3.5624132e-07,0.9999988
id10204,0.23126477,8.893341e-06,0.76872635
id20878,0.99999523,3.8001365e-06,9.836103e-07
id10163,8.6465207e-07,3.4528094e-07,0.9999988
id26439,8.341463e-05,1.9256604e-06,0.99991465
id06268,0.99999976,2.0574385e-08,2.1861845e-07
id05530,8.7484426e-07,3.47989e-07,0.9999988
id15914,4.546832e-08,0.99999994,1.4475891e-08
id21656,5.378446e-08,0.99999994,1.7325373e-08
id16473,3.8588464e-08,1.0,1.186112e-08
id11262,8.6296484e-07,3.4393483e-07,0.9999988
id15332,8.6296484e-07,3.4528094e-07,0.9999988
id01765,8.6296484e-07,3.4393483e-07,0.9999988
id12527,0.999999,1.1747594e-07,9.096943e-07
id16877,8.680362e-07,3.4393483e-07,0.9999988
id19105,3.9211507e-05,0.9999441,1.6700767e-05
id19533,0.99999964,1.4532542e-08,3.6468964e-07
id27557,4.7464617e-08,0.99999994,1.522998e-08
id19487,8.7313725e-07,3.47989e-07,0.9999988
id25958,8.6296484e-07,3.4663233e-07,0.9999988
id22331,0.9999998,1.659669e-08,1.9368525e-07
id13674,0.9999997,7.467231e-08,2.1355419e-07
id04688,0.9999998,1.8954013e-08,1.8124109e-07
id25663,8.6296484e-07,3.4393483e-07,0.9999988
id00344,3.5688494e-08,1.0,1.0757569e-08
id11323,0.99999994,1.6086064e-08,6.8523185e-08
id18670,1.1520386e-07,0.9999999,3.9969215e-08
id23811,0.9999975,5.032872e-08,2.48248e-06
id27702,0.99999976,3.2368053e-08,1.3788096e-07
id09979,0.99999964,2.0334685e-08,3.5346935e-07
id25040,3.5688494e-08,1.0,1.0757569e-08
id00083,0.8236619,0.17605412,0.00028396733
id19751,0.9999999,3.6392382e-08,9.550735e-08
id19385,8.817058e-07,3.52091e-07,0.9999988
id22498,0.99999595,2.941822e-07,3.697637e-06
id20381,0.9999993,5.4206257e-08,6.2035775e-07
id00428,8.5291106e-07,3.4125833e-07,0.9999988
id26942,3.711016e-08,1.0,1.1273835e-08
id10242,0.00092898426,2.0604264e-05,0.99905044
id08136,8.834295e-07,3.52091e-07,0.9999988
id00055,8.579232e-07,3.4528094e-07,0.9999988
id15243,1.0128567e-06,4.2803367e-07,0.99999857
id13954,0.99999976,9.220799e-08,1.11224075e-07
id26797,0.9999999,1.2875122e-08,1.1793584e-07
id11384,3.4935124e-07,0.9999995,1.3842056e-07
id07965,0.9957035,0.0020183446,0.0022781675
id19311,0.0040765293,1.13430115e-05,0.99591213
id08841,0.27817115,0.7215211,0.00030776951
id14884,0.9999994,5.132146e-08,5.389762e-07
id10859,0.9999999,1.5409503e-08,1.4734798e-07
id10460,4.2315252e-05,0.9999495,8.171205e-06
id25236,0.9999991,7.8869625e-08,8.479284e-07
id19325,1.5746498e-07,0.99999976,5.9301854e-08
id03265,3.7255408e-08,1.0,1.131796e-08
id08636,3.113721e-06,0.9999954,1.4939797e-06
id11848,1.250526e-07,0.9999999,4.6911637e-08
id20945,0.9999695,2.3090014e-07,3.0301075e-05
id04971,0.99999976,5.2538528e-08,1.456313e-07
id08496,0.9999999,2.6834059e-08,1.6566779e-07
id23091,8.88621e-07,3.576356e-07,0.9999988
id06654,9.874634e-07,4.181183e-07,0.99999857
id10002,0.9999974,5.192632e-08,2.5713066e-06
id16426,0.99999666,2.7207423e-07,3.077449e-06
id12285,4.38976e-08,1.0,1.3705499e-08
id18466,0.99999994,1.2725123e-08,7.8562216e-08
id27110,0.9999999,1.3440408e-08,1.3003414e-07
id07502,0.9999958,3.9741474e-07,3.7853235e-06
id02890,0.6669086,0.2841157,0.048975732
id19800,7.411265e-06,0.9999905,2.0822936e-06
id19162,0.9999989,3.3265298e-08,1.0030141e-06
id23696,0.99999946,6.118429e-08,4.610108e-07
id25580,0.9999999,1.5409503e-08,1.1886082e-07
id09671,7.1252835e-08,0.99999994,2.4337435e-08
id21501,3.527271e-08,1.0,1.0590788e-08
id23983,8.596005e-07,3.4393483e-07,0.9999988
id15163,1.625083e-05,0.9999771,6.5659283e-06
id03351,9.7391066e-08,0.9999999,3.3789185e-08
id07575,3.904333e-08,1.0,1.2047906e-08
id12149,0.0011623984,0.0012217573,0.9976158
id10262,4.3048544e-08,1.0,1.3598841e-08
id20055,3.6109178e-08,1.0,1.0926976e-08
id16660,0.9999998,2.6418032e-08,1.8481578e-07
id03200,0.6041939,0.39469528,0.0011107852
id19508,8.6973324e-07,3.5071832e-07,0.9999988
id03793,4.02827e-08,1.0,1.2381887e-08
id19882,7.614511e-08,0.99999994,2.621245e-08
id16261,0.99999964,3.0645452e-08,2.953347e-07
id22519,8.6973324e-07,3.4935098e-07,0.9999988
id24023,3.8138893e-08,1.0,1.167723e-08
id04432,7.113941e-05,0.99991214,1.6700233e-05
id06228,0.9999999,2.8788742e-08,1.618301e-07
id20655,0.0062412582,2.0171353e-07,0.99375856
id10603,1.2385561e-06,0.9999982,5.285508e-07
id05162,0.9999997,2.1815934e-08,2.9881602e-07
id18462,9.608284e-07,4.0053285e-07,0.9999987
id10034,4.7095245e-08,0.99999994,1.4935406e-08
id20090,8.596005e-07,3.4393483e-07,0.9999988
id10966,9.0969405e-07,3.5903534e-07,0.99999875
id10696,3.653482e-08,1.0,1.1055779e-08
id01326,0.0005191755,0.00024910315,0.9992317
id03613,0.863878,0.1358868,0.00023514504
id01794,0.99999905,5.072353e-08,9.3857113e-07
id26181,8.596005e-07,3.4528094e-07,0.9999988
id27587,0.9999999,1.2774927e-08,9.7772244e-08
id08364,0.99999994,1.1586358e-08,7.9178385e-08
id24179,0.99999917,4.2051287e-08,7.934495e-07
id02284,0.9999992,1.2167946e-07,6.839964e-07
id10671,0.9999999,1.90282e-08,1.7361836e-07
id08252,6.42555e-07,0.99999905,2.7635946e-07
id15951,0.99998045,5.2144237e-06,1.43413545e-05
id21864,8.6973324e-07,3.4935098e-07,0.9999988
id04453,4.1077204e-08,1.0,1.2675514e-08
id12771,8.596005e-07,3.4663233e-07,0.9999988
id09751,0.00012594936,1.2556216e-05,0.9998615
id10572,0.9999989,6.0127115e-07,4.610106e-07
id13036,8.596005e-07,3.4528094e-07,0.9999988
id00112,0.0004388985,0.00033454908,0.99922657
id13299,8.88621e-07,3.576356e-07,0.9999988
id00858,8.868871e-07,3.5071832e-07,0.9999988
id08297,4.1887382e-08,1.0,1.3077878e-08
id11005,8.714336e-07,3.5071832e-07,0.9999988
id25101,4.691164e-08,0.99999994,1.4935406e-08
id26150,0.9999999,1.6467533e-08,1.00875866e-07
id13836,0.9999999,1.2237631e-08,1.6246348e-07
id07352,4.6644502e-07,0.99999934,1.9142867e-07
id08883,0.0016532406,4.2910888e-05,0.99830383
id09328,9.4764104e-08,0.9999999,3.5272706e-08
id03934,9.294497e-07,3.7626577e-07,0.9999987
id14064,9.931193e-08,0.9999999,3.4455617e-08
id06643,0.0002456074,7.1534987e-06,0.9997472
id21558,0.9998535,5.2028116e-07,0.00014596002
id17053,0.99568146,3.858371e-06,0.0043146717
id06434,8.799854e-07,3.5485246e-07,0.9999988
id16616,8.6296484e-07,3.4528094e-07,0.9999988
id03306,8.9384315e-07,3.5624132e-07,0.9999988
id07375,0.0012423566,0.96609294,0.032664772
id07934,8.7484426e-07,3.4663233e-07,0.9999988
id02202,0.9999994,1.8954006e-08,6.0362476e-07
id03667,0.9997822,4.2130645e-07,0.00021739132
id27531,0.99999905,8.233241e-08,8.990961e-07
id00608,3.8739493e-08,1.0,1.1907543e-08
id18141,9.3491167e-07,3.7043236e-07,0.9999987
id00008,0.9999998,1.7190544e-08,1.869943e-07
id08845,0.99999654,2.3181013e-07,3.275927e-06
id16610,0.9999999,1.3867052e-08,1.7773559e-07
id07464,8.799854e-07,3.47989e-07,0.9999988
id02189,0.9999999,2.0898389e-08,1.580813e-07
id17456,9.3308745e-07,3.7333766e-07,0.9999987
id09421,8.799854e-07,3.5485246e-07,0.9999988
id12813,0.00042875938,0.0002795445,0.9992917
id23428,8.7484426e-07,3.47989e-07,0.9999988
id01358,0.99999964,9.5881134e-08,2.309071e-07
id02737,4.7464617e-08,0.99999994,1.5170603e-08
id27430,9.026148e-07,3.6044057e-07,0.99999875
id12857,6.2522327e-07,0.9999991,2.6890515e-07
id01905,8.6465207e-07,3.4393483e-07,0.9999988
id18314,0.99999994,1.1677229e-08,7.014816e-08
id02216,0.99999857,5.2538468e-08,1.3339779e-06
id04034,6.131303e-07,0.99999917,2.3546123e-07
id11461,3.6250505e-08,1.0,1.09697424e-08
id09397,9.874634e-07,4.0684026e-07,0.99999857
id25870,6.906062e-08,0.99999994,2.2862906e-08
id11653,0.00012780745,1.4228006e-05,0.999858
id10046,0.9999995,2.8453334e-08,5.102925e-07
id27294,0.99999994,1.596088e-08,6.933091e-08
id09975,0.9999999,1.3759139e-08,1.2120513e-07
id09133,8.6296484e-07,3.4528094e-07,0.9999988
id08410,0.99999857,5.132142e-08,1.414476e-06
id19062,5.9194946e-07,0.99999917,2.7528208e-07
id26530,8.868871e-07,3.5071832e-07,0.9999988
id09772,0.99999905,3.4321257e-08,8.8515685e-07
id10360,0.99999917,3.472583e-08,8.2505704e-07
id12530,4.02827e-08,1.0,1.2478998e-08
id06013,8.714336e-07,3.47989e-07,0.9999988
id10525,0.9999999,2.4817448e-08,1.7566492e-07
id25934,3.8288164e-08,1.0,1.1722934e-08
id10624,0.99999976,3.5410757e-08,1.7226722e-07
id16000,8.61281e-07,3.4528094e-07,0.9999988
id01995,0.9999999,1.5111457e-08,1.1793584e-07
id26809,8.6296484e-07,3.4393483e-07,0.9999988
id06631,3.8739493e-08,1.0,1.186112e-08
id23869,8.61281e-07,3.4528094e-07,0.9999988
id06357,8.297823e-08,0.99999994,2.8676508e-08
id02926,8.7313725e-07,3.4935098e-07,0.9999988
id14130,0.99999994,1.4307241e-08,8.0425266e-08
id12672,9.625642e-08,0.9999999,3.326533e-08
id21593,0.99999964,3.49982e-08,3.1933294e-07
id06089,3.6677815e-08,1.0,1.1055779e-08
id09878,8.6296484e-07,3.4528094e-07,0.9999988
id06940,3.7694562e-08,1.0,1.14961916e-08
id11312,5.032884e-08,0.99999994,1.596088e-08
id25039,9.132545e-07,3.661167e-07,0.99999875
id25401,0.9999726,1.31089555e-05,1.4341242e-05
id21772,9.778671e-07,4.005328e-07,0.99999857
id22915,2.4252591e-05,0.999966,9.703706e-06
id01096,0.9999658,2.7914557e-05,6.339034e-06
id15071,3.7842096e-08,1.0,1.14961916e-08
id01062,8.6296484e-07,3.4393483e-07,0.9999988
id09059,3.8288164e-08,1.0,1.167723e-08
id16954,0.9986609,2.3198772e-06,0.0013367006
id11730,0.9999763,1.12532504e-07,2.359866e-05
id26294,8.7313725e-07,3.4935098e-07,0.9999988
id00940,6.400499e-07,0.99999905,2.930362e-07
id08422,0.9999995,1.5202525e-07,2.9303635e-07
id14612,8.6465207e-07,3.4259398e-07,0.9999988
id11545,0.99999905,6.190548e-08,8.6803635e-07
id24921,0.00015000471,6.4129727e-06,0.9998436
id18942,0.99999964,2.8231911e-08,3.7773881e-07
id23652,0.0017557946,0.00030244148,0.9979418
id07261,0.001413071,2.9042343e-05,0.99855787
id11791,0.99999976,2.1144727e-08,2.807117e-07
id07207,0.99999034,3.8218792e-07,9.350435e-06
id19774,0.9999999,1.23336115e-08,1.02865464e-07
id06049,0.9999996,2.102433e-07,2.0779389e-07
id13983,0.007997776,5.1325387e-06,0.99199706
id27463,9.3491167e-07,3.7333766e-07,0.9999987
id09046,8.61281e-07,3.4528094e-07,0.9999988
id25994,9.572679e-05,0.9998939,1.0369222e-05
id02689,4.1399378e-08,1.0,1.2875124e-08
id14829,8.696045e-08,0.99999994,2.9356551e-08
id20759,8.596005e-07,3.4528094e-07,0.9999988
id27848,0.9999998,1.4419453e-08,1.8124109e-07
id08225,8.5291106e-07,3.4125833e-07,0.9999988
id17637,8.596005e-07,3.4528094e-07,0.9999988
id15355,0.9999994,4.0282675e-08,5.8964184e-07
id13448,9.043794e-07,3.6044057e-07,0.99999875
id01981,0.0010196256,0.0044725165,0.99450785
id09107,0.002414264,1.7805045e-05,0.99756795
id20630,0.9999993,5.3784426e-08,6.252233e-07
id10726,0.99999326,5.783199e-06,9.496292e-07
id03636,8.6296484e-07,3.4528094e-07,0.9999988
id01736,0.0003150336,0.9996687,1.6309401e-05
id23828,0.9999999,3.064546e-08,1.1520386e-07
id27861,0.9999956,1.3003358e-07,4.2893325e-06
id14983,0.9999999,2.414804e-08,1.4734798e-07
id04726,0.25652632,0.74228346,0.001190275
id03313,8.61281e-07,3.4528094e-07,0.9999988
id21981,5.0723575e-08,0.99999994,1.6403334e-08
id20082,0.99999774,1.9258205e-06,3.8518832e-07
id03502,0.9999988,4.406936e-08,1.0930225e-06
id04804,0.99999917,5.03288e-08,7.8114834e-07
id20635,0.99999964,4.3897586e-08,3.1315648e-07
id09564,0.99999726,7.351444e-08,2.6633115e-06
id01354,0.5396449,0.45978317,0.00057195325
id09441,8.6296484e-07,3.4393483e-07,0.9999988
id07175,0.9999558,2.6736247e-06,4.157819e-05
id15544,9.132545e-07,3.6326753e-07,0.99999875
id25935,0.9999994,3.8669654e-07,2.6165196e-07
id19230,3.9813393e-08,1.0,1.2189923e-08
id00718,0.0005062429,9.69963e-05,0.9993968
id00274,0.99999994,1.4195901e-08,7.294255e-08
id16546,0.03684813,0.96293753,0.00021434514
id02136,3.527271e-08,1.0,1.0590788e-08
id19618,0.00031745047,0.99949884,0.00018372624
id00503,8.61281e-07,3.4528094e-07,0.9999988
id11300,1.9368524e-07,0.99999976,6.9874666e-08
id21526,5.7477344e-08,0.99999994,1.8660161e-08
id07300,3.6677815e-08,1.0,1.1055779e-08
id18782,3.8599765e-06,0.9999944,1.7061766e-06
id01883,4.702155e-05,0.9999392,1.3791376e-05
id25235,0.99999887,1.02464334e-07,1.0308186e-06
id03747,8.596005e-07,3.4393483e-07,0.9999988
id07155,0.99992305,4.1408557e-06,7.282723e-05
id00565,1.0,1.0590788e-08,5.8154868e-08
id11232,0.99999994,1.2237632e-08,6.9602265e-08
id00722,8.61281e-07,3.4663233e-07,0.9999988
id19963,8.88621e-07,3.576356e-07,0.9999988
id16866,0.9999995,3.3657443e-08,4.164886e-07
id17280,1.5414078e-06,0.9999981,4.16488e-07
id04309,0.9999993,3.639236e-08,6.6554674e-07
id23317,3.5828176e-08,1.0,1.0799672e-08
id25757,3.9349555e-08,1.0,1.209506e-08
id17088,8.680362e-07,3.5071832e-07,0.9999988
id19779,8.6465207e-07,3.4393483e-07,0.9999988
id26845,3.7842096e-08,1.0,1.14961916e-08
id01923,0.99999875,1.2359556e-07,1.1365637e-06
id09394,4.6728744e-08,0.99999994,1.4935406e-08
id25978,0.0005057455,0.000103858125,0.9993904
id03898,3.866966e-07,0.9999995,1.4005222e-07
id11967,0.004293761,1.1651561e-07,0.99570614
id14964,0.9999831,8.428352e-08,1.6865317e-05
id06337,8.5291106e-07,3.4125833e-07,0.9999988
id26501,8.5291106e-07,3.4125833e-07,0.9999988
id20513,0.9999999,2.0574388e-08,9.439466e-08
id05044,0.9999999,1.9863638e-08,1.6827669e-07
id07951,8.7484426e-07,3.4935098e-07,0.9999988
id14796,0.9999591,2.86839e-06,3.8005666e-05
id09780,8.9209897e-07,3.576356e-07,0.9999988
id13597,0.99999994,1.2285528e-08,7.979939e-08
id26413,0.9999999,1.6792326e-08,9.7772244e-08
id14007,3.8739493e-08,1.0,1.1814879e-08
id01799,0.0003076993,0.00014225749,0.99955004
id24712,9.0085354e-07,3.6185128e-07,0.99999875
id13156,0.00013354824,1.5872372e-05,0.99985063
id25468,8.7655457e-07,3.4663233e-07,0.9999988
id25877,0.999999,1.16561736e-07,9.2041756e-07
id22485,3.711016e-08,1.0,1.1273835e-08
id09229,8.6973324e-07,3.5071832e-07,0.9999988
id25687,0.004930991,1.34585725e-05,0.99505556
id12266,8.663425e-07,3.5071832e-07,0.9999988
id19723,0.9999998,1.5960879e-08,1.8337751e-07
id03536,0.99999994,1.1273834e-08,8.696045e-08
id24370,1.3259883e-07,0.9999998,4.6911637e-08
id10745,3.5688494e-08,1.0,1.0757569e-08
id17620,0.9999966,7.2942306e-08,3.366739e-06
id16290,3.8138893e-08,1.0,1.1631705e-08
id04325,0.0017064386,5.6843863e-05,0.9982367
id23332,8.61281e-07,3.4393483e-07,0.9999988
id15082,3.711016e-08,1.0,1.1273835e-08
id21581,8.663425e-07,3.52091e-07,0.9999988
id17460,0.9999998,1.8299238e-08,1.9217799e-07
id17003,0.99999976,2.358865e-08,2.555909e-07
id15193,3.7255408e-08,1.0,1.1273835e-08
id08389,8.579232e-07,3.4528094e-07,0.9999988
id19831,8.5291106e-07,3.4125833e-07,0.9999988
id25627,9.3491167e-07,3.821911e-07,0.9999987
id14051,8.817058e-07,3.5346903e-07,0.9999988
id00942,0.9999999,2.8788742e-08,1.5202531e-07
id09184,3.711016e-08,1.0,1.1273835e-08
id21762,0.99999976,2.672944e-08,2.8736855e-07
id07390,0.9999995,2.9765098e-07,2.3362892e-07
id25785,4.02827e-08,1.0,1.2478998e-08
id17567,4.075754e-08,1.0,1.26260975e-08
id13118,3.8138893e-08,1.0,1.1631705e-08
id17508,8.6465207e-07,3.4393483e-07,0.9999988
id21192,0.99969673,5.825959e-07,0.0003026776
id27884,8.714336e-07,3.4935098e-07,0.9999988
id08686,3.7694562e-08,1.0,1.1451373e-08
id01360,0.9999999,3.1618253e-08,1.0326807e-07
id13689,2.7968996e-05,0.999961,1.103872e-05
id01772,9.552149e-07,3.9278584e-07,0.9999987
id17507,3.6677815e-08,1.0,1.1055779e-08
id17644,0.9999994,4.4415025e-08,5.9194963e-07
id00494,0.99999994,2.1987043e-08,8.233249e-08
id09881,4.1561407e-08,1.0,1.2925516e-08
id02306,0.9974389,2.656498e-06,0.0025583708
id06761,0.99999976,3.052598e-08,1.6762063e-07
id15045,0.003059176,0.0013842755,0.99555653
id05992,8.990958e-07,3.5346903e-07,0.99999875
id18245,9.3491167e-07,3.7479887e-07,0.9999987
id01047,0.9999994,5.792811e-08,5.8277226e-07
id23601,8.903583e-07,3.4935098e-07,0.9999988
id13140,0.99996036,1.4676773e-07,3.9519695e-05
id05280,1.5262029e-07,0.99999976,5.5275407e-08
id03728,1.2171423e-05,1.3287612e-06,0.9999865
id15626,0.9999715,2.94175e-07,2.8243765e-05
id03086,8.6296484e-07,3.4528094e-07,0.9999988
id27898,2.2917056e-05,0.9999646,1.25085535e-05
id05891,0.9999998,1.0969741e-08,2.0617689e-07
id02214,8.6296484e-07,3.4528094e-07,0.9999988
id17274,0.99999964,1.40854235e-08,3.912549e-07
id09359,0.99999964,2.0654909e-08,3.7626612e-07
id03320,0.9999999,1.2824928e-08,1.2026192e-07
id26061,0.99999976,2.2333282e-08,2.8513224e-07
id02869,0.9999997,1.910267e-08,3.035217e-07
id21891,3.5688494e-08,1.0,1.0757569e-08
id06182,7.4381205e-08,0.99999994,2.530693e-08
id13429,3.9349555e-08,1.0,1.209506e-08
id15943,8.5124685e-07,3.4259398e-07,0.9999988
id13008,3.6109178e-08,1.0,1.0926976e-08
id08587,0.99999905,4.6911598e-08,8.6465224e-07
id03346,0.9999999,3.873949e-08,6.906061e-08
id02052,8.9734147e-07,3.6468933e-07,0.99999875
id00916,0.00018164115,0.9998038,1.4621628e-05
id11093,0.9999751,3.2124956e-06,2.174008e-05
id15190,0.9999999,1.90282e-08,1.1656184e-07
id23076,0.99479616,1.1644389e-05,0.005192248
id25738,3.6250505e-08,1.0,1.0926976e-08
id21546,8.5291106e-07,3.4259398e-07,0.9999988
id17764,0.9999999,1.4140555e-08,9.8539076e-08
id11990,0.99998176,9.3125095e-07,1.7332817e-05
id21050,0.99999934,7.886965e-08,5.9194963e-07
id18324,0.9994342,2.1388262e-06,0.0005636739
id20690,0.9998574,5.3054487e-07,0.00014202356
id19799,8.7484426e-07,3.4935098e-07,0.9999988
id12658,0.99999976,4.765038e-08,1.5381733e-07
id03781,9.168289e-07,3.6185128e-07,0.99999875
id04870,4.2051322e-08,1.0,1.3129063e-08
id20596,4.123798e-08,1.0,1.2925516e-08
id26849,0.9999999,1.2430346e-08,1.5143262e-07
id00600,2.3090712e-07,0.9999997,7.979937e-08
id11902,0.99999976,2.736331e-08,2.246788e-07
id19219,0.9999953,7.7343856e-08,4.665128e-06
id14788,3.9813393e-08,1.0,1.2333613e-08
id22482,4.2051322e-08,1.0,1.3129063e-08
id15378,3.4725858e-08,1.0,1.0385944e-08
id14696,3.6677815e-08,1.0,1.1099051e-08
id17359,9.0791906e-07,3.5903534e-07,0.99999875
id16190,0.9996952,1.2527761e-06,0.00030356515
id21285,0.99999833,3.100665e-08,1.5779616e-06
id06812,0.99999964,3.0645452e-08,3.3465804e-07
id15579,8.596005e-07,3.4528094e-07,0.9999988
id26672,0.9999999,1.0305119e-08,9.7011366e-08
id09842,4.02827e-08,1.0,1.2478998e-08
id06045,0.99999964,2.7902997e-08,3.7626612e-07
id21233,0.9999998,2.3042219e-08,2.0457242e-07
id16227,0.99999994,1.9102675e-08,8.461483e-08
id17437,8.851566e-07,3.5071832e-07,0.9999988
id02309,0.99999994,1.3232034e-08,8.3303e-08
id18232,8.596005e-07,3.4528094e-07,0.9999988
id23419,8.6296484e-07,3.4393483e-07,0.9999988
id11924,0.9999988,2.5306901e-08,1.1726421e-06
id12263,1.0,1.3232035e-08,5.884038e-08
id16734,0.9999928,4.907402e-07,6.7480482e-06
id07989,0.9999978,4.5386278e-07,1.7534795e-06
id24633,8.61281e-07,3.4663233e-07,0.9999988
id19770,0.99999803,6.462339e-08,1.9033846e-06
id05094,9.0791906e-07,3.6898817e-07,0.99999875
id07252,0.9999877,1.2215428e-07,1.2147689e-05
id12536,0.9999999,1.7056767e-08,1.7092665e-07
id24324,0.99999976,1.9941378e-08,2.1947413e-07
id25546,8.7655457e-07,3.5485246e-07,0.9999988
id24732,0.9999999,2.4242551e-08,1.5563047e-07
id07280,0.00026839983,0.00010802055,0.99962354
id23268,0.9997316,9.77752e-06,0.0002586502
id18050,8.990958e-07,3.5346903e-07,0.99999875
id19360,0.99999994,1.3545824e-08,8.461483e-08
id00456,4.1887382e-08,1.0,1.30268925e-08
id14069,3.486177e-08,1.0,1.0426593e-08
id24965,3.7694562e-08,1.0,1.14961916e-08
id13245,8.6296484e-07,3.4393483e-07,0.9999988
id22515,3.711016e-08,1.0,1.1273835e-08
id11332,0.9999997,1.5713429e-08,3.0950812e-07
id19876,8.7655457e-07,3.4663233e-07,0.9999988
id18315,0.99999976,3.639238e-08,1.650219e-07
id05260,4.600428e-08,0.99999994,1.4646527e-08
id14594,3.9813393e-08,1.0,1.2237633e-08
id12867,0.99999905,1.5932103e-07,7.60078e-07
id05902,7.525799e-08,0.99999994,2.5605239e-08
id06390,8.7484426e-07,3.4663233e-07,0.9999988
id06005,1.0108804e-06,4.164882e-07,0.99999857
id24075,8.7313725e-07,3.5071832e-07,0.9999988
id12630,7.07243e-05,0.9999193,9.972236e-06
id26378,8.5291106e-07,3.4259398e-07,0.9999988
id05535,3.5421165e-06,0.9999951,1.3496978e-06
id26702,8.5291106e-07,3.4125833e-07,0.9999988
id25209,0.99270785,0.0063762795,0.00091590296
id19835,8.7484426e-07,3.4663233e-07,0.9999988
id09511,1.8053449e-07,0.99999976,6.538526e-08
id27364,0.9999999,2.5405976e-08,1.4449802e-07
id09695,0.9990154,2.4994933e-06,0.0009821273
id16165,0.9999019,2.7098787e-07,9.780646e-05
id19503,8.6465207e-07,3.4393483e-07,0.9999988
id13511,8.714336e-07,3.47989e-07,0.9999988
id18752,8.596005e-07,3.4528094e-07,0.9999988
id18278,0.9999994,2.238028e-07,3.9432345e-07
id27219,0.99999964,4.3555968e-08,2.7207506e-07
id05454,4.254701e-08,1.0,1.3283825e-08
id12347,0.99938524,1.1226331e-06,0.0006136274
id10397,0.9970333,4.4994076e-06,0.0029622128
id18543,0.9999959,1.9368449e-07,3.920769e-06
id05210,0.9999996,2.510998e-08,4.2803413e-07
id23141,3.6677815e-08,1.0,1.1099051e-08
id17139,0.99999976,2.2420695e-08,2.964906e-07
id21399,0.9999999,1.4251462e-08,1.2554204e-07
id18728,0.9999261,2.7968019e-05,4.5931698e-05
id12170,3.5688494e-08,1.0,1.0757569e-08
id02225,4.0917058e-08,1.0,1.2675514e-08
id27210,3.711016e-08,1.0,1.131796e-08
id01242,8.7313725e-07,3.4935098e-07,0.9999988
id16587,0.000349002,0.00012287068,0.99952817
id11144,8.9734147e-07,3.5624132e-07,0.99999875
id13709,0.99999917,4.802408e-08,7.842056e-07
id00841,3.9813393e-08,1.0,1.2333613e-08
id09692,8.5291106e-07,3.4125833e-07,0.9999988
id07635,0.9999987,3.711011e-08,1.3030765e-06
id11375,0.9999997,1.8086043e-08,3.0115964e-07
id05703,0.99989295,6.32526e-07,0.000106374515
id02757,0.9999999,2.8788742e-08,1.2359568e-07
id08216,3.6965485e-08,1.0,1.1229883e-08
id09311,8.7313725e-07,3.4935098e-07,0.9999988
id11169,0.99999917,3.5071847e-07,4.8692436e-07
id23806,0.9999994,2.358864e-08,6.227858e-07
id01253,8.7655457e-07,3.4663233e-07,0.9999988
id27558,4.0917058e-08,1.0,1.2675514e-08
id06695,0.99999994,1.0426593e-08,7.409122e-08
id22654,4.3398877e-06,0.99999416,1.5414017e-06
id16201,0.99999976,1.3652062e-08,2.0942367e-07
id00873,0.99999976,3.6677807e-08,1.9068243e-07
id07131,0.99999917,3.6326767e-07,4.5209393e-07
id11454,1.0530484e-07,0.9999999,3.7110155e-08
id19481,0.99999994,1.9028201e-08,8.696045e-08
id16409,0.0011225197,4.0490424e-05,0.99883693
id01686,0.99999917,3.00527e-08,7.690377e-07
id24068,0.9999984,1.16807e-06,4.3307915e-07
id14825,0.9999999,1.7736232e-08,1.2801814e-07
id13611,0.9999994,4.1237953e-08,4.7937544e-07
id05586,0.9999995,1.9102666e-08,4.5386355e-07
id04497,0.9999999,2.4528315e-08,1.7773559e-07
id13912,0.9922217,0.0077496814,2.8633487e-05
id09675,9.0085354e-07,3.6185128e-07,0.99999875
id23620,3.7694562e-08,1.0,1.14961916e-08
id05596,8.714336e-07,3.5071832e-07,0.9999988
id09067,8.5124685e-07,3.4259398e-07,0.9999988
id05445,3.5688494e-08,1.0,1.0757569e-08
id16825,8.663425e-07,3.4393483e-07,0.9999988
id21127,0.99999994,1.4307241e-08,7.584825e-08
id01740,8.5291106e-07,3.4259398e-07,0.9999988
id12719,0.99999905,5.6586188e-08,9.422446e-07
id14137,8.7484426e-07,3.4935098e-07,0.9999988
id08909,8.7484426e-07,3.47989e-07,0.9999988
id24041,0.9989222,2.375513e-06,0.0010753998
id14489,0.9999993,5.636559e-08,6.7339204e-07
id14961,8.7484426e-07,3.4663233e-07,0.9999988
id19923,0.9999991,1.3521401e-07,7.811483e-07
id03339,3.6250505e-08,1.0,1.09697424e-08
id08864,8.6296484e-07,3.4393483e-07,0.9999988
id19803,0.9999876,1.06544846e-07,1.2314909e-05
id09810,0.9999998,1.4085426e-08,1.869943e-07
id23324,0.9999988,2.5705429e-08,1.2482709e-06
id22050,3.711016e-08,1.0,1.1273835e-08
id11386,0.00011524128,0.9998768,8.0125765e-06
id14739,0.99999994,1.1012678e-08,6.437157e-08
id02882,0.9999999,2.1062295e-08,1.4620132e-07
id11988,0.99999887,4.96528e-07,6.786732e-07
id18839,9.8539076e-08,0.9999999,3.459047e-08
id08474,3.8138893e-08,1.0,1.15863585e-08
id01060,6.5130365e-08,0.99999994,2.1646164e-08
id06551,0.9999937,6.61556e-08,6.2287527e-06
id06210,9.061475e-07,3.5763557e-07,0.99999875
id12349,8.579232e-07,3.4663233e-07,0.9999988
id21813,9.367394e-07,3.7043236e-07,0.9999987
id13028,3.9658172e-08,1.0,1.2285529e-08
id10021,8.834295e-07,3.52091e-07,0.9999988
id07425,8.579232e-07,3.4528094e-07,0.9999988
id24409,3.6109178e-08,1.0,1.0884375e-08
id21183,0.9999999,1.571343e-08,1.2456508e-07
id26178,1.7813221e-05,0.99997723,4.9756213e-06
id24033,9.4408637e-07,3.8669626e-07,0.9999987
id14793,8.663425e-07,3.4259398e-07,0.9999988
id03053,0.9999997,2.331383e-08,3.168479e-07
id24285,0.99952936,5.160649e-07,0.00047009296
id09137,0.99999994,1.6339383e-08,7.584825e-08
id03185,0.99999994,1.1861119e-08,8.662142e-08
id21242,3.7547604e-08,1.0,1.14961916e-08
id17446,0.00019448885,0.9997862,1.9294652e-05
id00087,1.5025412e-07,0.99999976,5.703004e-08
id11019,0.9999994,3.5135173e-08,5.1029247e-07
id18832,6.7460824e-08,0.99999994,2.250845e-08
id19224,9.222167e-07,3.5903534e-07,0.99999875
id17436,8.9209897e-07,3.5624132e-07,0.9999988
id09895,8.868871e-07,3.5071832e-07,0.9999988
id20296,9.645889e-07,3.8669626e-07,0.9999987
id03074,1.8195045e-07,0.99999976,7.2092725e-08
id09152,8.798551e-08,0.99999994,2.9586799e-08
id15277,8.5291106e-07,3.4125833e-07,0.9999988
id07520,0.9999994,1.5502367e-07,3.7479913e-07
id12928,4.044036e-08,1.0,1.2478998e-08
id06197,8.7313725e-07,3.47989e-07,0.9999988
id24099,0.99999917,3.7990173e-08,8.1544476e-07
id17392,0.9997799,1.9029693e-06,0.00021824165
id17303,0.0060975268,5.7367256e-06,0.9938968
id05682,0.9999998,1.7529597e-08,1.826626e-07
id14339,0.9999999,2.5306928e-08,1.618301e-07
id07873,8.714336e-07,3.4935098e-07,0.9999988
id06939,0.001106267,0.97671443,0.022179317
id14827,1.0635399e-06,4.5209362e-07,0.9999985
id19768,5.0525824e-08,0.99999994,1.6403334e-08
id18080,0.99999994,2.0334692e-08,8.8675584e-08
id17384,0.9999484,4.8514623e-05,3.1014358e-06
id12059,0.999984,2.720708e-07,1.5658932e-05
id27382,8.596005e-07,3.4393483e-07,0.9999988
id23252,0.999588,1.1405433e-06,0.00041084806
id14797,9.5149096e-07,3.8518868e-07,0.9999987
id25826,8.596005e-07,3.4528094e-07,0.9999988
id27569,0.9999999,2.5705456e-08,1.6119918e-07
id05079,0.9999999,2.2073097e-08,1.2801814e-07
id23749,0.9999999,4.5291053e-08,1.1747605e-07
id04852,8.545785e-07,3.4125833e-07,0.9999988
id08920,0.9999995,3.4455603e-08,4.1975517e-07
id15229,9.1325444e-07,3.7188215e-07,0.9999987
id11992,1.7128598e-06,0.99999756,7.338198e-07
id21087,0.0010092265,0.000100220146,0.9988906
id22173,0.9999994,2.0176431e-08,5.9426645e-07
id26488,0.9999994,4.2051298e-08,5.285515e-07
id09378,0.99993646,2.477115e-07,6.327424e-05
id19280,1.0188088e-06,0.99999857,4.181183e-07
id00701,8.663425e-07,3.4393483e-07,0.9999988
id18252,0.0045579597,0.99536115,8.087398e-05
id19850,8.714336e-07,3.4935098e-07,0.9999988
id00967,4.441505e-08,1.0,1.4085429e-08
id00670,0.99999344,1.8845972e-07,6.401419e-06
id10795,8.7313725e-07,3.47989e-07,0.9999988
id27312,9.874634e-07,4.0525416e-07,0.99999857
id10703,8.680362e-07,3.4393483e-07,0.9999988
id25596,0.99394727,0.001051399,0.0050012707
id00443,9.2221666e-07,3.7043236e-07,0.9999987
id21638,4.6728744e-08,0.99999994,1.4993862e-08
id15800,3.5688494e-08,1.0,1.0757569e-08
id23367,0.99999917,9.5134936e-08,7.7204766e-07
id03600,0.99999857,2.3546109e-07,1.2241269e-06
id07147,0.9966601,0.0013431732,0.0019967465
id02654,3.6250505e-08,1.0,1.0926976e-08
id17965,3.682137e-08,1.0,1.11424905e-08
id24304,1.2004501e-06,0.99999857,2.7101404e-07
id11626,0.9983765,0.00016579645,0.0014576619
id17604,8.6296484e-07,3.4528094e-07,0.9999988
id24725,0.9999999,1.5591146e-08,1.05717e-07
id08894,0.99999994,1.7056768e-08,7.825592e-08
id01352,9.294497e-07,3.6611667e-07,0.9999987
id07907,0.99999994,1.2285528e-08,6.3126514e-08
id02681,8.7313725e-07,3.47989e-07,0.9999988
id23951,3.8288164e-08,1.0,1.1722934e-08
id11154,0.0037681037,1.5691605e-05,0.99621624
id13182,0.9999989,1.2652656e-07,1.0030141e-06
id04576,3.9196145e-08,1.0,1.2000935e-08
id16318,0.99999946,2.7794211e-08,5.560852e-07
id05472,8.7313725e-07,3.4935098e-07,0.9999988
id20567,0.9999997,2.7685859e-08,3.070995e-07
id21385,8.868871e-07,3.5903537e-07,0.9999988
id09834,0.99992436,7.397419e-05,1.6665364e-06
id02954,0.9999995,2.8676496e-08,5.306203e-07
id15456,1.8846092e-07,0.99999976,6.825602e-08
id06958,0.99999994,1.5591148e-08,7.8562216e-08
id18053,0.00090275536,5.469697e-07,0.9990967
id05180,3.8138893e-08,1.0,1.167723e-08
id21648,0.9999993,3.9813365e-08,6.131304e-07
id27095,5.4434295e-06,0.9999924,2.1822286e-06
id16645,3.6677815e-08,1.0,1.1055779e-08
id22508,0.9999999,1.3598839e-08,1.5084224e-07
id01151,8.7313725e-07,3.47989e-07,0.9999988
id03451,2.3552417e-05,0.9999678,8.63067e-06
id20279,0.99997926,1.0654396e-07,2.062342e-05
id17480,3.6677815e-08,1.0,1.11424905e-08
id08280,2.763596e-07,0.9999995,1.2073255e-07
id19245,0.9999991,2.4914563e-08,9.1325484e-07
id20463,0.99999964,4.4241876e-08,3.059022e-07
id01510,4.691164e-08,0.99999994,1.5052546e-08
id22724,9.0791906e-07,3.5763557e-07,0.99999875
id03386,8.61281e-07,3.4393483e-07,0.9999988
id26858,0.99999964,4.1561393e-08,2.6063196e-07
id27612,0.9999999,1.9252498e-08,1.0246443e-07
id14606,0.99999917,2.7794202e-08,8.8515696e-07
id09273,8.596005e-07,3.4528094e-07,0.9999988
id07736,8.596005e-07,3.4528094e-07,0.9999988
id22879,0.99998254,1.175091e-05,5.7493503e-06
id01075,5.378446e-08,0.99999994,1.7461257e-08
id14038,3.7842096e-08,1.0,1.14961916e-08
id10294,0.99999976,3.378918e-08,1.8195045e-07
id06738,1.618749e-05,0.9999782,5.6381236e-06
id06932,3.6109178e-08,1.0,1.0884375e-08
id20905,3.9196145e-08,1.0,1.2047906e-08
id03466,0.99999905,3.799017e-08,9.0969434e-07
id17100,8.579232e-07,3.4528094e-07,0.9999988
id00585,8.579232e-07,3.4528094e-07,0.9999988
id05385,0.9999771,1.2751615e-07,2.2783455e-05
id21658,0.9999999,1.7667084e-08,9.4026646e-08
id25140,2.0025352e-06,0.99999714,7.934479e-07
id14623,4.1561407e-08,1.0,1.2925516e-08
id06925,9.761481e-05,0.99989367,8.697716e-06
id03102,0.9999991,8.0739966e-08,8.5124714e-07
id15215,3.6109178e-08,1.0,1.0884375e-08
id16162,3.5688494e-08,1.0,1.0715629e-08
id12412,3.5688494e-08,1.0,1.0715629e-08
id27708,0.9999672,1.3627015e-07,3.2699267e-05
id18508,0.87450385,3.1219045e-06,0.12549306
id19857,0.9999995,3.0406966e-08,4.0684066e-07
id27904,0.99999976,4.1399367e-08,2.3823691e-07
id27345,0.00043520267,5.613789e-06,0.9995592
id09516,1.0864758e-07,0.9999999,3.813889e-08
id24277,5.806159e-05,0.9999,4.1983873e-05
id26935,3.711016e-08,1.0,1.1273835e-08
id08544,0.000388572,0.0001042768,0.9995072
id13779,0.99999976,3.418748e-08,1.7429785e-07
id17103,0.99906236,2.284829e-06,0.00093536766
id01771,0.9999949,3.2183596e-07,4.822623e-06
id08211,8.6465207e-07,3.4393483e-07,0.9999988
id06392,0.99999994,1.03454525e-08,6.772486e-08
id25629,0.9999998,1.8733191e-08,1.8993904e-07
id15194,9.3308745e-07,3.8368697e-07,0.9999987
id23962,3.6250505e-08,1.0,1.09697424e-08
id14252,8.61281e-07,3.4393483e-07,0.9999988
id15381,0.99999964,1.2925511e-08,3.3596788e-07
id17385,8.990958e-07,3.6185128e-07,0.99999875
id22826,0.99998605,1.3315571e-05,6.8132067e-07
id16485,6.227857e-07,0.99999917,2.5360174e-07
id25744,0.9999993,2.3773644e-08,7.281103e-07
id09192,0.99999964,3.618516e-07,3.4187476e-08
id08619,3.7694562e-08,1.0,1.1541187e-08
id27889,4.8024116e-08,0.99999994,1.534943e-08
id10964,8.817058e-07,3.52091e-07,0.9999988
id00821,0.9999998,1.4419453e-08,1.9217799e-07
id07120,0.99999976,3.965816e-08,2.1947413e-07
id05347,0.9999999,2.0176442e-08,1.1520386e-07
id14047,0.9999861,8.300187e-06,5.5942915e-06
id24871,0.99999964,2.3042213e-08,3.718825e-07
id21417,0.001419994,1.7478073e-05,0.9985625
id03784,0.9999999,1.4819175e-08,9.5881155e-08
id07389,5.838248e-08,0.99999994,1.8880122e-08
id16215,0.99999976,3.7990198e-08,1.4734796e-07
id10976,8.61281e-07,3.4663233e-07,0.9999988
id00348,0.9999999,1.932785e-08,9.7011366e-08
id04027,0.9990996,2.5891472e-06,0.0008978125
id21625,0.99997663,7.982136e-06,1.538597e-05
id15117,8.579232e-07,3.4663233e-07,0.9999988
id06776,2.6681266e-07,0.99999964,1.0166702e-07
id10947,0.9999999,1.1954146e-08,1.1565475e-07
id11746,0.019559203,5.5279356e-06,0.98043525
id27779,8.7313725e-07,3.47989e-07,0.9999988
id20789,0.00013007323,1.7296765e-05,0.99985266
id16187,8.714336e-07,3.47989e-07,0.9999988
id23834,4.0917058e-08,1.0,1.2725124e-08
id25848,3.432129e-08,1.0,1.0224924e-08
id08777,0.99999994,1.534943e-08,8.074004e-08
id17045,8.596005e-07,3.4528094e-07,0.9999988
id01474,8.6296484e-07,3.4528094e-07,0.9999988
id09396,3.4528117e-07,0.9999995,1.4850357e-07
id22208,0.99999964,3.0645452e-08,2.4293567e-07
id13813,8.61281e-07,3.4528094e-07,0.9999988
id23386,0.9999999,1.8015536e-08,1.3788097e-07
id02610,4.075754e-08,1.0,1.2725124e-08
id07647,9.026148e-07,3.704324e-07,0.99999875
id24025,0.9999999,1.9102673e-08,9.8154906e-08
id25573,0.99999994,1.4589426e-08,7.9488274e-08
id23575,0.9993608,1.1537254e-06,0.0006380559
id08968,7.874128e-05,0.9998756,4.5661047e-05
id09958,2.3687971e-06,0.9999968,8.7484244e-07
id13648,0.99856526,0.0014117019,2.3064473e-05
id00335,0.9999998,1.4646525e-08,1.8772619e-07
id18099,0.99558675,0.004330089,8.313473e-05
id24297,8.6296484e-07,3.4528094e-07,0.9999988
id17751,8.579232e-07,3.4663233e-07,0.9999988
id02158,1.7773556e-07,0.99999976,5.8840367e-08
id03039,0.99999976,4.2381128e-08,1.9368524e-07
id09467,0.9958982,1.895581e-06,0.0040999274
id14903,0.99999833,4.1724004e-08,1.6344236e-06
id03331,0.9648829,0.0022293145,0.03288776
id27366,2.4876423e-05,2.7585404e-06,0.99997234
id09199,0.9999999,2.1477712e-08,1.4337351e-07
id07681,8.714336e-07,3.4935098e-07,0.9999988
id11502,3.527271e-08,1.0,1.0590788e-08
id00140,0.9999999,2.5012094e-08,9.8154906e-08
id20159,0.9998508,1.1037504e-05,0.00013819181
id02007,8.6296484e-07,3.4393483e-07,0.9999988
id08188,0.9999999,2.947145e-08,1.7226724e-07
id04504,8.663425e-07,3.5071832e-07,0.9999988
id22031,0.99999917,3.682134e-08,7.541631e-07
id17947,8.9209897e-07,3.5485246e-07,0.9999988
id06267,0.99999654,1.4677303e-07,3.3405388e-06
id14577,0.9999448,2.647218e-07,5.4974073e-05
id27313,0.99999964,2.4914575e-08,3.5485277e-07
id16231,4.5646278e-08,0.99999994,1.4419455e-08
id02587,0.9999995,5.3574748e-08,4.0053317e-07
id04379,3.7547604e-08,1.0,1.1451373e-08
id13503,4.044036e-08,1.0,1.2478998e-08
id03887,0.99999994,1.780565e-08,6.9602265e-08
id22338,0.99999905,4.7464574e-08,8.920992e-07
id20080,2.6737334e-06,0.9999964,8.851545e-07
id22392,0.99999976,2.1144727e-08,2.1947413e-07
id03895,0.9999894,5.8381865e-08,1.0512967e-05
id17179,4.1561407e-08,1.0,1.282493e-08
id23466,8.851566e-07,3.5071832e-07,0.9999988
id12592,3.7694562e-08,1.0,1.1451373e-08
id16947,0.99999964,2.4148035e-08,4.0053322e-07
id13870,8.596005e-07,3.4663233e-07,0.9999988
id10717,8.6296484e-07,3.4393483e-07,0.9999988
id09418,0.99999976,9.220799e-08,1.4850362e-07
id20753,0.9998023,0.00018667616,1.1080166e-05
id00114,8.6465207e-07,3.4528094e-07,0.9999988
id00627,0.99999994,1.3440409e-08,7.644313e-08
id07738,3.6109178e-08,1.0,1.0884375e-08
id14516,0.9999969,1.3734301e-07,2.9711377e-06
id02107,4.0917058e-08,1.0,1.2675514e-08
id18378,3.8288164e-08,1.0,1.167723e-08
id02751,8.714336e-07,3.47989e-07,0.9999988
id26105,1.174934e-06,4.7937493e-07,0.99999833
id07659,0.0003063506,0.9990638,0.0006298195
id07421,0.9999999,1.3232033e-08,1.6827669e-07
id00325,0.91261375,0.07099445,0.016391806
id12253,0.9999992,7.496453e-08,6.920591e-07
id23427,0.99999976,2.5109985e-08,2.373081e-07
id06202,0.9999999,1.1273833e-08,9.4026646e-08
id21320,8.596005e-07,3.4528094e-07,0.9999988
id21994,5.955522e-05,0.99990904,3.1444753e-05
id13903,0.9999995,3.0288415e-08,4.3307963e-07
id13767,0.9999999,2.414804e-08,1.5870002e-07
id03750,8.6296484e-07,3.4393483e-07,0.9999988
id08666,8.834295e-07,3.5071832e-07,0.9999988
id12171,1.0867846e-05,3.6975982e-06,0.99998546
id26202,9.3126675e-07,3.6611667e-07,0.9999987
id16310,8.6465207e-07,3.4393483e-07,0.9999988
id02650,1.1705111e-05,0.9999838,4.5303846e-06
id26558,0.9999999,3.064546e-08,1.1079046e-07
id24794,0.9999999,2.0574388e-08,9.5881155e-08
id01299,0.9999999,1.5469816e-08,1.6246348e-07
id19281,0.9999999,1.2237631e-08,1.0166704e-07
id20504,0.0036525917,1.6382437e-05,0.99633104
id15716,8.6296484e-07,3.4393483e-07,0.9999988
id08222,8.6296484e-07,3.4528094e-07,0.9999988
id12393,8.61281e-07,3.4528094e-07,0.9999988
id26841,6.049452e-05,0.9999329,6.6690322e-06
id22947,5.507595e-06,0.99999243,2.0822974e-06
id10817,0.9999999,1.1722932e-08,1.1253516e-07
id01486,0.9999988,7.338207e-07,5.326967e-07
id00296,1.1233219e-06,0.99999845,4.4857543e-07
id24189,8.9734147e-07,3.661167e-07,0.99999875
id20909,0.99999404,3.1193383e-07,5.6824333e-06
id21079,0.99999976,1.3867051e-08,2.8513224e-07
id02478,8.7484426e-07,3.47989e-07,0.9999988
id03727,0.99999976,2.5208262e-08,2.7852718e-07
id09794,0.9999994,4.221588e-08,5.8277226e-07
id08527,6.615602e-08,0.99999994,2.2073099e-08
id18716,0.9999999,1.888012e-08,1.6893529e-07
id21733,8.7484426e-07,3.47989e-07,0.9999988
id08898,0.9999997,2.2508445e-08,3.168479e-07
id16571,0.004199738,1.8553497e-05,0.99578166
id17780,0.9999995,3.08858e-08,4.021008e-07
id11537,0.9999999,2.2508448e-08,9.7391066e-08
id23242,0.99999976,4.4241883e-08,1.462013e-07
id16749,8.6296484e-07,3.4528094e-07,0.9999988
id02226,0.9999956,3.352609e-08,4.3653977e-06
id08369,8.5291106e-07,3.4125833e-07,0.9999988
id18013,3.6976323e-06,0.99999464,1.6536835e-06
id23454,0.9999999,2.7903004e-08,1.0822401e-07
id03878,3.7694562e-08,1.0,1.1451373e-08
id15129,8.61281e-07,3.4393483e-07,0.9999988
id21874,0.99996996,1.5083772e-07,2.9889636e-05
id24455,0.9999978,7.0422566e-08,2.1316891e-06
id03860,3.6250505e-08,1.0,1.09697424e-08
id07622,4.2051322e-08,1.0,1.30268925e-08
id18449,9.240196e-07,3.6898814e-07,0.9999987
id16952,0.9999938,4.8038164e-06,1.39254e-06
id08212,0.9999993,1.9252486e-08,7.720477e-07
id05513,5.705177e-05,1.0129413e-05,0.9999328
id24536,0.9999999,1.0305119e-08,9.4764104e-08
id18070,0.99999994,1.79453e-08,8.696045e-08
id03094,3.6109178e-08,1.0,1.0884375e-08
id13815,8.61281e-07,3.4528094e-07,0.9999988
id14023,3.6677815e-08,1.0,1.1055779e-08
id14480,0.9999815,1.4595692e-05,3.9207125e-06
id00059,0.99999726,2.3916877e-07,2.50195e-06
id16873,0.9999994,5.3157823e-08,5.517577e-07
id23144,0.99999714,2.438859e-07,2.6016157e-06
id02845,0.9999999,2.0898389e-08,1.4115071e-07
id25492,9.1682887e-07,3.7333766e-07,0.9999987
id04097,1.476775e-05,0.9999821,3.0774042e-06
id25883,0.9999999,1.7805649e-08,1.3521411e-07
id23391,3.7255408e-08,1.0,1.1362257e-08
id27018,0.9972861,0.002680084,3.3910695e-05
id23614,3.6677815e-08,1.0,1.1099051e-08
id14309,3.6109178e-08,1.0,1.0926976e-08
id27746,3.4725858e-08,1.0,1.0385944e-08
id05057,0.9999995,6.641492e-08,3.958668e-07
id06246,0.9999985,8.59472e-08,1.4536867e-06
id00509,8.834295e-07,3.52091e-07,0.9999988
id19473,0.9999999,2.3960117e-08,1.1747605e-07
id07044,0.00035407787,0.00032682955,0.9993191
id09871,8.834295e-07,3.52091e-07,0.9999988
id26870,0.99999917,1.2167945e-07,7.541631e-07
id06125,5.132149e-08,0.99999994,1.6596692e-08
id02829,0.9999894,6.987394e-08,1.0533519e-05
id24935,0.9998906,4.6821972e-07,0.000108896864
id04557,8.6465207e-07,3.4393483e-07,0.9999988
id01208,0.9999999,1.888012e-08,1.7635244e-07
id16235,3.6250505e-08,1.0,1.09697424e-08
id05135,3.8588464e-08,1.0,1.1814879e-08
id05892,8.6296484e-07,3.4528094e-07,0.9999988
id21207,0.9999999,1.5652168e-08,1.618301e-07
id10722,0.00036469992,0.9995801,5.51691e-05
id17396,8.7313725e-07,3.4935098e-07,0.9999988
id17755,8.922795e-05,8.202802e-06,0.99990255
id18529,8.834295e-07,3.52091e-07,0.9999988
id18235,0.9999984,1.2531561e-06,3.4935084e-07
id20188,8.834295e-07,3.52091e-07,0.9999988
id13483,8.799854e-07,3.5346903e-07,0.9999988
id16860,0.07999674,7.726253e-06,0.9199955
id11203,0.99999994,1.16317045e-08,7.0422715e-08
id01104,0.99999976,2.1227486e-08,2.4869678e-07
id26195,1.8195045e-07,0.99999976,7.2092725e-08
id19647,8.6465207e-07,3.4393483e-07,0.9999988
id24377,8.663425e-07,3.5071832e-07,0.9999988
id07103,0.99999994,1.1861119e-08,8.798551e-08
id27061,0.99999994,1.359884e-08,8.527848e-08
id06255,4.0125652e-08,1.0,1.2478998e-08
id19483,0.0010443453,3.8942377e-05,0.99891675
id27936,4.1486484e-07,0.99999946,1.4393461e-07
id21761,0.9999993,7.153166e-08,6.350691e-07
id06543,3.6109178e-08,1.0,1.0884375e-08
id04779,8.105605e-08,0.99999994,2.856471e-08
id05819,0.9999751,1.0612814e-07,2.4779507e-05
id04670,0.99997425,2.3876784e-05,1.8161791e-06
id22206,0.9999995,2.9242088e-08,4.8502613e-07
id18557,0.9999999,1.9786194e-08,1.116594e-07
id24017,9.609627e-06,1.1189321e-06,0.9999893
id10305,0.9999999,1.9709057e-08,1.0822401e-07
id25879,0.9999998,1.9177437e-08,1.805345e-07
id08243,1.6246345e-07,0.99999976,6.239105e-08
id11999,0.99989545,6.0492257e-05,4.3998523e-05
id13392,5.77023e-08,0.99999994,1.8733195e-08
id00681,3.6677815e-08,1.0,1.1099051e-08
id03225,0.0022583173,5.399961e-05,0.9976877
id19684,8.9384315e-07,3.5485246e-07,0.9999988
id01944,0.99999976,1.7945297e-08,2.8962245e-07
id04903,8.61281e-07,3.4393483e-07,0.9999988
id22131,0.99993694,3.070802e-07,6.2781866e-05
id17465,8.817058e-07,3.52091e-07,0.9999988
id02341,9.043794e-07,3.52091e-07,0.99999875
id23306,2.0860722e-07,0.9999997,9.007199e-08
id13543,8.596005e-07,3.4528094e-07,0.9999988
id05527,0.9999959,1.3574278e-07,4.013747e-06
id13622,3.8288164e-08,1.0,1.1631705e-08
id04807,9.610141e-05,0.99989337,1.0532508e-05
id03763,8.579232e-07,3.4663233e-07,0.9999988
id04860,8.9209897e-07,3.576356e-07,0.9999988
id18552,0.99999994,1.4307241e-08,7.9178385e-08
id05624,0.99999344,5.133648e-06,1.4144687e-06
id10691,8.6296484e-07,3.4528094e-07,0.9999988
id12723,0.9998164,6.8799277e-06,0.00017674392
id14533,0.9999839,2.1947065e-07,1.5843512e-05
id07197,0.9987712,8.370207e-07,0.0012279595
id08284,0.9999802,1.3549603e-06,1.8378729e-05
id13373,0.9999994,1.6057066e-07,4.0210074e-07
id25880,9.971537e-07,4.2139763e-07,0.99999857
id00879,0.99999976,3.8138882e-08,2.3454339e-07
id27931,4.424189e-08,1.0,1.4030515e-08
id20774,8.6465207e-07,3.4528094e-07,0.9999988
id18642,4.8212076e-08,0.99999994,1.5289588e-08
id26855,0.0025190746,0.969729,0.027751941
id08684,4.4606317e-05,0.9999431,1.2362558e-05
id01743,1.0030136e-06,4.330792e-07,0.99999857
id09704,5.013263e-08,0.99999994,1.6212228e-08
id00696,7.1278584e-05,1.5325017e-05,0.9999134
id08351,3.7694562e-08,1.0,1.14961916e-08
id08495,0.9999993,3.568847e-08,6.62952e-07
id05141,8.61281e-07,3.4528094e-07,0.9999988
id08515,8.868871e-07,3.4935098e-07,0.9999988
id23509,9.258261e-07,3.6898814e-07,0.9999987
id20577,8.7484426e-07,3.4663233e-07,0.9999988
id04217,8.9734147e-07,3.5346903e-07,0.99999875
id24430,8.9384315e-07,3.5485246e-07,0.9999988
id11995,8.5291106e-07,3.4125833e-07,0.9999988
id10871,8.596005e-07,3.4393483e-07,0.9999988
id21988,8.5291106e-07,3.4125833e-07,0.9999988
id07248,0.9999982,6.00008e-08,1.7466442e-06
id22805,0.99997103,7.112236e-07,2.8298968e-05
id18064,8.7313725e-07,3.4663233e-07,0.9999988
id02256,3.928857e-05,6.3389616e-06,0.99995434
id18835,0.9999984,6.166409e-08,1.5718098e-06
id06068,8.851566e-07,3.52091e-07,0.9999988
id13355,4.02827e-08,1.0,1.2430347e-08
id15890,4.044036e-08,1.0,1.2527839e-08
id11828,0.99999994,1.24303465e-08,7.380237e-08
id14235,8.7484426e-07,3.4663233e-07,0.9999988
id07891,7.9984806e-05,1.3573246e-07,0.9999199
id00426,6.798993e-08,0.99999994,2.3405084e-08
id00194,8.61281e-07,3.4393483e-07,0.9999988
id10086,0.4790145,3.691558e-06,0.52098185
id24683,8.596005e-07,3.4528094e-07,0.9999988
id01217,0.0015699075,0.99834096,8.90886e-05
id09906,0.0002287105,0.99975896,1.2360282e-05
id04780,8.5291106e-07,3.4125833e-07,0.9999988
id15682,0.9999999,1.8514944e-08,1.250526e-07
id27193,0.99999213,1.4792353e-07,7.782136e-06
id01574,8.596005e-07,3.4393483e-07,0.9999988
id26894,8.61281e-07,3.4663233e-07,0.9999988
id08143,1.784312e-07,0.99999976,7.351463e-08
id05756,4.1089256e-06,0.99999475,1.1772269e-06
id14803,8.61281e-07,3.4393483e-07,0.9999988
id01103,5.592699e-08,0.99999994,1.829924e-08
id17451,0.99999464,1.9714835e-06,3.3799092e-06
id10497,0.0018716367,0.00074666995,0.9973817
id23770,0.9999983,2.988156e-07,1.4311489e-06
id01731,0.99999595,9.797762e-07,3.1504262e-06
id24021,3.2504295e-06,0.99999535,1.4089569e-06
id24904,0.9999985,2.3588619e-08,1.5057018e-06
id16795,8.7484426e-07,3.4935098e-07,0.9999988
id27308,9.68364e-07,4.0367422e-07,0.99999857
id16671,0.99999964,3.5968387e-08,3.218375e-07
id10035,0.99999535,1.5025347e-07,4.5127745e-06
id12143,0.0008615944,0.00019971086,0.99893874
id14087,0.99999917,2.8231899e-08,8.122657e-07
id02962,3.6109178e-08,1.0,1.0926976e-08
id17035,8.714336e-07,3.47989e-07,0.9999988
id07600,9.276361e-07,3.6611667e-07,0.9999987
id08201,8.61281e-07,3.4528094e-07,0.9999988
id04623,0.9999999,1.36520635e-08,1.5994472e-07
id07245,1.50296e-05,0.9999798,5.2144205e-06
id01334,0.9980679,0.001824186,0.000107852444
id23105,0.99999964,8.074001e-08,2.7961724e-07
id19744,0.99996567,1.5628091e-05,1.8704377e-05
id22884,0.9999999,2.8788742e-08,1.4506355e-07
id01936,0.0005022114,0.00028392454,0.9992139
id21910,3.6250505e-08,1.0,1.0926976e-08
id10801,5.6586238e-08,0.99999994,1.8660161e-08
id02629,8.6296484e-07,3.4393483e-07,0.9999988
id11940,7.1252835e-08,0.99999994,2.4148042e-08
id12664,0.00076724717,5.9048307e-05,0.9991737
id06308,8.596005e-07,3.4528094e-07,0.9999988
id21510,0.9999998,1.00664e-08,1.8409523e-07
id20043,8.61281e-07,3.4393483e-07,0.9999988
id01014,0.99999976,7.82559e-08,1.6827666e-07
id04968,2.652926e-06,0.9999964,8.782662e-07
id17552,4.7095245e-08,0.99999994,1.5170603e-08
id25395,0.99805635,3.7485815e-06,0.0019399179
id25931,0.9999999,1.1317958e-08,9.5881155e-08
id21548,8.6296484e-07,3.4528094e-07,0.9999988
id07443,8.596005e-07,3.4528094e-07,0.9999988
id01215,3.7255408e-08,1.0,1.1273835e-08
id20060,3.554936e-08,1.0,1.0715629e-08
id17279,0.99969196,0.0002874088,2.0617494e-05
id20214,2.0580474e-06,0.999997,8.680346e-07
id08809,8.579232e-07,3.4663233e-07,0.9999988
id17098,0.15039703,3.8494913e-05,0.8495645
id10146,0.9999993,2.4720679e-08,7.5416324e-07
id24986,0.9999956,3.733365e-07,4.061059e-06
id19690,8.7484426e-07,3.576356e-07,0.9999988
id14487,0.9999522,1.1610187e-07,4.766946e-05
id26146,0.9999844,3.5346395e-07,1.5266352e-05
id01942,8.596005e-07,3.4528094e-07,0.9999988
id03843,0.99997854,3.7265731e-06,1.7674622e-05
id02026,0.0022462395,5.748278e-05,0.9976962
id10903,0.99999976,4.765038e-08,1.568511e-07
id07340,0.9999169,3.08368e-05,5.225066e-05
id25682,1.2146005e-06,0.9999984,4.2803362e-07
id13830,0.9999999,1.7529597e-08,1.0780209e-07
id08319,9.061475e-07,3.5903534e-07,0.99999875
id25558,8.817058e-07,3.5346903e-07,0.9999988
id07084,9.608284e-07,3.8820974e-07,0.9999987
id00203,2.2079623e-06,0.999997,7.8420396e-07
id23804,0.9998684,2.7849057e-07,0.00013135177
id06863,8.61281e-07,3.4663233e-07,0.9999988
id11191,0.99999887,8.4284856e-08,1.0718817e-06
id00846,3.7990205e-08,1.0,1.1631705e-08
id17290,4.6929017e-05,0.9999225,3.0596995e-05
id00047,4.2051322e-08,1.0,1.3180449e-08
id27631,0.9999998,8.042525e-08,1.1793583e-07
id15793,8.6296484e-07,3.4528094e-07,0.9999988
id03142,8.7313725e-07,3.47989e-07,0.9999988
id24825,0.99999994,1.1317959e-08,8.832987e-08
id12069,8.61281e-07,3.4393483e-07,0.9999988
id23009,0.99999994,1.40305145e-08,7.9488274e-08
id06793,3.7694562e-08,1.0,1.1451373e-08
id18638,0.9999998,1.8660158e-08,2.0698384e-07
id02966,0.9999988,4.3048495e-08,1.1365637e-06
id20346,8.6296484e-07,3.4393483e-07,0.9999988
id16855,0.99999976,3.2877775e-08,1.8053449e-07
id16350,3.6677815e-08,1.0,1.11424905e-08
id25092,4.1887382e-08,1.0,1.3077878e-08
id16132,0.9999987,6.325929e-07,6.50129e-07
id15977,8.596005e-07,3.4528094e-07,0.9999988
id26922,9.385708e-07,3.7188215e-07,0.9999987
id20054,0.9999988,5.9766904e-08,1.1365637e-06
id14375,2.2517996e-05,1.3870865e-06,0.9999761
id23372,0.9998878,6.3252276e-07,0.00011147896
id20360,6.023574e-08,0.99999994,2.0255413e-08
id25380,3.7694562e-08,1.0,1.1451373e-08
id07295,8.596005e-07,3.4528094e-07,0.9999988
id20349,0.9999995,1.4393461e-07,3.6326782e-07
id17177,8.714336e-07,3.4935098e-07,0.9999988
id07041,0.8303164,3.255492e-06,0.16968033
id27459,5.4206293e-08,0.99999994,1.7875339e-08
id24144,1.4767737e-05,0.9999813,3.8750336e-06
id13748,8.714336e-07,3.4935098e-07,0.9999988
id08295,0.9999995,1.1253512e-07,4.0053317e-07
id00744,8.714336e-07,3.4935098e-07,0.9999988
id19662,1.2311384e-07,0.9999999,4.63651e-08
id13027,8.990958e-07,3.5485246e-07,0.99999875
id21785,8.817058e-07,3.5346903e-07,0.9999988
id13431,0.9999982,5.7702202e-08,1.6797311e-06
id21455,1.13861695e-07,0.9999999,4.0917055e-08
id25429,1.4563132e-07,0.9999998,5.0328836e-08
id16944,9.874634e-07,3.9278578e-07,0.99999857
id01458,4.254701e-08,1.0,1.3335816e-08
id15684,3.527271e-08,1.0,1.0590788e-08
id00970,0.9999993,3.2877757e-08,6.7339204e-07
id12185,8.9384315e-07,3.5624132e-07,0.9999988
id15050,0.00074771594,0.9987789,0.0004734242
id05062,8.61281e-07,3.4528094e-07,0.9999988
id13150,3.7547604e-08,1.0,1.1451373e-08
id02821,3.527271e-08,1.0,1.0590788e-08
id05545,0.99999994,1.4251463e-08,8.937108e-08
id03523,0.99999994,2.277377e-08,8.1373294e-08
id02098,8.5124685e-07,3.4259398e-07,0.9999988
id26788,0.9999529,1.2336716e-06,4.5843306e-05
id22116,5.570895e-08,0.99999994,1.829924e-08
id16175,1.0,1.1099051e-08,5.930187e-08
id24957,0.00017024309,0.99945134,0.00037843923
id10844,3.711016e-08,1.0,1.1273835e-08
id11758,0.9999999,2.890142e-08,1.4792468e-07
id05134,0.9993137,1.1491733e-06,0.0006851706
id15865,3.6250505e-08,1.0,1.09697424e-08
id08591,3.8138893e-08,1.0,1.167723e-08
id26318,8.6973324e-07,3.5071832e-07,0.9999988
id05612,0.9999999,1.5591146e-08,1.0326807e-07
id14561,9.240196e-07,3.7773847e-07,0.9999987
id07666,8.596005e-07,3.4528094e-07,0.9999988
id01297,0.9999996,6.2391045e-08,3.6326784e-07
id10688,8.714336e-07,3.4935098e-07,0.9999988
id15377,4.9162974e-08,0.99999994,1.5469817e-08
id23377,0.012102009,0.98514175,0.0027562727
id05797,3.8891116e-08,1.0,1.1907543e-08
id06241,0.99998283,1.6246071e-07,1.6931323e-05
id10766,1.8376305e-06,0.99999756,6.0835794e-07
id03928,1.0,1.3283825e-08,5.8382483e-08
id04429,1.2313203e-06,5.0632076e-07,0.9999982
id24846,0.00034792454,0.0002861949,0.99936587
id19784,8.7484426e-07,3.4663233e-07,0.9999988
id02452,0.9999998,2.190132e-08,1.9983348e-07
id02600,0.9999406,2.575803e-07,5.9209153e-05
id27487,8.7484426e-07,3.4935098e-07,0.9999988
id12323,0.99999976,3.378918e-08,1.352141e-07
id00487,8.61281e-07,3.4663233e-07,0.9999988
id06032,0.99999976,5.9301854e-08,1.5502373e-07
id05211,0.9999388,1.1956987e-06,6.0024104e-05
id16523,0.99998444,2.3730446e-07,1.5326104e-05
id08800,0.00021654133,0.99977094,1.2506131e-05
id08791,8.7655457e-07,3.4663233e-07,0.9999988
id10429,8.9384304e-07,3.646893e-07,0.9999987
id20801,0.99999845,8.8515634e-07,7.1402684e-07
id14055,0.00014595999,8.346606e-07,0.9998532
id09462,3.8739493e-08,1.0,1.1907543e-08
id06725,3.230971e-07,0.9999996,1.2751902e-07
id01749,0.99999815,1.6408202e-06,1.9520402e-07
id22054,3.8739493e-08,1.0,1.1907543e-08
id07244,8.7313725e-07,3.47989e-07,0.9999988
id12562,0.99999994,1.3129062e-08,7.614511e-08
id13838,2.123377e-06,0.99999726,6.301257e-07
id22535,3.7694562e-08,1.0,1.14961916e-08
id01099,3.8001344e-06,0.9999947,1.5175053e-06
id02190,1.0227963e-06,0.9999985,4.831348e-07
id25921,0.00067118567,0.0011044388,0.9982243
id16075,0.0027008015,3.203889e-06,0.99729604
id20465,0.999972,2.4344024e-06,2.556601e-05
id06556,8.851566e-07,3.5071832e-07,0.9999988
id09360,8.61281e-07,3.4528094e-07,0.9999988
id09042,4.1399378e-08,1.0,1.2976105e-08
id08846,3.711016e-08,1.0,1.1273835e-08
id21274,8.9384315e-07,3.5624132e-07,0.9999988
id05841,0.9999999,2.9242099e-08,1.5143262e-07
id20361,0.99999845,3.8588404e-08,1.4311491e-06
id07499,0.99997807,1.0008866e-07,2.1825233e-05
id19466,0.99999297,6.1793537e-07,6.489536e-06
id16550,7.294255e-08,0.99999994,2.4528317e-08
id24512,0.03788341,0.96187866,0.00023792512
id14444,0.9999734,2.9417558e-07,2.6326134e-05
id11395,0.9990498,1.97733e-06,0.0009482318
id14907,8.596005e-07,3.4393483e-07,0.9999988
id19393,8.680362e-07,3.4935098e-07,0.9999988
id26780,0.99999964,3.028842e-08,2.7961727e-07
id03132,9.1862137e-07,3.6185128e-07,0.99999875
id17709,0.99999195,8.169112e-08,7.966683e-06
id19739,0.9999994,2.8181026e-07,3.1684777e-07
id08470,0.99999994,1.375914e-08,6.190554e-08
id22312,3.6250505e-08,1.0,1.09697424e-08
id20391,0.9882307,2.8681623e-06,0.011766448
id05295,8.596005e-07,3.4528094e-07,0.9999988
id08129,9.3491167e-07,3.8368697e-07,0.9999987
id10615,0.998083,9.027816e-06,0.001908029
id09506,0.99999845,1.4005208e-07,1.4144758e-06
id22557,0.969274,0.030554626,0.00017134474
id04181,3.9196145e-08,1.0,1.2047906e-08
id22457,4.044036e-08,1.0,1.2478998e-08
id00340,8.782683e-07,3.5485246e-07,0.9999988
id18205,8.5291106e-07,3.4125833e-07,0.9999988
id03861,3.6677815e-08,1.0,1.1099051e-08
id20546,0.99997354,2.5867417e-05,6.2765423e-07
id17226,8.714336e-07,3.4935098e-07,0.9999988
id10376,0.0007732542,6.6648725e-05,0.9991601
id17734,3.9196145e-08,1.0,1.2047906e-08
id09703,3.7255408e-08,1.0,1.131796e-08
id16311,3.6109178e-08,1.0,1.0884375e-08
id06524,3.7694562e-08,1.0,1.14961916e-08
id01082,3.9349555e-08,1.0,1.209506e-08
id01940,8.9209897e-07,3.576356e-07,0.9999988
id04146,8.817058e-07,3.5346903e-07,0.9999988
id03891,0.9999999,1.6275681e-08,1.05717e-07
id14421,0.9999718,6.33718e-08,2.813366e-05
id19027,1.0,4.2051322e-08,3.996922e-08
id19813,3.8138893e-08,1.0,1.167723e-08
id05827,0.002825563,7.0795127e-06,0.99716735
id03326,8.6973324e-07,3.4935098e-07,0.9999988
id10089,4.075754e-08,1.0,1.26260975e-08
id06827,0.99999166,6.564064e-08,8.300232e-06
id01209,0.99999356,4.3048267e-08,6.4014193e-06
id08812,9.459321e-07,3.8669626e-07,0.9999987
id25906,0.9999902,9.1132875e-08,9.666109e-06
id25553,0.99965537,1.0065938e-06,0.00034363495
id10193,8.5291106e-07,3.4259398e-07,0.9999988
id15438,0.99999785,3.149492e-08,2.1151002e-06
id04821,8.7160755e-05,0.9998998,1.3056899e-05
id26592,8.6296484e-07,3.4528094e-07,0.9999988
id20195,9.0085354e-07,3.7188218e-07,0.99999875
id00378,4.8136422e-05,1.713008e-05,0.99993473
id15052,0.9999937,4.3989706e-07,5.908794e-06
id09519,0.9999999,2.0574388e-08,1.5932116e-07
id04579,0.9996253,1.3128063e-06,0.00037336547
id08274,0.9999995,2.6521423e-08,5.2855154e-07
id26223,3.8288164e-08,1.0,1.1631705e-08
id01914,0.99999976,2.2862903e-08,2.1439e-07
id05244,0.99999976,1.4877174e-08,2.5860373e-07
id14467,0.9999999,1.5229979e-08,1.4005228e-07
id23284,0.999995,5.570867e-08,4.9757095e-06
id20634,8.61281e-07,3.4393483e-07,0.9999988
id14659,0.99999994,1.7257829e-08,8.233249e-08
id23659,4.1399378e-08,1.0,1.2925516e-08
id16902,0.9999999,1.1229881e-08,1.2407943e-07
id20509,0.9999999,1.6726858e-08,1.3680797e-07
id08019,8.714336e-07,3.4935098e-07,0.9999988
id26180,8.5291106e-07,3.4125833e-07,0.9999988
id01487,5.4206293e-08,0.99999994,1.7667086e-08
id22898,1.8053449e-07,0.99999976,6.772485e-08
id24005,0.9999999,1.90282e-08,1.0166704e-07
id00118,3.9196145e-08,1.0,1.209506e-08
id17435,8.579232e-07,3.4663233e-07,0.9999988
id22574,0.99999964,1.5591143e-08,3.2818517e-07
id23882,8.714336e-07,3.47989e-07,0.9999988
id02618,0.99999964,2.4817442e-08,3.320537e-07
id06847,2.7635963e-07,0.99999964,1.1520383e-07
id15448,8.7313725e-07,3.47989e-07,0.9999988
id20383,3.8138893e-08,1.0,1.167723e-08
id18722,3.9813393e-08,1.0,1.2285529e-08
id24353,0.9889675,1.7683409e-06,0.011030783
id22196,0.99999833,4.044029e-08,1.5841375e-06
id13239,8.6296484e-07,3.4393483e-07,0.9999988
id14507,3.9658172e-08,1.0,1.2285529e-08
id04619,8.6465207e-07,3.4393483e-07,0.9999988
id00176,0.9999999,1.2237631e-08,1.580813e-07
id14700,0.99999976,2.0176438e-08,2.4579936e-07
id10930,0.9999999,3.0525985e-08,6.239106e-08
id03830,8.663425e-07,3.4528094e-07,0.9999988
id01840,8.61281e-07,3.4528094e-07,0.9999988
id18025,4.49386e-08,1.0,1.4195902e-08
id21361,0.99999994,1.2047905e-08,8.428495e-08
id21999,3.7694562e-08,1.0,1.14961916e-08
id20472,8.7484426e-07,3.4663233e-07,0.9999988
id01282,0.99999964,1.7393177e-08,3.8219147e-07
id05687,9.855366e-07,4.0684026e-07,0.99999857
id19713,0.9999989,2.981882e-08,9.952086e-07
id18634,0.9999999,4.5646274e-08,1.0613077e-07
id18322,8.851566e-07,3.618513e-07,0.9999988
id25178,0.99998134,5.539072e-07,1.8129187e-05
id13911,6.412061e-08,0.99999994,2.1477714e-08
id02688,0.9992762,1.6886344e-05,0.00070689374
id24097,0.9999995,5.747732e-08,4.021008e-07
id05621,4.2051322e-08,1.0,1.3077878e-08
id09435,8.817058e-07,3.5346903e-07,0.9999988
id22564,0.9999999,2.0176442e-08,1.5441937e-07
id26044,0.9999999,1.6403332e-08,1.0326807e-07
id24724,8.41495e-05,1.896055e-05,0.9998969
id13568,1.3444397e-06,5.4320276e-07,0.9999981
id11196,0.99996805,1.3733904e-07,3.1817293e-05
id04842,8.799854e-07,3.5346903e-07,0.9999988
id03445,0.99999994,1.0841942e-08,7.555254e-08
id08194,8.596005e-07,3.4663233e-07,0.9999988
id19747,8.9209897e-07,3.5485246e-07,0.9999988
id06540,4.618434e-08,0.99999994,1.4819176e-08
id13171,0.0004424775,0.99953544,2.2029659e-05
id23807,8.61281e-07,3.4393483e-07,0.9999988
id12408,4.075754e-08,1.0,1.26260975e-08
id18388,8.596005e-07,3.4528094e-07,0.9999988
id16219,8.545785e-07,3.4125833e-07,0.9999988
id11022,0.9999999,2.8342415e-08,1.5441937e-07
id12514,9.702574e-07,3.8368697e-07,0.9999987
id07322,1.0,1.2189923e-08,5.7477347e-08
id04600,8.817058e-07,3.5346903e-07,0.9999988
id15608,9.132545e-07,3.6326753e-07,0.99999875
id19223,0.00013315635,2.5264864e-05,0.9998416
id18680,0.9999999,1.1541185e-08,9.29312e-08
id23359,0.99999666,1.2702148e-07,3.2000405e-06
id07332,3.8288164e-08,1.0,1.1722934e-08
id11424,9.258261e-07,3.7921689e-07,0.9999987
id01916,0.99999964,5.052581e-08,2.9765104e-07
id23814,0.99999565,2.2079594e-06,2.1652536e-06
id05821,8.596005e-07,3.4528094e-07,0.9999988
id15471,0.9987259,2.266285e-06,0.0012718401
id06742,8.6296484e-07,3.4528094e-07,0.9999988
id16393,0.9551997,0.044718936,8.133545e-05
id14430,8.9209897e-07,3.5485246e-07,0.9999988
id15086,0.9999998,1.6403332e-08,1.8846093e-07
id13673,0.99999964,4.0917044e-08,3.1071946e-07
id11456,0.99999857,4.04403e-08,1.4034686e-06
id08475,0.9996297,5.917308e-07,0.00036973864
id02793,0.9986482,6.7511417e-07,0.00135112
id03576,0.99999976,2.2420695e-08,2.7207508e-07
id10747,0.99999976,2.9935556e-08,1.526203e-07
id17875,3.9196145e-08,1.0,1.2047906e-08
id20045,3.5828176e-08,1.0,1.0757569e-08
id25448,5.244382e-07,0.9999993,2.2732715e-07
id11715,0.9999999,1.2824928e-08,1.5262032e-07
id22739,8.579232e-07,3.4663233e-07,0.9999988
id07457,0.99999976,3.6821362e-08,1.6119917e-07
id27357,0.9985689,1.3797344e-06,0.0014297435
id01139,3.2254964e-05,0.9999583,9.478846e-06
id00407,8.6465207e-07,3.52091e-07,0.9999988
id20956,0.9999999,1.9102673e-08,1.2311384e-07
id13702,0.99997944,1.4004942e-07,2.0462932e-05
id00327,0.99999964,1.8370855e-08,3.6754994e-07
id24372,4.441505e-08,1.0,1.3921328e-08
id03983,0.00060469634,0.9993723,2.2993123e-05
id15264,0.00011659535,0.9998394,4.3996057e-05
id09679,0.9999983,1.1701787e-07,1.6217042e-06
id20899,0.99999434,3.1875575e-06,2.4824724e-06
id21494,4.3386176e-08,1.0,1.3493015e-08
id02513,3.527271e-08,1.0,1.0590788e-08
id21834,8.596005e-07,3.4528094e-07,0.9999988
id23463,7.6007797e-07,0.9999989,3.0233812e-07
id26529,0.9999971,9.892448e-08,2.8240272e-06
id22078,0.00046597116,2.2376045e-05,0.99951166
id08063,1.987211e-05,1.559547e-06,0.99997854
id18690,3.7255408e-08,1.0,1.1273835e-08
id03908,0.9999999,1.4819175e-08,1.4005228e-07
id00876,0.9941316,3.011968e-06,0.00586532
id19633,0.9999995,2.8231907e-08,5.142948e-07
id23096,8.817058e-07,3.5485246e-07,0.9999988
id07547,4.075754e-08,1.0,1.2675514e-08
id10136,8.851566e-07,3.5071832e-07,0.9999988
id22645,0.9999999,1.7598206e-08,1.4908487e-07
id27376,8.6465207e-07,3.52091e-07,0.9999988
id26458,3.9813393e-08,1.0,1.2189923e-08
id07617,3.6250505e-08,1.0,1.09697424e-08
id11254,0.999998,4.2713452e-08,1.9869528e-06
id25871,3.7255408e-08,1.0,1.131796e-08
id26074,2.0462829e-05,0.99997437,5.214392e-06
id24558,8.61281e-07,3.4528094e-07,0.9999988
id26515,3.6109178e-08,1.0,1.0884375e-08
id10532,0.99960035,1.514173e-05,0.00038445607
id24063,3.6677815e-08,1.0,1.1099051e-08
id12872,2.586037e-07,0.99999964,1.1253513e-07
id23564,3.711016e-08,1.0,1.1273835e-08
id20074,2.4300183e-05,2.3503083e-06,0.99997336
id00703,0.99999994,1.1586358e-08,7.014816e-08
id07178,0.9999952,8.3628635e-08,4.757139e-06
id00468,0.00015905593,1.888272e-06,0.99983907
id08647,0.9999998,2.779422e-08,1.8124109e-07
id27338,0.99814856,5.5840114e-06,0.0018458378
id14958,8.61281e-07,3.4393483e-07,0.9999988
id20954,0.9966446,1.4804956e-05,0.0033406054
id04495,3.7255408e-08,1.0,1.131796e-08
id09676,2.7055781e-05,0.9999683,4.692416e-06
id16643,0.99999976,4.476339e-08,2.0860723e-07
id22018,8.955906e-07,3.6326753e-07,0.99999875
id09754,3.584246e-05,0.9999507,1.3472054e-05
id15184,0.0004955253,0.9994829,2.1518214e-05
id06930,8.6296484e-07,3.4393483e-07,0.9999988
id19391,1.0,2.95868e-08,5.0922104e-08
id21111,8.61281e-07,3.4528094e-07,0.9999988
id19884,8.799854e-07,3.5485246e-07,0.9999988
id00356,8.61281e-07,3.4528094e-07,0.9999988
id03227,0.9999999,1.6467533e-08,1.250526e-07
id24959,0.9999986,5.827718e-07,7.872745e-07
id23792,0.9999998,1.1954146e-08,2.0537308e-07
id15765,8.6296484e-07,3.4528094e-07,0.9999988
id22342,0.9999634,6.363829e-06,3.0241767e-05
id21764,3.6677815e-08,1.0,1.1055779e-08
id08929,8.9384315e-07,3.576356e-07,0.9999988
id10860,2.0942365e-07,0.99999964,8.59473e-08
id14842,8.6296484e-07,3.4393483e-07,0.9999988
id14149,5.715003e-07,0.99999917,1.8626515e-07
id04850,0.99999994,1.6275683e-08,6.693584e-08
id03697,7.069834e-08,0.99999994,2.3680975e-08
id20031,8.596005e-07,3.4528094e-07,0.9999988
id10148,0.99999964,1.7805643e-08,3.5903565e-07
id06233,8.6465207e-07,3.4393483e-07,0.9999988
id17614,0.0004849547,0.00011055796,0.9994045
id24548,0.99999964,2.8342408e-08,3.5209132e-07
id04717,8.696044e-08,0.9999999,3.0406976e-08
id12557,1.2460003e-05,0.999982,5.5942687e-06
id15563,0.99999994,1.4085428e-08,8.2654736e-08
id19414,3.486177e-08,1.0,1.0426593e-08
id24538,1.505701e-06,5.737364e-07,0.9999979
id20701,9.836136e-07,4.0684026e-07,0.99999857
id16710,3.711016e-08,1.0,1.1273835e-08
id00190,1.8195045e-07,0.99999976,6.719781e-08
id12066,0.9999999,1.577493e-08,9.329492e-08
id21743,1.2679276e-06,0.9999982,5.203565e-07
id10746,9.0969405e-07,3.6754963e-07,0.99999875
id23032,4.321703e-08,1.0,1.3545825e-08
id02466,0.9999974,8.059431e-07,1.8020869e-06
id27963,8.6296484e-07,3.4393483e-07,0.9999988
id05550,0.99999356,1.5056944e-06,4.936982e-06
id07328,8.851566e-07,3.5071832e-07,0.9999988
id06158,0.99999964,2.8901413e-08,3.3596788e-07
id15690,8.817058e-07,3.5346903e-07,0.9999988
id17960,8.6465207e-07,3.52091e-07,0.9999988
id22487,0.9999999,1.24789965e-08,1.00482595e-07
id25435,8.579232e-07,3.4528094e-07,0.9999988
id06988,8.680362e-07,3.4935098e-07,0.9999988
id19092,4.1077204e-08,1.0,1.2675514e-08
id20677,0.9999999,2.6939084e-08,1.3054307e-07
id27009,0.99995875,4.5919484e-07,4.0774117e-05
id14869,0.00017881888,0.99976915,5.2039257e-05
id06306,0.9999995,6.190551e-08,4.1003156e-07
id13101,0.9999982,3.3789128e-08,1.7262951e-06
id25263,0.9999995,2.3588644e-08,4.5386355e-07
id01355,4.9937178e-08,0.99999994,1.6149023e-08
id04460,8.7313725e-07,3.4935098e-07,0.9999988
id08358,0.9999999,2.4053895e-08,1.4563132e-07
id22714,8.596005e-07,3.4528094e-07,0.9999988
id19504,0.99999964,3.828815e-08,2.6995775e-07
id25736,0.00012411748,0.99985856,1.7364566e-05
id24201,3.8588464e-08,1.0,1.1814879e-08
id12920,0.9999999,2.2862904e-08,1.0613077e-07
id12770,3.6250505e-08,1.0,1.0926976e-08
id20615,0.9999999,2.5705456e-08,1.1793584e-07
id19427,8.5291106e-07,3.4125833e-07,0.9999988
id03006,0.99999785,5.11213e-08,2.1316891e-06
id00868,0.00020500016,0.000107186825,0.9996878
id19695,9.276361e-07,3.7626577e-07,0.9999987
id06474,0.9999998,1.8299238e-08,1.9983348e-07
id11108,3.7694562e-08,1.0,1.14961916e-08
id01017,8.6296484e-07,3.4528094e-07,0.9999988
id10104,0.9997463,5.603048e-07,0.00025315623
id15930,0.99999994,1.4819176e-08,8.594733e-08
id05883,8.6973324e-07,3.47989e-07,0.9999988
id10209,8.61281e-07,3.4393483e-07,0.9999988
id14868,9.168289e-07,3.6326753e-07,0.99999875
id27617,0.9999987,1.5381715e-07,1.181839e-06
id14264,0.99999917,3.912547e-07,3.8669643e-07
id07597,8.9209897e-07,3.576356e-07,0.9999988
id17732,0.9999741,1.2311067e-07,2.5816957e-05
id13859,0.9999996,1.0326804e-07,3.0830145e-07
id14976,3.6677815e-08,1.0,1.1186102e-08
id25226,9.204173e-07,3.7043236e-07,0.9999987
id17268,8.782683e-07,3.52091e-07,0.9999988
id14936,3.7694562e-08,1.0,1.14961916e-08
id18615,6.8523185e-08,0.99999994,2.2420698e-08
id26184,0.9999999,1.1541185e-08,1.00482595e-07
id11495,1.2730635e-05,2.207936e-06,0.99998504
id05663,8.5291106e-07,3.4125833e-07,0.9999988
id10335,0.99544084,3.0754184e-06,0.0045560994
id08480,0.9987282,9.088096e-05,0.0011808663
id21511,0.99999917,4.7464578e-08,7.36693e-07
id20988,0.9999995,3.378917e-08,4.646266e-07
id19273,3.6677815e-08,1.0,1.1055779e-08
id15420,3.3214095e-05,2.9479186e-06,0.9999638
id16016,4.0917058e-08,1.0,1.2725124e-08
id16084,8.6296484e-07,3.4393483e-07,0.9999988
id27093,8.61281e-07,3.4528094e-07,0.9999988
id24695,8.799854e-07,3.5485246e-07,0.9999988
id03245,1.362746e-07,0.9999998,5.072357e-08
id26358,8.6296484e-07,3.4528094e-07,0.9999988
id17966,0.99995565,6.551998e-07,4.3744105e-05
id26651,0.99999964,6.589808e-08,3.2690568e-07
id17275,0.99999994,1.19075425e-08,6.798993e-08
id21720,1.0511493e-06,4.5209362e-07,0.9999985
id22926,8.6973324e-07,3.4935098e-07,0.9999988
id12231,3.5688494e-08,1.0,1.0757569e-08
id21026,8.596005e-07,3.4528094e-07,0.9999988
id11675,0.000805602,6.782837e-05,0.9991266
id21890,8.955906e-07,3.5485246e-07,0.99999875
id04050,8.596005e-07,3.4528094e-07,0.9999988
id24996,8.61281e-07,3.4528094e-07,0.9999988
id00025,1.5202528e-07,0.99999976,5.378445e-08
id23916,4.38976e-08,1.0,1.3705499e-08
id21254,2.9418328e-07,0.99999964,1.11659375e-07
id13322,0.99999976,2.3222942e-08,2.7207508e-07
id23928,5.6332556e-05,1.8664647e-06,0.9999418
id14748,8.6296484e-07,3.4528094e-07,0.9999988
id26538,0.0009500489,3.879422e-05,0.99901116
id27759,8.7313725e-07,3.47989e-07,0.9999988
id19661,0.99999934,1.8806501e-08,6.57793e-07
id17018,8.596005e-07,3.4528094e-07,0.9999988
id05505,0.9999983,9.329478e-08,1.6153818e-06
id16155,0.066205636,5.8964415e-06,0.9337885
id06274,9.061475e-07,3.5903534e-07,0.99999875
id13832,0.9999994,7.0975005e-08,5.496066e-07
id14666,0.9999996,1.8370855e-08,4.263654e-07
id04489,8.7313725e-07,3.47989e-07,0.9999988
id19140,8.851566e-07,3.52091e-07,0.9999988
id14570,0.99999905,3.7255372e-08,9.34912e-07
id16079,0.99999964,3.249473e-08,3.0115962e-07
id06866,3.7562702e-05,8.267563e-06,0.9999542
id12730,4.5646278e-08,0.99999994,1.4475891e-08
id09257,8.6465207e-07,3.4393483e-07,0.9999988
id02782,9.664747e-07,3.8518868e-07,0.9999987
id10412,0.99999994,1.0264944e-08,8.428495e-08
id04988,6.566017e-06,0.9999906,2.8350617e-06
id07728,0.9999999,2.6008461e-08,1.6959649e-07
id21947,0.9999999,1.5111457e-08,1.3521411e-07
id27700,0.9999251,6.786231e-07,7.426377e-05
id18178,3.9658172e-08,1.0,1.2237633e-08
id25949,4.5932375e-05,0.9999409,1.3211352e-05
id23008,8.5291106e-07,3.4125833e-07,0.9999988
id09238,0.9999995,3.6250487e-08,4.5921354e-07
id12943,2.4104514e-07,0.99999964,9.7011345e-08
id02659,3.7694562e-08,1.0,1.1451373e-08
id03648,0.99999917,3.7990173e-08,8.2505704e-07
id03954,0.99999976,1.9632216e-08,2.6785696e-07
id07026,3.9813393e-08,1.0,1.2285529e-08
id14228,3.7694562e-08,1.0,1.14961916e-08
id22647,8.714336e-07,3.47989e-07,0.9999988
id23435,0.99999964,3.3657447e-08,2.4869675e-07
id08200,3.711016e-08,1.0,1.1362257e-08
id23257,8.663425e-07,3.4393483e-07,0.9999988
id02684,0.9995454,2.5601244e-06,0.00045209125
id05186,0.9999999,2.4337433e-08,1.0367225e-07
id25261,0.00057752203,0.00013153256,0.99929094
id24081,0.9998636,8.2494523e-07,0.00013552068
id27087,0.99999976,3.186623e-08,2.3546137e-07
id03533,0.9999632,2.1690926e-07,3.6549845e-05
id07998,0.99994487,2.0296925e-07,5.4974076e-05
id01240,4.0125652e-08,1.0,1.2430347e-08
id24927,3.9349555e-08,1.0,1.2047906e-08
id15752,0.9999754,4.812401e-07,2.4158266e-05
id26594,3.6250505e-08,1.0,1.09697424e-08
id20012,8.88621e-07,3.5071832e-07,0.9999988
id15476,6.096354e-06,1.1410052e-06,0.9999928
id15624,0.9999999,2.8342415e-08,1.7294148e-07
id02404,3.7694562e-08,1.0,1.1451373e-08
id21944,0.99999595,1.1747559e-07,3.982512e-06
id24442,0.99999714,1.1886049e-07,2.7911262e-06
id26490,0.99842167,6.7111796e-06,0.0015715683
id21897,0.9999993,3.0052703e-08,6.813297e-07
id05575,0.9990932,8.1642065e-06,0.000898684
id01874,4.727957e-08,0.99999994,1.5170603e-08
id26617,0.99999976,5.861097e-08,2.0298039e-07
id13079,8.817058e-07,3.5485246e-07,0.9999988
id02068,0.99933064,3.9181605e-06,0.00066539965
id27872,0.9999998,1.5652168e-08,1.7983068e-07
id08814,9.0969405e-07,3.661167e-07,0.99999875
id12841,1.3842062e-07,0.9999998,5.1121404e-08
id06716,0.99999976,2.1987038e-08,2.1439e-07
id10115,4.460676e-05,2.405995e-06,0.99995303
id16121,1.0492428e-05,0.9999871,2.3687744e-06
id00985,0.99999833,1.047051e-06,5.782365e-07
id06063,4.600428e-08,0.99999994,1.4589426e-08
id22076,8.7313725e-07,3.4935098e-07,0.9999988
id27589,3.7990205e-08,1.0,1.1631705e-08
id18996,8.074004e-08,0.99999994,2.7470413e-08
id05801,8.5291106e-07,3.4125833e-07,0.9999988
id06880,8.579232e-07,3.4528094e-07,0.9999988
id25746,0.9999999,1.7805649e-08,1.1565475e-07
id02569,0.99999857,4.441499e-08,1.3656123e-06
id23368,8.6465207e-07,3.4393483e-07,0.9999988
id23186,8.903583e-07,3.576356e-07,0.9999988
id07484,8.7313725e-07,3.576356e-07,0.9999988
id06951,3.8588464e-08,1.0,1.1814879e-08
id23972,8.834295e-07,3.5071832e-07,0.9999988
id25997,0.99999917,2.1355406e-07,6.276703e-07
id10863,0.99996316,2.82903e-07,3.654984e-05
id25454,0.9999995,1.6467528e-08,4.8313524e-07
id09071,4.0917058e-08,1.0,1.2675514e-08
id15125,3.711016e-08,1.0,1.1229883e-08
id22672,8.714336e-07,3.4935098e-07,0.9999988
id27813,8.579232e-07,3.4528094e-07,0.9999988
id03960,9.276361e-07,3.7626577e-07,0.9999987
id11526,4.441505e-08,1.0,1.4030515e-08
id07872,0.99999475,1.6696627e-07,5.0147337e-06
id09497,0.9999998,2.414804e-08,2.0860725e-07
id24222,4.975699e-06,0.99999285,2.2339798e-06
id04272,0.99999195,6.023526e-08,7.997864e-06
id02938,3.7694562e-08,1.0,1.14961916e-08
id00269,0.025179323,0.97056526,0.00425541
id14925,8.6973324e-07,3.47989e-07,0.9999988
id17843,9.1503995e-07,3.6326753e-07,0.99999875
id20327,0.9999998,2.0735753e-08,1.8626528e-07
id13986,8.903583e-07,3.576356e-07,0.9999988
id21777,9.797789e-07,4.005328e-07,0.99999857
id16285,2.2561886e-05,0.9999702,7.2394355e-06
id12045,0.99999833,1.0552632e-06,5.942658e-07
id06237,0.9999997,2.6008458e-08,3.1193562e-07
id20483,8.5291106e-07,3.4125833e-07,0.9999988
id21708,0.99999994,2.5605239e-08,6.190554e-08
id05422,0.9999796,4.5920441e-07,1.9949906e-05
id14544,0.9999999,2.5907065e-08,1.6696713e-07
id07488,1.9833264e-05,0.99997497,5.234803e-06
id19353,3.6250505e-08,1.0,1.0926976e-08
id16174,8.6296484e-07,3.4528094e-07,0.9999988
id21765,0.00111031,3.1592479e-06,0.9988865
id21583,8.545785e-07,0.9999988,3.4528094e-07
id11740,1.5059047e-05,8.886079e-07,0.999984
id23396,0.99997354,2.4779467e-05,1.6928637e-06
id16511,0.9999682,1.8772025e-07,3.163141e-05
id11598,0.99999976,4.271353e-08,1.7226722e-07
id02804,0.014820954,4.0957484e-06,0.98517495
id07123,2.3320727e-06,0.9999969,8.2183857e-07
id13092,0.99998915,1.040769e-07,1.0762272e-05
id13271,3.9658172e-08,1.0,1.2285529e-08
id06272,8.545785e-07,3.4125833e-07,0.9999988
id06694,0.011936289,0.002074216,0.9859895
id04330,0.99999136,1.8699271e-07,8.447421e-06
id20492,3.7694562e-08,1.0,1.14961916e-08
id14774,6.6674886e-08,0.99999994,2.2333287e-08
id02457,3.5688494e-08,1.0,1.0715629e-08
id09725,0.9998949,2.863037e-05,7.646935e-05
id17116,3.9349555e-08,1.0,1.209506e-08
id04106,7.2113544e-06,0.99999,2.8572956e-06
id00557,0.99999976,5.3994953e-08,1.9142875e-07
id04683,8.6465207e-07,3.4393483e-07,0.9999988
id12081,0.99999154,1.6246211e-07,8.316459e-06
id22575,3.8588464e-08,1.0,1.1814879e-08
id05602,0.99542826,2.3487826e-06,0.00456941
id21532,0.99997133,9.587842e-08,2.857669e-05
id14584,1.1189425e-06,0.99999845,4.1811825e-07
id20301,0.99997526,9.439234e-08,2.463474e-05
id15251,0.00028406066,0.9996929,2.30005e-05
id20270,7.614511e-08,0.99999994,2.530693e-08
id04738,0.9999995,5.420627e-08,3.974162e-07
id17962,8.596005e-07,3.4528094e-07,0.9999988
id05003,8.6296484e-07,3.4528094e-07,0.9999988
id23576,0.9999999,1.499386e-08,9.5881155e-08
id25745,3.9813393e-08,1.0,1.2237633e-08
id17062,0.99999976,1.732537e-08,2.1355419e-07
id27507,8.61281e-07,3.4528094e-07,0.9999988
id23898,0.9999999,1.602335e-08,1.0407802e-07
id15929,3.6677815e-08,1.0,1.1099051e-08
id21330,0.9999993,5.3574734e-08,6.036247e-07
id24990,0.99999994,1.2189922e-08,8.662142e-08
id24185,8.714336e-07,3.4935098e-07,0.9999988
id20455,0.9999998,1.8227897e-08,1.8846093e-07
id27952,0.99580896,4.529128e-06,0.0041865446
id20592,0.99983937,3.3591405e-07,0.00016030348
id20616,0.006787692,0.05514465,0.9380676
id20591,9.258261e-07,3.675496e-07,0.9999987
id14177,0.9936786,1.3179997e-05,0.0063081565
id02169,0.9999999,2.4720693e-08,1.250526e-07
id09818,8.545785e-07,3.4125833e-07,0.9999988
id26864,5.5081346e-05,0.9999412,3.7556608e-06
id12388,3.7694562e-08,1.0,1.1451373e-08
id11038,0.9999994,4.288069e-08,5.122897e-07
id12061,0.99999994,1.672686e-08,8.362904e-08
id04018,8.990958e-07,3.6326753e-07,0.99999875
id12405,0.00045689914,0.00016117173,0.9993819
id01878,0.012324205,2.974481e-07,0.9876755
id18897,3.5410764e-08,1.0,1.063224e-08
id22682,9.628396e-06,0.99998736,3.0061321e-06
id27115,4.075754e-08,1.0,1.2576872e-08
id05234,0.9999987,7.0974956e-08,1.2629849e-06
id23726,0.9999999,1.4363237e-08,9.5881155e-08
id22075,4.6728744e-08,0.99999994,1.4877177e-08
id27216,0.99999976,1.3759137e-08,2.429357e-07
id07109,9.892475e-08,0.9999999,3.4187483e-08
id21292,0.0645439,0.0003261976,0.9351299
id04158,8.61281e-07,3.4528094e-07,0.9999988
id10534,0.033747956,1.2277027e-05,0.96623975
id10989,6.352128e-05,0.9999268,9.665496e-06
id17817,8.6296484e-07,3.4393483e-07,0.9999988
id14617,3.7255408e-08,1.0,1.131796e-08
id01978,0.9999994,3.1866218e-08,5.850532e-07
id14202,8.6296484e-07,3.4393483e-07,0.9999988
id12332,9.459321e-07,3.7479887e-07,0.9999987
id03649,3.9196145e-08,1.0,1.209506e-08
id21830,0.999998,7.409107e-08,1.948522e-06
id11278,0.99998075,1.0718622e-06,1.8200133e-05
id22343,1.0,1.282493e-08,5.725326e-08
id08160,0.9999999,2.2073097e-08,1.1979306e-07
id10506,0.9965889,1.8138398e-05,0.0033930226
id01006,0.99998975,1.4005086e-07,1.0110223e-05
id07000,4.02827e-08,1.0,1.2478998e-08
id15958,8.7313725e-07,3.47989e-07,0.9999988
id27256,0.9999999,2.7044523e-08,1.3416185e-07
id00072,0.99999994,1.4140556e-08,8.233249e-08
id08562,1.3711444e-05,4.2635955e-07,0.9999859
id24309,8.596005e-07,3.4663233e-07,0.9999988
id07355,2.5914712e-06,0.9999964,1.0069372e-06
id18604,8.596005e-07,3.4528094e-07,0.9999988
id04076,1.4506355e-07,0.9999998,4.974249e-08
id26925,3.8588464e-08,1.0,1.1814879e-08
id14852,0.9999999,1.4877176e-08,1.562396e-07
id05584,8.799854e-07,3.5346903e-07,0.9999988
id22864,6.1553015e-07,0.9999992,1.8409511e-07
id05507,0.99999994,1.1055779e-08,8.561225e-08
id11434,0.0002818473,0.999683,3.507123e-05
id08324,1.0166704e-07,0.9999999,3.6534818e-08
id23117,3.6677815e-08,1.0,1.11424905e-08
id16296,0.9999999,1.499386e-08,1.1839742e-07
id18924,0.9999765,1.8522805e-05,4.898478e-06
id15909,0.9999931,6.4014166e-06,5.2443494e-07
id25338,0.00025739186,5.0134445e-06,0.9997376
id25981,0.99999964,3.7255393e-08,2.545944e-07
id14670,0.99999964,2.7794215e-08,3.9741624e-07
id12396,3.653482e-08,1.0,1.1099051e-08
id19277,8.5291106e-07,3.4125833e-07,0.9999988
id24809,0.000189986,0.9997992,1.0865821e-05
id20846,8.6296484e-07,3.4393483e-07,0.9999988
id11040,9.4224424e-07,3.7043236e-07,0.9999987
id06094,0.9999999,1.9941382e-08,1.0949972e-07
id22795,4.5646278e-08,0.99999994,1.4419455e-08
id04747,8.6973324e-07,3.4935098e-07,0.9999988
id05432,8.6296484e-07,3.4393483e-07,0.9999988
id25198,0.99999964,2.9242091e-08,3.8219147e-07
id00592,0.99999994,1.3335815e-08,8.169177e-08
id13221,6.3373584e-08,0.99999994,2.1144732e-08
id23301,9.459321e-07,3.7773847e-07,0.9999987
id21781,9.043794e-07,3.5903534e-07,0.99999875
id00642,4.0917058e-08,1.0,1.2675514e-08
id12760,0.00349678,0.99643743,6.582117e-05
id13666,8.596005e-07,3.47989e-07,0.9999988
id04997,0.9999901,3.882064e-07,9.4237685e-06
id21906,3.373689e-05,0.9999565,9.779719e-06
id26072,8.461483e-08,0.99999994,2.8901422e-08
id19004,8.7313725e-07,3.4663233e-07,0.9999988
id11638,8.5291106e-07,3.4259398e-07,0.9999988
id01941,0.9999998,1.7257827e-08,2.0617689e-07
id18590,0.99999976,3.5272702e-08,2.246788e-07
id01856,2.4104517e-07,0.9999997,8.9371056e-08
id04469,0.99999976,2.5907063e-08,2.1776616e-07
id11732,8.799854e-07,3.5346903e-07,0.9999988
id06824,8.9734147e-07,3.5346903e-07,0.99999875
id11941,6.879137e-08,0.99999994,2.2862906e-08
id06786,0.9999975,5.1926325e-08,2.4249737e-06
id22028,8.7655457e-07,3.4663233e-07,0.9999988
id14323,8.817058e-07,3.52091e-07,0.9999988
id11134,7.1252835e-08,0.99999994,2.4242553e-08
id09894,0.9999999,1.5409503e-08,1.1656184e-07
id19046,9.026148e-07,3.6185128e-07,0.99999875
id26307,3.6250505e-08,1.0,1.0926976e-08
id22554,8.9384315e-07,3.5485246e-07,0.9999988
id16042,0.0062061734,0.9920399,0.0017539541
id19948,0.9999999,1.6403332e-08,1.3259883e-07
id02019,3.6250505e-08,1.0,1.0926976e-08
id02727,0.9999999,2.1730886e-08,1.4449802e-07
id08679,8.88621e-07,3.576356e-07,0.9999988
id27436,9.0085354e-07,3.6185128e-07,0.99999875
id07161,0.5338362,0.4638049,0.002358944
id11869,1.4089609e-06,0.9999981,4.33079e-07
id00076,8.817058e-07,3.5346903e-07,0.9999988
id00586,5.7253256e-08,0.99999994,1.8806514e-08
id14423,0.9999635,1.1565054e-07,3.640736e-05
id25611,2.014008e-07,0.99999976,7.8562195e-08
id13872,0.99980706,1.0633362e-06,0.00019185191
id08102,3.5828176e-08,1.0,1.0799672e-08
id03475,0.0076979212,0.9921131,0.00018889402
id07569,8.817058e-07,3.5346903e-07,0.9999988
id04616,0.9999999,1.1954146e-08,1.5746501e-07
id07266,0.9999999,2.2073097e-08,9.663316e-08
id16104,0.99998856,8.073911e-08,1.1389439e-05
id05031,0.0024688276,7.495365e-05,0.99745625
id12290,0.9999999,2.1477712e-08,1.05717e-07
id26428,9.991032e-07,4.0525416e-07,0.99999857
id07837,8.5291106e-07,3.4125833e-07,0.9999988
id19918,4.8212076e-08,0.99999994,1.5289588e-08
id13067,0.001139981,0.99864787,0.00021211451
id11540,6.7460824e-08,0.99999994,2.2596545e-08
id17215,0.99950254,1.010379e-06,0.0004965038
id01745,8.596005e-07,3.4528094e-07,0.9999988
id00617,0.9999988,3.4861728e-08,1.0930225e-06
id02879,8.851566e-07,3.52091e-07,0.9999988
id22811,0.9999999,1.1406726e-08,1.250526e-07
id17744,4.2051322e-08,1.0,1.3129063e-08
id04341,3.7255408e-08,1.0,1.1273835e-08
id08690,0.99999976,1.633938e-08,2.6267614e-07
id11565,0.9999993,1.6893517e-07,5.5175764e-07
id09634,8.680362e-07,3.4935098e-07,0.9999988
id15427,0.99999917,2.9533456e-07,5.1029235e-07
id11484,8.61281e-07,3.4663233e-07,0.9999988
id26859,0.99999994,1.9102675e-08,7.380237e-08
id02880,0.9999978,7.979922e-08,2.1652581e-06
id21584,8.596005e-07,3.4663233e-07,0.9999988
id14918,0.9999997,2.7150367e-08,3.1561262e-07
id20117,4.3048544e-08,1.0,1.344041e-08
id17002,8.6973324e-07,3.4935098e-07,0.9999988
id13158,0.000704611,0.0003235409,0.9989718
id11457,0.0010152304,2.2363749e-05,0.9989624
id22103,0.9999999,1.5229979e-08,1.5202531e-07
id27529,8.596005e-07,3.4528094e-07,0.9999988
id25918,4.7464617e-08,0.99999994,1.522998e-08
id24611,3.7694562e-08,1.0,1.14961916e-08
id13996,9.5135e-08,0.9999999,3.3789185e-08
id05259,0.99993527,2.5063113e-07,6.452214e-05
id13593,8.7655457e-07,3.4663233e-07,0.9999988
id18017,0.002009158,2.0501746e-05,0.9979703
id04960,1.2314832e-05,0.9999813,6.3639427e-06
id13758,8.7484426e-07,3.47989e-07,0.9999988
id04492,0.9999999,1.4935404e-08,1.00482595e-07
id05023,8.61281e-07,3.4393483e-07,0.9999988
id05950,0.9999999,1.602335e-08,1.5381734e-07
id11006,0.9999999,2.2952387e-08,1.5143262e-07
id09643,0.00030951656,0.000111227106,0.99957925
id06055,8.596005e-07,3.4393483e-07,0.9999988
id17368,9.367394e-07,3.8070107e-07,0.9999987
id14176,8.6973324e-07,3.47989e-07,0.9999988
id27198,8.9384315e-07,3.5485246e-07,0.9999988
id05649,0.99999976,2.5505411e-08,2.7207508e-07
id25189,0.9999998,1.8156832e-08,1.826626e-07
id05589,0.99871147,1.7443966e-06,0.0012868135
id08042,1.0,1.4140557e-08,4.746462e-08
id13680,9.1682887e-07,3.646893e-07,0.9999987
id07827,8.6465207e-07,3.4393483e-07,0.9999988
id18530,0.99999994,1.375914e-08,8.20115e-08
id08813,0.9999982,8.6803567e-07,8.817052e-07
id05914,0.9956407,2.433345e-06,0.0043568346
id00488,3.9658172e-08,1.0,1.2237633e-08
id03668,0.00016799073,0.99980456,2.7531069e-05
id24088,3.527271e-08,1.0,1.0590788e-08
id02988,4.793754e-07,0.9999993,2.110661e-07
id20364,0.9999999,1.90282e-08,1.4393467e-07
id16851,8.5124685e-07,3.4259398e-07,0.9999988
id20843,0.9999998,1.2237631e-08,1.9983348e-07
id27424,0.99997544,1.8919393e-07,2.4395345e-05
id06862,0.99999994,1.9555682e-08,7.153171e-08
id19411,3.486177e-08,1.0,1.0426593e-08
id23789,0.9999999,9.833213e-09,1.00482595e-07
id23545,3.5135194e-08,1.0,1.0549498e-08
id05639,8.5124685e-07,3.4259398e-07,0.9999988
id07046,4.044036e-08,1.0,1.2478998e-08
id23634,0.9999988,3.076537e-08,1.1818393e-06
id05799,8.596005e-07,3.4663233e-07,0.9999988
id19418,8.6296484e-07,3.4528094e-07,0.9999988
id21189,9.5135e-08,0.9999999,3.3789185e-08
id22281,0.9999999,1.4877176e-08,9.077846e-08
id16127,0.0017915602,0.0006083583,0.9976001
id05867,0.99903154,2.4995336e-06,0.0009659725
id01211,4.076953e-06,0.9999956,3.8218994e-07
id10078,8.6973324e-07,3.4935098e-07,0.9999988
id17157,0.9999999,2.2073097e-08,1.2751904e-07
id23293,0.026191544,5.3954078e-05,0.9737545
id03589,0.99974704,1.3129661e-06,0.0002516774
id03387,8.7313725e-07,3.47989e-07,0.9999988
id21470,0.9999995,3.2494725e-08,4.5563993e-07
id22763,8.7313725e-07,3.4935098e-07,0.9999988
id02601,0.00016249872,0.999769,6.8538044e-05
id09923,0.99999225,1.3468593e-07,7.661486e-06
id05935,3.9813393e-08,1.0,1.2333613e-08
id14296,8.545785e-07,3.4125833e-07,0.9999988
id04605,0.9999999,1.1541185e-08,9.663316e-08
id08167,8.6296484e-07,3.4259398e-07,0.9999988
id12659,0.99999976,2.3313833e-08,2.5759553e-07
id21553,0.99999976,5.152235e-08,2.3454339e-07
id13510,3.8288164e-08,1.0,1.167723e-08
id04734,8.6296484e-07,3.4528094e-07,0.9999988
id17689,8.6296484e-07,3.4393483e-07,0.9999988
id08148,0.9999523,4.1013463e-05,6.695264e-06
id14908,2.994438e-06,0.99999607,9.608259e-07
id17238,1.6314427e-05,0.99997675,6.962143e-06
id27146,8.868871e-07,3.4935098e-07,0.9999988
id16670,0.99999976,3.6821362e-08,1.5932115e-07
id12023,0.9991326,1.4900003e-05,0.000852554
id18129,0.001890403,3.0067114e-05,0.99807954
id07365,4.321703e-08,1.0,1.3545825e-08
id03073,0.0008977428,8.022576e-05,0.999022
id14824,3.8288164e-08,1.0,1.167723e-08
id26339,0.9999998,2.5705456e-08,1.7912959e-07
id16562,4.8780386e-08,0.99999994,1.565217e-08
id22182,3.6677815e-08,1.0,1.11424905e-08
id27892,0.9999258,2.3270094e-07,7.39743e-05
id23713,0.9999994,2.1607143e-07,3.718824e-07
id00214,0.9999641,1.6892923e-07,3.57032e-05
id21698,8.6296484e-07,3.4528094e-07,0.9999988
id17685,8.714336e-07,3.4935098e-07,0.9999988
id24848,0.9999995,2.5605228e-08,4.7194342e-07
id01544,0.99999785,1.5623927e-07,1.9714898e-06
id12344,4.6546567e-08,0.99999994,1.4935406e-08
id00513,0.9999998,1.1861118e-08,1.8481578e-07
id19448,0.9999998,2.8121852e-08,1.9750536e-07
id11942,0.99993086,1.25081315e-05,5.660767e-05
id16370,0.9999989,8.413296e-07,2.1861827e-07
id06508,8.596005e-07,3.4528094e-07,0.9999988
id20829,6.538527e-08,0.99999994,2.2246219e-08
id27450,0.99999994,1.1186101e-08,6.263526e-08
id07362,0.00084783445,0.99554414,0.0036080673
id15120,1.3631312e-05,2.4344315e-06,0.9999839
id10568,0.99996084,1.2701693e-07,3.9059294e-05
id09623,0.99999964,1.5321761e-07,2.2293031e-07
id06139,0.9964444,0.003533492,2.2133778e-05
id24022,0.9999881,1.00089665e-07,1.1796966e-05
id02108,0.99999994,1.2478997e-08,8.628372e-08
id14950,8.5291106e-07,3.4125833e-07,0.9999988
id01142,8.61281e-07,3.4528094e-07,0.9999988
id15655,0.9999999,2.9128095e-08,1.4563132e-07
id13975,4.1399378e-08,1.0,1.2875124e-08
id00160,7.5711466e-07,0.99999887,3.7921694e-07
id08273,0.9996747,5.7804937e-07,0.00032471848
id13642,8.5291106e-07,3.4125833e-07,0.9999988
id25452,0.9999068,8.8880464e-05,4.3225905e-06
id24806,0.9995477,1.0798012e-06,0.00045121016
id20664,8.6465207e-07,3.4393483e-07,0.9999988
id13359,1.0166704e-07,0.9999999,3.513519e-08
id24579,0.9999999,1.955568e-08,1.7635244e-07
id23389,0.9999999,2.8676507e-08,1.4966838e-07
id06502,8.61281e-07,3.4528094e-07,0.9999988
id03083,0.9999999,2.2246217e-08,9.970063e-08
id01694,0.9999988,3.149495e-08,1.1818393e-06
id21872,0.0047441847,0.9948806,0.0003752399
id01860,8.6465207e-07,3.4393483e-07,0.9999988
id18127,0.9997108,1.2725244e-06,0.00028797612
id01490,8.5291106e-07,3.4125833e-07,0.9999988
id00183,0.9999993,4.8024084e-08,6.107401e-07
id15458,7.211932e-05,7.0713854e-06,0.99992085
id04289,0.9999998,2.2420696e-08,1.9673536e-07
id02129,7.889258e-06,5.2648676e-07,0.99999154
id10271,0.9997284,5.8948206e-07,0.00027106222
id02982,6.437157e-08,0.99999994,2.1901323e-08
id15036,6.8015404e-05,0.9999268,5.1735665e-06
id15854,0.9999999,1.3493013e-08,1.1341779e-07
id10252,8.579232e-07,3.4528094e-07,0.9999988
id24359,8.6296484e-07,3.4528094e-07,0.9999988
id18620,6.879137e-08,0.99999994,2.277377e-08
id25768,8.5291106e-07,3.4125833e-07,0.9999988
id16604,0.99999976,2.0494172e-08,2.448411e-07
id24942,0.9999999,1.4085427e-08,1.2456508e-07
id12989,3.5688494e-08,1.0,1.0757569e-08
id13841,0.9999999,1.8733193e-08,1.5746501e-07
id15481,8.990958e-07,3.6326753e-07,0.99999875
id10600,8.7313725e-07,3.47989e-07,0.9999988
id18528,0.999756,2.987432e-07,0.00024369819
id16465,4.0125652e-08,1.0,1.2430347e-08
id14204,1.1544615e-06,0.99999845,4.197547e-07
id05924,0.99999887,6.906054e-08,1.0802886e-06
id16756,8.6973324e-07,3.4935098e-07,0.9999988
id01167,0.99996555,8.3953466e-08,3.440261e-05
id27624,4.1887382e-08,1.0,1.3077878e-08
id13724,0.9999943,1.544185e-07,5.5291616e-06
id03677,0.9999999,1.2725122e-08,9.550735e-08
id26463,0.0018774496,0.99560606,0.002516535
id15623,0.9995365,2.0331333e-06,0.00046145424
id26379,8.7313725e-07,3.47989e-07,0.9999988
id25294,9.132545e-07,3.661167e-07,0.99999875
id04100,1.7429784e-07,0.99999976,6.46235e-08
id23831,0.9999995,2.9242088e-08,5.2649096e-07
id17334,0.99999994,2.4528317e-08,7.764694e-08
id19506,8.5291106e-07,3.4125833e-07,0.9999988
id18629,0.9999994,5.6365593e-08,5.1630764e-07
id09105,8.663425e-07,3.5071832e-07,0.9999988
id27735,0.99945503,0.0005310873,1.38928135e-05
id22840,0.9999998,2.9014535e-08,2.029804e-07
id01465,0.00044757253,0.0002867257,0.99926573
id27750,0.99999905,5.2744127e-08,9.3857113e-07
id20421,8.5291106e-07,3.4125833e-07,0.9999988
id23826,0.0016229554,7.199671e-06,0.9983699
id23219,0.0020179646,3.2506065e-05,0.99794954
id06442,8.6296484e-07,3.4393483e-07,0.9999988
id07847,0.99999994,2.0019431e-08,8.937108e-08
id16995,5.401551e-05,0.99993247,1.35245355e-05
id07626,0.9983948,0.00013322363,0.0014719935
id21920,9.115987e-06,0.99998796,2.9479897e-06
id22340,0.9999995,3.472584e-08,4.5742325e-07
id22108,0.0012387357,4.160798e-05,0.9987197
id25661,0.99999964,3.981338e-08,3.1684786e-07
id16284,0.9703044,0.0264968,0.0031987694
id19900,0.9999998,2.4817448e-08,1.7983068e-07
id20864,0.9997594,4.811361e-07,0.00024015525
id26099,0.9427286,0.05565593,0.0016154891
id00333,9.952082e-07,4.0843258e-07,0.99999857
id27278,4.8780386e-08,0.99999994,1.5713432e-08
id16758,4.8212076e-08,0.99999994,1.5409505e-08
id25660,0.0019221539,0.986024,0.012053846
id05146,0.00023504927,1.1520986e-05,0.9997534
id24812,8.61281e-07,3.4393483e-07,0.9999988
id12003,0.99999964,3.4187476e-08,2.930364e-07
id04569,1.0949972e-07,0.9999999,3.7255404e-08
id08269,0.99998546,1.228902e-06,1.32636505e-05
id06080,0.99999976,2.2073094e-08,2.9765107e-07
id09782,4.4162132e-07,0.9999994,1.5685103e-07
id19722,3.5688494e-08,1.0,1.0715629e-08
id02781,8.714336e-07,3.47989e-07,0.9999988
id13385,0.9999996,2.4528308e-08,4.2803413e-07
id24676,0.0013159312,5.7987618e-05,0.9986261
id07628,0.0025347285,0.00052001484,0.99694526
id19363,8.680362e-07,3.4935098e-07,0.9999988
id27392,0.99999994,1.24303465e-08,8.628372e-08
id26486,0.0007568439,4.9627623e-05,0.99919355
id02440,0.9999986,9.608284e-07,4.2304697e-07
id26878,0.99999964,3.52727e-08,2.4388652e-07
id23044,0.9999999,1.4935404e-08,1.4115071e-07
id24170,0.9990165,4.3617747e-05,0.000939903
id22332,0.0010413146,1.8539784e-05,0.99894017
id27933,0.9999993,4.58249e-08,7.002169e-07
id17535,8.596005e-07,3.4393483e-07,0.9999988
id19700,3.1137238e-06,0.99999624,6.7602554e-07
id19809,0.00043043777,0.99734265,0.0022268815
id04484,8.868871e-07,3.4935098e-07,0.9999988
id00481,0.0064188354,0.027827747,0.96575344
id27510,0.9999982,5.7477244e-08,1.7672329e-06
id04635,8.680362e-07,3.4935098e-07,0.9999988
id26027,0.99999785,4.954846e-08,2.0500256e-06
id09300,3.9196145e-08,1.0,1.2047906e-08
id06381,8.851566e-07,3.5071832e-07,0.9999988
id18038,8.663425e-07,3.4393483e-07,0.9999988
id22011,0.00457964,0.00068203354,0.99473834
id10608,3.8288164e-08,1.0,1.167723e-08
id23054,0.99998784,1.3156534e-07,1.2076721e-05
id13904,4.321703e-08,1.0,1.3493015e-08
id13855,8.990958e-07,3.6326753e-07,0.99999875
id17630,4.9355396e-08,0.99999994,1.5836674e-08
id08595,8.9209897e-07,3.5624132e-07,0.9999988
id09532,0.99912596,2.1633705e-06,0.0008719141
id13176,8.579232e-07,3.4663233e-07,0.9999988
id27237,8.6296484e-07,3.4393483e-07,0.9999988
id16704,8.6973324e-07,3.4935098e-07,0.9999988
id20994,8.5624924e-07,3.47989e-07,0.9999988
id17501,3.9658172e-08,1.0,1.2189923e-08
id16509,8.596005e-07,3.4663233e-07,0.9999988
id15081,0.00014941984,7.410173e-06,0.9998432
id24414,9.1682887e-07,3.7333766e-07,0.9999987
id09220,8.7484426e-07,3.47989e-07,0.9999988
id26514,8.596005e-07,3.4528094e-07,0.9999988
id14703,0.9999998,1.5591146e-08,1.8993904e-07
id19838,8.579232e-07,3.4528094e-07,0.9999988
id23297,0.8551248,2.4054877e-06,0.14487289
id17113,0.9999995,3.0288415e-08,4.4682707e-07
id11693,0.99999464,1.8337656e-07,5.1739175e-06
id00847,0.0012446673,0.9908426,0.007912767
id00233,0.0007892651,6.4094595e-05,0.9991467
id02776,0.9999999,1.3867052e-08,1.1747605e-07
id10396,0.9999994,5.4631414e-08,5.183284e-07
id18222,0.9999988,7.294246e-08,1.141012e-06
id13476,0.00015534405,0.99966305,0.0001816156
id08007,1.08254835e-05,3.053468e-06,0.9999861
id12984,8.7484426e-07,3.4663233e-07,0.9999988
id04174,2.2650214e-05,0.9999713,6.0962225e-06
id23874,8.61281e-07,3.4393483e-07,0.9999988
id00595,4.840077e-08,0.99999994,1.5289588e-08
id18041,0.9999998,2.9128094e-08,1.9444332e-07
id17403,0.99986833,3.639846e-06,0.00012805864
id11741,0.9999999,1.5229979e-08,1.2215577e-07
id16928,1.848675e-05,3.2309114e-07,0.99998116
id21913,8.817058e-07,3.604406e-07,0.9999988
id05939,8.6296484e-07,3.4528094e-07,0.9999988
id12429,3.7255408e-08,1.0,1.131796e-08
id04447,2.3598579e-05,3.668777e-06,0.99997276
id15928,0.9999982,6.239095e-08,1.7128609e-06
id13126,8.579232e-07,3.4528094e-07,0.9999988
id03989,0.99999976,2.4528314e-08,2.807117e-07
id08950,3.777388e-07,0.9999995,1.2215573e-07
id26494,8.6296484e-07,3.4528094e-07,0.9999988
id09289,8.663425e-07,3.5071832e-07,0.9999988
id16295,3.8739493e-08,1.0,1.1814879e-08
id01616,3.8288164e-08,1.0,1.167723e-08
id25251,8.596005e-07,3.4528094e-07,0.9999988
id10354,0.99999976,3.017034e-08,2.1024333e-07
id08559,3.7694562e-08,1.0,1.1451373e-08
id20385,0.9999999,2.0735754e-08,9.7772244e-08
id01760,0.9999998,1.9863636e-08,1.9293014e-07
id04242,2.9599145e-05,1.1409783e-06,0.99996924
id05652,4.254701e-08,1.0,1.3232035e-08
id05269,5.004225e-07,0.99999934,2.0377475e-07
id11218,8.7655457e-07,3.5485246e-07,0.9999988
id19158,3.8138893e-08,1.0,1.167723e-08
id00927,9.026148e-07,3.6185128e-07,0.99999875
id25636,4.9086284e-05,6.9077373e-06,0.99994403
id20727,9.459321e-07,3.8518868e-07,0.9999987
id01645,0.9999999,3.005272e-08,1.13861695e-07
id19931,0.999771,0.00020946955,1.9521796e-05
id12473,3.7694562e-08,1.0,1.1451373e-08
id00618,0.9999968,4.075741e-08,3.200041e-06
id27329,8.61281e-07,3.4393483e-07,0.9999988
id11553,0.99999994,1.6212228e-08,7.4381205e-08
id10357,8.663425e-07,3.4393483e-07,0.9999988
id11392,0.0011513771,1.9579737e-05,0.99882907
id03634,1.5414074e-06,0.99999785,5.8734213e-07
id15781,0.99999905,1.1793574e-07,8.1863624e-07
id11706,8.596005e-07,3.4663233e-07,0.9999988
id04248,0.9999998,2.3313834e-08,1.9673536e-07
id26011,0.009251553,0.13319091,0.8575575
id17478,8.868871e-07,3.52091e-07,0.9999988
id16179,0.61532825,0.32952234,0.055149436
id11340,0.9999994,2.3960107e-08,5.8277226e-07
id05629,8.316932e-05,0.9998991,1.7777076e-05
id00266,8.903583e-07,3.576356e-07,0.9999988
id18514,9.2221666e-07,3.7921689e-07,0.9999987
id05167,9.2221666e-07,3.7043236e-07,0.9999987
id08943,0.00043222107,4.7185826e-05,0.99952054
id14580,4.123798e-08,1.0,1.282493e-08
id24496,0.99999994,1.3975814e-08,8.2654736e-08
id04884,8.782683e-07,3.5346903e-07,0.9999988
id08011,0.00015873431,7.310094e-05,0.9997682
id17807,8.663425e-07,3.4393483e-07,0.9999988
id05694,0.9999997,2.6008458e-08,3.2309714e-07
id02907,3.7255408e-08,1.0,1.1273835e-08
id23235,9.797789e-07,3.9897128e-07,0.99999857
id26764,0.99999976,2.340508e-08,2.8402064e-07
id12226,8.6296484e-07,3.4393483e-07,0.9999988
id15157,0.99999976,1.6990267e-08,2.3823691e-07
id27127,8.663425e-07,3.4259398e-07,0.9999988
id27723,8.6973324e-07,3.47989e-07,0.9999988
id10742,4.618434e-08,0.99999994,1.4703852e-08
id22951,9.645889e-07,3.958665e-07,0.9999987
id09429,0.9995893,6.678777e-07,0.00041004695
id26058,1.0530484e-07,0.9999999,3.873949e-08
id27415,4.5486086e-05,0.9999428,1.1750442e-05
id06938,0.9999999,2.1227489e-08,1.6309934e-07
id18702,0.99988914,1.3548369e-06,0.00010953664
id05229,0.99999976,3.8288157e-08,1.2554203e-07
id05219,8.6465207e-07,3.4393483e-07,0.9999988
id26375,1.1886082e-07,0.9999999,4.205132e-08
id19622,0.9999945,5.5708647e-08,5.4222187e-06
id13333,0.99997497,5.400974e-06,1.9563951e-05
id25849,4.1399378e-08,1.0,1.2925516e-08
id06780,0.9988115,1.8140671e-06,0.0011867454
id01128,0.9998729,7.964546e-07,0.00012632033
id22697,8.61281e-07,3.4528094e-07,0.9999988
id03725,0.9954728,2.0091102e-06,0.004525206
id06570,0.9999242,2.1860194e-07,7.5580654e-05
id07834,8.61281e-07,3.4528094e-07,0.9999988
id08930,0.9959959,2.7049737e-06,0.004001436
id03276,8.7655457e-07,3.4663233e-07,0.9999988
id07367,4.0917058e-08,1.0,1.26260975e-08
id12250,0.99996954,2.994806e-05,5.6262337e-07
id00461,0.0013723014,4.9019258e-05,0.99857867
id17583,0.9999999,1.955568e-08,1.2603341e-07
id07331,1.1523641e-05,0.9999838,4.747802e-06
id09844,0.78825665,9.117925e-07,0.21174245
id12595,9.187507e-06,4.4508093e-07,0.99999034
id12911,3.527271e-08,1.0,1.0590788e-08
id13334,8.596005e-07,3.4663233e-07,0.9999988
id03231,7.155241e-06,0.9999907,2.182225e-06
id16441,8.7313725e-07,3.4935098e-07,0.9999988
id11427,8.817058e-07,3.52091e-07,0.9999988
id16919,0.99999976,1.32320315e-08,2.8736855e-07
id04388,8.903583e-07,3.5071832e-07,0.9999988
id09608,0.00014480502,0.9997213,0.00013392275
id14912,4.2145875e-06,1.4650818e-06,0.9999943
id24621,6.591704e-06,0.99998873,4.674218e-06
id14904,8.851566e-07,3.52091e-07,0.9999988
id09209,8.5124685e-07,3.4259398e-07,0.9999988
id10425,0.99999994,1.2976104e-08,8.594733e-08
id04915,0.9999971,2.0537252e-07,2.737141e-06
id01417,1.669671e-07,0.99999976,5.9301854e-08
id12318,0.99999225,8.042464e-08,7.691472e-06
id01184,0.012493487,0.00034233672,0.9871642
id05349,8.6465207e-07,3.4528094e-07,0.9999988
id14718,8.6465207e-07,3.4393483e-07,0.9999988
id20392,9.276361e-07,3.7626577e-07,0.9999987
id10071,8.903582e-07,3.6611667e-07,0.9999987
id24369,0.99999994,1.2285528e-08,7.8562216e-08
id22137,0.9999999,1.7056767e-08,1.116594e-07
id14478,8.5291106e-07,3.4125833e-07,0.9999988
id10018,2.6688469e-05,2.3503026e-06,0.999971
id13357,4.1887382e-08,1.0,1.30268925e-08
id06093,8.5624924e-07,3.47989e-07,0.9999988
id26039,8.6296484e-07,3.4528094e-07,0.9999988
id05974,1.6959646e-07,0.99999976,6.538526e-08
id09745,4.4588887e-08,1.0,1.3921328e-08
id01255,2.8856926e-05,0.9999645,6.6953453e-06
id25995,3.9349555e-08,1.0,1.209506e-08
id01205,0.99998164,1.2433832e-06,1.7097456e-05
id09735,9.6665986e-05,0.9998916,1.1749841e-05
id19431,3.36711e-05,0.99995744,8.939396e-06
id10226,0.99999976,2.5012092e-08,2.2119548e-07
id22446,0.99999905,3.667778e-08,8.347824e-07
id10207,0.00036782093,0.99833703,0.0012951544
id02564,0.99999785,1.5381703e-07,1.9869526e-06
id15113,0.9999997,2.009778e-08,3.2309714e-07
id20230,0.9999862,2.5759203e-07,1.35782e-05
id18155,0.9999998,1.5469816e-08,2.0698384e-07
id23722,8.714336e-07,3.47989e-07,0.9999988
id20241,0.99999946,2.377365e-08,5.4532956e-07
id10580,8.545785e-07,3.4125833e-07,0.9999988
id09405,9.026148e-07,3.6185128e-07,0.99999875
id16297,3.8138893e-08,1.0,1.167723e-08
id27247,8.851566e-07,3.52091e-07,0.9999988
id26321,0.9999999,2.4432689e-08,1.2263386e-07
id18503,8.7313725e-07,3.47989e-07,0.9999988
id04178,3.8739493e-08,1.0,1.1907543e-08
id22695,8.7313725e-07,3.4935098e-07,0.9999988
id04368,0.9999999,1.6086062e-08,1.7294148e-07
id20585,0.9999999,1.6792326e-08,9.550735e-08
id21615,0.99999523,1.3003353e-07,4.674248e-06
id10830,4.2051322e-08,1.0,1.3077878e-08
id22143,0.9999999,2.3042219e-08,1.5563047e-07
id21600,0.9999998,2.4432689e-08,1.8409523e-07
id23773,0.99999994,1.375914e-08,7.294255e-08
id08505,1.0,1.2285529e-08,5.636563e-08
id27152,0.9999999,1.6086062e-08,1.4449802e-07
id09817,4.075754e-08,1.0,1.26260975e-08
id02355,0.9999865,3.7187763e-07,1.31604465e-05
id23629,0.99999994,1.4761402e-08,8.074004e-08
id22194,0.9999999,2.1310573e-08,1.4449802e-07
id05592,9.778672e-07,3.8820974e-07,0.9999987
id02916,8.782683e-07,3.5624132e-07,0.9999988
id22284,0.9999999,1.5898655e-08,1.1079046e-07
id14574,8.714336e-07,3.4935098e-07,0.9999988
id16820,8.596005e-07,3.4528094e-07,0.9999988
id04513,0.99999994,1.4140556e-08,8.105605e-08
id05853,8.663425e-07,3.5071832e-07,0.9999988
id23528,4.3726455e-08,1.0,1.3652065e-08
id06684,0.99999994,1.699027e-08,8.798551e-08
id19793,0.9999999,1.1317958e-08,1.0949972e-07
id05567,0.9999944,5.357447e-08,5.529162e-06
id01637,3.9349555e-08,1.0,1.2142398e-08
id24264,8.596005e-07,3.4528094e-07,0.9999988
id08558,4.424189e-08,1.0,1.3921328e-08
id01977,1.6827666e-07,0.99999976,6.5641174e-08
id14665,3.6250505e-08,1.0,1.09697424e-08
id24485,1.01696105e-05,0.999987,2.7802166e-06
id00331,0.99997914,2.3823199e-07,2.0663736e-05
id06004,8.6296484e-07,3.4528094e-07,0.9999988
id08168,3.7694562e-08,1.0,1.1451373e-08
id02054,0.9999995,2.7902995e-08,4.7750655e-07
id27733,9.0085354e-07,3.6326753e-07,0.99999875
id26596,3.8138893e-08,1.0,1.1631705e-08
id05275,2.7744125e-07,0.99999964,1.1079043e-07
id23093,0.99999404,2.0942248e-07,5.7494167e-06
id13304,8.714336e-07,3.47989e-07,0.9999988
id09513,0.9999999,1.7598206e-08,1.207326e-07
id14943,0.99999976,2.768586e-08,2.7635966e-07
id10936,0.99999857,6.615593e-08,1.3979968e-06
id18771,0.00012387556,0.99986076,1.5384187e-05
id09708,0.9999995,3.6677797e-08,4.5563993e-07
id17204,0.99999905,2.4337414e-08,9.240199e-07
id27515,3.5828176e-08,1.0,1.0799672e-08
id04438,0.99999523,3.199081e-08,4.7664394e-06
id14306,0.9999692,8.698374e-06,2.2125478e-05
id10235,8.663425e-07,3.52091e-07,0.9999988
id19034,0.9996953,0.00025562753,4.907407e-05
id27850,0.0055353576,8.319027e-06,0.99445635
id23316,0.9999994,4.172405e-08,5.6927234e-07
id21265,0.9999999,2.001943e-08,1.4734798e-07
id13944,8.7313725e-07,3.47989e-07,0.9999988
id00416,3.7547604e-08,1.0,1.1406728e-08
id04702,0.9999565,7.780696e-07,4.2730808e-05
id07679,2.2473878e-05,0.99996805,9.478938e-06
id17063,3.527271e-08,1.0,1.0590788e-08
id25840,3.8739493e-08,1.0,1.1907543e-08
id16767,0.00042636652,0.9995545,1.9140065e-05
id10275,8.817058e-07,3.5346903e-07,0.9999988
id19913,0.0001310943,0.99985945,9.477909e-06
id16158,3.7694562e-08,1.0,1.14961916e-08
id19914,8.868871e-07,3.5071832e-07,0.9999988
id09409,2.1030119e-05,2.6322284e-06,0.9999764
id14026,0.9999993,5.7253217e-08,6.4255516e-07
id27022,4.1887382e-08,1.0,1.3077878e-08
id06324,3.7694562e-08,1.0,1.14961916e-08
id22614,8.6296484e-07,3.4528094e-07,0.9999988
id02338,0.9999993,3.2621898e-08,6.62952e-07
id02862,9.55345e-06,0.99998546,5.0146873e-06
id14818,9.4408637e-07,3.8669626e-07,0.9999987
id00648,0.9995483,3.4388257e-05,0.0004173014
id21812,8.596005e-07,3.4528094e-07,0.9999988
id04567,4.02827e-08,1.0,1.2478998e-08
id20462,8.6465207e-07,3.4393483e-07,0.9999988
id21110,9.043794e-07,3.5903534e-07,0.99999875
id27524,5.0743267e-05,0.9999402,9.080016e-06
id10739,8.61281e-07,3.4393483e-07,0.9999988
id25519,0.9999982,8.0280176e-07,1.006939e-06
id09509,8.9384304e-07,3.6611667e-07,0.9999987
id24062,1.2931112e-05,0.9999849,2.1652304e-06
id17909,0.006128684,4.5202946e-06,0.99386674
id09896,9.043794e-07,3.6044057e-07,0.99999875
id11587,3.7694562e-08,1.0,1.1451373e-08
id09957,3.3213775e-05,0.99995416,1.2655867e-05
id02070,8.6465207e-07,3.4259398e-07,0.9999988
id25658,0.99999976,3.4861763e-08,2.2644099e-07
id19870,0.0010023211,0.9988607,0.0001369806
id11774,9.589536e-07,3.6898814e-07,0.9999987
id21315,0.9999994,3.0115956e-07,2.9303632e-07
id15873,0.9999992,1.8266249e-07,6.252233e-07
id19302,3.5688494e-08,1.0,1.0757569e-08
id07239,3.5688494e-08,1.0,1.0715629e-08
id10178,0.9999999,1.2047904e-08,1.1747605e-07
id00074,0.9999998,2.0097781e-08,1.9827837e-07
id21736,1.4677353e-07,0.9999998,5.2744166e-08
id25383,1.722672e-07,0.99999976,6.513035e-08
id01649,0.99998236,2.678523e-07,1.7400665e-05
id15990,8.6296484e-07,3.4528094e-07,0.9999988
id04940,0.99999994,1.2478997e-08,7.9178385e-08
id09041,8.382186e-05,0.99990207,1.4117905e-05
id12499,0.9953187,1.3099016e-05,0.004668129
id27324,4.7464617e-08,0.99999994,1.5052546e-08
id20396,3.6250505e-08,1.0,1.0884375e-08
id20065,0.99999994,1.5713432e-08,8.461483e-08
id09659,8.851566e-07,3.5071832e-07,0.9999988
id04632,8.6296484e-07,3.4393483e-07,0.9999988
id17313,0.99999964,1.3759135e-08,3.3992814e-07
id04995,0.99999976,2.5109985e-08,2.448411e-07
id26559,0.9999993,3.5272684e-08,6.89361e-07
id06974,0.00022848921,3.997186e-06,0.99976754
id22141,0.99999964,3.249473e-08,2.7961727e-07
id11508,8.6296484e-07,3.4528094e-07,0.9999988
id09766,5.9301865e-08,0.99999994,1.9327851e-08
id24382,0.0009581809,0.99874556,0.0002962514
id12016,0.9999426,5.9191603e-07,5.6829896e-05
id07298,0.99999917,2.1310557e-08,8.8862134e-07
id17985,3.9196145e-08,1.0,1.2142398e-08
id09057,8.868871e-07,3.4935098e-07,0.9999988
id23310,8.596005e-07,3.4528094e-07,0.9999988
id13265,0.9999998,1.9403494e-08,1.9068244e-07
id25920,0.9999999,2.8231918e-08,1.7498006e-07
id15012,0.0008566316,1.3830204e-07,0.99914324
id12939,3.7547604e-08,1.0,1.1451373e-08
id13329,0.9999996,2.1646155e-08,4.468271e-07
id11410,4.7464617e-08,0.99999994,1.522998e-08
id08203,2.2430086e-05,0.9999707,6.9079215e-06
id09399,9.799654e-05,0.9998903,1.1704018e-05
id24807,8.61281e-07,3.4528094e-07,0.9999988
id24976,0.99999976,1.9252495e-08,2.8736855e-07
id19630,8.6465207e-07,3.4393483e-07,0.9999988
id00231,3.7255408e-08,1.0,1.131796e-08
id06157,9.934018e-06,0.9999857,4.3568366e-06
id26817,8.61281e-07,3.4663233e-07,0.9999988
id21083,8.579232e-07,3.4528094e-07,0.9999988
id27634,0.9999995,8.494597e-08,4.2970936e-07
id12397,8.714336e-07,3.5071832e-07,0.9999988
id02643,8.61281e-07,3.4528094e-07,0.9999988
id13731,3.950356e-08,1.0,1.2237633e-08
id17953,8.834295e-07,3.52091e-07,0.9999988
id10342,1.4200114e-06,5.4320276e-07,0.99999803
id19652,0.00033273562,0.9996502,1.7091788e-05
id03505,3.8891116e-08,1.0,1.186112e-08
id27602,0.00013524012,0.9997445,0.00012028506
id13311,8.6296484e-07,3.4528094e-07,0.9999988
id20008,0.99999917,1.4734786e-07,6.92059e-07
id14404,8.663425e-07,3.4259398e-07,0.9999988
id09413,8.5291106e-07,3.4125833e-07,0.9999988
id01897,0.9936992,8.4283805e-05,0.0062165544
id14873,0.99999976,3.186623e-08,1.7294147e-07
id25588,0.99999994,1.2675513e-08,7.1252835e-08
id15549,0.027172873,0.97106266,0.001764459
id20796,9.0791906e-07,3.5763557e-07,0.99999875
id11138,8.817058e-07,3.52091e-07,0.9999988
id18398,8.61281e-07,3.4393483e-07,0.9999988
id01871,0.9999989,3.174197e-08,9.721545e-07
id15968,0.9999999,1.0799671e-08,1.4677353e-07
id18197,8.6465207e-07,3.4393483e-07,0.9999988
id20939,8.6296484e-07,3.4528094e-07,0.9999988
id20570,8.851566e-07,3.5071832e-07,0.9999988
id00432,0.9999998,1.577493e-08,1.8409523e-07
id19537,3.7694562e-08,1.0,1.1451373e-08
id12930,0.9999999,3.4861767e-08,8.2011496e-08
id26222,3.6109178e-08,1.0,1.0884375e-08
id10623,0.99999976,4.821207e-08,1.9217798e-07
id15460,4.238114e-08,1.0,1.3283825e-08
id22824,0.9999999,1.6403332e-08,1.1341779e-07
id02968,0.99936014,1.2138253e-06,0.00063867884
id19017,0.9999898,2.7158208e-06,7.4693867e-06
id26743,3.7842096e-08,1.0,1.14961916e-08
id04161,0.99999964,2.8788735e-08,3.912549e-07
id08976,3.711016e-08,1.0,1.1273835e-08
id13339,3.7694562e-08,1.0,1.14961916e-08
id25051,0.99999905,2.9818825e-08,9.3126704e-07
id22649,0.9999429,5.305902e-07,5.660835e-05
id00040,3.8138893e-08,1.0,1.167723e-08
id08855,0.9999997,9.1848506e-08,2.0617686e-07
id24622,0.9999995,3.9503544e-08,4.021008e-07
id02301,0.99999994,1.5591148e-08,8.527848e-08
id07047,9.0791906e-07,3.6898817e-07,0.99999875
id04423,0.9999999,1.109905e-08,9.625642e-08
id02790,4.8042803e-05,0.9999411,1.0867364e-05
id08754,5.9301865e-08,0.99999994,1.9327851e-08
id20297,8.7313725e-07,3.47989e-07,0.9999988
id04307,4.2051322e-08,1.0,1.3077878e-08
id18927,8.799854e-07,3.5485246e-07,0.9999988
id27393,8.9384315e-07,3.5624132e-07,0.9999988
id15260,9.1490435e-08,0.9999999,3.1372192e-08
id03679,0.99999726,1.3896202e-07,2.6016162e-06
id17381,0.99999994,1.1317959e-08,8.011172e-08
id13196,0.0016284728,2.5825308e-05,0.99834573
id21493,8.6296484e-07,3.4528094e-07,0.9999988
id11088,8.6296484e-07,3.4528094e-07,0.9999988
id15801,0.9999987,3.2494697e-08,1.2878952e-06
id04647,8.9734147e-07,3.6326753e-07,0.99999875
id16900,3.8891116e-08,1.0,1.1907543e-08
id17174,0.9999974,1.3602868e-06,1.2878935e-06
id23801,1.9068243e-07,0.99999976,7.614509e-08
id11952,0.9999809,2.0941974e-07,1.881458e-05
id02738,0.9999998,7.61451e-08,1.13417784e-07
id05365,0.9999993,3.26219e-08,6.012714e-07
id19666,3.5071858e-07,0.9999995,1.3842056e-07
id26638,8.834295e-07,3.52091e-07,0.9999988
id03032,0.99955815,3.6960184e-06,0.00043818748
id23471,0.99999785,3.249467e-08,2.106854e-06
id26135,3.6250505e-08,1.0,1.0926976e-08
id18224,3.527271e-08,1.0,1.0549498e-08
id10782,0.99999976,3.149498e-08,2.1024333e-07
id08932,9.0085354e-07,3.6185128e-07,0.99999875
id23126,8.596005e-07,3.4528094e-07,0.9999988
id22273,0.9999701,3.406335e-06,2.6532525e-05
id17427,0.9999967,2.526124e-07,3.0415956e-06
id21258,0.9999999,1.571343e-08,1.3842062e-07
id06604,0.9999997,2.5907061e-08,3.0950812e-07
id02180,0.9999995,3.262191e-08,4.646266e-07
id20505,7.322804e-08,0.99999994,2.5109989e-08
id27466,0.99993175,2.4197212e-07,6.801574e-05
id14249,8.9734147e-07,3.6326753e-07,0.99999875
id15891,0.00014738763,3.1503456e-05,0.9998211
id25366,8.817058e-07,3.4528094e-07,0.9999988
id13554,8.7313725e-07,3.47989e-07,0.9999988
id09470,8.596005e-07,3.4393483e-07,0.9999988
id15993,3.1631025e-05,1.2484038e-05,0.9999559
id07273,0.0010043688,4.734338e-05,0.9989483
id10805,0.99999917,4.0282668e-08,7.7810284e-07
id07990,1.994728e-06,0.9999971,9.721527e-07
id08107,9.404057e-07,3.8070107e-07,0.9999987
id07612,0.9999993,6.538522e-08,6.4507003e-07
id10593,0.9999981,1.5234498e-06,3.3465753e-07
id00906,3.711016e-08,1.0,1.1273835e-08
id22316,9.85694e-05,4.173691e-05,0.9998597
id04826,0.9999999,1.5349428e-08,1.6246348e-07
id13173,8.6296484e-07,3.4393483e-07,0.9999988
id20075,0.9999982,3.3205322e-07,1.4034681e-06
id16427,0.9999965,8.9370765e-08,3.4600682e-06
id21948,8.6296484e-07,3.4528094e-07,0.9999988
id05957,0.99999964,1.891985e-07,1.643785e-07
id22982,3.5688494e-08,1.0,1.0757569e-08
id01672,5.074306e-05,0.9999361,1.3159783e-05
id19463,9.1147257e-07,3.6754963e-07,0.99999875
id17555,3.8288164e-08,1.0,1.167723e-08
id21387,3.7255408e-08,1.0,1.131796e-08
id00011,3.7694562e-08,1.0,1.1451373e-08
id18538,0.99999964,4.5114465e-08,2.6473631e-07
id14915,3.5688494e-08,1.0,1.0757569e-08
id13773,8.799854e-07,3.5346903e-07,0.9999988
id26440,0.00015000542,1.6088429e-06,0.99984837
id18862,0.030243183,1.0978935e-06,0.9697557
id02510,8.596005e-07,3.4528094e-07,0.9999988
id26288,8.714336e-07,3.47989e-07,0.9999988
id01877,0.86009824,0.0036981322,0.13620365
id17532,9.294497e-07,3.7626577e-07,0.9999987
id22973,0.9999999,1.9102673e-08,1.17018054e-07
id10254,0.99999857,3.5410714e-08,1.339199e-06
id20420,4.1399378e-08,1.0,1.282493e-08
id16052,0.9901479,3.3205845e-06,0.009848805
id19578,0.9999999,2.1730886e-08,1.0949972e-07
id06318,8.868871e-07,3.5903537e-07,0.9999988
id18751,0.9999999,1.1317958e-08,1.637377e-07
id06756,8.6296484e-07,3.4528094e-07,0.9999988
id00364,0.99999905,5.102923e-07,4.1486467e-07
id10714,2.3737175e-05,0.99996924,7.044158e-06
id27432,0.9999998,1.2925514e-08,2.0140081e-07
id02395,7.23749e-08,0.99999994,2.4528317e-08
id00502,0.9999958,2.6016123e-06,1.535395e-06
id22856,8.596005e-07,3.4663233e-07,0.9999988
id16391,3.6677815e-08,1.0,1.1055779e-08
id18170,4.014076e-05,0.99992853,3.1322772e-05
id19642,0.9999999,1.888012e-08,1.4281456e-07
id15742,0.9999999,1.1541185e-08,1.0206495e-07
id18984,8.5291106e-07,3.4125833e-07,0.9999988
id22155,8.61281e-07,3.4393483e-07,0.9999988
id13113,8.955906e-07,3.5346903e-07,0.99999875
id03817,0.9999706,7.2808945e-07,2.8688515e-05
id13090,0.99997926,1.5142949e-07,2.0583178e-05
id23521,4.02827e-08,1.0,1.2430347e-08
id21376,9.132545e-07,3.6468933e-07,0.99999875
id21795,4.0917058e-08,1.0,1.2675514e-08
id03548,9.132545e-07,3.5485246e-07,0.99999875
id05018,0.9999998,1.4646525e-08,1.8337751e-07
id00085,0.9906741,0.009258426,6.751777e-05
id12163,0.00010269908,0.9998864,1.0951999e-05
id15341,9.0969405e-07,3.661167e-07,0.99999875
id12896,6.3889124e-06,0.99999106,2.5512807e-06
id24019,0.9999931,4.0843034e-07,6.4895366e-06
id24981,0.99999994,2.1561775e-08,8.628372e-08
id12456,2.3829978e-05,0.99996513,1.10387655e-05
id24590,2.4158198e-05,3.2758485e-06,0.9999726
id01276,3.8739493e-08,1.0,1.1907543e-08
id04235,8.596005e-07,3.4528094e-07,0.9999988
id21844,9.1503995e-07,3.661167e-07,0.99999875
id16876,3.5688494e-08,1.0,1.0715629e-08
id10137,8.5124685e-07,3.4259398e-07,0.9999988
id26435,8.7655457e-07,3.4663233e-07,0.9999988
id15912,8.9209897e-07,3.576356e-07,0.9999988
id09361,8.6465207e-07,3.4393483e-07,0.9999988
id00071,8.6465207e-07,3.4528094e-07,0.9999988
id21006,0.99999994,1.1099051e-08,8.105605e-08
id20942,9.204173e-07,3.7043236e-07,0.9999987
id00137,0.99999964,3.813888e-08,3.059022e-07
id10494,7.889809e-05,0.999912,9.079759e-06
id02933,0.999815,5.5165594e-07,0.00018450366
id22661,3.6677815e-08,1.0,1.11424905e-08
id01024,0.00024392542,4.4683173e-05,0.9997114
id02183,0.00039292517,0.9979544,0.001652662
id22883,1.0308185e-06,0.9999988,2.0779373e-07
id14780,3.7694562e-08,1.0,1.14961916e-08
id00543,8.834295e-07,3.52091e-07,0.9999988
id21237,0.001979043,1.6218775e-05,0.99800473
id09864,2.3454338e-07,0.9999997,8.7300776e-08
id26171,8.6973324e-07,3.4935098e-07,0.9999988
id08115,0.99999917,6.362157e-08,7.7204766e-07
id18417,4.4162132e-07,0.9999994,1.9596827e-07
id27910,8.6296484e-07,3.4393483e-07,0.9999988
id16918,6.38931e-05,3.206478e-05,0.99990404
id10236,8.5291106e-07,3.4125833e-07,0.9999988
id22481,0.9999994,4.4508496e-07,1.8626521e-07
id25843,6.3373584e-08,0.99999994,2.089839e-08
id24660,0.99999964,2.2073092e-08,3.4528122e-07
id09637,7.764694e-08,0.99999994,2.6008463e-08
id19022,8.7313725e-07,3.47989e-07,0.9999988
id16809,8.6465207e-07,3.4393483e-07,0.9999988
id13162,8.834295e-07,3.5071832e-07,0.9999988
id05384,6.655466e-07,0.99999917,2.1106608e-07
id15361,8.6465207e-07,3.4528094e-07,0.9999988
id03967,3.8138893e-08,1.0,1.167723e-08
id03839,3.6677815e-08,1.0,1.1099051e-08
id19644,0.99999857,4.709518e-08,1.420012e-06
id14817,8.7313725e-07,3.47989e-07,0.9999988
id04190,0.00015998833,0.9998248,1.5204406e-05
id19018,3.7694562e-08,1.0,1.1451373e-08
id23557,0.015579172,0.9843003,0.00012052702
id25241,8.6296484e-07,3.4528094e-07,0.9999988
id01223,8.9209897e-07,3.5624132e-07,0.9999988
id07529,7.8420544e-07,0.9999989,3.1071923e-07
id13517,4.6701796e-05,1.5056315e-06,0.9999518
id11759,0.99999815,7.069821e-08,1.760343e-06
id13741,8.7313725e-07,3.4935098e-07,0.9999988
id03305,9.294497e-07,3.7479887e-07,0.9999987
id16474,3.5410764e-08,1.0,1.0590788e-08
id04156,0.9998666,5.284813e-07,0.00013289986
id23223,3.7255408e-08,1.0,1.131796e-08
id25193,9.404057e-07,3.7626577e-07,0.9999987
id02100,0.99999994,1.2875123e-08,8.428495e-08
id20032,1.45104095e-05,4.7108406e-06,0.9999808
id22179,8.579232e-07,3.4528094e-07,0.9999988
id15359,0.9999999,1.7805649e-08,1.7026028e-07
id02571,3.6677815e-08,1.0,1.1099051e-08
id21450,0.9999999,1.2285527e-08,9.1490435e-08
id17293,0.99678576,0.0031826356,3.1592386e-05
id13056,0.9999996,8.937104e-08,3.8219147e-07
id16833,8.714336e-07,3.4935098e-07,0.9999988
id25681,3.8288164e-08,1.0,1.167723e-08
id21263,8.61281e-07,3.4393483e-07,0.9999988
id02323,8.561224e-08,0.9999999,3.0170344e-08
id16481,0.9998529,8.8502753e-07,0.00014624531
id05781,0.9999837,1.0367058e-07,1.6155996e-05
id14416,0.9998793,5.806039e-05,6.265575e-05
id20650,3.8739493e-08,1.0,1.1907543e-08
id04357,0.027659202,0.91594696,0.05639389
id16663,8.7313725e-07,3.47989e-07,0.9999988
id18312,0.99844795,1.7852927e-06,0.0015502693
id24780,8.5624924e-07,3.4125833e-07,0.9999988
id17348,8.6296484e-07,3.4528094e-07,0.9999988
id22993,0.99999946,2.1310564e-08,5.432035e-07
id04847,8.6296484e-07,3.4528094e-07,0.9999988
id27880,3.7694562e-08,1.0,1.14961916e-08
id21160,1.0718811e-06,4.719429e-07,0.99999845
id03354,1.00090844e-07,0.9999999,3.568849e-08
id11002,8.7313725e-07,3.47989e-07,0.9999988
id02425,8.990958e-07,3.5485246e-07,0.99999875
id14067,0.99999875,7.097496e-08,1.1957703e-06
id05886,9.258261e-07,3.590353e-07,0.9999987
id09256,0.9999666,1.9749879e-07,3.3214186e-05
id11511,8.6973324e-07,3.5071832e-07,0.9999988
id09029,3.7547604e-08,1.0,1.14961916e-08
id22563,8.88621e-07,3.604406e-07,0.9999988
id27838,1.024796e-06,4.2636498e-07,0.99999857
id23184,0.995154,0.0048184544,2.7510261e-05
id15335,0.99999976,5.6586227e-08,2.1355419e-07
id08607,0.9999999,1.7461256e-08,9.663316e-08
id26516,0.9999998,2.0019428e-08,1.8481578e-07
id12417,0.003724264,4.3326618e-05,0.9962324
id21758,0.9999994,2.3960107e-08,5.8277226e-07
id00729,3.8588464e-08,1.0,1.1907543e-08
id25504,5.441845e-08,0.99999994,1.780565e-08
id00360,8.61281e-07,3.4528094e-07,0.9999988
id05913,6.263526e-08,0.99999994,2.0414278e-08
id00089,0.6145965,0.37496224,0.010441316
id03511,0.9999999,1.6212226e-08,9.7391066e-08
id00449,8.903583e-07,3.5903537e-07,0.9999988
id14504,5.317334e-06,0.99999267,2.0182322e-06
id19106,0.9999999,1.3232033e-08,1.1430733e-07
id19236,0.6826591,0.31684652,0.00049436896
id12743,0.9999999,1.2626096e-08,1.2652669e-07
id04662,8.6973324e-07,3.4935098e-07,0.9999988
id15139,8.9734147e-07,3.5346903e-07,0.99999875
id07233,0.00016154107,0.0001207526,0.99971765
id19160,0.9999998,1.6467533e-08,1.9217799e-07
id06867,4.1399378e-08,1.0,1.2925516e-08
id04236,3.7694562e-08,1.0,1.14961916e-08
id07591,8.596005e-07,3.4528094e-07,0.9999988
id25815,8.680362e-07,3.4393483e-07,0.9999988
id10925,0.9999677,1.7912383e-07,3.2129516e-05
id27774,0.99999964,4.107719e-08,3.0830145e-07
id16090,2.829133e-07,0.99999964,1.0907279e-07
id24875,3.314914e-05,7.676212e-06,0.99995923
id03456,0.005666664,2.1829086e-05,0.99431145
id07559,1.6631616e-07,0.99999976,6.000089e-08
id10513,3.9813393e-08,1.0,1.2285529e-08
id07094,0.99999714,5.7477184e-08,2.8240272e-06
id04111,8.5291106e-07,3.4259398e-07,0.9999988
id23356,0.9999999,1.2976103e-08,9.4764104e-08
id04435,8.88621e-07,3.576356e-07,0.9999988
id23706,8.663425e-07,3.4393483e-07,0.9999988
id04655,9.061475e-07,3.5903534e-07,0.99999875
id07661,1.9411744e-05,3.5420526e-06,0.99997705
id27176,0.9999031,1.110129e-06,9.5727664e-05
id13560,8.714336e-07,3.4935098e-07,0.9999988
id18020,0.00030774288,5.325331e-07,0.9996917
id16701,0.9999463,1.6536036e-06,5.204848e-05
id19252,0.99999964,1.7529592e-08,3.8219147e-07
id00910,0.002954577,0.9968941,0.00015132519
id12102,0.99999917,2.5907047e-08,8.4792845e-07
id15820,0.99823254,4.3153527e-06,0.00176318
id10698,0.99999964,2.1646157e-08,3.912549e-07
id15530,0.0013444218,0.98212045,0.016535101
id10740,0.9999999,1.3759139e-08,1.0780209e-07
id24917,8.817058e-07,3.52091e-07,0.9999988
id07985,9.1682887e-07,3.646893e-07,0.9999987
id15897,0.99999905,4.23811e-08,8.7826845e-07
id07960,0.00026732078,0.00023134683,0.99950135
id15529,0.99991155,7.872059e-07,8.767399e-05
id17855,0.0004345223,0.9989716,0.0005939216
id24727,0.9999999,1.9479439e-08,1.5685112e-07
id14835,0.9999993,3.0170327e-08,6.5779295e-07
id25557,9.740548e-07,4.164882e-07,0.99999857
id18605,8.6296484e-07,3.4528094e-07,0.9999988
id27760,0.9999999,1.866016e-08,1.6119918e-07
id10042,8.5291106e-07,3.4125833e-07,0.9999988
id12074,1.8962071e-05,0.9999771,3.9669108e-06
id19511,0.99953467,1.1766853e-06,0.00046416515
id21924,0.9999997,2.3362897e-07,8.66214e-08
id13095,0.99973375,8.644229e-07,0.0002653021
id11873,8.88621e-07,3.4935098e-07,0.9999988
id23651,3.770962e-05,0.9999515,1.0825109e-05
id09931,9.043794e-07,3.5071832e-07,0.99999875
id05155,4.1254498e-05,6.025088e-06,0.99995273
id17668,0.99999994,1.565217e-08,7.734422e-08
id03470,0.9999999,1.0549497e-08,1.2263386e-07
id02208,1.0,1.2725124e-08,5.8610983e-08
id07650,3.6250505e-08,1.0,1.09697424e-08
id24472,0.9999997,6.4876424e-08,2.4869678e-07
id21211,4.600428e-08,0.99999994,1.4703852e-08
id11030,0.99999636,3.0654503e-06,5.7149873e-07
id00943,3.996922e-08,1.0,1.2285529e-08
id19156,8.9209897e-07,3.576356e-07,0.9999988
id22886,8.6973324e-07,3.4935098e-07,0.9999988
id00992,3.7694562e-08,1.0,1.1541187e-08
id27547,0.9999925,1.5684995e-07,7.3392557e-06
id24073,0.9999999,2.4720693e-08,9.366007e-08
id05452,0.9999995,3.1249876e-08,4.2139803e-07
id22492,4.02827e-08,1.0,1.2527839e-08
id11981,0.99999976,2.4432687e-08,2.4579936e-07
id15552,4.1399378e-08,1.0,1.2875124e-08
id04471,8.61281e-07,3.4393483e-07,0.9999988
id09231,2.1655143e-05,0.9999667,1.1704911e-05
id12493,0.9999995,2.6418025e-08,5.2855154e-07
id24967,0.99999166,7.9177724e-08,8.300232e-06
id05865,9.1147257e-07,3.6468933e-07,0.99999875
id04811,0.9999232,1.3131975e-06,7.5433105e-05
id19877,8.6973324e-07,3.47989e-07,0.9999988
id04024,3.8739493e-08,1.0,1.1907543e-08
id00395,8.903583e-07,3.576356e-07,0.9999988
id22728,3.1808796e-07,0.9999996,1.07381766e-07
id01268,0.9999995,4.5114458e-08,3.6468958e-07
id08896,0.99999523,1.1701751e-07,4.6651276e-06
id09971,0.99990255,3.00046e-05,6.748447e-05
id26606,8.6973324e-07,3.47989e-07,0.9999988
id27970,3.1080224e-05,1.5174639e-06,0.9999674
id25259,0.99999994,1.0467402e-08,7.294255e-08
id13834,8.6296484e-07,3.4528094e-07,0.9999988
id19513,8.990958e-07,3.6326753e-07,0.99999875
id16082,5.5826155e-07,0.9999992,2.2911009e-07
id22180,8.7313725e-07,3.4663233e-07,0.9999988
id20498,0.9999886,8.0279403e-07,1.0595412e-05
id27595,8.596005e-07,3.4393483e-07,0.9999988
id08267,0.0031610404,2.5886582e-05,0.99681306
id12823,0.9999999,2.2684983e-08,1.6437855e-07
id18842,1.5534965e-06,0.9999976,8.347812e-07
id17534,0.9999881,2.1271914e-07,1.1728045e-05
id05777,0.999983,8.832837e-08,1.689829e-05
id21689,0.00097637024,0.99899584,2.7724553e-05
id18114,6.5130365e-08,0.99999994,2.1477714e-08
id17707,9.168289e-07,3.6326753e-07,0.99999875
id22956,3.6677815e-08,1.0,1.11424905e-08
id27834,8.6296484e-07,3.4528094e-07,0.9999988
id11377,9.007201e-08,0.9999999,3.1128057e-08
id08333,0.9999843,1.3367665e-05,2.341171e-06
id07445,0.99999964,3.1866225e-08,3.5346935e-07
id22703,0.9999951,1.5562972e-07,4.7478557e-06
id09468,5.3365905e-08,0.99999994,1.7461257e-08
id19397,8.714336e-07,3.4935098e-07,0.9999988
id07977,0.99999976,2.4624315e-08,2.4104517e-07
id14555,8.61281e-07,3.4528094e-07,0.9999988
id02489,9.1503995e-07,3.6326753e-07,0.99999875
id10445,0.999997,1.17475714e-07,2.846176e-06
id02058,8.579232e-07,3.4663233e-07,0.9999988
id23101,0.99997234,1.0388757e-06,2.663643e-05
id18072,0.00016599205,0.000279618,0.9995544
id21085,9.043794e-07,3.5071832e-07,0.99999875
id16584,8.663425e-07,3.4393483e-07,0.9999988
id23136,8.6296484e-07,3.4663233e-07,0.9999988
id17745,8.9734147e-07,3.6185128e-07,0.99999875
id27391,0.99999845,6.852308e-08,1.4765789e-06
id17240,3.8891116e-08,1.0,1.1907543e-08
id11708,0.9999994,6.214779e-08,5.244383e-07
id08712,3.8739493e-08,1.0,1.1907543e-08
id23809,0.0023105924,6.6937224e-05,0.9976225
id07274,0.9999999,2.5806063e-08,1.6057074e-07
id15625,8.0919206e-05,0.99981576,0.00010329531
id22815,0.9999959,3.815013e-06,3.107183e-07
id23200,0.999847,1.8517643e-06,0.00015118172
id04369,5.886247e-05,1.3630543e-05,0.9999275
id04659,0.999999,6.5898035e-08,9.797793e-07
id05051,8.579232e-07,3.4663233e-07,0.9999988
id07815,0.0005278413,0.99626076,0.0032113916
id27535,0.9999999,1.2095058e-08,9.29312e-08
id11916,8.7484426e-07,3.47989e-07,0.9999988
id07097,9.818799e-05,0.99988896,1.2854331e-05
id24599,0.99999976,3.2494732e-08,1.9293013e-07
id03434,8.851566e-07,3.5071832e-07,0.9999988
id01685,3.822836e-05,0.9999421,1.9678275e-05
id23165,0.99999964,5.50599e-08,3.1933294e-07
id08601,7.1682183e-07,0.99999905,2.4966997e-07
id19593,0.9999995,2.8788731e-08,5.0632144e-07
id04582,8.955906e-07,3.5624132e-07,0.99999875
id25659,7.986775e-05,8.627683e-08,0.99992007
id08590,8.851566e-07,3.5071832e-07,0.9999988
id21959,8.851566e-07,0.9999988,3.1561234e-07
id21373,0.99999976,2.2952385e-08,2.4104517e-07
id12581,8.5124685e-07,3.4259398e-07,0.9999988
id05240,0.9999987,3.1071914e-07,1.0308183e-06
id25188,8.6296484e-07,3.4393483e-07,0.9999988
id15719,4.321703e-08,1.0,1.3598841e-08
id17546,0.0014000561,1.7684448e-05,0.99858224
id18546,0.99999696,8.233224e-08,2.9827665e-06
id16043,0.0001645843,9.078981e-06,0.9998264
id05236,0.9999998,1.8015536e-08,1.7912959e-07
id01665,0.9999999,1.0715628e-08,1.4005228e-07
id12811,0.99999756,7.5848064e-08,2.3687992e-06
id11468,8.6465207e-07,3.4528094e-07,0.9999988
id20311,0.9999988,4.1724025e-08,1.1321326e-06
id04045,8.6465207e-07,3.4393483e-07,0.9999988
id02671,8.596005e-07,3.4663233e-07,0.9999988
id19889,3.6677815e-08,1.0,1.11424905e-08
id10371,5.5275418e-08,0.99999994,1.8086048e-08
id13583,1.2931089e-05,3.8902076e-06,0.9999832
id11070,0.9999373,6.1567574e-05,1.1634448e-06
id13087,3.9196145e-08,1.0,1.2047906e-08
id21670,8.61281e-07,3.4528094e-07,0.9999988
id16432,5.1724008e-08,0.99999994,1.6661648e-08
id13899,0.99999994,1.522998e-08,8.937108e-08
id02925,4.02827e-08,1.0,1.2430347e-08
id27528,3.8138893e-08,1.0,1.1722934e-08
id15950,0.99999934,6.589806e-08,6.059872e-07
id07604,0.9999999,1.10557785e-08,1.637377e-07
id12682,0.9999993,4.0598614e-08,6.475948e-07
id16688,0.00017605127,0.999796,2.7964377e-05
id24150,3.7694562e-08,1.0,1.14961916e-08
id04599,8.6973324e-07,3.5071832e-07,0.9999988
id05609,3.9196145e-08,1.0,1.2000935e-08
id27242,8.851566e-07,3.5071832e-07,0.9999988
id03464,0.0040328717,0.0023870652,0.99358004
id20129,8.545785e-07,3.4125833e-07,0.9999988
id07890,3.5688494e-08,1.0,1.0715629e-08
id24082,0.99998236,1.4225527e-07,1.7537144e-05
id18550,8.545785e-07,3.4125833e-07,0.9999988
id13345,8.7313725e-07,3.4935098e-07,0.9999988
id21162,0.0013107241,0.9985675,0.000121797326
id05896,8.7484426e-07,3.47989e-07,0.9999988
id00549,8.7313725e-07,3.47989e-07,0.9999988
id19986,8.61281e-07,3.4663233e-07,0.9999988
id12287,8.6973324e-07,3.4935098e-07,0.9999988
id21149,8.7484426e-07,3.47989e-07,0.9999988
id15937,3.7255408e-08,1.0,1.131796e-08
id18043,0.9999994,8.594728e-08,5.203571e-07
id19288,0.99939024,0.000586675,2.3083529e-05
id16304,8.596005e-07,3.4528094e-07,0.9999988
id03605,0.99999976,4.476339e-08,1.9673534e-07
id00126,2.988947e-05,5.704505e-06,0.9999644
id11734,9.683641e-07,3.958665e-07,0.9999987
id20670,4.727957e-08,0.99999994,1.5111459e-08
id02266,8.6973324e-07,3.4935098e-07,0.9999988
id06651,5.5608507e-07,0.9999992,2.2119536e-07
id12969,0.999959,1.729344e-07,4.0853836e-05
id15664,1.4060042e-07,0.9999998,5.4631435e-08
id09699,1.0781802e-06,4.4857543e-07,0.99999845
id07426,8.61281e-07,3.4528094e-07,0.9999988
id12040,3.8739493e-08,1.0,1.1814879e-08
id22961,0.99999905,1.1430724e-07,8.6803635e-07
id23971,4.5114483e-08,1.0,1.4140557e-08
id21433,0.9999968,1.0246412e-07,3.0774493e-06
id12028,3.711016e-08,1.0,1.1273835e-08
id15673,9.895284e-06,0.99998516,4.956263e-06
id18681,8.7313725e-07,3.4663233e-07,0.9999988
id21339,0.99442,0.0054353895,0.00014460088
id23755,0.002424714,8.264568e-05,0.9974927
id10369,8.6296484e-07,3.4393483e-07,0.9999988
id03917,8.817058e-07,3.52091e-07,0.9999988
id17078,0.0052658804,0.72279334,0.2719408
id10873,0.99999905,8.6621334e-08,9.168292e-07
id21158,0.99999976,1.2725121e-08,2.4676137e-07
id16491,0.9999999,2.114473e-08,1.00875866e-07
id23930,3.5828176e-08,1.0,1.0757569e-08
id16048,3.7255408e-08,1.0,1.1362257e-08
id10070,0.99999976,2.7150367e-08,2.5162834e-07
id24962,0.99999005,3.0351876e-07,9.647246e-06
id27787,0.99999964,1.5349425e-08,3.320537e-07
id16840,3.5763586e-07,0.9999995,1.4393461e-07
id01994,0.9999997,2.0494172e-08,3.1071949e-07
id10756,8.6465207e-07,3.4393483e-07,0.9999988
id16697,0.0016918422,0.00036056593,0.99794763
id19603,1.9036286e-05,0.999977,3.998023e-06
id03903,0.99999964,3.040697e-08,2.9998552e-07
id20992,0.99998593,2.6314675e-08,1.4064044e-05
id15687,3.8288164e-08,1.0,1.1631705e-08
id19769,2.2467877e-07,0.99999964,9.113373e-08
id06048,6.0018338e-06,0.999992,1.986941e-06
id25098,3.8739493e-08,1.0,1.186112e-08
id16091,0.9999732,2.2212163e-05,4.5837387e-06
id27192,0.99987185,1.0168439e-05,0.00011797356
id05897,8.851566e-07,3.52091e-07,0.9999988
id00828,0.40200058,0.5149203,0.08307912
id20605,0.9999981,4.3726374e-08,1.8885722e-06
id05872,0.00021443421,0.99975806,2.7529788e-05
id00761,0.99999994,1.2381886e-08,6.8256035e-08
id19573,0.00091760076,0.000641841,0.99844056
id03081,8.596005e-07,3.4528094e-07,0.9999988
id04887,8.990958e-07,3.6185128e-07,0.99999875
id17700,8.61281e-07,3.4393483e-07,0.9999988
id03250,0.9999712,3.0232974e-07,2.8465276e-05
id21027,3.6250505e-08,1.0,1.0884375e-08
id19567,0.99999994,2.7363315e-08,6.8256035e-08
id05661,8.6973324e-07,3.4935098e-07,0.9999988
id27405,0.99999976,4.4241883e-08,1.5932115e-07
id01546,3.682137e-08,1.0,1.11424905e-08
id02288,3.6109178e-08,1.0,1.0884375e-08
id11057,8.6465207e-07,3.4528094e-07,0.9999988
id09191,6.879137e-08,0.99999994,2.3132406e-08
id19074,8.6465207e-07,3.4528094e-07,0.9999988
id25012,0.9999987,5.052576e-08,1.2289182e-06
id24857,4.0917058e-08,1.0,1.2675514e-08
id07557,8.7655457e-07,3.5485246e-07,0.9999988
id23072,0.99999994,1.4085428e-08,8.73008e-08
id20317,0.9998328,8.5778083e-07,0.00016636291
id16642,0.9999999,1.8806512e-08,1.3208188e-07
id04211,8.6296484e-07,3.4528094e-07,0.9999988
id22871,3.682137e-08,1.0,1.11424905e-08
id16178,8.545785e-07,3.4125833e-07,0.9999988
id25172,8.680362e-07,3.4935098e-07,0.9999988
id15654,3.426826e-05,6.7742308e-06,0.999959
id26067,0.99999976,3.740121e-08,1.9068243e-07
id11955,9.204173e-07,3.7043236e-07,0.9999987
id24939,8.596005e-07,3.4528094e-07,0.9999988
id07378,0.99999917,4.3555946e-08,7.600781e-07
id22455,4.832518e-05,0.9999421,9.553036e-06
id12850,9.645889e-07,3.9741587e-07,0.9999987
id12403,0.9999999,1.2095058e-08,1.0822401e-07
id11593,7.9488274e-08,0.99999994,2.7470413e-08
id27776,0.999998,5.7928027e-08,1.9108338e-06
id14497,8.61281e-07,3.4393483e-07,0.9999988
id24628,9.276361e-07,3.7626577e-07,0.9999987
id11283,9.258261e-07,3.6898814e-07,0.9999987
id00459,0.9999999,2.2073097e-08,1.2751904e-07
id11310,9.439466e-08,0.9999999,3.1866232e-08
id05177,3.6677815e-08,1.0,1.1055779e-08
id22598,3.9658172e-08,1.0,1.2237633e-08
id05214,0.0019964883,1.145585e-05,0.99799204
id22797,0.99995494,5.453053e-07,4.4519813e-05
id15832,1.0188088e-06,3.9741582e-07,0.99999857
id00479,6.58981e-08,0.99999994,2.1901323e-08
id05840,8.680362e-07,3.5071832e-07,0.9999988
id27489,8.61281e-07,3.4393483e-07,0.9999988
id03281,3.6677815e-08,1.0,1.11424905e-08
id27046,0.0067139277,8.341688e-06,0.9932777
id09213,8.5291106e-07,3.4259398e-07,0.9999988
id18775,0.9999988,3.1249854e-08,1.141012e-06
id09731,0.99997884,9.044965e-06,1.2123878e-05
id25031,0.9999974,5.9533818e-08,2.5612821e-06
id11945,0.9999888,1.5807954e-07,1.1082232e-05
id20286,0.99999976,3.3395523e-08,1.5321764e-07
id27960,8.5291106e-07,3.4259398e-07,0.9999988
id13206,8.6296484e-07,3.4393483e-07,0.9999988
id09964,8.955906e-07,3.5624132e-07,0.99999875
id16811,0.06432239,0.92444265,0.01123501
id08948,0.9999991,6.1073996e-07,3.269055e-07
id17636,8.6296484e-07,3.4393483e-07,0.9999988
id14046,1.3393809e-05,1.4311303e-06,0.9999852
id22873,0.9999995,3.100669e-08,3.6611695e-07
id09962,8.596005e-07,3.4528094e-07,0.9999988
id26474,0.99999964,1.8370855e-08,4.0210085e-07
id11898,4.7650392e-08,0.99999994,1.4935406e-08
id25477,0.9999999,1.4140555e-08,1.637377e-07
id25457,0.9999268,1.4505295e-07,7.311254e-05
id26675,8.596005e-07,3.4528094e-07,0.9999988
id04422,8.9384315e-07,3.5624132e-07,0.9999988
id04237,1.0010565e-06,4.1975477e-07,0.99999857
id07049,8.3478216e-07,0.9999988,3.618513e-07
id18211,0.9999977,3.1684723e-07,2.0025363e-06
id16033,1.669671e-07,0.99999976,6.070815e-08
id16680,0.99999976,2.1144727e-08,2.2644099e-07
id08977,4.075754e-08,1.0,1.2675514e-08
id18494,3.6109178e-08,1.0,1.0884375e-08
id07714,8.596005e-07,3.4528094e-07,0.9999988
id01243,0.99999964,1.397581e-08,3.9432354e-07
id18562,3.6677815e-08,1.0,1.11424905e-08
id03147,8.5291106e-07,3.4125833e-07,0.9999988
id24138,0.99999213,9.5506614e-08,7.751796e-06
id21062,0.99996626,4.5207904e-07,3.3279113e-05
id25053,8.9209897e-07,3.5624132e-07,0.9999988
id14390,9.385708e-07,3.7043236e-07,0.9999987
id10122,9.132545e-07,3.6468933e-07,0.99999875
id13160,4.7664325e-06,0.99999374,1.5056946e-06
id00780,6.263526e-08,0.99999994,2.0654916e-08
id20996,0.99992824,2.2820066e-07,7.1558614e-05
id16008,0.9999826,2.8684574e-06,1.4595708e-05
id10522,3.711016e-08,1.0,1.131796e-08
id18498,2.7108748e-05,1.9637512e-06,0.9999709
id09341,3.6677815e-08,1.0,1.1099051e-08
id22456,0.9994129,0.0005669742,2.0134268e-05
id07592,4.02827e-08,1.0,1.2478998e-08
id25634,0.9999999,1.659669e-08,9.625642e-08
id15011,0.9999997,7.614509e-08,2.5961586e-07
id14245,0.9999971,1.8409472e-07,2.7158403e-06
id21107,0.9971471,2.4465646e-06,0.0028504487
id01881,0.9999951,3.9825086e-06,9.20414e-07
id12772,0.99855,6.4918714e-07,0.0014493975
id17589,0.99999976,1.773623e-08,2.2555817e-07
id24421,8.545785e-07,3.4125833e-07,0.9999988
id22088,8.851566e-07,3.604406e-07,0.9999988
id21687,1.0148369e-06,4.1324708e-07,0.99999857
id17810,8.6296484e-07,3.4393483e-07,0.9999988
id25153,3.8288164e-08,1.0,1.167723e-08
id18083,0.9999988,3.2946937e-07,8.446223e-07
id00655,0.99999964,2.3588646e-08,3.8669663e-07
id13195,0.999999,1.12975506e-07,8.9909605e-07
id23708,3.6250505e-08,1.0,1.0926976e-08
id17977,9.0085354e-07,3.6044057e-07,0.99999875
id10501,4.075754e-08,1.0,1.2675514e-08
id08697,7.734422e-08,0.99999994,2.6521434e-08
id09269,3.5135194e-08,1.0,1.0549498e-08
id21153,0.99999994,1.2976104e-08,8.937108e-08
id06257,0.999995,6.1552754e-07,4.4601975e-06
id08366,9.026148e-07,3.6044057e-07,0.99999875
id00263,0.99999917,6.000086e-08,7.5122296e-07
id14445,0.005265945,3.839657e-06,0.99473023
id18864,8.61281e-07,3.4528094e-07,0.9999988
id18427,9.913284e-07,3.7921689e-07,0.9999987
id24348,8.6296484e-07,3.4528094e-07,0.9999988
id17329,0.99999976,3.0052718e-08,1.2263385e-07
id07519,4.646265e-07,0.99999934,2.0698374e-07
id17995,8.6465207e-07,3.4528094e-07,0.9999988
id25329,0.9999999,2.6521432e-08,1.2554204e-07
id14513,0.99999964,1.7983064e-07,1.7361832e-07
id10203,3.5008497e-06,0.9999951,1.4255651e-06
id25887,0.9999994,2.358864e-08,5.9892733e-07
id08186,0.9997881,1.1955184e-06,0.00021070412
id20535,4.2713538e-08,1.0,1.3283825e-08
id06411,8.61281e-07,3.4528094e-07,0.9999988
id11984,0.99999917,4.9548525e-08,8.09099e-07
id16389,4.984715e-07,0.9999993,2.118922e-07
id23333,0.9999999,1.3975813e-08,1.6057074e-07
id19447,0.00089751877,0.0003298564,0.9987727
id01461,0.9999988,8.446223e-07,3.6611672e-07
id25601,3.8588464e-08,1.0,1.1814879e-08
id04803,0.00043731654,0.99952185,4.0835977e-05
id19029,3.8739493e-08,1.0,1.186112e-08
id11507,0.00032249445,3.966157e-05,0.99963784
id13246,3.4842116e-05,4.3475953e-07,0.9999647
id26927,8.834295e-07,3.5071832e-07,0.9999988
id12423,0.9999997,6.1905524e-08,2.2380286e-07
id09601,5.013263e-08,0.99999994,1.6149023e-08
id23100,9.240196e-07,3.7773847e-07,0.9999987
id21939,0.9999999,1.2285527e-08,9.970063e-08
id16139,8.596005e-07,3.4528094e-07,0.9999988
id27334,0.9999999,1.602335e-08,1.2702189e-07
id22326,8.545785e-07,3.4125833e-07,0.9999988
id18527,8.5291106e-07,3.4259398e-07,0.9999988
id05072,8.545785e-07,3.4125833e-07,0.9999988
id21820,3.5828176e-08,1.0,1.0757569e-08
id13960,0.999937,2.585875e-07,6.278187e-05
id03958,0.9999997,1.3545821e-08,2.9998554e-07
id10849,0.9678585,0.025918804,0.0062227435
id06252,0.99992484,1.884468e-07,7.499254e-05
id26045,0.99999994,9.605428e-09,8.902265e-08
id04849,4.38976e-08,1.0,1.37591405e-08
id05215,4.0769487e-06,0.9999945,1.4089558e-06
id22830,0.9999057,7.455298e-05,1.9677558e-05
id21325,4.0917058e-08,1.0,1.2675514e-08
id09287,8.7484426e-07,3.4663233e-07,0.9999988
id24354,3.6264955e-05,0.99995065,1.3108668e-05
id06784,6.538527e-08,0.99999994,2.6729445e-08
id03848,5.4121716e-05,2.2164859e-06,0.9999437
id01410,0.0009716202,2.6662601e-05,0.99900174
id00874,0.9664606,1.3699142e-05,0.0335257
id00784,8.6465207e-07,3.4393483e-07,0.9999988
id19909,3.711016e-08,1.0,1.1273835e-08
id18906,7.380237e-08,0.99999994,2.481745e-08
id18748,8.61281e-07,3.4528094e-07,0.9999988
id04654,0.9999962,2.9023095e-06,9.312644e-07
id07608,0.9999991,2.0298025e-07,7.0847074e-07
id10845,4.02827e-08,1.0,1.2527839e-08
id10718,8.6296484e-07,3.4393483e-07,0.9999988
id19100,3.8588464e-08,1.0,1.1814879e-08
id10416,0.99999964,3.9658158e-08,2.941833e-07
id02535,3.711016e-08,1.0,1.1273835e-08
id23920,8.596005e-07,3.4393483e-07,0.9999988
id16226,2.7052495e-06,0.9999961,1.2145978e-06
id09196,3.486177e-08,1.0,1.0385944e-08
id03368,0.00035823195,0.0003776301,0.9992642
id27373,1.1145801e-06,5.0042195e-07,0.99999833
id11497,0.99997604,5.474511e-07,2.341501e-05
id07640,0.36170647,0.6372992,0.0009943645
id22416,3.6677815e-08,1.0,1.1055779e-08
id20303,3.9349555e-08,1.0,1.209506e-08
id13811,8.5291106e-07,3.4125833e-07,0.9999988
id04365,3.7694562e-08,1.0,1.1541187e-08
id00199,8.834295e-07,3.52091e-07,0.9999988
id24884,0.99999994,1.1451372e-08,8.696045e-08
id06763,3.8739493e-08,1.0,1.186112e-08
id18275,0.0028434915,1.1809464e-05,0.99714476
id20971,0.9998658,3.40598e-06,0.00013083934
id01581,8.596005e-07,3.4528094e-07,0.9999988
id24805,8.868871e-07,3.5071832e-07,0.9999988
id07950,4.424189e-08,1.0,1.3975815e-08
id26346,8.9384304e-07,3.6611667e-07,0.9999987
id24046,0.99958295,9.529548e-07,0.00041609502
id05548,3.8288164e-08,1.0,1.167723e-08
id17433,0.9999999,1.10557785e-08,1.3156694e-07
id18712,0.32167044,8.1441385e-06,0.6783214
id21128,8.596005e-07,3.4528094e-07,0.9999988
id02906,9.1682887e-07,3.7188215e-07,0.9999987
id22201,3.8288164e-08,1.0,1.1631705e-08
id08614,1.1610741e-07,0.9999999,4.205132e-08
id22484,3.8138893e-08,1.0,1.167723e-08
id16291,1.3109106e-05,0.999984,2.8572786e-06
id26869,0.00023550924,0.9997553,9.149538e-06
id18062,3.6677815e-08,1.0,1.1099051e-08
id27078,0.9999999,1.51706e-08,1.5441937e-07
id02756,8.782683e-07,3.5346903e-07,0.9999988
id03454,9.5335116e-07,3.8368697e-07,0.9999987
id02195,8.579232e-07,3.4663233e-07,0.9999988
id27418,3.6677815e-08,1.0,1.1099051e-08
id02733,0.99999976,3.9813383e-08,1.9293013e-07
id15677,0.99999905,3.4321257e-08,8.545787e-07
id08204,0.9999999,1.9786194e-08,1.5262032e-07
id11529,0.9999789,2.0027977e-05,1.0760555e-06
id14000,8.7313725e-07,3.47989e-07,0.9999988
id11866,0.9999999,2.0494175e-08,1.4792468e-07
id14084,6.7602747e-07,0.9999991,2.2119534e-07
id17826,8.6973324e-07,3.4935098e-07,0.9999988
id07289,8.61281e-07,3.4393483e-07,0.9999988
id05102,0.99999905,6.6155955e-08,8.7484443e-07
id14779,0.99997735,1.5684758e-07,2.2518025e-05
id19144,4.1399378e-08,1.0,1.2875124e-08
id12372,3.711016e-08,1.0,1.1229883e-08
id05673,3.527271e-08,1.0,1.0590788e-08
id07343,9.0969405e-07,3.5624132e-07,0.99999875
id10390,6.5012927e-07,0.99999917,2.2119535e-07
id27323,8.596005e-07,3.4528094e-07,0.9999988
id26483,0.9999998,6.615601e-08,1.2603341e-07
id07690,0.9999652,3.3144386e-06,3.1446518e-05
id22766,0.99992067,3.256055e-07,7.905302e-05
id10289,0.9999999,2.114473e-08,1.3680797e-07
id22243,3.8138893e-08,1.0,1.1631705e-08
id24509,0.00069185876,0.9992621,4.6080848e-05
id02407,1.0864758e-07,0.9999999,3.769456e-08
id08746,8.596005e-07,3.4663233e-07,0.9999988
id12854,0.9999989,3.1315625e-07,7.934493e-07
id25598,8.714336e-07,3.4935098e-07,0.9999988
id16973,8.61281e-07,3.4528094e-07,0.9999988
id20066,8.596005e-07,3.4528094e-07,0.9999988
id25966,6.3373584e-08,0.99999994,2.089839e-08
id21599,8.6296484e-07,3.4528094e-07,0.9999988
id17112,0.99999857,1.2263371e-07,1.3444404e-06
id01775,3.7255408e-08,1.0,1.1273835e-08
id08484,8.5624924e-07,3.4935098e-07,0.9999988
id12094,3.8739493e-08,1.0,1.1907543e-08
id25422,8.817058e-07,3.52091e-07,0.9999988
id25063,3.6250505e-08,1.0,1.0926976e-08
id25508,8.545785e-07,3.4125833e-07,0.9999988
id01575,0.0034416707,1.5635553e-05,0.9965427
id24368,8.596005e-07,3.4528094e-07,0.9999988
id16823,4.6728744e-08,0.99999994,1.5052546e-08
id22747,3.9813393e-08,1.0,1.2285529e-08
id19321,8.579232e-07,3.4663233e-07,0.9999988
id08220,3.711016e-08,1.0,1.1229883e-08
id12296,0.9999821,4.2635796e-07,1.7468767e-05
id11186,0.99999994,1.1586358e-08,8.428495e-08
id10551,3.7255408e-08,1.0,1.131796e-08
id20839,0.99999785,2.391689e-07,1.9183126e-06
id06118,0.99999857,1.5025395e-07,1.1957701e-06
id06330,7.9344926e-07,0.99999887,3.6611675e-07
id02669,3.2058279e-07,0.9999996,1.3734338e-07
id14811,0.99999994,1.2333612e-08,6.047149e-08
id04728,0.9999994,4.4588862e-08,5.8277226e-07
id16646,9.1147257e-07,3.5624132e-07,0.99999875
id13018,3.6677815e-08,1.0,1.11424905e-08
id15248,0.99999976,4.2547004e-08,1.456313e-07
id23476,2.0661023e-06,0.999997,9.1682733e-07
id09208,3.6677815e-08,1.0,1.11424905e-08
id19351,0.9999993,5.1321454e-08,6.526739e-07
id02009,0.97225595,1.4727524e-05,0.027729318
id00785,0.9997588,5.2226795e-07,0.0002406246
id07975,0.048138008,0.9514231,0.0004388131
id17892,6.681515e-07,0.99999905,3.0470943e-07
id03299,0.0013864435,3.6285954e-05,0.9985773
id15351,7.351464e-08,0.99999994,2.4914582e-08
id11066,0.99999964,1.0246441e-07,2.8849325e-07
id20485,5.7253256e-08,0.99999994,1.9028201e-08
id13866,0.9999999,1.6531985e-08,9.7011366e-08
id17335,3.8138893e-08,1.0,1.167723e-08
id15220,0.9999989,5.132144e-08,1.0148373e-06
id24047,0.99999976,4.338617e-08,1.357433e-07
id15180,7.467233e-08,0.99999994,2.621245e-08
id16921,8.834295e-07,3.52091e-07,0.9999988
id17207,8.6465207e-07,3.4393483e-07,0.9999988
id15068,0.99999934,6.746078e-08,5.965923e-07
id22013,0.99999976,3.352623e-08,2.2555817e-07
id11929,0.999949,1.1035292e-07,5.0942315e-05
id12540,3.6109178e-08,1.0,1.0884375e-08
id12582,0.9974452,0.0025224148,3.2362976e-05
id05261,0.77038664,0.2290641,0.0005492502
id08471,0.99999976,2.3960116e-08,2.6577248e-07
id15209,1.6762061e-07,0.99999976,6.11843e-08
id01148,0.99999505,1.1726377e-06,3.7705631e-06
id26519,8.61281e-07,3.4393483e-07,0.9999988
id16510,0.99999964,1.6596687e-08,3.7626612e-07
id03888,3.711016e-08,1.0,1.1273835e-08
id27926,0.99997944,1.3363608e-07,2.0462932e-05
id05359,0.99799144,3.2566122e-06,0.0020052802
id04274,0.9999993,1.0009079e-07,6.3755476e-07
id21013,9.952081e-07,4.2304694e-07,0.99999857
id11443,8.680362e-07,3.5071832e-07,0.9999988
id09956,0.9999989,6.312644e-08,1.0429695e-06
id03138,4.729343e-06,0.9999944,9.132505e-07
id08516,0.9999999,2.8453345e-08,1.6057074e-07
id08608,8.596005e-07,3.4528094e-07,0.9999988
id04629,8.663425e-07,3.52091e-07,0.9999988
id19808,0.9999417,5.755592e-05,6.920192e-07
id16578,2.5766547e-05,1.590297e-06,0.9999727
id04607,6.538527e-08,0.99999994,2.1477714e-08
id22816,3.8138893e-08,1.0,1.167723e-08
id27913,0.9999991,6.825598e-08,8.25057e-07
id00346,9.3126675e-07,3.646893e-07,0.9999987
id02198,3.6109178e-08,1.0,1.0884375e-08
id27303,0.99999994,2.0255413e-08,7.614511e-08
id07033,8.903583e-07,3.5624132e-07,0.9999988
id03546,1.0677024e-06,0.9999985,4.2636495e-07
id14709,0.9999999,1.692403e-08,1.336388e-07
id25348,0.99999917,2.5705438e-08,8.3152804e-07
id19596,8.7313725e-07,3.47989e-07,0.9999988
id12265,9.459321e-07,3.7773847e-07,0.9999987
id01054,0.9999995,3.100669e-08,4.3139124e-07
id03002,8.596005e-07,3.4528094e-07,0.9999988
id25624,0.9999999,1.4030514e-08,1.5746501e-07
id16202,0.9999981,5.496059e-07,1.3763222e-06
id08187,4.9847154e-07,0.99999934,1.7226714e-07
id24373,0.001188815,0.00021004333,0.99860114
id06415,0.00035752222,0.00040830323,0.9992342
id09078,0.00038370478,0.99959743,1.8917888e-05
id25989,0.9999566,1.3520825e-07,4.3319033e-05
id05431,0.99999976,2.2862903e-08,2.4579936e-07
id16557,4.3555982e-08,1.0,1.3705499e-08
id22749,0.9999999,1.5960879e-08,9.892475e-08
id00697,8.6296484e-07,3.4528094e-07,0.9999988
id22969,0.9999995,3.0525975e-08,4.5921354e-07
id07440,8.61281e-07,3.4528094e-07,0.9999988
id19872,8.955906e-07,3.5485246e-07,0.99999875
id06054,0.9999995,6.5898064e-08,4.4682707e-07
id27862,0.9825051,2.1863552e-06,0.017492728
id27186,0.12597707,0.87360066,0.00042225653
id01617,8.714336e-07,3.4935098e-07,0.9999988
id11922,3.7694562e-08,1.0,1.1451373e-08
id15003,1.5628291e-05,0.9999784,5.9783533e-06
id09458,9.3491167e-07,3.7333766e-07,0.9999987
id03568,0.9999999,2.7044523e-08,1.7635244e-07
id27132,0.99999976,1.5713429e-08,2.4388655e-07
id24204,0.00083843543,0.00012621451,0.99903536
id24736,0.9997794,6.7061916e-07,0.00021995322
id06990,3.5135194e-08,1.0,1.0549498e-08
id24155,1.7195634e-06,0.9999974,9.2401837e-07
id22129,8.545785e-07,3.4125833e-07,0.9999988
id00191,8.7313725e-07,3.4935098e-07,0.9999988
id05185,0.99999774,5.1121294e-08,2.1737326e-06
id13399,0.99909866,0.00032106385,0.0005802372
id20862,0.9999994,1.16561786e-07,4.5921348e-07
id06180,0.9999999,2.947145e-08,1.4792468e-07
id27225,0.9999986,1.0949959e-07,1.2580612e-06
id09447,2.2427319e-06,0.99999666,1.0267976e-06
id18125,0.9999999,1.1861118e-08,1.01270686e-07
id04010,8.596005e-07,3.4393483e-07,0.9999988
id17932,0.99999976,4.2547e-08,1.9827836e-07
id17948,0.9999999,1.2527837e-08,1.1932602e-07
id18545,8.596005e-07,3.4528094e-07,0.9999988
id03389,0.9999993,1.1341773e-07,6.276704e-07
id02487,8.817058e-07,3.52091e-07,0.9999988
id04924,0.9999999,1.7598206e-08,1.00090844e-07
id23553,8.7484426e-07,3.47989e-07,0.9999988
id16831,0.99999976,2.4337432e-08,2.2644099e-07
id01296,0.9999999,1.5530363e-08,9.5881155e-08
id12033,9.168289e-07,3.6326753e-07,0.99999875
id06913,3.8288164e-08,1.0,1.167723e-08
id15715,0.00015843406,0.999828,1.3576052e-05
id23432,8.9209897e-07,3.576356e-07,0.9999988
id01152,0.99999106,1.8811962e-06,7.071882e-06
id16384,0.9999969,1.7773505e-07,2.9250746e-06
id04060,9.2221666e-07,3.7043236e-07,0.9999987
id21604,0.9999999,1.8299238e-08,1.0448536e-07
id11212,8.6296484e-07,3.4393483e-07,0.9999988
id26589,8.9384315e-07,3.5624132e-07,0.9999988
id15858,0.99999714,5.223925e-07,2.278051e-06
id02814,0.001009184,0.006947218,0.9920436
id18347,0.0014359804,3.685552e-05,0.99852717
id02517,8.596005e-07,3.4663233e-07,0.9999988
id20800,0.99999964,3.0052714e-08,2.6785693e-07
id16428,0.9999837,1.1015787e-06,1.5206823e-05
id23844,0.9999999,1.6990269e-08,1.00875866e-07
id11149,3.6109178e-08,1.0,1.0884375e-08
id12505,3.8588464e-08,1.0,1.1814879e-08
id10850,0.9999074,9.0280184e-05,2.331864e-06
id05706,0.99999857,4.935533e-08,1.3656123e-06
id23216,0.00040969672,0.00085471565,0.9987356
id16618,8.7484426e-07,3.4663233e-07,0.9999988
id04283,3.8138893e-08,1.0,1.167723e-08
id20374,8.714336e-07,3.47989e-07,0.9999988
id07227,3.6250505e-08,1.0,1.09697424e-08
id06396,0.9999999,2.3773659e-08,1.3788097e-07
id08884,0.9999999,1.381299e-08,1.3311781e-07
id10983,0.99999994,1.3545824e-08,6.142378e-08
id07296,4.075754e-08,1.0,1.2675514e-08
id17683,8.88621e-07,3.5903537e-07,0.9999988
id26473,8.7313725e-07,3.47989e-07,0.9999988
id06454,8.6465207e-07,3.4259398e-07,0.9999988
id19166,0.9999991,1.7529585e-08,9.1682926e-07
id08406,2.5261315e-07,0.99999964,1.0166702e-07
id25126,8.680362e-07,3.5071832e-07,0.9999988
id27593,0.9999995,5.463142e-08,4.5209407e-07
id24613,9.1147257e-07,3.661167e-07,0.99999875
id26586,0.99994147,3.590148e-07,5.8177513e-05
id25719,8.61281e-07,3.4663233e-07,0.9999988
id05015,0.0019032942,5.6832654e-05,0.9980399
id01594,0.99999475,5.9892454e-07,4.6742457e-06
id01522,8.88621e-07,3.576356e-07,0.9999988
id06935,0.9999999,1.4877176e-08,1.2167953e-07
id01975,8.596005e-07,3.4528094e-07,0.9999988
id20847,8.6296484e-07,3.4528094e-07,0.9999988
id24960,8.7313725e-07,3.47989e-07,0.9999988
id27808,5.77023e-08,0.99999994,1.858741e-08
id25463,0.99999994,1.79453e-08,8.561225e-08
id11367,0.9963303,3.6697202e-06,0.0036659897
id02273,9.2221666e-07,3.6898814e-07,0.9999987
id02167,0.9999999,1.2725122e-08,1.4677353e-07
id08352,3.5828176e-08,1.0,1.0799672e-08
id26928,3.7547604e-08,1.0,1.1451373e-08
id04224,0.99999994,1.2626097e-08,6.412061e-08
id00462,3.9442297e-05,0.99995315,7.410988e-06
id16591,6.3373584e-08,0.99999994,2.0735756e-08
id06982,4.02827e-08,1.0,1.2430347e-08
id24880,5.680771e-08,0.99999994,1.8514946e-08
id27479,8.9209897e-07,3.5624132e-07,0.9999988
id16556,0.9999999,2.0097783e-08,9.29312e-08
id15231,0.07113669,2.0834628e-05,0.9288425
id14694,0.9999045,7.1395976e-07,9.479752e-05
id01114,0.9999995,5.1321468e-08,4.485759e-07
id18694,0.0002840586,3.0292473e-05,0.99968565
id25551,0.9963577,2.9603252e-06,0.0036393374
id23478,8.663425e-07,3.4393483e-07,0.9999988
id22780,0.9999535,1.611917e-07,4.6293208e-05
id06602,1.4850363e-07,0.9999998,5.4206286e-08
id05176,3.527271e-08,1.0,1.0590788e-08
id15450,8.817058e-07,3.5485246e-07,0.9999988
id16956,8.596005e-07,3.4528094e-07,0.9999988
id23532,0.00017674269,0.99980944,1.3843558e-05
id22688,8.663425e-07,3.4393483e-07,0.9999988
id12898,7.499169e-05,0.9999136,1.1477908e-05
id21525,0.99999774,3.1741934e-08,2.199356e-06
id13576,0.99999833,1.1520368e-07,1.5534977e-06
id07080,9.1682887e-07,3.7333766e-07,0.9999987
id25397,0.99999857,3.5688444e-08,1.3817098e-06
id08383,0.00038817624,0.9994647,0.0001470476
id08285,0.9999997,1.766708e-08,3.205828e-07
id10323,0.9997284,1.0799963e-06,0.00027053332
id10441,4.254701e-08,1.0,1.3335816e-08
id26298,2.5120564e-05,1.760299e-06,0.9999731
id13531,2.6950294e-05,0.99996805,4.9950495e-06
id03191,0.999841,0.00015506853,3.9509073e-06
id19771,3.653482e-08,1.0,1.1099051e-08
id03275,0.9999998,2.7903003e-08,1.9596835e-07
id11616,8.990958e-07,3.6326753e-07,0.99999875
id03117,3.6677815e-08,1.0,1.1099051e-08
id08054,8.834295e-07,3.5346903e-07,0.9999988
id15303,7.2963653e-06,0.99999076,1.9791923e-06
id02470,9.043794e-07,3.5903534e-07,0.99999875
id01452,0.9999991,6.960221e-08,8.154447e-07
id11934,3.8138893e-08,1.0,1.167723e-08
id00258,1.3083532e-05,2.3966907e-06,0.9999845
id27905,0.9947197,4.103248e-06,0.005276184
id23897,3.8288164e-08,1.0,1.1722934e-08
id02334,3.4725858e-08,1.0,1.0385944e-08
id07638,0.99999976,1.5591144e-08,2.1272162e-07
id13181,1.1703536e-06,4.5386304e-07,0.9999984
id01284,0.99999976,1.3545821e-08,2.4104517e-07
id27402,0.9999999,2.414804e-08,1.1079046e-07
id14742,8.545785e-07,3.4125833e-07,0.9999988
id12370,0.0005117137,0.9964797,0.0030086585
id19048,0.9999995,3.326532e-08,3.6468958e-07
id08388,9.026148e-07,3.6044057e-07,0.99999875
id19205,0.99999994,1.6212228e-08,6.070817e-08
id04851,8.868871e-07,3.5071832e-07,0.9999988
id16478,6.204989e-05,0.99992824,9.703339e-06
id06806,3.7694562e-08,1.0,1.1451373e-08
id13659,9.589536e-07,4.0053285e-07,0.9999987
id09861,4.0598643e-08,1.0,1.26260975e-08
id05986,3.527271e-08,1.0,1.0549498e-08
id15844,7.1252835e-08,0.99999994,2.4148042e-08
id05900,0.99999964,2.3588646e-08,3.412586e-07
id20409,0.99999976,2.4817446e-08,2.5459443e-07
id08751,9.913284e-07,0.9999987,3.399278e-07
id22617,8.714336e-07,3.4663233e-07,0.9999988
id13064,8.6296484e-07,3.4393483e-07,0.9999988
id14506,8.6296484e-07,3.4393483e-07,0.9999988
id05783,8.7484426e-07,3.4935098e-07,0.9999988
id23139,8.596005e-07,3.4528094e-07,0.9999988
id04770,0.9999999,1.5289586e-08,9.113375e-08
id11775,0.9999999,1.6212226e-08,9.970063e-08
id12936,8.7313725e-07,3.47989e-07,0.9999988
id20522,3.7547604e-08,1.0,1.14961916e-08
id22929,0.9999999,1.1677228e-08,9.4026646e-08
id11357,0.0018738087,7.4414755e-05,0.99805176
id10028,3.7255408e-08,1.0,1.131796e-08
id10617,8.834295e-07,3.5346903e-07,0.9999988
id23988,1.0,1.1229883e-08,5.7477347e-08
id20434,1.0429692e-06,4.313908e-07,0.9999985
id06611,8.596005e-07,3.4528094e-07,0.9999988
id18405,5.955581e-05,0.99991894,2.15276e-05
id27427,0.9999972,1.5474393e-06,1.2679263e-06
id16168,4.254701e-08,1.0,1.3283825e-08
id02139,0.9999999,2.3132404e-08,1.5746501e-07
id18654,3.7694562e-08,1.0,1.1451373e-08
id24598,0.9999995,8.105601e-08,4.364763e-07
id23360,3.6250505e-08,1.0,1.0926976e-08
id06220,4.0917058e-08,1.0,1.2725124e-08
id26411,0.99999994,1.7325373e-08,6.6674886e-08
id27660,0.9999972,7.61449e-08,2.7158408e-06
id07192,9.294497e-07,3.6611667e-07,0.9999987
id18074,8.6296484e-07,3.4528094e-07,0.9999988
id11784,3.6250505e-08,1.0,1.0926976e-08
id04810,8.596005e-07,3.4528094e-07,0.9999988
id01716,0.9999999,1.963222e-08,1.7159564e-07
id27584,6.775001e-05,8.869527e-06,0.99992335
id25409,8.596005e-07,3.4528094e-07,0.9999988
id06430,0.99963397,1.317956e-06,0.0003647196
id11135,0.99999994,2.1062297e-08,7.614511e-08
id27712,0.99853504,0.0013816542,8.338092e-05
id27233,0.9999995,4.7464596e-08,3.7626606e-07
id13522,0.99999905,7.5257915e-08,8.7826845e-07
id11625,8.61281e-07,3.4393483e-07,0.9999988
id03246,6.772486e-08,0.99999994,2.2420698e-08
id05341,0.00018558513,0.99980015,1.4227182e-05
id22061,8.61281e-07,3.4393483e-07,0.9999988
id03170,0.9999977,7.750682e-07,1.5234492e-06
id09768,0.0009927046,2.1591684e-05,0.9989857
id20721,0.99996793,3.3859214e-07,3.1755204e-05
id14854,0.9999998,2.7685862e-08,1.9596835e-07
id01123,0.9999999,2.715037e-08,9.439466e-08
id00842,0.9999999,1.866016e-08,1.2026192e-07
id11035,0.9999853,7.7645794e-08,1.468152e-05
id19301,3.682137e-08,1.0,1.11424905e-08
id06409,1.8409521e-07,0.99999976,6.6156005e-08
id09883,0.9999998,1.7598206e-08,1.9673536e-07
id04218,0.9999912,7.8419936e-07,8.044857e-06
id25171,8.714336e-07,3.47989e-07,0.9999988
id13394,9.204173e-07,3.6185125e-07,0.9999987
id14322,0.99999994,1.1814878e-08,8.011172e-08
id17623,8.5624924e-07,3.4663233e-07,0.9999988
id16980,0.99999976,2.1477709e-08,2.0942367e-07
id22634,8.9734147e-07,3.5346903e-07,0.99999875
id03773,0.9999999,1.2430346e-08,1.02865464e-07
id20243,7.496459e-08,0.99999994,2.5907067e-08
id12135,4.8780386e-08,0.99999994,1.5591148e-08
id11727,0.99999285,6.854315e-06,3.5346693e-07
id06460,7.766935e-06,0.99999005,2.2252643e-06
id23515,0.99999964,3.813888e-08,2.9189394e-07
id16908,9.0969405e-07,3.6754963e-07,0.99999875
id10641,0.9753031,0.024267666,0.0004292279
id22637,8.596005e-07,3.4528094e-07,0.9999988
id19724,0.9999999,3.3526234e-08,1.1610741e-07
id12295,2.6737343e-06,0.9999968,5.9426486e-07
id18977,3.5838705e-06,1.1277148e-06,0.99999523
id27456,0.99999595,3.7193665e-06,3.897281e-07
id02223,0.99999964,2.4148035e-08,3.704327e-07
id06374,8.9209897e-07,3.5624132e-07,0.9999988
id13746,8.955906e-07,3.5624132e-07,0.99999875
id24107,9.387604e-05,4.0448476e-06,0.99990207
id09075,8.6296484e-07,3.4528094e-07,0.9999988
id06741,0.9999668,1.3680345e-07,3.308471e-05
id25474,0.999781,7.809779e-07,0.0002182419
id02497,0.9999999,1.23336115e-08,1.7361836e-07
id21878,0.9999999,1.2237631e-08,1.2311384e-07
id23199,8.7313725e-07,3.47989e-07,0.9999988
id12018,0.99999994,1.3921327e-08,8.832987e-08
id20722,8.7484426e-07,3.47989e-07,0.9999988
id05372,1.0246443e-07,0.9999999,3.7110155e-08
id07964,0.9999989,1.08647484e-07,9.913286e-07
id02393,8.6465207e-07,3.4528094e-07,0.9999988
id10923,0.0007915774,6.5999855e-05,0.9991424
id01260,0.99999887,2.1024314e-07,8.9909594e-07
id09037,8.7484426e-07,3.4663233e-07,0.9999988
id01477,0.0005259312,9.327285e-06,0.9994647
id11164,0.9999999,1.659669e-08,1.1341779e-07
id20313,0.9981489,1.6250405e-06,0.0018494474
id20067,8.5124685e-07,3.4259398e-07,0.9999988
id17248,0.99999976,2.6315037e-08,2.1776616e-07
id24557,8.545785e-07,3.4125833e-07,0.9999988
id26745,0.9999994,3.6109157e-08,5.4320344e-07
id16759,8.6296484e-07,3.4528094e-07,0.9999988
id22382,0.99997723,2.3823154e-07,2.2562046e-05
id18404,8.9209897e-07,3.47989e-07,0.9999988
id23761,8.5291106e-07,3.4125833e-07,0.9999988
id00511,4.075754e-08,1.0,1.2675514e-08
id15560,0.99999964,3.9658158e-08,3.1808796e-07
id04834,0.9999999,2.139398e-08,1.0822401e-07
id26796,0.9999993,2.268497e-08,7.5416324e-07
id14809,8.61281e-07,3.4393483e-07,0.9999988
id15091,0.9999928,1.4225677e-07,7.099572e-06
id14861,0.0002874104,0.99969757,1.5025358e-05
id21193,3.0894914e-06,0.99999595,9.913257e-07
id20331,3.8138893e-08,1.0,1.1631705e-08
id17847,3.6250505e-08,1.0,1.0926976e-08
id00795,0.9999999,1.1768815e-08,1.2801814e-07
id22651,0.99999905,3.124986e-08,9.34912e-07
id22803,0.9999999,1.8086046e-08,9.663316e-08
id01714,0.99999994,1.24303465e-08,8.937108e-08
id05350,8.799854e-07,3.5346903e-07,0.9999988
id08674,0.9999999,1.381299e-08,1.1886082e-07
id04427,4.1561407e-08,1.0,1.2925516e-08
id17815,3.6109178e-08,1.0,1.0884375e-08
id22270,0.9999987,1.7635223e-07,1.1589802e-06
id11183,8.834295e-07,3.52091e-07,0.9999988
id00326,0.99999964,3.0765396e-08,2.7313993e-07
id00382,0.9999999,1.6212226e-08,1.1747605e-07
id11557,8.6296484e-07,3.4528094e-07,0.9999988
id20271,0.99670225,8.703888e-06,0.0032890043
id05133,0.99999833,3.0052675e-08,1.5656818e-06
id14597,2.9649055e-07,0.99999964,1.1297558e-07
id21411,4.254701e-08,1.0,1.3335816e-08
id15375,8.7313725e-07,3.47989e-07,0.9999988
id10172,8.61281e-07,3.4528094e-07,0.9999988
id13524,0.99999887,1.8553894e-07,9.608286e-07
id26331,0.9999998,2.3866706e-08,1.869943e-07
id20167,8.6296484e-07,3.4528094e-07,0.9999988
id03249,3.6677815e-08,1.0,1.11424905e-08
id15839,0.99999964,2.0176437e-08,3.912549e-07
id27200,3.5828176e-08,1.0,1.0757569e-08
id15847,8.7313725e-07,3.4935098e-07,0.9999988
id07249,2.9649055e-07,0.99999964,1.0571698e-07
id19494,0.9999999,2.6521432e-08,1.3259883e-07
id01388,1.9520434e-07,0.99999976,7.4091204e-08
id22045,8.6296484e-07,3.4393483e-07,0.9999988
id09111,0.9999659,1.4367038e-06,3.2699227e-05
id04011,1.07381794e-07,0.9999999,3.9043325e-08
id26410,3.527271e-08,1.0,1.0590788e-08
id19614,0.000102399295,4.8599504e-06,0.9998927
id10183,4.0917058e-08,1.0,1.2675514e-08
id20388,8.9734147e-07,3.5346903e-07,0.99999875
id16498,0.9999999,1.8806512e-08,1.637377e-07
id18488,8.596005e-07,3.4528094e-07,0.9999988
id11018,5.2950607e-08,0.99999994,1.7190546e-08
id16185,0.9999999,1.2774927e-08,9.0424535e-08
id23501,0.99999857,8.8515645e-07,4.9074305e-07
id02837,8.714336e-07,3.4663233e-07,0.9999988
id05544,0.0071424125,0.9870904,0.005767181
id22784,9.589536e-07,3.7921689e-07,0.9999987
id15404,8.6465207e-07,3.4393483e-07,0.9999988
id13010,0.9999999,1.5836672e-08,1.07381794e-07
id22169,5.953397e-08,0.99999994,1.9941384e-08
id16438,8.6465207e-07,3.4393483e-07,0.9999988
id20464,0.9999151,5.759342e-07,8.431555e-05
id26306,0.9999999,1.5960879e-08,1.0864758e-07
id15995,4.157807e-05,5.507377e-06,0.9999529
id26068,0.9993019,2.1553158e-06,0.0006959523
id19348,1.7197852e-05,0.999977,5.7944108e-06
id04196,3.6677815e-08,1.0,1.11424905e-08
id13002,5.792814e-08,0.99999994,1.92525e-08
id25650,0.043473713,0.9562093,0.0003170354
id17598,3.6250505e-08,1.0,1.09697424e-08
id10079,5.432034e-07,0.9999993,1.9983337e-07
id10094,9.913283e-07,0.99999857,3.8820968e-07
id05918,0.99999976,4.993717e-08,2.0698383e-07
id18747,0.99999976,1.4761399e-08,2.1691717e-07
id15571,4.9162974e-08,0.99999994,1.5898657e-08
id16113,0.97782964,6.2963227e-06,0.022164019
id02316,0.999075,1.4242534e-06,0.0009235797
id09545,0.99999905,4.5386335e-07,4.5386335e-07
id13878,2.098912e-05,9.835934e-07,0.99997807
id07476,0.99999756,1.2167926e-07,2.350365e-06
id20103,0.99030066,2.7154942e-07,0.0096990885
id27367,9.3308745e-07,3.7333766e-07,0.9999987
id25668,8.5291106e-07,3.4125833e-07,0.9999988
id09680,0.99999994,1.2142397e-08,6.142378e-08
id00500,0.9999559,2.7320955e-05,1.6831951e-05
id06110,0.99999964,2.6834053e-08,3.718825e-07
id15804,3.9658172e-08,1.0,1.2237633e-08
id03223,1.990544e-07,0.99999976,7.0975034e-08
id02039,5.8154864e-08,0.99999994,1.9102675e-08
id09795,8.596005e-07,3.4393483e-07,0.9999988
id10808,8.955906e-07,3.5624132e-07,0.99999875
id10134,1.04894305e-07,0.9999999,3.858846e-08
id14361,0.001951261,2.1570966e-05,0.99802715
id15881,0.99984044,1.9289939e-07,0.0001593671
id27120,8.6973324e-07,3.5071832e-07,0.9999988
id09860,0.9999994,2.9586783e-08,6.325933e-07
id11959,3.9196145e-08,1.0,1.2047906e-08
id25770,3.711016e-08,1.0,1.1273835e-08
id24364,0.99822825,0.0017358371,3.585067e-05
id22944,0.99999994,1.0757569e-08,6.2147826e-08
id04345,0.9999993,5.636559e-08,6.400501e-07
id05127,8.61281e-07,3.4663233e-07,0.9999988
id01779,8.7313725e-07,3.4663233e-07,0.9999988
id05559,0.99999976,1.9632216e-08,2.1024333e-07
id14474,0.99999994,1.1317959e-08,8.3303e-08
id13283,0.0001270617,0.9998654,7.527033e-06
id03301,0.9992163,3.5950948e-06,0.0007801242
id16939,3.6109178e-08,1.0,1.0884375e-08
id01166,3.7255408e-08,1.0,1.131796e-08
id16766,0.99999994,1.3129062e-08,7.584825e-08
id04338,0.99999964,3.486176e-08,2.7101436e-07
id12731,0.99999994,1.1012678e-08,8.798551e-08
id08988,1.1979306e-07,0.9999999,4.1561403e-08
id08236,3.6250505e-08,1.0,1.0926976e-08
id03309,3.1446554e-05,2.199287e-06,0.9999664
id16458,0.9999993,1.3156685e-07,5.7373717e-07
id02442,0.99999493,4.2893303e-06,7.965517e-07
id25767,8.6296484e-07,3.4528094e-07,0.9999988
id17357,0.00031377547,0.99957347,0.000112757574
id08627,1.0049745e-06,4.0367422e-07,0.99999857
id19488,0.0007062161,4.597179e-08,0.9992937
id18345,0.37798914,2.8127884e-05,0.62198275
id10661,0.9997696,7.901748e-07,0.0002296081
id01713,6.3373584e-08,0.99999994,2.1144732e-08
id26237,0.009158907,0.99073064,0.000110458015
id08062,2.4869675e-07,0.99999964,9.931191e-08
id01497,1.3925459e-06,0.99999803,5.7598197e-07
id07590,0.9999999,1.8587409e-08,8.972085e-08
id06299,8.834295e-07,3.5071832e-07,0.9999988
id02770,8.61281e-07,3.4393483e-07,0.9999988
id19197,8.5291106e-07,3.4259398e-07,0.9999988
id16572,0.9999998,2.3588651e-08,1.8993904e-07
id04518,7.351464e-08,0.99999994,2.5208266e-08
id09316,3.3536091e-06,0.9999953,1.3871131e-06
id17533,9.061475e-07,3.5903534e-07,0.99999875
id13494,1.2828737e-06,4.9266356e-07,0.9999982
id10024,1.0,2.0494177e-08,5.295061e-08
id19896,0.99999857,3.7110105e-08,1.3497024e-06
id10956,0.99999994,1.9403497e-08,7.351464e-08
id08458,4.6365102e-08,0.99999994,1.4761402e-08
id09066,2.2039369e-05,2.0103303e-06,0.999976
id26608,0.9999858,1.5143048e-07,1.4009212e-05
id20977,5.194669e-05,6.289552e-06,0.99994177
id21587,0.00019371531,9.9133526e-05,0.99970716
id19928,8.6973324e-07,3.4935098e-07,0.9999988
id19077,3.4600644e-06,0.9999954,1.1544581e-06
id06865,8.7313725e-07,3.47989e-07,0.9999988
id15224,8.596005e-07,3.4393483e-07,0.9999988
id09036,9.007201e-08,0.9999999,3.0406976e-08
id04885,0.9999999,1.888012e-08,1.4225778e-07
id06619,3.5828176e-08,1.0,1.0799672e-08
id20211,3.5688494e-08,1.0,1.0757569e-08
id23985,2.4731142e-05,6.3257767e-07,0.9999746
id17048,0.99999964,3.236805e-08,2.6785693e-07
id11272,0.999997,6.239088e-08,2.8909967e-06
id16998,8.88621e-07,3.576356e-07,0.9999988
id16506,8.817058e-07,3.5485246e-07,0.9999988
id11558,9.778672e-07,3.8820974e-07,0.9999987
id04913,8.9734147e-07,3.5346903e-07,0.99999875
id10308,8.6296484e-07,3.4528094e-07,0.9999988
id15956,8.680362e-07,3.4935098e-07,0.9999988
id21350,1.3054307e-07,0.9999999,4.7279567e-08
id09246,0.9999999,1.9177438e-08,1.1610741e-07
id00753,0.9999914,4.6378545e-06,3.9360966e-06
id08101,4.6563655e-05,0.99991906,3.440101e-05
id26853,3.7547604e-08,1.0,1.1451373e-08
id22044,3.5828176e-08,1.0,1.0757569e-08
id27234,0.99999976,2.0574385e-08,2.90756e-07
id18357,7.23749e-08,0.99999994,2.4337435e-08
id24187,0.9999995,2.7685855e-08,4.6101084e-07
id23934,6.868221e-05,1.4118118e-05,0.99991715
id21378,3.7547604e-08,1.0,1.1451373e-08
id12777,0.93251365,1.1962994e-06,0.06748514
id11493,8.6465207e-07,3.4393483e-07,0.9999988
id12824,0.0004788684,5.091792e-05,0.9994702
id22565,3.7694562e-08,1.0,1.14961916e-08
id02996,8.6973324e-07,3.4935098e-07,0.9999988
id26154,0.99955434,2.8287177e-05,0.0004173039
id22710,0.00014036815,0.9998517,7.950023e-06
id19389,2.0617688e-07,0.99999976,7.764692e-08
id19539,9.026148e-07,3.6044057e-07,0.99999875
id17345,5.851881e-05,0.99993145,1.0011388e-05
id16938,0.99999994,1.3545824e-08,8.428495e-08
id05670,0.99999416,5.4844946e-08,5.8285623e-06
id12991,0.0002420333,0.9997367,2.118998e-05
id26819,4.424189e-08,1.0,1.4030515e-08
id02679,9.2221666e-07,3.6898814e-07,0.9999987
id11334,0.9999982,1.6502163e-07,1.6408203e-06
id18553,0.99999964,2.4720688e-08,4.0367468e-07
id27899,0.99999964,3.1494977e-08,3.479893e-07
id20569,3.7255408e-08,1.0,1.131796e-08
id00759,3.7255408e-08,1.0,1.131796e-08
id13013,0.99983996,1.3337664e-06,0.00015874572
id06798,0.9999998,2.2508448e-08,2.0377485e-07
id04524,2.896224e-07,0.9999996,1.3003411e-07
id19026,0.000121243545,9.894133e-06,0.99986887
id17376,9.240196e-07,3.6898814e-07,0.9999987
id21794,8.61281e-07,3.4528094e-07,0.9999988
id22720,9.1147257e-07,3.661167e-07,0.99999875
id26054,8.7313725e-07,3.4663233e-07,0.9999988
id01050,3.711016e-08,1.0,1.131796e-08
id11917,0.99999964,2.8901413e-08,3.8972954e-07
id12706,0.99999654,1.5056988e-06,1.9561453e-06
id18796,8.782683e-07,3.5346903e-07,0.9999988
id10096,8.61281e-07,3.4393483e-07,0.9999988
id27514,0.00023596812,0.99974865,1.5382462e-05
id22130,0.9999985,7.3514535e-08,1.4311493e-06
id23378,0.99999976,3.2494732e-08,1.587e-07
id27306,0.99999994,1.3921327e-08,7.979939e-08
id25914,8.817058e-07,3.5071832e-07,0.9999988
id05461,0.9999999,1.6086062e-08,1.2851919e-07
id24782,0.99999976,3.0645456e-08,1.2120512e-07
id11890,3.6109178e-08,1.0,1.0884375e-08
id23405,8.5624924e-07,3.4663233e-07,0.9999988
id15919,8.4970525e-06,1.4765662e-06,0.99999
id08430,8.851566e-07,3.5071832e-07,0.9999988
id16328,9.1325444e-07,3.7333766e-07,0.9999987
id16599,0.9999999,1.571343e-08,9.550735e-08
id25407,0.00013470867,0.99971324,0.00015204979
id10786,0.99999976,3.378918e-08,2.110662e-07
id08935,0.9999999,2.033469e-08,1.6631618e-07
id24742,0.9999999,1.888012e-08,1.3156694e-07
id15921,0.9999999,2.2333285e-08,1.1886082e-07
id21816,9.3126675e-07,3.7479887e-07,0.9999987
id06235,3.8891116e-08,1.0,1.186112e-08
id00527,0.99999976,1.7805647e-08,2.8181037e-07
id17349,8.6296484e-07,3.4528094e-07,0.9999988
id05356,0.9999999,1.685805e-08,1.0326807e-07
id13287,3.6677815e-08,1.0,1.11424905e-08
id09044,0.9999999,2.6008461e-08,1.7026028e-07
id09374,4.3726455e-08,1.0,1.37591405e-08
id25625,0.99999917,7.029574e-07,1.1386162e-07
id03201,5.8154864e-08,0.99999994,1.9327851e-08
id02709,0.99999994,1.09697424e-08,6.288041e-08
id08914,9.204173e-07,3.7043236e-07,0.9999987
id15753,0.9995672,1.7422245e-07,0.00043266357
id20125,0.00012243325,0.99986774,9.855549e-06
id20784,0.9999999,1.6531985e-08,1.3003414e-07
id26248,8.851566e-07,3.5071832e-07,0.9999988
id10016,8.955906e-07,3.5485246e-07,0.99999875
id18793,0.9999999,1.7257827e-08,1.2702189e-07
id04562,4.441505e-08,1.0,1.3975815e-08
id25106,8.6296484e-07,3.4528094e-07,0.9999988
id00536,0.99999994,1.6212228e-08,6.094578e-08
id01946,9.913283e-07,4.021004e-07,0.99999857
id18369,1.6827666e-07,0.99999976,6.142377e-08
id07345,8.233249e-08,0.99999994,2.7470413e-08
id27752,0.9999987,3.2494697e-08,1.3030765e-06
id21463,3.7255408e-08,1.0,1.131796e-08
id18922,8.903583e-07,3.576356e-07,0.9999988
id17166,4.254701e-08,1.0,1.3232035e-08
id07458,4.441505e-08,1.0,1.3921328e-08
id01801,8.714336e-07,3.4935098e-07,0.9999988
id10529,0.99999994,1.8370862e-08,8.937108e-08
id08774,0.002434532,0.03815694,0.9594086
id22292,8.6973324e-07,3.4935098e-07,0.9999988
id14044,0.9999995,6.21478e-08,3.8821005e-07
id20234,3.7694562e-08,1.0,1.1451373e-08
id26960,0.9999999,1.114249e-08,1.2702189e-07
id20809,2.1691717e-07,0.9999997,8.5947306e-08
id20365,0.9999995,3.9658154e-08,4.164886e-07
id09182,0.99999976,2.736331e-08,2.3823691e-07
id27671,0.99999976,1.8086045e-08,2.220612e-07
id26438,0.0026546982,0.9972903,5.5042725e-05
id22712,0.99999946,6.5898064e-08,5.0434744e-07
id13988,8.6296484e-07,3.4393483e-07,0.9999988
id01727,0.9999999,1.5591146e-08,1.336388e-07
id27147,0.9999079,8.957767e-05,2.5115178e-06
id23213,2.9075593e-07,0.99999964,1.09499695e-07
id21969,9.294497e-07,3.7479887e-07,0.9999987
id12062,0.9999999,1.6726858e-08,9.0424535e-08
id26579,1.5718089e-06,0.99999785,5.8277135e-07
id20568,0.010335627,0.00072602934,0.98893833
id04399,0.99999416,6.118396e-08,5.783204e-06
id26756,3.8739493e-08,1.0,1.186112e-08
id04580,8.680362e-07,3.5071832e-07,0.9999988
id16349,1.0367225e-07,0.9999999,3.6392382e-08
id23583,4.0598643e-08,1.0,1.2478998e-08
id14643,0.99999976,2.9356546e-08,2.555909e-07
id22604,0.014288616,1.348916e-05,0.98569787
id25973,3.527271e-08,1.0,1.063224e-08
id07553,8.7484426e-07,3.4935098e-07,0.9999988
id05614,2.7371384e-06,0.9999962,1.0718787e-06
id15320,0.99756455,1.0989137e-06,0.0024343794
id01016,9.043794e-07,3.6185128e-07,0.99999875
id11463,3.5828176e-08,1.0,1.0757569e-08
id18655,3.7547604e-08,1.0,1.1451373e-08
id22527,8.596005e-07,3.4528094e-07,0.9999988
id05458,3.5688494e-08,1.0,1.0715629e-08
id08802,8.851566e-07,3.52091e-07,0.9999988
id11573,0.0020931275,8.3804935e-06,0.99789846
id16935,0.00081423396,0.00014358053,0.9990422
id27417,8.6465207e-07,3.4393483e-07,0.9999988
id27781,0.9999949,1.2359506e-07,5.063946e-06
id21873,0.9999999,1.2047904e-08,1.3259883e-07
id20624,8.7484426e-07,3.47989e-07,0.9999988
id19660,3.9658172e-08,1.0,1.2189923e-08
id03783,0.9999998,1.7325371e-08,1.8919854e-07
id22172,1.1747605e-07,0.9999999,4.3217028e-08
id20709,0.99999976,3.639238e-08,1.7843121e-07
id12524,0.9999995,3.7401204e-08,3.632678e-07
id27650,3.7694562e-08,1.0,1.1451373e-08
id09501,4.1887382e-08,1.0,1.3077878e-08
id20840,0.00014174444,0.9998433,1.4968961e-05
id09960,8.5291106e-07,3.4259398e-07,0.9999988
id13916,8.782683e-07,3.47989e-07,0.9999988
id00249,8.61281e-07,3.4528094e-07,0.9999988
id02540,0.99999994,1.1677229e-08,8.561225e-08
id23326,8.6465207e-07,3.4393483e-07,0.9999988
id14632,0.9999999,2.2952387e-08,1.5381734e-07
id25512,8.497031e-06,0.9999875,3.951486e-06
id10628,0.99999994,1.8806514e-08,7.322804e-08
id08490,1.4506355e-07,0.9999998,5.505991e-08
id09084,0.9999999,1.9941382e-08,1.4966838e-07
id27553,4.0917058e-08,1.0,1.26260975e-08
id20930,3.6250505e-08,1.0,1.0926976e-08
id21337,0.98589396,3.4785535e-06,0.014102561
id25537,8.5291106e-07,3.4259398e-07,0.9999988
id27349,0.9980762,2.689529e-06,0.0019211038
id25655,3.7694562e-08,1.0,1.1451373e-08
id26464,0.9999999,2.1815938e-08,1.1839742e-07
id00599,0.999983,8.233109e-08,1.689829e-05
id06964,7.3957625e-07,0.99999905,2.7313976e-07
id21875,0.0027787162,0.00017083218,0.99705046
id27488,0.999995,1.04077515e-07,4.927356e-06
id07980,8.5291106e-07,3.4259398e-07,0.9999988
id12995,8.5291106e-07,3.4259398e-07,0.9999988
id08094,8.9209897e-07,3.576356e-07,0.9999988
id02134,0.99979323,9.757587e-07,0.00020582421
id14311,1.0864758e-07,0.9999999,3.934955e-08
id06514,0.99830717,0.0016821533,1.06813995e-05
id19775,8.596005e-07,3.4528094e-07,0.9999988
id18618,5.549176e-08,0.99999994,1.7875339e-08
id26593,0.9999999,1.47038515e-08,1.5994472e-07
id11975,4.691164e-08,0.99999994,1.4877177e-08
id07853,8.5124685e-07,3.4259398e-07,0.9999988
id16848,0.9999999,1.6275681e-08,1.4620132e-07
id11595,3.8588464e-08,1.0,1.186112e-08
id24777,0.99943006,1.3384376e-06,0.0005686476
id07824,0.9999999,1.5652168e-08,1.3574332e-07
id23007,8.714336e-07,3.47989e-07,0.9999988
id04805,8.6973324e-07,3.5071832e-07,0.9999988
id00504,0.9999993,1.5262023e-07,5.2239363e-07
id24331,3.9349555e-08,1.0,1.2047906e-08
id03914,8.596005e-07,3.4528094e-07,0.9999988
id16299,0.99999994,1.1317959e-08,7.380237e-08
id05565,0.9999999,4.7836885e-08,7.467232e-08
id27934,3.460063e-06,0.999995,1.5474359e-06
id17027,0.9999993,1.2801807e-07,6.0362464e-07
id02785,0.99995667,9.312276e-07,4.2398282e-05
id16094,0.00031688352,0.9996644,1.8698742e-05
id22435,8.6973324e-07,3.4935098e-07,0.9999988
id10586,8.7484426e-07,3.47989e-07,0.9999988
id06467,3.7694562e-08,1.0,1.14961916e-08
id18227,0.9999997,2.8788737e-08,3.0590223e-07
id02286,3.7255408e-08,1.0,1.131796e-08
id07393,0.028870171,0.02990319,0.94122666
id11640,0.9677945,0.00014350486,0.03206199
id15718,0.94604564,5.722588e-06,0.05394867
id23756,3.6677815e-08,1.0,1.11424905e-08
id14564,8.596005e-07,3.4528094e-07,0.9999988
id24963,0.99999905,5.1321443e-08,9.3857113e-07
id03069,0.99999964,3.0765396e-08,3.1933294e-07
id24648,0.9999998,7.7344204e-08,1.2603341e-07
id15920,0.999977,4.2635577e-07,2.260615e-05
id11255,0.99999976,2.4432687e-08,2.5659125e-07
id00544,0.9996451,1.42249755e-05,0.00034062445
id13211,0.99999857,2.414801e-08,1.42557e-06
id26285,0.00024250812,0.9997434,1.40606335e-05
id19879,0.9947943,3.3231606e-06,0.0052023893
id21440,0.99968994,7.5099064e-07,0.0003092487
id09539,8.7313725e-07,3.47989e-07,0.9999988
id10781,4.1399378e-08,1.0,1.282493e-08
id06557,8.817058e-07,3.52091e-07,0.9999988
id16747,8.799854e-07,3.52091e-07,0.9999988
id14358,3.6677815e-08,1.0,1.1099051e-08
id05250,0.99999994,1.20009345e-08,7.614511e-08
id02390,9.3308745e-07,3.7626577e-07,0.9999987
id14790,0.99999774,2.907554e-07,1.9333577e-06
id14355,0.99996734,2.458648e-05,8.139493e-06
id23157,0.99999976,1.9252495e-08,2.555909e-07
id20324,8.9209897e-07,3.576356e-07,0.9999988
id01870,3.7547604e-08,1.0,1.1451373e-08
id01079,3.7547604e-08,1.0,1.14961916e-08
id03392,0.99999964,3.873948e-08,2.6165202e-07
id22758,0.99999976,1.7123524e-08,2.4198857e-07
id05599,0.99993426,4.7561386e-07,6.5282635e-05
id07189,8.6296484e-07,3.4393483e-07,0.9999988
id13364,0.9999998,1.5836672e-08,1.8772619e-07
id00902,2.9831113e-05,0.9999633,6.9349067e-06
id07164,0.99999976,2.3680972e-08,2.9765107e-07
id27290,0.0015992069,0.00012319723,0.99827754
id18931,0.99999994,1.1677229e-08,6.239107e-08
id22165,0.00028628658,0.999686,2.7743707e-05
id14677,3.9813393e-08,1.0,1.2237633e-08
id18987,0.9999148,3.6041033e-07,8.481101e-05
id13143,3.6109178e-08,1.0,1.0884375e-08
id18589,0.0004921333,5.769641e-05,0.99945015
id01635,4.02827e-08,1.0,1.2430347e-08
id02661,4.321703e-08,1.0,1.3545825e-08
id12463,3.6677815e-08,1.0,1.1055779e-08
id18461,0.9999976,1.3208158e-07,2.2869679e-06
id12709,0.99999106,9.2568094e-08,8.801099e-06
id11957,3.6250505e-08,1.0,1.0926976e-08
id13040,9.0969405e-07,3.661167e-07,0.99999875
id03953,8.9209897e-07,3.5624132e-07,0.9999988
id02623,0.002516053,0.99736136,0.00012260432
id21479,8.596005e-07,3.4663233e-07,0.9999988
id06976,2.045724e-07,0.99999976,7.614509e-08
id18721,0.99999833,3.7694498e-08,1.6408205e-06
id12043,8.61281e-07,3.4663233e-07,0.9999988
id16526,3.9349555e-08,1.0,1.2047906e-08
id03184,0.0008742049,4.3101412e-07,0.99912536
id23194,0.045309465,1.8934728e-05,0.9546716
id17544,2.4779318e-05,0.99996746,7.736479e-06
id17314,8.834295e-07,3.5071832e-07,0.9999988
id17306,0.99999875,6.239099e-08,1.2004504e-06
id11044,0.99999225,6.001835e-06,1.7603327e-06
id22762,0.9999999,1.8227897e-08,1.1610741e-07
id02797,9.2221666e-07,3.7043236e-07,0.9999987
id13340,8.680362e-07,3.4393483e-07,0.9999988
id08131,0.9999978,6.387049e-08,2.1233784e-06
id24181,3.527271e-08,1.0,1.063224e-08
id20359,0.99998367,5.7252326e-08,1.631454e-05
id14736,6.615602e-08,0.99999994,2.1901323e-08
id09362,0.9999999,2.3960117e-08,1.1520386e-07
id07987,8.851566e-07,3.52091e-07,0.9999988
id01664,3.8739493e-08,1.0,1.186112e-08
id00096,0.99999976,1.9252495e-08,2.5459443e-07
id01475,8.596005e-07,3.4393483e-07,0.9999988
id04020,9.061475e-07,3.6044057e-07,0.99999875
id09617,9.4778136e-07,3.7626577e-07,0.9999987
id13098,0.99998516,2.2467552e-07,1.462428e-05
id19010,3.8288164e-08,1.0,1.167723e-08
id12754,0.9999999,1.9102673e-08,1.5202531e-07
id25238,0.9999998,1.9252496e-08,1.869943e-07
id14896,8.7313725e-07,3.47989e-07,0.9999988
id16827,9.5335116e-07,3.7333766e-07,0.9999987
id11685,8.714336e-07,3.4935098e-07,0.9999988
id10496,7.897571e-05,2.2164306e-06,0.9999188
id08073,0.9998995,9.0810005e-05,9.703061e-06
id08504,8.88621e-07,3.5903537e-07,0.9999988
id25872,8.5624924e-07,3.4125833e-07,0.9999988
id09498,5.87474e-05,0.9999238,1.7433666e-05
id23890,3.8739493e-08,1.0,1.1907543e-08
id15065,0.00015780365,9.496791e-05,0.9997472
id11197,4.729337e-06,0.99999315,2.1568067e-06
id02832,0.0007791246,0.00030991435,0.99891096
id26969,0.9999999,1.8086046e-08,1.0448536e-07
id25442,0.0007312452,0.00030334355,0.9989654
id09727,9.0969405e-07,3.6754963e-07,0.99999875
id18592,8.61281e-07,3.4528094e-07,0.9999988
id11442,0.99999994,1.7736234e-08,8.169177e-08
id22071,0.99999654,1.630988e-07,3.250433e-06
id09700,8.851566e-07,3.5071832e-07,0.9999988
id20265,0.9999999,1.3129061e-08,9.970063e-08
id23687,0.99999994,1.6023352e-08,8.0425266e-08
id01055,1.7912957e-07,0.99999976,6.6156005e-08
id08519,0.9999992,8.233243e-08,6.8667345e-07
id05922,0.9999999,2.3132404e-08,1.1656184e-07
id02918,3.6677815e-08,1.0,1.11424905e-08
id14502,0.9999999,1.1861118e-08,1.02865464e-07
id01642,8.6296484e-07,3.4528094e-07,0.9999988
id21251,0.9999995,3.4054185e-08,4.0684066e-07
id09673,8.799854e-07,3.5346903e-07,0.9999988
id17837,9.2221666e-07,3.7188215e-07,0.9999987
id24245,0.9999999,2.715037e-08,1.1932602e-07
id15837,0.00034700063,1.6630538e-05,0.99963635
id13077,8.596005e-07,3.4528094e-07,0.9999988
id23079,0.9999118,1.4969986e-05,7.325438e-05
id12938,8.61281e-07,3.4663233e-07,0.9999988
id12144,8.596005e-07,3.4528094e-07,0.9999988
id06882,0.9999999,1.571343e-08,1.1122409e-07
id06354,8.7313725e-07,3.47989e-07,0.9999988
id23573,0.9979836,3.3468625e-06,0.0020131127
id13800,8.6296484e-07,3.4393483e-07,0.9999988
id26115,8.6973324e-07,3.5071832e-07,0.9999988
id21179,8.545785e-07,3.4125833e-07,0.9999988
id00125,0.99999994,1.3493014e-08,6.564119e-08
id22600,8.714336e-07,3.4935098e-07,0.9999988
id15726,8.903583e-07,3.5624132e-07,0.9999988
id08078,0.9998882,9.835051e-07,0.00011082772
id20091,3.711016e-08,1.0,1.1273835e-08
id00026,0.999995,1.2167894e-07,4.86995e-06
id03698,0.9999987,2.5705425e-08,1.2979963e-06
id09198,0.99999565,8.9022265e-08,4.3145396e-06
id12520,0.000126566,0.9998626,1.0824147e-05
id16277,8.596005e-07,3.4528094e-07,0.9999988
id17964,8.596005e-07,3.4528094e-07,0.9999988
id24040,7.9488274e-08,0.99999994,2.7470413e-08
id17613,0.99999976,2.2073094e-08,2.4104517e-07
id00157,0.9999972,9.739081e-08,2.6842001e-06
id10012,8.7313725e-07,3.47989e-07,0.9999988
id02419,8.6296484e-07,3.4393483e-07,0.9999988
id05562,0.99998283,8.6282235e-08,1.7130902e-05
id09049,1.5502371e-07,0.99999976,5.861097e-08
id24915,1.4255695e-06,0.9999982,3.4663213e-07
id02808,1.0490983e-06,4.3647586e-07,0.9999985
id00167,0.99999976,1.5713429e-08,2.4198857e-07
id13451,0.9999964,3.2749487e-08,3.4872055e-06
id24775,0.9999999,1.7325371e-08,9.8539076e-08
id10240,3.7694562e-08,1.0,1.14961916e-08
id24597,0.9999711,6.7600854e-07,2.8243752e-05
id15364,3.6677815e-08,1.0,1.1055779e-08
id13191,1.8481576e-07,0.99999976,7.265815e-08
id09592,8.5124685e-07,3.4259398e-07,0.9999988
id12083,8.799854e-07,3.5485246e-07,0.9999988
id23492,0.9999962,2.3638209e-07,3.5838739e-06
id06816,8.61281e-07,3.4663233e-07,0.9999988
id16971,9.702572e-07,4.0525416e-07,0.99999857
id05675,0.9999997,2.3588647e-08,3.1438216e-07
id23037,8.6296484e-07,3.4393483e-07,0.9999988
id00399,0.9961529,2.156933e-06,0.0038449934
id05925,0.00014883037,5.4538174e-05,0.9997966
id01834,0.9999999,2.5705456e-08,1.5202531e-07
id20350,8.680362e-07,3.4393483e-07,0.9999988
id18961,0.0015608575,2.0351343e-05,0.9984188
id02132,3.996922e-08,1.0,1.2285529e-08
id26609,5.8840378e-08,0.99999994,1.9403497e-08
id16532,7.224439e-07,0.99999887,4.450847e-07
id23289,0.9999999,2.2333285e-08,9.4764104e-08
id26621,0.99999994,1.4819176e-08,8.832987e-08
id03254,3.9813393e-08,1.0,1.2333613e-08
id04701,8.714336e-07,3.5071832e-07,0.9999988
id26600,3.7255408e-08,1.0,1.1273835e-08
id16006,3.1315648e-07,0.9999996,1.1839739e-07
id25724,8.5291106e-07,3.4125833e-07,0.9999988
id27223,0.99999905,3.3526206e-08,9.204176e-07
id14345,0.9999995,9.3294894e-08,4.1163636e-07
id27374,1.1750873e-05,0.99997944,8.835444e-06
id21131,8.5624924e-07,3.47989e-07,0.9999988
id12410,0.9999999,1.8015536e-08,1.04894305e-07
id15483,9.4778136e-07,3.7626577e-07,0.9999987
id15429,0.99997663,1.7640099e-05,5.7493166e-06
id25480,0.99998,1.0844961e-06,1.8962126e-05
id11453,0.0007666081,0.9944494,0.004783991
id20437,7.767499e-05,0.99991333,9.009111e-06
id08468,0.00030043212,0.99908674,0.0006128453
id22181,0.9999992,5.8277215e-07,1.8053439e-07
id18810,0.99999964,3.919613e-08,2.5064728e-07
id17482,0.9998049,2.057652e-06,0.00019297894
id22746,0.99999917,5.399492e-08,8.282862e-07
id03107,0.9999999,1.9941382e-08,1.3950626e-07
id02184,0.99999976,5.9070658e-08,1.514326e-07
id25068,0.99997836,3.1192897e-07,2.1319658e-05
id19154,0.001765715,2.995364e-05,0.99820435
id10358,0.99961907,0.00022469388,0.00015625007
id09126,8.7313725e-07,3.4935098e-07,0.9999988
id05936,0.999902,5.142447e-07,9.742515e-05
id00020,3.711016e-08,1.0,1.1273835e-08
id20771,9.132545e-07,3.661167e-07,0.99999875
id00116,3.1140833e-05,0.9999623,6.591529e-06
id12424,0.99973625,5.0816925e-07,0.00026323818
id05755,8.596005e-07,3.4528094e-07,0.9999988
id27476,6.3126514e-08,0.99999994,2.1062297e-08
id02686,0.99999976,1.8660156e-08,2.637042e-07
id10234,0.9999997,2.7902999e-08,3.1071949e-07
id05969,0.9999952,6.5640876e-08,4.747856e-06
id14440,3.6250505e-08,1.0,1.0926976e-08
id09937,0.92654335,0.046628084,0.026828606
id08238,8.596005e-07,3.4528094e-07,0.9999988
id11090,1.9678895e-05,0.99997365,6.6954067e-06
id13183,8.6465207e-07,3.4393483e-07,0.9999988
id25712,6.070817e-08,0.99999994,2.0176444e-08
id22510,8.61281e-07,3.4528094e-07,0.9999988
id19204,0.99999964,2.1987036e-08,3.3075915e-07
id05758,9.3308745e-07,3.7479887e-07,0.9999987
id27063,0.9999405,5.7820307e-07,5.886324e-05
id11773,8.7313725e-07,3.47989e-07,0.9999988
id11562,0.99984735,5.895522e-07,0.00015207019
id16208,8.7246626e-05,4.710498e-06,0.99990803
id04036,0.00017775522,0.00015965026,0.9996626
id26159,0.99999976,1.633938e-08,2.3271815e-07
id26777,0.99956566,7.978855e-06,0.00042637126
id08501,0.99991536,4.5738477e-07,8.4151055e-05
id11216,3.5135194e-08,1.0,1.050837e-08
id03410,0.99996084,3.6325378e-07,3.88311e-05
id04537,8.955906e-07,3.5485246e-07,0.99999875
id26628,0.99485713,3.284652e-06,0.0051395944
id01586,3.9349555e-08,1.0,1.2047906e-08
id13421,0.0012842099,7.652263e-05,0.9986393
id26084,5.132149e-08,0.99999994,1.6596692e-08
id05375,8.663425e-07,3.4393483e-07,0.9999988
id23212,0.9999999,3.1618253e-08,8.011171e-08
id15980,0.99999887,6.07081e-08,1.0470516e-06
id11719,4.546832e-08,0.99999994,1.4419455e-08
id13109,0.9999982,4.6827012e-07,1.2878946e-06
id07156,0.9999999,1.1317958e-08,1.5685112e-07
id04893,0.9999942,1.4792384e-07,5.6824347e-06
id11749,8.799854e-07,3.5624132e-07,0.9999988
id10526,8.7484426e-07,3.5624132e-07,0.9999988
id13477,0.9999998,2.6729442e-08,1.8846093e-07
id13761,0.0015684027,7.299787e-05,0.99835855
id04282,5.441845e-08,0.99999994,1.7667086e-08
