id,EAP,HPL,MWS
id02310,0.024266748,0.02329157,0.9524417
id24541,0.95130527,0.02397882,0.02471584
id00134,0.024124593,0.95056826,0.02530706
id27757,0.95056355,0.024030423,0.025405984
id04081,0.026493227,0.9458504,0.027656417
id27337,0.95082545,0.024131121,0.025043437
id24265,0.9482569,0.025543112,0.02619997
id25917,0.02221875,0.022812389,0.95496887
id04951,0.94966745,0.02460111,0.025731437
id14549,0.9511499,0.024186552,0.024663588
id22505,0.022924632,0.023014357,0.954061
id24002,0.024192471,0.9504541,0.025353491
id18982,0.024550945,0.9505115,0.024937563
id15181,0.024601346,0.9506044,0.024794295
id21888,0.9505715,0.024195459,0.025233112
id12035,0.023291545,0.023337083,0.9533714
id17991,0.93524605,0.024417544,0.040336426
id10707,0.95064914,0.024482667,0.024868213
id07101,0.022002157,0.023058062,0.9549398
id00345,0.025295027,0.9501163,0.024588713
id05912,0.9511274,0.02420961,0.024663005
id13443,0.9489311,0.02479904,0.026269857
id09248,0.0257721,0.022130324,0.9520976
id17542,0.024291432,0.9506215,0.025087014
id06995,0.022656942,0.023307765,0.9540353
id25159,0.9507058,0.024057502,0.02523668
id25729,0.025345689,0.94923425,0.025420055
id26949,0.9495111,0.024887005,0.025601886
id27191,0.023002906,0.023410829,0.9535863
id07668,0.02313337,0.023474729,0.9533919
id02230,0.022671197,0.022693347,0.95463544
id15553,0.95066875,0.024316378,0.025014868
id25688,0.024419228,0.95003957,0.025541196
id17545,0.9510805,0.024161179,0.024758311
id13929,0.02292205,0.023124402,0.95395356
id12880,0.024258718,0.9502687,0.025472622
id19282,0.9493516,0.025249999,0.025398383
id14690,0.023356153,0.02342468,0.9532192
id17975,0.050893407,0.9230493,0.026057348
id08037,0.95043856,0.024405638,0.025155777
id15412,0.9489192,0.025066558,0.026014239
id25032,0.024413949,0.023895023,0.95169103
id27165,0.95042306,0.024050348,0.025526568
id03327,0.95264393,0.022845918,0.024510091
id18515,0.9493258,0.025077298,0.025596887
id21003,0.02357132,0.022846108,0.9535826
id23855,0.024148792,0.95059294,0.025258338
id20724,0.94856584,0.02610633,0.025327843
id13303,0.9504846,0.024382997,0.02513244
id16521,0.02413524,0.9509877,0.02487707
id20775,0.94916254,0.025244972,0.025592487
id13029,0.9496507,0.024793623,0.025555687
id14660,0.027266331,0.9471943,0.025539417
id11028,0.023051564,0.023209682,0.95373875
id14180,0.9513624,0.023677744,0.024959885
id25860,0.949698,0.024794856,0.02550709
id11910,0.023723314,0.02308342,0.9531933
id08065,0.022923084,0.023080321,0.95399654
id22674,0.023082899,0.022813974,0.9541031
id25018,0.023245564,0.023405014,0.9533494
id10892,0.024288453,0.95050484,0.025206715
id10217,0.025179865,0.94949234,0.025327835
id12996,0.9465657,0.025348593,0.028085748
id18262,0.9501342,0.02442166,0.025444156
id08606,0.024193069,0.9504776,0.02532937
id17233,0.9504152,0.024405038,0.025179738
id00101,0.5223477,0.44787976,0.029772565
id12225,0.9489505,0.025387654,0.025661845
id01364,0.024263527,0.9504571,0.025279403
id24973,0.95032865,0.02490843,0.02476291
id25363,0.9504326,0.024239218,0.02532817
id10061,0.023478428,0.02297939,0.9535422
id17673,0.029442417,0.05463094,0.9159267
id13249,0.024263427,0.023425238,0.9523114
id10107,0.023219138,0.023584787,0.9531961
id04403,0.9507313,0.02410518,0.025163524
id25728,0.9501377,0.025345052,0.024517333
id16184,0.9511066,0.024398955,0.024494447
id03438,0.024147544,0.02345036,0.9524021
id22923,0.0244836,0.9497574,0.025759017
id08610,0.94981486,0.024749521,0.025435602
id25355,0.022685248,0.023019996,0.9542948
id16916,0.95000243,0.024730247,0.025267309
id12793,0.025981184,0.94863945,0.02537933
id11859,0.041321285,0.02416141,0.9345173
id02434,0.9490426,0.025192529,0.02576478
id27703,0.02303995,0.023701776,0.9532583
id25212,0.02442166,0.9501342,0.025444156
id11308,0.023738943,0.023370905,0.95289016
id26094,0.950166,0.024734505,0.025099494
id22080,0.9500051,0.02502183,0.024973007
id03545,0.9488976,0.025139531,0.025962885
id23725,0.023144916,0.022987239,0.95386785
id12009,0.9528095,0.022961734,0.024228754
id24241,0.026528131,0.022668565,0.95080334
id03596,0.023944892,0.95088744,0.025167657
id10749,0.024263527,0.9504571,0.025279403
id22794,0.023127498,0.022791186,0.9540813
id15482,0.02452096,0.9502783,0.025200706
id04833,0.9482998,0.024903847,0.026796317
id00397,0.023423612,0.02340075,0.95317566
id14691,0.02347154,0.02326615,0.9532623
id05193,0.023631945,0.023129644,0.9532384
id19541,0.94986075,0.024702422,0.025436834
id22166,0.023629807,0.023218067,0.9531521
id20744,0.023830183,0.023346454,0.95282334
id10392,0.023089271,0.023475787,0.9534349
id00770,0.95067626,0.023939576,0.025384193
id06018,0.95016426,0.02463803,0.025197685
id15678,0.025912657,0.023318866,0.9507685
id08305,0.9498161,0.02479794,0.025386006
id08903,0.023859939,0.023058191,0.95308185
id14752,0.024226235,0.024922138,0.9508516
id12468,0.024077464,0.950566,0.025356475
id05085,0.024587497,0.95006925,0.025343226
id21993,0.023666125,0.02264863,0.9536853
id15503,0.9500515,0.024925495,0.025023052
id03021,0.024305595,0.9502473,0.025447182
id16123,0.5945043,0.34558803,0.059907757
id19383,0.9508556,0.024440203,0.02470416
id04186,0.9506039,0.02455333,0.024842756
id17954,0.022858074,0.023059862,0.9540821
id12030,0.024067665,0.022965524,0.9529668
id13020,0.9503011,0.025201313,0.024497615
id25327,0.024730247,0.95000243,0.025267309
id16344,0.023214305,0.023788033,0.9529976
id12303,0.025095847,0.95002794,0.024876243
id15017,0.949491,0.025057184,0.025451776
id22308,0.023037355,0.02288041,0.95408225
id06536,0.022907384,0.022818074,0.95427454
id19797,0.024758782,0.9520279,0.023213344
id06332,0.95107067,0.023879446,0.025049897
id22941,0.023330525,0.022634814,0.9540347
id13547,0.02283986,0.022906873,0.95425326
id06928,0.022978863,0.02350083,0.9535203
id12521,0.94945943,0.024764432,0.025776094
id25716,0.03628063,0.024825951,0.93889344
id27116,0.023652885,0.023195397,0.9531517
id19941,0.0241174,0.95028484,0.025597738
id05711,0.0237755,0.023729108,0.9524954
id02097,0.022962714,0.023256093,0.9537812
id03563,0.024079252,0.95063657,0.025284175
id02295,0.025783572,0.9488078,0.025408635
id08179,0.9503677,0.024379998,0.025252353
id05332,0.023730336,0.9506861,0.02558355
id15697,0.9472657,0.024900997,0.027833376
id17026,0.022966871,0.02307929,0.95395386
id04243,0.9321062,0.041114178,0.026779642
id13175,0.94944453,0.025450531,0.025104942
id05387,0.95048547,0.02391141,0.025603143
id19989,0.950356,0.024119208,0.025524765
id25173,0.022722939,0.0232618,0.95401525
id08925,0.024061639,0.9508693,0.02506906
id03034,0.0256509,0.946695,0.027654096
id13272,0.02401228,0.9507739,0.02521385
id07956,0.024171118,0.023427453,0.95240146
id02648,0.023536105,0.02337576,0.95308816
id01778,0.022089345,0.022924468,0.9549862
id12846,0.023009181,0.023144396,0.9538464
id19001,0.9496328,0.02518359,0.02518359
id05763,0.951687,0.02212078,0.02619223
id15590,0.02536259,0.022913191,0.95172423
id04912,0.9490283,0.02480158,0.02617012
id21201,0.9489194,0.024319084,0.026761508
id13215,0.9515769,0.023384321,0.025038764
id15612,0.025188716,0.94889903,0.025912266
id18501,0.024128526,0.022358865,0.9535126
id07223,0.950444,0.024814334,0.02474174
id06707,0.022983065,0.02332221,0.9536947
id05238,0.024239216,0.95043254,0.025328169
id00935,0.02304248,0.022663098,0.95429444
id00110,0.9493004,0.02500327,0.025696386
id17476,0.9470727,0.026683353,0.026244026
id15170,0.9503424,0.024331782,0.025325768
id13397,0.08394921,0.034419056,0.88163173
id24283,0.9481849,0.024466943,0.027348211
id15234,0.950252,0.02532336,0.024424689
id16884,0.024818197,0.9487372,0.026444646
id07831,0.039625835,0.9350632,0.025311
id16038,0.93845046,0.034216456,0.02733307
id03629,0.9493396,0.024761306,0.025898995
id21019,0.94990504,0.024607265,0.02548775
id21835,0.94561154,0.027167656,0.027220769
id04480,0.02435738,0.9504137,0.025228925
id20838,0.033626664,0.9404647,0.025908656
id24195,0.9505355,0.024840968,0.024623597
id05448,0.95085907,0.02385083,0.025290092
id15957,0.024124593,0.95056826,0.02530706
id19956,0.023322025,0.023921767,0.9527562
id15104,0.023207065,0.02316178,0.95363116
id17559,0.949713,0.024554286,0.025732672
id16839,0.023783267,0.95001924,0.026197445
id14493,0.9494838,0.024333548,0.02618268
id08833,0.024880327,0.023078054,0.9520416
id15723,0.022651762,0.023531115,0.9538171
id02716,0.9499582,0.024898723,0.025143065
id06689,0.024239216,0.95043254,0.025328169
id18837,0.022541229,0.022718025,0.95474076
id04466,0.95027184,0.024329975,0.025398187
id00686,0.95054126,0.024053339,0.025405388
id09010,0.024286658,0.95043457,0.025278803
id23353,0.9498468,0.024366636,0.025786612
id00066,0.04279297,0.9302705,0.026936527
id15724,0.02490571,0.9492974,0.025796877
id23486,0.02334499,0.022960624,0.9536944
id22258,0.022558235,0.022913475,0.9545283
id02292,0.9508528,0.02427363,0.024873542
id16356,0.023252955,0.02309454,0.9536525
id00235,0.9506953,0.024483854,0.024820894
id25522,0.024667429,0.023105113,0.9522275
id04204,0.023962406,0.95065403,0.025383597
id22016,0.026771601,0.023951082,0.94927734
id06480,0.02469774,0.94875365,0.02654861
id08718,0.022318574,0.0230946,0.9545868
id05251,0.024126979,0.9506622,0.02521089
id03359,0.94710386,0.029278291,0.023617843
id16117,0.023130065,0.022682691,0.9541872
id17000,0.023958236,0.95048857,0.025553266
id01730,0.024683794,0.95007175,0.02524449
id00630,0.9506044,0.024794295,0.024601346
id18175,0.023459136,0.02378207,0.9527587
id00907,0.94180816,0.032195445,0.025996394
id18251,0.024332384,0.9503659,0.025301673
id25861,0.9475334,0.026566299,0.025900256
id00398,0.94877416,0.025062727,0.02616311
id27573,0.9508237,0.024083992,0.025092352
id10022,0.024303174,0.9501526,0.025544234
id15901,0.022877831,0.023147509,0.95397466
id00451,0.022990178,0.022087859,0.95492196
id23129,0.024260527,0.9503395,0.025399996
id26498,0.024288453,0.95050484,0.025206715
id14741,0.024477506,0.9513774,0.02414513
id18453,0.023096113,0.023186509,0.95371735
id08309,0.94813883,0.02569002,0.026171137
id00320,0.9500148,0.024394756,0.025590464
id07688,0.027658781,0.023634717,0.9487065
id01556,0.023099761,0.023032185,0.9538681
id00178,0.022728588,0.023018975,0.9542524
id18902,0.023125436,0.022878347,0.95399624
id27002,0.9490929,0.02546596,0.025441105
id21418,0.9484476,0.026128575,0.025423804
id23018,0.9152902,0.024487125,0.060222723
id07032,0.9479312,0.024967207,0.027101647
id16195,0.9461237,0.025361512,0.028514713
id11202,0.02413919,0.9502149,0.025645897
id09578,0.9509906,0.02425345,0.024755972
id26984,0.026363157,0.02412142,0.9495154
id19856,0.024473686,0.95030046,0.025225917
id12086,0.025410347,0.02293393,0.95165575
id12052,0.0234742,0.023155447,0.9533704
id17728,0.023092441,0.023341842,0.9535658
id24608,0.036256503,0.9387273,0.025016235
id21097,0.026983973,0.027355427,0.9456606
id20179,0.022943415,0.023145955,0.95391065
id15144,0.9475733,0.027224017,0.0252027
id00206,0.9493467,0.024955701,0.02569764
id22285,0.02326294,0.023606217,0.95313084
id06417,0.02421313,0.9503373,0.025449593
id00215,0.024255693,0.9501502,0.025594112
id04201,0.94566435,0.025723256,0.028612418
id21771,0.9485347,0.024452081,0.027013173
id12451,0.02265968,0.024121104,0.95321923
id14250,0.023995282,0.9510292,0.024975525
id03433,0.024674602,0.94971794,0.025607463
id03303,0.023152655,0.02266054,0.9541868
id25901,0.34380844,0.15759923,0.4985923
id06945,0.024275513,0.022938747,0.95278573
id05664,0.94984096,0.02487135,0.025287699
id05741,0.95049536,0.024075674,0.02542898
id10652,0.95061415,0.023452094,0.025933765
id16300,0.95030993,0.024141602,0.025548464
id12319,0.9513014,0.023861924,0.024836719
id07500,0.02426233,0.9504101,0.02532757
id12478,0.028244535,0.93899125,0.03276423
id03076,0.024735214,0.023213902,0.95205086
id00969,0.024966879,0.94977194,0.025261179
id23636,0.02283106,0.95109504,0.026073888
id09791,0.021713724,0.023824582,0.95446175
id05680,0.024188867,0.9503125,0.025498683
id03672,0.02372294,0.9513183,0.02495873
id04286,0.02487063,0.9488864,0.026242979
id23883,0.02293129,0.022730628,0.9543381
id11914,0.023277761,0.022984112,0.95373815
id20974,0.024445543,0.9501351,0.025419345
id26125,0.023401495,0.022461087,0.95413744
id15543,0.046976134,0.027280789,0.9257431
id19471,0.9501433,0.024782268,0.025074394
id11503,0.9497465,0.024844602,0.025408948
id09321,0.024287255,0.950458,0.02525475
id25560,0.02304248,0.022663098,0.95429444
id06726,0.94634616,0.02745558,0.026198296
id05709,0.9494867,0.024862071,0.025651278
id09788,0.023126608,0.024690378,0.95218307
id05289,0.9487044,0.025134413,0.026161188
id11815,0.024057502,0.9507058,0.02523668
id22422,0.9502105,0.02461518,0.025174314
id25954,0.94948864,0.024935069,0.025576292
id13601,0.95066005,0.024079846,0.02526012
id05677,0.9491387,0.024041312,0.026820023
id10498,0.024106367,0.950778,0.02511566
id02665,0.95135057,0.023956556,0.024692893
id10114,0.024193667,0.9505011,0.025305273
id26314,0.9505939,0.024172412,0.025233706
id21240,0.037796207,0.028880477,0.9333233
id15569,0.95025104,0.024400821,0.025348073
id25928,0.024047345,0.023790406,0.95216227
id22706,0.024327554,0.9501773,0.025495054
id20877,0.024285458,0.9503876,0.025326971
id04318,0.95060295,0.024481477,0.02491562
id18299,0.03159289,0.9414896,0.026917478
id08126,0.02383581,0.024046227,0.952118
id14293,0.022932418,0.023614205,0.9534534
id12759,0.95155823,0.024102597,0.024339126
id11983,0.024664639,0.023215583,0.95211977
id05580,0.029320627,0.023594322,0.9470851
id25846,0.023763565,0.9510881,0.025148397
id01939,0.030762663,0.024311515,0.9449258
id26327,0.02384437,0.024625309,0.95153034
id11068,0.022620384,0.023021523,0.95435804
id08404,0.9500628,0.02350726,0.026429925
id27189,0.02421733,0.9505021,0.025280599
id15119,0.024245186,0.9506666,0.025088206
id26525,0.9500727,0.024732076,0.025195256
id03618,0.026624884,0.9477701,0.025604902
id27220,0.9503692,0.0244277,0.02520312
id18777,0.022935582,0.023479482,0.95358497
id20213,0.053524096,0.028274164,0.9182018
id20403,0.94909716,0.02473082,0.026172018
id03777,0.023281926,0.022809327,0.95390874
id10595,0.024957722,0.95035124,0.024691056
id13816,0.02378183,0.022538185,0.95368
id05667,0.022891115,0.022580279,0.95452857
id24629,0.95107466,0.023973009,0.024952339
id20398,0.02349145,0.022437599,0.954071
id14108,0.022553671,0.023111075,0.9543353
id06196,0.024243997,0.95062,0.025136022
id02800,0.9498884,0.024921216,0.025190368
id18732,0.024261728,0.9503866,0.02535169
id11915,0.024043992,0.9511003,0.02485573
id09739,0.94981927,0.025065843,0.025114847
id24672,0.951006,0.023994697,0.024999319
id00414,0.023678653,0.023062473,0.9532588
id16307,0.95146376,0.023912657,0.024623586
id14043,0.02347154,0.02326615,0.9532623
id00517,0.022592673,0.023287088,0.9541202
id09744,0.9496762,0.024867034,0.02545674
id19257,0.9504152,0.024405038,0.025179738
id15437,0.043253522,0.9311446,0.025601849
id16352,0.024362175,0.023178546,0.9524593
id18849,0.023587454,0.023108652,0.9533039
id19434,0.024193069,0.9504776,0.02532937
id17928,0.022996027,0.023702843,0.9533012
id16896,0.023501737,0.023871835,0.9526264
id02135,0.031515587,0.03842562,0.93005884
id15075,0.95094067,0.024110489,0.024948822
id27486,0.02448973,0.9499952,0.025515076
id19422,0.94042563,0.032022852,0.027551558
id09603,0.032493915,0.94038296,0.027123181
id02133,0.024606038,0.94985765,0.025536304
id03441,0.024673413,0.023797808,0.9515288
id02398,0.023998205,0.95114493,0.024856895
id05152,0.023174884,0.023585852,0.9532392
id17838,0.0416665,0.024710704,0.9336228
id25060,0.94978553,0.024580155,0.025634307
id09998,0.023032185,0.023099761,0.9538681
id01828,0.025593748,0.94920933,0.025196953
id25377,0.024215013,0.023515878,0.95226914
id22175,0.024241611,0.9505265,0.025231916
id02974,0.023251379,0.02316073,0.9535879
id26955,0.9490169,0.025118152,0.02586492
id21091,0.94889003,0.024943694,0.026166305
id12802,0.9502049,0.024423478,0.025371607
id07432,0.02407448,0.9504481,0.025477432
id18749,0.025011845,0.9486991,0.026289094
id15030,0.022962714,0.023256093,0.9537812
id17155,0.024699425,0.9506734,0.02462717
id08128,0.02412935,0.9507556,0.025115067
id25706,0.024696877,0.94964755,0.025655624
id15645,0.94999427,0.024465801,0.025539977
id04943,0.025143065,0.9499582,0.024898723
id27566,0.023541449,0.02315385,0.95330465
id11765,0.023252955,0.02309454,0.9536525
id13783,0.95007056,0.0246356,0.025293808
id00492,0.022764282,0.023349682,0.9538861
id27636,0.024465619,0.022759967,0.9527744
id04273,0.9503245,0.024498217,0.025177334
id02537,0.02317006,0.023789112,0.9530408
id24349,0.94929075,0.024352372,0.026356919
id00023,0.024379397,0.9503442,0.0252764
id23025,0.95100796,0.025667299,0.02332474
id08722,0.9509007,0.024729466,0.02436986
id02420,0.94927776,0.025051555,0.025670692
id10811,0.94732827,0.025294797,0.027376922
id04019,0.022712495,0.022779131,0.95450836
id18334,0.9504865,0.024454584,0.025058968
id16781,0.9502257,0.024352562,0.025421768
id08773,0.030364739,0.031451236,0.938184
id19214,0.9345159,0.02353263,0.04195145
id09589,0.023476845,0.9506885,0.02583468
id24246,0.94997585,0.0246091,0.025415083
id23577,0.95132464,0.025927816,0.022747537
id09305,0.9502134,0.024832549,0.0249541
id16460,0.023791261,0.023081813,0.9531269
id21115,0.94748056,0.025004126,0.027515346
id25996,0.9500921,0.024564086,0.025343833
id02551,0.023149572,0.022790672,0.9540598
id19352,0.022684736,0.023041967,0.9542733
id03806,0.937521,0.026882656,0.03559635
id26544,0.95105404,0.024042822,0.024903111
id18761,0.9506926,0.024340747,0.024966685
id24148,0.94619256,0.029652769,0.024154663
id16095,0.02444128,0.9499694,0.02558924
id18442,0.9511964,0.02423502,0.024568634
id22596,0.02309872,0.023076173,0.95382506
id23002,0.024048643,0.024667073,0.9512843
id04797,0.95000243,0.024730247,0.025267309
id06610,0.023628734,0.023262404,0.95310885
id16173,0.9400353,0.03503567,0.02492907
id18292,0.02389843,0.023344822,0.95275676
id27328,0.95050913,0.024431298,0.025059564
id01695,0.024580767,0.94980925,0.025609924
id05761,0.034798164,0.024675589,0.94052625
id16354,0.95002747,0.02482769,0.025144897
id12207,0.051891945,0.039017383,0.9090907
id05665,0.023270398,0.023293136,0.9534365
id01911,0.95050967,0.024455179,0.025035119
id19153,0.023322733,0.022961147,0.9537161
id10295,0.94944555,0.02532659,0.02522785
id23038,0.95051277,0.024695251,0.024791906
id23783,0.02417479,0.9506874,0.025137804
id27879,0.94929904,0.024954448,0.025746584
id19190,0.024008723,0.95063305,0.025358265
id05065,0.9489978,0.025364134,0.02563807
id21296,0.025468487,0.9491871,0.02534443
id13262,0.026154315,0.023536338,0.9503094
id10333,0.9516035,0.024103742,0.024292791
id16677,0.025371086,0.94925785,0.025371086
id01392,0.022555197,0.023045022,0.95439976
id27874,0.95150816,0.023867112,0.024624735
id02294,0.043092046,0.034659263,0.92224866
id18298,0.022598296,0.023044007,0.95435774
id06997,0.9497369,0.024554903,0.0257082
id05243,0.026037259,0.9460561,0.027906634
id00860,0.02379838,0.024649922,0.9515517
id26681,0.94974875,0.024990661,0.025260562
id06020,0.023653956,0.023151184,0.9531949
id27683,0.9490601,0.02497254,0.025967332
id17655,0.024424082,0.95022845,0.025347471
id08817,0.02329788,0.023071468,0.9536306
id11512,0.022684228,0.023063965,0.9542518
id00478,0.023388302,0.02394294,0.9526687
id02116,0.95150316,0.023727547,0.024769314
id06746,0.9485453,0.025476133,0.025978604
id03863,0.94984233,0.025164561,0.024993123
id01802,0.04099772,0.33254603,0.62645626
id11682,0.9506142,0.024102213,0.02528358
id04033,0.024590531,0.95018655,0.025222894
id09286,0.02397141,0.9491556,0.026872935
id12904,0.95015377,0.024326952,0.025519336
id07420,0.02318546,0.02314022,0.9536743
id22398,0.024056312,0.95065886,0.025284767
id00424,0.022441803,0.022376152,0.9551821
id20960,0.9504786,0.024216732,0.025304673
id10267,0.024156125,0.9499534,0.025890442
id19330,0.023551522,0.0236668,0.9527817
id00994,0.024052143,0.95049405,0.025453791
id10785,0.93168145,0.04408897,0.024229644
id00955,0.023822784,0.950669,0.02550825
id09757,0.024211926,0.95029,0.02549808
id10030,0.02297407,0.022773035,0.9542529
id22952,0.02274412,0.02328348,0.9539724
id21955,0.022639435,0.023131091,0.9542295
id07674,0.95112264,0.025595298,0.023282038
id13760,0.024519755,0.95023155,0.025248736
id18166,0.9502651,0.02418766,0.02554726
id23498,0.9498175,0.024870733,0.02531178
id05296,0.9500727,0.024732076,0.025195256
id26709,0.9499518,0.024132507,0.025915697
id02853,0.9492905,0.024735859,0.025973637
id06800,0.94627553,0.025865873,0.02785864
id14758,0.024375778,0.95020306,0.025421163
id12356,0.94992304,0.024463966,0.025612991
id21492,0.9490958,0.024706645,0.026197553
id27540,0.023445962,0.023400214,0.95315385
id07376,0.022541838,0.023623645,0.95383453
id15201,0.024824021,0.94988704,0.025288923
id23388,0.024017578,0.9509837,0.024998732
id13923,0.024808517,0.94929373,0.025897745
id00794,0.025359675,0.94883096,0.025809394
id23910,0.02358958,0.023020634,0.9533898
id02556,0.023679186,0.023040483,0.95328027
id22151,0.024469452,0.950136,0.025394557
id11698,0.025310807,0.94885397,0.025835237
id11627,0.025702754,0.022905195,0.95139205
id06340,0.9502236,0.024304992,0.025471414
id05123,0.9542583,0.022245623,0.023496062
id26620,0.023111308,0.023475258,0.9534134
id04002,0.02288808,0.022709966,0.95440197
id26554,0.95090544,0.023253998,0.025840575
id18012,0.025739754,0.022428697,0.9518316
id12964,0.022905339,0.022905339,0.9541893
id18965,0.023270288,0.026086947,0.9506427
id19082,0.024195822,0.023359966,0.9524442
id26742,0.023190677,0.022920495,0.95388883
id15442,0.02436454,0.95069313,0.024942327
id16647,0.024499679,0.024190614,0.9513097
id11544,0.02314854,0.02283421,0.9540173
id20581,0.023976082,0.02296768,0.9530562
id13192,0.043019913,0.024512008,0.9324681
id15814,0.023185985,0.023118155,0.9536959
id26279,0.024083402,0.95080036,0.025116252
id00240,0.9494186,0.024981974,0.02559939
id22836,0.9497683,0.024772488,0.025459208
id15085,0.024031615,0.9506107,0.02535767
id17495,0.94947326,0.024548087,0.025978636
id26762,0.024649478,0.022886265,0.9524643
id13685,0.94992083,0.024416177,0.025663007
id16560,0.023881776,0.95116353,0.02495467
id17184,0.024196053,0.95059484,0.025209103
id21635,0.950458,0.024287255,0.02525475
id26751,0.9482252,0.027780062,0.02399473
id12351,0.95013833,0.024541305,0.025320329
id14872,0.9470367,0.025163844,0.027799487
id18372,0.9499091,0.024751976,0.025338951
id26851,0.9500198,0.02451429,0.025465949
id22659,0.9489174,0.025017599,0.026065046
id04102,0.022984633,0.02325557,0.9537598
id02353,0.024186453,0.95021766,0.02559593
id26721,0.94997585,0.0246091,0.025415083
id11171,0.95169365,0.02412958,0.024176756
id13562,0.949717,0.02465049,0.025632456
id26425,0.95094746,0.023760052,0.025292443
id26394,0.20390207,0.7287432,0.06735477
id22187,0.95094734,0.024586199,0.024466442
id00422,0.95133007,0.0240498,0.024620125
id22667,0.023919133,0.95079255,0.025288325
id00911,0.9502827,0.024810122,0.024907226
id17291,0.022942377,0.023190157,0.95386744
id01915,0.023033222,0.023055729,0.95391107
id01434,0.025567804,0.027110677,0.94732153
id01584,0.026154917,0.023513902,0.9503312
id09266,0.95055073,0.024265919,0.02518333
id17494,0.023960622,0.9505832,0.025456179
id24919,0.023436837,0.022849254,0.9537139
id21043,0.02385454,0.023279205,0.95286626
id17796,0.024284253,0.9503405,0.025375227
id02166,0.949171,0.02411267,0.02671637
id17503,0.9503963,0.024595961,0.0250077
id21203,0.95002836,0.024949241,0.025022443
id25626,0.95032156,0.024402631,0.025275797
id09836,0.9513475,0.02386308,0.024789456
id24202,0.022590283,0.022458307,0.95495147
id27260,0.023804212,0.023480978,0.9527148
id23167,0.022841899,0.022819603,0.9543385
id10393,0.024620833,0.94950104,0.025878113
id01171,0.9495391,0.02530436,0.025156528
id06380,0.9511464,0.024045158,0.024808435
id22686,0.022796819,0.022886043,0.95431715
id26250,0.022961147,0.023322733,0.9537161
id09315,0.0265285,0.03373224,0.9397393
id00886,0.024830267,0.9491986,0.025971122
id03101,0.9490514,0.024417661,0.026531018
id12367,0.025845835,0.023055205,0.951099
id10770,0.9493043,0.025224097,0.025471631
id14949,0.024258718,0.9502687,0.025472622
id14141,0.952281,0.023242196,0.024476841
id25417,0.92041844,0.054471623,0.025109995
id26873,0.95016116,0.024517938,0.025320936
id10818,0.02309559,0.023208637,0.9536958
id15146,0.9516666,0.02382451,0.02450887
id23328,0.9503979,0.024837371,0.024764713
id16765,0.026919432,0.9470911,0.025989488
id24383,0.9505092,0.023912005,0.02557879
id21304,0.95073396,0.024175974,0.025089983
id12551,0.024562262,0.9500215,0.025416303
id23274,0.02335227,0.02265591,0.9539918
id08117,0.95053345,0.024479687,0.024986897
id23961,0.95018137,0.024422873,0.025395768
id13865,0.024241012,0.950503,0.025255946
id22807,0.023006052,0.023277238,0.9537167
id08951,0.0227766,0.022821128,0.95440227
id18684,0.9508094,0.024415161,0.024775438
id25179,0.1503994,0.8226355,0.026965126
id27033,0.94995224,0.02460849,0.025439283
id13977,0.0242356,0.9512192,0.024545241
id19337,0.02435738,0.9504137,0.025228925
id25764,0.024659684,0.9500712,0.025269138
id16106,0.023238072,0.022788607,0.95397335
id05468,0.023598524,0.022650199,0.9537513
id05241,0.9494398,0.024095956,0.026464231
id10215,0.030781426,0.023716457,0.9455021
id23457,0.023331555,0.022591645,0.9540768
id02200,0.95013684,0.024493381,0.02536979
id13714,0.023970084,0.95095855,0.025071414
id20332,0.02301281,0.022990348,0.9539969
id18573,0.029044678,0.026809525,0.9441458
id08569,0.9485999,0.024621494,0.02677863
id22767,0.023535166,0.9511906,0.025274219
id25390,0.023502791,0.9508102,0.025687035
id09288,0.94980514,0.02448483,0.025710048
id12381,0.9488183,0.024966178,0.026215483
id02895,0.023315893,0.023247687,0.95343643
id25270,0.023360942,0.023224462,0.9534146
id14248,0.95205015,0.023787605,0.024162203
id12831,0.9507069,0.024081033,0.025212076
id18305,0.9497882,0.024199141,0.026012648
id07805,0.95113826,0.023834545,0.025027223
id14027,0.022691332,0.022757906,0.95455074
id02760,0.024679461,0.024487406,0.95083314
id24362,0.9504754,0.024145808,0.02537883
id17065,0.023893386,0.950697,0.02540955
id26583,0.072973795,0.899043,0.0279832
id19664,0.94946814,0.025426319,0.025105566
id25145,0.95043856,0.024405638,0.025155777
id17858,0.024195459,0.9505715,0.025233114
id05148,0.022632921,0.025273517,0.9520936
id22928,0.9519498,0.023462122,0.024588093
id21549,0.023402886,0.023334423,0.95326275
id12649,0.024198433,0.9506883,0.02511329
id21597,0.95053434,0.024527568,0.02493816
id27945,0.95107466,0.023973009,0.024952339
id00243,0.94988215,0.024630716,0.025487138
id02745,0.9422534,0.030886076,0.026860507
id23550,0.022336354,0.023248827,0.95441484
id13023,0.022796819,0.022886043,0.95431715
id24796,0.024297565,0.022982018,0.9527204
id12284,0.024472479,0.95025355,0.025273988
id02664,0.024215532,0.9504316,0.025352892
id23767,0.95106465,0.02376298,0.025172347
id05859,0.06005518,0.91452825,0.02541655
id14350,0.025912505,0.94520825,0.028879268
id01191,0.024241956,0.95146865,0.024289351
id17034,0.026232354,0.9411209,0.032646693
id25292,0.023772737,0.95238477,0.023842487
id22121,0.9503699,0.024451584,0.025178537
id20872,0.9500928,0.024588106,0.025319114
id17720,0.025246013,0.94734967,0.027404288
id22658,0.024303174,0.9501526,0.025544234
id09567,0.9504652,0.024549749,0.024985101
id16445,0.9497459,0.024820333,0.025433756
id08349,0.024022251,0.9511687,0.024809014
id27437,0.023588518,0.023064604,0.9533469
id03812,0.94922554,0.024903825,0.025870604
id22304,0.9469985,0.02624197,0.026759544
id04449,0.02454373,0.9502322,0.025224106
id15605,0.0240071,0.023565762,0.95242715
id01768,0.95140636,0.02363264,0.024961041
id20019,0.024085172,0.9508702,0.025044616
id09593,0.02419067,0.95038337,0.025425985
id23179,0.024029326,0.02266181,0.9533089
id21279,0.9492411,0.024710428,0.026048487
id06711,0.022663098,0.02304248,0.95429444
id14243,0.024149984,0.9506398,0.025210295
id04839,0.022758542,0.023595909,0.9536456
id17220,0.024384791,0.9505545,0.02506076
id24177,0.9516477,0.02401089,0.024341417
id20512,0.023548793,0.023779888,0.9526713
id14036,0.02416643,0.95035857,0.02547503
id25001,0.024252934,0.022917416,0.9528296
id06175,0.024718551,0.94955313,0.02572834
id24720,0.025840327,0.9490409,0.025118785
id08070,0.94911635,0.025367303,0.025516374
id18934,0.9513475,0.02386308,0.024789456
id01338,0.94953924,0.02518111,0.025279664
id19008,0.024399614,0.950204,0.025396373
id19632,0.023915606,0.022642842,0.9534415
id26224,0.023595389,0.02371088,0.9526937
id08219,0.94987774,0.023228867,0.026893381
id24008,0.023584787,0.023219138,0.9531961
id12475,0.046976134,0.9257431,0.027280789
id05766,0.02719516,0.02992643,0.9428784
id27386,0.02345304,0.9515813,0.02496563
id12476,0.024446152,0.9501587,0.025395164
id08311,0.95043856,0.024405638,0.025155777
id04996,0.035989553,0.93729144,0.026719058
id17350,0.026274547,0.94632405,0.027401367
id05546,0.02496503,0.94970155,0.025333418
id16504,0.024707314,0.9500488,0.02524388
id05782,0.022804115,0.023505032,0.9536908
id20560,0.95042574,0.024097433,0.025476832
id14171,0.023355616,0.02344703,0.9531973
id27461,0.022646548,0.022824164,0.9545293
id03581,0.023671681,0.023350246,0.95297813
id21847,0.023188597,0.02300814,0.95380324
id11712,0.94988215,0.024630716,0.025487138
id26738,0.023142833,0.02307513,0.953782
id13668,0.9506015,0.024409821,0.024988687
id15114,0.9499725,0.024513071,0.025514467
id20130,0.026793914,0.024064867,0.94914126
id18331,0.9486246,0.024985472,0.026389915
id24465,0.9496685,0.024625175,0.025706349
id13539,0.9439873,0.02363226,0.032380424
id27564,0.026387414,0.9476089,0.026003696
id26043,0.023910211,0.023793748,0.952296
id04965,0.023298405,0.023049472,0.95365214
id08645,0.023340786,0.023136541,0.9535227
id26610,0.025984932,0.023383908,0.95063114
id21737,0.02423974,0.9495253,0.026235014
id25784,0.024237417,0.950362,0.025400598
id23030,0.9497003,0.024891963,0.025407713
id16450,0.024214935,0.95040804,0.025377031
id02161,0.023223931,0.023383232,0.95339286
id25535,0.95171756,0.023410631,0.02487186
id16566,0.95077705,0.02408281,0.025140176
id05714,0.9490448,0.025315898,0.02563934
id16524,0.9460884,0.02862525,0.025286375
id23941,0.023995867,0.95105237,0.024951752
id00831,0.022870293,0.022537718,0.954592
id18145,0.02585599,0.02452782,0.9496162
id17227,0.9491396,0.025541933,0.025318427
id09417,0.9504404,0.02447729,0.025082236
id21307,0.95145386,0.02365691,0.024889264
id05650,0.024170026,0.9505,0.025329968
id23901,0.9499813,0.02487502,0.025143674
id05831,0.95025617,0.024568329,0.025175525
id16708,0.023815023,0.9503592,0.025825731
id02281,0.023070417,0.023342365,0.9535872
id11599,0.02446344,0.022847012,0.9526896
id18353,0.02333014,0.023582108,0.9530878
id07413,0.9455214,0.028608097,0.025870511
id15653,0.027968874,0.92349243,0.04853872
id09715,0.023138646,0.023251904,0.95360947
id05108,0.024193667,0.9505011,0.025305273
id09537,0.022634298,0.023352787,0.95401293
id27596,0.9489868,0.02494624,0.026066953
id24255,0.022633782,0.02337507,0.9539912
id05080,0.022663098,0.02304248,0.95429444
id09484,0.95047957,0.024240416,0.02528
id14864,0.023022223,0.023522194,0.95345557
id26836,0.9504865,0.024454584,0.025058968
id07003,0.95073026,0.024081625,0.025188085
id13750,0.024699964,0.9497662,0.025533848
id21799,0.023110248,0.023520077,0.9533697
id11285,0.9510995,0.024020504,0.024879996
id04735,0.94909966,0.024779236,0.02612102
id23049,0.022769962,0.02310596,0.95412403
id05826,0.94582725,0.028645305,0.025527474
id17916,0.024681356,0.9499779,0.025340788
id14081,0.023692638,0.023416609,0.95289075
id10527,0.022923084,0.023080321,0.95399654
id16059,0.024982098,0.95035094,0.024666945
id25542,0.9497989,0.024365408,0.025835723
id05402,0.022533676,0.02304553,0.9544208
id01927,0.025641238,0.94911504,0.025243707
id27656,0.9489822,0.024202228,0.026815599
id06708,0.024895595,0.9489119,0.026192477
id03524,0.02551357,0.94808567,0.02640069
id12297,0.9500978,0.024902381,0.024999844
id03439,0.9500442,0.024538875,0.025416913
id04587,0.024264129,0.9504806,0.025255352
id25470,0.024256906,0.9501977,0.025545446
id01212,0.024012871,0.9507973,0.025189862
id13932,0.9492534,0.025026457,0.025720218
id00124,0.023114478,0.023341313,0.95354426
id01592,0.94848764,0.025177797,0.026334621
id13461,0.942361,0.031010505,0.026628504
id24681,0.027341846,0.9205948,0.052063357
id23245,0.023384823,0.023157565,0.95345765
id14073,0.95063305,0.024008723,0.025358265
id05172,0.94965595,0.02508602,0.025258094
id21979,0.9500206,0.024538266,0.025441114
id00328,0.9498364,0.024677677,0.025485907
id26102,0.9507107,0.024175383,0.025113882
id14867,0.02340075,0.023423612,0.95317566
id27544,0.026546042,0.948662,0.024792006
id16228,0.9494174,0.024933197,0.025649408
id16342,0.024567725,0.9502328,0.025199503
id24933,0.951012,0.024183044,0.024804927
id04601,0.9508777,0.024369271,0.024753032
id01599,0.024286058,0.95041114,0.025302876
id06238,0.95023084,0.024495805,0.025273385
id06826,0.022813974,0.023082899,0.9541031
id23307,0.9501133,0.024492772,0.025393948
id13575,0.9486082,0.025156418,0.026235284
id24174,0.94988865,0.024945572,0.025165787
id19534,0.02502834,0.025646904,0.9493248
id19602,0.022964796,0.023167524,0.9538677
id26962,0.024057502,0.9507058,0.02523668
id04448,0.02433118,0.95031893,0.025349887
id09786,0.024017578,0.9509837,0.024998732
id25240,0.026179623,0.9484462,0.025374161
id14893,0.94959575,0.024599252,0.025804983
id24221,0.9486169,0.025453188,0.025929874
id04696,0.94898707,0.024535516,0.026477456
id15153,0.025924832,0.0284173,0.9456579
id13882,0.024220312,0.95061916,0.025160557
id17836,0.024240412,0.9504795,0.025279997
id00574,0.024267111,0.95059747,0.025135426
id02078,0.024165826,0.9503349,0.025499284
id21206,0.025260564,0.9497488,0.024990663
id20084,0.95082974,0.024273042,0.024897238
id26598,0.023211248,0.022985678,0.95380306
id06838,0.023332069,0.02257009,0.95409787
id08786,0.02329893,0.023027489,0.9536736
id09550,0.023007097,0.023232875,0.95375997
id10206,0.9504541,0.024192471,0.025353491
id21113,0.9503017,0.024521567,0.025176732
id21151,0.9322111,0.042032298,0.025756631
id02692,0.94947934,0.024668403,0.025852263
id26446,0.02439603,0.024611391,0.9509926
id07377,0.024999844,0.9500978,0.024902381
id15998,0.9503533,0.024072077,0.025574595
id19637,0.9501657,0.024710352,0.02512401
id19735,0.024178931,0.95085025,0.024970826
id13739,0.95018774,0.023533326,0.026278969
id25175,0.9509158,0.024062816,0.02502137
id00563,0.023305748,0.02367276,0.9530215
id09982,0.9488911,0.024968093,0.026140794
id15459,0.024589924,0.95016307,0.025246916
id20785,0.02314699,0.022899672,0.9539533
id07145,0.024079153,0.02342966,0.95249116
id22204,0.027866567,0.9456208,0.026512673
id09285,0.9501207,0.024854388,0.025024874
id18157,0.022365753,0.02289614,0.95473814
id12134,0.02309559,0.023208637,0.9536958
id23914,0.9502414,0.024187056,0.025571583
id10483,0.9450198,0.029299578,0.025680635
id07092,0.9494398,0.024885135,0.025675075
id14786,0.02262846,0.022672702,0.9546988
id25741,0.950391,0.024380596,0.02522832
id09050,0.02421072,0.95024264,0.025546655
id04938,0.95052904,0.024312804,0.025158172
id05901,0.023695879,0.023282988,0.9530211
id16975,0.024592951,0.95028,0.02512703
id08547,0.022477766,0.022676198,0.954846
id16355,0.9505324,0.024431895,0.025035718
id14568,0.950412,0.024309808,0.025278201
id25599,0.02434134,0.9507157,0.024942921
id01670,0.02442166,0.9501342,0.025444156
id23945,0.02435377,0.95027286,0.025373422
id17394,0.023365038,0.022121573,0.9545134
id06501,0.023566565,0.02304314,0.95339024
id26234,0.02421253,0.9503137,0.025473827
id21280,0.022902254,0.02303684,0.9540609
id20048,0.023526933,0.022825364,0.9536477
id01216,0.026675731,0.94865316,0.024671016
id25320,0.95018893,0.024710957,0.025100099
id22833,0.022561254,0.022782657,0.9546561
id22056,0.036380596,0.04349937,0.92012006
id02275,0.02489258,0.9497239,0.025383541
id26127,0.95042574,0.024097433,0.025476832
id17011,0.030599967,0.94360715,0.025792934
id13847,0.94857115,0.025626546,0.025802327
id00013,0.023950167,0.9510969,0.02495292
id16463,0.9507403,0.024413384,0.024846321
id04845,0.023474472,0.9505924,0.025933173
id01787,0.028162831,0.023599965,0.94823724
id08637,0.94979453,0.024294015,0.025911406
id11414,0.023122663,0.023926651,0.9529507
id13177,0.029494483,0.93655765,0.033947945
id24517,0.9527128,0.023366554,0.023920676
id26838,0.9502236,0.024304992,0.025471414
id23081,0.024165226,0.95031124,0.025523566
id16327,0.031698868,0.758305,0.20999612
id27282,0.025656242,0.94967043,0.024673367
id07489,0.022918936,0.023257134,0.953824
id01718,0.022878863,0.023103386,0.9540177
id15441,0.94859195,0.025402853,0.026005266
id27736,0.024428302,0.9503926,0.025179138
id16324,0.022619125,0.024007494,0.9533734
id12027,0.025944015,0.023994293,0.9500617
id24653,0.025218032,0.9500034,0.02477862
id17541,0.024010407,0.023431312,0.95255834
id22406,0.02855587,0.050411627,0.9210325
id18356,0.028631618,0.94537526,0.025993122
id04505,0.9517813,0.024897829,0.02332092
id04246,0.9522021,0.023537194,0.024260642
id07368,0.9501289,0.02430257,0.025568556
id26185,0.023191195,0.022898637,0.9539102
id08878,0.023790726,0.023103843,0.95310545
id27691,0.022767901,0.023194298,0.9540378
id18004,0.95126075,0.024024576,0.024714684
id24426,0.9506479,0.024411011,0.02494114
id14164,0.950878,0.024393091,0.024728877
id12653,0.024751365,0.94988555,0.02536308
id18060,0.9417023,0.026635889,0.03166181
id18556,0.9503629,0.02577544,0.023861676
id27371,0.023003431,0.02338851,0.9536081
id11989,0.025132589,0.94956243,0.025304982
id26095,0.9498454,0.024342814,0.025811769
id24978,0.024771553,0.022709468,0.952519
id20322,0.9447834,0.02365219,0.0315644
id01954,0.95003957,0.024419228,0.025541196
id07434,0.950669,0.023822784,0.02550825
id18144,0.022751313,0.02297458,0.9542741
id16250,0.024012871,0.9507973,0.025189862
id17793,0.023102352,0.022922568,0.9539751
id24067,0.023295851,0.02501722,0.951687
id13891,0.022650572,0.022650572,0.95469886
id07334,0.022104172,0.9519016,0.02599426
id15633,0.024375778,0.95020306,0.025421163
id23239,0.94853306,0.025105342,0.02636161
id10674,0.023818234,0.02290577,0.95327604
id22093,0.9500921,0.024564086,0.025343833
id08444,0.02459174,0.9502333,0.025174916
id03257,0.023673836,0.02326133,0.95306486
id10040,0.9506578,0.025309443,0.024032805
id04902,0.022834728,0.023126468,0.9540388
id01219,0.9512649,0.024260445,0.024474612
id01340,0.9497432,0.024723498,0.025533227
id05117,0.024329975,0.95027184,0.025398187
id04908,0.023015385,0.022880925,0.95410365
id03626,0.023326907,0.023717402,0.9529557
id01888,0.95023006,0.024471873,0.025298055
id17199,0.022856012,0.023148024,0.95399594
id11200,0.9454131,0.028465485,0.026121397
id27561,0.94597965,0.025731836,0.028288502
id20966,0.024278816,0.95012766,0.025593504
id10257,0.024351347,0.9501784,0.025470199
id21168,0.02428184,0.9502461,0.025472015
id23363,0.02402276,0.0238591,0.95211816
id05321,0.9487415,0.024891125,0.026367404
id09928,0.023547802,0.022890275,0.9535619
id18015,0.9503384,0.024236815,0.025424782
id02082,0.02396596,0.95079505,0.025239047
id19279,0.95003253,0.024276383,0.025691103
id08541,0.024336651,0.94960487,0.026058469
id15249,0.024532141,0.9497835,0.02568437
id03609,0.023930838,0.9512578,0.024811339
id22902,0.023360413,0.023246627,0.953393
id17733,0.9504436,0.024693456,0.024862837
id07554,0.022885023,0.02284037,0.9542746
id14120,0.9435725,0.024949675,0.0314778
id21802,0.023994293,0.95006174,0.025944017
id15614,0.023717131,0.9510854,0.025197495
id19437,0.023133898,0.023452355,0.9534137
id22698,0.94991004,0.024800394,0.025289536
id21841,0.024287255,0.950458,0.02525475
id16177,0.9505524,0.024313401,0.025134236
id15887,0.023825275,0.0235477,0.95262706
id22629,0.94652134,0.02572144,0.027757239
id10346,0.9503034,0.024593556,0.025103122
id05154,0.9501587,0.024446152,0.025395164
id22913,0.025955837,0.94864,0.02540414
id10544,0.025839165,0.94622207,0.027938798
id08703,0.032071073,0.9409224,0.02700655
id12817,0.023540385,0.023198068,0.95326155
id25433,0.9495385,0.024430193,0.026031217
id25112,0.022657458,0.023285544,0.954057
id05054,0.024213733,0.9503609,0.025425386
id02311,0.024453484,0.94951594,0.026030598
id22160,0.023260735,0.9502524,0.026486881
id17422,0.9500206,0.024538266,0.025441114
id18985,0.94893956,0.02496937,0.026091121
id21905,0.023226578,0.023271985,0.95350146
id17474,0.9505357,0.02467174,0.024792504
id15236,0.024145808,0.9504754,0.025378829
id13964,0.94963896,0.024504464,0.025856609
id15962,0.023963595,0.9507011,0.025335327
id20866,0.026433842,0.022434112,0.95113206
id06625,0.023203906,0.023294723,0.9535014
id09793,0.024218868,0.024289927,0.9514912
id17365,0.024240412,0.9504795,0.025279997
id18463,0.024199026,0.9507116,0.025089394
id20693,0.022369042,0.024615617,0.9530154
id08785,0.024556749,0.9498083,0.02563492
id06783,0.024826787,0.9462892,0.028884076
id23178,0.022813974,0.023082899,0.9541031
id13513,0.024226235,0.9508516,0.024922138
id25361,0.02228743,0.022594232,0.95511836
id22319,0.022984112,0.023277761,0.95373815
id14024,0.023541449,0.02315385,0.95330465
id24186,0.024195459,0.9505715,0.025233114
id20965,0.95011955,0.024136767,0.025743688
id06242,0.022757404,0.022713002,0.9545296
id25665,0.022318471,0.022166423,0.95551515
id09706,0.028153026,0.023939878,0.9479071
id11026,0.02431101,0.9504589,0.025230125
id04223,0.9516546,0.023523662,0.024821687
id19674,0.024424689,0.950252,0.025323357
id23420,0.02320654,0.023183888,0.9536096
id18059,0.025106188,0.9494917,0.02540213
id22576,0.9502755,0.024425292,0.025299266
id18495,0.024236817,0.9503384,0.025424784
id14139,0.95166594,0.023801237,0.024532799
id18313,0.023773247,0.9505468,0.025679918
id27356,0.95050395,0.024264725,0.02523132
id16035,0.022923084,0.023080321,0.95399654
id04182,0.95089895,0.023735648,0.025365356
id15667,0.9497683,0.024772488,0.025459208
id08713,0.95047647,0.024169426,0.02535409
id25563,0.024033992,0.95070475,0.025261309
id17023,0.9506407,0.024173602,0.025185712
id03014,0.024517331,0.9501376,0.025345048
id23812,0.02408928,0.9510325,0.024878241
id20057,0.9464652,0.025148658,0.028386062
id12385,0.028625837,0.02434193,0.9470323
id24416,0.0236147,0.95161307,0.024772173
id15672,0.025634088,0.9460746,0.02829134
id13868,0.95055383,0.024360972,0.02508523
id21095,0.023954166,0.023860779,0.9521851
id05305,0.027103756,0.8870964,0.08579975
id15384,0.022886043,0.022796819,0.95431715
id14049,0.026297286,0.023780832,0.9499219
id23441,0.95085585,0.02468005,0.024464088
id12856,0.023340259,0.023158621,0.9535011
id16055,0.023608893,0.023152253,0.9532389
id24771,0.94694644,0.026138226,0.026915321
id14053,0.9501447,0.023832912,0.02602241
id19547,0.022981495,0.023389038,0.9536295
id03639,0.024544077,0.9511741,0.024281831
id14546,0.9471132,0.02697269,0.025914064
id13935,0.9493743,0.025152162,0.02547351
id20335,0.025792573,0.94821256,0.025994865
id07301,0.02443191,0.02317689,0.9523912
id10186,0.9503266,0.024594156,0.025079234
id00192,0.94405067,0.024455609,0.031493753
id17851,0.9504363,0.024334187,0.025229525
id08403,0.024106367,0.950778,0.02511566
id06183,0.02600249,0.023652427,0.9503451
id24738,0.94124395,0.034301553,0.024454439
id15112,0.9145336,0.04235763,0.04310878
id19819,0.023213847,0.022876278,0.9539099
id17722,0.02288808,0.022709966,0.95440197
id24273,0.028247524,0.04178793,0.92996454
id18939,0.022931889,0.02363673,0.9534314
id16076,0.026666831,0.947411,0.02592221
id23158,0.022720354,0.023372998,0.95390666
id12745,0.95066583,0.0242215,0.025112696
id22538,0.028426064,0.026547803,0.94502616
id14975,0.031894233,0.9403143,0.027791487
id27537,0.95048386,0.024359178,0.025156977
id06632,0.0251919,0.023004785,0.9518033
id08100,0.024426498,0.9503224,0.02525115
id00843,0.9498766,0.024486672,0.025636764
id22159,0.023199134,0.02349553,0.9533053
id18672,0.038440146,0.025681786,0.9358781
id06916,0.946772,0.028701935,0.024526104
id22212,0.95049536,0.024075674,0.02542898
id00273,0.023332285,0.023492329,0.9531754
id26325,0.024205513,0.95096654,0.024827976
id23683,0.024523372,0.95037174,0.025104927
id14419,0.024678294,0.94986004,0.025461666
id11931,0.02443699,0.9498027,0.025760245
id00568,0.023563985,0.9514257,0.025010351
id12271,0.95064676,0.024363354,0.024989875
id12622,0.9469507,0.026705986,0.026343348
id03156,0.032450236,0.9400365,0.027513277
id25592,0.9515066,0.023820503,0.024672838
id24367,0.95111716,0.023880612,0.025002241
id16007,0.024083,0.023273757,0.9526433
id04785,0.02360568,0.023285141,0.9531092
id07888,0.023142312,0.023097157,0.9537605
id13557,0.027346184,0.9471892,0.025464566
id20726,0.9494049,0.02461834,0.025976768
id09580,0.9494424,0.0249826,0.025575045
id05173,0.024247557,0.9507596,0.02499284
id10394,0.02421912,0.9505724,0.025208507
id03926,0.02416643,0.95035857,0.02547503
id07264,0.95029724,0.024378192,0.025324563
id01862,0.024331782,0.9503424,0.025325768
id20808,0.024149984,0.9506398,0.025210295
id26658,0.9444702,0.023164393,0.03236537
id04479,0.95004064,0.024443112,0.025516296
id17445,0.027733883,0.9448018,0.027464362
id04430,0.024685618,0.9501419,0.025172496
id06052,0.94998866,0.024346488,0.02566484
id11485,0.9478762,0.026061885,0.026061885
id13060,0.023468288,0.024331767,0.95219994
id20873,0.95027286,0.02435377,0.025373422
id21927,0.024768308,0.95053583,0.02469585
id02736,0.022817053,0.022951141,0.9542318
id11234,0.02427388,0.0230045,0.9527216
id27894,0.9499331,0.024776787,0.02529015
id23208,0.023279848,0.022896558,0.9538236
id18470,0.023413975,0.02287159,0.95371443
id23172,0.026165156,0.94699687,0.026838012
id08752,0.023884645,0.022046585,0.9540688
id14242,0.023724684,0.023957504,0.95231783
id22908,0.9507124,0.024222687,0.025064925
id17454,0.024319638,0.023025371,0.952655
id23797,0.9481158,0.025764769,0.026119437
id03788,0.94987756,0.02451062,0.025611764
id23682,0.023891764,0.022686636,0.9534216
id07179,0.9494691,0.025253123,0.025277795
id09746,0.0238987,0.9509084,0.025192805
id26613,0.022757906,0.022691332,0.95455074
id05142,0.94926,0.024614584,0.026125435
id04825,0.024391087,0.94987196,0.025736978
id13691,0.94916254,0.025244972,0.025592487
id14183,0.02280829,0.023326382,0.95386535
id19519,0.023353817,0.022591129,0.954055
id26685,0.9497015,0.024965025,0.025333416
id07937,0.0240333,0.023430763,0.952536
id10574,0.024243997,0.95062,0.025136022
id15310,0.025071634,0.9491114,0.025817022
id27311,0.022772012,0.023017952,0.95421
id11590,0.026678687,0.023636006,0.9496853
id19798,0.02396596,0.95079505,0.025239047
id12201,0.02494476,0.94800436,0.02705085
id12460,0.022664625,0.02297662,0.95435876
id12019,0.9500179,0.02446641,0.025515687
id08046,0.9494925,0.025229098,0.02527842
id02989,0.023002379,0.023433164,0.9535644
id26905,0.022684228,0.023063965,0.9542518
id09779,0.95077795,0.024106365,0.02511566
id04359,0.94875675,0.025258834,0.025984397
id01526,0.94890386,0.02556054,0.02553559
id22325,0.027320798,0.94446355,0.028215596
id27878,0.94674987,0.027015055,0.026235081
id06413,0.024211926,0.95029,0.02549808
id12616,0.02408281,0.95077705,0.025140176
id05301,0.9506622,0.024126979,0.02521089
id13258,0.025418598,0.026328113,0.9482533
id08789,0.027752342,0.9463543,0.0258933
id11776,0.024485443,0.9498289,0.025685597
id21899,0.9505118,0.02457494,0.024913233
id18108,0.94330746,0.022599936,0.034092583
id23585,0.94885397,0.025310807,0.025835237
id22122,0.024039319,0.023186216,0.95277447
id22855,0.9345819,0.044010803,0.021407302
id19551,0.95047957,0.024240416,0.02528
id18535,0.024261728,0.9503866,0.02535169
id15115,0.023338674,0.023224993,0.9534364
id00678,0.94981873,0.024968108,0.02521313
id21876,0.5789816,0.37418383,0.0468346
id01553,0.9508528,0.02427363,0.024873542
id09456,0.9520429,0.02351029,0.024446834
id01455,0.02653685,0.94371426,0.029748902
id02454,0.024152355,0.9507332,0.025114477
id07911,0.024245288,0.023225565,0.95252913
id13383,0.94883245,0.025483847,0.02568372
id19953,0.025712447,0.02253657,0.95175093
id10316,0.9336752,0.039838422,0.026486328
id01991,0.022996511,0.0227508,0.95425266
id19176,0.9498155,0.024773719,0.025410794
id06744,0.027590835,0.023256512,0.94915265
id09999,0.024196925,0.02331545,0.95248765
id11253,0.022681152,0.023196358,0.95412254
id15089,0.024469022,0.94733983,0.028191186
id16821,0.023680596,0.023912983,0.9524064
id08256,0.94875956,0.025382543,0.025857905
id14844,0.024427444,0.024284733,0.9512878
id25950,0.02396655,0.9508184,0.025215033
id11961,0.024288453,0.95050484,0.025206715
id00092,0.023082899,0.022813974,0.9541031
id13083,0.02327304,0.023182308,0.9535447
id25825,0.9503055,0.024932157,0.024762306
id03045,0.023168044,0.022942897,0.953889
id19037,0.110909276,0.8605233,0.02856743
id24357,0.023519544,0.023132306,0.95334816
id24449,0.029860307,0.9435555,0.026584256
id22847,0.02417479,0.9506874,0.025137804
id27720,0.9508943,0.024109315,0.024996383
id11619,0.95160204,0.023986302,0.024411663
id03129,0.95175904,0.02389673,0.024344264
id04264,0.024312206,0.9505057,0.025182135
id19748,0.023331212,0.023537174,0.95313156
id20851,0.02353932,0.02324237,0.95321834
id13277,0.95075464,0.024105772,0.025139581
id06419,0.024309808,0.950412,0.025278201
id00581,0.9508528,0.02427363,0.024873542
id08765,0.9481472,0.024585728,0.02726712
id13492,0.024980297,0.9484283,0.026591387
id12049,0.023963,0.9506776,0.025359454
id12700,0.95034146,0.024308003,0.025350485
id07697,0.9510905,0.023810087,0.025099393
id00262,0.024149984,0.9506398,0.025210295
id20969,0.02421072,0.95024264,0.025546655
id18465,0.02265007,0.022672199,0.9546777
id10027,0.023928262,0.94929945,0.026772225
id03007,0.023136133,0.9497885,0.027075307
id23465,0.9505121,0.024598958,0.024888922
id09086,0.949979,0.024729636,0.025291372
id08015,0.024843983,0.9497229,0.02543314
id04285,0.026093721,0.023944946,0.94996136
id04356,0.022968937,0.02299138,0.9540397
id03554,0.951536,0.024314802,0.024149153
id06922,0.949187,0.025319692,0.025493369
id15733,0.024125189,0.95059174,0.025282983
id24934,0.023247303,0.022400422,0.9543523
id05529,0.9499423,0.024369087,0.025688663
id00298,0.022336567,0.93140465,0.046258833
id08158,0.94497186,0.02701704,0.02801109
id15135,0.025867512,0.023164855,0.9509676
id06574,0.027484354,0.023325665,0.94919
id20017,0.023880612,0.95111716,0.025002241
id14386,0.022835756,0.023082385,0.95408183
id24226,0.9503723,0.024547348,0.025080439
id24212,0.024410026,0.9487546,0.026835363
id14116,0.022987757,0.023122845,0.95388937
id14500,0.022491204,0.023024566,0.9544843
id22744,0.0225878,0.022565752,0.9548465
id16163,0.95025355,0.024472479,0.025273988
id17883,0.9496277,0.024817245,0.025555069
id04631,0.023054171,0.023099242,0.95384663
id26517,0.02395528,0.023815328,0.9522294
id12655,0.027993334,0.84570414,0.12630257
id01505,0.02385083,0.95085907,0.025290092
id00104,0.022758411,0.022669686,0.9545719
id20387,0.02459784,0.95139766,0.024004579
id02843,0.023246627,0.023360413,0.953393
id04361,0.023242706,0.0225937,0.95416355
id26813,0.95082706,0.024178341,0.024994615
id01466,0.023254935,0.92439044,0.052354656
id17090,0.9327301,0.04060286,0.026667044
id06691,0.022665134,0.02295471,0.9543802
id09408,0.9510413,0.0237624,0.025196325
id15285,0.94950634,0.024310376,0.026183302
id16283,0.95132893,0.024002846,0.024668232
id12607,0.95120084,0.023696858,0.025102304
id25965,0.025254797,0.02335687,0.95138836
id07268,0.024487898,0.9499241,0.025588023
id13529,0.023318008,0.02315915,0.95352286
id11969,0.02423259,0.9501727,0.025594719
id20299,0.02444006,0.94992197,0.02563799
id08770,0.023303103,0.022852384,0.9538445
id20730,0.02497605,0.024902986,0.9501209
id06333,0.024541305,0.95013833,0.025320329
id27451,0.9511423,0.023927933,0.024929758
id12111,0.023863154,0.02292657,0.9532103
id06609,0.025209699,0.024173008,0.9506173
id12299,0.9506131,0.024078656,0.025308253
id23264,0.95032614,0.024570137,0.025103724
id04222,0.94872344,0.026264107,0.025012486
id17229,0.024614574,0.95018715,0.025198292
id24365,0.022958526,0.023434218,0.95360726
id18294,0.024261128,0.95036304,0.02537583
id04493,0.95179373,0.02355009,0.024656193
id27575,0.94960326,0.024792384,0.02560437
id03801,0.95066446,0.02347625,0.025859267
id11611,0.023742246,0.022303779,0.953954
id01632,0.9208736,0.027376851,0.051749587
id06510,0.023974769,0.023951368,0.9520739
id20431,0.02474024,0.023015445,0.95224434
id23529,0.024188176,0.94750535,0.028306471
id13951,0.023314303,0.023314303,0.9533714
id00803,0.024188867,0.9503125,0.025498683
id06737,0.94525605,0.025863249,0.028880728
id24288,0.9495946,0.024575213,0.025830166
id08385,0.95460606,0.02314022,0.022253731
id22859,0.024174195,0.95066404,0.025161745
id22234,0.024711054,0.9492652,0.026023723
id10365,0.024168827,0.9504529,0.02537823
id00865,0.023751803,0.022841886,0.95340633
id19405,0.023260249,0.022788089,0.95395166
id11246,0.02321229,0.022941858,0.95384586
id19587,0.023455,0.02302381,0.95352125
id24614,0.024285458,0.9503876,0.025326971
id23623,0.9492049,0.025000755,0.025794365
id15271,0.02583171,0.023589049,0.9505792
id20478,0.023381108,0.02331271,0.9533062
id25277,0.9498795,0.024558593,0.025561845
id22004,0.94827193,0.02527059,0.026457503
id16728,0.024242802,0.9505732,0.025183924
id06907,0.025263635,0.9498643,0.024871958
id11895,0.024009911,0.9506801,0.025310036
id13802,0.025763314,0.9499158,0.02432086
id18459,0.02398108,0.9504663,0.025552666
id21371,0.9493205,0.024882007,0.025797505
id11408,0.02428184,0.9502461,0.025472015
id05442,0.9407782,0.035252195,0.02396958
id21499,0.024252864,0.02477956,0.9509676
id18066,0.028364694,0.9466768,0.024958527
id23617,0.022959575,0.023389561,0.9536509
id07725,0.023224993,0.023338674,0.9534364
id24627,0.025170753,0.022895861,0.95193344
id19108,0.94974947,0.025113003,0.025137538
id11800,0.023382172,0.023268279,0.95334953
id14588,0.9504626,0.024430102,0.025107328
id27474,0.9501322,0.024373958,0.025493845
id07924,0.9504612,0.024382398,0.025156377
id10772,0.94928044,0.025198841,0.025520787
id19235,0.02477673,0.023435239,0.95178807
id13647,0.023374032,0.022677027,0.9539489
id08673,0.95019245,0.024162205,0.02564529
id24850,0.023769952,0.95134366,0.02488638
id11764,0.95006853,0.024563478,0.025367966
id05197,0.94731426,0.02599561,0.026690159
id23600,0.022517223,0.022827186,0.9546556
id14699,0.02421912,0.9505724,0.025208507
id26801,0.022343408,0.022940379,0.95471627
id25664,0.94927883,0.02562063,0.025100559
id07809,0.9488226,0.025064006,0.026113397
id13081,0.022851344,0.023347601,0.9538011
id11381,0.022854064,0.024162289,0.9529836
id14721,0.023095066,0.023230786,0.9536742
id07800,0.9463767,0.021113368,0.03250997
id13883,0.9527983,0.023232127,0.023969593
id04488,0.9496843,0.024457818,0.025857845
id03530,0.95083356,0.023048772,0.02611768
id15823,0.023364112,0.023091914,0.953544
id11701,0.9432708,0.023799531,0.03292963
id07806,0.024399614,0.950204,0.025396373
id19036,0.024239216,0.95043254,0.025328169
id20765,0.9496958,0.024722263,0.02558187
id26691,0.022701781,0.023240136,0.95405805
id02642,0.022661567,0.023108525,0.95422995
id06475,0.9489512,0.025487036,0.025561813
id19019,0.93904907,0.022829896,0.038121033
id14616,0.02337576,0.023536105,0.95308816
id08537,0.9498128,0.024677066,0.025510177
id19126,0.024588093,0.023462122,0.9519498
id01774,0.023055729,0.023033222,0.95391107
id08623,0.9514006,0.024406496,0.024192926
id17150,0.022848733,0.023459202,0.9536921
id06325,0.022995489,0.022794265,0.9542102
id23161,0.02352536,0.022890804,0.95358384
id09876,0.025352892,0.024215532,0.9504316
id01551,0.02928852,0.025125302,0.9455862
id12334,0.024077464,0.950566,0.025356475
id03577,0.023585323,0.023197003,0.9532177
id20706,0.949698,0.024794856,0.02550709
id23704,0.039571434,0.5042284,0.45620018
id10029,0.024503846,0.94961494,0.025881218
id19600,0.024351347,0.9501784,0.025470199
id22367,0.02421072,0.95024264,0.025546655
id12262,0.9500159,0.02441862,0.025565516
id09698,0.024611538,0.95006996,0.025318507
id10919,0.9506913,0.024293218,0.02501546
id12508,0.024569536,0.95030284,0.025127634
id16206,0.02378207,0.023459136,0.9527587
id25927,0.02288041,0.023037355,0.95408225
id23189,0.025754562,0.9486663,0.025579104
id00406,0.021070886,0.95560575,0.023323344
id01257,0.025422508,0.9483992,0.026178325
id15147,0.95114493,0.023998205,0.024856895
id24692,0.024927318,0.95012105,0.024951674
id02919,0.024271859,0.95078343,0.024944697
id00339,0.024311608,0.9504823,0.025206119
id20981,0.024535824,0.9499261,0.025538145
id00658,0.9501853,0.02454252,0.025272174
id02255,0.022817053,0.022951141,0.9542318
id13282,0.94924957,0.024904454,0.025846008
id13189,0.9499241,0.024487898,0.025588023
id07267,0.9504326,0.024239218,0.02532817
id05272,0.07438152,0.023439495,0.902179
id22653,0.9503054,0.024738133,0.024956517
id06894,0.02353395,0.023465103,0.95300096
id21657,0.02617807,0.9474643,0.026357636
id00430,0.024344789,0.948069,0.027586263
id21655,0.023038384,0.022836784,0.9541248
id04764,0.9496323,0.02506091,0.025306843
id08665,0.02386422,0.02288286,0.9532529
id20985,0.02347207,0.023243967,0.95328397
id08095,0.66398144,0.30847865,0.027539933
id12015,0.9500746,0.024901774,0.025023662
id13210,0.02800564,0.94571114,0.026283182
id24937,0.027201565,0.9467918,0.026006661
id03675,0.024284856,0.95036405,0.02535109
id26951,0.94874287,0.024915483,0.026341707
id06104,0.022610864,0.022500727,0.95488846
id20105,0.023839766,0.9513466,0.024813654
id20441,0.022880925,0.023015385,0.95410365
id05660,0.94874537,0.02496426,0.026290378
id04078,0.023740025,0.023326367,0.9529336
id26101,0.023074089,0.023187032,0.9537389
id10144,0.024865178,0.94960535,0.025529522
id15096,0.02327304,0.023182308,0.9535447
id11903,0.023762668,0.023325827,0.95291156
id24093,0.022384606,0.023005132,0.9546103
id06388,0.0266891,0.024182335,0.94912857
id01203,0.95041406,0.023909613,0.025676332
id18448,0.9499487,0.024512457,0.025538754
id10382,0.03195063,0.025151918,0.94289744
id25109,0.023273567,0.023160202,0.95356625
id15526,0.022757404,0.022713002,0.9545296
id09411,0.02305365,0.023121286,0.95382506
id03937,0.02388054,0.023145812,0.95297366
id09740,0.023818234,0.02290577,0.95327604
id11584,0.023162829,0.023162829,0.9536743
id06135,0.9461761,0.027910171,0.02591372
id22666,0.9513728,0.023933733,0.02469347
id03104,0.9503405,0.024284253,0.025375227
id21763,0.94887275,0.026012965,0.025114333
id26344,0.023284066,0.02365074,0.9530652
id11819,0.94988865,0.023943113,0.026168276
id20309,0.02419007,0.95035976,0.025450196
id12751,0.9486093,0.025181025,0.026209706
id16205,0.023732953,0.023617351,0.9526497
id07347,0.022908958,0.023682375,0.95340866
id20347,0.027115835,0.94657695,0.026307248
id05696,0.024109239,0.023140388,0.9527504
id04648,0.9495614,0.025034579,0.025403997
id19654,0.9509595,0.023993526,0.025046969
id03991,0.023273567,0.023160202,0.95356625
id05523,0.023327447,0.023694802,0.9529778
id27445,0.9494804,0.02469253,0.02582706
id27516,0.02410459,0.9507079,0.025187492
id13992,0.022726541,0.023106987,0.9541665
id02429,0.023025913,0.02336569,0.9536084
id01682,0.024263527,0.9504571,0.025279403
id20561,0.9506479,0.024411011,0.02494114
id26906,0.9503741,0.024958322,0.024667548
id01724,0.95015687,0.024398403,0.02544476
id25283,0.9508237,0.024083992,0.025092352
id06926,0.0304373,0.9441066,0.025456162
id13887,0.94985485,0.024533983,0.025611153
id07530,0.94983304,0.024581382,0.025585568
id13460,0.9499066,0.024655413,0.02543806
id14695,0.024400821,0.95025104,0.025348073
id08133,0.94838214,0.024688067,0.026929818
id06364,0.02248882,0.024990281,0.9525209
id22368,0.024107547,0.9508246,0.025067883
id04855,0.024032805,0.9506578,0.025309443
id14016,0.028032497,0.94477093,0.027196571
id25801,0.024126383,0.9506387,0.025234897
id16241,0.022484198,0.02239654,0.95511925
id01120,0.0250071,0.024619402,0.95037353
id00058,0.046182264,0.91858107,0.035236694
id24503,0.0235917,0.022932947,0.9534754
id03213,0.024884507,0.9494159,0.025699511
id06040,0.9507899,0.023872398,0.025337694
id26219,0.023867654,0.950601,0.025531346
id23723,0.024068085,0.9511241,0.02480785
id17565,0.024489509,0.02366661,0.9518439
id02243,0.02472711,0.024462909,0.95081
id04802,0.94919527,0.024757542,0.026047228
id07148,0.023757776,0.023526896,0.95271534
id16071,0.9509595,0.023993526,0.025046969
id14810,0.94950974,0.02435799,0.026132308
id15386,0.9482835,0.02566886,0.026047636
id14768,0.9500742,0.02507257,0.024853172
id05056,0.95027375,0.02437759,0.02534868
id27065,0.9503748,0.02473994,0.024885325
id27245,0.025164112,0.9488983,0.025937567
id25911,0.9496708,0.024243455,0.026085742
id10581,0.9504165,0.024452783,0.02513064
id21852,0.02191826,0.02306004,0.95502174
id13922,0.03196339,0.94235325,0.025683304
id21904,0.02255621,0.02300109,0.9544427
id25974,0.022817563,0.022929251,0.9542532
id03323,0.024419837,0.9500632,0.025516903
id01385,0.9490666,0.02574028,0.025193164
id20469,0.94950974,0.024838407,0.0256519
id04281,0.11417702,0.5523412,0.33348182
id17752,0.9495999,0.024695639,0.025704492
id27768,0.95002824,0.024924884,0.025046887
id15545,0.024084583,0.95084697,0.025068473
id27853,0.02335988,0.023268808,0.9533713
id10103,0.9506473,0.024387173,0.024965497
id04374,0.20255774,0.042272236,0.75517005
id23102,0.025289908,0.94899684,0.025713267
id15727,0.023084952,0.022727052,0.954188
id22643,0.028913595,0.023830172,0.94725627
id26174,0.02265384,0.023441525,0.9539047
id16776,0.024283653,0.95031697,0.025399392
id11156,0.9511687,0.024022251,0.024809014
id18288,0.023240652,0.022680124,0.9540792
id21487,0.023456052,0.022979917,0.95356405
id06888,0.025765944,0.022363989,0.9518701
id24094,0.025220321,0.025617482,0.9491622
id21383,0.024384193,0.9505312,0.025084633
id10309,0.023371443,0.023716317,0.9529122
id09189,0.9505683,0.023473877,0.02595785
id26844,0.026882302,0.022703584,0.9504141
id02103,0.02287576,0.023235999,0.9538883
id13699,0.023137068,0.023318535,0.9535444
id05005,0.023124918,0.02290019,0.9539749
id19814,0.9502122,0.02471156,0.025076212
id24703,0.95034575,0.0244271,0.02522712
id04594,0.023201792,0.023383763,0.95341444
id13789,0.9491214,0.024731454,0.02614714
id01938,0.023860767,0.9512552,0.024884067
id24274,0.033286635,0.024784887,0.9419285
id13727,0.9510837,0.024374552,0.024541745
id19335,0.02246873,0.02306905,0.95446223
id21064,0.023124918,0.02290019,0.9539749
id04044,0.024193667,0.9505011,0.025305273
id01696,0.02368449,0.022821683,0.95349383
id05601,0.047217663,0.028167432,0.92461497
id13591,0.029820422,0.024196526,0.94598305
id09164,0.024501821,0.95046425,0.025033925
id16563,0.022928229,0.022861157,0.95421064
id00380,0.9505021,0.02421733,0.025280599
id04612,0.023390086,0.022937682,0.95367223
id17341,0.023572901,0.023711428,0.9527157
id23426,0.024194265,0.95052457,0.025281196
id02177,0.95036405,0.024284856,0.02535109
id24279,0.022993438,0.022881439,0.9541251
id07226,0.9509901,0.024229763,0.024780145
id23305,0.023334423,0.023402886,0.95326275
id00684,0.023301544,0.022917895,0.9537806
id22025,0.023157565,0.023384823,0.95345765
id26143,0.9522072,0.023838043,0.023954723
id12002,0.024742784,0.9467785,0.028478773
id04610,0.9503086,0.024118006,0.025573393
id27224,0.022794265,0.022995489,0.9542102
id10716,0.027798435,0.945153,0.027048618
id14057,0.950045,0.02456287,0.025392124
id14982,0.9509007,0.02436986,0.024729466
id00401,0.9511877,0.023905719,0.02490661
id12248,0.95095855,0.023970082,0.025071414
id04641,0.95174783,0.023548953,0.024703203
id01658,0.9492054,0.023972668,0.026821908
id03153,0.023327421,0.0227648,0.9539078
id27961,0.9486527,0.025059517,0.026287809
id15984,0.9497646,0.024651727,0.025583725
id01789,0.9500971,0.025097672,0.024805278
id27264,0.023158094,0.023362529,0.9534794
id05158,0.023244502,0.0234497,0.95330584
id14265,0.02213865,0.023543468,0.9543179
id20696,0.07743888,0.035454106,0.887107
id01133,0.028632285,0.025046794,0.94632095
id24953,0.95074207,0.02460491,0.024653014
id11298,0.023653422,0.023173282,0.95317334
id20917,0.9470017,0.027314084,0.025684277
id25275,0.024313996,0.9505757,0.025110316
id00850,0.95061916,0.024220312,0.025160557
id23225,0.024242802,0.9505732,0.025183924
id15602,0.023257656,0.02289708,0.95384526
id12160,0.94369024,0.027701255,0.02860851
id25388,0.024170026,0.9505,0.025329968
id13837,0.024081625,0.95073026,0.025188085
id06804,0.022843424,0.022754367,0.9544022
id19978,0.02439368,0.950901,0.02470534
id27563,0.023358818,0.02331324,0.95332795
id23762,0.9472693,0.02753609,0.025194617
id22734,0.023650553,0.95119816,0.025151309
id09094,0.028637083,0.023033025,0.9483299
id27270,0.023815896,0.9513226,0.024861539
id05043,0.024310773,0.9485951,0.027094156
id15290,0.024567725,0.9502328,0.025199503
id26333,0.94993544,0.024971176,0.025093403
id26111,0.94944024,0.026155923,0.024403824
id23029,0.023136014,0.023363058,0.9535009
id11837,0.94618046,0.026502471,0.027317062
id03497,0.023244502,0.0234497,0.95330584
id19290,0.9488502,0.026473638,0.02467614
id08008,0.947269,0.026507063,0.026223842
id24949,0.024165226,0.95031124,0.025523566
id25023,0.022720354,0.023372998,0.95390666
id02205,0.023893982,0.95072067,0.025385378
id11041,0.9497243,0.02491691,0.025358774
id14395,0.024237417,0.950362,0.025400598
id01130,0.9473634,0.023578217,0.029058404
id21066,0.023507645,0.022695564,0.9537968
id17774,0.9483992,0.02542251,0.026178325
id24519,0.023223931,0.023383232,0.95339286
id08460,0.9411816,0.018403959,0.04041443
id19897,0.024403838,0.95036846,0.025227724
id19028,0.9504046,0.024144007,0.025451396
id01850,0.94942206,0.025227226,0.025350703
id22472,0.024083992,0.95082366,0.025092352
id10709,0.07119653,0.5377623,0.39104125
id17260,0.023453116,0.02403275,0.9525141
id22262,0.95166725,0.023847802,0.024484964
id00115,0.94989055,0.024296472,0.025812997
id17483,0.022843424,0.022754367,0.9544022
id10763,0.95127195,0.023721782,0.02500631
id18014,0.023755934,0.9507826,0.02546152
id20414,0.94225913,0.02205187,0.03568901
id14244,0.023798954,0.9515746,0.024626454
id24952,0.94903946,0.024584843,0.026375683
id08217,0.022775585,0.022864727,0.9543597
id01578,0.02255418,0.023089036,0.9543568
id00641,0.94837743,0.025521424,0.026101144
id24982,0.95013756,0.02451733,0.025345048
id11192,0.9496507,0.024793623,0.025555687
id13759,0.023166485,0.023008661,0.9538248
id26752,0.95192987,0.023530466,0.024539603
id06820,0.94951236,0.02493569,0.025551965
id27298,0.94324213,0.028988557,0.027769336
id20735,0.026401157,0.02271481,0.95088404
id08390,0.025491271,0.9481825,0.02632615
id18571,0.022840882,0.0228632,0.95429593
id05804,0.024059277,0.950776,0.025164708
id11867,0.023768054,0.023104379,0.95312756
id10286,0.9513704,0.023863656,0.024765857
id22020,0.95129144,0.023652874,0.025055712
id25835,0.022961147,0.023322733,0.9537161
id06583,0.94981784,0.024895044,0.025287082
id21403,0.02435858,0.9504605,0.025180938
id26730,0.94908667,0.025046512,0.025866821
id06873,0.95072067,0.023893982,0.025385378
id03552,0.9493021,0.025076672,0.02562126
id05607,0.022899672,0.02314699,0.9539533
id26395,0.022941858,0.02321229,0.95384586
id02844,0.9460328,0.029074324,0.024892885
id19710,0.02428905,0.9505282,0.025182731
id17076,0.9505531,0.024337176,0.02510972
id14070,0.9505741,0.024266515,0.025159365
id17106,0.9499952,0.02448973,0.025515076
id24689,0.9501896,0.02505114,0.024759285
id03718,0.94187087,0.026150906,0.03197824
id03957,0.95077705,0.02408281,0.025140176
id18995,0.024400821,0.95025104,0.025348073
id11668,0.94913805,0.025195062,0.025666915
id15721,0.9503699,0.024451584,0.025178537
id10379,0.02572814,0.94861895,0.025652876
id15009,0.9492551,0.025645021,0.025099931
id11339,0.024621204,0.950443,0.024935767
id18532,0.025892071,0.94908583,0.02502204
id16469,0.95075464,0.024105772,0.025139581
id22464,0.024442503,0.950017,0.025540588
id06314,0.02293383,0.022622414,0.95444375
id27085,0.95177466,0.023641787,0.02458357
id14452,0.95074093,0.02446113,0.024797857
id14939,0.949574,0.02464678,0.025779204
id20094,0.9507139,0.025016056,0.024270084
id23077,0.9496777,0.025382306,0.024940033
id17527,0.9497845,0.024556136,0.025659325
id14895,0.9522074,0.02388465,0.023907986
id22577,0.022773035,0.02297407,0.9542529
id16111,0.023718296,0.9511322,0.025149563
id21649,0.024106596,0.022316739,0.9535767
id22954,0.95141196,0.023748456,0.024839606
id12624,0.023154702,0.022574188,0.95427114
id05737,0.95038337,0.02419067,0.025425985
id23937,0.023450764,0.023200199,0.95334905
id06620,0.023063455,0.022705888,0.95423067
id18650,0.0231192,0.02314179,0.953739
id09656,0.9501096,0.02439719,0.02549324
id10285,0.9517351,0.023025608,0.025239341
id05729,0.02365074,0.023284066,0.9530652
id00102,0.023505017,0.023735683,0.9527593
id26276,0.026461095,0.028835665,0.9447032
id12620,0.94081765,0.03354088,0.025641454
id17949,0.9502373,0.024116194,0.025646498
id15708,0.024260527,0.9503395,0.025399996
id18300,0.94464713,0.025545469,0.029807404
id04039,0.9454975,0.028607372,0.025895134
id12158,0.9513253,0.023885839,0.024788879
id23197,0.02439719,0.9501096,0.02549324
id25384,0.9456818,0.02909193,0.025226189
id09070,0.022884512,0.022862177,0.9542533
id27734,0.9513082,0.024096264,0.024595529
id27332,0.802773,0.17255542,0.024671536
id00973,0.94927347,0.024905082,0.02582143
id26625,0.042374026,0.6312535,0.32637253
id24578,0.024083402,0.95080036,0.025116252
id05423,0.02417479,0.9506874,0.025137804
id19124,0.024082217,0.9507537,0.025164118
id00946,0.9501039,0.024278209,0.025617868
id19229,0.030357722,0.944401,0.025241274
id05311,0.03271857,0.9141739,0.053107474
id03289,0.9508206,0.024013462,0.025165891
id17758,0.023912083,0.95144093,0.024647051
id24336,0.024306199,0.95027083,0.025422975
id00603,0.023310576,0.02347047,0.95321894
id26467,0.02271041,0.023800308,0.9534893
id27835,0.022690324,0.022801386,0.9545083
id06861,0.023569738,0.0229116,0.9535186
id23847,0.022898637,0.023191195,0.9539102
id06174,0.024024576,0.95126075,0.024714684
id10968,0.9502567,0.024592347,0.025150964
id10881,0.95071673,0.024388952,0.024894278
id03204,0.024303779,0.95017624,0.025519937
id21921,0.024834665,0.9493666,0.02579876
id06539,0.9496513,0.02481786,0.025530756
id08880,0.022655394,0.023374552,0.9539701
id14725,0.022379085,0.022313617,0.9553073
id26107,0.023877833,0.02325647,0.9528657
id07874,0.02550524,0.94962895,0.024865795
id23638,0.9503256,0.024546143,0.025128238
id13498,0.023154914,0.023496596,0.9533485
id18940,0.023414439,0.023783162,0.9528024
id02120,0.9517829,0.02399086,0.024226293
id26663,0.9504177,0.02450062,0.025081636
id20127,0.023184936,0.023162305,0.95365274
id27922,0.024176622,0.023205064,0.9526183
id15106,0.02394458,0.02332148,0.95273393
id22158,0.023389941,0.02387457,0.9527355
id17029,0.024131712,0.9508487,0.025019605
id02554,0.024683086,0.023415163,0.9519018
id18454,0.02305365,0.023121286,0.95382506
id09016,0.023385877,0.023113422,0.9535007
id02307,0.9504165,0.024452783,0.02513064
id01650,0.023290483,0.02338164,0.9533279
id01254,0.02421733,0.9505021,0.025280599
id12921,0.022758914,0.022648059,0.954593
id05721,0.02287576,0.023235999,0.9538883
id05798,0.023592766,0.95165807,0.024749164
id04417,0.022569062,0.023376618,0.95405436
id19620,0.95011693,0.024612755,0.025270356
id22680,0.024672126,0.9496227,0.025705108
id21992,0.022731137,0.022909421,0.9543595
id22823,0.023187304,0.95281917,0.023993537
id12750,0.026373629,0.9480392,0.025587173
id23220,0.023249924,0.0241525,0.95259756
id11851,0.04364918,0.26077557,0.6955753
id27438,0.9440304,0.028285403,0.027684191
id00797,0.022708949,0.0229318,0.9543593
id08593,0.9492527,0.025002014,0.025745329
id01042,0.02317115,0.022811914,0.9540169
id19898,0.024734505,0.950166,0.025099494
id24615,0.023275143,0.023094017,0.95363086
id18594,0.022258239,0.022942375,0.9547994
id08534,0.023016414,0.0228373,0.95414627
id03889,0.9519772,0.023577645,0.024445146
id04873,0.95008594,0.024396582,0.025517512
id08264,0.9506553,0.02398585,0.025358858
id10187,0.024562424,0.02355235,0.95188516
id14278,0.023209682,0.023051564,0.95373875
id22528,0.024239216,0.95043254,0.025328169
id07416,0.02479936,0.94801706,0.027183622
id02857,0.93575263,0.039888088,0.024359299
id03875,0.024471873,0.95023006,0.025298055
id24437,0.024216732,0.9504787,0.025304673
id24940,0.023566565,0.95060116,0.025832307
id15070,0.025042186,0.023250883,0.95170695
id14891,0.94904995,0.024753751,0.026196288
id02110,0.9497043,0.024386782,0.025908945
id24405,0.024728877,0.024393091,0.950878
id00373,0.023211768,0.022963755,0.95382446
id12728,0.94923335,0.025222212,0.025544455
id18958,0.9505273,0.024265321,0.025207313
id17443,0.024193667,0.9505011,0.025305273
id03959,0.9497203,0.024747059,0.025532613
id13218,0.02399408,0.023165196,0.95284075
id01980,0.9493015,0.02505218,0.025646275
id10697,0.95004773,0.024659075,0.025293201
id24816,0.9515622,0.023521379,0.024916418
id00088,0.023191713,0.022876795,0.95393145
id13846,0.02439901,0.9501805,0.025420558
id17597,0.95149654,0.023588762,0.024914699
id09947,0.024463966,0.94992304,0.025612991
id12050,0.95116943,0.02404574,0.024784818
id24060,0.02329525,0.023181781,0.953523
id19942,0.9479481,0.025911594,0.026140332
id06541,0.03010611,0.94207746,0.027816422
id05746,0.9499326,0.02420282,0.025864605
id13577,0.051235702,0.28885615,0.6599082
id11877,0.024353165,0.95024925,0.025397584
id19491,0.022365466,0.02197576,0.95565873
id11352,0.023130065,0.022682691,0.9541872
id12791,0.9506479,0.024411011,0.02494114
id05282,0.02263096,0.022564756,0.9548043
id26833,0.9521427,0.024641156,0.023216141
id00580,0.023040434,0.022749778,0.9542098
id01236,0.022963233,0.023233918,0.9538028
id05455,0.024742724,0.949554,0.02570325
id00069,0.024467627,0.9500652,0.025467167
id01605,0.9505079,0.024383595,0.025108526
id17737,0.9385312,0.030884476,0.030584335
id11315,0.023054691,0.023077214,0.9538681
id24044,0.023342764,0.022122078,0.9545352
id18677,0.950017,0.024442503,0.025540588
id17678,0.94983846,0.024750138,0.025411408
id21528,0.9501149,0.025344443,0.0245407
id21985,0.94603664,0.027073905,0.02688946
id12860,0.95071906,0.024580298,0.024700612
id08793,0.95088387,0.023874754,0.025241405
id09245,0.94970834,0.024458438,0.02583326
id12523,0.02288757,0.022731647,0.9543808
id07158,0.025129475,0.94944483,0.025425693
id03473,0.024516726,0.95011413,0.025369182
id05999,0.9507739,0.02401228,0.02521385
id02469,0.9485438,0.024861649,0.026594626
id16675,0.023097679,0.023120245,0.9537821
id20508,0.02350451,0.02282589,0.9536696
id12669,0.9501026,0.024254479,0.025642864
id22277,0.02334499,0.022960624,0.9536944
id00355,0.022961669,0.023300499,0.95373785
id24427,0.024243401,0.95059663,0.02515996
id19241,0.93541807,0.036554568,0.028027358
id26301,0.045587596,0.02706256,0.92734987
id09404,0.025684085,0.94791985,0.026396073
id14347,0.95094216,0.024157666,0.024900183
id06898,0.9492423,0.024734601,0.026023095
id08750,0.95018464,0.024518544,0.025296846
id13572,0.9500051,0.024973007,0.02502183
id08731,0.024008125,0.9506094,0.025382407
id20124,0.95086735,0.024014642,0.025118021
id14276,0.02306825,0.024364924,0.9525668
id13035,0.9514294,0.023633212,0.024937283
id24056,0.022279503,0.022941876,0.9547787
id21132,0.95030284,0.02402383,0.025673326
id21465,0.02329525,0.023181781,0.953523
id27148,0.02484951,0.94993424,0.025216196
id14482,0.02405613,0.024363479,0.9515804
id17950,0.9491816,0.025024565,0.02579373
id15233,0.024219716,0.9505958,0.025184521
id11794,0.022728588,0.023018975,0.9542524
id27227,0.024099153,0.9514222,0.024478659
id13093,0.02476568,0.94950724,0.025727097
id12869,0.024447966,0.9502293,0.025322752
id01256,0.9503503,0.024618799,0.025030922
id00934,0.025483001,0.022932218,0.95158476
id00121,0.02681866,0.94723856,0.025942817
id11054,0.024355577,0.9503434,0.025301073
id02573,0.95080775,0.024319932,0.024872363
id13626,0.022947034,0.022991896,0.9540611
id25047,0.94997585,0.025415083,0.0246091
id04465,0.024260527,0.9503395,0.025399996
id09344,0.02338851,0.023003431,0.9536081
id24254,0.02425751,0.95022136,0.02552115
id04266,0.023223931,0.023383232,0.95339286
id19734,0.02212909,0.023033096,0.9548378
id13127,0.9497008,0.024916291,0.025382923
id27066,0.023127498,0.022791186,0.9540813
id13629,0.023021694,0.023544636,0.9534337
id26484,0.9507313,0.02410518,0.025163524
id02074,0.02488089,0.02305605,0.9520631
id24688,0.95072705,0.024011098,0.025261901
id17455,0.024121609,0.95045066,0.025427787
id14980,0.9501773,0.024327554,0.025495054
id15840,0.9513099,0.024214253,0.024475768
id20440,0.023057798,0.022945486,0.95399666
id25262,0.94901466,0.02504461,0.025940746
id20395,0.02453521,0.94990236,0.02556246
id14332,0.024462909,0.95081,0.02472711
id07118,0.028062908,0.022439348,0.94949776
id26424,0.95119566,0.024187714,0.024616648
id21308,0.048221722,0.07161592,0.8801624
id21688,0.02414588,0.023517543,0.95233655
id09581,0.02451915,0.95020807,0.02527278
id27297,0.95011854,0.02468501,0.025196472
id20086,0.03746763,0.060078103,0.90245426
id03762,0.024674127,0.9506276,0.024698237
id10789,0.026236257,0.024193587,0.9495702
id18058,0.022930782,0.022752333,0.9543169
id01701,0.9500206,0.024538266,0.025441114
id17232,0.029276526,0.94335467,0.02736879
id23541,0.95008016,0.023924565,0.025995243
id20699,0.02380181,0.95168877,0.024509441
id06657,0.022743206,0.022390604,0.9548662
id13807,0.023545505,0.023916293,0.95253825
id18344,0.03132034,0.9397696,0.028910056
id09363,0.022709455,0.02290993,0.95438063
id12470,0.02451368,0.9499961,0.025490195
id13430,0.9485698,0.025928585,0.025501681
id13549,0.023625504,0.02339591,0.9529786
id24423,0.95040905,0.024238618,0.02535229
id15402,0.9517238,0.023525374,0.024750873
id22070,0.02571833,0.94918364,0.025098043
id05977,0.9498837,0.024678908,0.025437446
id18772,0.024416326,0.022869915,0.9527137
id11214,0.029077418,0.94336575,0.027556846
id01263,0.9495611,0.025010137,0.025428807
id03187,0.94975364,0.02441188,0.025834493
id07817,0.9502114,0.024663324,0.025125217
id08796,0.02417716,0.95078063,0.025042256
id02347,0.023780983,0.023503928,0.9527151
id08989,0.023081869,0.02285756,0.95406055
id24462,0.044983383,0.92629755,0.028719109
id05147,0.023451822,0.023155976,0.95339215
id26389,0.024493989,0.9501604,0.025345657
id12300,0.022612186,0.023375586,0.9540123
id06273,0.9479786,0.024437744,0.027583634
id27453,0.027359413,0.936607,0.036033582
id19255,0.9479152,0.024340842,0.027743874
id22593,0.9511247,0.024091616,0.024783652
id07089,0.95053864,0.024006339,0.025454985
id22379,0.024422873,0.95018137,0.02539577
id22024,0.95014393,0.024854997,0.025001058
id25541,0.023210527,0.9519125,0.024876954
id10216,0.024404187,0.9513105,0.024285315
id07493,0.9506958,0.024531735,0.024772476
id25552,0.023296764,0.022186553,0.9545167
id21244,0.9510597,0.023371613,0.02556862
id17278,0.024642423,0.94940615,0.025951447
id14850,0.95176095,0.024154864,0.024084201
id21434,0.02285082,0.023369877,0.9537793
id22924,0.9502816,0.024689246,0.025029112
id17321,0.95145905,0.023772836,0.024768164
id04319,0.95200384,0.023716863,0.024279289
id09823,0.023872988,0.9508135,0.025313588
id03485,0.024128165,0.9507089,0.025162933
id12138,0.9475547,0.031181414,0.021263877
id00196,0.02305365,0.023121286,0.95382506
id07822,0.022674203,0.022563757,0.95476204
id21775,0.023277761,0.022984112,0.95373815
id13407,0.026244264,0.023895673,0.94986004
id12430,0.024306199,0.95027083,0.025422975
id23691,0.95099276,0.024419867,0.024587372
id17641,0.023921493,0.9508863,0.02519222
id09125,0.02463803,0.95016426,0.025197685
id18512,0.9503516,0.024909033,0.024739334
id01639,0.023518652,0.024099903,0.95238143
id06860,0.022685248,0.023019996,0.9542948
id25534,0.9503866,0.024261728,0.02535169
id13546,0.9507079,0.02410459,0.025187492
id10032,0.95063424,0.024032209,0.025333544
id05228,0.022532154,0.023111586,0.9543563
id24992,0.023005005,0.023321686,0.95367336
id14168,0.9502134,0.024832549,0.0249541
id20747,0.9492545,0.025075415,0.025670063
id16986,0.9517161,0.02413015,0.024153726
id11226,0.9475606,0.028810125,0.023629231
id13998,0.95052457,0.024194265,0.025281196
id15169,0.951911,0.023187835,0.024901222
id00737,0.9490183,0.024632355,0.026349353
id24476,0.94921565,0.024685645,0.026098713
id03044,0.9504879,0.024526369,0.024985699
id26746,0.9504336,0.02426293,0.025303476
id10776,0.9491387,0.024041312,0.026820023
id06266,0.023222871,0.023427878,0.9533493
id13362,0.9453378,0.02813161,0.026530635
id09335,0.95055664,0.023913197,0.025530154
id15894,0.024038715,0.9508916,0.025069648
id15866,0.023999482,0.022945236,0.95305526
id25763,0.023104915,0.023745408,0.9531497
id01091,0.024103995,0.95068455,0.025211483
id11647,0.95018935,0.024735112,0.02507561
id19671,0.023315893,0.023247687,0.95343643
id18007,0.023459723,0.022826936,0.95371336
id01473,0.9493982,0.02517737,0.025424447
id07169,0.023039922,0.0227715,0.9541885
id05484,0.022826683,0.022538723,0.9546346
id18452,0.9502387,0.024139794,0.025621504
id27490,0.9490634,0.025070367,0.025866188
id11050,0.9509996,0.023854356,0.02514606
id07588,0.022849776,0.023414498,0.9537357
id21194,0.94893956,0.02496937,0.026091121
id07282,0.022651762,0.023531115,0.9538171
id03652,0.95160115,0.023939475,0.024459366
id04009,0.024306802,0.95029444,0.025398789
id27188,0.9502088,0.02524813,0.024543125
id19554,0.9499804,0.02480223,0.025217421
id04072,0.95086735,0.024014642,0.025118021
id19023,0.95172983,0.024606429,0.023663772
id08801,0.024049567,0.022769673,0.95318073
id08893,0.026108801,0.023380935,0.9505103
id03644,0.02424992,0.9508523,0.024897829
id00579,0.9497658,0.024222214,0.026012033
id15631,0.9498585,0.024630103,0.025511404
id07828,0.9485952,0.025727497,0.025677297
id00411,0.024176568,0.9507573,0.02506611
id26553,0.9515288,0.023797808,0.024673413
id05221,0.023468867,0.02337737,0.9531538
id20958,0.9494009,0.024546215,0.02605287
id19691,0.9504541,0.024192471,0.025353491
id10400,0.95078856,0.023849063,0.025362413
id16157,0.02320126,0.023406077,0.9533927
id26110,0.024504464,0.94963896,0.025856609
id26270,0.024779228,0.95002675,0.025194038
id04157,0.9500001,0.024633775,0.025366139
id24711,0.023125436,0.022878347,0.95399624
id05534,0.024384296,0.023222256,0.9523935
id21712,0.024781665,0.9501201,0.025098281
id03280,0.023661923,0.02282221,0.9535159
id14997,0.023091914,0.023364112,0.953544
id21964,0.023398604,0.023513133,0.9530883
id20963,0.023486411,0.023578333,0.9529353
id08635,0.024098033,0.95044935,0.025452595
id16390,0.026625097,0.945005,0.02836996
id16486,0.024741706,0.023886994,0.9513713
id14367,0.023508819,0.023577793,0.9529134
id10560,0.95074207,0.02460491,0.024653014
id14106,0.95044386,0.024717586,0.024838574
id09668,0.95033365,0.024142206,0.025524165
id18250,0.9491457,0.024732085,0.026122289
id26648,0.94437486,0.020701595,0.034923498
id27314,0.95138186,0.023608966,0.0250092
id04581,0.02445628,0.022202553,0.9533412
id06405,0.023557622,0.9511688,0.025273638
id17908,0.023274092,0.02313812,0.9535878
id07217,0.9497574,0.0244836,0.025759017
id17285,0.024029857,0.022640193,0.95333
id19589,0.9500159,0.02441862,0.025565516
id15916,0.94892734,0.025611145,0.025461517
id26239,0.9488226,0.025064006,0.026113397
id20163,0.9511045,0.023648225,0.025247263
id22845,0.022592261,0.02237271,0.9550351
id11509,0.9192866,0.027517136,0.053196285
id26789,0.94281864,0.031207884,0.025973504
id24679,0.93777674,0.03653953,0.025683679
id19832,0.9508487,0.024131712,0.025019603
id11724,0.94958466,0.025010757,0.025404617
id01539,0.9506505,0.024626577,0.024722962
id22039,0.025253553,0.95041287,0.024333585
id07621,0.023089271,0.023475787,0.9534349
id16398,0.024245778,0.95068985,0.02506433
id15932,0.029875427,0.023783904,0.9463407
id17054,0.024476089,0.9503938,0.02513004
id23487,0.95068914,0.024222095,0.0250888
id16099,0.02433118,0.95031893,0.025349887
id25225,0.95034784,0.024498818,0.025153374
id18173,0.02529686,0.9492577,0.02544552
id24856,0.9495261,0.024645535,0.0258283
id14760,0.024137652,0.022920122,0.9529422
id25291,0.9472413,0.026714182,0.026044428
id16267,0.9494369,0.024356123,0.026206968
id07922,0.022920495,0.023190677,0.95388883
id20870,0.9477474,0.025654348,0.02659826
id21780,0.024121217,0.023585474,0.95229334
id21309,0.9502595,0.024930952,0.024809519
id05849,0.948399,0.024353264,0.02724774
id16246,0.022953182,0.02273012,0.95431674
id25081,0.024283653,0.95031697,0.025399392
id06468,0.9487889,0.026342984,0.024868073
id13842,0.025650032,0.94944054,0.024909465
id23976,0.022512179,0.023046037,0.9544418
id25649,0.95083123,0.024344297,0.024824444
id26815,0.024031017,0.9505871,0.025381811
id09343,0.023368834,0.022894474,0.9537367
id03120,0.9499595,0.024250826,0.025789673
id16638,0.95096385,0.024111077,0.02492508
id18625,0.022963233,0.023233918,0.9538028
id01679,0.9485368,0.022791894,0.028671313
id17137,0.024303174,0.9501526,0.025544234
id14684,0.023131602,0.022617836,0.9542506
id01671,0.046592843,0.8621383,0.091268905
id27271,0.027310262,0.023042507,0.94964725
id16321,0.95064163,0.024197243,0.02516115
id07468,0.024378192,0.95029724,0.025324563
id20777,0.023001598,0.022534689,0.9544637
id26036,0.9511017,0.024091035,0.024807269
id23135,0.02250023,0.022632454,0.95486736
id07669,0.023497127,0.023132838,0.95337003
id00142,0.024168227,0.9504293,0.025402395
id12357,0.94976366,0.024627643,0.025608694
id08890,0.02221358,0.023971742,0.9538147
id21379,0.024882313,0.9502597,0.024858026
id12099,0.94989926,0.024463356,0.025637377
id06503,0.024141429,0.023697622,0.95216095
id14408,0.51302314,0.46167088,0.025306053
id17370,0.03370084,0.9379479,0.028351245
id25432,0.95037055,0.02447549,0.025153976
id10132,0.022891853,0.023480533,0.9536276
id27069,0.024447966,0.9502293,0.025322752
id11515,0.94938666,0.024738364,0.025874997
id01323,0.9502236,0.024304992,0.025471414
id22520,0.022817053,0.022951141,0.9542318
id03293,0.023051564,0.023209682,0.95373875
id19708,0.022956738,0.022578765,0.9544645
id22346,0.9503442,0.024379397,0.0252764
id27744,0.94978553,0.024580155,0.025634307
id04004,0.9510495,0.023925599,0.025024887
id09476,0.9507864,0.02441457,0.024799043
id01582,0.023366215,0.023003956,0.95362985
id23782,0.035372477,0.024778515,0.93984896
id03403,0.023125952,0.02285653,0.9540175
id11119,0.024126979,0.9506622,0.02521089
id16681,0.9470857,0.027773788,0.025140582
id16399,0.95068914,0.024222095,0.0250888
id22630,0.9474646,0.026280535,0.026254887
id27950,0.9483482,0.025346775,0.026305046
id00046,0.95009506,0.0246844,0.025220465
id25556,0.023150088,0.022768933,0.954081
id16039,0.95007056,0.0246356,0.025293808
id09110,0.95020306,0.024375778,0.025421163
id19881,0.95037174,0.024523372,0.025104927
id21735,0.95252615,0.023157546,0.024316346
id02023,0.9510793,0.024114005,0.024806682
id01230,0.024218526,0.950549,0.025232516
id14916,0.023110056,0.022596767,0.95429313
id04944,0.94955647,0.024815382,0.025628125
id04349,0.023983674,0.023588797,0.9524275
id22580,0.024042238,0.9510309,0.024926838
id00343,0.03395468,0.94224834,0.023796963
id14218,0.024194265,0.95052457,0.025281196
id10546,0.9506047,0.02467353,0.024721768
id05627,0.024272243,0.023070442,0.95265734
id13735,0.024168827,0.9504529,0.02537823
id01525,0.023009181,0.023144396,0.9538464
id25242,0.6950614,0.039443117,0.26549548
id17077,0.9515812,0.0241503,0.02426851
id05672,0.9488066,0.025859186,0.025334269
id22404,0.024307406,0.950318,0.025374627
id25704,0.023973009,0.95107466,0.024952339
id00903,0.95050913,0.024431298,0.025059564
id15496,0.950776,0.024059277,0.025164708
id09903,0.024014786,0.023253206,0.952732
id03419,0.9505102,0.024479087,0.025010696
id06647,0.02281654,0.022973048,0.9542104
id16700,0.02426293,0.9504336,0.025303476
id08983,0.9497258,0.025235297,0.025038913
id20782,0.9510257,0.023531087,0.025443172
id24494,0.94792366,0.02521202,0.026864277
id10495,0.021035925,0.9484465,0.030517552
id21262,0.94852823,0.024167039,0.02730473
id25689,0.022922568,0.023102352,0.9539751
id03705,0.02285653,0.023125952,0.9540175
id01187,0.59778714,0.3585271,0.043685827
id24649,0.94078124,0.03263491,0.026583863
id12629,0.023244241,0.022529092,0.9542266
id15211,0.025232824,0.9496327,0.025134448
id13170,0.02560553,0.023820408,0.9505741
id14801,0.023816476,0.9513457,0.024837876
id18525,0.9510894,0.025469735,0.023440918
id21963,0.94915855,0.025793104,0.025048409
id23746,0.022696353,0.02254173,0.9547619
id18216,0.030210443,0.023061581,0.946728
id16493,0.0234481,0.02331111,0.9532408
id12987,0.024390139,0.9507629,0.024846911
id04814,0.9492539,0.025050923,0.025695125
id18602,0.054338,0.025257178,0.9204048
id23173,0.024264725,0.95050395,0.02523132
id21165,0.024061639,0.02506906,0.9508693
id26123,0.95076144,0.024318745,0.024919774
id22608,0.023338674,0.023224993,0.9534364
id21139,0.9506095,0.024008129,0.02538241
id21853,0.023874165,0.9508604,0.025265444
id24128,0.9499705,0.024465188,0.025564292
id15666,0.9505575,0.024528166,0.024914429
id11552,0.024193667,0.9505011,0.025305273
id17621,0.023049472,0.023298405,0.95365214
id20001,0.94967216,0.024721649,0.025606228
id14166,0.024588713,0.9501163,0.025295027
id24108,0.02363723,0.95159113,0.024771603
id19871,0.024397796,0.9501332,0.025468988
id22361,0.022851864,0.02332534,0.9538228
id21065,0.037151974,0.8123878,0.15046018
id20749,0.9498015,0.024413109,0.025785383
id20898,0.02456104,0.94997424,0.025464728
id10398,0.023035292,0.022967903,0.9539968
id03578,0.023170598,0.023766445,0.953063
id25932,0.94620556,0.023850277,0.029944172
id11133,0.023097157,0.023142312,0.9537605
id15794,0.02866046,0.9472521,0.024087435
id24479,0.94969666,0.024746442,0.025556926
id09563,0.024441382,0.9509015,0.024657147
id11279,0.024715787,0.9503746,0.024909636
id26680,0.9497008,0.024916291,0.025382923
id20529,0.023034776,0.02298983,0.9539754
id11761,0.9500879,0.02444433,0.025467776
id02337,0.024404438,0.9503918,0.02520372
id04890,0.023705216,0.021966605,0.95432824
id15707,0.023198068,0.023540385,0.95326155
id26204,0.047890697,0.02388189,0.92822737
id15611,0.95011955,0.024136767,0.025743688
id17714,0.023275398,0.02401424,0.9527104
id15392,0.9498538,0.024510007,0.025636148
id14685,0.02421733,0.9505021,0.025280599
id02508,0.027781924,0.94736314,0.024854964
id12406,0.9502134,0.0249541,0.024832549
id24096,0.024413723,0.9498254,0.02576086
id19837,0.95036304,0.024261128,0.02537583
id25565,0.022851344,0.023347601,0.9538011
id27598,0.95054483,0.024124,0.025331162
id26085,0.9498813,0.02460665,0.025512017
id17400,0.023728639,0.022864223,0.95340717
id04501,0.94926757,0.024759427,0.025973009
id02468,0.02327304,0.023182308,0.9535447
id07394,0.9493739,0.02353614,0.027089931
id18917,0.024810398,0.9493657,0.02582394
id14083,0.9493048,0.025322834,0.025372341
id22675,0.02276376,0.02337196,0.95386434
id27343,0.022387613,0.022873804,0.95473856
id23206,0.023282038,0.025595298,0.95112264
id11105,0.023840342,0.9513696,0.024790034
id21017,0.02343,0.023134429,0.9534356
id13716,0.024013149,0.023319842,0.95266706
id00352,0.02426233,0.9504101,0.02532757
id12173,0.02229677,0.02311715,0.954586
id15008,0.94599587,0.025185328,0.02881878
id23347,0.02304806,0.022426378,0.9545256
id23939,0.023167975,0.02480711,0.95202494
id12090,0.9493274,0.025175491,0.025497139
id08307,0.025131969,0.949539,0.025329081
id21316,0.022935582,0.023479482,0.95358497
id16457,0.024432462,0.023154791,0.9524128
id23808,0.022756392,0.022756392,0.9544872
id12826,0.034431726,0.93975484,0.025813367
id16819,0.028454356,0.032023355,0.9395223
id15128,0.025335269,0.949771,0.024893815
id14953,0.024367249,0.94987065,0.025762089
id04083,0.9508013,0.024106955,0.02509176
id00773,0.024081625,0.95073026,0.025188085
id24585,0.023331212,0.023537174,0.95313156
id01362,0.027001891,0.023005899,0.94999224
id04514,0.9451266,0.027852003,0.027021462
id19075,0.95064163,0.024197243,0.02516115
id06283,0.9490881,0.025816388,0.025095515
id19848,0.024369087,0.9499423,0.025688663
id02566,0.024216732,0.9504787,0.025304673
id26973,0.023633543,0.02306354,0.9533029
id09333,0.023568518,0.023892958,0.95253855
id21745,0.023294194,0.023226049,0.95347977
id27167,0.025148395,0.9492322,0.025619373
id08481,0.028450828,0.9449263,0.02662288
id19456,0.9504541,0.024192471,0.025353491
id01495,0.95114034,0.023881195,0.024978444
id15069,0.023208048,0.022188568,0.95460343
id18174,0.023110248,0.023520077,0.9533697
id14450,0.022455411,0.023648256,0.95389634
id04149,0.024494592,0.95018387,0.025321541
id10972,0.023353817,0.022591129,0.954055
id05547,0.024175974,0.95073396,0.025089983
id17670,0.024098033,0.95044935,0.025452595
id04740,0.9482096,0.025591772,0.026198663
id24842,0.023066195,0.023521135,0.95341265
id26895,0.02334499,0.022960624,0.9536944
id15591,0.022539226,0.022804912,0.9546559
id20895,0.023941945,0.9507704,0.025287734
id11532,0.023231309,0.023073042,0.95369565
id16516,0.0231192,0.02314179,0.953739
id14940,0.021905627,0.9526089,0.025485525
id17152,0.9495597,0.02438307,0.02605723
id12870,0.024247764,0.9498396,0.025912635
id17405,0.023460431,0.024658456,0.9518811
id22274,0.024332384,0.9503659,0.025301673
id08337,0.022755383,0.02279987,0.95444477
id19549,0.023269868,0.023315363,0.95341474
id19195,0.94876456,0.024867436,0.026368044
id11564,0.9495022,0.024644917,0.025852887
id26771,0.02314179,0.0231192,0.953739
id24955,0.024792384,0.94960326,0.02560437
id22140,0.025467983,0.023508076,0.951024
id19920,0.023480006,0.022913706,0.95360625
id09807,0.024549749,0.9504652,0.024985101
id27426,0.9524624,0.023246625,0.024290984
id22006,0.94971406,0.024578305,0.025707582
id10604,0.9445862,0.028302057,0.027111711
id11017,0.9498155,0.024773719,0.025410794
id14335,0.023204962,0.023250327,0.95354474
id08707,0.9493855,0.024714185,0.025900247
id15869,0.022738924,0.023506602,0.9537545
id20593,0.9508663,0.023991173,0.025142534
id07428,0.9505918,0.024125192,0.025282985
id11527,0.023187848,0.023970678,0.95284146
id14901,0.95064914,0.024482667,0.024868213
id19733,0.9508663,0.023991173,0.025142534
id24677,0.9356535,0.042893734,0.021452788
id26656,0.023196466,0.023607822,0.9531957
id11707,0.95067346,0.023892796,0.025433747
id26218,0.02517737,0.9493982,0.025424447
id19262,0.022941858,0.02321229,0.95384586
id24905,0.02351098,0.02348803,0.95300096
id09170,0.94982004,0.024318408,0.02586154
id05772,0.023368834,0.022894474,0.9537367
id25405,0.02335722,0.023380041,0.95326275
id18491,0.023019485,0.02270691,0.9542736
id07780,0.022438113,0.023469057,0.9540928
id01689,0.02395972,0.023634378,0.9524059
id17498,0.02337576,0.023536105,0.95308816
id19964,0.9499261,0.024535824,0.025538145
id14525,0.023468545,0.022459544,0.95407194
id26363,0.022540228,0.022761427,0.9546984
id07108,0.02342856,0.024125095,0.9524464
id11692,0.9501124,0.024468843,0.025418736
id10891,0.025151245,0.94841313,0.026435614
id16743,0.02384847,0.95076495,0.02538656
id11556,0.95002484,0.024682576,0.025292592
id09116,0.95315033,0.022635927,0.024213761
id24015,0.024029857,0.022640193,0.95333
id00347,0.022646548,0.022824164,0.9545293
id06284,0.023057282,0.022967389,0.9539753
id18794,0.024372743,0.95008487,0.025542414
id10702,0.024079846,0.95066005,0.02526012
id19239,0.022585304,0.022673702,0.95474094
id26016,0.94990605,0.023252256,0.026841706
id26227,0.023672218,0.023327988,0.9529998
id05367,0.029807404,0.94464713,0.025545469
id09568,0.023172207,0.023698565,0.9531292
id04660,0.95067483,0.023916174,0.025408959
id04744,0.94988906,0.024272718,0.025838176
id07251,0.08488599,0.8810839,0.034030143
id25977,0.02419486,0.950548,0.025257144
id06244,0.022663098,0.02304248,0.95429444
id24560,0.026735608,0.948001,0.025263371
id05091,0.02288757,0.022731647,0.9543808
id27248,0.021562422,0.9543124,0.024125192
id12528,0.028896362,0.026259096,0.9448445
id27322,0.94994104,0.024345266,0.025713725
id27213,0.024646165,0.023017665,0.9523362
id18588,0.95173746,0.0239663,0.024296215
id14485,0.022615276,0.023242194,0.9541426
id27475,0.023425238,0.024263427,0.9523114
id02280,0.023806348,0.024323346,0.9518703
id24083,0.0241476,0.95054597,0.025306465
id02321,0.022912128,0.023547273,0.95354056
id10299,0.022854459,0.023214364,0.95393115
id27680,0.95066315,0.024150578,0.025186308
id17607,0.023222083,0.022529604,0.9542483
id06661,0.022486122,0.023245264,0.95426863
id23860,0.9504152,0.024405038,0.025179738
id26850,0.02425932,0.9502923,0.025448387
id16484,0.9499286,0.024607876,0.025463505
id15302,0.024337873,0.023223361,0.9524388
id21138,0.9513558,0.024286471,0.024357729
id02525,0.022826392,0.9509006,0.026273016
id12608,0.02405691,0.9506824,0.025260715
id23863,0.023101835,0.022944452,0.9539537
id01755,0.9508237,0.024083992,0.025092352
id10567,0.9504652,0.024985101,0.024549749
id08445,0.0253967,0.027166972,0.94743633
id18146,0.025964951,0.023206742,0.9508283
id22263,0.951434,0.023725823,0.024840182
id13537,0.02369534,0.023305207,0.9529995
id19985,0.944357,0.023139007,0.032504015
id08053,0.023402352,0.023356685,0.95324093
id18959,0.024241611,0.9505265,0.025231916
id06641,0.024148792,0.95059294,0.025258338
id27291,0.024238018,0.9503856,0.02537643
id16124,0.023633013,0.023085555,0.95328146
id18221,0.02313812,0.023274092,0.9535878
id25670,0.9502805,0.024616992,0.025102517
id18472,0.9501124,0.024468843,0.025418736
id10302,0.022850301,0.023392178,0.9537575
id07721,0.026255066,0.94839686,0.025348073
id22148,0.023013325,0.02296842,0.95401824
id04724,0.02416643,0.95035857,0.02547503
id03980,0.9495946,0.024575213,0.025830166
id11982,0.9501063,0.024325738,0.025567949
id05566,0.023942536,0.9507938,0.025263676
id13235,0.024308005,0.95034146,0.025350487
id24524,0.026937012,0.022572752,0.9504902
id26783,0.022781318,0.023550428,0.95366824
id02220,0.024313401,0.9505524,0.025134236
id17163,0.9502549,0.024520358,0.025224708
id21903,0.9496284,0.024841512,0.02553014
id13350,0.023028012,0.023276716,0.9536953
id07036,0.9503938,0.024476089,0.02513004
id09150,0.95092815,0.02382928,0.02524258
id22042,0.023046842,0.023409776,0.95354337
id19562,0.023334956,0.023380576,0.9532845
id05125,0.9506681,0.024292625,0.025039293
id19462,0.9503424,0.024331782,0.025325768
id02265,0.951544,0.023612987,0.024843052
id11769,0.95073026,0.024081625,0.025188085
id19021,0.949982,0.0249724,0.025045667
id06166,0.9497229,0.024843983,0.02543314
id26800,0.9489466,0.026398873,0.024654562
id21422,0.023131773,0.023541981,0.9533262
id13116,0.02497696,0.94922805,0.025794994
id05996,0.9498754,0.024462739,0.02566178
id23318,0.95079255,0.023919133,0.025288323
id20725,0.023517946,0.0231986,0.9532834
id09210,0.95109487,0.023509827,0.02539537
id25842,0.024807889,0.9492697,0.025922388
id00767,0.94672924,0.024765672,0.028505113
id05036,0.024681965,0.95000136,0.025316678
id14853,0.024323346,0.023806348,0.9518703
id16946,0.023150088,0.022768933,0.954081
id26804,0.02489443,0.9497944,0.025311163
id24061,0.023106474,0.022748241,0.9541453
id19861,0.9488563,0.025509384,0.025634248
id18210,0.9511423,0.023927933,0.024929758
id24313,0.023957523,0.02279355,0.9532489
id15960,0.024003947,0.025552068,0.950444
id14037,0.95027083,0.024306199,0.025422975
id17785,0.022594212,0.023220548,0.95418525
id19362,0.02356124,0.023264011,0.95317477
id10372,0.9494106,0.024738988,0.025850393
id03061,0.028398216,0.94594616,0.02565565
id27583,0.023489647,0.023443814,0.9530666
id22055,0.950204,0.024399614,0.025396373
id07920,0.02393488,0.9514186,0.024646472
id16813,0.95178306,0.024014303,0.024202652
id03088,0.0769403,0.027784409,0.8952753
id03026,0.024592951,0.95028,0.02512703
id09934,0.9508285,0.024225647,0.02494588
id21452,0.9486316,0.025132485,0.026235932
id05576,0.023432638,0.023024336,0.95354307
id22391,0.022294248,0.023227675,0.9544781
id10554,0.950074,0.025097063,0.024828907
id03291,0.022878863,0.023103386,0.9540177
id23280,0.94941914,0.02445099,0.026129814
id17777,0.022926176,0.022948578,0.9541252
id24574,0.949713,0.024554286,0.025732672
id05459,0.024564086,0.9500921,0.025343833
id02724,0.02347047,0.023310576,0.95321894
id27678,0.9510696,0.02385611,0.025074342
id21722,0.024189467,0.9503361,0.025474427
id18139,0.94811016,0.02551423,0.026375605
id16264,0.024285458,0.9503876,0.025326971
id14537,0.9505072,0.025133042,0.024359778
id18814,0.95162433,0.02396345,0.024412237
id08331,0.02436632,0.9507625,0.024871178
id03963,0.9493277,0.025200097,0.02547226
id07558,0.9500471,0.024634993,0.025317896
id26275,0.9479001,0.02405688,0.028043063
id26188,0.024261128,0.95036304,0.02537583
id06789,0.0238386,0.023931902,0.9522295
id21788,0.02460665,0.9498813,0.025512017
id13972,0.94990414,0.024583222,0.02551263
id08643,0.94958097,0.024840271,0.025578778
id09642,0.02444433,0.9500879,0.025467776
id14054,0.9502549,0.024520358,0.025224708
id12216,0.022965834,0.023123365,0.9539108
id09211,0.02463194,0.9499294,0.02543867
id16903,0.023968905,0.9509119,0.025119197
id18976,0.022254735,0.023096109,0.95464915
id01861,0.9492811,0.025272792,0.025446149
id22745,0.024108727,0.9508711,0.025020193
id03560,0.95011324,0.024042506,0.025844272
id17799,0.9506009,0.024385981,0.025013084
id12387,0.022950117,0.022860644,0.95418924
id09450,0.95094216,0.024157666,0.024900183
id18088,0.02281088,0.0232154,0.9539737
id21697,0.9493887,0.024786782,0.025824565
id26128,0.02433118,0.95031893,0.025349887
id27462,0.023376618,0.022569062,0.95405436
id19394,0.95043784,0.024381798,0.025180336
id19929,0.024709744,0.9501423,0.025147937
id16056,0.026491078,0.94577366,0.027735312
id08756,0.023190677,0.022920495,0.95388883
id09203,0.024089865,0.9510556,0.02485456
id14098,0.95114565,0.024021668,0.024832653
id24641,0.94981897,0.025188528,0.024992509
id24507,0.024198433,0.9506883,0.02511329
id20161,0.95131004,0.024475772,0.024214257
id11710,0.02274271,0.022411993,0.9548453
id15751,0.02397184,0.9510283,0.024999905
id06617,0.023103843,0.023790726,0.95310545
id19131,0.94991964,0.024392312,0.025688052
id02796,0.028699981,0.94486034,0.026439663
id15575,0.024083402,0.95080036,0.025116252
id21828,0.9466555,0.026489897,0.02685455
id15093,0.024562867,0.95004493,0.02539212
id27867,0.03124128,0.023547638,0.9452111
id19315,0.02307461,0.023164922,0.9537605
id19398,0.94780374,0.026085354,0.026110837
id01572,0.02334264,0.95266765,0.023989722
id09781,0.9501085,0.02437335,0.02551812
id19278,0.9481546,0.02645423,0.025391143
id11852,0.023243435,0.023494465,0.9532621
id07067,0.023083413,0.022792215,0.9541244
id08550,0.025388287,0.94897425,0.025637435
id02634,0.94479084,0.024450893,0.030758271
id02449,0.9510069,0.024018165,0.02497494
id10359,0.9503668,0.024356179,0.025277002
id00217,0.95018893,0.024710957,0.025100099
id20848,0.024149388,0.95061636,0.025234304
id20229,0.95002484,0.024682576,0.025292592
id02211,0.95027286,0.02435377,0.025373422
id08435,0.024572544,0.9504192,0.025008302
id23681,0.023495,0.023221273,0.9532837
id00571,0.023221573,0.022551121,0.9542273
id16280,0.022253228,0.023162305,0.9545845
id15022,0.023223931,0.023383232,0.95339286
id08040,0.024079418,0.022488367,0.9534322
id18087,0.94990724,0.02467952,0.025413249
id11280,0.9502088,0.024543125,0.02524813
id21543,0.9497948,0.024918761,0.02528647
id00245,0.95023334,0.024591742,0.02517492
id13745,0.022361737,0.023071574,0.9545667
id15734,0.9499326,0.02420282,0.025864605
id22572,0.024238618,0.95040905,0.02535229
id12741,0.02283421,0.02314854,0.9540173
id16477,0.03231588,0.9425656,0.025118522
id26261,0.023158094,0.023362529,0.9534794
id15867,0.9508759,0.024274219,0.024849864
id10479,0.9493479,0.02500452,0.025647528
id17736,0.022662077,0.023086488,0.95425147
id17768,0.022942377,0.023190157,0.95386744
id14172,0.9490913,0.025243077,0.02566565
id01972,0.02387074,0.023546604,0.9525827
id10962,0.9501952,0.024209509,0.025595322
id16692,0.9492085,0.024565222,0.026226263
id25471,0.024085758,0.95089346,0.02502078
id05603,0.024264129,0.9504806,0.025255352
id15340,0.95055914,0.02299716,0.026443733
id22971,0.94764143,0.024405207,0.027953396
id06765,0.024980098,0.9493474,0.025672575
id19864,0.95108396,0.02442221,0.024493864
id15834,0.02426293,0.9504336,0.025303476
id17395,0.023075653,0.023120765,0.9538036
id02585,0.024260527,0.9503395,0.025399996
id13154,0.9500652,0.024467627,0.025467167
id12972,0.024668984,0.94764906,0.027681965
id11103,0.025200404,0.023604333,0.95119524
id26062,0.023126433,0.02376752,0.95310605
id07339,0.950204,0.024399614,0.025396373
id06096,0.9505884,0.024054531,0.025357073
id22945,0.024167027,0.9503822,0.025450796
id10058,0.9504823,0.024311608,0.025206119
id06435,0.94934595,0.02493132,0.025722727
id12636,0.023097679,0.023120245,0.9537821
id25423,0.022969967,0.022947548,0.9540825
id12990,0.022583302,0.022760425,0.9546563
id24106,0.024315685,0.9478606,0.027823672
id14481,0.02508105,0.94946784,0.025451154
id03617,0.023498187,0.023088744,0.95341307
id26055,0.9503866,0.024261728,0.02535169
id23712,0.9510793,0.024114005,0.024806682
id19441,0.024378192,0.95029724,0.025324563
id17042,0.9483628,0.025125364,0.026511772
id09018,0.024420446,0.95008695,0.025492633
id08879,0.024776787,0.9499331,0.02529015
id10841,0.024487898,0.9499241,0.025588023
id04776,0.024685618,0.9501419,0.025172496
id26526,0.02343579,0.022892902,0.9536713
id14181,0.023537198,0.024260646,0.9522022
id18396,0.92220306,0.023750076,0.054046854
id05585,0.9422834,0.033282917,0.024433676
id11546,0.02292205,0.023124402,0.95395356
id08027,0.024991892,0.9497956,0.025212517
id00659,0.030647134,0.024291279,0.9450616
id10937,0.02419187,0.9504305,0.025377631
id01898,0.023373913,0.9520826,0.024543539
id23695,0.022553671,0.023111075,0.9543353
id07856,0.024494177,0.9483137,0.027192129
id25233,0.9504584,0.023864072,0.02567753
id24052,0.02344703,0.023355616,0.9531973
id01698,0.024747675,0.949744,0.025508327
id01356,0.024352562,0.9502257,0.025421768
id10430,0.02433598,0.95050645,0.025157573
id04778,0.02384784,0.022622824,0.95352936
id24707,0.025109915,0.94963264,0.025257474
id04539,0.025140014,0.023160066,0.9516999
id20011,0.95030576,0.024883518,0.024810726
id09950,0.024407433,0.95050853,0.025084035
id14397,0.950547,0.02417122,0.025281793
id04457,0.024443112,0.95004064,0.025516296
id19469,0.025132589,0.94956243,0.025304982
id24230,0.034060046,0.070194475,0.89574546
id16719,0.94865024,0.025010556,0.026339134
id20183,0.024419837,0.9500632,0.025516903
id24531,0.022982018,0.023366738,0.95365125
id04934,0.9495393,0.02523034,0.02523034
id17230,0.023449168,0.023266682,0.95328414
id07561,0.9513195,0.023746148,0.024934402
id12282,0.024654184,0.94985926,0.025486523
id14992,0.9489283,0.02475058,0.026321137
id02934,0.95085585,0.02468005,0.024464088
id00189,0.9516001,0.023892738,0.024507158
id27941,0.02460481,0.94981027,0.025584955
id14642,0.024382997,0.9504846,0.02513244
id23445,0.9495158,0.025180489,0.02530374
id21603,0.023202868,0.024268951,0.9525282
id21046,0.024283048,0.95029336,0.025423577
id02264,0.024312206,0.9505057,0.025182135
id00409,0.95055664,0.024480283,0.024963114
id00351,0.9506499,0.024554519,0.024795482
id14362,0.02401464,0.95086735,0.02511802
id20757,0.9462579,0.027159693,0.026582405
id22764,0.95117074,0.024092782,0.02473649
id19264,0.022409998,0.02282969,0.9547603
id04506,0.9505305,0.024360374,0.025109122
id18505,0.9490929,0.02546596,0.025441105
id27354,0.023498718,0.023066726,0.9534346
id22410,0.95044935,0.024098033,0.025452595
id14241,0.02419784,0.950665,0.025137212
id18785,0.93761504,0.03685574,0.025529226
id16649,0.9513779,0.02419235,0.024429759
id16386,0.024031017,0.9505871,0.025381811
id09051,0.023350717,0.022720871,0.9539284
id22296,0.9503266,0.024594156,0.025079234
id08584,0.023945672,0.023277031,0.9527773
id22219,0.023120765,0.023075653,0.9538036
id18790,0.024306802,0.95029444,0.025398789
id10922,0.02435678,0.025252953,0.9503903
id15002,0.024916988,0.02349896,0.95158404
id24862,0.02417062,0.95052344,0.025305865
id25845,0.94984096,0.02487135,0.025287699
id17586,0.026280696,0.94839597,0.025323307
id09390,0.023202319,0.023361469,0.9534362
id20069,0.949351,0.025176117,0.025472885
id05953,0.024932157,0.9503055,0.024762306
id15583,0.024287255,0.950458,0.02525475
id03482,0.9383713,0.023104887,0.038523737
id06243,0.9493929,0.024908215,0.025698889
id01116,0.0236228,0.023507735,0.9528695
id17530,0.024060458,0.95082265,0.025116839
id07552,0.023515277,0.023309505,0.9531752
id03131,0.024149984,0.9506398,0.025210295
id23142,0.022876795,0.023191713,0.95393145
id05540,0.9483543,0.025570692,0.02607503
id06292,0.94887567,0.025212709,0.02591163
id26506,0.9492102,0.0255189,0.025270905
id19068,0.023279848,0.022896558,0.9538236
id21782,0.023110056,0.022596767,0.95429313
id24563,0.024214333,0.9503845,0.025401197
id21986,0.9501203,0.024805881,0.025073787
id04967,0.022951655,0.023726514,0.9533218
id11760,0.023169082,0.022899155,0.95393175
id02483,0.94898975,0.025019506,0.025990779
id15791,0.023595383,0.02278027,0.95362437
id14256,0.024358856,0.02331158,0.9523295
id18328,0.9489906,0.025043976,0.02596543
id06213,0.02519947,0.94930404,0.025496513
id00772,0.9517432,0.023457032,0.02479977
id01113,0.9495522,0.024694398,0.02575345
id03972,0.9504588,0.024311006,0.02523012
id25386,0.02403695,0.9508217,0.025141357
id09156,0.025419679,0.9464433,0.028137019
id22624,0.9328919,0.036349196,0.03075892
id17789,0.025351318,0.9485182,0.026130524
id09039,0.024997558,0.95093906,0.024063405
id20538,0.035831492,0.025051083,0.93911743
id05501,0.023333354,0.023447564,0.95321906
id27641,0.9542495,0.023176799,0.022573678
id05965,0.023322733,0.022961147,0.9537161
id23431,0.952138,0.024188044,0.023673922
id13075,0.022927202,0.022904824,0.954168
id26190,0.024639478,0.023282671,0.95207787
id12196,0.9438347,0.020329244,0.03583607
id21318,0.02466514,0.9502813,0.025053559
id11277,0.024722885,0.9497196,0.025557542
id07193,0.9500801,0.0242776,0.025642257
id17105,0.022997024,0.022729099,0.9542739
id18263,0.9504764,0.023517493,0.026006084
id22875,0.022281496,0.022854479,0.954864
id07157,0.023389941,0.02387457,0.9527355
id15051,0.9513415,0.023723517,0.02493498
id08871,0.024233272,0.024638942,0.95112777
id17036,0.02268982,0.022823155,0.954487
id02783,0.02257572,0.02308853,0.9543358
id26418,0.9505683,0.024124596,0.025307061
id15748,0.9497763,0.024388632,0.025835108
id00820,0.024912577,0.94955915,0.02552828
id27695,0.939679,0.033664264,0.026656643
id27286,0.17335933,0.7714612,0.055179473
id11680,0.022835756,0.023082385,0.95408183
id01070,0.02339478,0.022741526,0.9538637
id18486,0.02265849,0.023241166,0.9541004
id12389,0.02488887,0.9495823,0.025528902
id12544,0.026833197,0.94682693,0.026339907
id04692,0.9503424,0.024331782,0.025325768
id17342,0.95011896,0.024709137,0.025171889
id09640,0.023209162,0.023073565,0.9537173
id24300,0.02293453,0.023524307,0.9535412
id13725,0.05401515,0.026570242,0.9194146
id22633,0.9491388,0.02524434,0.025616853
id16653,0.95118576,0.023859024,0.024955252
id00184,0.95121336,0.023976505,0.02481018
id23872,0.95080304,0.02415413,0.025042847
id05095,0.02386799,0.023659132,0.9524729
id05757,0.023608359,0.023174351,0.9532173
id26883,0.95080453,0.02420139,0.024994021
id01868,0.9486259,0.025009915,0.026364192
id13053,0.023634607,0.023019573,0.95334584
id24443,0.94583225,0.028009227,0.02615851
id12795,0.024369696,0.9499661,0.025664229
id05298,0.023496596,0.023154914,0.9533485
id07560,0.022769962,0.02310596,0.95412403
id10281,0.9471538,0.024825219,0.028020985
id07254,0.94997793,0.024681356,0.025340788
id00837,0.025518162,0.9482563,0.026225552
id04534,0.022820111,0.022820111,0.95435977
id16716,0.94945025,0.024214165,0.026335614
id04057,0.031391665,0.9437512,0.024857111
id14988,0.03555207,0.025345962,0.939102
id05353,0.024465075,0.022781698,0.95275325
id21250,0.02639418,0.9469266,0.026679238
id25963,0.024353165,0.95024925,0.025397584
id10370,0.022776091,0.022842916,0.954381
id26934,0.9497835,0.024532141,0.02568437
id07649,0.022788089,0.023260249,0.95395166
id21169,0.951997,0.02490347,0.023099521
id25824,0.9505021,0.02421733,0.025280599
id01154,0.024453484,0.94951594,0.026030598
id02523,0.9515116,0.024007456,0.02448096
id07677,0.95032865,0.02476291,0.02490843
id24447,0.022775076,0.022886554,0.95433843
id23036,0.022372214,0.022613836,0.955014
id05424,0.94880867,0.025483208,0.025708167
id18807,0.023192232,0.022854978,0.95395285
id05894,0.024285458,0.9503876,0.025326971
id08494,0.024320245,0.025787834,0.94989187
id17181,0.9512215,0.023651134,0.025127375
id24037,0.024144007,0.9504046,0.025451396
id22495,0.95081,0.02472711,0.024462909
id21717,0.9524808,0.023156445,0.024362724
id00477,0.033137806,0.94046825,0.026393972
id03167,0.022942897,0.023168044,0.953889
id08783,0.02363248,0.023107588,0.95325994
id11954,0.9496513,0.02481786,0.025530756
id03029,0.95113593,0.02378798,0.02507609
id16359,0.94998103,0.024850735,0.025168234
id02984,0.95017946,0.02437517,0.025445366
id24559,0.9497958,0.025187913,0.025016319
id26880,0.02346672,0.02346672,0.9530666
id00656,0.024753707,0.023413466,0.9518328
id07825,0.024268301,0.9506441,0.025087612
id16525,0.024674602,0.94971794,0.025607463
id08849,0.95162106,0.02455561,0.023823367
id09260,0.02428905,0.9505282,0.025182731
id22233,0.9514581,0.023749607,0.024792342
id12191,0.02353395,0.023465103,0.95300096
id15505,0.024308005,0.95034146,0.025350487
id15882,0.9422192,0.022817662,0.034963083
id10569,0.023103843,0.023790726,0.95310545
id26059,0.9504294,0.024168229,0.025402397
id13055,0.02378207,0.023459136,0.9527587
id05388,0.9501525,0.024303172,0.025544232
id25199,0.024121609,0.95045066,0.025427787
id11813,0.023506602,0.022738924,0.9537545
id14866,0.02363673,0.022931889,0.9534314
id22247,0.022904312,0.022949092,0.9541466
id08196,0.9518058,0.024061827,0.024132425
id27246,0.026499303,0.9497701,0.023730636
id21926,0.022597788,0.023066005,0.9543362
id01930,0.022935582,0.023479482,0.95358497
id26406,0.023747869,0.023934128,0.952318
id07760,0.025712503,0.94989586,0.024391701
id24815,0.022646548,0.022824164,0.9545293
id22063,0.950045,0.02456287,0.025392124
id21513,0.023773247,0.9505468,0.025679918
id04006,0.94987756,0.02451062,0.025611764
id06177,0.9441818,0.03166776,0.024150454
id24010,0.9513318,0.024143973,0.024524186
id16402,0.023611555,0.023042079,0.9533464
id23894,0.94973797,0.024578923,0.025683139
id18867,0.9498313,0.024129445,0.026039243
id01691,0.02454252,0.9501853,0.025272174
id11818,0.025339575,0.9480789,0.026581591
id18481,0.023227632,0.023227632,0.9535448
id20137,0.95071626,0.024365135,0.024918592
id14630,0.03184859,0.9435648,0.024586663
id03058,0.023217466,0.022723971,0.9540586
id27857,0.024103401,0.9506611,0.02523549
id19345,0.030406373,0.9413071,0.028286558
id12726,0.028027073,0.02461333,0.9473596
id06015,0.022641478,0.02304299,0.95431554
id26548,0.02289313,0.022494229,0.9546126
id20284,0.023180198,0.023362001,0.95345783
id17912,0.024391698,0.0257125,0.94989574
id10287,0.94890386,0.025510663,0.025585512
id03604,0.02405691,0.9506824,0.025260715
id07423,0.022978649,0.022578258,0.9544431
id01484,0.02433118,0.95031893,0.025349887
id16904,0.9495111,0.024887005,0.025601886
id13187,0.023490183,0.023421464,0.95308834
id08507,0.02481193,0.9503519,0.02483617
id09599,0.95134825,0.023447298,0.025204457
id20460,0.024122803,0.9504977,0.025379423
id23743,0.024102807,0.95063764,0.025259525
id13914,0.024085758,0.95089346,0.02502078
id23108,0.9504643,0.024501823,0.025033927
id20111,0.91897076,0.052481532,0.02854765
id00300,0.024312206,0.9505057,0.025182135
id25970,0.9493479,0.02500452,0.025647528
id24588,0.0226883,0.022888586,0.9544231
id04799,0.023563376,0.023175418,0.9532612
id19685,0.023284066,0.02365074,0.9530652
id00628,0.022835242,0.023104418,0.9540603
id10632,0.9502149,0.02413919,0.025645897
id24894,0.024126979,0.9506622,0.02521089
id06843,0.95074207,0.02460491,0.024653014
id16211,0.9495302,0.024742104,0.025727719
id10730,0.94892126,0.028210687,0.02286803
id06399,0.026471721,0.9487815,0.02474675
id25138,0.9496923,0.024625793,0.025681904
id04372,0.02254868,0.022395063,0.9550563
id01057,0.94562805,0.024736866,0.029635077
id07505,0.024120105,0.9522494,0.023630494
id17331,0.9505,0.024170026,0.025329968
id11306,0.94901294,0.024995698,0.025991414
id07490,0.024103995,0.95068455,0.025211483
id00721,0.024239818,0.95045614,0.025304075
id07538,0.030723972,0.9428162,0.026459867
id11289,0.023714693,0.02343841,0.95284694
id25207,0.95059484,0.024196053,0.025209103
id03831,0.9497789,0.024436379,0.025784768
id05371,0.9469263,0.026705299,0.026368408
id07405,0.024175381,0.95071065,0.02511388
id25960,0.024101023,0.95056725,0.025331758
id18497,0.025119532,0.945369,0.029511455
id24478,0.950764,0.024774253,0.024461724
id12431,0.024285458,0.9503876,0.025326971
id24080,0.023531634,0.022630153,0.9538382
id11862,0.023144916,0.022987239,0.95386785
id04798,0.9503659,0.024332384,0.025301673
id22638,0.02428184,0.9502461,0.025472015
id16105,0.024280028,0.95017517,0.02554484
id05863,0.02918701,0.023891639,0.94692135
id11466,0.949573,0.0246227,0.025804367
id06091,0.95108235,0.024255788,0.024661837
id04214,0.024193069,0.9504776,0.02532937
id21197,0.9347609,0.039613023,0.025626095
id06479,0.023992447,0.02323158,0.95277596
id21801,0.9500678,0.024539484,0.025392734
id00540,0.95040804,0.024214935,0.025377031
id07102,0.95066994,0.024363946,0.02496609
id12012,0.023346035,0.02291685,0.9537371
id17850,0.023186509,0.023096113,0.95371735
id12708,0.022960624,0.02334499,0.9536944
id09277,0.023227105,0.0232498,0.9535231
id11482,0.95300436,0.024495434,0.022500234
id15327,0.9497203,0.024747059,0.025532613
id17561,0.024717307,0.9495053,0.025777342
id21966,0.95194,0.024018263,0.02404173
id05742,0.95091903,0.024157077,0.024923906
id21441,0.9517368,0.023919519,0.024343695
id10819,0.026716894,0.9418029,0.031480193
id00018,0.028784346,0.94578874,0.025426915
id17038,0.9483565,0.025771309,0.025872177
id14680,0.02551263,0.94990414,0.024583222
id17760,0.023142833,0.02307513,0.953782
id14436,0.027719881,0.928777,0.043503154
id17180,0.023625504,0.02339591,0.9529786
id19132,0.023890449,0.9515089,0.024600718
id17497,0.024580767,0.94980925,0.025609924
id26284,0.024681387,0.023482246,0.95183635
id04340,0.024011098,0.95072705,0.025261901
id06427,0.02428905,0.9505282,0.025182731
id08340,0.94988906,0.024272718,0.025838176
id07167,0.024146406,0.95049894,0.025354687
id02218,0.95123297,0.023883522,0.024883486
id18406,0.951915,0.024300747,0.02378423
id22134,0.9491945,0.023878932,0.026926577
id04983,0.023623882,0.023462942,0.95291317
id17767,0.9503918,0.024404438,0.02520372
id15131,0.024055718,0.9506354,0.025308846
id11132,0.94940615,0.024642423,0.025951447
id10054,0.94979453,0.024294015,0.025911406
id03797,0.023264546,0.023538783,0.95319664
id17143,0.94801784,0.024343478,0.027638704
id19078,0.02322552,0.023316422,0.9534581
id04919,0.9487615,0.0256818,0.025556706
id03272,0.024319023,0.94984406,0.025836952
id15047,0.022811914,0.02317115,0.9540169
id23727,0.024413593,0.022979286,0.95260715
id07221,0.95099306,0.024515454,0.024491524
id13974,0.02709992,0.9487969,0.024103168
id24050,0.9491339,0.025023308,0.025842858
id18119,0.9364403,0.03657665,0.0269831
id05205,0.9485453,0.025476133,0.025978604
id05233,0.025416903,0.9491165,0.025466593
id23556,0.9506009,0.024385981,0.025013084
id06323,0.95233655,0.023517543,0.02414588
id27903,0.023206014,0.023206014,0.95358795
id15164,0.9524733,0.023728557,0.023798177
id14714,0.024195459,0.9505715,0.025233114
id11585,0.024123996,0.9505448,0.025331158
id09119,0.9510612,0.02451721,0.024421625
id03135,0.9468441,0.027097015,0.026058944
id23385,0.94958556,0.025330324,0.02508416
id18219,0.028949728,0.023535963,0.94751436
id17596,0.027865844,0.9455963,0.026537891
id12235,0.023703905,0.022952186,0.9533439
id15394,0.95067346,0.023892796,0.025433747
id07727,0.94930255,0.025101187,0.025596261
id02748,0.95069194,0.024316968,0.024991062
id14913,0.02310028,0.02301022,0.9538895
id05257,0.023753917,0.022754857,0.9534912
id23759,0.02335935,0.023291016,0.95334965
id08726,0.9506578,0.024032805,0.025309443
id24493,0.9510833,0.02432698,0.024589714
id19945,0.028900798,0.94498956,0.026109695
id27893,0.93258554,0.036515124,0.030899325
id04975,0.02350936,0.023555322,0.95293534
id14722,0.94840425,0.025747448,0.025848221
id10320,0.024194265,0.95052457,0.025281196
id09619,0.023656337,0.95143074,0.024912974
id07480,0.024421625,0.9510612,0.02451721
id00342,0.027362604,0.94590867,0.026728751
id08611,0.9373823,0.02312566,0.03949204
id24284,0.023737315,0.023437869,0.95282483
id20491,0.024496779,0.9511971,0.024306143
id18337,0.02281654,0.022973048,0.9542104
id04781,0.9512289,0.023790307,0.02498077
id11067,0.95054984,0.024242207,0.025207909
id19402,0.9519269,0.023461558,0.024611523
id20009,0.022237992,0.022899132,0.9548629
id08535,0.023205487,0.023228157,0.9535664
id07495,0.022818508,0.023820361,0.95336115
id06262,0.023196466,0.023607822,0.9531957
id10898,0.9476537,0.025802556,0.026543738
id17778,0.024056312,0.95065886,0.025284767
id07210,0.024913233,0.9505118,0.02457494
id04367,0.024099829,0.95052016,0.025380025
id27713,0.022873158,0.02334708,0.9537798
id15428,0.024142807,0.9503573,0.025499888
id25427,0.031018551,0.028215144,0.9407663
id09789,0.024152948,0.025090577,0.9507565
id07658,0.9495349,0.024887627,0.025577536
id25453,0.0246474,0.9495979,0.02575469
id24495,0.95107067,0.023879446,0.025049897
id03270,0.024992516,0.9488922,0.026115311
id11879,0.02421313,0.9503373,0.025449593
id24356,0.02376752,0.023126433,0.95310605
id22256,0.02265754,0.022349875,0.9549926
id06050,0.024525173,0.9504415,0.025033325
id09555,0.9500464,0.02461093,0.025342617
id23772,0.024286658,0.95043457,0.025278803
id21930,0.023998406,0.022989066,0.9530125
id00823,0.025312722,0.9489257,0.025761606
id23666,0.024536435,0.94994974,0.025513854
id08118,0.022917895,0.023301544,0.9537806
id21388,0.023887571,0.95139426,0.024718154
id23312,0.9504647,0.024525773,0.0250095
id08545,0.025205612,0.028036635,0.9467578
id20351,0.024292085,0.023202319,0.9525056
id13536,0.022478763,0.02263295,0.95488834
id27742,0.024307406,0.950318,0.025374627
id13343,0.022718275,0.023462333,0.9538194
id11987,0.024125189,0.95059174,0.025282983
id08921,0.50668466,0.028128281,0.46518707
id09972,0.026905376,0.94752145,0.0255732
id26173,0.95006,0.024348315,0.025591683
id07917,0.023054171,0.023099242,0.95384663
id01383,0.95046616,0.024621801,0.024912035
id26699,0.95004064,0.024443112,0.025516296
id11058,0.02321281,0.022919977,0.95386726
id20425,0.024057502,0.9507058,0.02523668
id20238,0.024102807,0.95063764,0.025259525
id21348,0.024922939,0.028826537,0.9462505
id09552,0.025672724,0.02404674,0.95028055
id25075,0.94566447,0.024641374,0.02969416
id17749,0.023419313,0.023579953,0.9530007
id18910,0.024382079,0.023311026,0.9523069
id13534,0.024288453,0.95050484,0.025206715
id22205,0.024214935,0.95040804,0.025377031
id23896,0.9503472,0.024474889,0.025177935
id23616,0.9462237,0.02629743,0.027478846
id03537,0.94965315,0.024890726,0.025456121
id18147,0.02521207,0.9488517,0.02593629
id25408,0.94918627,0.025245603,0.025568146
id09997,0.026188256,0.024125753,0.949686
id23357,0.022788607,0.023238072,0.95397335
id21880,0.9488551,0.02396382,0.027181095
id21633,0.024317564,0.9507152,0.02496728
id15976,0.0238161,0.02299336,0.95319057
id20266,0.022151725,0.022966767,0.9548815
id26726,0.95188785,0.02449064,0.023621522
id02958,0.045684967,0.92933065,0.02498445
id25211,0.02567196,0.02314743,0.95118064
id24314,0.94941163,0.024763186,0.025825188
id21475,0.022856012,0.023148024,0.95399594
id22733,0.94611686,0.02769124,0.026191948
id14297,0.024119208,0.950356,0.025524765
id27627,0.026707359,0.9469994,0.026293298
id03580,0.02519443,0.94911426,0.025691347
id08858,0.023166485,0.023008661,0.9538248
id22512,0.024721649,0.94967216,0.025606228
id05634,0.023144916,0.022987239,0.95386785
id00105,0.022967903,0.023035292,0.9539968
id26635,0.95039594,0.024571942,0.025032125
id19324,0.022662077,0.023086488,0.95425147
id00210,0.95056486,0.024053935,0.025381219
id06809,0.09864265,0.03155889,0.8697985
id04074,0.024267111,0.95059747,0.025135426
id27010,0.9502805,0.024616992,0.025102517
id00699,0.02381474,0.024908934,0.95127636
id18549,0.027550733,0.023750218,0.94869906
id14089,0.94969505,0.024698112,0.025606845
id19792,0.024299713,0.9509455,0.024754796
id19935,0.023644615,0.022605957,0.9537495
id22960,0.023116058,0.02327462,0.95360935
id02471,0.024047902,0.023767734,0.9521844
id07896,0.022845453,0.022667669,0.9544869
id20033,0.951828,0.024156565,0.024015438
id15018,0.95021325,0.02480831,0.02497848
id19528,0.9486271,0.025034383,0.026338492
id21621,0.026626788,0.023682354,0.9496909
id14328,0.025243271,0.9500259,0.024730857
id19524,0.95171523,0.023989156,0.024295647
id00219,0.94995433,0.024680745,0.025364917
id23229,0.02403385,0.023408426,0.95255774
id14357,0.9517625,0.023071289,0.02516623
id21829,0.023612086,0.023020104,0.9533678
id02137,0.9490929,0.02546596,0.025441105
id23524,0.023355616,0.02344703,0.9531973
id12022,0.9501939,0.024185847,0.025620295
id05255,0.9498754,0.024462739,0.02566178
id14605,0.9504605,0.02435858,0.025180938
id15329,0.022744637,0.023261284,0.9539941
id06046,0.9510157,0.02453999,0.024444317
id16548,0.023894604,0.023501191,0.95260423
id23369,0.023299977,0.02298359,0.95371646
id17824,0.9501322,0.024373958,0.025493845
id17243,0.023226049,0.023294194,0.95347977
id13185,0.024216732,0.9504787,0.025304673
id27091,0.09849104,0.87313884,0.028370129
id21817,0.023358287,0.023335489,0.95330626
id21912,0.9512783,0.023861347,0.02486038
id24163,0.022302777,0.02285398,0.9548432
id12484,0.022755383,0.02279987,0.95444477
id15799,0.9492025,0.024927553,0.025869977
id22315,0.023870623,0.95071924,0.025410146
id02608,0.025363501,0.9489741,0.02566248
id10057,0.94981784,0.024895044,0.025287082
id01709,0.95077795,0.024106365,0.02511566
id11153,0.024171814,0.9505704,0.025257738
id25154,0.023668345,0.9500564,0.026275335
id18207,0.02392384,0.9509797,0.025096469
id03370,0.024402032,0.95029813,0.025299868
id26760,0.8891051,0.019700523,0.09119442
id15099,0.94979537,0.025237145,0.024967495
id16341,0.022479756,0.022589788,0.9549305
id15572,0.9496903,0.024577688,0.025732055
id24901,0.9504612,0.024382398,0.025156377
id04528,0.95029444,0.024306802,0.025398789
id26507,0.022642495,0.022999061,0.95435846
id26687,0.9501619,0.024541914,0.025296241
id27819,0.023740025,0.023326367,0.9529336
id17610,0.024504213,0.95055705,0.024938758
id03373,0.034378175,0.93829334,0.027328491
id05881,0.023275143,0.023094017,0.95363086
id15875,0.022922568,0.023102352,0.9539751
id18400,0.9500457,0.024586886,0.025367355
id23596,0.022922568,0.023102352,0.9539751
id07006,0.023887571,0.95139426,0.024718154
id25134,0.024516117,0.9500906,0.02539334
id17393,0.9506906,0.02426949,0.025039887
id20155,0.026768908,0.94825536,0.024975745
id09536,0.024492772,0.9501133,0.025393948
id09155,0.024105772,0.95075464,0.025139581
id26482,0.94998866,0.024346488,0.02566484
id17001,0.024107547,0.9508246,0.025067883
id08134,0.9499014,0.024511237,0.02558741
id10174,0.9480406,0.025637237,0.026322208
id04760,0.9481725,0.025243279,0.026584217
id04941,0.9507023,0.023987036,0.02531063
id01339,0.9502595,0.024930952,0.024809519
id24710,0.93770915,0.031297475,0.030993324
id20408,0.9515334,0.023428967,0.02503762
id04028,0.021750418,0.023108022,0.95514154
id07153,0.023118155,0.023185985,0.9536959
id20098,0.02399176,0.9508896,0.025118606
id24146,0.9449183,0.025728077,0.029353706
id06276,0.024095457,0.023698736,0.9522058
id18978,0.023037277,0.9512879,0.025674855
id04247,0.94249755,0.030713588,0.026788868
id02020,0.02435798,0.9504371,0.025204921
id14299,0.023427345,0.023245033,0.9533276
id27255,0.9486111,0.026158614,0.025230303
id05751,0.022878863,0.023103386,0.9540177
id09428,0.9501587,0.024446152,0.025395164
id06941,0.9503659,0.024332384,0.025301673
id25678,0.022454826,0.022741713,0.95480347
id27425,0.9499349,0.02489811,0.025167013
id12619,0.90302986,0.067195825,0.029774321
id00530,0.02321281,0.022919977,0.95386726
id14683,0.9500814,0.024301354,0.025617262
id14618,0.024149984,0.9506398,0.025210295
id07599,0.95164,0.023707798,0.02465221
id02786,0.9504326,0.024239218,0.02532817
id21563,0.9501886,0.02468683,0.025124615
id26412,0.023143876,0.023031143,0.953825
id18320,0.9485512,0.024983535,0.026465293
id02043,0.93349797,0.03276397,0.03373805
id03179,0.92633,0.042342074,0.031327985
id17256,0.024537046,0.9499734,0.025489585
id07435,0.022951653,0.02279529,0.9542531
id17659,0.028194107,0.023442313,0.9483636
id06828,0.024065165,0.9510086,0.024926255
id18636,0.02308074,0.023836669,0.9530826
id05216,0.950395,0.024523972,0.025081037
id23156,0.9443002,0.025611008,0.030088859
id23861,0.9509197,0.024180697,0.024899594
id21416,0.02375917,0.022538707,0.9537021
id02763,0.9514098,0.023702063,0.024888111
id12625,0.024905447,0.023951333,0.9511432
id08033,0.023125436,0.022878347,0.95399624
id24105,0.93557316,0.020669503,0.04375734
id09295,0.9493728,0.025054064,0.025573172
id22062,0.024271494,0.94984114,0.025887383
id21044,0.9518029,0.023827922,0.024369176
id17419,0.9462891,0.021739062,0.031971756
id10969,0.9503894,0.024332983,0.0252776
id23066,0.8739843,0.044284757,0.08173101
id25667,0.949576,0.024695018,0.025728961
id14534,0.9484397,0.024786199,0.026774112
id26645,0.033458136,0.9403315,0.02621035
id03965,0.022770476,0.023083927,0.9541456
id25956,0.94886076,0.02484568,0.026293576
id23707,0.95099103,0.024277158,0.024731817
id18026,0.9475851,0.026360998,0.026053881
id10767,0.024447966,0.9502293,0.025322752
id18802,0.02857006,0.945187,0.026242977
id02940,0.93502027,0.039296467,0.025683317
id13403,0.9501052,0.024301963,0.025592899
id10201,0.024599873,0.9496197,0.025780447
id15333,0.022720354,0.023372998,0.95390666
id25619,0.02295471,0.022665134,0.9543802
id18506,0.024402032,0.95029813,0.025299868
id09835,0.024470057,0.95015955,0.025370395
id14828,0.94841665,0.02452077,0.027062615
id26816,0.023740336,0.95108676,0.025172934
id26134,0.024397796,0.9501332,0.025468988
id25064,0.94942635,0.024570858,0.026002735
id14254,0.9497102,0.022466296,0.027823567
id09352,0.024680093,0.022603536,0.95271635
id21495,0.9514352,0.02335802,0.02520676
id15349,0.02270691,0.023019485,0.9542736
id06759,0.02469226,0.95039755,0.024910238
id20876,0.62273824,0.038850162,0.33841163
id14644,0.94731724,0.02614846,0.026534315
id16927,0.023716317,0.023371443,0.9529122
id00417,0.024414085,0.032217313,0.9433686
id18892,0.022417935,0.022483706,0.9550984
id17500,0.024309209,0.9503885,0.025302274
id17676,0.024338368,0.95059973,0.025061954
id03378,0.94960463,0.02484089,0.025554448
id26891,0.9493723,0.025029592,0.025598142
id15609,0.95105946,0.024255205,0.024685336
id11270,0.02715952,0.025663944,0.9471765
id01141,0.023163352,0.023140743,0.9536959
id18738,0.025081888,0.023562256,0.9513559
id23964,0.022562757,0.022717526,0.9547197
id08032,0.023152253,0.023608893,0.9532389
id10410,0.022945486,0.023057798,0.95399666
id15738,0.9504561,0.024239818,0.025304073
id22293,0.022610117,0.023464927,0.95392495
id23174,0.9491644,0.024636148,0.026199445
id13041,0.02440022,0.95022756,0.02537221
id18377,0.023362001,0.023180198,0.95345783
id24269,0.024066336,0.9510549,0.024878828
id19445,0.02619165,0.9451826,0.028625783
id16449,0.023738584,0.9510165,0.025244925
id11857,0.023558557,0.023375222,0.95306623
id14929,0.024714185,0.9493855,0.025900247
id16029,0.94838214,0.024688067,0.026929818
id09091,0.95009595,0.02473268,0.025171278
id14431,0.024044575,0.95112336,0.024832072
id15857,0.024968527,0.9479813,0.027050193
id26177,0.023312388,0.022463135,0.95422447
id07001,0.023159195,0.024246937,0.9525939
id00626,0.023085976,0.022683715,0.9542303
id25160,0.8833411,0.087505326,0.029153606
id21474,0.023751188,0.023797624,0.95245117
id03155,0.9499582,0.024898723,0.025143065
id11858,0.023109715,0.023542514,0.95334774
id12413,0.024050957,0.9513758,0.024573268
id25656,0.024216132,0.9504551,0.02532877
id24322,0.949982,0.024996798,0.025021221
id20603,0.9497217,0.024795476,0.025482832
id06878,0.9501156,0.024564696,0.025319725
id03535,0.9522735,0.023746757,0.023979796
id11831,0.030212397,0.023460604,0.94632703
id24685,0.9498585,0.024630103,0.025511404
id10426,0.025910884,0.023385685,0.95070344
id09024,0.024239818,0.95045614,0.025304075
id09728,0.023207065,0.02316178,0.95363116
id01065,0.025724262,0.94847596,0.025799738
id14005,0.95145905,0.023772836,0.024768164
id18534,0.02414366,0.023607416,0.95224893
id19862,0.02505114,0.024759285,0.9501896
id14707,0.95023006,0.024471873,0.025298055
id02248,0.02468501,0.95011854,0.025196472
id20494,0.023227632,0.023227632,0.9535448
id27072,0.95122546,0.023720622,0.025053972
id20587,0.0606478,0.91368484,0.025667356
id24134,0.023700409,0.024026664,0.95227295
id22696,0.023717402,0.023326907,0.9529557
id23757,0.95048857,0.023958236,0.025553266
id18828,0.95116943,0.02404574,0.024784818
id14040,0.023668433,0.023484245,0.95284736
id09385,0.9507079,0.025187492,0.02410459
id16005,0.024148792,0.95059294,0.025258338
id12467,0.024736486,0.025948945,0.9493146
id16209,0.94904155,0.025143344,0.025815122
id01621,0.024449175,0.95027626,0.025274593
id18081,0.023533711,0.022543915,0.9539224
id06667,0.023337083,0.023291545,0.9533714
id07436,0.023473669,0.023177547,0.9533488
id19498,0.024676448,0.94978905,0.025534458
id12123,0.9484044,0.025772609,0.025822993
id17082,0.94941807,0.024957577,0.025624389
id00313,0.024468238,0.95008886,0.025442941
id14281,0.023046842,0.023409776,0.95354337
id14755,0.94809914,0.024608498,0.027292376
id17484,0.950067,0.02451551,0.025417522
id00111,0.024527201,0.94959223,0.0258806
id16542,0.0230946,0.022318574,0.9545868
id00458,0.022982018,0.023366738,0.95365125
id07682,0.024039892,0.95093817,0.025021957
id02041,0.032551914,0.02722472,0.9402234
id26070,0.03685036,0.02429721,0.9388524
id05271,0.950547,0.02417122,0.025281793
id18107,0.9479304,0.024460377,0.027609179
id01170,0.022849482,0.022495234,0.9546553
id23464,0.9433368,0.031103304,0.025559906
id03879,0.9501635,0.022697598,0.027138952
id22473,0.024287855,0.9504814,0.025230723
id20937,0.9505118,0.024913233,0.02457494
id16239,0.024066336,0.9510549,0.024878828
id02348,0.95040697,0.024191272,0.025401799
id19796,0.9499952,0.02448973,0.025515076
id06531,0.0235572,0.0225004,0.9539424
id02641,0.023970084,0.95095855,0.025071414
id01332,0.02323859,0.022766871,0.9539946
id24038,0.024521567,0.9503017,0.025176732
id23699,0.9473374,0.024854286,0.027808312
id07294,0.9503979,0.024837371,0.024764713
id00319,0.9502328,0.024567725,0.025199503
id05699,0.9504208,0.024716986,0.024862241
id18863,0.9501632,0.024589928,0.02524692
id07745,0.023099761,0.023032185,0.9538681
id02157,0.024280634,0.9501988,0.025520544
id00525,0.036631044,0.02507797,0.938291
id14740,0.949698,0.024794856,0.02550709
id01420,0.02433118,0.95031893,0.025349887
id17725,0.94911504,0.025243707,0.025641238
id07807,0.02676705,0.9472641,0.025968865
id11676,0.024103995,0.95068455,0.025211483
id06720,0.022941858,0.02321229,0.95384586
id08048,0.024146283,0.024430912,0.9514228
id04185,0.023623342,0.023485329,0.95289135
id02077,0.9503727,0.024571342,0.025055967
id12968,0.023340786,0.023136541,0.9535227
id01945,0.94737554,0.025644282,0.026980162
id06446,0.94993544,0.025093403,0.024971176
id01072,0.95057976,0.024480881,0.024939355
id15124,0.9494859,0.024837783,0.02567632
id14173,0.0241476,0.95054597,0.025306465
id27559,0.02319687,0.022659516,0.9541436
id13722,0.9485469,0.024910334,0.026542822
id09310,0.94981897,0.025188528,0.024992509
id23024,0.95092815,0.02382928,0.02524258
id24332,0.024465188,0.9499705,0.025564292
id07699,0.949033,0.024898773,0.026068222
id06837,0.025921445,0.9483085,0.025770007
id07279,0.94969887,0.023752041,0.02654912
id16451,0.0231126,0.022489177,0.9543983
id17588,0.024306802,0.95029444,0.025398789
id07018,0.9497936,0.024845831,0.025360623
id12994,0.9322566,0.043687467,0.02405593
id03703,0.23317163,0.030768953,0.7360594
id01753,0.9494159,0.024884507,0.025699511
id02866,0.023139697,0.023207588,0.95365274
id21884,0.024329975,0.95027184,0.025398187
id27543,0.023073565,0.023209162,0.9537173
id22149,0.024618799,0.025030922,0.9503503
id14595,0.94870704,0.025208227,0.026084729
id12383,0.94091904,0.036626186,0.022454826
id27714,0.9501419,0.024113774,0.025744293
id17634,0.94896644,0.025043337,0.02599014
id15906,0.02301022,0.02310028,0.9538895
id09047,0.023772331,0.022928705,0.953299
id02059,0.94854474,0.02545125,0.026003972
id19107,0.9513696,0.023840342,0.024790034
id02385,0.022477766,0.022676198,0.954846
id21312,0.95009786,0.02492671,0.024975447
id02215,0.023917949,0.95074546,0.025336508
id08928,0.026651151,0.62705576,0.34629306
id07099,0.9508759,0.024274219,0.024849864
id01935,0.9199779,0.05759027,0.022431865
id24757,0.94603044,0.03123784,0.022731671
id01848,0.023318535,0.023137068,0.9535444
id06224,0.9503208,0.024378797,0.025300473
id15539,0.023520391,0.9487387,0.027740872
id22907,0.024261128,0.95036304,0.02537583
id12713,0.95034075,0.023884434,0.025774838
id15521,0.023407137,0.023157036,0.95343584
id25539,0.95148665,0.023913234,0.024600144
id23370,0.0233269,0.022786533,0.95388657
id15868,0.9509015,0.024441382,0.024657147
id17808,0.022739967,0.023461813,0.95379823
id08241,0.026359655,0.9475368,0.026103485
id27284,0.94899297,0.025117515,0.025889538
id20707,0.950362,0.024237419,0.025400598
id03823,0.024287255,0.950458,0.02525475
id00463,0.025207575,0.94960946,0.025182972
id07241,0.9500029,0.024754422,0.02524266
id05702,0.024241611,0.9505265,0.025231916
id18973,0.94854814,0.024596125,0.026855737
id18662,0.94946706,0.025032092,0.025500892
id06448,0.022777615,0.022777615,0.9544448
id21002,0.024380596,0.950391,0.02522832
id08753,0.94967216,0.024721649,0.025606228
id27832,0.024328163,0.95020103,0.025470808
id11341,0.030700635,0.9421001,0.027199257
id11426,0.023066195,0.023521135,0.95341265
id15388,0.029807914,0.04108219,0.9291099
id12801,0.9501124,0.024468843,0.025418736
id02380,0.024572691,0.024073891,0.95135343
id02777,0.02887933,0.023137307,0.9479834
id05412,0.02293925,0.023323255,0.95373744
id01303,0.9497346,0.024506932,0.025758397
id21665,0.94987863,0.024534598,0.025586797
id12973,0.023973387,0.023077507,0.9529491
id22046,0.94979125,0.024748906,0.025459824
id24035,0.025874496,0.022901157,0.9512243
id15513,0.024103995,0.95068455,0.025211483
id12302,0.024498494,0.023308244,0.9521932
id01751,0.9494186,0.024981974,0.02559939
id27003,0.9484834,0.024213143,0.027303439
id14689,0.02384847,0.95076495,0.02538656
id11885,0.95095634,0.023923254,0.025120372
id16558,0.95039755,0.02469226,0.024910238
id15785,0.9431001,0.029962711,0.026937205
id25382,0.02460665,0.9498813,0.025512017
id19170,0.9489541,0.026270492,0.024775434
id22689,0.9498805,0.02458261,0.025536917
id03178,0.94827765,0.026303088,0.02541925
id22393,0.94979507,0.024943115,0.025261793
id19215,0.023625504,0.02339591,0.9529786
id27829,0.94941163,0.024763186,0.025825188
id11659,0.025102321,0.022766815,0.95213085
id25831,0.024534598,0.94987863,0.025586797
id08781,0.9511922,0.023558203,0.02524959
id11550,0.024544938,0.95027894,0.025176127
id25478,0.023625202,0.022477375,0.9538974
id09909,0.94985765,0.024606038,0.025536304
id09009,0.022777108,0.022799361,0.95442355
id12660,0.025994942,0.02300776,0.9509973
id23033,0.024387054,0.023111757,0.9525012
id25937,0.9496552,0.025012612,0.025332179
id10385,0.029376356,0.94472444,0.02589924
id15288,0.022743603,0.0233057,0.9539507
id06403,0.9501881,0.02466272,0.02514915
id18342,0.02435678,0.9503903,0.025252953
id00497,0.023162829,0.023162829,0.9536743
id12156,0.9501637,0.024613967,0.025222288
id26825,0.951014,0.024277745,0.024708275
id20140,0.02339426,0.022763241,0.9538425
id06714,0.023586387,0.023152785,0.9532608
id06017,0.022898637,0.023191195,0.9539102
id14841,0.9492237,0.024855183,0.025921132
id25646,0.022422832,0.023202488,0.9543747
id09218,0.9486391,0.024502583,0.026858313
id21857,0.02442166,0.9501342,0.025444156
id05750,0.03470531,0.024985097,0.9403096
id10507,0.030963672,0.9345276,0.034508757
id09696,0.022828504,0.0233927,0.9537788
id00835,0.02499496,0.9499122,0.025092788
id26717,0.023618946,0.02273631,0.95364475
id17573,0.023013325,0.02296842,0.95401824
id21144,0.025534313,0.9488564,0.02560923
id02305,0.9450548,0.027687179,0.02725793
id26035,0.030950781,0.9377947,0.03125452
id00878,0.94913995,0.025367934,0.025492106
id08728,0.9505355,0.024623597,0.024840968
id10579,0.02415413,0.95080304,0.025042847
id10720,0.9490655,0.02460954,0.026324943
id09163,0.022706399,0.023041457,0.9542521
id16298,0.942362,0.031345457,0.026292613
id05342,0.9501207,0.024854388,0.025024874
id24256,0.023291182,0.022420796,0.954288
id12217,0.024151836,0.94978476,0.026063405
id06159,0.950267,0.023859268,0.025873711
id24394,0.95162493,0.023408351,0.024966775
id20232,0.022567512,0.023443593,0.95398885
id26856,0.9518439,0.02366661,0.024489509
id15108,0.038151585,0.02525362,0.93659484
id00751,0.024079947,0.022466907,0.9534531
id01784,0.9504638,0.024477893,0.02505837
id26419,0.94981897,0.024992509,0.025188528
id23877,0.024989428,0.9497019,0.025308698
id05019,0.94985485,0.024533983,0.025611153
id23003,0.023299452,0.023005528,0.953695
id22153,0.0242587,0.95119655,0.024544654
id19726,0.023719456,0.9511787,0.025101721
id19033,0.95048857,0.023958236,0.025553266
id00534,0.022738924,0.023506602,0.9537545
id07030,0.9497003,0.024891963,0.025407713
id08281,0.027678508,0.029406128,0.9429154
id00366,0.9405938,0.033795904,0.02561033
id25446,0.95041716,0.024476692,0.025106128
id25008,0.95070475,0.024033993,0.025261309
id24142,0.024242207,0.95054984,0.025207909
id25331,0.022793755,0.02301744,0.9541888
id16549,0.023223931,0.023383232,0.95339286
id12120,0.02435738,0.9504137,0.025228925
id07518,0.024388362,0.95069367,0.024917997
id24749,0.024521848,0.023307687,0.9521705
id23132,0.95283633,0.023052251,0.024111414
id05946,0.023111308,0.023475258,0.9534134
id07427,0.9502502,0.024376987,0.025372816
id14601,0.024194265,0.95052457,0.025281196
id26504,0.023092967,0.023319587,0.9535875
id27199,0.95060456,0.02474592,0.024649447
id09610,0.94903785,0.02594138,0.025020774
id02071,0.949656,0.025110533,0.025233444
id24431,0.95038134,0.023792334,0.025826333
id20756,0.023126984,0.022812946,0.9540601
id06525,0.93495417,0.022931,0.042114828
id11646,0.9518264,0.023875095,0.024298484
id26808,0.9506223,0.02431519,0.02506255
id15122,0.9500206,0.024538266,0.025441114
id26052,0.022385107,0.022983192,0.9546317
id06693,0.94530946,0.02731858,0.02737199
id13520,0.9501587,0.024446152,0.025395164
id04381,0.9481232,0.025241965,0.026634807
id23315,0.031759907,0.024542151,0.943698
id15685,0.9506941,0.024412198,0.024893686
id12974,0.023307897,0.023582643,0.95310944
id22302,0.94950104,0.024620833,0.025878113
id04848,0.9491437,0.0243486,0.0265077
id05104,0.023104915,0.023745408,0.9531497
id17169,0.024373958,0.9501322,0.025493845
id12736,0.027489228,0.947506,0.025004799
id24659,0.95023626,0.024784693,0.024979085
id24829,0.9506498,0.024530549,0.024819707
id04164,0.024195459,0.9505715,0.025233114
id17795,0.024744585,0.02377341,0.951482
id09104,0.024784693,0.95023626,0.024979085
id07833,0.023309505,0.023515277,0.9531752
id16733,0.94997656,0.024633164,0.025390295
id18630,0.023054691,0.023077214,0.9538681
id16064,0.022961669,0.023300499,0.95373785
id00561,0.024352562,0.9502257,0.025421768
id16627,0.94942194,0.02537547,0.025202597
id02162,0.94996095,0.024274556,0.025764538
id16092,0.024419228,0.95003957,0.025541196
id10710,0.024360375,0.9505305,0.025109123
id18885,0.94334316,0.023708567,0.032948248
id10689,0.022878863,0.023103386,0.9540177
id00486,0.024826271,0.9481195,0.027054137
id02370,0.9510672,0.023809502,0.025123298
id22279,0.94960696,0.024938175,0.025454884
id16068,0.026379107,0.0235309,0.95008993
id04053,0.02300448,0.023343941,0.95365155
id09228,0.9505764,0.024337774,0.025085827
id04227,0.023960585,0.9515106,0.024528796
id13578,0.95007443,0.025048103,0.02487746
id18744,0.023512594,0.023420928,0.95306647
id22966,0.023537174,0.023331212,0.95313156
id02979,0.95206136,0.023033503,0.024905156
id26203,0.9504643,0.024501823,0.025033927
id21184,0.9499101,0.024225892,0.025863992
id19201,0.95108104,0.0241848,0.024734158
id20340,0.024032207,0.9506342,0.025333542
id00692,0.02346672,0.02346672,0.9530666
id17757,0.022924116,0.023036323,0.9540395
id22771,0.022927202,0.022904824,0.954168
id10753,0.024312804,0.95052904,0.025158172
id11899,0.94969666,0.024746442,0.025556926
id20961,0.95028204,0.024070272,0.025647707
id06095,0.044403747,0.93012226,0.025474038
id23625,0.9499326,0.024752589,0.025314845
id03942,0.9510602,0.024637189,0.024302645
id19591,0.031475175,0.9444155,0.024109298
id19732,0.95079726,0.024012871,0.02518986
id24912,0.024145808,0.9504754,0.025378829
id15060,0.9496923,0.024625793,0.025681904
id08018,0.023485461,0.9501091,0.026405413
id02851,0.9506247,0.024410417,0.024964903
id02327,0.023027489,0.02329893,0.9536736
id22631,0.88977927,0.022870332,0.087350465
id22240,0.94880116,0.026524024,0.024674864
id05114,0.94849837,0.024594834,0.02690683
id14979,0.024146406,0.95049894,0.025354687
id25837,0.02397067,0.9509818,0.025047556
id17457,0.026069807,0.022984067,0.95094615
id23050,0.02328606,0.022635844,0.9540781
id06461,0.90478265,0.024158778,0.07105862
id03154,0.9500501,0.024779838,0.025170065
id20285,0.9493277,0.025200097,0.02547226
id23166,0.024217926,0.9505255,0.025256546
id11496,0.94816226,0.02878622,0.023051454
id09569,0.94988906,0.025043216,0.025067685
id11193,0.9497417,0.028290277,0.021968037
id26696,0.9518811,0.023460431,0.024658456
id15363,0.02386527,0.95050603,0.025628712
id13046,0.0241525,0.023249924,0.95259756
id17653,0.023498388,0.9515609,0.02494073
id18812,0.023238072,0.022788607,0.95397335
id23232,0.024167629,0.9504058,0.025426587
id05290,0.025344443,0.0245407,0.9501149
id10667,0.9529539,0.023235919,0.023810185
id15546,0.023060378,0.022836272,0.95410335
id05862,0.94523966,0.026244441,0.028515905
id06225,0.02246422,0.022332978,0.9552028
id17617,0.024275905,0.02385291,0.95187116
id00814,0.022975601,0.02270793,0.9543165
id18898,0.023306733,0.022700233,0.953993
id19395,0.02435798,0.9504371,0.025204921
id19520,0.02502531,0.9482833,0.026691385
id27501,0.03127006,0.024955025,0.9437749
id06327,0.0224319,0.022807416,0.9547607
id00330,0.024538875,0.9500442,0.025416913
id03792,0.948751,0.025086602,0.026162472
id09320,0.9518504,0.024016002,0.024133556
id04678,0.02276193,0.022518726,0.95471936
id11663,0.95141566,0.023841497,0.024742858
id24945,0.022708949,0.0229318,0.9543593
id03046,0.024469452,0.950136,0.025394557
id20236,0.94947326,0.024548087,0.025978636
id07869,0.034636207,0.024632806,0.940731
id08152,0.022941338,0.023234442,0.9538243
id02910,0.0241476,0.95054597,0.025306465
id26837,0.024813132,0.95039797,0.024788912
id24188,0.023971254,0.95100504,0.025023717
id08748,0.02500019,0.026742827,0.948257
id18608,0.024178341,0.95082706,0.024994615
id18773,0.94918597,0.025220953,0.025593119
id21822,0.9503938,0.024476089,0.02513004
id09721,0.026137806,0.023224754,0.95063746
id23152,0.94922554,0.024903825,0.025870604
id02249,0.024334187,0.9504363,0.025229525
id14065,0.95020896,0.02404493,0.025746109
id01598,0.023719558,0.023238078,0.9530424
id06294,0.022845056,0.023616318,0.95353866
id19196,0.94872344,0.025012486,0.026264107
id06846,0.032342616,0.02890692,0.9387505
id02239,0.022963755,0.023211768,0.95382446
id20363,0.023691012,0.023483701,0.9528253
id14986,0.024354251,0.95122004,0.024425704
id25864,0.022370234,0.022700334,0.9549294
id22272,0.9403728,0.018990384,0.04063683
id06212,0.02218469,0.022446197,0.9553691
id15497,0.02613952,0.9488448,0.025015686
id12206,0.022618856,0.02308751,0.95429367
id03109,0.13494481,0.83536094,0.029694146
id00812,0.022220727,0.022725474,0.9550538
id04837,0.046904407,0.92749435,0.025601296
id14518,0.95027375,0.02437759,0.02534868
id18095,0.025577173,0.9485946,0.025828175
id15831,0.022308556,0.95043844,0.027253052
id12558,0.029840507,0.943851,0.02630845
id27858,0.9500416,0.02446702,0.025491415
id24074,0.9499817,0.024923662,0.025094625
id23039,0.94987196,0.024391087,0.025736978
id23415,0.024308005,0.95034146,0.025350487
id00613,0.02303787,0.02285859,0.9541035
id11373,0.023871113,0.022600712,0.95352817
id00493,0.024948021,0.94998187,0.025070136
id20781,0.024237875,0.94945216,0.026309963
id16367,0.94908327,0.024948774,0.025967965
id09831,0.025034579,0.9495614,0.025403997
id08016,0.024278816,0.95012766,0.025593504
id02860,0.025138771,0.949796,0.025065232
id02382,0.025255948,0.023312356,0.95143175
id06900,0.94010156,0.021491718,0.038406778
id26499,0.9494902,0.025008267,0.02550151
id21696,0.023703735,0.023889648,0.95240664
id21364,0.024250826,0.9499595,0.025789673
id02752,0.023508165,0.02267391,0.9538179
id02765,0.9493855,0.024714185,0.025900247
id10307,0.9506734,0.02462717,0.024699425
id26542,0.022949604,0.022882465,0.9541679
id05416,0.95031697,0.024283653,0.025399392
id03671,0.024215532,0.9504316,0.025352892
id03740,0.024214935,0.95040804,0.025377031
id25818,0.93354607,0.028053336,0.03840057
id23290,0.9506956,0.024507785,0.024796674
id13438,0.023346035,0.02291685,0.9537371
id15502,0.9499116,0.024249602,0.025838789
id18946,0.026736815,0.023365857,0.94989735
id26357,0.023352245,0.025447832,0.95119995
id13701,0.9506834,0.024080439,0.025236083
id20217,0.024360375,0.9505305,0.025109123
id12716,0.025301162,0.9484924,0.026206477
id03995,0.024264129,0.9504806,0.025255352
id16808,0.9505,0.024170026,0.025329968
id11082,0.9502824,0.024761705,0.024955913
id06832,0.02409935,0.02354109,0.9523596
id11655,0.02553076,0.9496514,0.024817863
id12727,0.9451644,0.026681649,0.02815393
id14495,0.023095066,0.023230786,0.9536742
id15414,0.9494604,0.024788653,0.025750961
id03844,0.950732,0.023432108,0.025835862
id22810,0.021924151,0.022797508,0.9552784
id05794,0.02440022,0.95022756,0.02537221
id01611,0.022997024,0.022729099,0.9542739
id11150,0.9469543,0.027933128,0.025112558
id27616,0.8443816,0.034211088,0.12140735
id09738,0.94998103,0.025168234,0.024850735
id23766,0.93762404,0.035305973,0.027070029
id06124,0.023682905,0.02288711,0.95343
id00926,0.94895124,0.025536865,0.025511937
id11991,0.022749778,0.023040434,0.9542098
id22681,0.948875,0.025188081,0.02593693
id00979,0.02396773,0.9508652,0.02516707
id26300,0.023784442,0.022430867,0.9537847
id15518,0.024570376,0.024165835,0.9512638
id26839,0.9503424,0.024331782,0.025325768
id16154,0.9492926,0.02437621,0.02633124
id12877,0.9505929,0.024148792,0.025258336
id02816,0.025253747,0.9494925,0.025253747
id13400,0.02290019,0.023124918,0.9539749
id14369,0.02960961,0.9448154,0.025574982
id04073,0.9503055,0.024762306,0.024932157
id04639,0.02442348,0.95020497,0.025371607
id09970,0.026248856,0.021867583,0.95188355
id23994,0.95120883,0.023859601,0.0249315
id24728,0.024215532,0.9504316,0.025352892
id11539,0.9519333,0.02362265,0.024444021
id18368,0.02382879,0.022472689,0.9536985
id07722,0.95018137,0.024422873,0.025395768
id10355,0.02480831,0.95021325,0.02497848
id02842,0.95020735,0.024495197,0.02529745
id02826,0.9502746,0.024401426,0.02532396
id14517,0.024411606,0.950671,0.024917405
id14833,0.024242533,0.023336593,0.9524209
id00491,0.9491832,0.023995528,0.026821282
id10784,0.024186453,0.95021766,0.02559593
id27648,0.94997156,0.02448912,0.025539367
id00372,0.9496802,0.024386164,0.0259336
id12796,0.022628961,0.022651073,0.95471996
id06215,0.024966262,0.9497485,0.025285235
id24722,0.02284037,0.022885023,0.9542746
id02729,0.023046315,0.023432111,0.95352155
id01783,0.025943195,0.0230969,0.95095986
id03025,0.02325557,0.022984633,0.9537598
id03714,0.024359178,0.95048386,0.025156977
id00173,0.93905044,0.03565442,0.025295118
id09268,0.022823155,0.02268982,0.954487
id08738,0.024125189,0.95059174,0.025282983
id18561,0.94993013,0.024656024,0.025413861
id04877,0.950803,0.023710087,0.025486944
id15173,0.023610692,0.9514515,0.02493786
id23020,0.0329658,0.05043894,0.9165952
id04105,0.024063405,0.95093906,0.024997558
id27807,0.9499506,0.02456043,0.025488973
id08966,0.94895804,0.024848228,0.02619375
id15469,0.02317884,0.022487652,0.95433354
id26904,0.947143,0.02606717,0.026789777
id14258,0.95023084,0.024495805,0.025273385
id04371,0.023158621,0.023340259,0.9535011
id13963,0.94963264,0.025109915,0.025257474
id19097,0.94960636,0.024913814,0.025479736
id00350,0.023476318,0.023067255,0.95345646
id03571,0.9494398,0.024885135,0.025675075
id05647,0.94974947,0.025113003,0.025137538
id03720,0.024055718,0.9506354,0.025308846
id10208,0.949627,0.024793005,0.025580019
id04526,0.024546402,0.95126414,0.024189457
id23694,0.024709137,0.95011896,0.025171889
id13795,0.94870615,0.025183596,0.02611019
id04551,0.023965368,0.9507716,0.025263084
id13292,0.9462459,0.025814595,0.027939502
id18196,0.9447447,0.024737904,0.030517414
id12175,0.95123637,0.023977084,0.024786562
id09482,0.9505704,0.024171814,0.025257738
id17574,0.023387458,0.023047367,0.9535652
id12316,0.02499435,0.94988894,0.025116691
id01875,0.022819603,0.022841899,0.9543385
id12688,0.024419228,0.95003957,0.025541196
id12192,0.026517773,0.029524995,0.9439572
id14713,0.023237037,0.022832142,0.9539308
id05961,0.0228373,0.023016414,0.95414627
id04556,0.93581575,0.02013685,0.0440474
id20641,0.9512384,0.024047483,0.024714105
id24624,0.022758542,0.023595909,0.9536456
id20096,0.023307897,0.023582643,0.95310944
id03013,0.024788653,0.9494604,0.025750961
id06775,0.9434282,0.025067963,0.03150374
id17068,0.95103705,0.023692777,0.025270138
id25344,0.026139667,0.947924,0.025936246
id04523,0.024927758,0.023076933,0.9519953
id00132,0.9505,0.024170026,0.025329968
id11631,0.022626452,0.022759419,0.95461416
id09022,0.023168564,0.022921015,0.9539104
id10188,0.0231192,0.02314179,0.953739
id12752,0.9502322,0.02454373,0.025224106
id02576,0.02288757,0.022731647,0.9543808
id22768,0.95036846,0.024403838,0.025227724
id25350,0.030747715,0.022939192,0.9463131
id06560,0.95036507,0.024308609,0.02532637
id20366,0.022548044,0.023354847,0.95409715
id10840,0.9506142,0.024102213,0.02528358
id18880,0.9509575,0.023946656,0.025095882
id11683,0.9492216,0.025971752,0.024806632
id14734,0.024687132,0.022324756,0.9529881
id15336,0.024798553,0.9498396,0.025361853
id15319,0.94448704,0.028271465,0.027241556
id03829,0.024446152,0.9501587,0.025395164
id18451,0.9503668,0.024356179,0.025277002
id11816,0.95039254,0.0244283,0.025179138
id21792,0.9498795,0.024558593,0.025561845
id26921,0.95018935,0.024735112,0.02507561
id08664,0.95033234,0.025549067,0.024118608
id06944,0.024889516,0.9505349,0.024575533
id20817,0.022993952,0.022859618,0.95414644
id02759,0.949349,0.025053432,0.025597513
id01449,0.023919724,0.95081604,0.025264265
id26909,0.032491177,0.93846905,0.029039703
id03113,0.023002379,0.023433164,0.9535644
id18364,0.024511186,0.022802358,0.9526864
id21004,0.02287938,0.023081355,0.9540393
id00305,0.023819828,0.022840293,0.9533399
id03374,0.024238618,0.95040905,0.02535229
id18916,0.94923127,0.0250993,0.025669435
id06535,0.025446145,0.949281,0.025272787
id25067,0.95081604,0.023919724,0.025264265
id27726,0.024598958,0.9505121,0.024888922
id21767,0.949979,0.024729636,0.025291372
id17581,0.9488305,0.025334908,0.025834598
id02354,0.9504991,0.023772053,0.025728833
id16505,0.9499158,0.02432086,0.025763314
id00573,0.95072925,0.024058096,0.025212668
id23256,0.9509653,0.024158252,0.024876485
id25798,0.024012871,0.9507973,0.025189862
id10439,0.022987757,0.023122845,0.95388937
id00652,0.024103995,0.95068455,0.025211483
id17696,0.9504145,0.0243812,0.02520432
id22911,0.022460284,0.022504194,0.9550355
id19382,0.028666189,0.022966549,0.94836724
id12258,0.429233,0.3825725,0.1881945
id19349,0.024130533,0.9508022,0.025067292
id05653,0.95027894,0.024544938,0.025176127
id24532,0.023218604,0.023607288,0.9531741
id04344,0.94974697,0.024868885,0.025384158
id26369,0.0233524,0.02358157,0.95306605
id07974,0.023480533,0.022891853,0.9536276
id11844,0.023057798,0.022945486,0.95399666
id15836,0.95097744,0.023877105,0.025145473
id03278,0.022809846,0.023259731,0.95393044
id25245,0.94979066,0.024724733,0.025484681
id10690,0.9449191,0.022222368,0.03285857
id13618,0.950566,0.024077464,0.025356475
id05898,0.9513235,0.023839187,0.024837296
id08866,0.94744396,0.02703486,0.025521213
id21212,0.022949092,0.022904312,0.9541466
id14035,0.90118706,0.02016419,0.078648776
id27517,0.023224462,0.023360942,0.9534146
id22280,0.9409103,0.026226483,0.032863274
id05488,0.95075464,0.024105772,0.025139581
id07921,0.024686903,0.949264,0.026049115
id26774,0.9498866,0.024799783,0.025313621
id05200,0.024621204,0.950443,0.024935767
id07514,0.94917655,0.024878236,0.025945172
id26147,0.023476847,0.023045259,0.9534779
id16015,0.02737781,0.027111748,0.94551045
id05730,0.9517808,0.023850646,0.024368608
id10680,0.023638315,0.022866337,0.9534953
id17677,0.9504895,0.024646465,0.024864037
id11519,0.023211604,0.023901692,0.95288676
id03255,0.9512289,0.023790307,0.02498077
id04658,0.025640849,0.022473814,0.9518853
id15449,0.0224329,0.022763927,0.95480317
id08702,0.024631329,0.9499058,0.025462894
id20255,0.95232034,0.024549669,0.023129944
id03108,0.024312206,0.9505057,0.025182135
id09118,0.023105448,0.022791702,0.9541029
id16335,0.95099306,0.024467617,0.024539405
id05595,0.94845575,0.023126243,0.028417997
id06774,0.95063305,0.024008723,0.025358265
id23750,0.023213847,0.022876278,0.9539099
id23246,0.95027626,0.025274593,0.024449175
id06156,0.023184035,0.024131134,0.9526848
id01049,0.023927933,0.9511423,0.024929758
id22801,0.02408281,0.95077705,0.025140176
id14034,0.9491802,0.0249757,0.025844118
id01156,0.024147002,0.9505225,0.025330566
id13489,0.94360155,0.02934144,0.027057013
id18217,0.026748374,0.947528,0.02572366
id02048,0.024506366,0.9478595,0.027634088
id03684,0.9489615,0.024921224,0.026117219
id11208,0.023142312,0.023097157,0.9537605
id14453,0.95091826,0.024133477,0.024948234
id03798,0.9486801,0.025133768,0.026186079
id19911,0.023458827,0.026582332,0.94995886
id04907,0.022436874,0.022590777,0.9549723
id11148,0.9503856,0.024238018,0.02537643
id23996,0.025181025,0.9486093,0.026209706
id19833,0.9509671,0.024229176,0.024803756
id01932,0.95122784,0.023767058,0.025005149
id12137,0.94217247,0.03308458,0.024742933
id20511,0.95079225,0.023571301,0.025636429
id09367,0.024223873,0.9507589,0.025017241
id20856,0.022608373,0.022608373,0.9547832
id20704,0.9501311,0.024350138,0.025518727
id14526,0.024178265,0.02313875,0.952683
id08881,0.02292332,0.9521449,0.024931675
id04366,0.94969743,0.02477064,0.025531998
id05521,0.950764,0.024461724,0.024774253
id10588,0.022821154,0.023707084,0.9534718
id20689,0.94880885,0.02550811,0.025683079
id16667,0.029020917,0.9452177,0.025761375
id25279,0.94958425,0.02498633,0.025429428
id24194,0.024193069,0.9504776,0.02532937
id27341,0.9504914,0.024005147,0.025503485
id25695,0.9504667,0.024694053,0.024839168
id01758,0.024482105,0.023961732,0.95155615
id02431,0.024008723,0.95063305,0.025358265
id19940,0.023426812,0.023267213,0.95330596
id23926,0.95009863,0.024183422,0.025717992
id14343,0.9491515,0.024853295,0.025995208
id06043,0.023184936,0.023162305,0.95365274
id05551,0.94978905,0.024676448,0.025534458
id16698,0.025536917,0.9498805,0.02458261
id26006,0.950259,0.024736926,0.025004087
id16244,0.02426577,0.94869024,0.027044
id21129,0.9516831,0.023639513,0.024677414
id14317,0.022598805,0.023022031,0.95437914
id16443,0.02426287,0.023447586,0.9522895
id00044,0.022946518,0.023013841,0.95403963
id01365,0.02449701,0.9502776,0.025225312
id12797,0.023544636,0.023021694,0.9534337
id21275,0.9487537,0.025160277,0.026086012
id13801,0.022596259,0.023132112,0.9542717
id20770,0.02396773,0.9508652,0.02516707
id03078,0.94378144,0.031793747,0.02442477
id21589,0.95012057,0.025049321,0.024830125
id25572,0.028266799,0.022779653,0.94895357
id10712,0.95059824,0.024290841,0.025110912
id25061,0.02297407,0.022773035,0.9542529
id03163,0.023567969,0.023915743,0.9525163
id12341,0.94734657,0.023623895,0.029029524
id25107,0.02444006,0.94992197,0.02563799
id21945,0.9509119,0.023968905,0.025119197
id14078,0.022846634,0.023548855,0.9536045
id06876,0.023208637,0.02309559,0.9536958
id05232,0.024735859,0.9492905,0.025973637
id07071,0.95071626,0.024365135,0.024918592
id10646,0.024065165,0.9510086,0.024926255
id25540,0.9501391,0.024565304,0.025295636
id25607,0.024482984,0.9497335,0.025783535
id16479,0.95107996,0.024137583,0.024782488
id05998,0.024055127,0.95061195,0.02533295
id20554,0.07092504,0.021572905,0.90750206
id27217,0.9487286,0.025135053,0.026136318
id20110,0.024171814,0.9505704,0.025257738
id01990,0.024287855,0.9504814,0.025230723
id17080,0.02377797,0.9488805,0.02734156
id19120,0.951466,0.024006305,0.024527647
id08476,0.023569738,0.0229116,0.9535186
id03715,0.036057375,0.93722546,0.026717179
id27208,0.9508759,0.024274219,0.024849864
id04508,0.95001364,0.024370916,0.025615435
id11233,0.023889095,0.023726346,0.9523846
id14237,0.9502364,0.024954705,0.024808913
id12006,0.947411,0.026666831,0.02592221
id22925,0.02374968,0.022929236,0.9533211
id07141,0.9506956,0.024507785,0.024796674
id08449,0.022967903,0.023035292,0.9539968
id16468,0.94976765,0.024748292,0.025484065
id21415,0.022601338,0.022912465,0.9544862
id09388,0.9500337,0.024300134,0.025666056
id24767,0.024196053,0.95059484,0.025209103
id19247,0.9505788,0.024433088,0.024988089
id07068,0.9520638,0.023464933,0.024471259
id27597,0.9502149,0.02413919,0.025645897
id21380,0.95096457,0.024134653,0.024900768
id01178,0.023038348,0.023769662,0.953192
id15323,0.9509239,0.024394268,0.024681818
id14784,0.949721,0.024771253,0.025507709
id07174,0.944078,0.025957454,0.029964503
id06577,0.9471722,0.02642682,0.026401026
id06582,0.9507629,0.024390139,0.024846911
id21088,0.023630878,0.023173817,0.95319533
id16436,0.0289294,0.9440791,0.026991514
id25443,0.9493133,0.024329178,0.026357545
id16617,0.94108987,0.024714503,0.03419561
id21757,0.19046932,0.028397264,0.7811334
id25902,0.023369277,0.023806935,0.9528238
id11238,0.9489746,0.025587419,0.025437932
id13861,0.024329975,0.95027184,0.025398187
id04171,0.022946004,0.02303581,0.95401824
id21483,0.02374326,0.02319325,0.9530635
id12635,0.023117106,0.02323026,0.9536526
id11666,0.024470057,0.95015955,0.025370395
id21552,0.9498585,0.024630103,0.025511404
id13582,0.027540142,0.94740874,0.025051111
id06447,0.9506566,0.024009319,0.02533414
id22998,0.022839349,0.022928739,0.9542319
id15616,0.022664117,0.022998553,0.95433736
id09613,0.024355577,0.9503434,0.025301073
id09318,0.94392574,0.03204801,0.0240263
id07653,0.94972557,0.02501447,0.025259946
id21311,0.9496843,0.024457818,0.025857845
id21030,0.95122665,0.025029548,0.023743829
id10363,0.025558451,0.038499143,0.9359424
id02624,0.94918364,0.025098043,0.02571833
id21462,0.024480164,0.02310955,0.9524103
id24961,0.024221502,0.95066583,0.025112698
id08598,0.02304248,0.022663098,0.95429444
id22701,0.9479501,0.024413157,0.02763673
id24954,0.023876205,0.023323113,0.9528007
id24432,0.9505102,0.024479087,0.025010696
id08123,0.022778694,0.023662975,0.9535583
id08456,0.023287816,0.023493398,0.95321876
id02792,0.029136555,0.024655534,0.9462079
id01034,0.025668176,0.9491847,0.025147138
id05336,0.024903197,0.9492016,0.02589523
id16773,0.02451915,0.95020807,0.02527278
id20275,0.02634988,0.94811094,0.02553918
id22357,0.023888905,0.9495909,0.02652019
id08426,0.9511903,0.023975924,0.024833819
id26118,0.9501626,0.024565909,0.025271568
id27377,0.022831105,0.023281407,0.9538875
id19738,0.8920762,0.026572574,0.08135124
id27211,0.94993544,0.025068909,0.024995571
id20362,0.023665167,0.02361899,0.9527159
id10769,0.024199124,0.023226663,0.9525742
id02037,0.024452975,0.023264933,0.9522821
id24338,0.95078707,0.023825744,0.025387151
id21154,0.024920365,0.94800246,0.027077228
id15815,0.02328503,0.022679094,0.9540359
id03643,0.022211274,0.023141224,0.95464754
id24266,0.024468238,0.95008886,0.025442941
id09707,0.023925047,0.022257084,0.9538179
id22786,0.9506622,0.024126979,0.02521089
id27783,0.04766324,0.09250349,0.8598333
id13684,0.023299452,0.023005528,0.953695
id03721,0.9490168,0.022603884,0.028379325
id00139,0.95120925,0.022457851,0.026332924
id07113,0.9487405,0.024529142,0.026730344
id25748,0.95031124,0.024165226,0.025523566
id01901,0.023059348,0.022879897,0.9540608
id15688,0.9519622,0.02394856,0.024089295
id20660,0.02418972,0.0236063,0.952204
id03335,0.95047176,0.024075078,0.025453195
id05947,0.9478762,0.026036447,0.026087351
id14528,0.94830424,0.025494542,0.026201278
id04437,0.95062,0.025136022,0.024243997
id10804,0.024108727,0.9508711,0.025020193
id17859,0.024222095,0.95068914,0.0250888
id01631,0.024776705,0.94900274,0.026220577
id10949,0.94440186,0.033965882,0.021632237
id02613,0.03542396,0.9334364,0.031139657
id21773,0.023253752,0.9527544,0.023991905
id08523,0.023909224,0.022903634,0.9531871
id08014,0.024564086,0.9500921,0.025343833
id08659,0.024260527,0.9503395,0.025399996
id17792,0.035408374,0.9385086,0.026083013
id25612,0.022826683,0.022538723,0.9546346
id27792,0.02495046,0.95007473,0.024974838
id08889,0.9517078,0.023686342,0.024605861
id17156,0.9503977,0.024716385,0.024885925
id04124,0.024845341,0.023523094,0.9516316
id05048,0.9500545,0.023438288,0.026507238
id18882,0.022463728,0.022354309,0.955182
id03999,0.93990195,0.032988735,0.027109308
id04390,0.03445767,0.93862796,0.026914397
id06734,0.94964355,0.02460049,0.025755929
id12623,0.9289174,0.03647821,0.0346044
id10904,0.024124593,0.95056826,0.02530706
id23535,0.9493592,0.024665281,0.025975516
id08442,0.9498933,0.024344044,0.025762703
id25272,0.9503238,0.024474287,0.025201915
id15926,0.024159173,0.95007324,0.025767582
id07186,0.03999484,0.0222062,0.937799
id20674,0.022859104,0.023015901,0.95412505
id13297,0.9508556,0.024440203,0.02470416
id08076,0.94895095,0.0254373,0.02561178
id10493,0.022362744,0.023027593,0.9546097
id19450,0.95116943,0.02404574,0.024784818
id21746,0.9477205,0.027122095,0.025157433
id22034,0.022542227,0.0226747,0.954783
id05074,0.95179665,0.023619259,0.024584139
id07348,0.023469402,0.023355084,0.95317554
id01308,0.0406997,0.5247182,0.43458208
id06705,0.02335639,0.022483565,0.9541601
id21444,0.949631,0.024963172,0.025405858
id12010,0.02412101,0.950427,0.025451997
id19949,0.025988288,0.94797266,0.026039096
id01125,0.945567,0.024185883,0.030247148
id20380,0.9506003,0.024362164,0.025037508
id04880,0.95055383,0.024360972,0.02508523
id10095,0.028968675,0.9425952,0.028436126
id01379,0.03758315,0.9367122,0.025704676
id11651,0.95055956,0.023960024,0.025480418
id24870,0.028407367,0.9471755,0.02441704
id11307,0.023479482,0.022935582,0.95358497
id00731,0.024402032,0.95029813,0.025299868
id18806,0.9505683,0.024124596,0.025307061
id16899,0.024811918,0.02390804,0.95128006
id12522,0.0244609,0.949804,0.025735136
id20119,0.94929826,0.024930067,0.02577172
id26937,0.9503472,0.024474889,0.025177935
id27439,0.02412757,0.95068556,0.0251869
id27579,0.025472062,0.023351662,0.9511763
id13459,0.9504199,0.024620604,0.024959525
id11534,0.023268808,0.02335988,0.9533713
id19984,0.024239216,0.95043254,0.025328169
id06404,0.9519801,0.023669995,0.024349919
id23309,0.025048103,0.95007443,0.02487746
id19314,0.024286658,0.95043457,0.025278803
id13300,0.024305595,0.9502473,0.025447182
id09562,0.023408722,0.023090858,0.95350045
id08036,0.02417062,0.95052344,0.025305865
id03683,0.9453851,0.027320765,0.027294097
id04784,0.9513226,0.023815896,0.024861539
id08715,0.023476318,0.023067255,0.95345646
id08479,0.94944054,0.024909465,0.025650032
id18360,0.9492336,0.02524686,0.025519527
id26170,0.024168227,0.9504293,0.025402395
id20424,0.94833124,0.024209257,0.027459487
id10361,0.949006,0.026529752,0.024464231
id02335,0.02429635,0.945259,0.030444702
id18664,0.022656942,0.023307765,0.9540353
id11480,0.024291536,0.023224464,0.952484
id13229,0.022706253,0.022115376,0.9551784
id19658,0.022464707,0.022311663,0.9552237
id01421,0.94910777,0.024514688,0.026377583
id26050,0.024408033,0.95053184,0.025060164
id27136,0.9467534,0.026857328,0.026389351
id14688,0.027366707,0.9469748,0.02565848
id24936,0.9507789,0.02412994,0.02509117
id09776,0.02429677,0.9508303,0.024872951
id14765,0.022298781,0.0230291,0.95467216
id06704,0.023179669,0.023384294,0.9534361
id06961,0.023148024,0.022856012,0.95399594
id12725,0.9477205,0.027122095,0.025157433
id27875,0.022694351,0.022627959,0.9546777
id20750,0.022887062,0.02275335,0.9543596
id19081,0.023046842,0.023409776,0.95354337
id05773,0.0229601,0.023367263,0.95367265
id04241,0.023085976,0.022683715,0.9542303
id24438,0.024541305,0.95013833,0.025320329
id09353,0.9506433,0.024244592,0.025112102
id19446,0.025522724,0.94842577,0.026051542
id20203,0.023285141,0.02360568,0.9531092
id07711,0.024779236,0.94909966,0.02612102
id15758,0.95087904,0.024512514,0.024608454
id17665,0.02607633,0.025522072,0.9484016
id14167,0.057347145,0.023870854,0.91878194
id00687,0.023942394,0.023410618,0.952647
id00735,0.02285082,0.023369877,0.9537793
id26443,0.023472603,0.023221808,0.9533056
id15242,0.9510365,0.024254618,0.02470886
id13474,0.024236213,0.9503148,0.025448993
id04409,0.9483977,0.025372863,0.026229464
id19438,0.023942327,0.024343126,0.9517145
id04101,0.026979996,0.029343762,0.94367623
id26992,0.9472425,0.026095377,0.026662087
id14645,0.024776174,0.9499096,0.025314232
id26429,0.044190995,0.9288351,0.026973873
id05710,0.9509245,0.024465853,0.024609629
id07474,0.023406606,0.023179138,0.95341426
id21067,0.027805146,0.02403986,0.948155
id20264,0.025193797,0.9490904,0.025715804
id04991,0.02310028,0.02301022,0.9538895
id07054,0.022398384,0.023336167,0.9542655
id14413,0.02288764,0.023660338,0.95345205
id21861,0.02285082,0.023369877,0.9537793
id12933,0.025229098,0.9494925,0.02527842
id08074,0.023364637,0.023069892,0.9535655
id03176,0.949804,0.0244609,0.025735136
id15239,0.022559745,0.022847975,0.9545923
id05322,0.024868809,0.9506719,0.024459355
id25957,0.022908403,0.022774566,0.95431703
id22789,0.02219705,0.022834662,0.9549683
id03435,0.02404286,0.023972524,0.95198464
id06122,0.024592346,0.95025665,0.02515096
id00869,0.9504305,0.02419187,0.025377631
id23400,0.024284856,0.95036405,0.02535109
id08127,0.94959575,0.024599252,0.025804983
id08856,0.024221648,0.023248278,0.9525301
id01919,0.022668174,0.022823662,0.9545082
id22051,0.9497648,0.023916623,0.026318626
id19791,0.95089346,0.024085758,0.02502078
id06679,0.023257656,0.02289708,0.95384526
id25385,0.024217926,0.9505255,0.025256546
id04313,0.022542728,0.022653071,0.9548042
id01389,0.025319692,0.949187,0.025493369
id17264,0.02412994,0.9507789,0.02509117
id23062,0.95059747,0.024267111,0.025135426
id17008,0.024350757,0.95108354,0.024565719
id04746,0.026488082,0.9502955,0.0232164
id11487,0.024032207,0.9506342,0.025333542
id02111,0.9501952,0.023602553,0.026202297
id08911,0.948807,0.025833957,0.025359035
id00845,0.027275678,0.023352921,0.94937146
id02409,0.023541939,0.022202164,0.95425594
id20141,0.0244271,0.95034575,0.02522712
id06353,0.95011693,0.024612755,0.025270356
id14766,0.02424874,0.950806,0.024945289
id05294,0.025285449,0.9479033,0.026811283
id12568,0.9509595,0.023993526,0.025046969
id27571,0.025866577,0.9463012,0.027832206
id20377,0.95011896,0.024709137,0.025171889
id24340,0.9505531,0.024337176,0.02510972
id05355,0.023713607,0.023483157,0.95280325
id01246,0.02943581,0.9438671,0.02669712
id17173,0.94926864,0.024783647,0.025947688
id16338,0.94952506,0.024621457,0.02585351
id14712,0.024620833,0.94950104,0.025878113
id10590,0.022665134,0.02295471,0.9543802
id13157,0.022984112,0.023277761,0.95373815
id23915,0.9514616,0.024695775,0.02384265
id05903,0.026752656,0.9467547,0.026492672
id03661,0.024772746,0.023592196,0.95163506
id21177,0.94934595,0.02493132,0.025722727
id12025,0.023699755,0.95131713,0.024983088
id14031,0.042431988,0.9332964,0.024271643
id21299,0.023268279,0.023382172,0.95334953
id00758,0.022870542,0.023458675,0.95367074
id25034,0.9509244,0.024441972,0.024633672
id01407,0.9505764,0.024337774,0.025085827
id24205,0.024457818,0.9496843,0.025857845
id22350,0.94948864,0.024935069,0.025576292
id05983,0.02303374,0.02303374,0.9539325
id23821,0.026908765,0.024524646,0.9485666
id21960,0.022939773,0.02330102,0.9537592
id08108,0.9503918,0.024404438,0.02520372
id03232,0.02339789,0.02261167,0.95399046
id12956,0.023415022,0.022827981,0.953757
id03217,0.024004549,0.9504677,0.025527766
id08955,0.023878861,0.9510474,0.025073756
id22567,0.026912196,0.023473233,0.9496145
id20367,0.9498128,0.024677066,0.025510177
id06319,0.9494412,0.02493382,0.025625013
id14239,0.027229471,0.023154533,0.949616
id05013,0.95096654,0.024205513,0.024827976
id26491,0.024308609,0.95036507,0.02532637
id23540,0.9481982,0.023529962,0.028271897
id25631,0.9489406,0.024993792,0.026065683
id01591,0.94782394,0.025756838,0.026419193
id01193,0.94982284,0.024366023,0.025811156
id24819,0.026342986,0.94878894,0.024868077
id08308,0.95063657,0.024079252,0.025284175
id27567,0.022550097,0.023265915,0.954184
id12998,0.037162896,0.027509453,0.9353276
id08315,0.02341629,0.9519476,0.024636108
id16118,0.91326964,0.022796374,0.06393401
id27505,0.044844948,0.92932725,0.025827844
id08529,0.024075674,0.95049536,0.02542898
id20249,0.94880354,0.025985679,0.025210792
id24343,0.024112824,0.023925178,0.951962
id03631,0.024527568,0.95053434,0.02493816
id00349,0.026365012,0.9477294,0.025905615
id04969,0.024369087,0.9499423,0.025688663
id11856,0.94898784,0.02497064,0.026041538
id26020,0.95071924,0.024652421,0.024628358
id07957,0.95002365,0.024634384,0.025342008
id03899,0.95028347,0.024093827,0.02562271
id14650,0.9500727,0.024732076,0.025195256
id21807,0.95205104,0.023857418,0.024091544
id21685,0.94913995,0.025492106,0.025367934
id06655,0.035544746,0.93845016,0.026005091
id27764,0.9506015,0.024409821,0.024988687
id02847,0.025098888,0.9501431,0.024758074
id07271,0.024190698,0.022636462,0.95317286
id15978,0.9494575,0.02471606,0.025826436
id12075,0.024339525,0.023156997,0.9525035
id23611,0.95018715,0.024614574,0.025198292
id05191,0.9493516,0.025398383,0.025249999
id04303,0.025276301,0.02252516,0.9521985
id12277,0.023241682,0.022636874,0.9541215
id15582,0.95045066,0.02412161,0.025427787
id02917,0.9507332,0.024152357,0.025114477
id25622,0.023976082,0.02296768,0.9530562
id16495,0.024033954,0.9497753,0.026190717
id17839,0.02297458,0.022751313,0.9542741
id20373,0.02281371,0.02402559,0.9531607
id25342,0.9501578,0.023996722,0.025845487
id13518,0.948758,0.025308248,0.02593373
id19958,0.94974536,0.024796093,0.025458593
id00228,0.023370542,0.024684211,0.95194525
id00367,0.023627657,0.023306822,0.9530655
id16274,0.02401169,0.95075047,0.025237864
id27969,0.024286058,0.95041114,0.025302876
id18474,0.95083696,0.023873579,0.025289506
id02892,0.024260527,0.9503395,0.025399996
id03838,0.025691979,0.94913757,0.025170458
id08960,0.027172342,0.9476236,0.02520404
id17320,0.024771603,0.023637228,0.95159113
id20922,0.023320638,0.023048945,0.9536304
id17364,0.022674954,0.023463374,0.9538617
id06523,0.9503251,0.024522169,0.025152775
id16232,0.025340002,0.9490213,0.025638705
id01886,0.02444433,0.9500879,0.025467776
id18234,0.026148226,0.9482344,0.025617447
id26057,0.9509631,0.024087522,0.02494941
id09436,0.025413733,0.9489982,0.025588056
id09543,0.0241174,0.95028484,0.025597738
id15732,0.14649375,0.82067513,0.032831136
id22927,0.9483012,0.025395067,0.026303742
id26551,0.022769447,0.023128012,0.9541026
id11126,0.043405045,0.017156087,0.9394388
id02903,0.95258063,0.023431862,0.02398753
id24549,0.023937194,0.9505817,0.025481012
id01618,0.027708268,0.9457747,0.026516987
id22005,0.02286013,0.022972023,0.95416784
id02603,0.024315946,0.9497239,0.025960132
id22118,0.9491166,0.025441738,0.025441738
id24985,0.94928,0.025174234,0.02554571
id19044,0.95013684,0.024493381,0.02536979
id03296,0.024367502,0.95080864,0.024823854
id17299,0.95186144,0.023528777,0.024609834
id08251,0.9504177,0.025081636,0.02450062
id05491,0.9305736,0.02634683,0.043079503
id17009,0.9493048,0.025322834,0.025372341
id07381,0.02562126,0.9493021,0.025076672
id07643,0.95092463,0.024585612,0.024489762
id24227,0.9492143,0.024661515,0.026124176
id04099,0.9522735,0.023979796,0.023746757
id11393,0.024564696,0.9501156,0.025319725
id19396,0.024439024,0.9508097,0.02475126
id15362,0.9493929,0.024908215,0.025698889
id00195,0.9511201,0.02395075,0.024929175
id02296,0.023281911,0.023741106,0.952977
id27754,0.9507878,0.024582073,0.024630133
id16471,0.023568518,0.95253855,0.023892958
id15237,0.025063368,0.9487984,0.02613824
id10099,0.024126979,0.9506622,0.02521089
id21647,0.9506252,0.024434282,0.024940547
id13571,0.023593202,0.9507466,0.025660247
id15137,0.024332384,0.9503659,0.025301673
id10965,0.022374963,0.023425875,0.95419914
id24918,0.02425932,0.9502923,0.025448387
id01700,0.9504814,0.024287855,0.025230723
id03901,0.026700458,0.94860566,0.024693886
id24411,0.024809519,0.9502595,0.024930952
id02597,0.024806002,0.94919753,0.025996469
id07981,0.022766354,0.023260767,0.9539729
id07429,0.023163352,0.023140743,0.9536959
id13354,0.91760457,0.055538643,0.026856732
id25693,0.9514109,0.023725247,0.024863847
id11305,0.023389941,0.02387457,0.9527355
id26634,0.95061916,0.024220312,0.025160557
id09180,0.9503692,0.0244277,0.02520312
id19991,0.9485023,0.024379715,0.027117975
id05497,0.024171915,0.022464791,0.9533633
id08058,0.025533902,0.947915,0.026551057
id06612,0.022636874,0.023241682,0.9541215
id22846,0.024240412,0.9504795,0.025279997
id09588,0.9504199,0.024620604,0.024959525
id10337,0.023576166,0.023576166,0.95284766
id05744,0.949627,0.024793005,0.025580019
id19624,0.024449175,0.95027626,0.025274593
id00939,0.024498818,0.95034784,0.025153374
id24424,0.02294536,0.022131078,0.9549235
id14406,0.023737572,0.022496242,0.95376617
id08961,0.023278283,0.022962192,0.95375955
id27004,0.48813573,0.030826863,0.4810374
id24072,0.95045316,0.025752727,0.023794131
id23738,0.024235006,0.9502675,0.025497476
id13676,0.023277238,0.023006052,0.9537167
id19636,0.023385877,0.023113422,0.9535007
id09466,0.95150113,0.0236812,0.024817685
id04434,0.024308005,0.95034146,0.025350487
id24016,0.94828314,0.026073074,0.025643796
id09168,0.94533056,0.02521682,0.029452674
id24262,0.95024383,0.024234403,0.025521753
id01441,0.9486011,0.024145307,0.027253548
id20170,0.024085728,0.023163019,0.9527513
id02342,0.94990855,0.024202207,0.02588922
id23334,0.025303116,0.94949245,0.025204469
id09262,0.9500059,0.024228334,0.025765756
id17822,0.9511226,0.024021085,0.02485631
id14466,0.02493631,0.94953597,0.025527656
id14319,0.9493853,0.026800804,0.023813862
id02387,0.95106465,0.02376298,0.025172347
id13617,0.057145618,0.91376686,0.029087538
id08025,0.9492894,0.024711683,0.025998984
id23364,0.94487196,0.027119912,0.028008128
id01438,0.95117474,0.023649972,0.025175262
id05288,0.026753727,0.94771767,0.025528586
id24441,0.033520687,0.93933344,0.02714588
id18048,0.022777615,0.022777615,0.9544448
id27822,0.023584154,0.9513107,0.025105203
id23906,0.9507403,0.024413384,0.024846321
id07059,0.02284037,0.022885023,0.9542746
id08357,0.94907993,0.02764266,0.023277452
id13619,0.022698347,0.022455823,0.95484585
id27086,0.024329975,0.95027184,0.025398187
id03789,0.9502339,0.024615783,0.02515036
id00177,0.022837812,0.022994466,0.9541677
id01552,0.03313161,0.02381724,0.94305116
id03027,0.024062816,0.9509158,0.02502137
id15841,0.02471998,0.9505359,0.024744134
id27214,0.026764974,0.9481161,0.025118826
id14095,0.95073026,0.024081625,0.025188085
id08434,0.024161601,0.9501687,0.025669705
id05532,0.023988077,0.023409523,0.9526024
id06247,0.02435678,0.9503903,0.025252953
id09916,0.02517585,0.9484143,0.026409842
id18651,0.94930464,0.02542194,0.02527342
id26324,0.023835592,0.02312482,0.9530396
id27363,0.023566565,0.02304314,0.95339024
id02302,0.024064958,0.023075342,0.9528597
id12845,0.028375838,0.9452008,0.026423374
id20294,0.02314854,0.02283421,0.9540173
id04233,0.024361625,0.023200667,0.95243776
id20000,0.02458567,0.9499987,0.025415694
id02527,0.02300814,0.023188597,0.95380324
id26763,0.024242802,0.9505732,0.025183924
id15763,0.02408281,0.95077705,0.025140176
id10374,0.9497234,0.024868269,0.02540833
id00901,0.024246966,0.9507364,0.025016649
id22161,0.025287732,0.023941943,0.9507703
id15200,0.9504814,0.024287855,0.025230723
id15430,0.021835165,0.023040019,0.9551248
id27468,0.02510566,0.02263682,0.9522575
id02378,0.02238561,0.022961276,0.95465314
id23250,0.95071673,0.024388952,0.024894278
id18374,0.023017444,0.023724915,0.9532576
id01146,0.027646335,0.94550556,0.026848136
id24617,0.94983107,0.02453337,0.025635537
id01754,0.024193069,0.9504776,0.02532937
id11383,0.023357753,0.023357753,0.9532845
id24713,0.024176568,0.9507573,0.02506611
id26161,0.9405258,0.029417668,0.030056523
id12466,0.95080775,0.023779774,0.025412511
id17409,0.95047957,0.024240416,0.02528
id04066,0.066108465,0.90771073,0.026180828
id16890,0.024065165,0.9510086,0.024926255
id03358,0.95013833,0.024541305,0.025320329
id19133,0.95058155,0.024624791,0.024793701
id07358,0.022905195,0.95139205,0.025702754
id27773,0.024239216,0.95043254,0.025328169
id10699,0.024334187,0.9504363,0.025229525
id08693,0.9495999,0.024695639,0.025704492
id11944,0.022956422,0.9535198,0.02352378
id02240,0.0379014,0.936378,0.025720613
id23124,0.027995769,0.023852693,0.9481515
id05465,0.95139575,0.023934308,0.024669964
id15540,0.024332983,0.9503894,0.0252776
id16715,0.023154914,0.023496596,0.9533485
id12563,0.02316073,0.023251379,0.9535879
id00583,0.024165569,0.9493972,0.026437214
id27730,0.023879455,0.023190012,0.9529305
id00896,0.022946004,0.02303581,0.95401824
id15031,0.94971883,0.02469873,0.02558249
id23271,0.023266044,0.024406428,0.95232755
id17004,0.022811398,0.023193266,0.95399535
id10247,0.023469057,0.022438113,0.9540928
id12055,0.9474479,0.026955886,0.025596198
id22719,0.95085603,0.024655968,0.024487995
id06891,0.024240412,0.9504795,0.025279997
id27281,0.94960743,0.024962554,0.025430048
id23104,0.9504145,0.0243812,0.02520432
id14491,0.023827516,0.95085776,0.025314767
id24292,0.025046887,0.95002824,0.024924884
id15777,0.02288041,0.023037355,0.95408225
id22522,0.023181781,0.02329525,0.953523
id25136,0.024240412,0.9504795,0.025279997
id17735,0.05496116,0.9192161,0.025822742
id18869,0.024919989,0.9498416,0.025238374
id20815,0.023363173,0.95164514,0.0249917
id15238,0.9507368,0.023777999,0.025485171
id24454,0.023097364,0.024064416,0.95283824
id14402,0.02256625,0.02256625,0.9548675
id10985,0.94747645,0.024520395,0.028003167
id12747,0.94935256,0.024544967,0.026102478
id11581,0.029134762,0.94246095,0.028404325
id07594,0.95175695,0.023803513,0.024439491
id08240,0.9499346,0.0248738,0.025191594
id12773,0.025238633,0.94892424,0.02583715
id12838,0.028295247,0.94343716,0.028267628
id23322,0.023662856,0.949836,0.026501143
id22344,0.9498614,0.024726575,0.025412021
id12881,0.94932276,0.02495507,0.025722098
id20147,0.02280829,0.023326382,0.95386535
id13261,0.024608454,0.95087904,0.024512514
id01842,0.023030622,0.023165964,0.95380336
id25884,0.9498468,0.024366636,0.025786612
id01643,0.025573274,0.023193954,0.9512328
id26737,0.024057502,0.9507058,0.02523668
id10558,0.050171923,0.23941532,0.7104128
id20458,0.022739967,0.023461813,0.95379823
id23965,0.024478607,0.9486369,0.026884489
id26758,0.95052457,0.024194265,0.025281196
id27519,0.9506788,0.023986444,0.025334733
id20676,0.028878022,0.94332314,0.027798856
id10536,0.94945854,0.024740238,0.025801256
id12652,0.9505575,0.024528166,0.024914429
id00041,0.022791702,0.023105448,0.9541029
id16051,0.030548979,0.02557453,0.9438765
id02396,0.023544107,0.023043672,0.95341223
id00294,0.023177017,0.023496065,0.95332694
id07695,0.94774187,0.025108911,0.027149204
id12440,0.026427122,0.9481085,0.025464403
id18373,0.94438475,0.029137267,0.026478019
id16812,0.024362164,0.9506003,0.025037508
id20901,0.02421733,0.9505021,0.025280599
id12076,0.0227508,0.022996511,0.95425266
id19184,0.9494197,0.025030842,0.02554947
id08937,0.024099829,0.95052016,0.025380025
id08181,0.02383127,0.94822544,0.027943322
id10111,0.9511149,0.023833958,0.025051061
id24104,0.024834037,0.94934267,0.025823314
id24837,0.03831987,0.93022054,0.031459562
id15659,0.02978819,0.02340386,0.946808
id14673,0.95027626,0.024449175,0.025274593
id22539,0.023200452,0.022508621,0.954291
id22413,0.948596,0.026492404,0.024911625
id19433,0.024820333,0.025433756,0.9497459
id11633,0.022775076,0.022886554,0.95433843
id04727,0.023072079,0.022340396,0.9545875
id26735,0.028102696,0.033048455,0.93884885
id17167,0.024472479,0.95025355,0.025273988
id04188,0.94906914,0.025540037,0.025390826
id07861,0.025013851,0.94970214,0.025284002
id05163,0.95082307,0.023161333,0.026015569
id14142,0.025083436,0.9504859,0.0244307
id16011,0.9504137,0.02435738,0.025228925
id24117,0.023941945,0.9507704,0.025287734
id06439,0.023624964,0.023418233,0.9529568
id06481,0.023280367,0.022874719,0.9538449
id10069,0.95123106,0.02383687,0.024932085
id11204,0.023571845,0.022824315,0.95360386
id15541,0.022856012,0.023148024,0.95399594
id11872,0.023545291,0.025783792,0.9506709
id21639,0.024070272,0.95028204,0.025647707
id19801,0.022705888,0.023063455,0.95423067
id15798,0.9486896,0.025504902,0.02580555
id18282,0.023104932,0.02281346,0.9540816
id27107,0.023277761,0.022984112,0.95373815
id23052,0.9511161,0.023857277,0.02502664
id19129,0.024371527,0.9500374,0.025591074
id08088,0.024182206,0.95005083,0.025766974
id26398,0.95116794,0.023998784,0.024833236
id06010,0.9456509,0.024713315,0.029635793
id24813,0.9497654,0.024675835,0.025558773
id27399,0.023612086,0.023020104,0.9533678
id15776,0.9481657,0.025120141,0.02671415
id25955,0.023051564,0.023209682,0.95373875
id19866,0.024183044,0.951012,0.024804927
id00804,0.022818584,0.022885533,0.9542959
id03140,0.94915444,0.024926292,0.025919242
id21261,0.95044386,0.024717586,0.024838574
id11754,0.949092,0.025615588,0.025292443
id07880,0.9487801,0.025234798,0.025985036
id25080,0.03114893,0.9111946,0.057656474
id09317,0.9489949,0.02519126,0.025813853
id15488,0.94859153,0.024525292,0.026883205
id19606,0.94842577,0.025522724,0.026051542
id14247,0.023161257,0.023229212,0.9536096
id21692,0.026726605,0.9458327,0.027440682
id24843,0.9496555,0.02503706,0.025307462
id11433,0.9505918,0.024125192,0.025282985
id04705,0.024309209,0.9503885,0.025302274
id04583,0.031294998,0.9426844,0.026020583
id21401,0.02783454,0.023008138,0.94915736
id20649,0.9483769,0.026126629,0.025496496
id02631,0.025829466,0.948642,0.025528543
id19128,0.025251877,0.9494222,0.025325965
id27401,0.034141574,0.94006175,0.02579659
id10015,0.95216686,0.023239411,0.0245937
id09875,0.9462316,0.027238617,0.026529798
id07941,0.9509204,0.02420434,0.02487531
id00882,0.951003,0.023924429,0.025072586
id14143,0.9508147,0.023896346,0.025288913
id02713,0.02340395,0.02328995,0.9533061
id16462,0.028095527,0.945971,0.025933415
id08522,0.94884676,0.025064643,0.02608857
id07181,0.02431041,0.95043546,0.025254153
id20918,0.023412405,0.022937158,0.9536505
id06178,0.022935582,0.023479482,0.95358497
id08857,0.024410417,0.9506247,0.024964903
id23193,0.9492068,0.025074156,0.025718957
id19651,0.95022756,0.02440022,0.02537221
id09135,0.022955365,0.023568684,0.95347595
id16416,0.024064576,0.95098543,0.024949996
id03990,0.9520715,0.023718547,0.024209986
id09922,0.023059862,0.022858074,0.9540821
id17688,0.031045439,0.02368742,0.94526714
id05846,0.9499325,0.025314843,0.024752587
id22599,0.024401426,0.9502746,0.02532396
id15087,0.9491231,0.02648125,0.02439567
id14711,0.023224462,0.023360942,0.9534146
id09969,0.024309808,0.950412,0.025278201
id21377,0.023471003,0.02328835,0.95324063
id25247,0.023956439,0.9504173,0.025626319
id23590,0.024380596,0.950391,0.02522832
id21390,0.024101008,0.023473838,0.9524251
id21176,0.024031615,0.9506107,0.02535767
id27310,0.030639095,0.024547186,0.9448137
id03802,0.023647502,0.023417693,0.9529348
id19012,0.9510351,0.024183631,0.024781317
id02414,0.022283977,0.022745688,0.95497036
id21814,0.02322234,0.023450233,0.9533275
id00247,0.94948864,0.024935069,0.025576292
id24584,0.9504518,0.024145206,0.025402997
id01109,0.02301022,0.02310028,0.9538895
id07953,0.95129144,0.023652874,0.025055712
id02030,0.06899526,0.029242976,0.9017618
id23912,0.024400651,0.022566915,0.9530324
id13856,0.02625218,0.023601346,0.9501465
id18661,0.024518544,0.95018464,0.025296846
id16595,0.02403275,0.023453116,0.9525141
id11387,0.02407058,0.027489465,0.94843996
id12489,0.023057798,0.022945486,0.95399666
id26079,0.95008695,0.024420446,0.025492633
id05553,0.025497139,0.9493274,0.025175491
id09596,0.9506505,0.024626577,0.024722962
id23663,0.024326345,0.95013005,0.025543628
id25726,0.94997996,0.024778008,0.02524205
id18105,0.02494647,0.024202572,0.95085096
id23249,0.024229296,0.022939835,0.95283085
id19756,0.023762668,0.023325827,0.95291156
id23981,0.024173006,0.95061725,0.025209697
id11521,0.022727052,0.023084952,0.954188
id17449,0.022605957,0.023644615,0.9537495
id15479,0.9502755,0.024425292,0.025299266
id13555,0.023003431,0.02338851,0.9536081
id01520,0.024268951,0.023202868,0.9525282
id03093,0.02606279,0.024174863,0.94976234
id09992,0.029363234,0.945225,0.025411759
id06668,0.05820669,0.77500343,0.16678986
id19568,0.041283976,0.030950477,0.92776555
id17963,0.93626773,0.026404705,0.037327617
id04142,0.94972473,0.024941267,0.025334036
id24508,0.023127498,0.022791186,0.9540813
id10791,0.94778854,0.024552437,0.027659014
id01228,0.023385877,0.023113422,0.9535007
id24879,0.02717791,0.024078293,0.9487438
id19795,0.024236983,0.023560211,0.95220286
id02488,0.023953242,0.022968218,0.95307857
id10204,0.13913167,0.028295008,0.83257335
id20878,0.9437609,0.030965714,0.02527348
id10163,0.02288041,0.023037355,0.95408225
id26439,0.024064416,0.023097364,0.95283824
id06268,0.9519354,0.023692006,0.024372566
id05530,0.023432957,0.023941847,0.9526252
id15914,0.024528438,0.94964015,0.025831405
id21656,0.023748456,0.95141196,0.024839606
id16473,0.02487254,0.94895923,0.026168214
id11262,0.023728006,0.023820875,0.9524511
id15332,0.0237718,0.02295059,0.95327765
id01765,0.023816634,0.022971433,0.95321196
id12527,0.95083266,0.024439612,0.024727698
id16877,0.02342947,0.023156507,0.9534141
id19105,0.021824004,0.91092056,0.06725549
id19533,0.9503086,0.024118006,0.025573393
id27557,0.02439603,0.95099264,0.024611393
id19487,0.022537718,0.022870293,0.954592
id25958,0.023021014,0.022641987,0.954337
id22331,0.9511441,0.02397476,0.024881162
id13674,0.94965595,0.02508602,0.025258094
id04688,0.950245,0.024258114,0.025496872
id25663,0.02352536,0.022890804,0.95358384
id00344,0.02435737,0.9494855,0.02615717
id11323,0.95056355,0.024030423,0.025405984
id18670,0.9440043,0.032270517,0.023725182
id23811,0.94990236,0.02453521,0.02556246
id27702,0.9497003,0.024891963,0.025407713
id09979,0.95013756,0.02451733,0.025345048
id25040,0.024097435,0.95042574,0.025476832
id00083,0.9283559,0.050441664,0.021202482
id19751,0.9499636,0.024322083,0.025714338
id19385,0.02340201,0.022439655,0.95415837
id22498,0.9488658,0.024943057,0.026191203
id20381,0.95056945,0.024148196,0.02528239
id00428,0.023258695,0.022853425,0.9538879
id26942,0.024214333,0.9503845,0.025401197
id10242,0.95054984,0.024242207,0.025207909
id08136,0.023048945,0.023320638,0.9536304
id00055,0.023535565,0.023398066,0.95306635
id15243,0.02221278,0.02307509,0.95471215
id13954,0.94951296,0.02496007,0.025527038
id26797,0.95057935,0.024456974,0.02496371
id11384,0.024799168,0.94986314,0.025337728
id07965,0.023864115,0.023817552,0.9523183
id19311,0.024942445,0.023431256,0.95162636
id08841,0.031673264,0.94204307,0.026283713
id14884,0.950067,0.02451551,0.025417522
id10859,0.95100075,0.023877691,0.025121545
id10460,0.94887626,0.025886355,0.025237357
id25236,0.94972605,0.025186062,0.02508787
id19325,0.024348315,0.95006,0.025591683
id03265,0.024157077,0.95091903,0.024923906
id08636,0.025370454,0.94923425,0.025395242
id11848,0.0246091,0.94997585,0.025415083
id20945,0.951415,0.02270531,0.025879683
id04971,0.94903696,0.024996331,0.0259667
id08496,0.9504165,0.024452783,0.02513064
id23091,0.022799388,0.023707613,0.953493
id06654,0.02343148,0.94885147,0.02771709
id10002,0.951612,0.023591625,0.02479635
id16426,0.028278286,0.024234986,0.94748676
id12285,0.024360375,0.9505305,0.025109123
id18466,0.9512396,0.024094526,0.024665914
id27110,0.9503013,0.024000345,0.025698373
id07502,0.9496772,0.024915675,0.025407095
id02890,0.024821565,0.94979304,0.02538539
id19800,0.024004575,0.95139754,0.024597837
id19162,0.9510325,0.023623353,0.025344158
id23696,0.94934857,0.025028966,0.025622513
id25580,0.95020807,0.02451915,0.02527278
id09671,0.024052143,0.95049405,0.025453791
id21501,0.02398763,0.95072585,0.02528655
id23983,0.023360986,0.022291206,0.95434785
id15163,0.024208535,0.94922954,0.026561923
id03351,0.024109902,0.9509175,0.024972592
id07575,0.024430102,0.9504626,0.025107328
id12149,0.034386992,0.7887827,0.17683032
id10262,0.024176568,0.9507573,0.02506611
id20055,0.024983224,0.9494661,0.02555072
id16660,0.95018655,0.024590531,0.025222894
id03200,0.945395,0.02796895,0.026636085
id19508,0.023938,0.023589902,0.9524721
id03793,0.024123402,0.9505213,0.025355283
id19882,0.026665356,0.026900752,0.9464339
id16261,0.9501637,0.024613967,0.025222288
id22519,0.023245564,0.023405014,0.9533494
id24023,0.024628872,0.9498111,0.025560003
id04432,0.13338752,0.076392576,0.7902199
id06228,0.94976175,0.024579538,0.025658708
id20655,0.9487298,0.024172176,0.027098004
id10603,0.024053935,0.95056486,0.025381219
id05162,0.9508092,0.023803042,0.025387742
id18462,0.023486951,0.023555862,0.9529572
id10034,0.024421053,0.95011055,0.025468383
id20090,0.022984112,0.023277761,0.95373815
id10966,0.023996789,0.023054961,0.9529483
id10696,0.024353165,0.95024925,0.025397584
id01326,0.022783933,0.023438403,0.9537777
id03613,0.95071316,0.024246372,0.02504048
id01794,0.9511066,0.024398955,0.024494447
id26181,0.022995489,0.022794265,0.9542102
id27587,0.9502105,0.02461518,0.025174314
id08364,0.9507332,0.024152357,0.025114477
id24179,0.94991845,0.024368474,0.025713114
id02284,0.95005137,0.025047498,0.024901165
id10671,0.95014894,0.024231983,0.025619084
id08252,0.024538817,0.95097023,0.024490938
id15951,0.07317023,0.898826,0.02800378
id21864,0.023378976,0.02340182,0.95321923
id04453,0.024217926,0.9505255,0.025256546
id12771,0.023284514,0.02270075,0.9540147
id09751,0.92694074,0.025164753,0.04789442
id10572,0.033033438,0.9393391,0.027627438
id13036,0.023005005,0.023321686,0.95367336
id00112,0.02350451,0.02282589,0.9536696
id13299,0.02361842,0.022758016,0.9536236
id00858,0.022938207,0.023367789,0.95369405
id08297,0.026562257,0.94738925,0.026048496
id11005,0.022706399,0.023041457,0.9542521
id25101,0.024239818,0.95045614,0.025304075
id26150,0.94943357,0.024715437,0.025851017
id13836,0.95032156,0.024402631,0.025275797
id07352,0.023805343,0.9499729,0.026221763
id08883,0.9508549,0.023780953,0.025364183
id09328,0.0388045,0.9341981,0.026997471
id03934,0.024532326,0.024748893,0.95071876
id14064,0.024651727,0.94976455,0.025583724
id06643,0.03653493,0.024890339,0.93857473
id21558,0.95018506,0.024044324,0.025770614
id17053,0.023059348,0.022879897,0.9540608
id06434,0.023003431,0.02338851,0.9536081
id16616,0.023787497,0.023236461,0.95297605
id03306,0.023017952,0.022772012,0.95421
id07375,0.024458932,0.94510144,0.03043963
id07934,0.023356153,0.02342468,0.9532192
id02202,0.9460856,0.024724675,0.029189745
id03667,0.9501434,0.024137372,0.025719203
id27531,0.94957876,0.024767544,0.025653765
id00608,0.024309808,0.950412,0.025278201
id18141,0.111247525,0.027289016,0.8614635
id00008,0.9503023,0.024545541,0.025152171
id08845,0.9492812,0.025421312,0.025297487
id16610,0.9500678,0.024539484,0.025392734
id07464,0.024173876,0.023316,0.9525101
id02189,0.95009136,0.024540093,0.025368575
id17456,0.023194812,0.022746183,0.95405895
id09421,0.0233057,0.022743603,0.9539507
id12813,0.02378798,0.02507609,0.95113593
id23428,0.023221808,0.023472603,0.9533056
id01358,0.9490802,0.02487571,0.026044073
id02737,0.02437759,0.95027375,0.02534868
id27430,0.02321798,0.022702297,0.95407975
id12857,0.024378797,0.9503208,0.025300473
id01905,0.023272512,0.023204435,0.95352304
id18314,0.949713,0.024554286,0.025732672
id02216,0.94986075,0.024702422,0.025436834
id04034,0.02425932,0.9502923,0.025448387
id11461,0.024334785,0.9504597,0.025205519
id09397,0.023176799,0.022573678,0.9542495
id25870,0.023682918,0.9515702,0.024746878
id11653,0.3276471,0.26692855,0.4054244
id10046,0.9500746,0.024999235,0.024926102
id27294,0.95091903,0.024157077,0.024923906
id09975,0.95096594,0.024181874,0.024852218
id09133,0.023543047,0.023087682,0.9533693
id08410,0.95053583,0.02469585,0.024768308
id19062,0.024074867,0.94953567,0.026389476
id26530,0.022953246,0.023658747,0.953388
id09772,0.95025426,0.024496408,0.025249338
id10360,0.9512625,0.024095105,0.024642428
id12530,0.02397184,0.9510283,0.024999905
id06013,0.023062943,0.022727566,0.9542095
id10525,0.95083123,0.024344297,0.024824444
id25934,0.023994697,0.951006,0.024999319
id10624,0.94904524,0.025365403,0.025589323
id16000,0.023076694,0.023076694,0.95384663
id01995,0.9497239,0.02489258,0.025383541
id26809,0.025349978,0.023399152,0.9512509
id06631,0.02437335,0.9501085,0.02551812
id23869,0.022583803,0.022738712,0.9546775
id06357,0.026027422,0.9484735,0.025499092
id02926,0.022767385,0.023216434,0.9540162
id14130,0.95029896,0.024425896,0.025275197
id12672,0.02437517,0.95017946,0.025445366
id21593,0.9495393,0.02525499,0.025205713
id06089,0.02419665,0.95061827,0.02518512
id09878,0.023083927,0.022770476,0.9541456
id06940,0.024338964,0.950623,0.025038105
id11312,0.02405691,0.9506824,0.025260715
id25039,0.023937449,0.023612404,0.95245016
id25401,0.10800727,0.8641863,0.027806366
id21772,0.023809731,0.022323528,0.9538668
id22915,0.023935407,0.95051074,0.025553862
id01096,0.9433265,0.031163769,0.025509756
id15071,0.024523372,0.95037174,0.025104927
id01062,0.023512058,0.023443276,0.9530447
id09059,0.024306199,0.95027083,0.025422975
id16954,0.95029896,0.024425896,0.025275197
id11730,0.95055073,0.024265919,0.02518333
id26294,0.023078253,0.02301074,0.95391107
id00940,0.024844602,0.9497465,0.025408948
id08422,0.949979,0.024729636,0.025291372
id14612,0.022342907,0.022962278,0.95469487
id11545,0.9523626,0.023865227,0.023772184
id24921,0.022692844,0.022692844,0.95461434
id18942,0.950806,0.02424874,0.024945289
id23652,0.023420217,0.022611152,0.95396864
id07261,0.94880354,0.025210792,0.025985679
id11791,0.9485104,0.023263484,0.02822602
id07207,0.94868517,0.02603323,0.025281603
id19774,0.94995797,0.025167624,0.024874412
id06049,0.9498424,0.025017545,0.025139997
id13983,0.94904524,0.024346074,0.026608685
id27463,0.024096573,0.023653591,0.9522499
id09046,0.023573993,0.023666259,0.9527598
id25994,0.026043706,0.9481405,0.025815811
id02689,0.024167629,0.9504058,0.025426587
id14829,0.024147002,0.9505225,0.025330566
id20759,0.023255048,0.023006575,0.9537384
id27848,0.9505298,0.023865866,0.025604337
id08225,0.023249272,0.023249272,0.95350146
id17637,0.022293743,0.02324984,0.95445645
id15355,0.95101076,0.024135824,0.024853388
id13448,0.023039922,0.0227715,0.9541885
id01981,0.023616984,0.024677983,0.95170504
id09107,0.94458956,0.025444325,0.029966105
id20630,0.95021,0.024591139,0.025198897
id10726,0.9404458,0.0322432,0.027311053
id03636,0.022379044,0.023247812,0.9543732
id01736,0.030818008,0.94385654,0.025325458
id23828,0.950473,0.024098633,0.025428385
id27861,0.94520533,0.025660604,0.029134119
id14983,0.95057327,0.024242805,0.025183925
id04726,0.027606795,0.94599915,0.026394092
id03313,0.025884826,0.022511099,0.95160407
id21981,0.024504213,0.95055705,0.024938758
id20082,0.027126823,0.9460362,0.026836982
id03502,0.9488743,0.025962248,0.025163475
id04804,0.94955313,0.024718551,0.02572834
id20635,0.9507573,0.024176568,0.02506611
id09564,0.94941163,0.024763186,0.025825188
id01354,0.027359024,0.9457849,0.026856067
id09441,0.02265384,0.023441525,0.9539047
id07175,0.94727266,0.028521474,0.02420586
id15544,0.023034258,0.023011774,0.9539539
id25935,0.9492297,0.026252475,0.024517838
id19230,0.025093403,0.94993544,0.024971176
id00718,0.025259959,0.023157217,0.95158285
id00274,0.9500362,0.024347706,0.025616044
id16546,0.027618797,0.9464104,0.025970807
id02136,0.025546338,0.9493033,0.025150279
id19618,0.030644197,0.94220656,0.027149253
id00503,0.023335489,0.023358287,0.95330626
id11300,0.024378797,0.9503208,0.025300473
id21526,0.02617012,0.9490283,0.02480158
id07300,0.024487898,0.9499241,0.025588023
id18782,0.024303779,0.95017624,0.025519937
id01883,0.026247224,0.94811356,0.02563921
id25235,0.95173544,0.02384951,0.024415087
id03747,0.023841484,0.022883393,0.95327514
id07155,0.9488316,0.025409272,0.02575905
id00565,0.95043457,0.024286658,0.025278803
id11232,0.9497705,0.024869502,0.025360007
id00722,0.023426812,0.023267213,0.95330596
id19963,0.022969967,0.022947548,0.9540825
id16866,0.95089257,0.024062227,0.025045205
id17280,0.024541305,0.95013833,0.025320329
id04309,0.94958496,0.0250352,0.02537983
id23317,0.02382397,0.95071626,0.025459742
id25757,0.024285458,0.9503876,0.025326971
id17088,0.023155447,0.0234742,0.9533704
id19779,0.022811914,0.02317115,0.9540169
id26845,0.024345879,0.9499649,0.025689274
id01923,0.94882166,0.025039516,0.026138881
id09394,0.023867058,0.9505773,0.025555652
id25978,0.02265754,0.022349875,0.9549926
id03898,0.9342587,0.04086847,0.02487285
id11967,0.024568608,0.02330657,0.9521248
id14964,0.029751768,0.023673896,0.94657433
id06337,0.02333389,0.023425216,0.95324093
id26501,0.023469402,0.023355084,0.95317554
id20513,0.9492842,0.02461521,0.026100598
id05044,0.9508554,0.02441634,0.024728289
id07951,0.023013325,0.02296842,0.95401824
id14796,0.9477974,0.02652185,0.025680767
id09780,0.023109186,0.023564974,0.95332587
id13597,0.95008594,0.024396582,0.025517512
id26413,0.95079505,0.02396596,0.025239047
id14007,0.024237417,0.950362,0.025400598
id01799,0.028661806,0.024041563,0.9472966
id24712,0.02288298,0.022927716,0.95418936
id13156,0.024883486,0.023883522,0.95123297
id25468,0.023034258,0.023011774,0.9539539
id25877,0.9503023,0.024545541,0.025152171
id22485,0.024234403,0.95024383,0.025521753
id09229,0.031303648,0.023907768,0.94478863
id25687,0.945812,0.025626972,0.028561048
id12266,0.022664625,0.02297662,0.95435876
id19723,0.9506304,0.02396181,0.02540777
id03536,0.950843,0.023990585,0.025166482
id24370,0.024479087,0.9505102,0.025010696
id10745,0.02522972,0.94951594,0.025254369
id17620,0.94882166,0.021501258,0.029677143
id16290,0.024145808,0.9504754,0.025378829
id04325,0.67448914,0.03142329,0.29408756
id23332,0.023744872,0.02312697,0.95312816
id15082,0.024025638,0.95037425,0.025600147
id21581,0.02301022,0.02310028,0.9538895
id17460,0.95030284,0.024569536,0.025127634
id17003,0.9520401,0.023441443,0.024518488
id15193,0.02419665,0.95061827,0.02518512
id08389,0.023083413,0.022792215,0.9541244
id19831,0.023008661,0.023166485,0.9538248
id25627,0.023487834,0.022588031,0.9539242
id14051,0.023537712,0.02330897,0.9531533
id00942,0.95043784,0.024381798,0.025180336
id09184,0.02410221,0.95061415,0.025283579
id21762,0.949349,0.025053432,0.025597513
id07390,0.9504814,0.024287855,0.025230723
id25785,0.024015816,0.9509139,0.025070237
id17567,0.024033397,0.95068127,0.025285363
id13118,0.024259925,0.95031595,0.025424182
id17508,0.022927716,0.02288298,0.95418936
id21192,0.94708484,0.024896242,0.028018944
id27884,0.023627121,0.023329064,0.9530438
id08686,0.02419067,0.95038337,0.025425985
id01360,0.9449804,0.028369222,0.02665042
id13689,0.02484134,0.9477689,0.027389655
id01772,0.022943415,0.023145955,0.95391065
id17507,0.024214333,0.9503845,0.025401197
id17644,0.95083344,0.02455926,0.024607273
id00494,0.9510515,0.023972426,0.02497611
id09881,0.027491447,0.94665754,0.025851056
id02306,0.95130223,0.02388526,0.024812497
id06761,0.9503955,0.024547948,0.025056569
id15045,0.23782474,0.17527536,0.58689994
id05992,0.022919977,0.02321281,0.95386726
id18245,0.024079705,0.023407327,0.952513
id01047,0.9507403,0.024413384,0.024846321
id23601,0.02270793,0.022975601,0.9543165
id13140,0.9512359,0.023513312,0.02525075
id05280,0.023867654,0.950601,0.025531346
id03728,0.023130065,0.022682691,0.9541872
id15626,0.94782066,0.025160091,0.02701921
id03086,0.02273012,0.022953182,0.95431674
id27898,0.024443112,0.025516296,0.95004064
id05891,0.9505896,0.024078062,0.025332354
id02214,0.023498187,0.023088744,0.95341307
id17274,0.94960326,0.024792384,0.02560437
id09359,0.95017517,0.024280028,0.02554484
id03320,0.949885,0.02472719,0.025387848
id26061,0.95035976,0.02419007,0.025450196
id02869,0.95047957,0.024240416,0.02528
id21891,0.024195459,0.9505715,0.025233114
id06182,0.024312206,0.9505057,0.025182135
id13429,0.024312206,0.9505057,0.025182135
id15943,0.023299452,0.023005528,0.953695
id13008,0.024299528,0.95001,0.025690494
id08587,0.9502373,0.024116194,0.025646498
id03346,0.9482217,0.025244586,0.026533721
id02052,0.02310596,0.022769962,0.95412403
id00916,0.028797219,0.9452881,0.025914693
id11093,0.95122665,0.023743829,0.025029548
id15190,0.9504191,0.024572544,0.0250083
id23076,0.031768493,0.023356091,0.9448754
id25738,0.024174195,0.95066404,0.025161745
id21546,0.022742566,0.0233502,0.95390725
id17764,0.95018464,0.024518544,0.025296846
id11990,0.95139945,0.02450199,0.024098575
id21050,0.9508069,0.022404552,0.026788563
id18324,0.94394076,0.023378605,0.032680616
id20690,0.023655023,0.023107054,0.9532379
id19799,0.023196358,0.022681152,0.95412254
id12658,0.95052904,0.024312804,0.025158172
id03781,0.023406606,0.023179138,0.95341426
id04870,0.023857277,0.9511161,0.02502664
id20596,0.024429502,0.9504393,0.025131244
id26849,0.948974,0.0253635,0.025662478
id00600,0.026013019,0.9479486,0.026038436
id11902,0.9508277,0.02420198,0.024970233
id19219,0.9510114,0.024159424,0.02482915
id14788,0.02431875,0.9507615,0.024919776
id22482,0.024213733,0.9503609,0.025425386
id15378,0.024337176,0.9505531,0.02510972
id14696,0.024234403,0.95024383,0.025521753
id17359,0.022895515,0.0233243,0.9537802
id16190,0.9489025,0.023755312,0.027342195
id21285,0.9502485,0.023928804,0.025822723
id06812,0.9495371,0.024406312,0.026056608
id15579,0.023244753,0.022507599,0.95424765
id26672,0.95027953,0.024568932,0.025151568
id09842,0.024236817,0.9503384,0.025424784
id06045,0.9511059,0.024303813,0.024590299
id21233,0.95071626,0.02382397,0.025459742
id16227,0.94974905,0.025015086,0.025235914
id17437,0.023588518,0.023064604,0.9533469
id02309,0.94894326,0.02460637,0.02645039
id18232,0.022582797,0.022782154,0.954635
id23419,0.023615705,0.023800926,0.9525834
id11924,0.95069844,0.023916766,0.025384786
id12263,0.9500921,0.024564086,0.025343833
id16734,0.950671,0.024411606,0.024917405
id07989,0.94878614,0.026394408,0.024819478
id24633,0.023309505,0.023515277,0.9531752
id19770,0.9511294,0.024423376,0.02444724
id05094,0.022559745,0.022847975,0.9545923
id07252,0.9497835,0.024532141,0.02568437
id12536,0.9499555,0.024729026,0.025315458
id24324,0.9535417,0.022956949,0.023501357
id25546,0.023303624,0.022830585,0.9538658
id24732,0.94949245,0.025253745,0.025253745
id07280,0.025506824,0.9487611,0.025731994
id23268,0.9489982,0.025588056,0.025413733
id18050,0.023087,0.022640457,0.95427257
id19360,0.94951177,0.024911335,0.025576914
id00456,0.024256906,0.9501977,0.025545446
id14069,0.023729838,0.951595,0.02467513
id24965,0.0241476,0.95054597,0.025306465
id13245,0.02323026,0.023117106,0.9536526
id22515,0.024351347,0.9501784,0.025470199
id11332,0.94915134,0.024444092,0.026404569
id19876,0.022899155,0.023169082,0.95393175
id18315,0.9500611,0.024372134,0.02556673
id05260,0.024743546,0.94865865,0.026597846
id14594,0.024756858,0.9500964,0.025146723
id12867,0.9518466,0.023759304,0.024394102
id05902,0.024296181,0.9508072,0.02489665
id06390,0.022612702,0.023353303,0.954034
id06005,0.021284023,0.95402604,0.024689898
id24075,0.02371686,0.023349164,0.95293397
id12630,0.94421387,0.033318557,0.022467539
id26378,0.02288711,0.023682905,0.95343
id05535,0.024214253,0.9513099,0.024475768
id26702,0.02349553,0.023199134,0.9533053
id25209,0.94919664,0.024397563,0.02640583
id19835,0.023264011,0.02356124,0.95317477
id09511,0.024103995,0.95068455,0.025211483
id27364,0.9505724,0.02421912,0.025208507
id09695,0.949194,0.024733344,0.026072646
id16165,0.9480811,0.025389172,0.026529787
id19503,0.022984112,0.023277761,0.95373815
id13511,0.02271047,0.02286625,0.95442325
id18752,0.022725001,0.023173211,0.9541018
id18278,0.9489868,0.02494624,0.026066953
id27219,0.94906104,0.024996964,0.025942013
id05454,0.02442529,0.9502755,0.025299264
id12347,0.033190366,0.024389537,0.94242007
id10397,0.9516036,0.024127299,0.024269082
id18543,0.9506497,0.024819704,0.024530545
id05210,0.94921815,0.024733972,0.026047856
id23141,0.024082217,0.9507537,0.025164118
id17139,0.95104384,0.023808917,0.02514723
id21399,0.95054984,0.024242207,0.025207909
id18728,0.95186985,0.023783099,0.024347099
id12170,0.024343112,0.95078504,0.024871767
id02225,0.023842648,0.9514616,0.024695775
id27210,0.024199026,0.9507116,0.025089394
id01242,0.023234442,0.022941338,0.9538243
id16587,0.026909398,0.025427593,0.947663
id11144,0.022972023,0.02286013,0.95416784
id13709,0.023214305,0.023788033,0.9529976
id00841,0.024286658,0.95043457,0.025278803
id09692,0.023171136,0.023743799,0.95308506
id07635,0.9493122,0.024688156,0.025999611
id11375,0.9505235,0.024170622,0.025305869
id05703,0.94975877,0.024127603,0.026113646
id02757,0.9490958,0.024706645,0.026197553
id08216,0.02419187,0.9504305,0.025377631
id09311,0.023122845,0.022987757,0.95388937
id11169,0.9486188,0.025627833,0.025753275
id23806,0.948736,0.025406713,0.025857262
id01253,0.022896558,0.023279848,0.9538236
id27558,0.02330489,0.9520562,0.02463892
id06695,0.9503465,0.024450982,0.025202518
id22654,0.024492893,0.95197546,0.023531595
id16201,0.9502105,0.02461518,0.025174314
id00873,0.9502556,0.024544334,0.025200106
id07131,0.950322,0.023954036,0.025724038
id11454,0.024609711,0.94999945,0.025390906
id19481,0.94993514,0.024922442,0.025142454
id16409,0.9337381,0.019454964,0.04680696
id01686,0.95064527,0.023822192,0.025532536
id24068,0.95037484,0.024861038,0.024764113
id14825,0.95079833,0.024036359,0.0251653
id13611,0.95030487,0.024689851,0.025005294
id05586,0.9502049,0.024423478,0.025371607
id04497,0.9480392,0.026373629,0.025587173
id13912,0.9479086,0.026706904,0.025384555
id09675,0.023567416,0.02393855,0.952494
id23620,0.0242511,0.95089847,0.024850454
id05596,0.022861667,0.022906361,0.954232
id09067,0.022765836,0.023282962,0.9539512
id05445,0.02424715,0.9498156,0.025937296
id16825,0.022887062,0.02275335,0.9543596
id21127,0.9510764,0.024019921,0.024903698
id01740,0.022689313,0.022844946,0.95446575
id12719,0.95009506,0.0246844,0.025220465
id14137,0.022850484,0.022452326,0.9546972
id08909,0.023346035,0.02291685,0.9537371
id24041,0.02401859,0.02309845,0.95288295
id14489,0.94869703,0.024599984,0.026703028
id14961,0.023431584,0.02306831,0.9535001
id19923,0.95002145,0.02456226,0.025416303
id03339,0.024387768,0.9506705,0.024941733
id08864,0.022815516,0.023016928,0.95416754
id19803,0.9512424,0.024283575,0.024474032
id09810,0.9504404,0.02447729,0.025082236
id23324,0.9506223,0.02431519,0.02506255
id22050,0.024216732,0.9504787,0.025304673
id11386,0.026480705,0.9481771,0.0253422
id14739,0.94925636,0.025173608,0.025570035
id02882,0.9506131,0.024078656,0.025308253
id11988,0.94631815,0.028215842,0.025466006
id18839,0.02437759,0.95027375,0.02534868
id08474,0.02410221,0.95061415,0.025283579
id01060,0.026499562,0.9470009,0.026499562
id06551,0.95136386,0.022681927,0.025954219
id06210,0.024176074,0.023227211,0.9525967
id12349,0.022453327,0.022806915,0.95473975
id21813,0.023647502,0.023417693,0.9529348
id13028,0.024039892,0.95093817,0.025021957
id10021,0.02340395,0.02328995,0.9533061
id07425,0.0228373,0.023016414,0.95414627
id24409,0.024122803,0.9504977,0.025379423
id21183,0.9501124,0.024468843,0.025418736
id26178,0.029233743,0.94473976,0.02602643
id24033,0.024346532,0.023805782,0.9518477
id14793,0.023140743,0.023163352,0.9536959
id03053,0.9507323,0.024128757,0.025138991
id24285,0.94829243,0.022875205,0.028832376
id09137,0.95096594,0.024181874,0.024852218
id03185,0.95068455,0.024103995,0.025211483
id21242,0.024333585,0.95041287,0.025253553
id17446,0.94625795,0.025389893,0.028352145
id00087,0.44321656,0.52710426,0.029679164
id11019,0.94911635,0.025367303,0.025516374
id18832,0.024370916,0.95001364,0.025615435
id19224,0.02972428,0.02365202,0.9466237
id17436,0.024215013,0.023515878,0.95226914
id09895,0.023065135,0.023566034,0.9533688
id20296,0.022462623,0.023334634,0.9542027
id03074,0.02463621,0.95009404,0.025269747
id09152,0.024353165,0.95024925,0.025397584
id15277,0.02307461,0.023164922,0.9537605
id07520,0.94561815,0.027920967,0.02646087
id12928,0.024428302,0.9503926,0.025179138
id06197,0.023215916,0.022789123,0.9539949
id24099,0.9506208,0.024267707,0.025111506
id17392,0.9494771,0.02462021,0.025902744
id17303,0.9467953,0.025628574,0.027576117
id05682,0.9494999,0.024596771,0.025903368
id14339,0.9507176,0.024436656,0.024845729
id07873,0.023446497,0.023377905,0.9531756
id06939,0.025293443,0.94727755,0.027428977
id14827,0.023626024,0.024304684,0.9520693
id19768,0.023640081,0.951706,0.024653919
id18080,0.9513657,0.023747299,0.024886956
id17384,0.95110404,0.024185386,0.024710616
id12059,0.9498155,0.024247149,0.025937293
id27382,0.023224462,0.023360942,0.9534146
id23252,0.02342254,0.023445426,0.9531321
id14797,0.022959052,0.02341188,0.9536291
id25826,0.024856647,0.023078615,0.95206475
id27569,0.94997156,0.02448912,0.025539367
id05079,0.94991153,0.024897499,0.025190983
id23749,0.9503866,0.024261728,0.02535169
id04852,0.023315363,0.023269868,0.95341474
id08920,0.9491173,0.024658997,0.026223743
id15229,0.022990141,0.023952704,0.95305717
id11992,0.040491924,0.02705258,0.9324555
id21087,0.023710078,0.02455846,0.9517315
id22173,0.95056486,0.024053935,0.025381219
id26488,0.94965196,0.024842126,0.025505856
id09378,0.9460505,0.025409129,0.028540365
id19280,0.95007473,0.02495046,0.024974838
id00701,0.023104418,0.022835242,0.9540603
id18252,0.9488621,0.024508342,0.026629545
id19850,0.022685759,0.022998044,0.9543162
id00967,0.024241382,0.9514461,0.024312507
id00670,0.94999427,0.024465801,0.025539977
id10795,0.022862177,0.022884512,0.9542533
id27312,0.0231986,0.023517946,0.9532834
id10703,0.022840882,0.0228632,0.95429593
id25596,0.02646137,0.938277,0.035261627
id00443,0.02337576,0.023536105,0.95308816
id21638,0.024422264,0.9501577,0.025419949
id15800,0.023896936,0.9508382,0.025264855
id23367,0.9506725,0.0248203,0.024507191
id03600,0.94904524,0.025365403,0.025589323
id07147,0.024984214,0.022726182,0.95228964
id02654,0.024287255,0.950458,0.02525475
id17965,0.02451915,0.95020807,0.02527278
id24304,0.02633656,0.9485575,0.02510599
id11626,0.95009756,0.024853785,0.025048714
id17604,0.023442043,0.022632228,0.9539257
id24725,0.9509446,0.023713619,0.025341814
id08894,0.94986355,0.024823409,0.025313007
id01352,0.022840882,0.0228632,0.95429593
id07907,0.95102626,0.023925012,0.025048727
id02681,0.02338164,0.023290483,0.9533279
id23951,0.02412101,0.950427,0.025451997
id11154,0.94618195,0.024367621,0.029450424
id13182,0.93223214,0.039699234,0.028068619
id04576,0.024544938,0.95027894,0.025176127
id16318,0.9499278,0.024583835,0.025488362
id05472,0.022656428,0.023330007,0.9540136
id20567,0.9503885,0.024309209,0.025302274
id21385,0.022906361,0.022861667,0.954232
id09834,0.95023555,0.02471217,0.025052352
id02954,0.95105624,0.02411342,0.024830319
id15456,0.024580298,0.95071906,0.024700612
id06958,0.95090604,0.02385201,0.025241993
id18053,0.06674094,0.023995575,0.90926355
id05180,0.02456165,0.94999784,0.025440503
id21648,0.9509468,0.024394855,0.024658322
id27095,0.025985377,0.9469413,0.027073346
id16645,0.024284253,0.9503405,0.025375227
id22508,0.9494815,0.024716685,0.02580188
id01151,0.023244241,0.022529092,0.9542266
id03451,0.94870615,0.026573217,0.024720632
id20279,0.9470163,0.022512225,0.030471535
id17480,0.024354372,0.95029634,0.025349284
id08280,0.02705718,0.94730055,0.025642252
id19245,0.03222201,0.025192745,0.94258523
id20463,0.94994575,0.024440672,0.025613604
id01510,0.024216132,0.9504551,0.02532877
id22724,0.02350083,0.022978863,0.9535203
id03386,0.023194326,0.023698032,0.95310766
id26858,0.9457401,0.030699106,0.023560818
id27612,0.9508543,0.024344888,0.024800815
id14606,0.9516653,0.02377799,0.024556752
id09273,0.023052087,0.023187554,0.9537604
id07736,0.023160202,0.023273567,0.95356625
id22879,0.92199755,0.05088509,0.027117398
id01075,0.024107547,0.9508246,0.025067883
id14038,0.02421313,0.9503373,0.025449593
id10294,0.94927347,0.024905082,0.02582143
id06738,0.025438206,0.94805855,0.026503265
id06932,0.024101023,0.95056725,0.025331758
id20905,0.02409923,0.9504966,0.025404194
id03466,0.95146495,0.023959436,0.02457557
id17100,0.023861548,0.022992289,0.95314616
id00585,0.022838324,0.022972535,0.9541891
id05385,0.94842577,0.026051542,0.025522724
id21658,0.95015377,0.024326952,0.025519336
id25140,0.026146917,0.9481869,0.025666244
id14623,0.024325129,0.9500826,0.02559229
id06925,0.950067,0.025417522,0.02451551
id03102,0.9493515,0.025225352,0.025423195
id15215,0.024238018,0.9503856,0.02537643
id16162,0.024286658,0.95043457,0.025278803
id12412,0.02406575,0.95103174,0.024902528
id27708,0.9499661,0.024369696,0.025664229
id18508,0.95064616,0.024339559,0.025014274
id19857,0.95023084,0.024495805,0.025273385
id27904,0.94988817,0.024896886,0.025214974
id27345,0.023987265,0.022511955,0.9535008
id09516,0.02445038,0.9503231,0.02522652
id24277,0.024379998,0.9503677,0.025252353
id26935,0.024128757,0.9507323,0.025138991
id08544,0.02342039,0.023535028,0.9530446
id13779,0.95078135,0.0242008,0.025017831
id17103,0.024821687,0.023523662,0.9516546
id01771,0.94984406,0.024319023,0.025836952
id08211,0.023320112,0.023070944,0.95360893
id06392,0.9487135,0.025505545,0.02578101
id25629,0.9497705,0.024869502,0.025360007
id15194,0.022875238,0.023258174,0.9538666
id23962,0.02412101,0.950427,0.025451997
id14252,0.022738712,0.022583803,0.9546775
id15381,0.95068944,0.023776814,0.025533723
id17385,0.023427345,0.023245033,0.9533276
id22826,0.9459609,0.027204245,0.026834846
id16485,0.025007024,0.9494429,0.025550097
id25744,0.9510805,0.024161179,0.024758311
id09192,0.94990504,0.024607265,0.02548775
id08619,0.024286658,0.95043457,0.025278803
id27889,0.023748208,0.95047337,0.025778435
id10964,0.02481883,0.023636082,0.95154506
id00821,0.9498406,0.024847062,0.025312394
id07120,0.94997996,0.024778008,0.02524205
id05347,0.9510515,0.023972426,0.02497611
id14047,0.950409,0.02383954,0.02575153
id24871,0.9497958,0.025187913,0.025016319
id21417,0.9453637,0.02544032,0.02919597
id03784,0.9505437,0.024100425,0.025355881
id07389,0.03103986,0.9423325,0.026627697
id16215,0.9516821,0.023616416,0.024701497
id10976,0.022537718,0.022870293,0.954592
id00348,0.9508135,0.023872988,0.02531359
id04027,0.027792962,0.023541557,0.9486655
id21625,0.9483175,0.025197877,0.026484625
id15117,0.022538222,0.02284848,0.9546133
id06776,0.02626956,0.9479942,0.025736317
id10947,0.9501701,0.024185242,0.025644686
id11746,0.02574998,0.0229697,0.95128036
id27779,0.023721172,0.023171673,0.9531072
id20789,0.024094919,0.02279034,0.95311475
id16187,0.02287938,0.023081355,0.9540393
id23834,0.024633164,0.94997656,0.025390295
id25848,0.024516726,0.95011413,0.025369182
id08777,0.9503034,0.024593556,0.025103122
id17045,0.022881953,0.02297151,0.95414656
id01474,0.02368774,0.023618443,0.9526938
id09396,0.02401464,0.95086735,0.02511802
id22208,0.9501124,0.024468843,0.025418736
id13813,0.023307363,0.023605144,0.9530875
id23386,0.9508972,0.02420375,0.024899004
id02610,0.02412757,0.95068556,0.0251869
id07647,0.0251388,0.9479438,0.02691737
id24025,0.948947,0.02518999,0.025863014
id25573,0.9500425,0.024490949,0.025466558
id23575,0.026379107,0.0235309,0.95008993
id08968,0.026146917,0.9481869,0.025666244
id09958,0.024603577,0.9497627,0.02563369
id13648,0.028111286,0.02261012,0.9492786
id00335,0.9507058,0.024057502,0.02523668
id18099,0.95018464,0.025296846,0.024518544
id24297,0.022479445,0.02353526,0.9539853
id17751,0.02372966,0.023752844,0.9525175
id02158,0.023849651,0.9508121,0.025338283
id03039,0.94469744,0.027948314,0.027354268
id09467,0.023029579,0.023210205,0.9537602
id14903,0.949396,0.025030218,0.025573798
id03331,0.06214952,0.326795,0.61105543
id27366,0.023328524,0.023649659,0.95302176
id09199,0.95008487,0.024372743,0.025542414
id07681,0.023202488,0.022422832,0.9543747
id11502,0.024240412,0.9504795,0.025279997
id00140,0.9487528,0.025135696,0.026111476
id20159,0.95112807,0.022720639,0.026151294
id02007,0.023652349,0.023217533,0.9531301
id08188,0.950381,0.024143409,0.025475632
id04504,0.022780797,0.023572896,0.95364636
id22031,0.95018595,0.024566514,0.025247524
id17947,0.023345513,0.022938728,0.95371574
id06267,0.9549764,0.021874454,0.023149194
id14577,0.9501876,0.024638636,0.025173709
id27313,0.9500652,0.024467627,0.025467167
id16231,0.024865795,0.94962895,0.02550524
id02587,0.9508786,0.024440793,0.02468064
id04379,0.024264725,0.95050395,0.02523132
id13503,0.024220312,0.95061916,0.025160557
id03887,0.9504617,0.02391081,0.025627516
id22338,0.94977164,0.025285851,0.024942499
id20080,0.030442577,0.94427025,0.025287122
id22392,0.95064366,0.0237989,0.025557436
id03895,0.9489852,0.024511522,0.026503274
id17179,0.024032207,0.9506342,0.025333542
id23466,0.02262595,0.022781149,0.9545929
id12592,0.024490949,0.9500425,0.025466558
id16947,0.95225817,0.023241641,0.024500167
id13870,0.025922852,0.030336495,0.94374067
id10717,0.022553671,0.023111075,0.9543353
id09418,0.95162565,0.024317093,0.024057273
id20753,0.9507403,0.024413384,0.024846321
id00114,0.022606874,0.022673203,0.95471996
id00627,0.9490693,0.02549021,0.025440473
id07738,0.02440022,0.95022756,0.02537221
id14516,0.94700336,0.02790731,0.025089346
id02107,0.024378797,0.9503208,0.025300473
id18378,0.02419007,0.95035976,0.025450196
id02751,0.023109036,0.022639947,0.95425105
id26105,0.022888586,0.0226883,0.9544231
id07659,0.054706044,0.030344605,0.91494936
id07421,0.94983906,0.024774333,0.025386618
id00325,0.030382244,0.03180924,0.9378085
id12253,0.950665,0.02419784,0.025137212
id23427,0.95155,0.023751901,0.024698067
id06202,0.95121086,0.023489743,0.02529945
id21320,0.023077589,0.022106973,0.95481545
id21994,0.94477725,0.030045321,0.02517746
id13903,0.9422118,0.025704542,0.032083675
id13767,0.9501342,0.02442166,0.025444156
id03750,0.023301544,0.022917895,0.9537806
id08666,0.023392178,0.022850301,0.9537575
id12171,0.023168564,0.022921015,0.9539104
id26202,0.024736892,0.022217358,0.9530458
id16310,0.022919977,0.02321281,0.95386726
id02650,0.024641056,0.95028096,0.025078028
id26558,0.9503349,0.024165826,0.025499284
id24794,0.9503609,0.024213733,0.025425386
id01299,0.94965196,0.024842126,0.025505856
id19281,0.95027626,0.024449175,0.025274593
id20504,0.026147801,0.022851106,0.95100105
id15716,0.02320654,0.023183888,0.9536096
id08222,0.0227715,0.023039922,0.9541885
id12393,0.023131091,0.022639435,0.9542295
id26841,0.9484854,0.026386041,0.02512861
id22947,0.024383595,0.9505079,0.025108526
id10817,0.95087415,0.024203163,0.024922729
id01486,0.025570663,0.94927967,0.025149655
id00296,0.024241611,0.9505265,0.025231916
id24189,0.02280202,0.02359486,0.95360315
id20909,0.95214045,0.023999874,0.02385966
id21079,0.94973797,0.024578923,0.025683139
id02478,0.022950117,0.022860644,0.95418924
id03727,0.95060253,0.024457568,0.02493995
id09794,0.94938207,0.024641799,0.025976142
id08527,0.02435678,0.9503903,0.025252953
id18716,0.9511903,0.023975924,0.024833819
id21733,0.023381108,0.02331271,0.9533062
id08898,0.94960946,0.024408173,0.025982363
id16571,0.025356473,0.02593245,0.9487111
id17780,0.9502401,0.024163414,0.025596531
id11537,0.95025426,0.024496408,0.025249338
id23242,0.94981855,0.024943732,0.025237761
id16749,0.023164922,0.02307461,0.9537605
id02226,0.9494159,0.024884507,0.025699511
id08369,0.023517415,0.02322074,0.95326185
id18013,0.035990655,0.89877504,0.06523433
id23454,0.95131713,0.023699755,0.024983088
id03878,0.02398585,0.9506553,0.025358858
id15129,0.022945486,0.023057798,0.95399666
id21874,0.9510136,0.023692193,0.025294203
id24455,0.9499921,0.024418008,0.025589854
id03860,0.024259925,0.95031595,0.025424182
id07622,0.024261128,0.95036304,0.02537583
id18449,0.024114663,0.022920664,0.9529647
id16952,0.94969666,0.024746442,0.025556926
id08212,0.94947195,0.024524095,0.026003985
id05513,0.023772184,0.023865227,0.9523626
id24536,0.949739,0.024602965,0.025658095
id18070,0.950427,0.02412101,0.025451997
id03094,0.024122803,0.9504977,0.025379423
id13815,0.02348887,0.02254495,0.9539662
id14023,0.02407687,0.9505425,0.02538062
id14480,0.9444527,0.029196333,0.026350943
id00059,0.94994974,0.024536435,0.025513854
id16873,0.94895124,0.025511937,0.025536865
id23144,0.94991124,0.024873186,0.025215585
id02845,0.9503515,0.024715183,0.024933364
id25492,0.023008661,0.023166485,0.9538248
id04097,0.02867972,0.9441933,0.027126908
id25883,0.95085025,0.024178931,0.024970826
id23391,0.02426293,0.9504336,0.025303476
id27018,0.9281437,0.046186995,0.025669305
id23614,0.024128165,0.9507089,0.025162933
id14309,0.024293218,0.9506913,0.02501546
id27746,0.024677686,0.9507648,0.024557484
id05057,0.9511931,0.024069833,0.024737071
id06246,0.9514845,0.023843221,0.024672264
id00509,0.023968505,0.023276487,0.95275503
id19473,0.9515252,0.023704937,0.024769887
id07044,0.022773545,0.022952162,0.95427424
id09871,0.022805912,0.022496236,0.95469785
id26870,0.94979507,0.024943115,0.025261793
id06125,0.023941623,0.9489024,0.02715592
id02829,0.9504371,0.02435798,0.025204921
id24935,0.76238817,0.019982448,0.21762942
id04557,0.022989312,0.023056764,0.9539539
id01208,0.94941163,0.024763186,0.025825188
id16235,0.02426233,0.9504101,0.02532757
id05135,0.024263527,0.9504571,0.025279403
id05892,0.023671681,0.023350246,0.95297813
id21207,0.9504111,0.024286058,0.025302876
id10722,0.039766863,0.9347327,0.025500504
id17396,0.023456052,0.022979917,0.95356405
id17755,0.94764316,0.025130827,0.027226025
id18529,0.023588518,0.023064604,0.9533469
id18235,0.95121336,0.023976505,0.02481018
id20188,0.023634076,0.023041548,0.9533244
id13483,0.023155447,0.0234742,0.9533704
id16860,0.95018893,0.024710957,0.025100099
id11203,0.9500254,0.024706703,0.02526792
id01104,0.9504101,0.02426233,0.02532757
id26195,0.022884216,0.94959295,0.027522882
id19647,0.022837812,0.022994466,0.9541677
id24377,0.022904703,0.023863688,0.95323163
id07103,0.9507856,0.02436691,0.024847504
id27061,0.9508693,0.024061639,0.02506906
id06255,0.02540192,0.033422813,0.9411753
id19483,0.022951122,0.023749148,0.95329976
id27936,0.026032588,0.94866174,0.02530568
id21761,0.949354,0.024568986,0.02607704
id06543,0.024145808,0.9504754,0.025378829
id04779,0.024406238,0.9504619,0.025131842
id05819,0.94991124,0.024873186,0.025215585
id04670,0.95267016,0.023872932,0.023456959
id22206,0.94971514,0.024602346,0.02568252
id18557,0.95011157,0.024444938,0.025443548
id24017,0.9442818,0.027342234,0.02837595
id10305,0.94963133,0.024987573,0.025381068
id25879,0.95153284,0.023937756,0.024529368
id08243,0.02406399,0.95096225,0.024973767
id11999,0.9489167,0.027991014,0.023092335
id13392,0.02419784,0.950665,0.025137212
id00681,0.024243997,0.95062,0.025136022
id03225,0.022963233,0.023233918,0.9538028
id19684,0.023285544,0.022657458,0.954057
id01944,0.9499921,0.024418008,0.025589854
id04903,0.022970995,0.022903798,0.9541252
id22131,0.9509614,0.024040481,0.024998147
id17465,0.023392178,0.022850301,0.9537575
id02341,0.023855083,0.02325701,0.9528879
id23306,0.025225352,0.9493515,0.025423195
id13543,0.024955988,0.022900904,0.9521431
id05527,0.9490909,0.025218425,0.025690714
id13622,0.024308609,0.95036507,0.02532637
id04807,0.023699295,0.95222825,0.024072506
id03763,0.023332821,0.023469936,0.9531973
id04860,0.022801891,0.022668678,0.95452946
id18552,0.95049894,0.024146406,0.025354687
id05624,0.9510569,0.024806097,0.024136996
id10691,0.022924116,0.023036323,0.9540395
id12723,0.050641675,0.9162439,0.033114463
id14533,0.94997793,0.024681356,0.025340788
id07197,0.9448929,0.02452528,0.030581877
id08284,0.9507629,0.024390139,0.024846911
id13373,0.58282894,0.33304247,0.084128626
id25880,0.023445426,0.02342254,0.9531321
id00879,0.95119727,0.024329895,0.024472872
id27931,0.024058096,0.95072925,0.025212668
id20774,0.022977635,0.022621399,0.95440096
id18642,0.024286658,0.95043457,0.025278803
id26855,0.02444006,0.02563799,0.94992197
id08684,0.023506833,0.9491181,0.027375128
id01743,0.025949433,0.033943743,0.9401068
id09704,0.025950821,0.94938326,0.024665907
id00696,0.03343799,0.024499616,0.94206244
id08351,0.024150576,0.95066315,0.025186306
id08495,0.9504884,0.024550349,0.024961323
id05141,0.022654358,0.02341918,0.95392644
id08515,0.023125436,0.022878347,0.95399624
id23509,0.023450764,0.023200199,0.95334905
id20577,0.023587987,0.02308662,0.95332545
id04217,0.022677545,0.023351753,0.95397073
id24430,0.022965772,0.02219407,0.9548402
id11995,0.023111839,0.023452885,0.9534353
id10871,0.022851864,0.02332534,0.9538228
id21988,0.023089271,0.023475787,0.9534349
id07248,0.9509139,0.024015816,0.025070237
id22805,0.9513457,0.023816476,0.024837876
id18064,0.023070944,0.023320112,0.95360893
id02256,0.02384942,0.022558134,0.9535925
id18835,0.9508786,0.024440793,0.02468064
id06068,0.023493933,0.023265615,0.95324045
id13355,0.024265919,0.95055073,0.02518333
id15890,0.024654798,0.9498829,0.025462281
id11828,0.949554,0.024742724,0.02570325
id14235,0.022767385,0.023216434,0.9540162
id07891,0.023113422,0.023385877,0.9535007
id00426,0.0241476,0.95054597,0.025306465
id00194,0.02302381,0.023455,0.95352125
id10086,0.94854045,0.02481305,0.026646527
id24683,0.023416065,0.022784455,0.9537995
id01217,0.11910892,0.84804106,0.032850027
id09906,0.04747102,0.92595214,0.026576873
id04780,0.023419313,0.023579953,0.9530007
id15682,0.95166963,0.02396459,0.024365762
id27193,0.02633934,0.024076106,0.94958454
id01574,0.02343,0.023134429,0.9534356
id26894,0.023339897,0.024104314,0.9525558
id08143,0.023005899,0.94999224,0.027001891
id05756,0.937408,0.03753768,0.025054371
id14803,0.023163876,0.023118678,0.95371747
id01103,0.024494592,0.95018387,0.025321541
id17451,0.95176053,0.024013735,0.024225725
id10497,0.023867438,0.0236817,0.9524509
id23770,0.95017076,0.02385685,0.025972346
id01731,0.025420206,0.9473877,0.02719212
id24021,0.025009513,0.94953746,0.02545302
id24904,0.95056355,0.024030423,0.025405984
id16795,0.022928739,0.022839349,0.9542319
id27308,0.022708297,0.023891235,0.9534005
id16671,0.94960535,0.024865178,0.025529522
id10035,0.023736773,0.02346023,0.952803
id12143,0.087632574,0.02817365,0.8841938
id14087,0.95061827,0.02419665,0.02518512
id02962,0.024128165,0.9507089,0.025162933
id17035,0.022620892,0.02299957,0.95437956
id07600,0.02458753,0.023484508,0.95192796
id08201,0.02307513,0.023142833,0.953782
id04623,0.9510325,0.02408928,0.024878241
id07245,0.025893586,0.9435963,0.0305101
id01334,0.9478939,0.026472796,0.02563327
id23105,0.9509149,0.024039304,0.025045794
id19744,0.023107335,0.02457362,0.952319
id22884,0.951306,0.024002267,0.024691734
id01936,0.02567881,0.024743346,0.94957787
id21910,0.024237417,0.950362,0.025400598
id10801,0.024174195,0.95066404,0.025161745
id02629,0.023615262,0.022888696,0.95349604
id11940,0.024323303,0.95001125,0.02566545
id12664,0.02658537,0.023347229,0.9500674
id06308,0.022236995,0.022942875,0.95482016
id21510,0.95014274,0.0247339,0.025123402
id20043,0.023384294,0.023179669,0.9534361
id01014,0.9463321,0.027135307,0.026532616
id04968,0.026482556,0.9473178,0.026199596
id17552,0.023297556,0.9517566,0.024945859
id25395,0.023364637,0.023069892,0.9535655
id25931,0.95036846,0.024403838,0.025227724
id21548,0.023272512,0.023204435,0.95352304
id07443,0.02270075,0.023284514,0.9540147
id01215,0.025571343,0.9483784,0.026050242
id20060,0.02436356,0.9497269,0.02590956
id17279,0.9499514,0.025464118,0.024584446
id20214,0.02762082,0.94555587,0.026823357
id08809,0.023270398,0.023293136,0.9534365
id17098,0.027570482,0.023977054,0.9484525
id10146,0.95037425,0.024025638,0.025600147
id24986,0.951288,0.024379786,0.024332216
id19690,0.022361232,0.023093594,0.9545452
id14487,0.93341917,0.02558931,0.040991552
id26146,0.95092946,0.023852596,0.025217976
id01942,0.0233243,0.022895515,0.9537802
id03843,0.9507176,0.024436656,0.024845729
id02026,0.023382764,0.022311991,0.95430523
id10903,0.94974464,0.02477187,0.025483446
id07340,0.9428644,0.03232612,0.024809513
id25682,0.026317308,0.9487903,0.024892405
id13830,0.95057327,0.024242805,0.025183925
id08319,0.024277035,0.023807479,0.9519155
id25558,0.02299241,0.022925148,0.9540825
id07084,0.022898637,0.023191195,0.9539102
id00203,0.02467887,0.9508104,0.024510743
id23804,0.9496526,0.024866415,0.025480976
id06863,0.022908913,0.022752842,0.95433825
id11191,0.9510854,0.023717131,0.025197495
id00846,0.02431041,0.95043546,0.025254153
id17290,0.025026457,0.9492534,0.025720218
id00047,0.024527472,0.9449774,0.030495139
id27631,0.94951564,0.025155906,0.025328457
id15793,0.02317424,0.022681667,0.9541441
id03142,0.022999212,0.023567624,0.95343316
id24825,0.9511423,0.023927933,0.024929758
id12069,0.023251379,0.02316073,0.9535879
id23009,0.94913137,0.024950039,0.02591861
id06793,0.024405638,0.95043856,0.025155777
id18638,0.95009714,0.02415978,0.025743078
id02966,0.95060813,0.02398466,0.025407175
id20346,0.023087151,0.023565503,0.9533473
id16855,0.94936264,0.024737738,0.025899623
id16350,0.024193667,0.9505011,0.025305273
id25092,0.024989428,0.9497019,0.025308698
id16132,0.9519826,0.023785917,0.024231376
id15977,0.023312176,0.023403417,0.9532844
id26922,0.94557166,0.025846634,0.028581686
id20054,0.9489476,0.02521462,0.025837786
id14375,0.023276716,0.023028012,0.9536953
id23372,0.029250594,0.022691572,0.94805783
id20360,0.0246356,0.95007056,0.025293808
id25380,0.024447361,0.95020574,0.025346866
id07295,0.02298672,0.023167005,0.9538463
id20349,0.94928133,0.025346948,0.025371714
id17177,0.023340259,0.023158621,0.9535011
id07041,0.055256505,0.025986874,0.9187566
id27459,0.024054531,0.9505884,0.025357073
id24144,0.027912289,0.9462479,0.025839869
id13748,0.023442198,0.02355694,0.95300084
id08295,0.9508791,0.02456044,0.02456044
id00744,0.023627121,0.023329064,0.9530438
id19662,0.024274772,0.95182675,0.023898428
id13027,0.026179798,0.0235133,0.9503069
id21785,0.023452355,0.023133898,0.9534137
id13431,0.9496137,0.024479894,0.025906472
id21455,0.023338046,0.9515504,0.02511153
id25429,0.024402631,0.95032156,0.025275797
id16944,0.023996789,0.023054961,0.9529483
id01458,0.023767058,0.95122784,0.025005149
id15684,0.024627026,0.9497399,0.025633074
id00970,0.9494612,0.024356745,0.026182057
id12185,0.022728588,0.023018975,0.9542524
id15050,0.03269232,0.82926404,0.13804366
id05062,0.023436315,0.022871068,0.9536926
id13150,0.024320522,0.9508308,0.024848687
id02821,0.024193069,0.9504776,0.02532937
id05545,0.95123,0.023813577,0.024956413
id03523,0.9503395,0.024260525,0.025399994
id02098,0.023137068,0.023318535,0.9535444
id26788,0.025939088,0.023251647,0.9508093
id22116,0.024263527,0.9504571,0.025279403
id16175,0.9494222,0.025325965,0.025251877
id24957,0.02294899,0.023839882,0.9532111
id10844,0.024303174,0.9501526,0.025544234
id11758,0.9515982,0.023822797,0.024579013
id05134,0.053712513,0.03558858,0.9106989
id15865,0.024326952,0.95015377,0.025519336
id08591,0.02559569,0.9483547,0.02604959
id26318,0.023538247,0.023286747,0.953175
id05612,0.9518822,0.023483379,0.024634415
id14561,0.022915281,0.02341293,0.9536718
id07666,0.022699717,0.023328975,0.9539713
id01297,0.9493984,0.025399635,0.025201973
id10688,0.022729099,0.022997024,0.9542739
id15377,0.024030425,0.9505636,0.025405984
id23377,0.027083792,0.9463821,0.026534019
id05797,0.0268825,0.9476408,0.025476705
id06241,0.025706764,0.022752699,0.9515405
id10766,0.94953394,0.02435861,0.026107464
id03928,0.9507703,0.023941943,0.025287732
id04429,0.02329893,0.023027489,0.9536736
id24846,0.023567624,0.022999212,0.95343316
id19784,0.022809846,0.023259731,0.95393044
id02452,0.94967806,0.02496441,0.025357539
id02600,0.94755447,0.024981666,0.0274638
id27487,0.023120765,0.023075653,0.9538036
id12323,0.9489984,0.025563085,0.02543857
id00487,0.02278416,0.022496738,0.9547191
id06032,0.9511138,0.02381067,0.025075506
id05211,0.2242031,0.026529968,0.749267
id16523,0.9518492,0.023299823,0.02485102
id08800,0.036177106,0.9375867,0.026236128
id08791,0.022838324,0.022972535,0.9541891
id10429,0.021654045,0.022782063,0.9555639
id20801,0.9477335,0.025355095,0.0269114
id14055,0.023413975,0.02287159,0.95371443
id09462,0.024149388,0.95061636,0.025234304
id06725,0.024416788,0.9499446,0.0256386
id01749,0.9506095,0.024008129,0.02538241
id22054,0.024397796,0.9501332,0.025468988
id07244,0.023048945,0.023320638,0.9536304
id12562,0.9505817,0.024672935,0.024745326
id13838,0.048502054,0.9250505,0.02644748
id22535,0.024171814,0.9505704,0.025257738
id01099,0.024085758,0.95089346,0.02502078
id02190,0.02456043,0.9499506,0.025488973
id25921,0.024234982,0.92463464,0.051130395
id16075,0.938197,0.025620019,0.036182977
id20465,0.9496841,0.024102155,0.026213791
id06556,0.022661053,0.023130579,0.9542084
id09360,0.023556402,0.023464564,0.9529791
id09042,0.024055718,0.9506354,0.025308846
id08846,0.02410518,0.9507313,0.025163524
id21274,0.022702297,0.02321798,0.95407975
id05841,0.94991124,0.025215585,0.024873186
id20361,0.03693418,0.025746468,0.93731934
id07499,0.9230586,0.02746862,0.04947281
id19466,0.028493084,0.024252715,0.94725424
id16550,0.024098633,0.950473,0.025428385
id24512,0.95126384,0.024165837,0.024570378
id14444,0.94405806,0.025654498,0.030287484
id11395,0.95521265,0.021879867,0.02290752
id14907,0.02327304,0.023182308,0.9535447
id19393,0.022647556,0.022780646,0.9545718
id26780,0.9497203,0.024747059,0.025532613
id03132,0.023537712,0.02330897,0.9531533
id17709,0.94880426,0.025235442,0.025960334
id19739,0.9497433,0.024245305,0.026011417
id08470,0.9508693,0.024061639,0.02506906
id22312,0.02398585,0.9506553,0.025358858
id20391,0.027337013,0.024866337,0.94779664
id05295,0.02511153,0.023338046,0.9515504
id08129,0.0227958,0.022929762,0.9542745
id10615,0.02329788,0.023071468,0.9536306
id09506,0.9509681,0.024276573,0.024755385
id22557,0.94780123,0.025831787,0.02636701
id04181,0.024057502,0.9507058,0.02523668
id22457,0.024402631,0.95032156,0.025275797
id00340,0.02278964,0.023193782,0.9540166
id18205,0.023026438,0.023343416,0.9536301
id03861,0.024040481,0.9509614,0.024998147
id20546,0.94765866,0.026209023,0.02613235
id17226,0.02388,0.023167903,0.95295215
id10376,0.06511569,0.90904623,0.025838073
id17734,0.025521424,0.94837743,0.026101144
id09703,0.024264725,0.95050395,0.02523132
id16311,0.024196053,0.95059484,0.025209103
id06524,0.024078656,0.9506131,0.025308253
id01082,0.024218526,0.950549,0.025232516
id01940,0.024123436,0.023495682,0.9523809
id04146,0.022943934,0.023123885,0.9539322
id03891,0.9499487,0.024512457,0.025538754
id14421,0.94997585,0.024133116,0.025891054
id19027,0.9499694,0.02444128,0.02558924
id19813,0.024197243,0.95064163,0.02516115
id05827,0.025685165,0.022644956,0.9516699
id03326,0.022950117,0.022860644,0.95418924
id10089,0.02437638,0.9502266,0.025396977
id06827,0.9481232,0.025241965,0.026634807
id01209,0.9488579,0.024797127,0.0263449
id08812,0.023389561,0.022959575,0.9536509
id25906,0.029258458,0.9418522,0.02888936
id25553,0.95078343,0.024271859,0.024944697
id10193,0.022451825,0.022872303,0.95467585
id15438,0.9496942,0.024673985,0.025631841
id04821,0.024134653,0.95096457,0.02490077
id26592,0.02345394,0.023067782,0.9534782
id20195,0.023129107,0.023654489,0.9532164
id00378,0.023237554,0.022810362,0.9539521
id15052,0.9505273,0.024265321,0.025207313
id09519,0.95150584,0.023797233,0.024696922
id04579,0.041722067,0.028871823,0.92940617
id08274,0.9525012,0.023111757,0.024387054
id26223,0.026368339,0.94784904,0.025782684
id01914,0.95028275,0.024882914,0.024834363
id05244,0.95093906,0.024063405,0.024997558
id14467,0.9512371,0.02400053,0.024762386
id23284,0.028863491,0.023673005,0.9474635
id20634,0.024023447,0.022900956,0.95307565
id14659,0.9504605,0.02435858,0.025180938
id23659,0.024217926,0.9505255,0.025256546
id16902,0.9513147,0.02365345,0.025031865
id20509,0.9500471,0.024634993,0.025317896
id08019,0.023281407,0.022831105,0.9538875
id26180,0.022033697,0.023523565,0.9544428
id01487,0.024777398,0.9499565,0.025266087
id22898,0.024407433,0.95050853,0.025084035
id24005,0.949004,0.024800945,0.02619502
id00118,0.02466521,0.9484299,0.026904885
id17435,0.023083413,0.022792215,0.9541244
id22574,0.94766444,0.025082354,0.027253238
id23882,0.024070894,0.02283442,0.9530947
id02618,0.94962543,0.024744587,0.025629986
id06847,0.024729636,0.949979,0.025291372
id15448,0.0232498,0.023227105,0.9535231
id20383,0.024422873,0.95018137,0.02539577
id18722,0.024215532,0.9504316,0.025352892
id24353,0.029544493,0.024951953,0.9455036
id22196,0.94981927,0.025065843,0.025114847
id13239,0.022704352,0.023129554,0.9541661
id14507,0.02410221,0.95061415,0.025283579
id04619,0.023740025,0.023326367,0.9529336
id00176,0.9508995,0.024298538,0.024801992
id14700,0.94957787,0.024743346,0.02567881
id10930,0.95058054,0.02452876,0.024890713
id03830,0.02340925,0.023068838,0.9535219
id01840,0.0227622,0.023438927,0.9537989
id18025,0.024013462,0.9508207,0.025165891
id21361,0.9503518,0.024763511,0.024884721
id21999,0.02437759,0.95027375,0.02534868
id20472,0.023807477,0.023346998,0.9528455
id01282,0.9507176,0.024436656,0.024845729
id05687,0.023078253,0.02301074,0.95391107
id19713,0.9492056,0.025025196,0.025769202
id18634,0.9488851,0.024846317,0.026268583
id18322,0.022995489,0.022794265,0.9542102
id25178,0.9494106,0.024738988,0.025850393
id13911,0.02477862,0.9500034,0.025218032
id02688,0.036215957,0.9195412,0.04424291
id24097,0.94742924,0.02781101,0.02475979
id05621,0.024171216,0.9505469,0.02528179
id09435,0.023652885,0.023195397,0.9531517
id22564,0.9494867,0.024862071,0.025651278
id26044,0.9486148,0.025353897,0.026031299
id24724,0.022956232,0.022600327,0.9544434
id13568,0.0233057,0.022743603,0.9539507
id11196,0.95186585,0.02364405,0.024490071
id04842,0.025027223,0.023834545,0.95113826
id03445,0.95193565,0.023211094,0.02485328
id08194,0.023390086,0.022937682,0.95367223
id19747,0.023624964,0.023418233,0.9529568
id06540,0.023988813,0.95077276,0.025238454
id13171,0.9503963,0.024595961,0.0250077
id23807,0.023332821,0.023469936,0.9531973
id12408,0.024403235,0.95034504,0.02525175
id18388,0.022367748,0.022808911,0.9548233
id16219,0.022922568,0.023102352,0.9539751
id11022,0.9486344,0.025206298,0.026159257
id12514,0.93863904,0.02516088,0.036200028
id07322,0.9504454,0.024027437,0.025527168
id04600,0.023262316,0.022701267,0.9540364
id15608,0.022667669,0.022845453,0.9544869
id19223,0.023172745,0.02367598,0.9531512
id18680,0.9501124,0.024468843,0.025418736
id23359,0.9313025,0.027498273,0.041199252
id07332,0.023825156,0.9507635,0.025411328
id11424,0.02327462,0.023116058,0.95360935
id01916,0.95051104,0.024961917,0.024526967
id23814,0.95255834,0.023431312,0.024010407
id05821,0.023157248,0.022466704,0.95437604
id15471,0.025003986,0.023812417,0.9511836
id06742,0.023475258,0.023111308,0.9534134
id16393,0.028273651,0.9464068,0.025319599
id14430,0.023432638,0.023024336,0.95354307
id15086,0.0257915,0.024181595,0.95002687
id13673,0.030290863,0.94693357,0.022775603
id11456,0.94838977,0.025175197,0.026434962
id08475,0.028449764,0.02388702,0.94766325
id02793,0.027683135,0.023701778,0.9486151
id03576,0.95083266,0.024727698,0.024439612
id10747,0.94870996,0.025983116,0.025306968
id17875,0.029810952,0.94660664,0.023582404
id20045,0.024626406,0.94971603,0.025657473
id25448,0.024371622,0.95096946,0.024658909
id11715,0.9518492,0.023299823,0.02485102
id22739,0.022929236,0.02374968,0.9533211
id07457,0.9505556,0.024432492,0.025011891
id27357,0.7445152,0.0352319,0.22025295
id01139,0.025859825,0.94883,0.025310168
id00407,0.023142565,0.024017507,0.95284
id20956,0.9526275,0.02359375,0.023778796
id13702,0.95059484,0.024196053,0.025209103
id00327,0.9496319,0.025036437,0.025331559
id24372,0.024547348,0.9503723,0.025080439
id03983,0.9424887,0.031874463,0.025636874
id15264,0.03461122,0.93913496,0.026253803
id09679,0.9518281,0.02413299,0.024038905
id20899,0.023672242,0.02425729,0.9520705
id21494,0.024152355,0.9507332,0.025114477
id02513,0.024267111,0.95059747,0.025135426
id21834,0.022965314,0.023145435,0.95388925
id23463,0.025108054,0.9495623,0.025329702
id26529,0.94508034,0.02368274,0.031236958
id22078,0.025153976,0.02447549,0.95037055
id08063,0.023933873,0.94952196,0.026544174
id18690,0.023964778,0.9507481,0.02528714
id03908,0.9513457,0.023816476,0.024837876
id00876,0.9502125,0.025051743,0.024735713
id19633,0.9495512,0.024670271,0.025778588
id23096,0.023051042,0.02323183,0.9537172
id07547,0.02410221,0.95061415,0.025283579
id10136,0.023003956,0.023366215,0.95362985
id22645,0.9510351,0.024183631,0.024781317
id27376,0.023157565,0.023384823,0.95345765
id26458,0.024512514,0.95087904,0.024608454
id07617,0.02421912,0.9505724,0.025208507
id11254,0.9477914,0.024576502,0.027632102
id25871,0.024173602,0.9506407,0.025185712
id26074,0.025691988,0.9482115,0.026096577
id24558,0.023175264,0.022638412,0.9541863
id26515,0.024240412,0.9504795,0.025279997
id10532,0.94944555,0.02532659,0.02522785
id24063,0.024215532,0.9504316,0.025352892
id12872,0.023889873,0.951486,0.024624161
id23564,0.024057502,0.9507058,0.02523668
id20074,0.024003776,0.023700964,0.95229524
id00703,0.949429,0.024618965,0.025952071
id07178,0.9500243,0.024658468,0.025317289
id00468,0.9390414,0.023739139,0.03721948
id08647,0.949631,0.024963172,0.025405858
id27338,0.950665,0.02419784,0.025137212
id14958,0.022356166,0.023314938,0.9543289
id20954,0.80787873,0.02942698,0.16269428
id04495,0.024176568,0.9507573,0.02506611
id09676,0.02896374,0.9451998,0.02583647
id16643,0.9507846,0.02431934,0.024896055
id22018,0.022948455,0.02386262,0.95318896
id09754,0.9471136,0.027965121,0.024921322
id15184,0.08106989,0.88920796,0.029722178
id06930,0.02297407,0.022773035,0.9542529
id19391,0.9488726,0.02511433,0.02601296
id21111,0.023177547,0.023473669,0.9533488
id19884,0.022714514,0.022692341,0.9545931
id00356,0.02398753,0.023431862,0.95258063
id03227,0.9513767,0.024098,0.024525343
id24959,0.95121545,0.024046903,0.024737654
id23792,0.95078135,0.0242008,0.025017831
id15765,0.023163352,0.023140743,0.9536959
id22342,0.95060456,0.0247701,0.024625387
id21764,0.024516726,0.95011413,0.025369182
id08929,0.022890612,0.022601845,0.9545076
id10860,0.024152355,0.9507332,0.025114477
id14842,0.02251167,0.023068037,0.95442027
id14149,0.024430102,0.9504626,0.025107328
id04850,0.95011157,0.024444938,0.025443548
id03697,0.024495805,0.95023084,0.025273385
id20031,0.022378538,0.023269998,0.9543515
id10148,0.9508528,0.02427363,0.024873542
id06233,0.023526933,0.022825364,0.9536477
id17614,0.018636271,0.93828624,0.043077487
id24548,0.9493637,0.024761936,0.02587437
id04717,0.022893984,0.94999826,0.027107745
id12557,0.024362164,0.9506003,0.025037508
id15563,0.95112944,0.023671947,0.025198659
id19414,0.024211323,0.9502663,0.025522357
id24538,0.021768391,0.024166107,0.95406556
id20701,0.022906873,0.02283986,0.95425326
id16710,0.02396596,0.95079505,0.025239047
id00190,0.024092201,0.9511478,0.024760062
id12066,0.95011693,0.024612755,0.025270356
id21743,0.024647063,0.9505126,0.02484037
id10746,0.023493398,0.023287816,0.95321876
id23032,0.025716776,0.9500537,0.024229554
id02466,0.94923335,0.025544455,0.025222212
id27963,0.023126984,0.022812946,0.9540601
id05550,0.9487132,0.025480645,0.02580619
id07328,0.023563376,0.023175418,0.9532612
id06158,0.9499636,0.024322083,0.025714338
id15690,0.023691012,0.023483701,0.9528253
id17960,0.022861667,0.022906361,0.954232
id22487,0.95077705,0.02408281,0.025140176
id25435,0.023492865,0.023310041,0.9531971
id06988,0.02374326,0.02319325,0.9530635
id19092,0.024194265,0.95052457,0.025281196
id20677,0.9503489,0.024546744,0.025104323
id27009,0.025619667,0.023281457,0.9510989
id14869,0.9454308,0.025541704,0.029027458
id06306,0.94948244,0.02474086,0.02577672
id13101,0.95029634,0.024354372,0.025349284
id25263,0.95051116,0.02452697,0.02496192
id01355,0.02449034,0.9500189,0.025490806
id04460,0.022565255,0.02260937,0.9548254
id08358,0.9491865,0.025270274,0.025543196
id22714,0.023379508,0.023379508,0.953241
id19504,0.95033365,0.024142206,0.025524165
id25736,0.036903214,0.93790644,0.025190394
id24201,0.024458759,0.9506487,0.024892498
id12920,0.95110595,0.023671364,0.025222657
id12770,0.025370454,0.94923425,0.025395242
id20615,0.94958025,0.024816005,0.025603749
id19427,0.023362001,0.023180198,0.95345783
id03006,0.95130527,0.02397882,0.02471584
id00868,0.023451822,0.023155976,0.95339215
id19695,0.0241525,0.023249924,0.95259756
id06474,0.95088965,0.023991762,0.025118608
id11108,0.024533983,0.94985485,0.025611153
id01017,0.023151629,0.022703838,0.95414454
id10104,0.022941858,0.02321229,0.95384586
id15930,0.95068556,0.024127573,0.025186902
id05883,0.02262292,0.022911958,0.95446515
id10209,0.023332821,0.023469936,0.9531973
id14868,0.02333389,0.023425216,0.95324093
id27617,0.94962627,0.024768783,0.02560499
id14264,0.02415543,0.024061257,0.9517833
id07597,0.022521721,0.022631956,0.9548464
id17732,0.9494186,0.024981974,0.02559939
id13859,0.9495158,0.025180489,0.02530374
id14976,0.024401426,0.9502746,0.02532396
id25226,0.026188752,0.023179304,0.9506319
id17268,0.023000585,0.022577751,0.9544217
id14936,0.024258114,0.950245,0.025496872
id18615,0.024566514,0.95018595,0.025247524
id26184,0.9504647,0.024525773,0.0250095
id11495,0.023438927,0.0227622,0.9537989
id05663,0.022833178,0.023192748,0.95397407
id10335,0.023158621,0.023340259,0.9535011
id08480,0.9460345,0.024990356,0.028975168
id21511,0.9491106,0.025047144,0.025842225
id20988,0.9430683,0.029757587,0.027174085
id19273,0.024077464,0.950566,0.025356475
id15420,0.023823077,0.023637686,0.9525392
id16016,0.02403695,0.9508217,0.025141357
id16084,0.022407496,0.022938874,0.9546537
id27093,0.022973048,0.02281654,0.9542104
id24695,0.022944452,0.023101835,0.9539537
id03245,0.02421912,0.9505724,0.025208507
id26358,0.023101317,0.022966351,0.95393234
id17966,0.9497989,0.024365408,0.025835723
id26651,0.95071626,0.024365135,0.024918592
id17275,0.949975,0.024585057,0.025439892
id21720,0.027937291,0.023115637,0.94894713
id22926,0.022453327,0.022806915,0.95473975
id12231,0.024125189,0.95059174,0.025282983
id21026,0.023002906,0.023410829,0.9535863
id11675,0.0235477,0.023825275,0.95262706
id21890,0.9469479,0.025632706,0.027419431
id04050,0.023092967,0.023319587,0.9535875
id24996,0.022997534,0.022707421,0.95429504
id00025,0.02523468,0.94970256,0.025062766
id23916,0.02431041,0.95043546,0.025254153
id21254,0.03869724,0.9366331,0.02466963
id13322,0.95008975,0.024492167,0.02541813
id23928,0.023513671,0.023376297,0.95311004
id14748,0.022171894,0.023010137,0.954818
id26538,0.02358157,0.0233524,0.95306605
id27759,0.022770476,0.023083927,0.9541456
id19661,0.9503994,0.024049748,0.025550868
id17018,0.022863708,0.022819094,0.9543172
id05505,0.95089996,0.024322292,0.024777796
id16155,0.024120105,0.023630494,0.9522494
id06274,0.023742184,0.02323754,0.9530203
id13832,0.94981897,0.025188528,0.024992509
id14666,0.9527055,0.023139298,0.024155235
id04489,0.0258681,0.02314277,0.9509891
id19140,0.02317424,0.022681667,0.9541441
id14570,0.9496795,0.025160246,0.025160246
id16079,0.9513226,0.023815896,0.024861539
id06866,0.022321085,0.022984695,0.9546942
id12730,0.024106367,0.950778,0.02511566
id09257,0.022815516,0.023016928,0.95416754
id02782,0.023175776,0.022616813,0.95420736
id10412,0.9497217,0.024795476,0.025482832
id04988,0.024562867,0.95004493,0.02539212
id07728,0.94855505,0.025056938,0.02638798
id21947,0.9484428,0.025275145,0.026281994
id27700,0.9464773,0.02633018,0.02719253
id18178,0.024105772,0.95075464,0.025139581
id25949,0.023834545,0.95113826,0.025027223
id23008,0.02248867,0.023134658,0.9543767
id09238,0.950764,0.024461724,0.024774253
id12943,0.024468238,0.95008886,0.025442941
id02659,0.025109915,0.94963264,0.025257474
id03648,0.9502923,0.02425932,0.025448387
id03954,0.94937533,0.025299996,0.025324715
id07026,0.024023416,0.9512148,0.024761805
id14228,0.023679474,0.9514318,0.024888687
id22647,0.023303103,0.022852384,0.9538445
id23435,0.9499349,0.025167013,0.02489811
id08200,0.025556305,0.94967365,0.02477002
id23257,0.02303374,0.02303374,0.9539325
id02684,0.9510591,0.023670198,0.025270725
id05186,0.9488328,0.025608592,0.025558624
id25261,0.02350346,0.022869494,0.95362705
id24081,0.9496284,0.024841512,0.02553014
id27087,0.9509653,0.024158252,0.024876485
id03533,0.95025426,0.024496408,0.025249338
id07998,0.9373601,0.022369891,0.04026999
id01240,0.024035769,0.950775,0.02518927
id24927,0.024536435,0.94994974,0.025513854
id15752,0.9511287,0.024304396,0.024566887
id26594,0.02412757,0.95068556,0.0251869
id20012,0.022748753,0.02308444,0.9541668
id15476,0.022855496,0.023170117,0.9539744
id15624,0.9508495,0.02415531,0.024995204
id02404,0.024083402,0.95080036,0.025116252
id21944,0.94561166,0.025496744,0.028891593
id24442,0.94998074,0.024826469,0.025192816
id26490,0.8597967,0.03559217,0.104611196
id21897,0.9501952,0.024209509,0.025595322
id05575,0.02392743,0.024021076,0.9520515
id01874,0.024033397,0.95068127,0.025285363
id26617,0.9497683,0.024772488,0.025459208
id13079,0.022868445,0.02354833,0.95358324
id02068,0.031485107,0.026564954,0.94194996
id27872,0.95176005,0.023966867,0.024273073
id08814,0.023555322,0.02350936,0.95293534
id12841,0.023584869,0.95041084,0.02600429
id06716,0.9511294,0.024399538,0.024471125
id10115,0.94371426,0.02653685,0.029748902
id16121,0.024903825,0.94922554,0.025870604
id00985,0.9488735,0.025987595,0.025138894
id06063,0.14136574,0.83320206,0.025432259
id22076,0.022725513,0.023151116,0.9541234
id27589,0.024264129,0.9504806,0.025255352
id18996,0.024107547,0.9508246,0.025067883
id05801,0.022746699,0.023172697,0.95408064
id06880,0.022785494,0.02337144,0.95384306
id25746,0.9506666,0.024245186,0.025088206
id02569,0.94946706,0.025032092,0.025500892
id23368,0.022978649,0.022578258,0.9544431
id23186,0.023505032,0.022804115,0.9536908
id07484,0.023102352,0.022922568,0.9539751
id06951,0.024047483,0.9512384,0.024714105
id23972,0.025039908,0.02333976,0.95162034
id25997,0.9495289,0.02428722,0.026183922
id10863,0.95103383,0.02413641,0.024829732
id25454,0.94896895,0.025116881,0.025914175
id09071,0.024398403,0.95015687,0.02544476
id15125,0.024013462,0.9508207,0.025165891
id22672,0.022620384,0.023021523,0.95435804
id27813,0.022953691,0.022708438,0.9543379
id03960,0.02231301,0.023338206,0.9543488
id11526,0.024069833,0.9511931,0.024737071
id07872,0.9499536,0.024656631,0.02538968
id09497,0.94942194,0.02537547,0.025202597
id24222,0.02281654,0.022973048,0.9542104
id04272,0.94962543,0.024744587,0.025629986
id02938,0.02411981,0.9503797,0.025500488
id00269,0.026973374,0.94713724,0.025889428
id14925,0.023023281,0.023477374,0.9534994
id17843,0.023443276,0.023512058,0.9530447
id20327,0.95043856,0.024405638,0.025155777
id13986,0.023690466,0.023506105,0.95280343
id21777,0.023692874,0.022475818,0.9538313
id16285,0.024064576,0.95098543,0.024949996
id12045,0.95090187,0.024585024,0.024513101
id06237,0.9501665,0.024782874,0.025050532
id20483,0.023202319,0.023361469,0.9534362
id21708,0.95009863,0.024183422,0.025717992
id05422,0.025253063,0.023423791,0.9513231
id14544,0.95015955,0.024470057,0.025370395
id07488,0.02798835,0.9460507,0.025960937
id19353,0.024355577,0.9503434,0.025301073
id16174,0.023170633,0.022833694,0.9539957
id21765,0.03129187,0.02427512,0.94443303
id21583,0.023788564,0.95115924,0.025052229
id11740,0.023058832,0.02290174,0.95403945
id23396,0.95037496,0.02478831,0.024836773
id16511,0.94927984,0.024543088,0.026177056
id11598,0.9482844,0.025744194,0.02597146
id02804,0.949834,0.024605425,0.025560621
id07123,0.026001684,0.9475356,0.026462788
id13092,0.059711527,0.019376032,0.92091244
id13271,0.024199026,0.9507116,0.025089394
id06272,0.023206014,0.023206014,0.95358795
id06694,0.024330473,0.022590077,0.95307946
id04330,0.95112914,0.024351925,0.024518961
id20492,0.024216732,0.9504787,0.025304673
id14774,0.024782877,0.9501666,0.025050534
id02457,0.024391698,0.94989574,0.0257125
id09725,0.026643422,0.9493566,0.023999909
id17116,0.024242207,0.95054984,0.025207909
id04106,0.06298979,0.095860556,0.8411496
id00557,0.9502348,0.02466393,0.02510131
id04683,0.023364112,0.023091914,0.953544
id12081,0.95142144,0.02405211,0.024526495
id22575,0.024144609,0.95042825,0.025427187
id05602,0.9348805,0.022884455,0.04223506
id21532,0.94634914,0.025516627,0.02813422
id14584,0.9501561,0.025870692,0.023973254
id20301,0.9498401,0.024822796,0.025337113
id15251,0.9499587,0.02366591,0.026375463
id20270,0.024592951,0.95028,0.02512703
id04738,0.949982,0.025021221,0.024996798
id17962,0.02278014,0.022669181,0.9545506
id05003,0.022687793,0.022910438,0.9544018
id23576,0.9504631,0.024453983,0.025082836
id25745,0.024278816,0.95012766,0.025593504
id17062,0.95059484,0.024196053,0.025209103
id27507,0.02290019,0.023124918,0.9539749
id23898,0.94969136,0.02460173,0.025706967
id15929,0.024180377,0.949979,0.025840621
id21330,0.9494604,0.024788653,0.025750961
id24990,0.9508951,0.024132889,0.024972003
id24185,0.022709455,0.02290993,0.95438063
id20455,0.95036507,0.024308609,0.02532637
id27952,0.8714187,0.09492448,0.033656843
id20592,0.951004,0.02394783,0.025048142
id20616,0.023806391,0.023391575,0.952802
id20591,0.029340373,0.024324024,0.9463356
id14177,0.051022705,0.027190732,0.92178655
id02169,0.95037377,0.024643462,0.024982698
id09818,0.02255418,0.023089036,0.9543568
id26864,0.025852114,0.94854707,0.02560088
id12388,0.024282446,0.95026976,0.025447786
id11038,0.9499467,0.024464576,0.02558863
id12061,0.94955724,0.024839649,0.025603129
id04018,0.023572901,0.023711428,0.9527157
id12405,0.03625572,0.92777073,0.035973575
id01878,0.95033103,0.024095032,0.025573995
id18897,0.024216132,0.9504551,0.02532877
id22682,0.026523393,0.9469273,0.026549306
id27115,0.024335383,0.9504831,0.025181536
id05234,0.024161978,0.021935377,0.9539026
id23726,0.95090604,0.02385201,0.025241993
id22075,0.024399614,0.950204,0.025396373
id27216,0.949975,0.024585057,0.025439892
id07109,0.022033708,0.95258087,0.025385419
id21292,0.9497646,0.024651727,0.025583725
id04158,0.022572143,0.023243219,0.9541846
id10534,0.95042306,0.024050348,0.025526568
id10989,0.9211123,0.052475564,0.02641215
id17817,0.02368774,0.023618443,0.9526938
id14617,0.02412935,0.9507556,0.025115067
id01978,0.95018137,0.024422873,0.025395768
id14202,0.023297355,0.023093492,0.95360917
id12332,0.024145698,0.022594355,0.9532599
id03649,0.024796093,0.94974536,0.025458593
id21830,0.95020735,0.024495197,0.02529745
id11278,0.02405117,0.022704575,0.95324427
id22343,0.95020205,0.024351956,0.025445972
id08160,0.95071626,0.02382397,0.025459742
id10506,0.9472381,0.027320903,0.025441024
id01006,0.9522988,0.023152022,0.024549114
id07000,0.024729026,0.9499555,0.025315458
id15958,0.023978762,0.022858363,0.95316285
id27256,0.9484704,0.025374807,0.026154734
id00072,0.95029444,0.024306802,0.025398789
id08562,0.025420718,0.023464447,0.95111483
id24309,0.02329525,0.023181781,0.953523
id07355,0.029055193,0.9463341,0.024610708
id18604,0.023606217,0.02326294,0.95313084
id04076,0.02432581,0.9510376,0.024636604
id26925,0.024444938,0.95011157,0.025443548
id14852,0.9503692,0.0244277,0.02520312
id05584,0.0259576,0.021624938,0.95241743
id22864,0.024407433,0.95050853,0.025084035
id05507,0.9500712,0.024659684,0.025269138
id11434,0.026389692,0.94031566,0.0332946
id08324,0.02314022,0.949029,0.027830778
id23117,0.024693154,0.9495044,0.0258025
id16296,0.9492957,0.02485707,0.025847264
id18924,0.9497726,0.025187297,0.025040146
id15909,0.95022136,0.02425751,0.02552115
id25338,0.051859878,0.028003639,0.92013645
id25981,0.95012105,0.024951674,0.024927318
id14670,0.94946784,0.025081052,0.025451155
id12396,0.024126383,0.9506387,0.025234897
id19277,0.023304127,0.023740565,0.9529553
id24809,0.94748807,0.026102144,0.026409829
id20846,0.022860644,0.022950117,0.95418924
id11040,0.023187032,0.023074089,0.9537389
id06094,0.95061636,0.024149388,0.025234304
id22795,0.02452876,0.95058054,0.024890713
id04747,0.02267235,0.023575513,0.95375216
id05432,0.022928229,0.022861157,0.95421064
id25198,0.9485048,0.025031155,0.026464
id00592,0.94994974,0.024536435,0.025513854
id13221,0.024171216,0.9505469,0.02528179
id23301,0.023293665,0.023248216,0.95345813
id21781,0.022951653,0.02279529,0.9542531
id00642,0.02412757,0.95068556,0.0251869
id12760,0.94951564,0.025155906,0.025328457
id13666,0.024018047,0.023120496,0.9528614
id04997,0.9499241,0.024487898,0.025588023
id21906,0.027170332,0.9475536,0.02527612
id26072,0.035466976,0.93822765,0.026305389
id19004,0.023382703,0.023246096,0.9533712
id11638,0.022311991,0.023382764,0.95430523
id01941,0.95009404,0.02463621,0.025269747
id18590,0.9500576,0.024300745,0.02564165
id01856,0.024683794,0.95007175,0.02524449
id04469,0.95051634,0.024029229,0.025454389
id11732,0.023019485,0.02270691,0.9542736
id06824,0.023327421,0.0227648,0.9539078
id11941,0.024747675,0.949744,0.025508327
id06786,0.94958603,0.025182351,0.025231583
id22028,0.022989312,0.023056764,0.9539539
id14323,0.022440678,0.023357412,0.9542019
id11134,0.024073312,0.9513306,0.024596108
id09894,0.9505907,0.024101617,0.025307657
id19046,0.022067765,0.022946844,0.9549854
id26307,0.024289647,0.95055157,0.025158769
id22554,0.022733679,0.023731805,0.9535345
id16042,0.03239763,0.94034743,0.027254911
id19948,0.95110637,0.024351342,0.02454233
id02019,0.024216732,0.9504787,0.025304673
id02727,0.94967216,0.024721649,0.025606228
id08679,0.022801891,0.022668678,0.95452946
id27436,0.023789112,0.02317006,0.9530408
id07161,0.9482344,0.025617447,0.026148226
id11869,0.025645649,0.9492783,0.025076043
id00076,0.022751823,0.022952674,0.9542955
id00586,0.023847878,0.9507414,0.025410736
id14423,0.9444195,0.025340563,0.03023996
id25611,0.025721665,0.94838023,0.025898099
id13872,0.9501896,0.024759285,0.02505114
id08102,0.024125189,0.95059174,0.025282983
id03475,0.9395055,0.036180403,0.024314111
id07569,0.023120245,0.023097679,0.9537821
id04616,0.95049536,0.024075674,0.02542898
id07266,0.95118123,0.023765894,0.025052806
id16104,0.030594738,0.023653328,0.94575197
id05031,0.9504165,0.024452783,0.02513064
id12290,0.94986075,0.024702422,0.025436834
id26428,0.025852779,0.022792729,0.9513545
id07837,0.023183363,0.023228686,0.953588
id19918,0.024380596,0.950391,0.02522832
id13067,0.024271859,0.95078343,0.024944697
id11540,0.024222095,0.95068914,0.0250888
id17215,0.9489201,0.025091073,0.02598887
id01745,0.023625504,0.02339591,0.9529786
id00617,0.9502549,0.024520358,0.025224708
id02879,0.023543576,0.023065666,0.9533908
id22811,0.9513518,0.024003424,0.024644746
id17744,0.024145808,0.9504754,0.025378829
id04341,0.024185242,0.9501701,0.025644686
id08690,0.94901824,0.025167294,0.025814489
id11565,0.94888,0.025485124,0.025634889
id09634,0.023534486,0.023442734,0.9530227
id15427,0.9484842,0.026411789,0.02510405
id11484,0.023336552,0.023313772,0.9533497
id26859,0.9501632,0.024589928,0.02524692
id02880,0.95092946,0.023852596,0.025217976
id21584,0.023468867,0.02337737,0.9531538
id14918,0.9502651,0.02418766,0.02554726
id20117,0.024592951,0.95028,0.02512703
id17002,0.023471003,0.02328835,0.95324063
id13158,0.025019603,0.024131712,0.9508487
id11457,0.9477957,0.025159428,0.027044898
id22103,0.94979453,0.024294015,0.025911406
id27529,0.022639947,0.023109036,0.95425105
id25918,0.024332384,0.9503659,0.025301673
id24611,0.024239216,0.95043254,0.025328169
id13996,0.023881195,0.95114034,0.024978444
id05259,0.94951594,0.024453484,0.026030598
id13593,0.022961147,0.023322733,0.9537161
id18017,0.94965196,0.024842126,0.025505856
id04960,0.02439901,0.9501805,0.025420558
id13758,0.022650572,0.022650572,0.95469886
id04492,0.94960696,0.024938175,0.025454884
id05023,0.023651812,0.023239689,0.9531085
id05950,0.94990844,0.024727799,0.02536369
id11006,0.9501433,0.024782268,0.025074394
id09643,0.022939876,0.022364752,0.9546954
id06055,0.023450764,0.023200199,0.95334905
id17368,0.023475492,0.024032198,0.9524923
id14176,0.022965277,0.022215277,0.9548195
id27198,0.023211248,0.022985678,0.95380306
id05649,0.9502105,0.02461518,0.025174314
id25189,0.95071876,0.024532326,0.024748893
id05589,0.95108354,0.024350757,0.024565719
id08042,0.9498289,0.024485443,0.025685597
id13680,0.023819828,0.022840293,0.9533399
id07827,0.022857046,0.023103902,0.9540391
id18530,0.9508206,0.024013462,0.025165891
id08813,0.89437646,0.028553825,0.07706974
id05914,0.024405872,0.023288246,0.95230585
id00488,0.024294406,0.9507378,0.024967872
id03668,0.944587,0.032448493,0.022964533
id24088,0.024287855,0.9504814,0.025230723
id02988,0.025443735,0.947339,0.027217284
id20364,0.95117354,0.024234436,0.024592048
id16851,0.022758914,0.022648059,0.954593
id20843,0.94889325,0.025016963,0.026089847
id27424,0.04438773,0.029902542,0.9257098
id06862,0.9508356,0.02385024,0.025314176
id19411,0.024348315,0.95006,0.025591683
id23789,0.95101225,0.023370447,0.025617333
id23545,0.02440022,0.95022756,0.02537221
id05639,0.023221273,0.023495,0.9532837
id07046,0.024313401,0.9505524,0.025134236
id23634,0.95071876,0.024532326,0.024748893
id05799,0.022735694,0.022713505,0.9545508
id19418,0.023213847,0.022876278,0.9539099
id21189,0.024425896,0.95029896,0.025275197
id22281,0.9500159,0.02441862,0.025565516
id16127,0.03832096,0.023220148,0.9384589
id05867,0.94955575,0.024791144,0.025653144
id01211,0.025174234,0.94928,0.02554571
id10078,0.022664625,0.02297662,0.95435876
id17157,0.95044273,0.024597162,0.024960125
id23293,0.9510793,0.024114005,0.024806682
id03589,0.9499487,0.024512457,0.025538754
id03387,0.02286878,0.02260235,0.95452887
id21470,0.9501351,0.024445543,0.025419345
id22763,0.023068037,0.02251167,0.95442027
id02601,0.03214048,0.93836576,0.029493764
id09923,0.03630861,0.024991099,0.9387003
id05935,0.024236817,0.9503384,0.025424784
id14296,0.022754874,0.022821637,0.9544235
id04605,0.9513226,0.023815896,0.024861539
id08167,0.022838837,0.022950629,0.9542105
id12659,0.95053387,0.024503617,0.024962518
id21553,0.9507428,0.023871213,0.025385968
id13510,0.024122803,0.9504977,0.025379423
id04734,0.023277238,0.023006052,0.9537167
id17689,0.023138646,0.023251904,0.95360947
id08148,0.052683443,0.9189098,0.028406713
id14908,0.02449152,0.95099294,0.02451545
id17238,0.02366035,0.024747452,0.9515922
id27146,0.02386422,0.02288286,0.9532529
id16670,0.94984096,0.02487135,0.025287699
id12023,0.9465197,0.024447838,0.029032525
id18129,0.94669867,0.02440475,0.028896574
id07365,0.024352562,0.9502257,0.025421768
id03073,0.02382301,0.022709884,0.95346713
id14824,0.024080439,0.9506834,0.025236083
id26339,0.94875455,0.025184883,0.026060574
id16562,0.023101205,0.95206636,0.024832428
id22182,0.024308005,0.95034146,0.025350487
id27892,0.9500952,0.023577036,0.026327781
id23713,0.9477438,0.02712276,0.025133494
id00214,0.9504363,0.024334187,0.025229525
id21698,0.023339203,0.02320285,0.95345795
id17685,0.023692638,0.023416609,0.95289075
id24848,0.94867474,0.025011202,0.026314102
id01544,0.94979537,0.024967495,0.025237145
id12344,0.023568572,0.9516109,0.024820548
id00513,0.95146865,0.024241956,0.024289351
id19448,0.9494691,0.025277795,0.025253123
id11942,0.056365717,0.025907109,0.91772723
id16370,0.94763523,0.026987556,0.025377234
id06508,0.023034258,0.023011774,0.9539539
id20829,0.02420021,0.95075816,0.025041666
id27450,0.949574,0.02464678,0.025779204
id07362,0.024545541,0.025152171,0.9503023
id15120,0.02519641,0.022829846,0.95197374
id10568,0.9513283,0.023979401,0.024692312
id09623,0.95005095,0.025096454,0.024852565
id06139,0.034512244,0.9401145,0.02537329
id24022,0.94754344,0.024642158,0.027814362
id02108,0.95068556,0.024127573,0.025186902
id14950,0.024953753,0.022988472,0.9520578
id01142,0.022878863,0.023103386,0.9540177
id15655,0.9488363,0.024845041,0.026318586
id13975,0.024961313,0.9495602,0.025478499
id00160,0.022737667,0.9509119,0.026350413
id08273,0.025117226,0.023116486,0.95176625
id13642,0.022861157,0.022928229,0.95421064
id25452,0.94925725,0.025247488,0.025495255
id24806,0.023768593,0.02308235,0.9531491
id20664,0.023327421,0.0227648,0.9539078
id13359,0.02699156,0.9477758,0.025232716
id24579,0.94829947,0.02534547,0.026355118
id23389,0.92273706,0.045873124,0.03138986
id06502,0.02304553,0.022533676,0.9544208
id03083,0.9493464,0.024449116,0.026204469
id01694,0.94926035,0.02428035,0.026459228
id21872,0.0661819,0.852413,0.081405126
id01860,0.023136014,0.023363058,0.9535009
id18127,0.9490899,0.024610173,0.026299926
id01490,0.023025913,0.02336569,0.9536084
id00183,0.94987863,0.024534598,0.025586797
id15458,0.9510612,0.021721043,0.0272177
id04289,0.95020205,0.024351956,0.025445972
id02129,0.022022562,0.02215198,0.95582545
id10271,0.94819593,0.02397057,0.027833516
id02982,0.024523972,0.950395,0.025081038
id15036,0.02605736,0.9486376,0.025305036
id15854,0.95102626,0.023925012,0.025048727
id10252,0.022279004,0.022963779,0.9547573
id24359,0.023081869,0.02285756,0.95406055
id18620,0.026048288,0.9483073,0.025644448
id25768,0.023261284,0.022744637,0.9539941
id16604,0.9500051,0.025046278,0.024948632
id24942,0.94901335,0.02456017,0.026426524
id12989,0.024309808,0.950412,0.025278201
id13841,0.95124096,0.024165254,0.02459379
id15481,0.024013693,0.023297608,0.9526887
id10600,0.022759922,0.022604868,0.95463526
id18528,0.94617844,0.025165603,0.028655943
id16465,0.024078062,0.9505896,0.025332354
id14204,0.03217242,0.9438957,0.02393187
id05924,0.94958335,0.024937555,0.02547912
id16756,0.023016414,0.0228373,0.95414627
id01167,0.947423,0.025595525,0.02698151
id27624,0.024100425,0.9505437,0.025355881
id13724,0.9516885,0.023318648,0.02499284
id03677,0.94983804,0.024224054,0.02593791
id26463,0.023065135,0.023566034,0.9533688
id15623,0.9500501,0.024779838,0.025170065
id26379,0.02345341,0.023089802,0.95345676
id25294,0.022792729,0.023061404,0.95414585
id04100,0.02682137,0.026769035,0.94640964
id23831,0.9502592,0.024979688,0.0247611
id17334,0.9498321,0.024557363,0.025610538
id19506,0.022725001,0.023173211,0.9541018
id18629,0.9501063,0.024325738,0.025567949
id09105,0.023665167,0.02361899,0.9527159
id27735,0.949631,0.024963172,0.025405858
id22840,0.95101506,0.023715375,0.025269553
id01465,0.023052251,0.024111414,0.95283633
id27750,0.94967806,0.02496441,0.025357539
id20421,0.024045276,0.02294416,0.95301056
id23826,0.95109123,0.023463866,0.025444925
id23219,0.9500001,0.025366139,0.024633775
id06442,0.022770476,0.023083927,0.9541456
id07847,0.94948864,0.024935069,0.025576292
id16995,0.28836626,0.65622056,0.05541317
id07626,0.0872962,0.06936112,0.84334266
id21920,0.024312206,0.9505057,0.025182135
id22340,0.94997424,0.024561042,0.02546473
id22108,0.9415522,0.030236604,0.02821115
id25661,0.9505813,0.024817917,0.024600748
id16284,0.029862667,0.023738943,0.94639844
id19900,0.95011693,0.024612755,0.025270356
id20864,0.95089847,0.0242511,0.024850454
id26099,0.029125886,0.94401586,0.02685824
id00333,0.023568684,0.022955365,0.95347595
id27278,0.024126979,0.9506622,0.02521089
id16758,0.024950039,0.94913137,0.02591861
id25660,0.95092946,0.025217976,0.023852596
id05146,0.025717383,0.024206476,0.95007616
id24812,0.022606373,0.022694852,0.9546988
id12003,0.9514462,0.02428878,0.024265068
id04569,0.025437932,0.9489746,0.025587417
id08269,0.92197186,0.04199907,0.036029108
id06080,0.9501332,0.024397796,0.025468988
id09782,0.031803027,0.9422148,0.025982233
id19722,0.023943124,0.9508172,0.025239637
id02781,0.02334289,0.02304842,0.95360863
id13385,0.94971794,0.024674602,0.025607463
id24676,0.027973752,0.023694692,0.94833153
id07628,0.030939156,0.024727141,0.94433373
id19363,0.02349553,0.023199134,0.9533053
id27392,0.9500206,0.024538266,0.025441114
id26486,0.79505897,0.022488106,0.18245298
id02440,0.95062697,0.024553927,0.024819111
id26878,0.94929826,0.024930067,0.02577172
id23044,0.950166,0.024734505,0.025099494
id24170,0.12509006,0.8269183,0.04799161
id22332,0.023678653,0.023062473,0.9532588
id27933,0.95044196,0.024549149,0.025008902
id17535,0.023094017,0.023275143,0.95363086
id19700,0.024326397,0.9510605,0.02461315
id19809,0.027507253,0.038152765,0.93434
id04484,0.023296302,0.023137594,0.95356613
id00481,0.045113437,0.14580582,0.8090808
id27510,0.9511289,0.024328146,0.024542911
id04635,0.028789455,0.02294175,0.94826883
id26027,0.95248497,0.023247177,0.02426785
id09300,0.024546744,0.9503489,0.025104323
id06381,0.022905339,0.022905339,0.9541893
id18038,0.02339374,0.022784976,0.9538213
id22011,0.36782482,0.5441078,0.0880674
id10608,0.024406238,0.9504619,0.025131842
id23054,0.9509906,0.02425345,0.024755972
id13904,0.024636019,0.951015,0.024349002
id13855,0.022089249,0.02386086,0.9540499
id17630,0.027324801,0.9464485,0.026226731
id08595,0.022982018,0.023366738,0.95365125
id09532,0.025663782,0.023458594,0.9508776
id13176,0.023629269,0.023240225,0.9531305
id27237,0.022212278,0.023097113,0.95469064
id16704,0.022988794,0.02307877,0.9539324
id20994,0.022908913,0.022752842,0.95433825
id17501,0.024130533,0.9508022,0.025067292
id16509,0.023416584,0.022762721,0.9538207
id15081,0.026095195,0.02296156,0.95094323
id24414,0.030246433,0.024208942,0.9455446
id09220,0.022905849,0.02288349,0.95421064
id26514,0.022852384,0.023303103,0.9538445
id14703,0.94990325,0.024559205,0.02553753
id19838,0.022697125,0.023440486,0.95386237
id23297,0.94709504,0.025239227,0.02766578
id17113,0.94986075,0.024702422,0.025436834
id11693,0.9509703,0.024514867,0.024514867
id00847,0.02363884,0.022844527,0.9535166
id00233,0.02560109,0.023060996,0.95133793
id02776,0.9501604,0.024493989,0.025345657
id10396,0.95016116,0.024517938,0.025320936
id18222,0.9512424,0.024283575,0.024474032
id13476,0.023800308,0.02271041,0.9534893
id08007,0.023711428,0.023572901,0.9527157
id12984,0.022833694,0.023170633,0.9539957
id04174,0.0440561,0.92962396,0.026319947
id23874,0.023076694,0.023076694,0.95384663
id00595,0.024332983,0.9503894,0.0252776
id18041,0.94910985,0.025022674,0.025867453
id17403,0.9502134,0.0249541,0.024832549
id11741,0.94912744,0.024852663,0.026019948
id16928,0.024828494,0.023255978,0.9519155
id21913,0.023006052,0.023277238,0.9537167
id05939,0.022627456,0.022716021,0.95465654
id12429,0.02421733,0.9505021,0.025280599
id04447,0.024637835,0.027059367,0.9483028
id15928,0.95043856,0.024405638,0.025155777
id13126,0.022686776,0.022954201,0.95435905
id03989,0.9500007,0.024657855,0.025341397
id08950,0.9347452,0.03677883,0.02847604
id26494,0.02292669,0.02292669,0.9541466
id09289,0.023247687,0.023315893,0.95343643
id16295,0.024128757,0.9507323,0.025138991
id01616,0.024979472,0.94932353,0.025697012
id25251,0.02298359,0.023299977,0.95371646
id10354,0.94897485,0.02548767,0.0255375
id08559,0.023823367,0.95162106,0.02455561
id20385,0.9485563,0.025081454,0.026362257
id01760,0.9504199,0.024620604,0.024959525
id04242,0.94849443,0.024860356,0.026645234
id05652,0.025362467,0.9498626,0.024774948
id05269,0.024373958,0.9501322,0.025493845
id11218,0.022915805,0.02339061,0.9536936
id19158,0.02419486,0.950548,0.025257144
id00927,0.022259234,0.022898635,0.95484215
id25636,0.02300032,0.94237083,0.034628876
id20727,0.023255384,0.023923399,0.9528212
id01645,0.95090604,0.02385201,0.025241993
id19931,0.9475509,0.024498386,0.027950726
id12473,0.02392384,0.9509797,0.025096469
id00618,0.94964755,0.024696877,0.025655624
id27329,0.022773035,0.02297407,0.9542529
id11553,0.9503384,0.024236815,0.025424782
id10357,0.022789123,0.023215916,0.9539949
id11392,0.024358856,0.02331158,0.9523295
id03634,0.028736802,0.94514906,0.0261141
id15781,0.95029634,0.024354372,0.025349284
id11706,0.02305313,0.023143357,0.95380354
id04248,0.95011896,0.024709137,0.025171889
id26011,0.023551475,0.022737877,0.9537106
id17478,0.022352591,0.02347111,0.95417625
id16179,0.9413267,0.028620584,0.030052755
id11340,0.95150214,0.023704365,0.024793487
id05629,0.041518573,0.904331,0.054150425
id00266,0.023137594,0.023296302,0.95356613
id18514,0.022797327,0.022864217,0.95433843
id05167,0.022892628,0.022515714,0.9545917
id08943,0.95094144,0.024134064,0.024924492
id14580,0.023978297,0.94942826,0.026593443
id24496,0.95049274,0.024028633,0.02547863
id04884,0.023103902,0.022857046,0.9540391
id08011,0.02302608,0.02242688,0.95454705
id17807,0.023489108,0.02346618,0.9530447
id05694,0.9487801,0.025234798,0.025985036
id02907,0.024429502,0.9504393,0.025131244
id23235,0.025089987,0.024175977,0.9507341
id26764,0.9505995,0.023844318,0.025556248
id12226,0.023338143,0.023247156,0.95341474
id15157,0.9504647,0.024525773,0.0250095
id27127,0.023442198,0.02355694,0.95300084
id27723,0.022647556,0.022780646,0.9545718
id10742,0.02431101,0.9504589,0.025230125
id22951,0.023498187,0.023088744,0.95341307
id09429,0.024683086,0.023415163,0.9519018
id26058,0.025329776,0.94863826,0.026031943
id27415,0.36951777,0.58076566,0.04971663
id06938,0.9509688,0.02432405,0.0247071
id18702,0.949012,0.024971273,0.026016781
id05229,0.9500041,0.024827082,0.025168847
id05219,0.023136541,0.023340786,0.9535227
id26375,0.024708532,0.95009565,0.025195867
id19622,0.9515793,0.023985727,0.024434928
id13333,0.87630403,0.041185897,0.082510054
id25849,0.02385024,0.9508356,0.025314176
id06780,0.029045353,0.024941044,0.9460136
id01128,0.02345394,0.023067782,0.9534782
id22697,0.022904312,0.022949092,0.9541466
id03725,0.9485968,0.023747656,0.027655581
id06570,0.9467327,0.02478996,0.028477395
id07834,0.023206014,0.023206014,0.95358795
id08930,0.94913566,0.0238076,0.027056696
id03276,0.023410304,0.02302486,0.9535648
id07367,0.025265213,0.9489964,0.025738377
id12250,0.94612634,0.02747602,0.02639764
id00461,0.6680159,0.03176654,0.30021754
id17583,0.9506142,0.024102213,0.02528358
id07331,0.0259336,0.9496802,0.024386164
id09844,0.9313286,0.025556942,0.043114454
id12595,0.023516882,0.023242902,0.9532402
id12911,0.024331782,0.9503424,0.025325768
id13334,0.02414623,0.022572799,0.9532809
id03231,0.023542834,0.94871694,0.027740236
id16441,0.023381108,0.02331271,0.9533062
id11427,0.022728076,0.023040947,0.95423096
id16919,0.94963133,0.024987573,0.025381068
id04388,0.023468329,0.023399677,0.953132
id09608,0.04773825,0.0766589,0.87560284
id14912,0.023641525,0.023664622,0.9526939
id24621,0.02709835,0.03612808,0.9367736
id14904,0.022310192,0.022529135,0.9551607
id09209,0.022637386,0.023219522,0.9541431
id10425,0.95073396,0.024175974,0.025089983
id04915,0.94977754,0.024412492,0.025809925
id01417,0.025348201,0.94932836,0.025323462
id12318,0.9498093,0.02458077,0.025609925
id01184,0.02320342,0.02424584,0.95255077
id05349,0.023477899,0.023001324,0.9535207
id14718,0.02337844,0.023424145,0.9531974
id20392,0.023572354,0.023734046,0.9526936
id10071,0.022907384,0.022818074,0.95427454
id24369,0.9505265,0.024241611,0.025231916
id22137,0.9496794,0.025111148,0.02520943
id14478,0.023708692,0.023685552,0.9526058
id10018,0.022985678,0.023211248,0.95380306
id13357,0.023782717,0.95092547,0.025291858
id06093,0.022422832,0.023202488,0.9543747
id26039,0.023386935,0.023069367,0.9535437
id05974,0.024058685,0.9507526,0.025188677
id09745,0.9405895,0.031934734,0.027475746
id01255,0.0249857,0.950488,0.024526373
id25995,0.024284856,0.95036405,0.02535109
id01205,0.03020318,0.9423502,0.027446652
id09735,0.024953496,0.9501903,0.02485621
id19431,0.027048873,0.94793504,0.02501612
id10226,0.95081955,0.023989994,0.02519045
id22446,0.9494456,0.025277173,0.025277173
id10207,0.02688537,0.032748193,0.94036645
id02564,0.9503516,0.024909033,0.024739334
id15113,0.94931453,0.02406926,0.026616236
id20230,0.9513781,0.024405919,0.024215989
id18155,0.9515347,0.024433784,0.024031494
id23722,0.023216434,0.022767385,0.9540162
id20241,0.9503885,0.024309209,0.025302274
id10580,0.022539226,0.022804912,0.9546559
id09405,0.023680251,0.02299656,0.9533232
id16297,0.024387173,0.9506473,0.024965497
id27247,0.02530752,0.023178171,0.9515143
id26321,0.95041287,0.024333585,0.025253553
id18503,0.023747012,0.023038883,0.9532141
id04178,0.025345689,0.94923425,0.025420055
id22695,0.022748241,0.023106474,0.9541453
id04368,0.95048964,0.024670545,0.024839768
id20585,0.95050967,0.024455179,0.025035119
id21615,0.026238017,0.023200236,0.95056176
id10830,0.024400821,0.95025104,0.025348073
id22143,0.95053184,0.024408033,0.025060164
id21600,0.95029896,0.024425896,0.025275197
id23773,0.9507282,0.024034586,0.025237272
id08505,0.95051116,0.02452697,0.02496192
id27152,0.95049894,0.024146406,0.025354687
id09817,0.023580233,0.93640625,0.040013522
id02355,0.9458748,0.027657133,0.02646805
id23629,0.949956,0.0247532,0.025290761
id22194,0.95059824,0.024290841,0.025110912
id05592,0.022627959,0.022694351,0.9546777
id02916,0.022851344,0.023347601,0.9538011
id22284,0.949739,0.024602965,0.025658095
id14574,0.023124402,0.02292205,0.95395356
id16820,0.023101835,0.022944452,0.9539537
id04513,0.9505531,0.024337176,0.02510972
id05853,0.90528816,0.023178251,0.07153361
id23528,0.024306802,0.95029444,0.025398789
id06684,0.9499649,0.024345879,0.025689274
id19793,0.95094347,0.024204927,0.02485163
id05567,0.95036405,0.024284856,0.02535109
id01637,0.023965368,0.9507716,0.025263084
id24264,0.023321686,0.023005005,0.95367336
id08558,0.024287855,0.9504814,0.025230723
id01977,0.02211955,0.02345434,0.95442617
id14665,0.024699345,0.9497425,0.025558157
id24485,0.024859233,0.9503058,0.024834966
id00331,0.9505792,0.023589049,0.02583171
id06004,0.023419853,0.02355748,0.9530227
id08168,0.024128165,0.9507089,0.025162933
id02054,0.95039654,0.02400275,0.025600748
id27733,0.022425368,0.02309208,0.95448256
id26596,0.024304386,0.95019996,0.025495665
id05275,0.024950672,0.9491554,0.02589397
id23093,0.9506826,0.023683945,0.025633471
id13304,0.023594331,0.022823788,0.95358187
id09513,0.9507556,0.02412935,0.025115069
id14943,0.9493043,0.025224097,0.025471631
id10936,0.9517778,0.023734396,0.024487808
id18771,0.9496526,0.025480976,0.024866415
id09708,0.94942224,0.025301246,0.025276551
id17204,0.95018667,0.024067856,0.025745505
id27515,0.024303174,0.9501526,0.025544234
id04438,0.9458321,0.025828516,0.028339386
id14306,0.950277,0.025249943,0.024473082
id10235,0.022673203,0.022606874,0.95471996
id19034,0.94944024,0.026155923,0.024403824
id27850,0.02398753,0.023431862,0.95258063
id23316,0.94986564,0.024993736,0.025140613
id21265,0.9505356,0.02464766,0.024816725
id13944,0.022959262,0.022471258,0.9545695
id00416,0.023941353,0.9507469,0.025311815
id04702,0.9394109,0.024359193,0.036229797
id07679,0.030673232,0.029904226,0.93942255
id17063,0.024174195,0.95066404,0.025161745
id25840,0.027095616,0.04260658,0.9302978
id16767,0.028685372,0.9434575,0.02785717
id10275,0.023343416,0.023026438,0.9536301
id19913,0.9237671,0.05090812,0.025324702
id16158,0.02408281,0.95077705,0.025140176
id19914,0.022838324,0.022972535,0.9541891
id09409,0.022826936,0.023459723,0.95371336
id14026,0.951096,0.023926767,0.02497728
id27022,0.024264725,0.95050395,0.02523132
id06324,0.024199026,0.9507116,0.025089394
id22614,0.023747548,0.023016913,0.95323557
id02338,0.95094067,0.024110489,0.024948822
id02862,0.024168227,0.9504293,0.025402395
id14818,0.023091573,0.022446787,0.9544617
id00648,0.95082265,0.025116839,0.024060458
id21812,0.023049995,0.023276193,0.95367384
id04567,0.023854356,0.9509996,0.02514606
id20462,0.023185672,0.024062242,0.9527521
id21110,0.02356124,0.023264011,0.95317477
id27524,0.025187373,0.94792217,0.026890483
id10739,0.023100799,0.022988277,0.95391095
id25519,0.07068592,0.05845779,0.8708562
id09509,0.023725448,0.022995494,0.9532791
id24062,0.02511177,0.9497028,0.025185447
id17909,0.94994974,0.024536435,0.025513854
id09896,0.023561325,0.022329208,0.9541095
id11587,0.024057502,0.9507058,0.02523668
id09957,0.023182394,0.024200223,0.9526174
id02070,0.02281243,0.023149056,0.9540385
id25658,0.9508791,0.024536464,0.024584435
id19870,0.083140545,0.045423985,0.8714355
id11774,0.023871288,0.023524161,0.95260453
id21315,0.95015955,0.024470057,0.025370395
id15873,0.95013833,0.024541305,0.025320329
id19302,0.024332983,0.9503894,0.0252776
id07239,0.021425249,0.95567846,0.022896321
id10178,0.950458,0.024287255,0.02525475
id00074,0.9503938,0.024476089,0.02513004
id21736,0.025601262,0.94948804,0.02491071
id25383,0.025202597,0.94942194,0.02537547
id01649,0.9502819,0.02500469,0.024713375
id15990,0.02372385,0.023061408,0.95321476
id04940,0.95078284,0.02424815,0.024969054
id09041,0.035861045,0.9357706,0.02836842
id12499,0.94914126,0.024064867,0.026793914
id27324,0.023922076,0.9509096,0.025168244
id20396,0.9335592,0.041440483,0.025000282
id20065,0.9511478,0.024092201,0.024760062
id09659,0.025051065,0.023833962,0.951115
id04632,0.023418773,0.02360245,0.9529788
id17313,0.95029634,0.023930008,0.025773633
id04995,0.9497705,0.025360007,0.024869502
id26559,0.9488621,0.024869993,0.026267946
id06974,0.023113951,0.023363583,0.95352244
id22141,0.95093066,0.02387593,0.025193393
id11508,0.023025576,0.022448303,0.95452607
id09766,0.026214205,0.9487721,0.025013767
id24382,0.026497016,0.035795182,0.9377078
id12016,0.951023,0.023854941,0.025122132
id07298,0.95062417,0.02438658,0.02498928
id17985,0.024425896,0.95029896,0.025275197
id09057,0.023625504,0.02339591,0.9529786
id23310,0.02252807,0.023288626,0.9541833
id13265,0.9496284,0.024841512,0.02553014
id25920,0.95135057,0.023956556,0.024692893
id15012,0.9484817,0.025055,0.026463354
id12939,0.024238018,0.9503856,0.02537643
id13329,0.9510607,0.02458913,0.024350172
id11410,0.02444857,0.9502528,0.02529866
id08203,0.023814159,0.9512532,0.024932664
id09399,0.024286058,0.95041114,0.025302876
id24807,0.02263096,0.022564756,0.9548043
id24976,0.9507246,0.023964185,0.02531122
id19630,0.023076694,0.023076694,0.95384663
id00231,0.024517938,0.95016116,0.025320936
id06157,0.02439441,0.949074,0.02653165
id26817,0.022703325,0.023173725,0.95412296
id21083,0.02301074,0.023078253,0.95391107
id27634,0.95119524,0.024164096,0.024640689
id12397,0.023073085,0.022297777,0.9546292
id02643,0.023378976,0.02340182,0.95321923
id13731,0.024487287,0.9499004,0.025612382
id17953,0.023399437,0.022547012,0.9540535
id10342,0.93656623,0.02226381,0.04116995
id19652,0.026550394,0.94789135,0.025558209
id03505,0.024385981,0.9506009,0.025013084
id27602,0.046204884,0.36619055,0.5876046
id13311,0.024962764,0.023565134,0.9514721
id20008,0.9501886,0.02468683,0.025124615
id14404,0.022639435,0.023131091,0.9542295
id09413,0.023384294,0.023179669,0.9534361
id01897,0.026091974,0.94711894,0.026789097
id14873,0.9500007,0.024657855,0.025341397
id25588,0.95039254,0.0244283,0.025179138
id15549,0.029091386,0.9438189,0.027089689
id20796,0.023279328,0.022918416,0.9538023
id11138,0.023469402,0.023355084,0.95317554
id18398,0.022994978,0.022816028,0.954189
id01871,0.949413,0.024071757,0.026515221
id15968,0.9478762,0.026061885,0.026061885
id18197,0.02328348,0.02274412,0.9539724
id20939,0.023143876,0.023031143,0.953825
id20570,0.024235306,0.023627704,0.952137
id00432,0.9495597,0.024936935,0.025503378
id19537,0.02439901,0.9501805,0.025420558
id12930,0.9504046,0.024144007,0.025451396
id26222,0.024332384,0.9503659,0.025301673
id10623,0.95069367,0.024388362,0.024917997
id15460,0.024176568,0.9507573,0.02506611
id22824,0.95009506,0.0246844,0.025220465
id02968,0.02546564,0.023597913,0.95093644
id19017,0.9495853,0.025355062,0.02505967
id26743,0.024300136,0.9500338,0.02566606
id04161,0.95094746,0.024514277,0.024538228
id08976,0.024080439,0.9506834,0.025236083
id13339,0.024170026,0.9505,0.025329968
id25051,0.9493592,0.024665281,0.025975516
id22649,0.95240337,0.022996817,0.02459981
id00040,0.023963,0.9506776,0.025359454
id08855,0.94993514,0.024922442,0.025142454
id24622,0.95160383,0.024221735,0.024174474
id02301,0.95171374,0.024390697,0.023895591
id07047,0.02335988,0.023268808,0.9533713
id04423,0.95031697,0.024283653,0.025399392
id02790,0.9509013,0.024681231,0.02441752
id08754,0.024264725,0.95050395,0.02523132
id20297,0.023830183,0.023346454,0.95282334
id04307,0.024157664,0.95094216,0.024900181
id18927,0.023674373,0.023239154,0.9530865
id27393,0.023195842,0.022702811,0.9541014
id15260,0.024572544,0.9504192,0.025008302
id03679,0.94832087,0.025271896,0.026407242
id17381,0.9508013,0.024106955,0.02509176
id13196,0.025819508,0.022192694,0.9519878
id21493,0.022731137,0.022909421,0.9543595
id11088,0.023318008,0.02315915,0.95352286
id15801,0.02752522,0.023728224,0.94874656
id04647,0.023132838,0.023497127,0.95337003
id16900,0.024331782,0.9503424,0.025325768
id17174,0.9486911,0.026443364,0.024865512
id23801,0.024799673,0.94895536,0.026244886
id11952,0.9497234,0.024868269,0.02540833
id02738,0.95046693,0.024814932,0.024718186
id05365,0.94694936,0.026266245,0.0267843
id19666,0.024882914,0.95028275,0.024834363
id26638,0.022718025,0.022541229,0.95474076
id03032,0.026307467,0.02433043,0.9493621
id23471,0.95163614,0.023615275,0.024748594
id26135,0.024452185,0.95039326,0.025154578
id18224,0.024602346,0.94971514,0.02568252
id10782,0.951121,0.023974176,0.024904864
id08932,0.022839349,0.022928739,0.9542319
id23126,0.022840882,0.0228632,0.95429593
id22273,0.9477612,0.027202839,0.025035968
id17427,0.9511973,0.024448987,0.024353672
id21258,0.9497239,0.02489258,0.025383541
id06604,0.9503668,0.024356179,0.025277002
id02180,0.9493639,0.02435425,0.026281837
id20505,0.025434373,0.9497689,0.02479671
id27466,0.9491852,0.025171721,0.025643134
id14249,0.022936635,0.023434743,0.95362866
id15891,0.025288312,0.024847675,0.94986403
id25366,0.53087014,0.047533344,0.4215965
id13554,0.023251379,0.02316073,0.9535879
id09470,0.0227648,0.023327421,0.9539078
id15993,0.022843473,0.023683963,0.9534726
id07273,0.9529149,0.022520104,0.024564996
id10805,0.9533197,0.02181519,0.024865119
id07990,0.02528708,0.94611484,0.028598106
id08107,0.022609867,0.022543725,0.9548464
id07612,0.95012105,0.024927318,0.024951674
id10593,0.9474363,0.025948232,0.026615508
id00906,0.02392735,0.9511192,0.024953505
id22316,0.022615787,0.023220036,0.9541642
id04826,0.94935036,0.025126975,0.025522666
id13173,0.023206014,0.023206014,0.95358795
id20075,0.8764654,0.023062361,0.10047225
id16427,0.94253004,0.026271632,0.031198332
id21948,0.022970483,0.022925662,0.9541038
id05957,0.9501351,0.024445543,0.025419345
id22982,0.024376987,0.9502502,0.025372816
id01672,0.025937906,0.949838,0.024224052
id19463,0.02331748,0.023181254,0.9535013
id17555,0.15897371,0.80556315,0.035463173
id21387,0.02412757,0.95068556,0.0251869
id00011,0.023978082,0.9503474,0.025674533
id18538,0.9481801,0.025416637,0.026403321
id14915,0.024196053,0.95059484,0.025209103
id13773,0.023619993,0.022692954,0.9536871
id26440,0.02573537,0.023524033,0.95074064
id18862,0.023343416,0.023026438,0.9536301
id02510,0.024594817,0.02319512,0.95221007
id26288,0.022324083,0.022853483,0.9548224
id01877,0.023373067,0.023648584,0.9529784
id17532,0.022596767,0.023110056,0.95429313
id22973,0.95011747,0.024636816,0.025245704
id10254,0.026798597,0.02296687,0.9502346
id20420,0.024511848,0.94992507,0.02556307
id16052,0.94594854,0.021269336,0.03278213
id19578,0.95089585,0.024156487,0.024947645
id06318,0.023076694,0.023076694,0.95384663
id18751,0.95088965,0.023991762,0.025118608
id06756,0.023227632,0.023227632,0.9535448
id00364,0.95094734,0.024466442,0.024586199
id10714,0.115701124,0.045298155,0.83900076
id27432,0.95077497,0.024035767,0.02518927
id02395,0.024033992,0.95070475,0.025261309
id00502,0.9486896,0.025504902,0.02580555
id22856,0.02283421,0.02314854,0.9540173
id16391,0.024447361,0.95020574,0.025346866
id18170,0.027293889,0.94261223,0.030093798
id19642,0.951595,0.023729838,0.02467513
id15742,0.95080453,0.02420139,0.024994021
id18984,0.023012292,0.023012292,0.9539754
id22155,0.022770988,0.023061918,0.9541671
id13113,0.025212668,0.024058096,0.95072925
id03817,0.94811237,0.025589148,0.026298502
id13090,0.94776154,0.022332791,0.029905677
id23521,0.024283048,0.95029336,0.025423577
id21376,0.023056248,0.023011258,0.9539325
id21795,0.024827745,0.94910216,0.026070122
id03548,0.02401913,0.023076424,0.9529044
id05018,0.9514801,0.023726972,0.024792911
id00085,0.026924603,0.9481985,0.02487688
id12163,0.95160383,0.024221735,0.024174474
id15341,0.023254879,0.022081874,0.9546633
id12896,0.024059277,0.950776,0.025164708
id24019,0.9519507,0.024564117,0.023485068
id24981,0.95082706,0.024178341,0.024994615
id12456,0.02424165,0.94774723,0.028011171
id24590,0.024356635,0.023400685,0.95224273
id01276,0.024035769,0.950775,0.02518927
id04235,0.023245564,0.023405014,0.9533494
id21844,0.025409777,0.022955822,0.9516344
id16876,0.024328766,0.95022464,0.025446577
id10137,0.023092441,0.023341842,0.9535658
id26435,0.023623126,0.022563364,0.95381355
id15912,0.022909421,0.022731137,0.9543595
id09361,0.022786016,0.023349162,0.9538649
id00071,0.9486119,0.025254976,0.026133103
id21006,0.9500206,0.024538266,0.025441114
id20942,0.022793755,0.02301744,0.9541888
id00137,0.9508487,0.024131712,0.025019603
id10494,0.024397796,0.9501332,0.025468988
id02933,0.9505614,0.023657812,0.025780823
id22661,0.023991173,0.9508663,0.025142534
id01024,0.023531247,0.02357725,0.9528915
id02183,0.024308108,0.94294983,0.03274209
id22883,0.9441714,0.029792394,0.026036188
id14780,0.024081033,0.9507069,0.025212076
id00543,0.023785332,0.023325283,0.9528893
id21237,0.028637726,0.02301106,0.9483512
id09864,0.02464367,0.94945425,0.025902122
id26171,0.02379287,0.023015844,0.95319134
id08115,0.9479642,0.025535226,0.026500626
id18417,0.024252195,0.02666185,0.94908595
id27910,0.022166423,0.022318471,0.95551515
id16918,0.02693655,0.023517432,0.94954604
id10236,0.02279324,0.02303941,0.95416737
id22481,0.95078504,0.024343112,0.024871767
id25843,0.024655411,0.9499065,0.02543806
id24660,0.95068455,0.024103995,0.025211483
id09637,0.024108136,0.95084786,0.025044028
id19022,0.023208113,0.023117632,0.95367426
id16809,0.023089271,0.023475787,0.9534349
id13162,0.023318535,0.023137068,0.9535444
id05384,0.02466875,0.95042044,0.024910837
id15361,0.024053458,0.023542196,0.9524044
id03967,0.024416177,0.94992083,0.025663007
id03839,0.02474086,0.94948244,0.02577672
id19644,0.95118856,0.023929095,0.024882324
id14817,0.023232875,0.023007097,0.95375997
id04190,0.946644,0.027277116,0.02607889
id19018,0.02419187,0.9504305,0.025377631
id23557,0.9493421,0.027168503,0.023489429
id25241,0.022643004,0.022977127,0.95437986
id01223,0.023922442,0.022363588,0.953714
id07529,0.023977084,0.95123637,0.024786562
id13517,0.02369426,0.023349704,0.952956
id11759,0.9518729,0.024016568,0.024110567
id13741,0.023023047,0.022555703,0.9544213
id03305,0.022230985,0.023207042,0.954562
id16474,0.024506934,0.9497347,0.0257584
id04156,0.02391409,0.023635484,0.95245045
id23223,0.024707919,0.95007217,0.025219858
id25193,0.023916136,0.02262124,0.9534626
id02100,0.9505724,0.02421912,0.025208507
id20032,0.023635192,0.94779956,0.028565222
id22179,0.02285756,0.023081869,0.95406055
id15359,0.95003945,0.024017174,0.02594341
id02571,0.024122803,0.9504977,0.025379423
id21450,0.95030993,0.024141602,0.025548464
id17293,0.9497408,0.02465111,0.02560808
id13056,0.9495111,0.024887005,0.025601886
id16833,0.023891857,0.023613507,0.9524946
id25681,0.024195459,0.9505715,0.025233114
id21263,0.024079705,0.023407327,0.952513
id02323,0.024125189,0.95059174,0.025282983
id16481,0.9501303,0.023949204,0.025920566
id05781,0.95103383,0.02413641,0.024829732
id14416,0.94946706,0.025500892,0.025032092
id20650,0.024134064,0.95094144,0.024924492
id04357,0.023997867,0.023011008,0.9529911
id16663,0.022815002,0.023038896,0.9541461
id18312,0.02641264,0.023218201,0.9503692
id24780,0.023088213,0.023520606,0.9533912
id17348,0.023105448,0.022791702,0.9541029
id22993,0.9387352,0.02121046,0.04005432
id04847,0.023062428,0.022749266,0.9541883
id27880,0.024211323,0.9502663,0.025522357
id21160,0.022866864,0.023615789,0.9535174
id03354,0.027110942,0.9464061,0.02648292
id11002,0.023316422,0.02322552,0.9534581
id02425,0.024295645,0.023989154,0.9517152
id14067,0.9508516,0.024226235,0.024922138
id05886,0.025390705,0.02276008,0.9518492
id09256,0.95036024,0.023560593,0.026079198
id11511,0.022785494,0.02337144,0.95384306
id09029,0.024014123,0.9499188,0.026067084
id22563,0.022774056,0.022930272,0.95429564
id27838,0.02317861,0.02342894,0.9533925
id23184,0.9491304,0.024925658,0.025943909
id15335,0.9488942,0.025041431,0.026064409
id08607,0.95120335,0.023743246,0.02505339
id26516,0.9505589,0.024720578,0.024720578
id12417,0.030674772,0.025257034,0.9440682
id21758,0.949109,0.024998229,0.025892703
id00729,0.025472885,0.949351,0.025176117
id25504,0.024195459,0.9505715,0.025233114
id00360,0.023089802,0.02345341,0.95345676
id05913,0.024211323,0.9502663,0.025522357
id00089,0.024837371,0.9503979,0.024764713
id03511,0.9506425,0.024220908,0.025136618
id00449,0.022060836,0.022320881,0.9556183
id14504,0.026252186,0.94736713,0.026380682
id19106,0.9505298,0.024336578,0.025133638
id19236,0.024415564,0.949897,0.02568744
id12743,0.9492539,0.025050923,0.025695125
id04662,0.02325557,0.022984633,0.9537598
id15139,0.023628822,0.022327663,0.9540435
id07233,0.022658613,0.024167122,0.9531743
id19160,0.9510019,0.023901049,0.025097055
id06867,0.02425932,0.9502923,0.025448387
id04236,0.024471268,0.9502066,0.025322147
id07591,0.0231696,0.022877315,0.95395315
id25815,0.022578258,0.022978649,0.9544431
id10925,0.025556248,0.023844318,0.9505995
id27774,0.9498215,0.024342202,0.025836337
id16090,0.023975924,0.9511903,0.024833819
id24875,0.023340259,0.023158621,0.9535011
id03456,0.94989264,0.023990024,0.026117329
id07559,0.02401228,0.9507739,0.02521385
id10513,0.024519755,0.95023155,0.025248736
id07094,0.94865686,0.02515771,0.026185438
id04111,0.022894474,0.023368834,0.9537367
id23356,0.9497482,0.024941886,0.025309933
id04435,0.02363034,0.023195932,0.9531737
id23706,0.02391739,0.023500642,0.95258194
id04655,0.023719558,0.023238078,0.9530424
id07661,0.023386661,0.024011504,0.95260185
id27176,0.9492578,0.025420684,0.025321579
id13560,0.023038896,0.022815002,0.9541461
id18020,0.024125645,0.023406224,0.95246816
id16701,0.9470535,0.02465348,0.028292973
id19252,0.9489978,0.025364134,0.02563807
id00910,0.024453385,0.9504399,0.025106728
id12102,0.95025104,0.024400821,0.025348073
id15820,0.95020306,0.024375778,0.025421163
id10698,0.95037496,0.02478831,0.024836773
id15530,0.023255926,0.023900606,0.9528435
id10740,0.9508683,0.024038127,0.02509353
id24917,0.023608359,0.023174351,0.9532173
id07985,0.023034776,0.02298983,0.9539754
id15897,0.94647735,0.027701791,0.025820909
id07960,0.02426785,0.023247177,0.95248497
id15529,0.03227209,0.024599308,0.94312865
id17855,0.037429176,0.93561167,0.026959224
id24727,0.9500508,0.02512097,0.0248283
id14835,0.94808,0.025364364,0.026555678
id25557,0.023619825,0.02456073,0.9518195
id18605,0.02287938,0.023081355,0.9540393
id27760,0.9492063,0.02504967,0.02574407
id10042,0.023368312,0.022916328,0.9537154
id12074,0.024612147,0.95009345,0.02529442
id19511,0.026016325,0.024061166,0.9499225
id21924,0.94988906,0.025018774,0.025092177
id13095,0.9504475,0.02372438,0.025828132
id11873,0.023520077,0.023110248,0.9533697
id23651,0.024655411,0.9499065,0.02543806
id09931,0.024010407,0.023431312,0.95255834
id05155,0.023400214,0.023445962,0.95315385
id17668,0.95175505,0.023733828,0.024511147
id03470,0.95062566,0.024458164,0.024916217
id02208,0.9500968,0.024781056,0.025122188
id07650,0.024173602,0.9506407,0.025185712
id24472,0.95021766,0.024186453,0.02559593
id21211,0.02376303,0.95013833,0.026098583
id11030,0.9519396,0.023924615,0.024135817
id00943,0.024196053,0.95059484,0.025209103
id19156,0.022751313,0.02297458,0.9542741
id22886,0.022882465,0.022949604,0.9541679
id00992,0.024332384,0.9503659,0.025301673
id27547,0.95086735,0.024014642,0.025118021
id24073,0.95109785,0.023973593,0.024928592
id05452,0.95083314,0.024487406,0.024679461
id22492,0.024102807,0.95063764,0.025259525
id11981,0.95055157,0.024289647,0.025158769
id15552,0.024275165,0.9499848,0.025740035
id04471,0.023444349,0.023467254,0.95308834
id09231,0.029677827,0.027021967,0.9433002
id12493,0.9501203,0.024805881,0.025073787
id24967,0.94974816,0.023362188,0.026889712
id05865,0.026196288,0.024753751,0.94904995
id04811,0.92759705,0.026288219,0.046114735
id19877,0.022996027,0.023702843,0.9533012
id04024,0.02397476,0.9511441,0.024881162
id00395,0.022782657,0.022561254,0.9546561
id22728,0.024328766,0.95022464,0.025446577
id01268,0.94827765,0.02541925,0.026303088
id08896,0.94841856,0.022348274,0.02923316
id09971,0.03619981,0.92724514,0.03655506
id26606,0.022859104,0.023015901,0.95412505
id27970,0.024606997,0.02364122,0.95175177
id25259,0.95004064,0.024443112,0.025516296
id13834,0.04104272,0.02391664,0.93504065
id19513,0.023035292,0.022967903,0.9539968
id16082,0.025591856,0.9491391,0.025269013
id22180,0.023001324,0.023477899,0.9535207
id20498,0.9501999,0.024304384,0.025495661
id27595,0.02280777,0.02334864,0.9538436
id08267,0.03090343,0.024470514,0.94462603
id12823,0.9505771,0.024361568,0.025061356
id18842,0.024308464,0.9512879,0.024403606
id17534,0.9506734,0.02462717,0.024699425
id05777,0.95018977,0.02478348,0.025026694
id21689,0.9500222,0.02458628,0.025391515
id18114,0.022534536,0.95259494,0.02487049
id17707,0.024183702,0.022919042,0.95289725
id22956,0.024009317,0.9506566,0.02533414
id27834,0.023006052,0.023277238,0.9537167
id11377,0.024061639,0.9508693,0.02506906
id08333,0.9480756,0.02489796,0.027026478
id07445,0.9499994,0.02460971,0.025390904
id22703,0.9499158,0.02432086,0.025763314
id09468,0.02411204,0.94914615,0.026741773
id19397,0.023318008,0.02315915,0.95352286
id07977,0.9497243,0.02491691,0.025358774
id14555,0.02270075,0.023284514,0.9540147
id02489,0.022628961,0.022651073,0.95471996
id10445,0.94923264,0.025172979,0.025594376
id02058,0.023103304,0.023813417,0.9530833
id23101,0.951151,0.024591466,0.02425754
id18072,0.028775105,0.04854348,0.92268145
id21085,0.025197495,0.023717131,0.9510854
id16584,0.02357725,0.023531247,0.9528915
id23136,0.023123365,0.022965834,0.9539108
id17745,0.022956949,0.023501357,0.9535417
id27391,0.9513046,0.023955397,0.024739971
id17240,0.024215532,0.9504316,0.025352892
id11708,0.94999784,0.02456165,0.025440503
id08712,0.025196323,0.9491856,0.025618114
id23809,0.023189636,0.022964276,0.9538461
id07274,0.95211554,0.023673363,0.024211105
id15625,0.022624483,0.025636898,0.9517386
id22815,0.9475923,0.025500296,0.02690739
id23200,0.95123476,0.02483498,0.023930259
id04369,0.023514742,0.02333175,0.95315355
id04659,0.9494212,0.02512885,0.025449906
id05051,0.022264682,0.022659514,0.9550758
id07815,0.02499757,0.94815767,0.02684468
id27535,0.95039344,0.023955839,0.025650714
id11916,0.023224993,0.023338674,0.9534364
id07097,0.03410046,0.93801314,0.027886396
id24599,0.9499555,0.024729026,0.025315458
id03434,0.023443814,0.023489647,0.9530666
id01685,0.025588691,0.94902176,0.02538956
id23165,0.9505575,0.024528166,0.024914429
id08601,0.024399614,0.950204,0.025396373
id19593,0.94962907,0.024337271,0.026033698
id04582,0.0238452,0.022731038,0.95342374
id25659,0.9488312,0.024435846,0.026732897
id08590,0.02369318,0.023394288,0.9529125
id21959,0.025614323,0.94904506,0.025340639
id21373,0.9500968,0.025122188,0.024781056
id12581,0.023006052,0.023277238,0.9537167
id05240,0.94895023,0.025362864,0.025686907
id25188,0.023069367,0.023386935,0.9535437
id15719,0.024327554,0.9501773,0.025495054
id17546,0.025051646,0.023811253,0.9511371
id18546,0.051794466,0.023829304,0.92437625
id16043,0.023924615,0.024135817,0.9519396
id05236,0.9501351,0.024445543,0.025419345
id01665,0.9504626,0.024430102,0.025107328
id12811,0.9482759,0.025369605,0.026354464
id11468,0.02310596,0.022769962,0.95412403
id20311,0.9176037,0.023333512,0.059062816
id04045,0.023055729,0.023033222,0.95391107
id02671,0.02279631,0.022907894,0.9542958
id19889,0.024088109,0.95098627,0.024925668
id10371,0.023872988,0.9508135,0.025313588
id13583,0.023104379,0.023768054,0.95312756
id11070,0.95233655,0.023517543,0.02414588
id13087,0.024194265,0.95052457,0.025281196
id21670,0.023244502,0.0234497,0.95330584
id16432,0.024229176,0.9509671,0.024803756
id13899,0.9499435,0.024392925,0.02566362
id02925,0.024004001,0.95137477,0.024621282
id27528,0.02401405,0.950844,0.025141945
id15950,0.95141566,0.023841497,0.024742858
id07604,0.9504823,0.024311608,0.025206119
id12682,0.950017,0.024442503,0.025540588
id16688,0.95375067,0.024466783,0.021782467
id24150,0.024032207,0.9506342,0.025333542
id04599,0.023100799,0.022988277,0.95391095
id05609,0.024918143,0.9497713,0.025310548
id27242,0.022911452,0.022644525,0.95444405
id03464,0.12261427,0.0443646,0.83302116
id20129,0.022677545,0.023351753,0.95397073
id07890,0.024241012,0.950503,0.025255946
id24082,0.040826924,0.023582708,0.9355904
id18550,0.0231192,0.02314179,0.953739
id13345,0.022638923,0.023153167,0.9542079
id21162,0.028283872,0.9439793,0.027736813
id05896,0.023731858,0.023662431,0.9526057
id00549,0.023395652,0.024566365,0.95203793
id19986,0.022881953,0.02297151,0.95414656
id12287,0.02397924,0.023769407,0.9522514
id21149,0.0234742,0.023155447,0.9533704
id15937,0.024222095,0.95068914,0.0250888
id18043,0.9515804,0.02405613,0.024363479
id19288,0.94828,0.02549389,0.026226208
id16304,0.02291685,0.023346035,0.9537371
id03605,0.94958335,0.024937555,0.02547912
id00126,0.022869494,0.02350346,0.95362705
id11734,0.94312394,0.01849605,0.03838004
id20670,0.024203433,0.9499566,0.025840014
id02266,0.023101835,0.022944452,0.9539537
id06651,0.025266662,0.9481245,0.026608845
id12969,0.95134467,0.023793202,0.024862114
id15664,0.022557462,0.936034,0.04140857
id09699,0.025428385,0.024098633,0.950473
id07426,0.023336552,0.023313772,0.9533497
id12040,0.024779838,0.9500501,0.025170065
id22961,0.949997,0.024537656,0.02546534
id23971,0.026105683,0.94854236,0.025351962
id21433,0.952118,0.02383581,0.024046227
id12028,0.02415117,0.9506865,0.025162341
id15673,0.024869503,0.9497705,0.025360009
id18681,0.022725001,0.023173211,0.9541018
id21339,0.02508852,0.9488236,0.026087932
id23755,0.95138407,0.022837998,0.02577795
id10369,0.022992922,0.022903284,0.95410377
id03917,0.024309155,0.023446474,0.9522444
id17078,0.024336876,0.94776076,0.027902367
id10873,0.9509595,0.023993526,0.025046969
id21158,0.9499595,0.024250826,0.025789673
id16491,0.9514502,0.023587614,0.024962192
id23930,0.024305595,0.9502473,0.025447182
id16048,0.024538875,0.9500442,0.025416913
id10070,0.9490729,0.024730189,0.02619692
id24962,0.9501098,0.023995508,0.025894705
id27787,0.9484865,0.02386112,0.027652366
id16840,0.94664294,0.024715094,0.028642027
id01994,0.9507537,0.024082217,0.025164118
id10756,0.022846108,0.02357132,0.9535826
id16697,0.023343416,0.023026438,0.9536301
id19603,0.02530808,0.9496787,0.025013234
id03903,0.94895536,0.024799673,0.026244886
id20992,0.9496879,0.024149375,0.026162745
id15687,0.024306802,0.95029444,0.025398789
id19769,0.023904799,0.95022273,0.025872504
id06048,0.03770251,0.9341972,0.02810033
id25098,0.02432937,0.95024824,0.02542237
id16091,0.9521846,0.023790965,0.024024436
id27192,0.156127,0.057260904,0.78661215
id05897,0.023068037,0.02251167,0.95442027
id00828,0.94747937,0.026773134,0.025747472
id20605,0.951084,0.023693947,0.025222076
id05872,0.024982098,0.024666945,0.95035094
id00761,0.95076495,0.02384847,0.02538656
id19573,0.027010329,0.022700598,0.9502891
id03081,0.022903798,0.022970995,0.9541252
id04887,0.023309825,0.022570604,0.95411956
id17700,0.02359064,0.022976749,0.9534326
id03250,0.9507526,0.024058685,0.025188677
id21027,0.024078062,0.9505896,0.025332354
id19567,0.9492783,0.024519091,0.02620259
id05661,0.023037355,0.02288041,0.95408225
id27405,0.9496987,0.0248191,0.025482215
id01546,0.024168827,0.9504529,0.02537823
id02288,0.024239216,0.95043254,0.025328169
id11057,0.023099761,0.023032185,0.9538681
id09191,0.024047945,0.9503281,0.025623914
id19074,0.023200732,0.023428408,0.95337087
id25012,0.9501626,0.024565909,0.025271568
id24857,0.027224017,0.9475733,0.025202703
id07557,0.02287368,0.023324821,0.9538015
id23072,0.95066404,0.024174195,0.025161745
id20317,0.028514441,0.94519114,0.0262944
id16642,0.9493995,0.02452222,0.026078288
id04211,0.022906873,0.02283986,0.95425326
id22871,0.024149984,0.9506398,0.025210295
id16178,0.02302486,0.023410304,0.9535648
id25172,0.023489108,0.02346618,0.9530447
id15654,0.024054011,0.023519758,0.95242625
id26067,0.95080304,0.02415413,0.025042847
id11955,0.02325557,0.022984633,0.9537598
id24939,0.022471258,0.022959262,0.9545695
id07378,0.95204735,0.02364856,0.024304124
id22455,0.024197243,0.95064163,0.02516115
id12850,0.02293453,0.023524307,0.9535412
id12403,0.9494206,0.025079804,0.025499644
id11593,0.024818197,0.026444646,0.9487372
id27776,0.71196216,0.03896841,0.24906945
id14497,0.023092441,0.023341842,0.9535658
id24628,0.022838837,0.022950629,0.9542105
id11283,0.023383763,0.023201792,0.95341444
id00459,0.9487346,0.025332347,0.02593309
id11310,0.024334187,0.9504363,0.025229525
id05177,0.02437759,0.95027375,0.02534868
id22598,0.024126979,0.9506622,0.02521089
id05214,0.02457901,0.023822796,0.95159817
id22797,0.9518845,0.023141949,0.024973584
id15832,0.023701519,0.023980906,0.9523176
id00479,0.024211938,0.95121884,0.024569215
id05840,0.02304066,0.94957113,0.027388193
id27489,0.023067255,0.023476318,0.95345646
id03281,0.024258114,0.950245,0.025496872
id27046,0.94954544,0.024549954,0.025904609
id09213,0.02307461,0.023164922,0.9537605
id18775,0.950722,0.023917358,0.025360636
id09731,0.054893594,0.9113864,0.03372003
id25031,0.023562843,0.023197537,0.9532396
id11945,0.9487367,0.025806831,0.025456402
id20286,0.95064914,0.024482667,0.024868213
id27960,0.023178078,0.023451293,0.95337063
id13206,0.023124402,0.02292205,0.95395356
id09964,0.9453309,0.023968259,0.030700807
id16811,0.024340153,0.9506694,0.024990471
id08948,0.034825966,0.93852407,0.02664989
id17636,0.022997534,0.022707421,0.95429504
id14046,0.023534961,0.024353284,0.9521117
id22873,0.9499962,0.024513682,0.025490196
id09962,0.022358198,0.023226155,0.9544156
id26474,0.95141286,0.02377168,0.02481538
id11898,0.024468843,0.9501124,0.025418736
id25477,0.94995767,0.024850124,0.025192207
id25457,0.95057774,0.024385387,0.025036912
id26675,0.023122327,0.0230097,0.953868
id04422,0.023528531,0.023689922,0.95278156
id04237,0.024982546,0.02279134,0.9522261
id07049,0.024164623,0.9502875,0.025547862
id18211,0.9476031,0.024958564,0.027438402
id16033,0.025086015,0.94965583,0.025258088
id16680,0.9496516,0.024314094,0.026034318
id08977,0.024918143,0.9497713,0.025310548
id18494,0.02417479,0.9506874,0.025137804
id07714,0.02284037,0.022885023,0.9542746
id01243,0.947552,0.02471468,0.027733244
id18562,0.024819717,0.9497223,0.025457976
id03147,0.02323026,0.023117106,0.9536526
id24138,0.94908595,0.025022043,0.025892075
id21062,0.95020103,0.024328163,0.025470808
id25053,0.022728588,0.023018975,0.9542524
id14390,0.023885911,0.022926036,0.95318806
id10122,0.02321592,0.023720095,0.95306396
id13160,0.027700393,0.94642955,0.025870085
id00780,0.024424689,0.950252,0.025323357
id20996,0.949033,0.024898773,0.026068222
id16008,0.94923306,0.025197584,0.025569407
id10522,0.024038715,0.9508916,0.025069648
id18498,0.02355455,0.021678288,0.95476717
id09341,0.024265919,0.95055073,0.02518333
id22456,0.032361522,0.024202187,0.94343626
id07592,0.023962406,0.95065403,0.025383597
id25634,0.95022845,0.024424082,0.025347471
id15011,0.9515101,0.023937184,0.024552746
id14245,0.9487615,0.025556706,0.0256818
id21107,0.037769526,0.025000729,0.9372297
id01881,0.94184506,0.03664433,0.021510558
id12772,0.02611303,0.024150606,0.94973636
id17589,0.9502755,0.024425292,0.025299266
id24421,0.023138646,0.023251904,0.95360947
id22088,0.02323997,0.024570284,0.95218974
id21687,0.022801386,0.022690324,0.9545083
id17810,0.022407996,0.022916997,0.954675
id25153,0.024306199,0.95027083,0.025422975
id18083,0.95034146,0.024308003,0.025350485
id00655,0.02419139,0.023538869,0.95226973
id13195,0.9497835,0.024532141,0.02568437
id23708,0.024122208,0.9504742,0.025403596
id17977,0.028108174,0.022718279,0.94917357
id10501,0.024517331,0.9501376,0.025345048
id08697,0.032662917,0.9397514,0.027585631
id09269,0.024216732,0.9504787,0.025304673
id21153,0.9503424,0.024331782,0.025325768
id06257,0.9507872,0.024486221,0.024726514
id08366,0.023437884,0.022805687,0.95375645
id00263,0.95025426,0.024496408,0.025249338
id14445,0.023498187,0.023088744,0.95341307
id18864,0.023066005,0.022597788,0.9543362
id18427,0.02348803,0.02351098,0.95300096
id24348,0.023422003,0.023467792,0.9531102
id17329,0.95094216,0.024157666,0.024900183
id07519,0.025565466,0.9481604,0.026274169
id17995,0.023210205,0.023029579,0.9537602
id25329,0.95015585,0.024374565,0.025469597
id14513,0.9503677,0.024379998,0.025252353
id10203,0.027441071,0.94769526,0.024863675
id25887,0.9497789,0.024436379,0.025784768
id08186,0.94862854,0.024670377,0.026701102
id20535,0.024225054,0.9508053,0.024969645
id06411,0.023207065,0.02316178,0.95363116
id11984,0.9509468,0.024394855,0.024658322
id16389,0.024580155,0.94978553,0.025634307
id23333,0.95059896,0.02431459,0.02508642
id19447,0.029553926,0.9402798,0.03016627
id01461,0.9489496,0.025313359,0.025737107
id25601,0.024464576,0.9499467,0.02558863
id04803,0.95345503,0.02299974,0.023545163
id19029,0.025154036,0.94944507,0.025400884
id11507,0.024691658,0.024933966,0.9503744
id13246,0.02357079,0.022867918,0.95356125
id26927,0.02316178,0.023207065,0.95363116
id12423,0.951427,0.023587037,0.02498597
id09601,0.024502419,0.9504875,0.025010098
id23100,0.022833694,0.023170633,0.9539957
id21939,0.9504454,0.024027437,0.025527168
id16139,0.023580493,0.023396991,0.95302254
id27334,0.9507798,0.02415354,0.025066702
id22326,0.0232498,0.023227105,0.9535231
id18527,0.022580279,0.022891115,0.95452857
id05072,0.022720871,0.023350717,0.9539284
id21820,0.026143018,0.94712013,0.02673686
id13960,0.9501423,0.024709744,0.025147937
id03958,0.9496777,0.024940033,0.025382306
id10849,0.9202438,0.054355025,0.025401162
id06252,0.95001364,0.024370916,0.025615435
id26045,0.94944483,0.025129475,0.025425693
id04849,0.024386782,0.9497043,0.025908945
id05215,0.030619482,0.94144666,0.02793386
id22830,0.9500979,0.024951069,0.024951069
id21325,0.024355577,0.9503434,0.025301073
id09287,0.0226163,0.023197897,0.9541858
id24354,0.024092104,0.9520733,0.023834689
id06784,0.024425896,0.95029896,0.025275197
id03848,0.024856893,0.023998203,0.9511449
id01410,0.023305181,0.022765318,0.9539295
id00874,0.024116447,0.02841612,0.9474674
id00784,0.022561254,0.022782657,0.9546561
id19909,0.023901634,0.9510252,0.02507317
id18906,0.02400275,0.95039654,0.025600748
id18748,0.023190677,0.022920495,0.95388883
id04654,0.95023084,0.024495805,0.025273385
id07608,0.25004384,0.7190355,0.030920712
id10845,0.023628304,0.9484491,0.027922628
id10718,0.023000078,0.022599313,0.95440066
id19100,0.024470665,0.9501831,0.025346262
id10416,0.9497936,0.024845831,0.025360623
id02535,0.024575213,0.9495946,0.025830166
id23920,0.023675447,0.02319486,0.9531297
id16226,0.02434343,0.9498694,0.025787225
id09196,0.0246356,0.95007056,0.025293808
id03368,0.022999099,0.95156807,0.02543283
id27373,0.023536105,0.02337576,0.95308816
id11497,0.9505356,0.02464766,0.024816725
id07640,0.9500442,0.024538875,0.025416913
id22416,0.025097063,0.950074,0.024828907
id20303,0.024216132,0.9504551,0.02532877
id13811,0.023181781,0.02329525,0.953523
id04365,0.024123996,0.9505448,0.025331158
id00199,0.022770476,0.023083927,0.9541456
id24884,0.94954145,0.024478031,0.025980502
id06763,0.024284253,0.9503405,0.025375227
id18275,0.949812,0.024652958,0.025535077
id20971,0.04657978,0.02919161,0.9242286
id01581,0.022474773,0.022806415,0.9547188
id24805,0.023203377,0.02331695,0.95347965
id07950,0.02451915,0.95020807,0.02527278
id26346,0.023877356,0.024206048,0.9519166
id24046,0.9499014,0.024511237,0.02558741
id05548,0.025394615,0.94921076,0.025394615
id17433,0.94946784,0.025081052,0.025451155
id18712,0.027345592,0.024560353,0.94809407
id21128,0.02308662,0.023587987,0.95332545
id02906,0.023952704,0.022990141,0.95305717
id22201,0.024446152,0.9501587,0.025395164
id08614,0.023758292,0.95087695,0.025364771
id22484,0.023847878,0.9507414,0.025410736
id16291,0.047940556,0.9255712,0.02648822
id26869,0.94846207,0.025152545,0.026385395
id18062,0.024354974,0.9503198,0.025325164
id27078,0.94963163,0.025011992,0.025356298
id02756,0.023148024,0.022856012,0.95399594
id03454,0.022584805,0.022695353,0.9547199
id02195,0.022936108,0.0234571,0.9536068
id27418,0.024284856,0.95036405,0.02535109
id02733,0.9491396,0.025541933,0.025318427
id15677,0.9509595,0.023993526,0.025046969
id08204,0.95002145,0.02456226,0.025416303
id11529,0.95107996,0.024782488,0.024137583
id14000,0.022833694,0.023170633,0.9539957
id11866,0.95035124,0.024691056,0.024957722
id14084,0.025040146,0.9497726,0.025187297
id17826,0.023788575,0.023192173,0.95301926
id07289,0.022919977,0.02321281,0.95386726
id05102,0.950458,0.024287255,0.02525475
id14779,0.022294248,0.023227675,0.9544781
id19144,0.024757465,0.95011973,0.025122793
id12372,0.024195459,0.9505715,0.025233114
id05673,0.02426293,0.9504336,0.025303476
id07343,0.022616813,0.023175776,0.95420736
id10390,0.023596745,0.9518185,0.024584703
id27323,0.023005528,0.023299452,0.953695
id26483,0.94046986,0.03819736,0.021332823
id07690,0.9488721,0.024341632,0.026786316
id22766,0.025099978,0.023787398,0.9511126
id10289,0.9495319,0.024790522,0.025677565
id22243,0.024696877,0.94964755,0.025655624
id24509,0.024214935,0.95040804,0.025377031
id02407,0.024027437,0.9504454,0.025527168
id08746,0.022389611,0.022786658,0.9548238
id12854,0.9508523,0.02424992,0.024897829
id25598,0.0238161,0.02299336,0.95319057
id16973,0.02750834,0.028023513,0.9444682
id20066,0.022586474,0.023555126,0.95385844
id25966,0.02419187,0.9504305,0.025377631
id21599,0.02369964,0.02312804,0.9531723
id17112,0.94997996,0.024778008,0.02524205
id01775,0.024201393,0.9508046,0.024994025
id08484,0.023200199,0.023450764,0.95334905
id12094,0.024607265,0.94990504,0.02548775
id25422,0.022545982,0.02344411,0.9540099
id25063,0.024039304,0.9509149,0.025045794
id25508,0.023492865,0.023310041,0.9531971
id01575,0.023436837,0.022849254,0.9537139
id24368,0.02384635,0.023614608,0.952539
id16823,0.024099829,0.95052016,0.025380025
id22747,0.024267703,0.9506207,0.025111504
id19321,0.023464411,0.02263171,0.9539039
id08220,0.024125785,0.9506152,0.025258929
id12296,0.9501346,0.023121972,0.026743492
id11186,0.9504776,0.024193069,0.02532937
id10551,0.024152355,0.9507332,0.025114477
id20839,0.94317544,0.027150642,0.029673904
id06118,0.9510283,0.02397184,0.024999905
id06330,0.0244307,0.9504859,0.025083436
id02669,0.07688639,0.90122473,0.021888932
id14811,0.9505021,0.02421733,0.025280599
id04728,0.951014,0.024277745,0.024708275
id16646,0.023687195,0.023640975,0.9526718
id13018,0.024356179,0.95036685,0.025277002
id15248,0.94857144,0.025726851,0.02570174
id23476,0.023748334,0.9495507,0.02670097
id09208,0.024101615,0.95059067,0.025307655
id19351,0.95185053,0.024110002,0.024039472
id02009,0.9406173,0.03050301,0.02887967
id00785,0.94969136,0.02460173,0.025706967
id07975,0.8974891,0.06004001,0.042470925
id17892,0.024432056,0.9496109,0.025957042
id03299,0.02412935,0.025115069,0.9507556
id15351,0.024721172,0.9505817,0.024697043
id11066,0.95108676,0.023740336,0.025172934
id20485,0.025309315,0.94972503,0.024965646
id13866,0.95009404,0.02463621,0.025269747
id17335,0.024219716,0.9505958,0.025184521
id15220,0.9509204,0.02420434,0.02487531
id24047,0.9494374,0.024812272,0.025750337
id15180,0.02442348,0.95020497,0.025371607
id16921,0.023057798,0.022945486,0.95399666
id17207,0.023000797,0.023500303,0.9534989
id15068,0.027798055,0.023362635,0.94883937
id22013,0.94861543,0.025378687,0.02600591
id11929,0.9449335,0.026082661,0.02898387
id12540,0.024382398,0.9504612,0.025156377
id12582,0.9470986,0.026373206,0.026528189
id05261,0.024771873,0.9497447,0.025483448
id08471,0.9499079,0.024703648,0.025388459
id15209,0.024339741,0.94972545,0.025934834
id01148,0.9513332,0.02433337,0.02433337
id26519,0.022944452,0.023101835,0.9539537
id16510,0.95025617,0.024568329,0.025175525
id03888,0.024238018,0.9503856,0.02537643
id27926,0.94971573,0.024197295,0.026086977
id05359,0.95092815,0.02382928,0.02524258
id04274,0.95093524,0.023969496,0.025095297
id21013,0.023564441,0.023131242,0.9533043
id11443,0.023520606,0.023088213,0.9533912
id09956,0.95049536,0.024075674,0.02542898
id03138,0.9020755,0.074372984,0.023551524
id08516,0.9517157,0.024036067,0.02424825
id08608,0.02358157,0.0233524,0.95306605
id04629,0.022869494,0.02350346,0.95362705
id19808,0.949862,0.02475075,0.025387233
id16578,0.023434218,0.022958526,0.95360726
id04607,0.02379493,0.9514138,0.024791185
id22816,0.024081033,0.9507069,0.025212076
id27913,0.95152205,0.023635512,0.02484248
id00346,0.02375832,0.023504471,0.9527372
id02198,0.02410518,0.9507313,0.025163524
id27303,0.9507258,0.023987629,0.02528655
id07033,0.024618812,0.02317245,0.95220876
id03546,0.028324783,0.034602728,0.93707246
id14709,0.94977194,0.024966879,0.025261179
id25348,0.950762,0.024342524,0.024895463
id19596,0.024387054,0.023111757,0.9525012
id12265,0.024050687,0.023654703,0.9522946
id01054,0.9508495,0.02415531,0.024995204
id03002,0.022830065,0.023325862,0.9538441
id25624,0.9495816,0.024864558,0.02555383
id16202,0.94998986,0.024370307,0.02563982
id08187,0.026217666,0.94797117,0.0258112
id24373,0.117922634,0.037754808,0.84432256
id06415,0.022524986,0.02342228,0.95405275
id09078,0.02742428,0.9480408,0.024535
id25989,0.9489108,0.023639806,0.027449446
id05431,0.054527987,0.021849176,0.92362285
id16557,0.023677988,0.95044345,0.025878513
id22749,0.9499986,0.024585668,0.025415692
id00697,0.023017952,0.022772012,0.95421
id22969,0.94719344,0.024537021,0.028269531
id07440,0.023856707,0.023190554,0.95295274
id19872,0.022906873,0.02283986,0.95425326
id06054,0.94804484,0.025939554,0.02601566
id27862,0.022836272,0.023060378,0.95410335
id27186,0.029045437,0.9441705,0.026784055
id01617,0.023644092,0.022627547,0.9537284
id11922,0.024354974,0.9503198,0.025325164
id15003,0.023528157,0.95090735,0.025564525
id09458,0.022752333,0.022930782,0.9543169
id03568,0.95052457,0.024194265,0.025281196
id27132,0.95042574,0.023493288,0.026080996
id24204,0.024387846,0.024009746,0.9516024
id24736,0.95063543,0.024055721,0.025308847
id06990,0.024220908,0.9506425,0.025136618
id24155,0.025956556,0.0373448,0.9366987
id22129,0.02302381,0.023455,0.95352125
id00191,0.023811806,0.023169521,0.9530187
id05185,0.9500775,0.024230162,0.02569232
id13399,0.038411774,0.93245155,0.02913665
id20862,0.9490426,0.025192529,0.02576478
id06180,0.9504612,0.024382398,0.025156377
id27225,0.94892424,0.025238633,0.025837151
id09447,0.025672011,0.9419389,0.032389138
id18125,0.95054984,0.024242207,0.025207909
id04010,0.02331324,0.023358818,0.95332795
id17932,0.9503465,0.024450982,0.025202518
id17948,0.95062,0.024243997,0.025136022
id18545,0.023704434,0.022930298,0.9533652
id03389,0.94724005,0.026766371,0.025993574
id02487,0.022880925,0.023015385,0.95410365
id04924,0.9499932,0.024441892,0.025564903
id23553,0.022782154,0.022582797,0.954635
id16831,0.9515959,0.023753045,0.024651067
id01296,0.95047647,0.024169426,0.02535409
id12033,0.022661053,0.023130579,0.9542084
id06913,0.024264129,0.9504806,0.025255352
id15715,0.9493084,0.027088061,0.023603566
id23432,0.02409007,0.022986906,0.952923
id01152,0.9516191,0.026088255,0.022292687
id16384,0.9476215,0.021961847,0.030416654
id04060,0.025440829,0.02362101,0.95093817
id21604,0.9515348,0.023451893,0.025013218
id11212,0.022952674,0.022751823,0.9542955
id26589,0.022716021,0.022627456,0.95465654
id15858,0.9495385,0.02508292,0.025378589
id02814,0.022515634,0.023827745,0.9536567
id18347,0.9504415,0.024525171,0.025033323
id02517,0.023150114,0.023699105,0.9531508
id20800,0.95152205,0.023635512,0.02484248
id16428,0.9505757,0.023843722,0.02558058
id23844,0.95091826,0.024133477,0.024948234
id11149,0.024060458,0.95082265,0.025116839
id12505,0.024286058,0.95041114,0.025302876
id10850,0.04215973,0.93002874,0.027811507
id05706,0.94877315,0.025038237,0.026188646
id23216,0.02294497,0.023079807,0.95397526
id16618,0.024283772,0.02353664,0.9521796
id04283,0.02419486,0.950548,0.025257144
id20374,0.02387348,0.0234346,0.952692
id07227,0.024075078,0.95047176,0.025453195
id06396,0.9502519,0.02397567,0.025772428
id08884,0.95080036,0.024083402,0.025116252
id10983,0.9496174,0.024551814,0.025830785
id07296,0.024254717,0.9491846,0.026560668
id17683,0.023076173,0.02309872,0.95382506
id26473,0.022968937,0.02299138,0.9540397
id06454,0.023156507,0.02342947,0.9534141
id19166,0.951103,0.024138166,0.024758896
id08406,0.024665907,0.94938326,0.025950821
id25126,0.02260235,0.02286878,0.95452887
id27593,0.95032233,0.024426498,0.025251148
id24613,0.023543576,0.023065666,0.9533908
id26586,0.9502567,0.024046138,0.025697166
id25719,0.024570376,0.024165835,0.9512638
id05015,0.023116583,0.023252431,0.953631
id01594,0.94986075,0.024702422,0.025436834
id01522,0.022946311,0.023953777,0.9530999
id06935,0.9501831,0.024470665,0.025346262
id01975,0.022913182,0.023502411,0.95358443
id20847,0.022946004,0.02303581,0.95401824
id24960,0.023728639,0.022864223,0.95340717
id27808,0.024966879,0.94977194,0.025261179
id25463,0.9504165,0.024452783,0.02513064
id11367,0.9394993,0.019961083,0.040539652
id02273,0.023272533,0.022271961,0.9544555
id02167,0.9518395,0.02355122,0.024609264
id08352,0.024032805,0.9506578,0.025309443
id26928,0.024935069,0.94948864,0.025576292
id04224,0.9492534,0.025026457,0.025720218
id00462,0.027271539,0.9464505,0.026278058
id16591,0.038327366,0.92677516,0.03489746
id06982,0.02419486,0.950548,0.025257144
id24880,0.026435623,0.9474877,0.026076658
id27479,0.022851488,0.0224095,0.95473903
id16556,0.95040077,0.02407328,0.025525969
id15231,0.02279621,0.02384361,0.9533602
id14694,0.94533724,0.024393464,0.030269345
id01114,0.9516881,0.023778558,0.02453337
id18694,0.02831709,0.023822106,0.94786084
id25551,0.04897926,0.027301025,0.9237197
id23478,0.022657458,0.023285544,0.954057
id22780,0.95120883,0.023859601,0.0249315
id06602,0.025261793,0.94979507,0.024943115
id05176,0.024419228,0.95003957,0.025541196
id15450,0.024437414,0.022956824,0.9526058
id16956,0.023462852,0.022696605,0.95384055
id23532,0.9336612,0.039277688,0.02706112
id22688,0.023013841,0.022946518,0.95403963
id12898,0.9497801,0.024460286,0.025759632
id21525,0.9507516,0.024035178,0.025213262
id13576,0.94934857,0.025028966,0.025622513
id07080,0.0375606,0.051540185,0.91089916
id25397,0.9507058,0.024057502,0.02523668
id08383,0.034377947,0.93737113,0.028250925
id08285,0.948807,0.025359035,0.025833957
id10323,0.024022905,0.022922818,0.95305425
id10441,0.024850735,0.94998103,0.025168234
id26298,0.023746477,0.023060871,0.95319265
id13531,0.026114672,0.948869,0.025016323
id03191,0.9490455,0.025564352,0.025390193
id19771,0.024128757,0.9507323,0.025138991
id03275,0.9510332,0.024112836,0.024853975
id11616,0.02303374,0.02303374,0.9539325
id03117,0.024219716,0.9505958,0.025184521
id08054,0.025485761,0.023755342,0.9507589
id15303,0.9309752,0.046012286,0.023012497
id02470,0.023126468,0.022834728,0.9540388
id01452,0.951491,0.024171606,0.024337407
id11934,0.023866463,0.9505536,0.025579985
id00258,0.02569002,0.026171137,0.94813883
id27905,0.023435267,0.022914756,0.95364994
id23897,0.023994697,0.951006,0.024999319
id02334,0.024125189,0.95059174,0.025282983
id07638,0.9488783,0.025336185,0.025785489
id13181,0.023733383,0.022668682,0.9535979
id01284,0.9489647,0.024994427,0.026040902
id27402,0.9492539,0.025050923,0.025695125
id14742,0.022687793,0.022910438,0.9544018
id12370,0.025033336,0.94951427,0.025452398
id19048,0.9495282,0.024693774,0.025777962
id08388,0.023416065,0.022784455,0.9537995
id19205,0.94875455,0.025184883,0.026060574
id04851,0.023407137,0.023157036,0.95343584
id16478,0.11859954,0.44890323,0.4324972
id06806,0.024473082,0.950277,0.025249943
id13659,0.023949,0.025000488,0.9510505
id09861,0.024431298,0.95050913,0.025059564
id05986,0.024443112,0.95004064,0.025516296
id15844,0.024145808,0.9504754,0.025378829
id05900,0.95134467,0.023793202,0.024862114
id20409,0.9497801,0.024460286,0.025759632
id08751,0.0317747,0.94045675,0.027768567
id22617,0.022867918,0.02357079,0.95356125
id13064,0.023831813,0.023279747,0.9528884
id14506,0.022787571,0.023282442,0.95392996
id05783,0.024264535,0.023380596,0.95235485
id23139,0.022829024,0.023370396,0.95380056
id04770,0.94946605,0.024983222,0.02555072
id11775,0.9503424,0.024331782,0.025325768
id12936,0.022913182,0.023502411,0.95358443
id20522,0.023520235,0.9515159,0.024963913
id22929,0.95032156,0.024402631,0.025275797
id11357,0.037998125,0.025523197,0.9364787
id10028,0.02420465,0.95000446,0.025790893
id10617,0.024541065,0.02254215,0.95291674
id23988,0.94971883,0.02469873,0.02558249
id20434,0.023982568,0.023633823,0.9523836
id06611,0.023051564,0.023209682,0.95373875
id18405,0.037372556,0.93602264,0.02660483
id27427,0.9495366,0.023840928,0.026622463
id16168,0.023937792,0.9506054,0.025456773
id02139,0.94679755,0.02615965,0.027042814
id18654,0.023949,0.9510505,0.025000488
id24598,0.94945025,0.026335614,0.024214165
id23360,0.024263527,0.9504571,0.025279403
id06220,0.024242802,0.9505732,0.025183924
id26411,0.949604,0.024816625,0.025579398
id27660,0.95114714,0.02406867,0.024784239
id07192,0.023288885,0.023448633,0.9532625
id18074,0.022890804,0.02352536,0.95358384
id11784,0.024694053,0.9504667,0.024839168
id04810,0.024116818,0.022833345,0.95304984
id01716,0.9502556,0.024544334,0.025200106
id27584,0.94237995,0.032309514,0.025310546
id25409,0.022884512,0.022862177,0.9542533
id06430,0.94981486,0.024749521,0.025435602
id11135,0.9508972,0.02420375,0.024899004
id27712,0.9515039,0.02306502,0.025431115
id27233,0.95137167,0.023447875,0.025180476
id13522,0.9503361,0.024189467,0.025474427
id11625,0.023401283,0.023401283,0.9531974
id03246,0.024408627,0.950555,0.025036315
id05341,0.02750253,0.9479645,0.024533026
id22061,0.023102352,0.022922568,0.9539751
id03170,0.9501423,0.024709744,0.025147937
id09768,0.025572695,0.023216087,0.9512112
id20721,0.9495823,0.02488887,0.025528902
id14854,0.94978553,0.024580155,0.025634307
id01123,0.9507023,0.023987036,0.02531063
id00842,0.9501351,0.024445543,0.025419345
id11035,0.94473326,0.025572758,0.029693902
id19301,0.024445543,0.9501351,0.025419345
id06409,0.031320624,0.9425356,0.026143815
id09883,0.9505079,0.024383595,0.025108526
id04218,0.039926432,0.9375673,0.022506325
id25171,0.022919456,0.02323496,0.95384556
id13394,0.022134539,0.022792604,0.9550728
id14322,0.95006216,0.02439597,0.025541801
id17623,0.023099761,0.023032185,0.9538681
id16980,0.95103693,0.024684751,0.02427833
id22634,0.023224993,0.023338674,0.9534364
id03773,0.95008886,0.024468238,0.025442941
id20243,0.026985839,0.037393022,0.93562114
id12135,0.023909777,0.95134914,0.02474113
id11727,0.9501391,0.024565304,0.025295636
id06460,0.023127094,0.95127356,0.025599359
id23515,0.95000196,0.024706095,0.025291983
id16908,0.024404915,0.94578105,0.029814055
id10641,0.026503922,0.9480821,0.025414009
id22637,0.02703601,0.023627328,0.94933665
id19724,0.95027083,0.024306199,0.025422975
id12295,0.024445543,0.9501351,0.025419345
id18977,0.024850087,0.02240638,0.9527435
id27456,0.950776,0.024059277,0.025164708
id02223,0.9502528,0.02444857,0.02529866
id06374,0.02303684,0.022902254,0.9540609
id13746,0.023562307,0.023219673,0.953218
id24107,0.023992512,0.02229806,0.9537094
id09075,0.023103902,0.022857046,0.9540391
id06741,0.024134122,0.023993125,0.95187277
id25474,0.9461221,0.025139542,0.028738307
id02497,0.9499952,0.02448973,0.025515076
id21878,0.9505235,0.024170622,0.025305869
id23199,0.023933096,0.022859432,0.9532075
id12018,0.9513758,0.024050957,0.024573268
id20722,0.022579776,0.02291297,0.9545073
id05372,0.024028035,0.95046914,0.025502887
id07964,0.95014894,0.024231983,0.025619084
id02393,0.023495,0.023221273,0.9532837
id10923,0.02462588,0.023821652,0.95155245
id01260,0.949796,0.02508972,0.025114235
id09037,0.02315419,0.022595746,0.95425004
id01477,0.9452236,0.025811901,0.028964473
id11164,0.95061636,0.024149388,0.025234304
id20313,0.026150715,0.022742333,0.95110697
id20067,0.022805687,0.023437884,0.95375645
id17248,0.95002794,0.024876244,0.025095847
id24557,0.02331748,0.023181254,0.9535013
id26745,0.9504605,0.02435858,0.025180938
id16759,0.023057282,0.022967389,0.9539753
id22382,0.9449045,0.025627397,0.029468162
id18404,0.02345805,0.023827463,0.9527145
id23761,0.022767385,0.023216434,0.9540162
id00511,0.02446641,0.9500179,0.025515687
id15560,0.9490925,0.02556562,0.025341904
id04834,0.9496174,0.024551814,0.025830785
id26796,0.94875014,0.024649458,0.026600413
id14809,0.022997621,0.02363514,0.9533673
id15091,0.9464217,0.025221283,0.028357051
id14861,0.024335383,0.9504831,0.025181536
id21193,0.930366,0.04634282,0.023291258
id20331,0.024375778,0.95020306,0.025421163
id17847,0.02401523,0.95089066,0.025094118
id00795,0.9509455,0.024299713,0.024754796
id22651,0.9515746,0.023798954,0.024626456
id22803,0.9488502,0.025162837,0.025986956
id01714,0.9509158,0.024062816,0.02502137
id05350,0.022682691,0.023130065,0.9541872
id08674,0.9505189,0.024076272,0.02540479
id04427,0.025063999,0.94974935,0.025186682
id17815,0.024101615,0.95059067,0.025307655
id22270,0.95096946,0.024371622,0.024658909
id11183,0.023910211,0.023793748,0.952296
id00326,0.9516473,0.023987442,0.024365189
id00382,0.95071316,0.024246372,0.02504048
id11557,0.023516882,0.023242902,0.9532402
id20271,0.94845146,0.024956526,0.026592039
id05133,0.95226043,0.023287136,0.02445242
id14597,0.026061885,0.9478762,0.026061885
id21411,0.024189467,0.9503361,0.025474427
id15375,0.022782888,0.023483152,0.953734
id10172,0.022861157,0.022928229,0.95421064
id13524,0.9502783,0.02452096,0.025200706
id26331,0.9513466,0.023839766,0.024813654
id20167,0.023811806,0.023169521,0.9530187
id03249,0.023965368,0.9507716,0.025263084
id15839,0.9501351,0.024445543,0.025419345
id27200,0.024172412,0.9505939,0.025233706
id15847,0.022770476,0.023083927,0.9541456
id07249,0.024906622,0.9502596,0.02483376
id19494,0.95021325,0.02480831,0.02497848
id01388,0.024079252,0.95063657,0.025284175
id22045,0.022662587,0.023064476,0.954273
id09111,0.9518045,0.023921221,0.024274206
id04011,0.023268864,0.9441085,0.03262265
id26410,0.024150576,0.95066315,0.025186306
id19614,0.94533855,0.024656948,0.030004513
id10183,0.02391838,0.95169145,0.024390126
id20388,0.023151629,0.022703838,0.95414454
id16498,0.94987196,0.024391087,0.025736978
id18488,0.022406489,0.022982687,0.9546108
id11018,0.02440022,0.95022756,0.02537221
id16185,0.9508534,0.023757704,0.025388923
id23501,0.9494424,0.025575045,0.0249826
id02837,0.024044544,0.02390407,0.9520514
id05544,0.901226,0.045177177,0.053596858
id22784,0.024188016,0.02274474,0.95306724
id15404,0.023362529,0.023158094,0.9534794
id13010,0.9499467,0.024464576,0.02558863
id22169,0.024623938,0.9496208,0.02575531
id16438,0.022876278,0.023213847,0.9539099
id20464,0.02484989,0.02334431,0.95180583
id26306,0.9502163,0.02416281,0.025620898
id15995,0.023679186,0.023040483,0.95328027
id26068,0.9458491,0.02603156,0.028119354
id19348,0.02424815,0.95078284,0.024969054
id04196,0.024658468,0.9500243,0.025317289
id13002,0.023306549,0.9493387,0.027354762
id25650,0.95069367,0.024917997,0.024388362
id17598,0.022241263,0.9531399,0.024618834
id10079,0.030537233,0.94259256,0.026870174
id10094,0.025645021,0.9492551,0.025099931
id05918,0.9500611,0.024372134,0.02556673
id18747,0.9487586,0.02533299,0.025908431
id15571,0.024753813,0.94997954,0.0252667
id16113,0.024009857,0.023453668,0.9525365
id02316,0.9521756,0.023421898,0.024402535
id09545,0.94988555,0.024751365,0.02536308
id13878,0.13942266,0.024775056,0.83580226
id07476,0.94864,0.02540414,0.025955837
id20103,0.024893638,0.022555511,0.9525509
id27367,0.023139697,0.023207588,0.95365274
id25668,0.02246176,0.022439836,0.9550984
id09680,0.949956,0.0247532,0.025290761
id00500,0.024698319,0.02930135,0.94600034
id06110,0.951006,0.023994697,0.024999319
id15804,0.02456348,0.9500686,0.025367968
id03223,0.02440022,0.95022756,0.02537221
id02039,0.02433598,0.95050645,0.025157573
id09795,0.023431057,0.02309033,0.95347863
id10808,0.023666259,0.023573993,0.9527598
id10134,0.024105772,0.95075464,0.025139581
id14361,0.9483073,0.026048288,0.025644448
id15881,0.024153048,0.02322776,0.9526192
id27120,0.023560705,0.023286212,0.9531531
id09860,0.95054877,0.023519285,0.025931982
id11959,0.024517938,0.95016116,0.025320936
id25770,0.02401169,0.95075047,0.025237864
id24364,0.025458962,0.94883215,0.025708804
id22944,0.9504619,0.024406238,0.025131842
id04345,0.95123637,0.023977084,0.024786562
id05127,0.023658028,0.023913536,0.95242846
id01779,0.023882156,0.023079664,0.9530382
id05559,0.94985586,0.02455798,0.025586184
id14474,0.950623,0.024338964,0.025038105
id13283,0.9509233,0.024346653,0.024730055
id03301,0.9472281,0.025690416,0.027081544
id16939,0.023798306,0.95061994,0.02558177
id01166,0.02430257,0.9501289,0.025568556
id16766,0.9503238,0.024474287,0.025201915
id04338,0.9500642,0.024443718,0.02549202
id12731,0.95017844,0.024351351,0.025470203
id08988,0.024246966,0.9507364,0.025016649
id08236,0.024128165,0.9507089,0.025162933
id03309,0.041254368,0.026197273,0.93254834
id16458,0.9503285,0.024738736,0.024932763
id02442,0.94828117,0.025543766,0.026175067
id25767,0.023062943,0.022727566,0.9542095
id17357,0.026224522,0.9472935,0.026481876
id08627,0.022659002,0.023219008,0.954122
id19488,0.06662379,0.018142924,0.91523325
id18345,0.94969153,0.024196677,0.026111796
id10661,0.9470964,0.0232515,0.029652124
id01713,0.024586886,0.9500457,0.025367355
id26237,0.025632331,0.94878536,0.025582317
id08062,0.025843006,0.94821286,0.025944151
id01497,0.0246474,0.9495979,0.02575469
id07590,0.94947934,0.024668403,0.025852263
id06299,0.023299977,0.02298359,0.95371646
id02770,0.022933323,0.022644019,0.95442265
id19197,0.022755887,0.022778122,0.954466
id16572,0.9511494,0.02416293,0.024687672
id04518,0.024058685,0.9507526,0.025188677
id09316,0.024038715,0.9508916,0.025069648
id17533,0.0222805,0.022898136,0.95482135
id13494,0.9459787,0.024055054,0.029966246
id10024,0.95079726,0.024012871,0.02518986
id19896,0.94823694,0.025894187,0.025868913
id10956,0.95073026,0.024081625,0.025188085
id08458,0.024473686,0.95030046,0.025225917
id09066,0.025168495,0.02298341,0.95184815
id26608,0.9497494,0.025162099,0.025088489
id20977,0.02390762,0.02296929,0.9531231
id21587,0.025608746,0.030174477,0.9442168
id19928,0.022924632,0.023014357,0.954061
id19077,0.024848288,0.94988745,0.02526425
id06865,0.022769962,0.02310596,0.95412403
id15224,0.023014871,0.02290277,0.95408237
id09036,0.025254369,0.94951594,0.02522972
id04885,0.9506553,0.02398585,0.025358858
id06619,0.024147002,0.9505225,0.025330566
id20211,0.024217926,0.9505255,0.025256546
id23985,0.93900126,0.021030813,0.039967973
id17048,0.950742,0.02458089,0.024677096
id11272,0.026504807,0.023527866,0.9499674
id16998,0.023128575,0.023677053,0.9531944
id16506,0.022891853,0.023480533,0.9536276
id11558,0.02328503,0.022679094,0.9540359
id04913,0.023250854,0.023182835,0.9535664
id10308,0.023175951,0.02354092,0.9532832
id15956,0.023982016,0.023656368,0.95236164
id21350,0.024424082,0.95022845,0.025347471
id09246,0.94953924,0.02518111,0.025279664
id00753,0.95014673,0.023856249,0.025997065
id08101,0.030325778,0.9369802,0.03269406
id26853,0.024314594,0.950599,0.025086423
id22044,0.024523372,0.95037174,0.025104927
id27234,0.9498348,0.024629489,0.025535692
id18357,0.93792135,0.03596102,0.026117653
id24187,0.95146495,0.023959436,0.02457557
id23934,0.02387164,0.022579152,0.9535492
id21378,0.024284856,0.95036405,0.02535109
id12777,0.031035317,0.024005668,0.944959
id11493,0.022479445,0.02353526,0.9539853
id12824,0.02488603,0.027492575,0.9476214
id22565,0.02435798,0.9504371,0.025204921
id02996,0.023502411,0.022913182,0.95358443
id26154,0.94758445,0.026003025,0.026412517
id22710,0.94316846,0.033789273,0.02304228
id19389,0.027367394,0.94699854,0.025634076
id19539,0.023291545,0.023337083,0.9533714
id17345,0.027078543,0.9480485,0.024872944
id16938,0.9504046,0.024144007,0.025451396
id05670,0.949883,0.024177935,0.025939137
id12991,0.9399935,0.021977376,0.038029168
id26819,0.02417062,0.95052344,0.025305865
id02679,0.023340259,0.023158621,0.9535011
id11334,0.9508789,0.024488583,0.024632493
id18553,0.9505575,0.024528166,0.024914429
id27899,0.949927,0.024559818,0.025513243
id20569,0.024422264,0.9501577,0.025419949
id00759,0.024028633,0.95049274,0.025478628
id13013,0.9509329,0.02355178,0.025515331
id06798,0.94998986,0.024370307,0.02563982
id04524,0.024378192,0.95029724,0.025324563
id19026,0.023496596,0.023154914,0.9533485
id17376,0.023105448,0.022791702,0.9541029
id21794,0.022563886,0.02360061,0.95383555
id22720,0.022160104,0.022597173,0.9552427
id26054,0.023538783,0.023264546,0.95319664
id01050,0.024004549,0.9504677,0.025527766
id11917,0.9505907,0.024101617,0.025307657
id12706,0.04611121,0.024549343,0.92933947
id18796,0.02284848,0.022538222,0.9546133
id10096,0.02296842,0.023013325,0.95401824
id27514,0.06395104,0.4725378,0.4635112
id22130,0.9501096,0.02439719,0.02549324
id23378,0.9503055,0.024762306,0.024932157
id27306,0.9498371,0.024701808,0.025461053
id25914,0.022669181,0.02278014,0.9545506
id05461,0.9510301,0.024018751,0.02495117
id24782,0.9508094,0.024415161,0.024775438
id11890,0.024308005,0.95034146,0.025350487
id23405,0.023660785,0.02379983,0.95253944
id15919,0.023836669,0.02308074,0.9530826
id08430,0.023558557,0.023375222,0.95306623
id16328,0.023064604,0.023588518,0.9533469
id16599,0.9502755,0.024425292,0.025299266
id25407,0.026288396,0.82502747,0.14868414
id10786,0.950211,0.024639241,0.025149753
id08935,0.94986004,0.024678294,0.025461666
id24742,0.9503198,0.024354974,0.025325164
id15921,0.94915044,0.02482901,0.026020579
id21816,0.023191195,0.022898637,0.9539102
id06235,0.024038127,0.9508683,0.02509353
id00527,0.94823647,0.025768047,0.02599552
id17349,0.023214364,0.022854459,0.95393115
id05356,0.9496507,0.024793623,0.025555687
id13287,0.024053339,0.95054126,0.025405388
id09044,0.9494215,0.025153412,0.025425069
id09374,0.025840843,0.94535977,0.028799403
id25625,0.9497196,0.025557542,0.024722885
id03201,0.024309808,0.950412,0.025278201
id02709,0.9498454,0.024342814,0.025811769
id08914,0.02386854,0.023636585,0.95249486
id15753,0.9473627,0.024637457,0.027999807
id20125,0.024445543,0.9501351,0.025419345
id20784,0.9499467,0.024464576,0.02558863
id26248,0.022681667,0.02317424,0.9541441
id10016,0.91639966,0.023948874,0.05965148
id18793,0.9508487,0.024131712,0.025019603
id04562,0.023645887,0.9510105,0.02534357
id25106,0.022994978,0.022816028,0.954189
id00536,0.95013684,0.024493381,0.02536979
id01946,0.027478063,0.023549182,0.94897276
id18369,0.024379998,0.9503677,0.025252353
id07345,0.026181566,0.9485166,0.025301808
id27752,0.02359866,0.023575623,0.9528257
id21463,0.02410221,0.95061415,0.025283579
id18922,0.023198068,0.023540385,0.95326155
id17166,0.025125824,0.95023435,0.024639849
id07458,0.02418246,0.950989,0.024828564
id01801,0.023309825,0.022570604,0.95411956
id10529,0.9501988,0.024280634,0.025520544
id08774,0.02391794,0.023478242,0.9526038
id22292,0.022924632,0.023014357,0.954061
id14044,0.9506953,0.024820894,0.024483854
id20234,0.025298743,0.9493283,0.025372969
id26960,0.95123476,0.023930259,0.02483498
id20809,0.025769956,0.94738114,0.026848901
id20365,0.95050395,0.024264725,0.02523132
id09182,0.9473043,0.026978131,0.025717588
id27671,0.9514455,0.024146859,0.02440765
id26438,0.95082915,0.02492155,0.024249332
id22712,0.9292457,0.046039067,0.024715241
id13988,0.023700174,0.023105985,0.95319384
id01727,0.9500034,0.024778621,0.025218032
id27147,0.9510505,0.025000488,0.023949
id23213,0.024504213,0.95055705,0.024938758
id21969,0.033823907,0.03304037,0.9331357
id12062,0.95009345,0.024612145,0.025294418
id26579,0.025233444,0.949656,0.025110533
id20568,0.94068307,0.025813641,0.033503346
id04399,0.95022863,0.023695765,0.026075587
id26756,0.024428902,0.95041597,0.02515518
id04580,0.023304144,0.022808809,0.95388705
id16349,0.02432147,0.9499397,0.025738815
id23583,0.024241611,0.9505265,0.025231916
id14643,0.94999784,0.02456165,0.025440503
id22604,0.023941759,0.024366334,0.9516919
id25973,0.024121609,0.95045066,0.025427787
id07553,0.022827687,0.022495735,0.95467657
id05614,0.026543738,0.9476537,0.025802556
id15320,0.9421421,0.024121828,0.033736028
id01016,0.02321798,0.022702297,0.95407975
id11463,0.024260527,0.9503395,0.025399996
id18655,0.93324447,0.04207889,0.024676582
id22527,0.023223931,0.023383232,0.95339286
id05458,0.024238018,0.9503856,0.02537643
id08802,0.023057798,0.022945486,0.95399666
id11573,0.023934165,0.022815846,0.95325
id16935,0.022147736,0.023142727,0.95470953
id27417,0.022722423,0.023283996,0.95399356
id27781,0.9496562,0.025159629,0.02518421
id21873,0.9510764,0.024019921,0.024903698
id20624,0.02297939,0.023478428,0.9535422
id19660,0.024633164,0.94997656,0.025390295
id03783,0.95028216,0.024737528,0.02498029
id22172,0.02507647,0.92278713,0.052136403
id20709,0.950487,0.025034525,0.024478491
id12524,0.9504588,0.024311006,0.02523012
id27650,0.024148196,0.95056945,0.02528239
id09501,0.023925599,0.95104957,0.025024889
id20840,0.024313401,0.9505524,0.025134236
id09960,0.022908403,0.022774566,0.95431703
id13916,0.022820111,0.022820111,0.95435977
id00249,0.023761041,0.023392662,0.9528463
id02540,0.95124006,0.02411808,0.02464185
id23326,0.023573445,0.023688832,0.95273775
id14632,0.95109874,0.023997039,0.024904283
id25512,0.025712145,0.027183974,0.94710386
id10628,0.9512371,0.02400053,0.024762386
id08490,0.025064616,0.9497727,0.025162715
id09084,0.950722,0.023917358,0.025360636
id27553,0.024237417,0.950362,0.025400598
id20930,0.024501821,0.95046425,0.025033925
id21337,0.03186208,0.023712596,0.94442534
id25537,0.022451825,0.022872303,0.95467585
id27349,0.95114887,0.02413933,0.024711778
id25655,0.024097435,0.95042574,0.025476832
id26464,0.94873565,0.024793932,0.026470441
id00599,0.94969136,0.02460173,0.025706967
id06964,0.023823937,0.9516438,0.024532229
id21875,0.023262832,0.02267961,0.9540576
id27488,0.94955856,0.024888247,0.025553206
id07980,0.023267746,0.023404483,0.9533278
id12995,0.024953192,0.02301042,0.95203644
id08094,0.023173211,0.022725001,0.9541018
id02134,0.95051277,0.024695251,0.024791906
id14311,0.02682811,0.94757235,0.025599562
id06514,0.9505305,0.024360374,0.025109122
id19775,0.023407664,0.023134956,0.9534574
id18618,0.0244307,0.9504859,0.025083436
id26593,0.9506152,0.024125786,0.02525893
id11975,0.024540093,0.95009136,0.025368575
id07853,0.023239622,0.022723457,0.95403695
id16848,0.94975615,0.024459668,0.02578415
id11595,0.024213733,0.9503609,0.025425386
id24777,0.94869256,0.02488984,0.02641759
id07824,0.9505072,0.024359778,0.025133042
id23007,0.022978142,0.022599818,0.95442206
id04805,0.0224324,0.02278566,0.95478195
id00504,0.67103,0.28839508,0.0405749
id24331,0.024328163,0.95020103,0.025470808
id03914,0.022294248,0.023227675,0.9544781
id16299,0.9491525,0.024877604,0.025969861
id05565,0.9480162,0.026347248,0.025636578
id27934,0.024305595,0.9502473,0.025447182
id17027,0.9501351,0.024445543,0.025419345
id02785,0.9454296,0.02769816,0.026872206
id16094,0.9438515,0.03198296,0.024165593
id22435,0.023123885,0.022943934,0.9539322
id10586,0.022463728,0.022354309,0.955182
id06467,0.024400821,0.95025104,0.025348073
id18227,0.94948864,0.024935069,0.025576292
id02286,0.024097435,0.95042574,0.025476832
id07393,0.019558843,0.9451628,0.035278413
id11640,0.94760203,0.025252739,0.0271452
id15718,0.9462523,0.025588877,0.028158823
id23756,0.024147002,0.9505225,0.025330566
id14564,0.022856012,0.023148024,0.95399594
id24963,0.9498614,0.024726575,0.025412021
id03069,0.94990325,0.024559205,0.02553753
id24648,0.9518933,0.023830185,0.02427647
id15920,0.9400683,0.03400871,0.025923042
id11255,0.94895273,0.023942893,0.02710437
id00544,0.8974961,0.07842234,0.024081519
id13211,0.9509984,0.02383104,0.025170594
id26285,0.9502309,0.023718974,0.026050197
id19879,0.07137215,0.024058912,0.904569
id21440,0.9506095,0.024008129,0.02538241
id09539,0.023170117,0.022855496,0.9539744
id10781,0.024147002,0.9505225,0.025330566
id06557,0.022977807,0.023545694,0.9534765
id16747,0.022835242,0.023104418,0.9540603
id14358,0.024333585,0.95041287,0.025253553
id05250,0.95041287,0.024333585,0.025253553
id02390,0.02331748,0.023181254,0.9535013
id14790,0.9509399,0.024086935,0.02497318
id14355,0.9495597,0.02605723,0.02438307
id23157,0.9505225,0.024147004,0.025330566
id20324,0.023792336,0.023037814,0.9531699
id01870,0.024290245,0.95057493,0.02513483
id01079,0.024035769,0.950775,0.02518927
id03392,0.9505305,0.024360374,0.025109122
id22758,0.94541353,0.025616176,0.02897029
id05599,0.030940223,0.022847332,0.9462125
id07189,0.023007618,0.023210727,0.95378166
id13364,0.9504852,0.024406835,0.025107926
id00902,0.031968985,0.9425182,0.0255128
id07164,0.94728047,0.025742067,0.026977453
id27290,0.022952162,0.022773545,0.95427424
id18931,0.95065403,0.023962406,0.025383597
id22165,0.04421137,0.9028745,0.052914083
id14677,0.024923053,0.94995844,0.02511853
id18987,0.024961041,0.02363264,0.95140636
id13143,0.024125785,0.9506152,0.025258929
id18589,0.029878417,0.02322393,0.9468977
id01635,0.024354974,0.9503198,0.025325164
id02661,0.026661448,0.9481453,0.0251933
id12463,0.02435377,0.95027286,0.025373422
id18461,0.9498517,0.02446213,0.025686214
id12709,0.9492343,0.025395244,0.025370456
id11957,0.024729636,0.949979,0.025291372
id13040,0.076150075,0.02161589,0.9022341
id03953,0.938218,0.02754062,0.0342414
id02623,0.027607506,0.9460235,0.026369007
id21479,0.022923602,0.023058316,0.9540181
id06976,0.024220312,0.95061916,0.025160557
id18721,0.9490767,0.024802843,0.026120389
id12043,0.023013325,0.02296842,0.95401824
id16526,0.024260527,0.9503395,0.025399996
id03184,0.025740668,0.023322985,0.9509364
id23194,0.9526483,0.023479339,0.023872385
id17544,0.029741913,0.9471853,0.02307272
id17314,0.022798853,0.022798853,0.95440227
id17306,0.9504188,0.025032725,0.02454855
id11044,0.95053345,0.024986897,0.024479687
id22762,0.9461364,0.026866049,0.02699755
id02797,0.02335722,0.023380041,0.95326275
id13340,0.022537215,0.022892125,0.9545707
id08131,0.94992507,0.024511848,0.02556307
id24181,0.024170026,0.9505,0.025329968
id20359,0.9099347,0.035178784,0.0548865
id14736,0.02453521,0.94990236,0.02556246
id09362,0.9499308,0.024680132,0.025389072
id07987,0.023897886,0.0233671,0.952735
id01664,0.024354974,0.9503198,0.025325164
id00096,0.9507407,0.024437249,0.02482208
id01475,0.022621907,0.022955725,0.95442235
id04020,0.02288808,0.022709966,0.95440197
id09617,0.022973677,0.021857506,0.95516884
id13098,0.9516217,0.02384666,0.024531659
id19010,0.024352562,0.9502257,0.025421768
id12754,0.95069367,0.024388362,0.024917997
id25238,0.95079935,0.02405987,0.025140764
id14896,0.0240344,0.023386113,0.9525795
id16827,0.023507735,0.0236228,0.9528695
id11685,0.022831187,0.022345904,0.9548229
id10496,0.023869,0.022687165,0.9534438
id08073,0.950318,0.024307406,0.025374627
id08504,0.023155723,0.022531135,0.95431316
id25872,0.023505032,0.022804115,0.9536908
id09498,0.949562,0.025083538,0.025354441
id23890,0.024022834,0.9511918,0.024785401
id15065,0.023281407,0.022831105,0.9538875
id11197,0.02242486,0.02311412,0.95446104
id02832,0.035186768,0.0617547,0.9030585
id26969,0.9491785,0.024926923,0.0258946
id25442,0.025102304,0.023696858,0.95120084
id09727,0.02153834,0.02241821,0.9560434
id18592,0.023501357,0.022956949,0.9535417
id11442,0.95061195,0.024055127,0.02533295
id22071,0.9520693,0.023626024,0.024304684
id09700,0.023060892,0.02281449,0.9541246
id20265,0.94986075,0.024702422,0.025436834
id23687,0.9506387,0.024126383,0.025234897
id01055,0.024267703,0.9506207,0.025111504
id08519,0.9518651,0.023620956,0.024513982
id05922,0.95044935,0.024098033,0.025452595
id02918,0.024699964,0.9497662,0.025533848
id14502,0.9512117,0.023929678,0.02485864
id01642,0.024409195,0.023155343,0.9524355
id21251,0.95027894,0.024544938,0.025176127
id09673,0.022791702,0.023105448,0.9541029
id17837,0.023239154,0.023674373,0.9530865
id24245,0.950245,0.024258114,0.025496872
id15837,0.024609264,0.02355122,0.9518395
id13077,0.02281654,0.022973048,0.9542104
id23079,0.9409625,0.03213514,0.02690241
id12938,0.02337196,0.02276376,0.95386434
id12144,0.022581289,0.02284747,0.95457125
id06882,0.9506942,0.023846695,0.025459152
id06354,0.022779131,0.022712495,0.95450836
id23573,0.023622256,0.023530163,0.9528476
id13800,0.023092967,0.023319587,0.9535875
id26115,0.022792215,0.023083413,0.9541244
id21179,0.023417693,0.023647502,0.9529348
id00125,0.95022845,0.024424082,0.025347471
id22600,0.022821637,0.022754874,0.9544235
id15726,0.023227632,0.023227632,0.9535448
id08078,0.95094144,0.023667268,0.025391273
id20091,0.023746146,0.95131946,0.024934402
id00026,0.9492343,0.025370456,0.025395244
id03698,0.94981873,0.024968108,0.02521313
id09198,0.9511294,0.024423376,0.02444724
id12520,0.02620624,0.9447861,0.029007664
id16277,0.022894474,0.023368834,0.9537367
id17964,0.023028534,0.023254525,0.95371693
id24040,0.024028633,0.95049274,0.025478628
id17613,0.95197546,0.023531593,0.024492893
id00157,0.94757,0.025549546,0.026880493
id10012,0.022877315,0.0231696,0.95395315
id02419,0.022770476,0.023083927,0.9541456
id05562,0.043855242,0.02486625,0.9312785
id09049,0.023971254,0.95100504,0.025023717
id24915,0.026353812,0.94825244,0.025393762
id02808,0.024303228,0.024613732,0.95108306
id00167,0.9501853,0.02454252,0.025272174
id13451,0.94927347,0.024905082,0.02582143
id24775,0.95036507,0.024308609,0.02532637
id10240,0.024195459,0.9505715,0.025233114
id24597,0.9489406,0.024993792,0.026065683
id15364,0.024259925,0.95031595,0.025424182
id13191,0.024130533,0.9508022,0.025067292
id09592,0.023024336,0.023432638,0.95354307
id12083,0.039274886,0.07551973,0.8852054
id23492,0.9453302,0.027695248,0.026974546
id06816,0.02285082,0.023369877,0.9537793
id16971,0.033879444,0.024581833,0.9415387
id05675,0.9497959,0.02516333,0.02504076
id23037,0.023038883,0.023747012,0.9532141
id00399,0.94140494,0.024819538,0.03377553
id05925,0.022904573,0.022005612,0.9550898
id01834,0.9504667,0.024694053,0.024839168
id20350,0.02308662,0.023587987,0.95332545
id18961,0.94313526,0.03163266,0.025232075
id02132,0.024241012,0.950503,0.025255946
id26609,0.022331258,0.9541971,0.023471624
id16532,0.024325129,0.9500826,0.02559229
id23289,0.94847095,0.027923273,0.023605783
id26621,0.950549,0.024218526,0.025232516
id03254,0.024403235,0.95034504,0.02525175
id04701,0.024112498,0.023008306,0.9528792
id26600,0.024480881,0.95057976,0.024939355
id16006,0.024749521,0.94981486,0.025435602
id25724,0.023124918,0.02290019,0.9539749
id27223,0.95227474,0.023128835,0.024596486
id14345,0.95163393,0.023569144,0.024796922
id27374,0.026725322,0.030254198,0.9430205
id21131,0.022481736,0.0225037,0.9550146
id12410,0.9500259,0.024730857,0.025243271
id15483,0.022888696,0.023615262,0.95349604
id15429,0.033249795,0.93905026,0.027699973
id25480,0.9513767,0.024098,0.024525343
id11453,0.023349946,0.95203567,0.024614336
id20437,0.0255189,0.9492102,0.025270905
id08468,0.02706543,0.036384962,0.93654966
id22181,0.9498182,0.024919372,0.025262408
id18810,0.94950724,0.02476568,0.025727097
id17482,0.94939077,0.023860559,0.026748665
id22746,0.9498538,0.024510007,0.025636148
id03107,0.951466,0.024006305,0.024527647
id02184,0.9507417,0.024725331,0.024532918
id25068,0.94993544,0.024971176,0.025093403
id19154,0.028370881,0.023820788,0.9478083
id10358,0.041571014,0.930574,0.027855003
id09126,0.023616318,0.022845056,0.95353866
id05936,0.95060295,0.024481477,0.02491562
id00020,0.02421912,0.9505724,0.025208507
id20771,0.036352787,0.024263522,0.9393837
id00116,0.026320498,0.94890535,0.024774162
id12424,0.9497072,0.023613483,0.026679303
id05755,0.023166485,0.023008661,0.9538248
id27476,0.02404129,0.9500652,0.025893489
id02686,0.9500259,0.024730857,0.025243271
id10234,0.94974464,0.02477187,0.025483446
id05969,0.95034987,0.024594758,0.025055366
id14440,0.024289647,0.95055157,0.025158769
id09937,0.048766706,0.91836476,0.032868557
id08238,0.023066195,0.023521135,0.95341265
id11090,0.946936,0.028317101,0.0247469
id13183,0.022722939,0.0232618,0.95401525
id25712,0.024111954,0.9500702,0.025817879
id22510,0.02315915,0.023318008,0.95352286
id19204,0.9503256,0.024546143,0.025128238
id05758,0.022944452,0.023101835,0.9539537
id27063,0.949958,0.024227114,0.02581483
id11773,0.023245033,0.023427345,0.9533276
id11562,0.9501805,0.02439901,0.025420558
id16208,0.023707084,0.022821154,0.9534718
id04036,0.049161542,0.037163477,0.91367495
id26159,0.95089346,0.024085758,0.02502078
id26777,0.031653065,0.9432829,0.025064101
id08501,0.9515296,0.02382108,0.02464935
id11216,0.024276383,0.95003253,0.025691103
id03410,0.9494456,0.02530187,0.0252525
id04537,0.023101693,0.023881618,0.9530167
id26628,0.95170933,0.023732688,0.024557889
id01586,0.024470057,0.95015955,0.025370395
id13421,0.95177084,0.022339832,0.025889363
id26084,0.023917358,0.950722,0.025360636
id05375,0.022758542,0.023595909,0.9536456
id23212,0.9485342,0.025129903,0.026335914
id15980,0.9503967,0.024620002,0.024983302
id11719,0.024148792,0.95059294,0.025258338
id13109,0.95106465,0.02376298,0.025172347
id07156,0.9504101,0.02426233,0.02532757
id04893,0.9116273,0.06507776,0.023295008
id11749,0.024063328,0.023141475,0.9527952
id10526,0.023347601,0.022851344,0.9538011
id13477,0.9498111,0.024628872,0.025560003
id13761,0.028457701,0.022688458,0.94885385
id04282,0.024400821,0.95025104,0.025348073
