id,EAP,HPL,MWS
id02310,0.15810025,0.07464481,0.76725495
id24541,0.7472447,0.0752258,0.17752951
id00134,0.081756204,0.91152465,0.006719155
id27757,0.7672235,0.09366745,0.1391091
id04081,0.4360965,0.025396254,0.5385072
id27337,0.7868944,0.005817482,0.20728812
id24265,0.6314497,0.11657854,0.2519718
id25917,0.04171499,0.16112474,0.7971603
id04951,0.7695213,0.004447972,0.22603072
id14549,0.77546906,0.027754279,0.19677661
id22505,0.07464857,0.016611673,0.9087398
id24002,0.06959,0.92860675,0.0018031672
id18982,0.3072153,0.4245199,0.2682648
id15181,0.21007754,0.77767956,0.012242914
id21888,0.5725532,0.29602316,0.13142364
id12035,0.14037603,0.057906333,0.80171764
id17991,0.35458666,0.30609757,0.33931577
id10707,0.8514227,0.044121526,0.104455814
id07101,0.13302243,0.095859244,0.77111834
id00345,0.3687687,0.56052333,0.07070798
id05912,0.5245414,0.022833914,0.45262474
id13443,0.66829294,0.018178407,0.31352863
id09248,0.59753215,0.05799104,0.34447685
id17542,0.1886369,0.77902013,0.032342955
id06995,0.1478932,0.010904,0.8412028
id25159,0.70770985,0.25760156,0.034688532
id25729,0.10655706,0.8636865,0.029756447
id26949,0.64225733,0.20719108,0.15055154
id27191,0.15857358,0.044727735,0.7966987
id07668,0.17757748,0.002514522,0.819908
id02230,0.17744368,0.08922428,0.73333204
id15553,0.72371936,0.0015877745,0.2746929
id25688,0.24398959,0.7530101,0.003000227
id17545,0.5552778,0.43308473,0.011637518
id13929,0.30228674,0.08213773,0.61557555
id12880,0.2130034,0.7829477,0.004048788
id19282,0.53272665,0.32394442,0.14332893
id14690,0.22582401,0.081131734,0.69304425
id17975,0.40131983,0.5805055,0.01817473
id08037,0.8173286,0.027668623,0.15500286
id15412,0.4629878,0.009295195,0.527717
id25032,0.5761381,0.07575761,0.34810433
id27165,0.8970965,0.03820298,0.06470051
id03327,0.82971567,0.004735406,0.1655489
id18515,0.70463616,0.066964716,0.22839913
id21003,0.112630025,0.006480662,0.88088936
id23855,0.19213818,0.78642815,0.021433653
id20724,0.6286828,0.13281262,0.23850459
id13303,0.4797668,0.10320105,0.4170322
id16521,0.09041999,0.9069052,0.002674777
id20775,0.92264795,0.013420441,0.06393163
id13029,0.7067344,0.11730255,0.17596306
id14660,0.18164976,0.7031682,0.115182064
id11028,0.16477527,0.0055468213,0.82967794
id14180,0.6143902,0.15383254,0.23177724
id25860,0.7373602,0.014264357,0.24837552
id11910,0.14332238,0.047866542,0.808811
id08065,0.51495034,0.06945315,0.41559654
id22674,0.049254995,0.010186701,0.9405583
id25018,0.52765167,0.0953447,0.37700358
id10892,0.07994543,0.9080287,0.012025835
id10217,0.18258162,0.75641036,0.061008055
id12996,0.60450023,0.10053006,0.29496974
id18262,0.9231586,0.074666426,0.0021749807
id08606,0.07537355,0.9184621,0.0061644223
id17233,0.41406885,0.06809178,0.5178394
id00101,0.35435614,0.6057306,0.039913267
id12225,0.66670686,0.08048676,0.2528064
id01364,0.02439611,0.965029,0.010574932
id24973,0.60188633,0.08098058,0.3171331
id25363,0.6017524,0.0012896077,0.396958
id10061,0.17495656,0.01605252,0.8089909
id17673,0.26105633,0.45900786,0.27993587
id13249,0.5674058,0.01278287,0.41981128
id10107,0.19598514,0.0071965046,0.7968184
id04403,0.60627204,0.027617833,0.36611018
id25728,0.7034019,0.24277967,0.053818427
id16184,0.5671524,0.37780496,0.055042658
id03438,0.4606123,0.0014029981,0.5379847
id22923,0.08622759,0.91288453,0.00088786334
id08610,0.70480937,0.14860424,0.14658639
id25355,0.25244334,0.20299256,0.5445641
id16916,0.6370425,0.11070138,0.25225613
id12793,0.20005052,0.77501243,0.024937076
id11859,0.47179973,0.0054553333,0.52274495
id02434,0.94660515,0.048269883,0.005125008
id27703,0.23112394,0.003986428,0.7648896
id25212,0.037743624,0.91712725,0.045129113
id11308,0.24845748,0.04805996,0.7034826
id26094,0.7446917,0.07533574,0.17997254
id22080,0.4871207,0.47444454,0.038434718
id03545,0.8943631,0.06950678,0.03613014
id23725,0.116663516,0.027071416,0.85626507
id12009,0.6313495,0.2369571,0.13169342
id24241,0.5022754,0.030237716,0.46748686
id03596,0.10805909,0.74424165,0.14769928
id10749,0.14643838,0.8264964,0.027065242
id22794,0.24412891,0.10286718,0.65300393
id15482,0.41910732,0.44244942,0.13844332
id04833,0.6261209,0.03329681,0.3405823
id00397,0.0959052,0.0014730496,0.90262175
id14691,0.08383391,0.0036856537,0.9124805
id05193,0.22124092,0.060913652,0.71784544
id19541,0.89217836,0.058989383,0.04883233
id22166,0.036564864,0.02500823,0.9384269
id20744,0.05621736,0.023990627,0.919792
id10392,0.058197152,0.003694172,0.9381086
id00770,0.92347056,0.027968211,0.048561275
id06018,0.8477305,0.007522913,0.1447466
id15678,0.42109317,0.0044637052,0.5744431
id08305,0.64937204,0.19284649,0.15778145
id08903,0.32551366,0.07174192,0.6027444
id14752,0.21726055,0.5205452,0.26219428
id12468,0.083569646,0.9145028,0.0019275913
id05085,0.229462,0.76684177,0.003696253
id21993,0.3338833,0.05898068,0.607136
id15503,0.6109728,0.3790839,0.009943195
id03021,0.35453498,0.6394771,0.0059879697
id16123,0.5748234,0.4160563,0.00912035
id19383,0.41608003,0.1340302,0.44988978
id04186,0.9033051,0.011663346,0.08503163
id17954,0.084831506,0.00503456,0.91013396
id12030,0.3213864,0.10791408,0.5706995
id13020,0.54444647,0.23019569,0.22535786
id25327,0.097744755,0.8526722,0.04958303
id16344,0.28442508,0.44371036,0.27186453
id12303,0.30490127,0.6434306,0.051668145
id15017,0.96138227,0.032339275,0.0062784436
id22308,0.37557238,0.011231087,0.61319655
id06536,0.12596247,0.010464542,0.863573
id19797,0.374419,0.6179157,0.0076652993
id06332,0.78417104,0.0037908715,0.21203807
id22941,0.17324457,0.18275948,0.643996
id13547,0.23199135,0.04992727,0.71808136
id06928,0.18735068,0.011843175,0.80080616
id12521,0.67459434,0.23433189,0.0910738
id25716,0.49660587,0.0580221,0.44537207
id27116,0.21111253,0.009472448,0.77941495
id19941,0.06822859,0.87363994,0.058131482
id05711,0.0928538,0.004951804,0.9021944
id02097,0.095761806,0.016722359,0.88751584
id03563,0.1353815,0.8596157,0.0050028167
id02295,0.32329726,0.63421315,0.042489633
id08179,0.96045184,0.0030989882,0.0364492
id05332,0.078450404,0.8642661,0.05728355
id15697,0.54522455,0.024308989,0.43046653
id17026,0.28806216,0.044865947,0.6670719
id04243,0.9005903,0.0933416,0.00606813
id13175,0.8440697,0.1533417,0.002588622
id05387,0.49390447,0.118898466,0.3871971
id19989,0.61236453,0.24310648,0.14452899
id25173,0.25599766,0.027615068,0.7163873
id08925,0.06709608,0.92804354,0.0048604235
id03034,0.08619539,0.6786417,0.23516297
id13272,0.010987541,0.98232865,0.0066838325
id07956,0.4236463,0.038718622,0.5376351
id02648,0.45324284,0.03090386,0.51585335
id01778,0.109750174,0.011152991,0.87909687
id12846,0.033231195,0.035547573,0.93122125
id19001,0.71237624,0.014316026,0.27330777
id05763,0.3054854,0.18628412,0.5082305
id15590,0.35385776,0.00788675,0.63825554
id04912,0.7444741,0.070889026,0.18463686
id21201,0.69849455,0.1045341,0.19697134
id13215,0.3377068,0.046816044,0.6154772
id15612,0.3927262,0.59157044,0.015703356
id18501,0.6700406,0.011283641,0.3186758
id07223,0.4562319,0.14178334,0.4019848
id06707,0.1373875,0.1142603,0.74835217
id05238,0.0770477,0.92227787,0.00067445077
id00935,0.08364645,0.08748967,0.82886386
id00110,0.59669834,0.03729841,0.36600327
id17476,0.29401988,0.5691647,0.13681543
id15170,0.81948924,0.10297256,0.07753823
id13397,0.4387702,0.30303812,0.2581917
id24283,0.66574854,0.25213504,0.08211647
id15234,0.7375886,0.20942234,0.05298906
id16884,0.21502542,0.6624867,0.12248789
id07831,0.29728007,0.5869694,0.11575055
id16038,0.62366444,0.12698382,0.24935174
id03629,0.50660866,0.2701439,0.22324747
id21019,0.5321143,0.045507353,0.42237827
id21835,0.32131758,0.35859793,0.32008445
id04480,0.15081973,0.83261067,0.01656967
id20838,0.10700968,0.86735517,0.02563514
id24195,0.48876166,0.04097127,0.4702671
id05448,0.9441134,0.030947043,0.024939608
id15957,0.05980612,0.91474646,0.025447456
id19956,0.18661371,0.0035645328,0.8098217
id15104,0.17895386,0.48207265,0.33897352
id17559,0.8239205,0.14772081,0.028358685
id16839,0.09270489,0.87314093,0.034154214
id14493,0.4380806,0.010292611,0.55162674
id08833,0.2829113,0.013792671,0.70329607
id15723,0.24972849,0.14258659,0.6076849
id02716,0.7491773,0.008193578,0.24262917
id06689,0.052385088,0.917282,0.03033297
id18837,0.18924116,0.010710195,0.80004865
id04466,0.69496536,0.0042304127,0.30080426
id00686,0.71514094,0.005761458,0.27909762
id09010,0.16951293,0.8038782,0.02660887
id23353,0.68087184,0.059639346,0.2594888
id00066,0.41888347,0.52080005,0.06031643
id15724,0.12291055,0.81013346,0.066955954
id23486,0.41899526,0.03479864,0.5462061
id22258,0.1257795,0.049618043,0.8246024
id02292,0.64844567,0.16015477,0.1913996
id16356,0.11637017,0.019449783,0.8641801
id00235,0.9117279,0.050787296,0.037484795
id25522,0.30729014,0.07799919,0.6147107
id04204,0.12927526,0.8327529,0.0379719
id22016,0.59580964,0.026025109,0.3781653
id06480,0.12179815,0.8405074,0.03769448
id08718,0.25589818,0.08043351,0.6636683
id05251,0.0626542,0.80069673,0.13664904
id03359,0.6708748,0.13178095,0.19734427
id16117,0.2295404,0.044623546,0.7258361
id17000,0.033450156,0.91832966,0.048220254
id01730,0.33695814,0.5905864,0.07245541
id00630,0.67632145,0.26832515,0.055353437
id18175,0.4521625,0.014799717,0.53303784
id00907,0.61835283,0.14389034,0.23775688
id18251,0.038934723,0.9572215,0.0038437815
id25861,0.6116963,0.100590736,0.287713
id00398,0.59220296,0.1888179,0.2189791
id27573,0.86990964,0.011177437,0.11891292
id10022,0.44120002,0.5109271,0.04787297
id15901,0.15047555,0.0011749921,0.8483495
id00451,0.35965326,0.059273478,0.5810732
id23129,0.13396344,0.81205565,0.05398096
id26498,0.03450914,0.9409484,0.024542443
id14741,0.08005514,0.91931945,0.000625418
id18453,0.4421852,0.053069986,0.5047448
id08309,0.30551198,0.5573115,0.13717656
id00320,0.892292,0.024224104,0.083483815
id07688,0.3509316,0.024990646,0.62407774
id01556,0.26674542,0.0074569485,0.72579765
id00178,0.23406453,0.027508186,0.7384273
id18902,0.0785908,0.016257772,0.9051515
id27002,0.6894274,0.20304939,0.10752324
id21418,0.85870284,0.019804154,0.12149299
id23018,0.36979127,0.038128655,0.59208006
id07032,0.5040089,0.094515674,0.40147546
id16195,0.6837456,0.033513922,0.28274047
id11202,0.21965955,0.7780006,0.0023398497
id09578,0.74053067,0.05327841,0.20619094
id26984,0.57009757,0.035392877,0.39450955
id19856,0.07484661,0.89026135,0.034891993
id12086,0.320211,0.018574916,0.6612141
id12052,0.07619003,0.38661802,0.537192
id17728,0.14358042,0.020737816,0.8356818
id24608,0.6441721,0.095654175,0.26017374
id21097,0.26877752,0.10014406,0.6310784
id20179,0.08866962,0.003249564,0.9080808
id15144,0.2666858,0.65740013,0.07591403
id00206,0.7750227,0.0061052092,0.21887219
id22285,0.16100305,0.012121704,0.82687527
id06417,0.08628723,0.90452784,0.009184979
id00215,0.0994882,0.89057964,0.009932169
id04201,0.5156557,0.038408212,0.44593608
id21771,0.6707877,0.08692064,0.24229166
id12451,0.14162518,0.47099343,0.38738135
id14250,0.13566768,0.4245703,0.43976206
id03433,0.07666796,0.9148241,0.0085079195
id03303,0.2229087,0.18606539,0.59102595
id25901,0.3156967,0.2550628,0.42924055
id06945,0.7022186,0.026390256,0.27139118
id05664,0.47269446,0.14940411,0.3779014
id05741,0.9459169,0.0010363951,0.053046733
id10652,0.7124952,0.043040115,0.24446471
id16300,0.8337982,0.001615909,0.16458593
id12319,0.7385064,0.07219959,0.18929404
id07500,0.10267208,0.8869514,0.010376546
id12478,0.296609,0.43731752,0.26607344
id03076,0.14680803,0.1812837,0.67190826
id00969,0.16361006,0.82946163,0.006928342
id23636,0.1727871,0.5280799,0.299133
id09791,0.11070409,0.6253466,0.26394936
id05680,0.021323703,0.9670715,0.011604824
id03672,0.31143573,0.6852387,0.003325574
id04286,0.037835833,0.9494784,0.012685798
id23883,0.062303,0.0068349466,0.93086207
id11914,0.22967304,0.04296244,0.72736454
id20974,0.21164219,0.7825159,0.005841884
id26125,0.59656584,0.0033096874,0.40012446
id15543,0.58890426,0.07538434,0.33571145
id19471,0.76992637,0.18428534,0.045788333
id11503,0.43736044,0.29923856,0.263401
id09321,0.088937044,0.7341905,0.17687245
id25560,0.12190684,0.002469074,0.8756241
id06726,0.5132937,0.15723519,0.32947114
id05709,0.9289761,0.0175549,0.053469032
id09788,0.11991576,0.14443429,0.73564994
id05289,0.829828,0.021391965,0.14877997
id11815,0.04432952,0.9222415,0.03342902
id22422,0.72319704,0.09616867,0.18063435
id25954,0.8002786,0.029436212,0.17028518
id13601,0.58138,0.26721695,0.15140308
id05677,0.38522297,0.005769875,0.6090072
id10498,0.10885508,0.82582647,0.065318495
id02665,0.6393556,0.13659273,0.22405168
id10114,0.11994784,0.83995306,0.0400991
id26314,0.8928895,0.09910904,0.008001422
id21240,0.41858307,0.15186003,0.4295569
id15569,0.82998866,0.022576733,0.14743459
id25928,0.54795885,0.09206629,0.35997483
id22706,0.17117852,0.77716017,0.051661305
id20877,0.07708373,0.85545236,0.067463815
id04318,0.7736594,0.022184057,0.2041565
id18299,0.4043517,0.10420165,0.49144664
id08126,0.12216174,0.012086796,0.86575145
id14293,0.2595554,0.024313947,0.7161307
id12759,0.98211414,0.0071551506,0.010730669
id11983,0.29890963,0.018547893,0.6825425
id05580,0.30240446,0.027990988,0.66960454
id25846,0.09433182,0.89020115,0.015467067
id01939,0.4209508,0.18543264,0.39361656
id26327,0.40568426,0.104010426,0.4903053
id11068,0.08806308,0.002106229,0.9098307
id08404,0.5126275,0.06734066,0.42003188
id27189,0.20629029,0.7654446,0.028265124
id15119,0.05635099,0.9023814,0.041267544
id26525,0.861811,0.04735483,0.09083421
id03618,0.11059745,0.8827799,0.006622664
id27220,0.8657415,0.04157311,0.09268543
id18777,0.2851075,0.019166408,0.69572616
id20213,0.5755894,0.03456683,0.3898438
id20403,0.7785473,0.017437126,0.20401558
id03777,0.18350525,0.08680881,0.72968596
id10595,0.20268822,0.76543945,0.031872362
id13816,0.22656472,0.11270667,0.66072863
id05667,0.23805842,0.024000688,0.7379409
id24629,0.5596206,0.14727448,0.2931049
id20398,0.30858216,0.15618151,0.5352363
id14108,0.13092284,0.002332116,0.86674505
id06196,0.025461728,0.96293783,0.011600446
id02800,0.83026016,0.028942,0.14079782
id18732,0.16269432,0.83413446,0.00317126
id11915,0.09057328,0.89881855,0.010608208
id09739,0.8131276,0.02548264,0.1613898
id24672,0.7056046,0.0077699674,0.28662542
id00414,0.16532925,0.002812879,0.8318579
id16307,0.7788491,0.051723044,0.16942778
id14043,0.3455048,0.011209749,0.64328545
id00517,0.19668035,0.0034795809,0.7998401
id09744,0.7739558,0.20814218,0.017902015
id19257,0.8683138,0.123650186,0.008036037
id15437,0.4923883,0.32858244,0.1790292
id16352,0.35998768,0.047940303,0.59207207
id18849,0.27771416,0.10697689,0.615309
id19434,0.021196287,0.97738504,0.0014186766
id17928,0.10245186,0.04640471,0.8511434
id16896,0.1420776,0.016836695,0.84108573
id02135,0.23953359,0.4561112,0.30435523
id15075,0.9530715,0.03874699,0.008181515
id27486,0.06629291,0.93194276,0.0017642756
id19422,0.36566773,0.61507523,0.019257054
id09603,0.21998465,0.7569336,0.023081725
id02133,0.016587019,0.95372766,0.029685289
id03441,0.585709,0.01545693,0.39883414
id02398,0.14820302,0.84952456,0.0022724275
id05152,0.18724062,0.009095105,0.8036643
id17838,0.64284587,0.00849717,0.34865698
id25060,0.845588,0.11615492,0.038257103
id09998,0.11047858,0.012975955,0.8765455
id01828,0.16001989,0.8180725,0.021907603
id25377,0.5886281,0.015413079,0.3959588
id22175,0.09979326,0.88706225,0.013144469
id02974,0.1260412,0.40975684,0.464202
id26955,0.86083126,0.11184645,0.027322298
id21091,0.63286453,0.018486733,0.34864876
id12802,0.72922134,0.22506273,0.045715902
id07432,0.16124341,0.8207129,0.01804359
id18749,0.27862188,0.64860654,0.07277163
id15030,0.08716074,0.004783688,0.90805554
id17155,0.1484343,0.84042436,0.011141366
id08128,0.046999577,0.9140744,0.038925987
id25706,0.047115415,0.947263,0.005621641
id15645,0.9023657,0.024569463,0.07306489
id04943,0.3853243,0.5832618,0.031413864
id27566,0.14621986,0.0045003467,0.8492798
id11765,0.18921998,0.017046208,0.7937338
id13783,0.21832602,0.3971997,0.38447428
id00492,0.11517939,0.101546235,0.78327435
id27636,0.48792383,0.0017341388,0.51034206
id04273,0.72006387,0.24921222,0.030723967
id02537,0.23310368,0.09706538,0.669831
id24349,0.7597723,0.024638439,0.2155893
id00023,0.05254129,0.9150889,0.032369748
id23025,0.5772884,0.40360302,0.019108607
id08722,0.68019795,0.16832548,0.15147655
id02420,0.5773921,0.4187326,0.0038752703
id10811,0.75588447,0.02611877,0.2179968
id04019,0.22000884,0.021031294,0.7589599
id18334,0.8542854,0.042532366,0.103182144
id16781,0.67247796,0.0904783,0.23704375
id08773,0.34882414,0.57628214,0.07489372
id19214,0.5853255,0.065800086,0.34887442
id09589,0.020521237,0.97772634,0.0017524435
id24246,0.6805897,0.027120864,0.2922895
id23577,0.524393,0.45493367,0.0206733
id09305,0.4588608,0.052922834,0.48821637
id16460,0.57817715,0.06461678,0.35720608
id21115,0.8730263,0.008417931,0.11855579
id25996,0.4592291,0.061847173,0.47892374
id02551,0.14543125,0.016186992,0.83838177
id19352,0.12218404,0.014070641,0.86374533
id03806,0.36072603,0.080843344,0.5584306
id26544,0.42200503,0.008737078,0.5692579
id18761,0.7139343,0.008796084,0.27726957
id24148,0.24881169,0.73344386,0.017744424
id16095,0.3924046,0.55223197,0.055363435
id18442,0.6139552,0.18353446,0.20251039
id22596,0.09306347,0.003808041,0.9031285
id23002,0.41873363,0.16776465,0.41350177
id04797,0.92686015,0.02051704,0.052622844
id06610,0.24384494,0.0039587454,0.7521964
id16173,0.4705876,0.20052819,0.3288842
id18292,0.18463667,0.09141293,0.7239504
id27328,0.6321829,0.1521493,0.21566781
id01695,0.08670243,0.9114356,0.0018620194
id05761,0.6183088,0.04189194,0.3397993
id16354,0.80918115,0.069067575,0.121751234
id12207,0.41469163,0.2683995,0.31690887
id05665,0.22571456,0.014978632,0.7593068
id01911,0.695866,0.027008016,0.277126
id19153,0.31436816,0.002333209,0.68329865
id10295,0.7553739,0.19312184,0.05150434
id23038,0.4509819,0.0488508,0.5001673
id23783,0.071538486,0.9097814,0.018680165
id27879,0.7937601,0.20015575,0.006084153
id19190,0.11605343,0.8830198,0.0009267908
id05065,0.62134194,0.20695809,0.17169999
id21296,0.1751171,0.75181186,0.07307099
id13262,0.38894787,0.034537945,0.5765142
id10333,0.84360814,0.08605385,0.07033806
id16677,0.2603309,0.7193232,0.020345936
id01392,0.2748068,0.03432899,0.6908642
id27874,0.58082134,0.2689883,0.15019044
id02294,0.73455197,0.11341989,0.15202811
id18298,0.19923477,0.030889278,0.769876
id06997,0.7483726,0.006641193,0.24498616
id05243,0.30071175,0.55589414,0.14339419
id00860,0.10147826,0.8745008,0.024020957
id26681,0.90084827,0.06082643,0.0383253
id06020,0.19982378,0.002881117,0.79729515
id27683,0.4529971,0.056478187,0.4905247
id17655,0.09547356,0.89993143,0.0045950282
id08817,0.15011735,0.0485934,0.80128926
id11512,0.018625468,0.19786145,0.78351307
id00478,0.26783323,0.030642735,0.701524
id02116,0.60026276,0.048579782,0.35115743
id06746,0.61230946,0.103634536,0.284056
id03863,0.5639619,0.09700212,0.33903596
id01802,0.2324508,0.7479826,0.019566622
id11682,0.46088108,0.22129518,0.31782374
id04033,0.18458253,0.8065017,0.008915784
id09286,0.2284865,0.296352,0.47516152
id12904,0.9358792,0.02190256,0.042218294
id07420,0.07968427,0.019441849,0.9008739
id22398,0.024081625,0.95073026,0.025188085
id00424,0.063182265,0.006318826,0.93049896
id20960,0.6791221,0.08655174,0.23432618
id10267,0.032481596,0.9623185,0.0051999153
id19330,0.44636798,0.0072643557,0.5463677
id00994,0.044533174,0.95320785,0.002258975
id10785,0.38473174,0.15989135,0.4553769
id00955,0.054038968,0.94324356,0.002717508
id09757,0.017183544,0.9651393,0.017677143
id10030,0.35298535,0.02811078,0.6189039
id22952,0.10969904,0.017173553,0.8731274
id21955,0.08532456,0.0018181683,0.9128573
id07674,0.26319408,0.40176418,0.33504176
id13760,0.31762886,0.67703265,0.0053385072
id18166,0.6016591,0.0108277565,0.38751307
id23498,0.62385464,0.15080619,0.2253392
id05296,0.94744265,0.024881337,0.027675936
id26709,0.8845975,0.067220904,0.04818157
id02853,0.76638395,0.21327224,0.020343818
id06800,0.38622633,0.0703027,0.543471
id14758,0.09861133,0.83132607,0.070062615
id12356,0.96954674,0.011026111,0.019427167
id21492,0.7027575,0.21664368,0.08059886
id27540,0.2507836,0.008514563,0.74070185
id07376,0.16447945,0.6623884,0.17313215
id15201,0.12425306,0.69540066,0.18034628
id23388,0.19805503,0.7937182,0.008226763
id13923,0.038632616,0.94701576,0.014351618
id00794,0.101829655,0.88112485,0.01704551
id23910,0.107341446,0.0063201278,0.8863384
id02556,0.30729517,0.088916406,0.60378844
id22151,0.11567561,0.88057494,0.0037493806
id11698,0.24587409,0.74724406,0.0068818796
id11627,0.49417427,0.049458325,0.45636746
id06340,0.7483943,0.07175112,0.1798546
id05123,0.7601917,0.07819116,0.16161722
id26620,0.19926211,0.02684567,0.7738922
id04002,0.116929665,0.016535636,0.8665347
id26554,0.59716505,0.3135527,0.08928227
id18012,0.3009156,0.002842604,0.6962418
id12964,0.4840736,0.12677239,0.38915405
id18965,0.107056305,0.8302233,0.06272041
id19082,0.3687719,0.04480269,0.5864254
id26742,0.27249658,0.05798955,0.6695139
id15442,0.23166256,0.76480263,0.0035348278
id16647,0.4454587,0.032729108,0.5218122
id11544,0.3168446,0.08522034,0.5979351
id20581,0.30168697,0.015123138,0.68318987
id13192,0.42661265,0.026941543,0.5464458
id15814,0.1090059,0.06281114,0.82818294
id26279,0.27369854,0.7253372,0.00096424465
id00240,0.69902855,0.06308091,0.23789056
id22836,0.81140447,0.1657346,0.022860963
id15085,0.07137241,0.921963,0.006664651
id17495,0.47711733,0.060896073,0.46198657
id26762,0.3356501,0.0646728,0.59967715
id13685,0.56227106,0.013925782,0.42380318
id16560,0.19211309,0.8039046,0.0039823153
id17184,0.037205964,0.96195865,0.00083539
id21635,0.885203,0.011296455,0.10350053
id26751,0.75155526,0.20011708,0.048327662
id12351,0.9139739,0.028839542,0.057186488
id14872,0.68607634,0.023845939,0.29007778
id18372,0.6547428,0.04329053,0.3019667
id26851,0.50928116,0.05680594,0.43391293
id22659,0.75974673,0.14005947,0.10019379
id04102,0.060753625,0.017688949,0.9215574
id02353,0.12048167,0.8714298,0.008088537
id26721,0.86658204,0.0028708146,0.13054717
id11171,0.70191,0.06044034,0.2376496
id13562,0.67691743,0.037910383,0.2851722
id26425,0.5758899,0.025008047,0.39910206
id26394,0.5046964,0.1483888,0.34691477
id22187,0.6979188,0.05262239,0.24945886
id00422,0.93000114,0.02161672,0.04838216
id22667,0.11123003,0.88390905,0.0048609274
id00911,0.5599867,0.069749154,0.37026417
id17291,0.21098155,0.44839606,0.34062243
id01915,0.22070244,0.18909968,0.5901979
id01434,0.44686833,0.1475055,0.4056261
id01584,0.5259897,0.008918549,0.46509176
id09266,0.9328016,0.029404901,0.03779353
id17494,0.10502056,0.8862231,0.008756368
id24919,0.64925957,0.012920825,0.33781967
id21043,0.50072175,0.013487898,0.48579034
id17796,0.124104805,0.87235785,0.003537383
id02166,0.86891496,0.0031094092,0.12797566
id17503,0.24706066,0.04265584,0.7102835
id21203,0.41271627,0.41569945,0.17158432
id25626,0.8397383,0.0047739237,0.15548773
id09836,0.8325872,0.06787732,0.09953551
id24202,0.06462549,0.07867979,0.8566947
id27260,0.43785575,0.22340292,0.3387413
id23167,0.173473,0.02591225,0.8006147
id10393,0.07185027,0.8908379,0.037311845
id01171,0.8660568,0.11972419,0.014218948
id06380,0.9037848,0.058287073,0.037928123
id22686,0.10773873,0.034841277,0.85742
id26250,0.19782911,0.026315983,0.7758549
id09315,0.18224397,0.3936121,0.42414394
id00886,0.115714334,0.6276875,0.25659814
id03101,0.7003135,0.007467143,0.29221934
id12367,0.6594244,0.055385437,0.2851902
id10770,0.51179636,0.09218667,0.396017
id14949,0.11509729,0.8295435,0.055359274
id14141,0.6018683,0.12038123,0.2777505
id25417,0.46090594,0.11727735,0.42181674
id26873,0.64045477,0.31508043,0.044464808
id10818,0.24100725,0.01772478,0.741268
id15146,0.65348625,0.056822855,0.28969088
id23328,0.91700196,0.039433874,0.043564152
id16765,0.06867726,0.82812524,0.10319752
id24383,0.3356169,0.42547828,0.23890486
id21304,0.90115106,0.040532757,0.058316205
id12551,0.23162,0.76503557,0.0033444595
id23274,0.18897653,0.0068099215,0.8042136
id08117,0.6763322,0.23692274,0.08674505
id23961,0.9482915,0.019700391,0.032008134
id13865,0.24922828,0.6822863,0.06848545
id22807,0.1341551,0.0033437803,0.8625011
id08951,0.48520184,0.025552047,0.48924616
id18684,0.73386174,0.020535372,0.24560294
id25179,0.52497345,0.4382036,0.036822945
id27033,0.89895225,0.0074941334,0.0935536
id13977,0.0533457,0.8542559,0.092398405
id19337,0.19163302,0.7167119,0.09165516
id25764,0.26393965,0.7183386,0.017721748
id16106,0.14084102,0.003952663,0.85520625
id05468,0.58982515,0.05181591,0.35835895
id05241,0.71932447,0.01488543,0.26579013
id10215,0.2635813,0.026373506,0.7100452
id23457,0.16936348,0.003487673,0.82714885
id02200,0.9758816,0.021060597,0.0030578629
id13714,0.047765557,0.91189384,0.040340647
id20332,0.15439564,0.015623042,0.8299813
id18573,0.2372113,0.2221875,0.5406012
id08569,0.9343505,0.003463208,0.06218631
id22767,0.07335126,0.45529392,0.4713548
id25390,0.21690664,0.5038308,0.2792626
id09288,0.70702094,0.033229668,0.25974944
id12381,0.8411306,0.011538444,0.14733095
id02895,0.06488847,0.027023135,0.90808845
id25270,0.33241108,0.0013257235,0.6662632
id14248,0.5261989,0.08665791,0.3871432
id12831,0.8539034,0.064069875,0.0820267
id18305,0.6372058,0.0032535575,0.3595406
id07805,0.45257854,0.51736593,0.030055545
id14027,0.0253559,0.010544137,0.9641
id02760,0.47893807,0.042591278,0.4784706
id24362,0.8888063,0.054429732,0.05676402
id17065,0.14778239,0.68735445,0.16486317
id26583,0.27939528,0.70877326,0.011831462
id19664,0.96291333,0.030847182,0.006239505
id25145,0.73346466,0.1614358,0.10509959
id17858,0.15348047,0.8448336,0.001685973
id05148,0.16408211,0.2139512,0.6219667
id22928,0.54595447,0.34779316,0.10625235
id21549,0.23045933,0.0019938638,0.7675468
id12649,0.16033566,0.8306155,0.009048832
id21597,0.61962724,0.075389855,0.30498293
id27945,0.75664324,0.04865484,0.19470195
id00243,0.95754147,0.007935927,0.034522634
id02745,0.8994717,0.061810493,0.038717814
id23550,0.18795027,0.0115197515,0.80052996
id13023,0.28812948,0.012877734,0.6989928
id24796,0.4659773,0.0023792689,0.5316434
id12284,0.11699898,0.82170707,0.061293934
id02664,0.038304117,0.96005714,0.0016387701
id23767,0.68341196,0.004004623,0.31258342
id05859,0.19035959,0.75013465,0.059505753
id14350,0.23235846,0.4303041,0.3373375
id01191,0.35320848,0.50121444,0.1455771
id17034,0.27377838,0.45754197,0.2686797
id25292,0.38758707,0.5997207,0.012692298
id22121,0.52202874,0.008654793,0.46931645
id20872,0.9021644,0.05846736,0.039368294
id17720,0.55739707,0.15342914,0.28917378
id22658,0.14122823,0.82934886,0.02942291
id09567,0.7953072,0.017777743,0.18691504
id16445,0.7169022,0.16051018,0.122587636
id08349,0.11193624,0.788457,0.09960678
id27437,0.28691152,0.073080316,0.6400082
id03812,0.87820125,0.120723255,0.001075513
id22304,0.90981895,0.06740415,0.022776872
id04449,0.0752543,0.90831906,0.016426574
id15605,0.208819,0.203385,0.58779603
id01768,0.7166542,0.02505511,0.25829068
id20019,0.37645116,0.28353655,0.34001228
id09593,0.06780535,0.92218745,0.010007262
id23179,0.34061643,0.08532604,0.5740576
id21279,0.890491,0.06425547,0.045253538
id06711,0.13262859,0.0058959844,0.8614754
id14243,0.035344068,0.95901984,0.005636104
id04839,0.10127376,0.06187719,0.8368491
id17220,0.12895979,0.84318477,0.027855486
id24177,0.8649748,0.011865534,0.12315966
id20512,0.098606,0.14966035,0.75173366
id14036,0.028417893,0.96857667,0.0030054792
id25001,0.30444202,0.01316244,0.6823956
id06175,0.090968534,0.68476,0.2242715
id24720,0.33304042,0.6433643,0.02359529
id08070,0.78303325,0.21302666,0.003940009
id18934,0.8281648,0.09442685,0.07740837
id01338,0.88431394,0.037695423,0.07799069
id19008,0.061038233,0.93086094,0.008100852
id19632,0.37924114,0.20143804,0.41932073
id26224,0.1448704,0.0012712489,0.8538584
id08219,0.6832523,0.03865955,0.2780882
id24008,0.09148139,0.0100592645,0.8984594
id12475,0.3101958,0.585495,0.10430924
id05766,0.3680446,0.5944855,0.037469834
id27386,0.19702083,0.8023992,0.0005799487
id12476,0.08457193,0.90990007,0.005527962
id08311,0.841415,0.14940959,0.009175439
id04996,0.63273615,0.30303478,0.06422907
id17350,0.33176905,0.44584495,0.222386
id05546,0.14732999,0.8434899,0.009180118
id16504,0.25038707,0.71879303,0.030819863
id05782,0.070098184,0.10139639,0.82850546
id20560,0.4726971,0.061252072,0.46605083
id14171,0.1415607,0.10906962,0.74936974
id27461,0.24875557,0.05074408,0.70050037
id03581,0.14069335,0.071126066,0.7881806
id21847,0.1518749,0.00495526,0.8431698
id11712,0.6470105,0.17671017,0.17627929
id26738,0.25322884,0.2351724,0.51159877
id13668,0.85627514,0.0099883545,0.13373654
id15114,0.90223587,0.002692373,0.09507175
id20130,0.6044607,0.02314182,0.37239745
id18331,0.66920555,0.10019972,0.23059468
id24465,0.8992508,0.0842788,0.016470354
id13539,0.72419536,0.09724647,0.17855822
id27564,0.3720407,0.56136996,0.06658932
id26043,0.27850035,0.002994282,0.7185054
id04965,0.24558544,0.0603783,0.6940363
id08645,0.42505324,0.0805505,0.4943963
id26610,0.397337,0.09526707,0.5073959
id21737,0.36902967,0.58141625,0.04955408
id25784,0.100653134,0.8879598,0.011387101
id23030,0.8337162,0.0884326,0.0778512
id16450,0.047734227,0.9175467,0.03471908
id02161,0.378077,0.015689146,0.6062339
id25535,0.67001814,0.019457687,0.3105242
id16566,0.70768905,0.052763175,0.23954777
id05714,0.8137961,0.17920426,0.006999582
id16524,0.47382858,0.05187991,0.47429153
id23941,0.07201348,0.8465835,0.08140299
id00831,0.09977381,0.03430458,0.8659216
id18145,0.64373857,0.08033762,0.2759238
id17227,0.86587954,0.043788478,0.09033202
id09417,0.71177185,0.037907172,0.250321
id21307,0.7163879,0.068749666,0.21486247
id05650,0.15123105,0.8115813,0.037187655
id23901,0.5266,0.4095162,0.06388383
id05831,0.9670884,0.0018852409,0.031026348
id16708,0.22564226,0.65387464,0.120483086
id02281,0.35912284,0.007511815,0.63336533
id11599,0.5058788,0.12039166,0.37372953
id18353,0.18468983,0.4593492,0.35596097
id07413,0.36039934,0.6257623,0.013838396
id15653,0.3933891,0.3069707,0.2996402
id09715,0.106129795,0.0024315761,0.89143866
id05108,0.4645374,0.5320749,0.0033876742
id09537,0.46208906,0.0219097,0.5160012
id27596,0.79399234,0.19116393,0.014843791
id24255,0.33170265,0.06494246,0.6033549
id05080,0.094958186,0.0014602856,0.90358156
id09484,0.9518595,0.015506044,0.03263452
id14864,0.22699818,0.016613174,0.75638866
id26836,0.80894023,0.055210587,0.1358492
id07003,0.5001619,0.22395945,0.27587864
id13750,0.029862188,0.96977276,0.00036505624
id21799,0.18322861,0.14228113,0.6744903
id11285,0.791467,0.0023184072,0.20621462
id04735,0.4498253,0.310105,0.24006976
id23049,0.0658634,0.021361843,0.91277474
id05826,0.30408674,0.640616,0.055297248
id17916,0.12094324,0.847958,0.031098733
id14081,0.3031091,0.055052225,0.64183867
id10527,0.32514012,0.018058766,0.6568011
id16059,0.3556185,0.5583748,0.08600668
id25542,0.9635163,0.0011985785,0.03528509
id05402,0.095345214,0.16992974,0.73472506
id01927,0.5243884,0.25215775,0.22345392
id27656,0.7272139,0.027678778,0.24510735
id06708,0.21333963,0.5568846,0.22977582
id03524,0.13468274,0.8337386,0.03157869
id12297,0.28079066,0.62845105,0.090758264
id03439,0.4687404,0.099751875,0.4315077
id04587,0.0321455,0.9645287,0.0033258246
id25470,0.12216302,0.87164587,0.00619113
id01212,0.17638406,0.82198834,0.0016276167
id13932,0.75496984,0.053162724,0.19186744
id00124,0.48118868,0.0050858124,0.5137255
id01592,0.77933747,0.016639253,0.2040233
id13461,0.8772478,0.05151271,0.07123949
id24681,0.18630217,0.085087344,0.7286105
id23245,0.23313245,0.017789507,0.74907804
id14073,0.6486634,0.09164136,0.25969523
id05172,0.57180214,0.023520563,0.40467727
id21979,0.7814213,0.11942595,0.099152714
id00328,0.8685231,0.039487094,0.09198973
id26102,0.7637965,0.20947412,0.02672935
id14867,0.290448,0.041781757,0.66777027
id27544,0.14827178,0.8480533,0.0036749416
id16228,0.86572385,0.03317668,0.10109948
id16342,0.18610601,0.808013,0.005880999
id24933,0.67535603,0.31132147,0.013322559
id04601,0.38199654,0.027510071,0.5904934
id01599,0.036616925,0.9587662,0.0046168366
id06238,0.7301989,0.09170804,0.17809306
id06826,0.17236851,0.47790405,0.34972748
id23307,0.71303004,0.004451992,0.282518
id13575,0.4799104,0.036415193,0.4836744
id24174,0.5185082,0.1205682,0.3609236
id19534,0.18690793,0.5275343,0.28555778
id19602,0.06240441,0.0047630207,0.9328326
id26962,0.13306959,0.70959926,0.15733114
id04448,0.14734812,0.7171733,0.13547859
id09786,0.2734871,0.6998246,0.026688378
id25240,0.51063174,0.4006771,0.088691175
id14893,0.94980013,0.021293463,0.02890643
id24221,0.9004139,0.0058117732,0.09377437
id04696,0.69666654,0.13160475,0.17172876
id15153,0.1346272,0.43564415,0.42972863
id13882,0.046426456,0.950428,0.0031455066
id17836,0.2031509,0.79131037,0.005538791
id00574,0.087634556,0.9056243,0.0067411726
id02078,0.02863516,0.819855,0.15150988
id21206,0.2026099,0.65932333,0.13806678
id20084,0.4076533,0.027204594,0.5651421
id26598,0.12484032,0.0060536917,0.86910605
id06838,0.31278375,0.007029404,0.68018687
id08786,0.12001484,0.21742493,0.6625602
id09550,0.28262562,0.091068834,0.6263056
id10206,0.66624856,0.3113509,0.022400532
id21113,0.60906494,0.03471524,0.3562198
id21151,0.26538464,0.73275054,0.0018648349
id02692,0.97810465,0.009654775,0.012240588
id26446,0.5902265,0.025705816,0.38406768
id07377,0.31071877,0.6750367,0.01424447
id15998,0.3599821,0.008229573,0.6317883
id19637,0.7636571,0.0063786884,0.22996417
id19735,0.051734075,0.88274,0.06552586
id13739,0.36687776,0.2494113,0.38371095
id25175,0.63945025,0.033072256,0.3274775
id00563,0.29784918,0.041746743,0.6604041
id09982,0.68451136,0.036206987,0.27928168
id15459,0.033860367,0.9649716,0.0011680104
id20785,0.058244187,0.0052927015,0.9364631
id07145,0.3663494,0.036970872,0.5966797
id22204,0.2578633,0.7372793,0.004857412
id09285,0.7722302,0.008404564,0.21936516
id18157,0.119882606,0.34257844,0.53753895
id12134,0.11100806,0.03419614,0.8547958
id23914,0.77158916,0.009441661,0.21896912
id10483,0.74754333,0.21669936,0.035757255
id07092,0.5247527,0.028152445,0.44709486
id14786,0.5335785,0.057012927,0.4094086
id25741,0.8550699,0.01163838,0.13329178
id09050,0.14844847,0.6473545,0.20419706
id04938,0.8975307,0.024919808,0.077549525
id05901,0.37807664,0.08068408,0.5412393
id16975,0.15108892,0.83778304,0.011128063
id08547,0.109015286,0.039146785,0.85183793
id16355,0.82237446,0.07479379,0.10283177
id14568,0.22806303,0.19984497,0.572092
id25599,0.39789888,0.20755161,0.39454946
id01670,0.0899261,0.86663085,0.043442972
id23945,0.36601955,0.60849434,0.025486171
id17394,0.12366317,0.023427868,0.85290897
id06501,0.47311544,0.065236315,0.46164826
id26234,0.06590964,0.9027739,0.031316467
id21280,0.15550111,0.03745233,0.8070466
id20048,0.17887896,0.028587488,0.7925335
id01216,0.48073056,0.3762259,0.1430435
id25320,0.7518239,0.18174057,0.06643557
id22833,0.20869888,0.011333994,0.7799671
id22056,0.35323653,0.41263205,0.2341315
id02275,0.15169282,0.7238627,0.124444455
id26127,0.56715995,0.11321778,0.31962225
id17011,0.29481593,0.6989872,0.006196883
id13847,0.6080792,0.07856438,0.31335643
id00013,0.049586404,0.92925274,0.02116088
id16463,0.7434673,0.056772903,0.19975981
id04845,0.069630496,0.6026917,0.3276778
id01787,0.4918737,0.18388954,0.32423675
id08637,0.79398733,0.06511083,0.14090186
id11414,0.19816256,0.017515082,0.7843224
id13177,0.2666088,0.32450977,0.40888146
id24517,0.9061645,0.045291852,0.048543636
id26838,0.8075001,0.07525606,0.11724382
id23081,0.044368997,0.934856,0.020775033
id16327,0.10963691,0.14222752,0.74813557
id27282,0.5544725,0.38472882,0.060798675
id07489,0.16924436,0.18922104,0.6415346
id01718,0.12663694,0.003932992,0.86943007
id15441,0.32787913,0.5950184,0.07710246
id27736,0.1266805,0.806531,0.06678853
id16324,0.09789449,0.44141868,0.4606868
id12027,0.34544823,0.008539031,0.6460128
id24653,0.2074463,0.7901911,0.0023626287
id17541,0.36643696,0.014781513,0.61878157
id22406,0.1712926,0.32030982,0.5083976
id18356,0.59367746,0.3234671,0.082855485
id04505,0.6061005,0.35044166,0.043457866
id04246,0.61923194,0.11760682,0.26316127
id07368,0.83550084,0.10868791,0.055811316
id26185,0.11352168,0.014937229,0.8715411
id08878,0.1458801,0.008260187,0.84585965
id27691,0.060036547,0.08820989,0.85175353
id18004,0.78696924,0.057764404,0.15526637
id24426,0.76678073,0.027496973,0.20572229
id14164,0.8949585,0.03038548,0.07465598
id12653,0.053520285,0.94335765,0.0031221067
id18060,0.40316805,0.13256177,0.46427023
id18556,0.78225404,0.07261899,0.145127
id27371,0.06483731,0.09761789,0.83754486
id11989,0.16650805,0.6497684,0.18372358
id26095,0.7784992,0.018596863,0.20290399
id24978,0.2689762,0.13777848,0.5932453
id20322,0.4618515,0.12008472,0.4180638
id01954,0.81809986,0.15497877,0.026921412
id07434,0.7380352,0.014361319,0.24760345
id18144,0.05645421,0.04347558,0.90007025
id16250,0.27891567,0.7150237,0.006060594
id17793,0.04827599,0.019221622,0.9325024
id24067,0.48960155,0.12205013,0.38834825
id13891,0.049904212,0.009850742,0.94024503
id07334,0.16892755,0.7478952,0.083177246
id15633,0.113439776,0.8734141,0.013146042
id23239,0.6131105,0.12377279,0.26311678
id10674,0.13587095,0.02737442,0.8367547
id22093,0.5519574,0.048536617,0.39950597
id08444,0.20966603,0.4467985,0.34353545
id03257,0.15469494,0.004938784,0.8403663
id10040,0.58716744,0.32029134,0.09254119
id04902,0.33289397,0.0070041013,0.66010195
id01219,0.6957067,0.25025174,0.05404151
id01340,0.6849815,0.12020007,0.19481836
id05117,0.09692426,0.8884745,0.014601256
id04908,0.16932616,0.0028992265,0.8277746
id03626,0.2046605,0.004642345,0.79069716
id01888,0.9340383,0.00082875864,0.06513301
id17199,0.07589416,0.029720582,0.8943853
id11200,0.7872747,0.11874468,0.093980655
id27561,0.5455687,0.08519094,0.36924037
id20966,0.07060055,0.91959417,0.009805239
id10257,0.19209656,0.8059971,0.001906378
id21168,0.21951367,0.77748394,0.0030024312
id23363,0.3149378,0.019314794,0.6657474
id05321,0.66292095,0.016824355,0.3202547
id09928,0.32656404,0.006308189,0.6671277
id18015,0.931394,0.001840652,0.06676537
id02082,0.11051222,0.8700952,0.019392602
id19279,0.60989857,0.38315853,0.0069428114
id08541,0.10247853,0.8805372,0.01698431
id15249,0.07954915,0.8810904,0.039360464
id03609,0.16476032,0.70683026,0.12840948
id22902,0.26604176,0.0022571932,0.7317011
id17733,0.9059272,0.08050383,0.01356899
id07554,0.24060334,0.1128012,0.6465955
id14120,0.4342863,0.015919613,0.54979414
id21802,0.22901335,0.7489377,0.022048954
id15614,0.06896106,0.9106043,0.020434681
id19437,0.108093314,0.002188229,0.8897184
id22698,0.546921,0.44464368,0.008435335
id21841,0.26239982,0.70841736,0.029182823
id16177,0.5767512,0.017255547,0.4059933
id15887,0.3546405,0.041801035,0.6035585
id22629,0.5343462,0.00949505,0.45615873
id10346,0.7441283,0.1550665,0.10080521
id05154,0.8438365,0.027795462,0.12836812
id22913,0.49186546,0.31278232,0.19535226
id10544,0.07382732,0.86917907,0.05699364
id08703,0.58782226,0.38147736,0.030700417
id12817,0.515793,0.022529963,0.46167707
id25433,0.7440079,0.103279844,0.15271227
id25112,0.089221664,0.0098913545,0.90088695
id05054,0.04723113,0.9181294,0.0346395
id02311,0.16535826,0.63094944,0.2036923
id22160,0.025338648,0.90286493,0.07179643
id17422,0.97232574,0.01551792,0.012156391
id18985,0.61239,0.008110428,0.37949964
id21905,0.11449147,0.004749918,0.8807586
id17474,0.4219903,0.010159609,0.56785005
id15236,0.032805175,0.96610904,0.0010857392
id13964,0.6633466,0.100591436,0.23606202
id15962,0.16471355,0.830583,0.004703466
id20866,0.4417336,0.03164172,0.52662474
id06625,0.13450746,0.33037895,0.53511363
id09793,0.51113313,0.06496742,0.4238995
id17365,0.030838143,0.96545535,0.003706544
id18463,0.05004607,0.9456844,0.004269592
id20693,0.13692547,0.5149881,0.34808642
id08785,0.17930643,0.75638413,0.06430939
id06783,0.10900069,0.76590735,0.12509201
id23178,0.15732838,0.021894345,0.8207773
id13513,0.16596827,0.66871053,0.16532123
id25361,0.21673492,0.046505317,0.7367598
id22319,0.44625098,0.12217707,0.43157196
id14024,0.3878227,0.016180236,0.5959971
id24186,0.20558229,0.7888474,0.005570295
id20965,0.5640664,0.19680108,0.2391325
id06242,0.3802513,0.03195312,0.58779556
id25665,0.06260423,0.34284294,0.5945528
id09706,0.4619067,0.09333935,0.44475392
id11026,0.09908712,0.88986325,0.01104962
id04223,0.9483159,0.006389702,0.045294415
id19674,0.17804724,0.78372544,0.038227342
id23420,0.141839,0.16712719,0.69103384
id18059,0.36342773,0.5857396,0.05083267
id22576,0.4870078,0.4466308,0.066361435
id18495,0.09828407,0.7599648,0.14175113
id14139,0.85092956,0.11674606,0.032324374
id18313,0.022188682,0.9171418,0.060669538
id27356,0.685685,0.05124757,0.26306748
id16035,0.025294697,0.002545197,0.9721601
id04182,0.7076923,0.2446167,0.047691047
id15667,0.9611018,0.0050829556,0.033815265
id08713,0.796433,0.018821988,0.18474503
id25563,0.017515067,0.97896796,0.0035169448
id17023,0.72054243,0.2642973,0.015160239
id03014,0.14667857,0.81790763,0.03541378
id23812,0.28994098,0.6994488,0.010610203
id20057,0.57545286,0.08540823,0.3391389
id12385,0.339692,0.14974704,0.510561
id24416,0.2371499,0.60013777,0.16271228
id15672,0.13515443,0.60041976,0.26442578
id13868,0.89266694,0.0035220997,0.10381097
id21095,0.17513074,0.39006522,0.43480408
id05305,0.08617455,0.6817986,0.23202692
id15384,0.25612247,0.040317222,0.70356035
id14049,0.5844459,0.0019286051,0.41362554
id23441,0.48137394,0.43669382,0.081932224
id12856,0.20082666,0.0010006845,0.79817265
id16055,0.35141128,0.0041353605,0.6444534
id24771,0.6174147,0.37741807,0.0051672356
id14053,0.6049164,0.1545232,0.24056038
id19547,0.09351088,0.279206,0.62728316
id03639,0.14720505,0.78862697,0.064167984
id14546,0.30719832,0.66284186,0.029959809
id13935,0.8622224,0.03977909,0.09799855
id20335,0.44456416,0.50518894,0.050246913
id07301,0.21639813,0.12481429,0.6587876
id10186,0.6358743,0.08459804,0.27952772
id00192,0.71621007,0.010216188,0.27357373
id17851,0.89758396,0.09812742,0.0042885845
id08403,0.16466828,0.63154626,0.20378545
id06183,0.3480827,0.03772308,0.6141942
id24738,0.32091895,0.65144724,0.027633814
id15112,0.5543556,0.31686643,0.12877797
id19819,0.100279346,0.019152671,0.880568
id17722,0.107629426,0.0075512393,0.8848194
id24273,0.07374431,0.20929728,0.71695846
id18939,0.10501844,0.008505978,0.8864756
id16076,0.48449054,0.5010918,0.014417595
id23158,0.13003832,0.11152679,0.7584349
id12745,0.36173436,0.099924125,0.5383415
id22538,0.33077046,0.11695597,0.55227363
id14975,0.2755018,0.67475253,0.049745705
id27537,0.9334161,0.030987307,0.035596583
id06632,0.34655088,0.0075856047,0.64586353
id08100,0.29426712,0.67584914,0.029883826
id00843,0.95645386,0.005058374,0.03848782
id22159,0.27949542,0.0039945827,0.71651
id18672,0.6401557,0.020357903,0.33948645
id06916,0.52284265,0.2089394,0.268218
id22212,0.80235946,0.038718082,0.1589224
id00273,0.11909798,0.031488556,0.8494135
id26325,0.21212348,0.66839117,0.11948536
id23683,0.16588722,0.8293839,0.004728892
id14419,0.06931844,0.9155469,0.015134585
id11931,0.04400922,0.95554316,0.00044765355
id00568,0.07453091,0.9113035,0.014165558
id12271,0.8343643,0.1621245,0.003511232
id12622,0.6642199,0.32387304,0.01190703
id03156,0.057788365,0.7724451,0.16976656
id25592,0.80700165,0.06942178,0.12357657
id24367,0.85007834,0.108498335,0.04142333
id16007,0.14018872,0.016889928,0.8429214
id04785,0.4342813,0.1813893,0.38432944
id07888,0.079294704,0.079372175,0.84133315
id13557,0.20042205,0.7343673,0.06521064
id20726,0.69723547,0.02764885,0.27511567
id09580,0.5767585,0.4223778,0.00086374074
id05173,0.36594075,0.5227801,0.11127914
id10394,0.023078013,0.9632621,0.013659922
id03926,0.02841895,0.9688491,0.0027319486
id07264,0.89211565,0.004564026,0.103320315
id01862,0.074983604,0.7952031,0.12981334
id20808,0.11278536,0.8156638,0.07155086
id26658,0.6770154,0.019167975,0.30381668
id04479,0.60239065,0.044086784,0.35352254
id17445,0.5317751,0.26260585,0.20561908
id04430,0.16719016,0.77762246,0.05518733
id06052,0.69702935,0.008621417,0.29434925
id11485,0.7823824,0.14844792,0.06916966
id13060,0.41105187,0.17007035,0.4188778
id20873,0.7168555,0.031619705,0.25152478
id21927,0.25804034,0.7184109,0.023548754
id02736,0.38922805,0.14064248,0.4701295
id11234,0.3658734,0.21149294,0.42263368
id27894,0.8063,0.06290808,0.13079199
id23208,0.14607048,0.4230819,0.43084756
id18470,0.27768993,0.16012712,0.56218296
id23172,0.26898682,0.47428152,0.2567317
id08752,0.5367158,0.07309912,0.39018506
id14242,0.28550926,0.012319803,0.7021709
id22908,0.41210085,0.0137948515,0.5741043
id17454,0.26066333,0.2528287,0.48650792
id23797,0.453922,0.25832143,0.2877566
id03788,0.6201973,0.24567565,0.13412708
id23682,0.27364135,0.030485107,0.69587356
id07179,0.6214994,0.09273919,0.28576148
id09746,0.11730776,0.6491985,0.2334938
id26613,0.33071214,0.014152356,0.6551355
id05142,0.77856827,0.21483257,0.0065992028
id04825,0.30507535,0.6583415,0.036583126
id13691,0.3763541,0.114292175,0.50935376
id14183,0.12772343,0.010719055,0.8615575
id19519,0.18154188,0.016185697,0.80227244
id26685,0.43639824,0.00842984,0.55517197
id07937,0.35390213,0.025586564,0.62051135
id10574,0.12284354,0.87185955,0.0052968524
id15310,0.041851256,0.95742637,0.0007223798
id27311,0.23356691,0.008039188,0.75839394
id11590,0.56423104,0.013798037,0.42197096
id19798,0.049581792,0.87287086,0.077547394
id12201,0.28929973,0.3974341,0.31326613
id12460,0.34999597,0.15015516,0.4998489
id12019,0.86307746,0.11034586,0.026576722
id08046,0.48349115,0.20342763,0.31308123
id02989,0.26478478,0.13851355,0.5967017
id26905,0.12005173,0.004710932,0.87523735
id09779,0.9399449,0.0066502164,0.053404838
id04359,0.45392242,0.115472205,0.43060532
id01526,0.93817043,0.04744431,0.014385163
id22325,0.21957049,0.5699398,0.21048975
id27878,0.63869333,0.2948705,0.06643611
id06413,0.0645624,0.9349413,0.00049632124
id12616,0.107218124,0.6206235,0.27215832
id05301,0.77749634,0.009999782,0.21250378
id13258,0.4160605,0.044859517,0.53908
id08789,0.660515,0.31154853,0.027936496
id11776,0.025267253,0.9737168,0.001016013
id21899,0.75604343,0.23187862,0.012077933
id18108,0.5057949,0.009209835,0.48499528
id23585,0.5846046,0.1811463,0.23424909
id22122,0.45394742,0.006449968,0.5396026
id22855,0.48443404,0.4755284,0.04003753
id19551,0.89223427,0.029765144,0.078000635
id18535,0.057050955,0.94126856,0.0016805204
id15115,0.16320287,0.013555661,0.8232415
id00678,0.61780936,0.3761869,0.0060037896
id21876,0.54844135,0.25667304,0.19488554
id01553,0.54131573,0.14662093,0.31206337
id09456,0.8172618,0.008520567,0.17421763
id01455,0.32992825,0.5835836,0.08648821
id02454,0.054796584,0.9250055,0.020197947
id07911,0.33177614,0.016413642,0.6518102
id13383,0.6810667,0.30803186,0.010901437
id19953,0.3730515,0.0040324447,0.6229161
id10316,0.4666539,0.049522337,0.48382378
id01991,0.35368344,0.050236516,0.59608
id19176,0.68264747,0.095458664,0.22189388
id06744,0.7168819,0.07757756,0.20554055
id09999,0.42953086,0.004757697,0.5657115
id11253,0.10957063,0.14892669,0.7415027
id15089,0.087259226,0.7381427,0.1745981
id16821,0.23332661,0.022260856,0.74441254
id08256,0.9092235,0.087053396,0.0037230533
id14844,0.17554879,0.008748598,0.8157026
id25950,0.057251167,0.9348787,0.007870118
id11961,0.026652286,0.9123996,0.06094814
id00092,0.05445693,0.0037817005,0.9417614
id13083,0.023125846,0.0054687844,0.9714054
id25825,0.7892683,0.0029197468,0.20781197
id03045,0.21567692,0.0049814205,0.77934164
id19037,0.23046063,0.5782474,0.19129194
id24357,0.306185,0.17256333,0.5212517
id24449,0.6945804,0.2818374,0.023582274
id22847,0.061840035,0.8520096,0.08615034
id27720,0.9317706,0.004495614,0.06373371
id11619,0.749685,0.1312334,0.11908165
id03129,0.74467677,0.0147763565,0.24054685
id04264,0.10004419,0.89250094,0.0074548977
id19748,0.3283865,0.24584505,0.42576852
id20851,0.2540207,0.011125524,0.7348538
id13277,0.8066116,0.13692108,0.056467347
id06419,0.061899398,0.9352767,0.0028238692
id00581,0.7765512,0.03336147,0.1900873
id08765,0.7321389,0.0038607176,0.26400042
id13492,0.41354644,0.516366,0.07008757
id12049,0.08653363,0.91071665,0.0027497155
id12700,0.9592804,0.015354641,0.025365017
id07697,0.9207119,0.0051732785,0.07411485
id00262,0.13554668,0.8619261,0.0025272667
id20969,0.070894174,0.832205,0.09690083
id18465,0.16262244,0.003815187,0.8335623
id10027,0.19494261,0.59885514,0.20620227
id03007,0.100065865,0.7017537,0.19818048
id23465,0.31120348,0.55187577,0.13692072
id09086,0.75267684,0.11051805,0.13680518
id08015,0.06388705,0.8832263,0.052886695
id04285,0.30258432,0.16311249,0.53430325
id04356,0.20623937,0.049748447,0.7440122
id03554,0.3250236,0.42011148,0.25486493
id06922,0.55612624,0.21002792,0.23384589
id15733,0.10373043,0.8924917,0.0037779198
id24934,0.25028506,0.0010409968,0.748674
id05529,0.96262956,0.017391764,0.019978737
id00298,0.037399635,0.87994915,0.082651235
id08158,0.701185,0.07647405,0.222341
id15135,0.47682056,0.01212495,0.51105446
id06574,0.38732335,0.1019313,0.5107454
id20017,0.10864288,0.8031604,0.08819675
id14386,0.054839473,0.005311836,0.93984866
id24226,0.62323266,0.3148477,0.061919667
id24212,0.1439443,0.5170993,0.33895645
id14116,0.16741836,0.0032721173,0.8293096
id14500,0.21416275,0.0100753885,0.7757619
id22744,0.0929704,0.27262217,0.6344074
id16163,0.9854219,0.008508934,0.006069196
id17883,0.892188,0.009814994,0.09799699
id04631,0.05793139,0.011203127,0.9308655
id26517,0.2349064,0.062035404,0.7030582
id12655,0.04869917,0.83258,0.118720904
id01505,0.33219728,0.6415789,0.026223777
id00104,0.25473037,0.0074628107,0.73780686
id20387,0.11906846,0.84982514,0.031106394
id02843,0.48772532,0.04311932,0.46915537
id04361,0.32340577,0.0359325,0.6406617
id26813,0.5696855,0.0032228944,0.42709163
id01466,0.05618543,0.9006093,0.04320526
id17090,0.35504177,0.57783943,0.06711879
id06691,0.09429405,0.05909421,0.8466118
id09408,0.467612,0.2691834,0.26320466
id15285,0.6880871,0.004631769,0.30728114
id16283,0.92401934,0.030645415,0.045335237
id12607,0.65177405,0.30185694,0.046369024
id25965,0.23292132,0.2714497,0.49562898
id07268,0.08991328,0.90521437,0.0048722825
id13529,0.075370245,0.07294441,0.8516854
id11969,0.07679029,0.8592992,0.063910544
id20299,0.28151494,0.53123015,0.18725489
id08770,0.31131667,0.016298996,0.6723844
id20730,0.3005753,0.06917525,0.6302495
id06333,0.21539159,0.7299958,0.054612637
id27451,0.7221276,0.029315032,0.24855733
id12111,0.309433,0.017338088,0.6732289
id06609,0.37589473,0.0037541569,0.62035114
id12299,0.7618176,0.16825038,0.06993202
id23264,0.6368376,0.11304149,0.2501209
id04222,0.87256974,0.05594518,0.07148513
id17229,0.24748145,0.7420972,0.010421337
id24365,0.074294046,0.06585303,0.8598529
id18294,0.15757203,0.70035124,0.1420767
id04493,0.74184847,0.028848981,0.22930253
id27575,0.698264,0.008945722,0.2927903
id03801,0.7313928,0.00845696,0.26015022
id11611,0.2734917,0.0052495706,0.7212587
id01632,0.36168608,0.034965117,0.6033488
id06510,0.35581982,0.4628884,0.18129183
id20431,0.4049297,0.030680746,0.5643895
id23529,0.31981868,0.36876118,0.31142014
id13951,0.06947607,0.1733036,0.7572203
id00803,0.35222584,0.5805096,0.06726453
id06737,0.6119557,0.052720256,0.33532405
id24288,0.87043864,0.007664317,0.121897064
id08385,0.6315838,0.13652289,0.23189335
id22859,0.038513742,0.960844,0.0006422775
id22234,0.06617334,0.7045166,0.22931013
id10365,0.03149762,0.96278864,0.0057137795
id00865,0.13628542,0.012918654,0.8507959
id19405,0.507277,0.003448179,0.48927483
id11246,0.2792853,0.005092859,0.7156218
id19587,0.06678736,0.0023074832,0.93090516
id24614,0.20405932,0.7319809,0.06395978
id23623,0.45547366,0.06298032,0.4815461
id15271,0.42124733,0.090812445,0.4879402
id20478,0.12236078,0.013330505,0.8643087
id25277,0.8666508,0.064331554,0.06901768
id22004,0.60196584,0.03336884,0.36466533
id16728,0.063705556,0.9303363,0.005958179
id06907,0.10533422,0.7636392,0.13102657
id11895,0.29616606,0.69502485,0.008809085
id13802,0.37450016,0.46869743,0.15680246
id18459,0.009942012,0.9781241,0.011933941
id21371,0.87059975,0.007733407,0.12166687
id11408,0.15452135,0.8443562,0.0011224655
id05442,0.26632765,0.54301107,0.19066134
id21499,0.21318547,0.13717324,0.64964134
id18066,0.5030544,0.47931522,0.01763039
id23617,0.16690151,0.036467005,0.7966315
id07725,0.11506531,0.01698849,0.8679462
id24627,0.66727364,0.07395769,0.2587687
id19108,0.78554714,0.17429778,0.040155027
id11800,0.1410958,0.0071563045,0.85174793
id14588,0.7571752,0.006480855,0.23634392
id27474,0.37384653,0.17787719,0.44827625
id07924,0.75353336,0.1741522,0.07231441
id10772,0.5026544,0.07674654,0.4205991
id19235,0.4125503,0.066319056,0.5211306
id13647,0.4085603,0.46844527,0.12299442
id08673,0.60317105,0.017896814,0.3789321
id24850,0.34671542,0.65028495,0.0029996762
id11764,0.74340475,0.029537324,0.227058
id05197,0.65651816,0.18731655,0.15616532
id23600,0.14559124,0.056515437,0.7978933
id14699,0.087076746,0.89985985,0.013063436
id26801,0.4295335,0.1090814,0.4613851
id25664,0.8731562,0.029877761,0.096966006
id07809,0.4560256,0.41995662,0.124017775
id13081,0.25368056,0.013881518,0.7324379
id11381,0.43448266,0.14448906,0.4210283
id14721,0.29696587,0.12365785,0.5793763
id07800,0.48576635,0.038327858,0.4759058
id13883,0.5400427,0.24424972,0.21570754
id04488,0.61513376,0.010491345,0.3743749
id03530,0.32683018,0.15347235,0.5196975
id15823,0.2251401,0.0027361906,0.7721237
id11701,0.27110875,0.005842259,0.72304904
id07806,0.044677127,0.88086724,0.07445566
id19036,0.08104385,0.8952382,0.023717912
id20765,0.7559062,0.23739234,0.0067014997
id26691,0.096088134,0.100945644,0.80296624
id02642,0.22619931,0.05559856,0.7182021
id06475,0.7328955,0.2137539,0.05335064
id19019,0.4823975,0.15457927,0.3630232
id14616,0.39119315,0.08853178,0.52027506
id08537,0.7489571,0.2451775,0.00586541
id19126,0.28421366,0.15952675,0.5562596
id01774,0.055689774,0.0065193656,0.9377909
id08623,0.42607698,0.39961544,0.17430755
id17150,0.10379627,0.0045616035,0.8916421
id06325,0.17489149,0.16119626,0.6639123
id23161,0.04988603,0.023426821,0.9266871
id09876,0.37986708,0.037074048,0.5830589
id01551,0.5798831,0.087849,0.33226797
id12334,0.092246994,0.90469384,0.0030591695
id03577,0.43248674,0.005094418,0.5624189
id20706,0.90631276,0.02774502,0.06594223
id23704,0.08250634,0.55562955,0.36186415
id10029,0.025532588,0.9340827,0.04038473
id19600,0.03099456,0.95111966,0.017885799
id22367,0.09263478,0.9060189,0.001346275
id12262,0.9326533,0.049020216,0.018326463
id09698,0.1702439,0.7852802,0.044475876
id10919,0.8815343,0.039534424,0.07893131
id12508,0.05390874,0.90029484,0.045796458
id16206,0.40851593,0.032836307,0.5586478
id25927,0.29938513,0.012969113,0.68764573
id23189,0.11749364,0.8782936,0.0042128405
id00406,0.13700889,0.70743614,0.15555494
id01257,0.14967564,0.6511144,0.19920994
id15147,0.98699564,0.007691943,0.005312467
id24692,0.43510377,0.48824576,0.076650515
id02919,0.10741147,0.88824385,0.0043446007
id00339,0.025774123,0.9643375,0.009888409
id20981,0.08116518,0.8490708,0.06976407
id00658,0.56918734,0.004094478,0.42671815
id02255,0.2770969,0.019960433,0.70294267
id13282,0.7969412,0.18097503,0.022083782
id13189,0.23570304,0.46601292,0.29828408
id07267,0.88271934,0.0016907882,0.115589865
id05272,0.64191365,0.015667103,0.34241924
id22653,0.7129038,0.15275253,0.13434365
id06894,0.22584257,0.0147908395,0.7593666
id21657,0.3414681,0.61846983,0.040062148
id00430,0.059543777,0.63146335,0.3089929
id21655,0.25595832,0.06926971,0.674772
id04764,0.45410824,0.12106337,0.42482832
id08665,0.075660214,0.0073232003,0.91701657
id20985,0.15282339,0.007806196,0.8393704
id08095,0.50509745,0.45542714,0.039475456
id12015,0.6928301,0.27284396,0.03432596
id13210,0.7026195,0.21644257,0.08093794
id24937,0.2761353,0.71939486,0.0044698534
id03675,0.035343874,0.9599516,0.0047045187
id26951,0.30890465,0.61253303,0.078562304
id06104,0.13807143,0.037343316,0.82458526
id20105,0.050160475,0.9418486,0.007990979
id20441,0.0702146,0.0061868005,0.9235986
id05660,0.55772924,0.049188063,0.3930827
id04078,0.1184855,0.028592939,0.85292155
id26101,0.23779121,0.048254225,0.71395457
id10144,0.33501732,0.6170944,0.047888223
id15096,0.07497389,0.05135293,0.8736732
id11903,0.38845602,0.003393784,0.60815024
id24093,0.07938539,0.0113897035,0.9092249
id06388,0.38253835,0.24630788,0.3711538
id01203,0.5790202,0.009991824,0.41098797
id18448,0.8669896,0.046535816,0.086474635
id10382,0.35667357,0.10369661,0.5396299
id25109,0.11085942,0.44006613,0.44907442
id15526,0.1868736,0.012602549,0.8005239
id09411,0.21356894,0.03785625,0.7485748
id03937,0.31035626,0.021620857,0.6680229
id09740,0.15731667,0.0021454277,0.8405379
id11584,0.25737742,0.4897299,0.2528927
id06135,0.66777694,0.28508532,0.047137804
id22666,0.672933,0.30413032,0.022936732
id03104,0.9796587,0.0027624294,0.017578851
id21763,0.76086164,0.11303678,0.12610164
id26344,0.13367754,0.12472291,0.74159956
id11819,0.8112816,0.06010399,0.12861435
id20309,0.06375868,0.9251075,0.011133828
id12751,0.7568248,0.16845866,0.07471658
id16205,0.6937708,0.064783305,0.24144591
id07347,0.16843584,0.018728036,0.81283617
id20347,0.43324566,0.5612093,0.0055450546
id05696,0.21554099,0.0076973476,0.77676165
id04648,0.8453785,0.0729365,0.081685
id19654,0.5586449,0.3229343,0.11842081
id03991,0.31821314,0.11871901,0.56306785
id05523,0.29222846,0.053231746,0.65453976
id27445,0.9067635,0.010201931,0.083034545
id27516,0.03247766,0.9584506,0.00907172
id13992,0.16510883,0.0008908644,0.83400035
id02429,0.17405173,0.009065886,0.81688243
id01682,0.1744995,0.82218933,0.0033112383
id20561,0.7787252,0.050566196,0.17070861
id26906,0.9366977,0.026911559,0.036390718
id01724,0.35642406,0.5152811,0.12829491
id25283,0.6454246,0.017436754,0.3371387
id06926,0.6714445,0.20805459,0.120500974
id13887,0.8154066,0.002206875,0.18238655
id07530,0.7372252,0.040390577,0.2223843
id13460,0.9085102,0.053400587,0.038089212
id14695,0.1522433,0.84500885,0.0027478847
id08133,0.46143273,0.022039413,0.5165279
id06364,0.16731855,0.21615656,0.6165249
id22368,0.017139163,0.9105259,0.07233496
id04855,0.06461819,0.9334105,0.0019712914
id14016,0.32201096,0.5789022,0.09908685
id25801,0.14745209,0.8352964,0.017251581
id16241,0.1472781,0.02401902,0.82870287
id01120,0.14962915,0.5630425,0.28732836
id00058,0.48370096,0.29427618,0.22202285
id24503,0.26608834,0.06644416,0.66746753
id03213,0.16142984,0.6843069,0.15426324
id06040,0.66424465,0.0040276446,0.33172774
id26219,0.08002851,0.78033763,0.13963385
id23723,0.062640764,0.85716224,0.080197036
id17565,0.43112454,0.23491392,0.33396155
id02243,0.2487907,0.34017074,0.4110386
id04802,0.9483243,0.017200371,0.03447531
id07148,0.2905486,0.0069950884,0.70245636
id16071,0.56025505,0.055907838,0.38383713
id14810,0.5890774,0.023462728,0.38745987
id15386,0.7553778,0.20120859,0.043413598
id14768,0.68859196,0.306607,0.0048010205
id05056,0.79967344,0.0015634559,0.1987631
id27065,0.5335548,0.027554968,0.43889025
id27245,0.60026497,0.38945723,0.010277821
id25911,0.7733933,0.19392797,0.032678757
id10581,0.76141363,0.06685723,0.1717292
id21852,0.43494627,0.03603533,0.5290184
id13922,0.29934624,0.16164294,0.5390108
id21904,0.25828546,0.25633806,0.48537645
id25974,0.48438963,0.004991289,0.5106191
id03323,0.51878417,0.29175854,0.18945731
id01385,0.56912565,0.30017367,0.13070068
id20469,0.49512705,0.25499406,0.24987894
id04281,0.47265136,0.1284608,0.39888784
id17752,0.8800513,0.118464,0.0014847028
id27768,0.7005273,0.23450409,0.06496857
id15545,0.023114832,0.9591624,0.017722758
id27853,0.23095135,0.0039834515,0.7650652
id10103,0.56342995,0.002882484,0.43368754
id04374,0.21245469,0.016089426,0.77145594
id23102,0.3597037,0.44979474,0.19050159
id15727,0.07416627,0.021641655,0.9041921
id22643,0.26788354,0.01975919,0.71235734
id26174,0.043672245,0.09358965,0.86273813
id16776,0.10904719,0.85125554,0.039697282
id11156,0.8265201,0.02027151,0.15320845
id18288,0.48635796,0.02514207,0.48849997
id21487,0.31890723,0.041739713,0.6393531
id06888,0.45553112,0.052282892,0.49218598
id24094,0.44013518,0.046925284,0.5129396
id21383,0.23601887,0.65390015,0.110081
id10309,0.31611472,0.07634074,0.60754454
id09189,0.32736814,0.22710757,0.4455243
id26844,0.33116654,0.14502957,0.52380395
id02103,0.14539368,0.0032939636,0.85131234
id13699,0.14867908,0.056157336,0.79516363
id05005,0.11661516,0.0019206776,0.8814642
id19814,0.6958223,0.12306004,0.1811177
id24703,0.58136696,0.41467357,0.0039595263
id04594,0.12876017,0.39119986,0.48004
id13789,0.88268846,0.03572823,0.081583306
id01938,0.33440843,0.57957196,0.08601958
id24274,0.43082857,0.028527444,0.54064405
id13727,0.68987256,0.054939542,0.25518787
id19335,0.21565515,0.00793039,0.77641445
id21064,0.19592585,0.040207643,0.76386654
id04044,0.009637606,0.97827417,0.012088267
id01696,0.53079647,0.008714633,0.46048895
id05601,0.28182048,0.036908183,0.6812713
id13591,0.7072576,0.009069796,0.2836726
id09164,0.20452008,0.70915514,0.086324826
id16563,0.03446227,0.013397135,0.95214057
id00380,0.8602337,0.0015478884,0.13821839
id04612,0.053313907,0.02356567,0.92312044
id17341,0.12578963,0.35001895,0.52419144
id23426,0.032713376,0.8536342,0.113652475
id02177,0.7905828,0.13588162,0.07353565
id24279,0.1601328,0.020317636,0.81954956
id07226,0.73239315,0.23775873,0.02984813
id23305,0.3726567,0.021575028,0.60576826
id00684,0.45142725,0.10636298,0.44220978
id22025,0.09160991,0.016432773,0.89195734
id26143,0.7803523,0.12072734,0.09892043
id12002,0.04066749,0.8018121,0.1575204
id04610,0.5360598,0.45494807,0.008992178
id27224,0.26720917,0.018051118,0.71473974
id10716,0.35306254,0.56343526,0.08350219
id14057,0.89565265,0.02469825,0.079649106
id14982,0.6783538,0.026873844,0.2947724
id00401,0.65646076,0.13606498,0.20747429
id12248,0.8287528,0.07046233,0.10078488
id04641,0.52710485,0.35928974,0.11360545
id01658,0.48170272,0.01421614,0.50408113
id03153,0.3141624,0.09673371,0.5891039
id27961,0.41351765,0.11417278,0.47230962
id15984,0.781807,0.10027305,0.11791999
id01789,0.42984733,0.40941283,0.1607399
id27264,0.09305375,0.024292309,0.88265395
id05158,0.27767828,0.005937263,0.7163845
id14265,0.22807634,0.10715199,0.6647717
id20696,0.6489752,0.06476122,0.28626359
id01133,0.48602057,0.10834,0.40563947
id24953,0.56716704,0.4119202,0.020912789
id11298,0.2947066,0.037422035,0.66787136
id20917,0.4889186,0.060778435,0.45030293
id25275,0.6098343,0.388013,0.0021526571
id00850,0.68889844,0.08108074,0.23002087
id23225,0.07995326,0.9163021,0.0037447172
id15602,0.2139457,0.0061437134,0.77991056
id12160,0.19996363,0.49262428,0.30741212
id25388,0.11577639,0.8571507,0.027072964
id13837,0.07179782,0.89585614,0.032346018
id06804,0.10414239,0.00798758,0.8878701
id19978,0.21400917,0.77719533,0.008795554
id27563,0.30264157,0.0012140897,0.69614434
id23762,0.5206169,0.436481,0.042902097
id22734,0.28113964,0.57636833,0.14249203
id09094,0.51378065,0.068722576,0.4174968
id27270,0.09715784,0.7981479,0.10469422
id05043,0.06822954,0.7472743,0.18449615
id15290,0.45967445,0.51105416,0.029271439
id26333,0.54386336,0.0039352993,0.4522014
id26111,0.61051935,0.29136124,0.09811939
id23029,0.28763852,0.021341007,0.6910205
id11837,0.58366746,0.273159,0.1431736
id03497,0.6264039,0.006429482,0.36716658
id19290,0.42826515,0.5069659,0.064768955
id08008,0.63671446,0.32800767,0.035277836
id24949,0.047948454,0.91627985,0.035771724
id25023,0.37934262,0.032402467,0.5882549
id02205,0.11722652,0.42932057,0.4534529
id11041,0.67519206,0.087619625,0.23718837
id14395,0.030354222,0.96810246,0.0015433135
id01130,0.33153033,0.502294,0.16617566
id21066,0.5379118,0.048446883,0.41364133
id17774,0.903867,0.058349326,0.03778369
id24519,0.072088234,0.010019189,0.9178925
id08460,0.5855111,0.25473142,0.15975751
id19897,0.2504499,0.7411624,0.008387768
id19028,0.8941815,0.069019236,0.036799308
id01850,0.7527345,0.06680898,0.18045653
id22472,0.17609313,0.8222369,0.001669977
id10709,0.23207341,0.17284167,0.5950849
id17260,0.106636584,0.6337491,0.2596143
id22262,0.7677509,0.014103106,0.218146
id00115,0.7582454,0.2353527,0.0064018895
id17483,0.14988238,0.008612041,0.8415056
id10763,0.43036914,0.11284557,0.45678535
id18014,0.06910977,0.8857877,0.045102526
id20414,0.44371673,0.007830896,0.5484524
id14244,0.47340208,0.23604494,0.29055297
id24952,0.54906845,0.011677188,0.43925434
id08217,0.31865567,0.028462397,0.652882
id01578,0.0880603,0.009328057,0.9026116
id00641,0.64758295,0.35105476,0.0013623135
id24982,0.9187584,0.0076443036,0.073597364
id11192,0.8384172,0.13848543,0.023097374
id13759,0.19741607,0.030555045,0.77202886
id26752,0.7272975,0.2325434,0.040159184
id06820,0.7337158,0.04617769,0.22010654
id27298,0.39092055,0.34726778,0.26181167
id20735,0.18698306,0.0043610693,0.8086559
id08390,0.15388927,0.65393674,0.192174
id18571,0.33282596,0.017121494,0.6500526
id05804,0.03746143,0.9345907,0.027947927
id11867,0.07174301,0.03787982,0.8903771
id10286,0.45237762,0.017446624,0.5301758
id22020,0.9123589,0.02491444,0.062726706
id25835,0.15140642,0.023880063,0.8247135
id06583,0.74066955,0.09055814,0.16877234
id21403,0.08092375,0.7867585,0.13231778
id26730,0.88099647,0.051531143,0.06747234
id06873,0.75435287,0.006300972,0.23934619
id03552,0.9687359,0.0023092655,0.028954862
id05607,0.17025533,0.04172286,0.7880218
id26395,0.1562755,0.011395429,0.8323291
id02844,0.2867447,0.4527125,0.26054278
id19710,0.1852193,0.78338027,0.031400423
id17076,0.40678337,0.14885925,0.4443574
id14070,0.7644012,0.056852482,0.17874636
id17106,0.80500287,0.037139237,0.15785792
id24689,0.7720362,0.032494236,0.19546957
id03718,0.21159081,0.013685995,0.77472323
id03957,0.8573846,0.022341046,0.12027434
id18995,0.0658384,0.92906237,0.005099272
id11668,0.644336,0.15439425,0.20126976
id15721,0.7848387,0.013203966,0.2019573
id10379,0.17987873,0.77945226,0.040669013
id15009,0.5709012,0.037107453,0.39199132
id11339,0.08827735,0.8954963,0.016226342
id18532,0.3204,0.67762476,0.0019752658
id16469,0.6335085,0.03367323,0.3328183
id22464,0.08940819,0.9063451,0.004246686
id06314,0.19965011,0.0051079327,0.79524195
id27085,0.74228925,0.042495042,0.21521573
id14452,0.8600342,0.034607887,0.10535786
id14939,0.6237196,0.12715016,0.24913034
id20094,0.7141254,0.02865243,0.25722224
id23077,0.51030385,0.10161963,0.38807654
id17527,0.7563061,0.14805545,0.09563846
id14895,0.73861194,0.21881354,0.04257457
id22577,0.09725112,0.0056562037,0.8970927
id16111,0.09001567,0.8527948,0.057189517
id21649,0.25458413,0.18471804,0.56069785
id22954,0.90915287,0.044780426,0.046066746
id12624,0.1395214,0.018440263,0.84203833
id05737,0.80673796,0.032022424,0.1612396
id23937,0.204655,0.02974362,0.76560134
id06620,0.061120804,0.0027395135,0.93613964
id18650,0.14167458,0.08605595,0.7722695
id09656,0.46371475,0.03513478,0.5011504
id10285,0.566653,0.018774895,0.41457218
id05729,0.12019868,0.0058428594,0.87395847
id00102,0.09869675,0.028687354,0.8726159
id26276,0.25316137,0.28063488,0.46620378
id12620,0.6774776,0.31613505,0.0063873143
id17949,0.38306502,0.026233898,0.5907011
id15708,0.14219202,0.853559,0.004248986
id18300,0.51495844,0.008782817,0.47625872
id04039,0.3950112,0.48267978,0.122309014
id12158,0.889993,0.015328137,0.09467888
id23197,0.036953807,0.7531897,0.20985653
id25384,0.3694733,0.51384026,0.11668646
id09070,0.072314724,0.20017985,0.72750545
id27734,0.79148024,0.05508436,0.15343544
id27332,0.50485784,0.07218329,0.42295888
id00973,0.89361167,0.020589134,0.085799195
id26625,0.41092283,0.4358261,0.15325102
id24578,0.25166318,0.73124015,0.017096652
id05423,0.1651076,0.7859555,0.048936963
id19124,0.23827164,0.73518366,0.026544735
id00946,0.8786246,0.0066302265,0.11474512
id19229,0.5853987,0.3541532,0.06044811
id05311,0.3264474,0.4427756,0.230777
id03289,0.8894088,0.08493822,0.02565295
id17758,0.08875147,0.9100293,0.0012192578
id24336,0.099051476,0.897615,0.003333551
id00603,0.21749894,0.03585416,0.74664694
id26467,0.09192958,0.015945742,0.89212465
id27835,0.12745929,0.26654124,0.60599947
id06861,0.307806,0.12175118,0.57044286
id23847,0.19520119,0.0047479933,0.8000508
id06174,0.28578377,0.70422,0.00999623
id10968,0.8114212,0.05357132,0.13500749
id10881,0.8421425,0.15243234,0.0054250513
id03204,0.06798219,0.88117605,0.050841775
id21921,0.4016255,0.1414989,0.45687556
id06539,0.693227,0.021159727,0.28561327
id08880,0.09227955,0.26654753,0.6411729
id14725,0.26086226,0.015525118,0.7236126
id26107,0.14744373,0.0049043684,0.8476519
id07874,0.1507312,0.84096766,0.008301109
id23638,0.57102895,0.050066784,0.37890425
id13498,0.24645476,0.071565,0.68198025
id18940,0.21651945,0.011341422,0.7721392
id02120,0.6167866,0.26020923,0.12300419
id26663,0.5947789,0.20275895,0.20246215
id20127,0.1574085,0.00074114866,0.8418503
id27922,0.40424916,0.026780551,0.5689703
id15106,0.5322538,0.099739306,0.36800694
id22158,0.258987,0.0068213623,0.73419166
id17029,0.10748983,0.8525203,0.039989892
id02554,0.4502638,0.16333374,0.3864025
id18454,0.034740206,0.22898118,0.73627865
id09016,0.21852414,0.010514097,0.77096176
id02307,0.8981337,0.008009212,0.093857154
id01650,0.21991317,0.030489659,0.7495972
id01254,0.1362221,0.86263335,0.001144525
id12921,0.19178201,0.006286412,0.8019316
id05721,0.22876777,0.004092966,0.76713926
id05798,0.19071048,0.7291073,0.08018219
id04417,0.2408602,0.0029747905,0.756165
id19620,0.5196837,0.03559012,0.44472614
id22680,0.15030402,0.83699924,0.012696757
id21992,0.2026312,0.00837176,0.78899705
id22823,0.6098804,0.34920028,0.040919334
id12750,0.5079761,0.35402972,0.13799421
id23220,0.21783884,0.009761137,0.7724
id11851,0.5988761,0.09932764,0.30179623
id27438,0.5932153,0.046805773,0.359979
id00797,0.19421388,0.017517464,0.7882686
id08593,0.55399764,0.03168465,0.4143177
id01042,0.18213107,0.08956905,0.7282999
id19898,0.30326793,0.5966761,0.10005599
id24615,0.093666606,0.06494435,0.84138906
id18594,0.2656272,0.01636637,0.71800643
id08534,0.034708083,0.010564713,0.95472723
id03889,0.8282757,0.15028882,0.021435516
id04873,0.6102036,0.023822455,0.36597398
id08264,0.9158962,0.07886634,0.00523748
id10187,0.28615046,0.20335741,0.51049215
id14278,0.18227437,0.09470132,0.7230243
id22528,0.12014267,0.87868464,0.0011726726
id07416,0.12626834,0.438359,0.43537262
id02857,0.2740147,0.6450856,0.08089978
id03875,0.048307013,0.9489537,0.0027393037
id24437,0.04224048,0.94833434,0.009425125
id24940,0.09101435,0.7243219,0.18466376
id15070,0.5511352,0.049759183,0.3991057
id14891,0.86516255,0.044138458,0.090699
id02110,0.78171855,0.06329606,0.15498537
id24405,0.09979963,0.74611753,0.15408286
id00373,0.41011772,0.0035621007,0.5863202
id12728,0.7726411,0.02751837,0.19984055
id18958,0.8489583,0.113777466,0.037264213
id17443,0.073901735,0.9153787,0.010719582
id03959,0.7130894,0.0071148546,0.27979577
id13218,0.1798808,0.09162772,0.7284915
id01980,0.60115826,0.38984638,0.008995368
id10697,0.9370391,0.007043463,0.055917498
id24816,0.16010605,0.16910568,0.6707883
id00088,0.12174804,0.055144742,0.8231072
id13846,0.2380615,0.75729704,0.00464146
id17597,0.6048937,0.10744997,0.28765637
id09947,0.0868968,0.90914047,0.0039628074
id12050,0.42711508,0.08247723,0.4904077
id24060,0.13508467,0.0015116867,0.8634037
id19942,0.7719837,0.064492024,0.16352428
id06541,0.61890537,0.28869745,0.09239722
id05746,0.8169762,0.16744913,0.015574721
id13577,0.20165314,0.5781144,0.22023252
id11877,0.47948876,0.5000523,0.020459013
id19491,0.20765859,0.22662523,0.5657162
id11352,0.13138023,0.02313344,0.84548634
id12791,0.83842415,0.013711609,0.14786425
id05282,0.2023456,0.2466813,0.5509731
id26833,0.42659566,0.34870362,0.22470066
id00580,0.1373453,0.023773987,0.8388808
id01236,0.17318463,0.03602337,0.79079205
id05455,0.051525958,0.8852197,0.06325436
id00069,0.059563246,0.88127935,0.059157465
id01605,0.8334048,0.0034867043,0.16310854
id17737,0.68492067,0.08644245,0.22863689
id11315,0.13128741,0.05519839,0.81351423
id24044,0.37786058,0.048357293,0.57378215
id18677,0.8939273,0.0033263462,0.1027464
id17678,0.8547901,0.041207876,0.10400204
id21528,0.7488559,0.22423744,0.026906686
id21985,0.79856485,0.1393129,0.06212231
id12860,0.43673247,0.36056435,0.20270316
id08793,0.8594673,0.039228313,0.10130433
id09245,0.84230584,0.067341454,0.09035274
id12523,0.16227958,0.013596718,0.82412374
id07158,0.2221706,0.40576372,0.3720657
id03473,0.047440577,0.94614685,0.0064125513
id05999,0.9033888,0.015604498,0.081006706
id02469,0.52159566,0.017197834,0.46120647
id16675,0.46436667,0.066022195,0.4696111
id20508,0.20281373,0.042376056,0.7548102
id12669,0.8388583,0.00940114,0.15174058
id22277,0.32651353,0.005157862,0.6683286
id00355,0.31129685,0.16261639,0.5260868
id24427,0.15330143,0.78924584,0.057452627
id19241,0.6534961,0.053563707,0.29294017
id26301,0.37057695,0.38961962,0.23980339
id09404,0.15330283,0.82591945,0.020777695
id14347,0.9190031,0.024827735,0.056169145
id06898,0.92330235,0.021948503,0.054749127
id08750,0.74482197,0.07175815,0.1834199
id13572,0.501349,0.3023439,0.19630711
id08731,0.0063005215,0.98667765,0.0070218793
id20124,0.805965,0.0151413735,0.17889364
id14276,0.15854986,0.027062256,0.8143879
id13035,0.7122007,0.024705643,0.26309368
id24056,0.21188171,0.04355114,0.74456716
id21132,0.74937963,0.24808638,0.0025339837
id21465,0.19422539,0.013987441,0.7917872
id27148,0.22271168,0.7589624,0.018325973
id14482,0.5168941,0.025163062,0.4579428
id17950,0.777685,0.14676623,0.07554878
id15233,0.028428417,0.95437926,0.017192265
id11794,0.104320444,0.010569554,0.88511
id27227,0.2539339,0.7099185,0.03614762
id13093,0.30072424,0.67620504,0.023070773
id12869,0.053133514,0.9340287,0.012837849
id01256,0.47614935,0.14317554,0.38067505
id00934,0.3978931,0.010892111,0.5912148
id00121,0.3845585,0.57729065,0.038150888
id11054,0.2180476,0.77436817,0.0075842277
id02573,0.32685506,0.018657265,0.65448767
id13626,0.5451954,0.029064098,0.42574045
id25047,0.58139986,0.19069831,0.2279019
id04465,0.1768941,0.82075053,0.0023553835
id09344,0.10341286,0.12043052,0.7761566
id24254,0.044300992,0.9334231,0.022275936
id04266,0.2126574,0.0026073002,0.7847353
id19734,0.2190678,0.121706545,0.65922564
id13127,0.63767576,0.0647621,0.2975621
id27066,0.15020882,0.05464162,0.7951496
id13629,0.19584243,0.0010865141,0.8030711
id26484,0.44226518,0.09299851,0.46473634
id02074,0.53608155,0.0100613395,0.4538571
id24688,0.6313381,0.05589781,0.31276402
id17455,0.1372131,0.7989145,0.06387237
id14980,0.60456634,0.0028024332,0.39263123
id15840,0.83856934,0.11754879,0.0438819
id20440,0.10163884,0.0010485951,0.8973126
id25262,0.7600181,0.11463357,0.1253483
id20395,0.14143768,0.82875574,0.02980661
id14332,0.06243686,0.91347986,0.024083313
id07118,0.51043195,0.02730404,0.46226403
id26424,0.48120156,0.38732356,0.13147493
id21308,0.42631507,0.29225165,0.2814333
id21688,0.4270688,0.0071569076,0.56577426
id09581,0.067000926,0.91637814,0.016620941
id27297,0.6176856,0.27868474,0.10362964
id20086,0.11116842,0.76715356,0.121678025
id03762,0.44189063,0.5118518,0.046257634
id10789,0.43431535,0.03769151,0.52799314
id18058,0.25184143,0.07854239,0.6696162
id01701,0.94375265,0.017370041,0.03887732
id17232,0.48879915,0.27878147,0.2324194
id23541,0.37167692,0.10698232,0.5213407
id20699,0.033353668,0.96555907,0.0010872426
id06657,0.06689296,0.016416855,0.9166902
id13807,0.37477183,0.03158507,0.5936431
id18344,0.16433807,0.6028874,0.23277453
id09363,0.069838,0.016939944,0.9132221
id12470,0.039068744,0.9373503,0.023580965
id13430,0.66132534,0.18753995,0.15113473
id13549,0.236208,0.006127931,0.7576641
id24423,0.5683939,0.4252918,0.006314286
id15402,0.5571465,0.068620406,0.37423313
id22070,0.4863068,0.5022341,0.0114592
id05977,0.93970305,0.04453376,0.015763124
id18772,0.4693326,0.09373502,0.43693238
id11214,0.29087433,0.6488876,0.060238175
id01263,0.43463227,0.11773179,0.44763598
id03187,0.84844077,0.14675458,0.004804592
id07817,0.89506286,0.060200173,0.04473697
id08796,0.19082373,0.60821587,0.20096043
id02347,0.32823288,0.002211616,0.6695555
id08989,0.06678542,0.062038448,0.8711761
id24462,0.58142203,0.37129265,0.047285303
id05147,0.17176439,0.009993006,0.81824255
id26389,0.42538583,0.56547415,0.009140039
id12300,0.44886962,0.062218867,0.48891157
id06273,0.5008667,0.03984871,0.45928463
id27453,0.32236293,0.49179232,0.18584482
id19255,0.5656348,0.1755252,0.25884005
id22593,0.86201817,0.09383171,0.044150162
id07089,0.707221,0.012014903,0.28076416
id22379,0.12657619,0.86986196,0.0035618772
id22024,0.7290969,0.09179346,0.17910962
id25541,0.16964078,0.4372305,0.39312875
id10216,0.30514017,0.6358599,0.058999967
id07493,0.8473632,0.024297453,0.12833938
id25552,0.6386778,0.012379486,0.34894276
id21244,0.6297113,0.0042346823,0.36605403
id17278,0.1993689,0.7273053,0.07332581
id14850,0.8297507,0.12071,0.049539283
id21434,0.15228368,0.02542005,0.8222962
id22924,0.6950542,0.007317574,0.29762825
id17321,0.49469712,0.19081588,0.314487
id04319,0.76726246,0.12960725,0.10313027
id09823,0.17653486,0.8134043,0.010060836
id03485,0.16470362,0.7501407,0.085155554
id12138,0.55244446,0.36889562,0.078659944
id00196,0.27821153,0.057482325,0.6643061
id07822,0.24704029,0.057066623,0.69589305
id21775,0.17616718,0.1240096,0.69982326
id13407,0.54212135,0.026083691,0.43179494
id12430,0.08914873,0.8935817,0.017269617
id23691,0.8500946,0.12354886,0.0263565
id17641,0.11964485,0.8720447,0.008310505
id09125,0.11418101,0.77006614,0.11575281
id18512,0.82124436,0.08580109,0.09295447
id01639,0.41560775,0.05411804,0.5302742
id06860,0.1228802,0.02405812,0.85306174
id25534,0.93394977,0.04681757,0.019232666
id13546,0.8127582,0.0045578,0.182684
id10032,0.7521249,0.029020999,0.21885413
id05228,0.20149654,0.3197189,0.47878456
id24992,0.092820205,0.006741955,0.9004379
id14168,0.7936309,0.002448238,0.20392081
id20747,0.69083464,0.12974061,0.17942476
id16986,0.8104898,0.03444747,0.15506278
id11226,0.5824202,0.2383837,0.17919618
id13998,0.5437388,0.006804673,0.44945657
id15169,0.7211147,0.022140305,0.256745
id00737,0.7517908,0.05682285,0.19138633
id24476,0.6689781,0.012385093,0.31863686
id03044,0.59221756,0.015968097,0.39181435
id26746,0.65501535,0.027853087,0.3171316
id10776,0.85420704,0.051853154,0.093939796
id06266,0.2405129,0.0159373,0.7435498
id13362,0.5041606,0.4867441,0.009095302
id09335,0.8893579,0.007769963,0.10287214
id15894,0.12672596,0.8387557,0.034518305
id15866,0.5494924,0.07044243,0.38006514
id25763,0.18949896,0.029745674,0.78075534
id01091,0.14499779,0.853775,0.0012272133
id11647,0.7390563,0.24508725,0.015856463
id19671,0.12739778,0.08607546,0.78652674
id18007,0.294537,0.02030949,0.68515354
id01473,0.42846146,0.2493404,0.32219812
id07169,0.21057755,0.02272659,0.7666959
id05484,0.065784246,0.0025117998,0.931704
id18452,0.8346473,0.005355806,0.15999681
id27490,0.5841434,0.25093046,0.16492619
id11050,0.7208193,0.13366409,0.1455167
id07588,0.23713262,0.007788155,0.75507927
id21194,0.9215407,0.0027499804,0.07570933
id07282,0.29632166,0.014709828,0.6889685
id03652,0.74709946,0.0020418465,0.25085866
id04009,0.115370035,0.8535691,0.031060904
id27188,0.6205308,0.22702996,0.15243933
id19554,0.42208034,0.04148664,0.53643304
id04072,0.6446162,0.004569649,0.35081416
id19023,0.28728387,0.45069382,0.26202235
id08801,0.3086101,0.03502469,0.6563652
id08893,0.31262305,0.040253364,0.6471236
id03644,0.053427644,0.9178907,0.028681664
id00579,0.3187121,0.049307548,0.63198036
id15631,0.7818104,0.060051706,0.15813793
id07828,0.54621243,0.45194244,0.0018451827
id00411,0.2161076,0.7805167,0.00337568
id26553,0.592243,0.02209481,0.38566223
id05221,0.24771978,0.002545108,0.7497351
id20958,0.62527126,0.034525603,0.34020317
id19691,0.73050153,0.009665241,0.25983325
id10400,0.9068985,0.008684963,0.0844165
id16157,0.22629751,0.048580166,0.72512233
id26110,0.03404123,0.9646937,0.0012650251
id26270,0.112648554,0.870398,0.016953494
id04157,0.9149932,0.042586356,0.04242033
id24711,0.22909197,0.02340322,0.7475048
id05534,0.33797923,0.05404043,0.6079804
id21712,0.16370407,0.5958879,0.24040805
id03280,0.28258833,0.041170485,0.67624116
id14997,0.19782257,0.006287981,0.79588944
id21964,0.099319756,0.0017319921,0.8989482
id20963,0.12481887,0.0015446137,0.87363654
id08635,0.15142772,0.6652007,0.18337159
id16390,0.3299346,0.63055444,0.039511032
id16486,0.41238308,0.04502009,0.5425969
id14367,0.081281476,0.24707046,0.6716481
id10560,0.7285106,0.20581219,0.065677226
id14106,0.41220006,0.05955728,0.52824265
id09668,0.8592935,0.06301152,0.07769495
id18250,0.76188165,0.071631394,0.16648701
id26648,0.5195869,0.21039388,0.27001917
id27314,0.64209074,0.0992401,0.2586692
id04581,0.4178875,0.0024994523,0.57961303
id06405,0.20098558,0.5368158,0.26219863
id17908,0.22194736,0.037002943,0.7410497
id07217,0.4623795,0.04349371,0.4941268
id17285,0.28733933,0.034883756,0.6777769
id19589,0.7991695,0.007267249,0.19356325
id15916,0.5761004,0.30195737,0.121942244
id26239,0.6321398,0.054698978,0.3131612
id20163,0.78663075,0.0021667485,0.21120255
id22845,0.052815296,0.208777,0.73840773
id11509,0.57184005,0.20389587,0.22426406
id26789,0.6340555,0.051565822,0.3143787
id24679,0.6805953,0.26054168,0.05886307
id19832,0.6022743,0.05585635,0.34186938
id11724,0.7001386,0.031215876,0.2686455
id01539,0.4242888,0.07516619,0.500545
id22039,0.33115068,0.41660005,0.25224927
id07621,0.16394094,0.004716969,0.83134216
id16398,0.50152874,0.37411758,0.12435367
id15932,0.31443834,0.05593697,0.62962466
id17054,0.10875274,0.88904786,0.0021994296
id23487,0.61656106,0.121348806,0.26209018
id16099,0.17114033,0.82347137,0.00538831
id25225,0.56170803,0.19492845,0.24336354
id18173,0.36385632,0.5428231,0.09332063
id24856,0.7458329,0.12903802,0.12512901
id14760,0.10356392,0.1270752,0.7693609
id25291,0.3916888,0.5825647,0.025746524
id16267,0.5819067,0.0074695987,0.41062373
id07922,0.2394321,0.0070489533,0.753519
id20870,0.36739242,0.073357634,0.55925
id21780,0.2944175,0.18200639,0.52357614
id21309,0.5527403,0.033882413,0.41337734
id05849,0.43752718,0.33493182,0.22754095
id16246,0.08745695,0.03141297,0.8811301
id25081,0.060995836,0.93476737,0.0042368216
id06468,0.62634075,0.32901248,0.044646736
id13842,0.20252346,0.7736083,0.023868272
id23976,0.23485175,0.09897019,0.66617805
id25649,0.7475984,0.015082659,0.23731893
id26815,0.09813189,0.87892115,0.022947004
id09343,0.4447359,0.05498985,0.50027424
id03120,0.42300922,0.10508987,0.4719009
id16638,0.6514545,0.019691441,0.328854
id18625,0.14752863,0.027913358,0.824558
id01679,0.381335,0.038333144,0.58033186
id17137,0.19859709,0.7982257,0.0031772756
id14684,0.1267631,0.004850765,0.8683861
id01671,0.5116887,0.21048425,0.27782702
id27271,0.4591569,0.019278334,0.5215647
id16321,0.84832567,0.0038113794,0.14786294
id07468,0.04831137,0.9469563,0.0047323643
id20777,0.17134649,0.009806958,0.8188465
id26036,0.64455736,0.12519744,0.23024523
id23135,0.07589135,0.0027175013,0.9213912
id07669,0.122346595,0.0063478593,0.8713055
id00142,0.077857,0.92065805,0.0014849798
id12357,0.73277247,0.05246344,0.21476413
id08890,0.0776664,0.27267542,0.64965814
id21379,0.4672035,0.49952587,0.03327063
id12099,0.7604433,0.0023665677,0.23719022
id06503,0.293127,0.07870168,0.6281713
id14408,0.39999306,0.5851208,0.014886156
id17370,0.4578956,0.41865268,0.123451725
id25432,0.87253207,0.0023800046,0.12508789
id10132,0.29557315,0.005011664,0.69941515
id27069,0.23078911,0.75433046,0.014880465
id11515,0.7205802,0.14356321,0.13585657
id01323,0.96620846,0.020730017,0.013061497
id22520,0.0982286,0.002877794,0.8988936
id03293,0.09787334,0.00571851,0.89640814
id19708,0.26680833,0.016030911,0.71716076
id22346,0.7523011,0.03756476,0.21013412
id27744,0.8900659,0.0044741966,0.10545986
id04004,0.324348,0.18297845,0.49267358
id09476,0.9017502,0.0041353498,0.09411437
id01582,0.14657629,0.05482507,0.79859865
id23782,0.459598,0.02037159,0.52003044
id03403,0.031483453,0.015978428,0.95253813
id11119,0.012139194,0.9328423,0.055018518
id16681,0.58894026,0.27744958,0.13361016
id16399,0.8967014,0.0021003047,0.101198345
id22630,0.84164387,0.12415597,0.034200214
id27950,0.71934193,0.028206918,0.25245112
id00046,0.8848392,0.02966293,0.0854979
id25556,0.26874235,0.04646444,0.68479323
id16039,0.7631163,0.036006503,0.2008772
id09110,0.6712116,0.009555638,0.31923273
id19881,0.8862865,0.09633214,0.017381383
id21735,0.68333596,0.16254446,0.15411958
id02023,0.9153805,0.0328258,0.051793747
id01230,0.24611937,0.7507337,0.0031469748
id14916,0.054488685,0.031077052,0.91443425
id04944,0.8224145,0.15046918,0.027116306
id04349,0.19137627,0.12706459,0.68155915
id22580,0.04096273,0.86731046,0.09172683
id00343,0.31127614,0.52788514,0.16083872
id14218,0.2185797,0.779867,0.0015532871
id10546,0.949759,0.013950358,0.036290642
id05627,0.40174243,0.01000355,0.58825403
id13735,0.017057713,0.9741101,0.008832158
id01525,0.16302496,0.0684752,0.76849985
id25242,0.4952608,0.034000445,0.47073874
id17077,0.5542579,0.33868706,0.10705504
id05672,0.6009367,0.38422337,0.014839875
id22404,0.13957635,0.7586062,0.1018175
id25704,0.077498876,0.868924,0.05357716
id00903,0.7598227,0.20797771,0.032199547
id15496,0.90070933,0.07752077,0.02176986
id09903,0.32648587,0.005568343,0.66794574
id03419,0.63237965,0.037940282,0.3296801
id06647,0.31089327,0.126667,0.5624398
id16700,0.21367717,0.7572739,0.029048966
id08983,0.6476301,0.050503876,0.30186608
id20782,0.6562305,0.023009937,0.32075956
id24494,0.37103003,0.62196547,0.0070045264
id10495,0.35028917,0.27776194,0.37194893
id21262,0.41000798,0.021030247,0.5689618
id25689,0.055232074,0.0010751465,0.9436928
id03705,0.08478909,0.23114276,0.68406814
id01187,0.6596132,0.20063113,0.13975568
id24649,0.6530681,0.16690482,0.18002708
id12629,0.19075477,0.06267431,0.7465709
id15211,0.1460902,0.73362184,0.120287925
id13170,0.43069637,0.09221692,0.47708672
id14801,0.26005572,0.6423882,0.09755606
id18525,0.53798246,0.38209257,0.079924926
id21963,0.86504626,0.111492224,0.023461508
id23746,0.04414608,0.007117474,0.9487364
id18216,0.3429025,0.14600272,0.5110948
id16493,0.24327236,0.03663013,0.72009754
id12987,0.16338116,0.73598725,0.10063163
id04814,0.47974637,0.49666983,0.023583852
id18602,0.4132584,0.012989121,0.57375246
id23173,0.0600779,0.92340124,0.016520903
id21165,0.18264702,0.6428145,0.17453851
id26123,0.95611376,0.026237082,0.017649183
id22608,0.20115112,0.021994658,0.7768542
id21139,0.8556854,0.0036009573,0.14071366
id21853,0.16422628,0.77208674,0.06368695
id24128,0.3670051,0.015066966,0.61792797
id15666,0.76822644,0.056914236,0.17485936
id11552,0.38805163,0.59868294,0.013265436
id17621,0.28278172,0.039853197,0.6773651
id20001,0.58409244,0.26007688,0.15583071
id14166,0.53077126,0.44477713,0.024451569
id24108,0.041220833,0.924539,0.03424008
id19871,0.12657891,0.7618791,0.11154199
id22361,0.28327596,0.097416244,0.61930776
id21065,0.42449057,0.13324618,0.4422633
id20749,0.9475551,0.050925415,0.0015194345
id20898,0.22656779,0.7646,0.008832299
id10398,0.19762668,0.054247037,0.7481263
id03578,0.2854594,0.025734946,0.68880564
id25932,0.2932256,0.41124904,0.29552537
id11133,0.0932556,0.026054684,0.88068974
id15794,0.30442074,0.6887077,0.0068715867
id24479,0.96054286,0.018727604,0.02072957
id09563,0.058641996,0.9342664,0.007091538
id11279,0.06095212,0.9155832,0.023464737
id26680,0.5531849,0.4163443,0.03047073
id20529,0.32669052,0.006574849,0.6667347
id11761,0.40214357,0.03994418,0.55791223
id02337,0.066820554,0.9204047,0.012774739
id04890,0.21000186,0.02446428,0.76553386
id15707,0.15011553,0.0019100844,0.8479744
id26204,0.31356066,0.034357183,0.65208215
id15611,0.92256653,0.023969183,0.053464346
id17714,0.10820581,0.21719866,0.67459553
id15392,0.6284751,0.0035037838,0.3680211
id14685,0.20264338,0.48730445,0.3100522
id02508,0.48702252,0.43284968,0.080127805
id12406,0.5265816,0.10369005,0.36972836
id24096,0.15549803,0.8422578,0.002244206
id19837,0.86189044,0.086852066,0.051257532
id25565,0.20444119,0.021553203,0.77400565
id27598,0.9328644,0.012115794,0.055019822
id26085,0.39268193,0.050021507,0.5572966
id17400,0.38161087,0.26585504,0.35253406
id04501,0.6216553,0.065842696,0.3125021
id02468,0.08697918,0.002351833,0.91066897
id07394,0.77343506,0.14150788,0.08505705
id18917,0.11619124,0.872969,0.0108398395
id14083,0.58351547,0.2346132,0.18187134
id22675,0.24333781,0.25638923,0.5002729
id27343,0.15859686,0.12644443,0.7149587
id23206,0.19649614,0.08105636,0.7224475
id11105,0.058782212,0.8680264,0.07319138
id21017,0.16188167,0.012596246,0.8255221
id13716,0.4737358,0.09702381,0.42924032
id00352,0.17408353,0.7495674,0.07634912
id12173,0.41467053,0.02295283,0.5623766
id15008,0.22862864,0.4691155,0.30225584
id23347,0.3336595,0.0475314,0.6188091
id23939,0.0925639,0.5055531,0.40188298
id12090,0.53681284,0.027400238,0.4357869
id08307,0.13510306,0.86394286,0.00095400424
id21316,0.2835143,0.022956258,0.6935295
id16457,0.40134126,0.027959289,0.5706995
id23808,0.06636971,0.082962215,0.8506681
id12826,0.30988446,0.65762895,0.032486625
id16819,0.18533584,0.25606003,0.5586042
id15128,0.09916984,0.90044457,0.0003855938
id14953,0.22978364,0.7403937,0.029822646
id04083,0.6429566,0.028332425,0.32871097
id00773,0.1116706,0.8401831,0.048146326
id24585,0.2331413,0.006883889,0.7599748
id01362,0.26134402,0.004265687,0.7343903
id04514,0.47980312,0.3236223,0.19657458
id19075,0.9871686,0.0025895434,0.010241842
id06283,0.8008682,0.1069662,0.09216561
id19848,0.014443239,0.9847565,0.00080024294
id02566,0.103385344,0.82398045,0.0726342
id26973,0.25153375,0.07244489,0.67602134
id09333,0.19959503,0.00090554595,0.79949945
id21745,0.12117832,0.014360059,0.86446166
id27167,0.17742164,0.8114256,0.011152719
id08481,0.11492588,0.87081885,0.014255309
id19456,0.80243903,0.19540186,0.0021590905
id01495,0.5647639,0.27642247,0.15881358
id15069,0.23234864,0.07946868,0.6881827
id18174,0.2628231,0.002227708,0.7349492
id14450,0.21831582,0.4870822,0.294602
id04149,0.08479808,0.9131689,0.0020329724
id10972,0.24973229,0.032566372,0.7177014
id05547,0.027249504,0.9601092,0.012641296
id17670,0.039666876,0.9098948,0.050438307
id04740,0.48227388,0.08993334,0.42779285
id24842,0.117925406,0.028665224,0.8534094
id26895,0.23181464,0.018690094,0.74949527
id15591,0.33098024,0.018773189,0.65024656
id20895,0.07206114,0.845078,0.0828609
id11532,0.10014852,0.00067578454,0.8991757
id16516,0.39287347,0.08448909,0.5226375
id14940,0.032910842,0.8964923,0.070596874
id17152,0.5144351,0.033568136,0.45199674
id12870,0.26911837,0.68915,0.041731644
id17405,0.5161074,0.3942066,0.08968601
id22274,0.037947007,0.9407146,0.021338373
id08337,0.3548674,0.018660925,0.6264717
id19549,0.16946425,0.01597474,0.814561
id19195,0.5182533,0.013543854,0.46820286
id11564,0.89042807,0.10786306,0.0017088881
id26771,0.076360166,0.63686323,0.28677657
id24955,0.11332676,0.8112182,0.07545505
id22140,0.5318758,0.022638947,0.4454852
id19920,0.22088422,0.045207996,0.73390776
id09807,0.27184615,0.70168066,0.026473247
id27426,0.65284216,0.012903611,0.3342542
id22006,0.95228523,0.0034144118,0.04430039
id10604,0.6272724,0.1307153,0.24201226
id11017,0.66806114,0.17232794,0.15961093
id14335,0.07817299,0.009539192,0.91228783
id08707,0.3774936,0.29315016,0.32935625
id15869,0.06740215,0.0012309019,0.931367
id20593,0.71172976,0.08890961,0.1993606
id07428,0.3845647,0.55599785,0.059437457
id11527,0.09292655,0.10509411,0.8019793
id14901,0.94994336,0.017898604,0.03215797
id19733,0.8106161,0.0021305676,0.18725336
id24677,0.3711899,0.6173912,0.011418885
id26656,0.16954131,0.021029757,0.809429
id11707,0.9227355,0.014287341,0.06297717
id26218,0.48078787,0.4567593,0.062452767
id19262,0.23266524,0.0055715153,0.7617633
id24905,0.3153475,0.061819553,0.62283295
id09170,0.8144376,0.018801622,0.16676079
id05772,0.117196396,0.009774543,0.87302905
id25405,0.27467117,0.007298325,0.7180306
id18491,0.11367451,0.023515401,0.8628101
id07780,0.1545665,0.23753427,0.60789925
id01689,0.2968468,0.039890416,0.6632628
id17498,0.040379483,0.014188381,0.9454322
id19964,0.72089726,0.08426885,0.19483384
id14525,0.16411513,0.026304964,0.8095799
id26363,0.29404536,0.033699207,0.6722554
id07108,0.07713325,0.015431387,0.9074354
id11692,0.80489147,0.005139709,0.1899688
id10891,0.20021807,0.2881326,0.5116493
id16743,0.19364564,0.6855285,0.12082585
id11556,0.78940564,0.0060685286,0.20452584
id09116,0.51175666,0.12143421,0.3668091
id24015,0.3764913,0.13596553,0.4875432
id00347,0.29578325,0.06849332,0.6357235
id06284,0.07793433,0.1790261,0.7430396
id18794,0.15159504,0.7785578,0.069847226
id10702,0.07059971,0.9241972,0.0052030133
id19239,0.36927786,0.015911119,0.61481106
id26016,0.5543116,0.006977753,0.4387107
id26227,0.3672212,0.08191812,0.5508607
id05367,0.7733677,0.19347234,0.033159874
id09568,0.16257638,0.2533912,0.5840324
id04660,0.9603564,0.02430171,0.015341871
id04744,0.48147982,0.12789132,0.39062887
id07251,0.47746152,0.08246551,0.44007298
id25977,0.021578008,0.9766952,0.0017268242
id06244,0.24682933,0.029026063,0.7241446
id24560,0.21803735,0.77869207,0.003270554
id05091,0.35147816,0.024539454,0.62398237
id27248,0.43894356,0.50670326,0.054353207
id12528,0.3062673,0.5138412,0.17989148
id27322,0.9611515,0.010050126,0.02879839
id27213,0.32897574,0.017735597,0.65328866
id18588,0.7156339,0.025117364,0.2592487
id14485,0.26380792,0.097061366,0.6391307
id27475,0.13872644,0.2862685,0.57500505
id02280,0.20478263,0.63448167,0.16073571
id24083,0.13332205,0.8630247,0.003653186
id02321,0.21405372,0.010957882,0.7749884
id10299,0.03845929,0.0654534,0.8960873
id27680,0.88309103,0.01080607,0.10610294
id17607,0.050748773,0.013873943,0.9353773
id06661,0.18680054,0.034002297,0.77919716
id23860,0.8703847,0.0013448455,0.12827039
id26850,0.06925141,0.91399187,0.0167567
id16484,0.6067033,0.019426411,0.3738703
id15302,0.24734278,0.18593083,0.56672645
id21138,0.66111493,0.3211807,0.017704353
id02525,0.17549928,0.6892161,0.13528463
id12608,0.027245725,0.9548337,0.017920608
id23863,0.35150808,0.07891222,0.56957966
id01755,0.72443366,0.08840023,0.18716612
id10567,0.7326871,0.04434639,0.22296649
id08445,0.32883877,0.45621312,0.21494812
id18146,0.10602957,0.021771204,0.87219924
id22263,0.4238435,0.19126,0.38489652
id13537,0.13235353,0.015090408,0.8525561
id19985,0.525692,0.021133263,0.4531748
id08053,0.21840094,0.017907755,0.7636913
id18959,0.08657732,0.9061297,0.0072930134
id06641,0.07607609,0.88825035,0.035673562
id27291,0.09234862,0.9044338,0.003217605
id16124,0.2066838,0.0073738364,0.7859424
id18221,0.20287144,0.0017776064,0.79535097
id25670,0.9489015,0.00577618,0.045322385
id18472,0.7184417,0.0038973142,0.27766103
id10302,0.19172776,0.034498904,0.7737734
id07721,0.28968048,0.6798879,0.030431634
id22148,0.09546359,0.04826062,0.8562758
id04724,0.11134723,0.8845164,0.0041363207
id03980,0.78586537,0.0363272,0.17780751
id11982,0.9245723,0.047261614,0.028166134
id05566,0.28566772,0.7125797,0.0017525629
id13235,0.19715239,0.79416203,0.008685565
id24524,0.39193955,0.26983663,0.3382238
id26783,0.09783812,0.00443408,0.89772785
id02220,0.10371663,0.84374803,0.052535374
id17163,0.73845863,0.16533655,0.09620479
id21903,0.8557436,0.13308777,0.011168571
id13350,0.11152401,0.0041758907,0.8843001
id07036,0.7148801,0.012653517,0.2724664
id09150,0.7040034,0.023948934,0.27204773
id22042,0.081293516,0.009181762,0.90952474
id19562,0.37553313,0.04777866,0.57668823
id05125,0.7647617,0.09623667,0.1390017
id19462,0.7831814,0.0066447905,0.21017377
id02265,0.7731701,0.22380005,0.0030298315
id11769,0.4694416,0.4459801,0.084578216
id19021,0.6847015,0.051024362,0.26427418
id06166,0.96945906,0.009882848,0.020658057
id26800,0.8033232,0.083683215,0.11299361
id21422,0.0869475,0.45914543,0.45390704
id13116,0.4006696,0.44047943,0.15885095
id05996,0.7908426,0.06743639,0.14172104
id23318,0.9127285,0.036478095,0.05079341
id20725,0.2881973,0.01537116,0.6964316
id09210,0.44472742,0.18725501,0.36801755
id25842,0.44194964,0.17178603,0.38626432
id00767,0.6691427,0.028439932,0.30241734
id05036,0.2658956,0.5231465,0.21095787
id14853,0.03523731,0.030331999,0.9344307
id16946,0.08706903,0.006771556,0.90615946
id26804,0.33287817,0.6183782,0.048743546
id24061,0.1681476,0.0058158347,0.8260366
id19861,0.78116316,0.18789013,0.030946765
id18210,0.7769787,0.01658889,0.20643249
id24313,0.3656447,0.02410511,0.61025023
id15960,0.3588193,0.045529746,0.595651
id14037,0.86867964,0.00270605,0.12861432
id17785,0.05497162,0.18838854,0.75663984
id19362,0.23116176,0.0023279155,0.76651037
id10372,0.951679,0.0199453,0.028375683
id03061,0.7487537,0.09326103,0.15798528
id27583,0.16803777,0.004851398,0.8271109
id22055,0.85409254,0.004733794,0.14117365
id07920,0.12819757,0.86925375,0.0025487521
id16813,0.68392056,0.033818427,0.28226098
id03088,0.41560447,0.410913,0.17348252
id03026,0.42330968,0.26913774,0.30755258
id09934,0.8985022,0.0077281515,0.09376967
id21452,0.6346142,0.033732,0.33165377
id05576,0.08745859,0.0073001073,0.9052413
id22391,0.1532021,0.016570713,0.8302272
id10554,0.6705223,0.03120799,0.29826978
id03291,0.3266338,0.054280326,0.61908585
id23280,0.9291758,0.060542222,0.010281969
id17777,0.09440051,0.0016045438,0.903995
id24574,0.6344202,0.18194203,0.18363783
id05459,0.38441458,0.55293864,0.0626468
id02724,0.3340056,0.046694595,0.61929977
id27678,0.63911825,0.056724966,0.3041568
id21722,0.08532795,0.75055915,0.16411294
id18139,0.19992732,0.4315412,0.36853147
id16264,0.085801266,0.86613905,0.0480597
id14537,0.4003635,0.12679765,0.47283888
id18814,0.6318435,0.04846155,0.31969497
id08331,0.22515136,0.71727854,0.057570096
id03963,0.7916078,0.047959413,0.16043273
id07558,0.5588823,0.009457777,0.43165997
id26275,0.5718233,0.29803735,0.1301393
id26188,0.17105728,0.8089276,0.020015173
id06789,0.46647337,0.04538233,0.4881443
id21788,0.08241977,0.9162347,0.0013455934
id13972,0.630079,0.048657697,0.32126334
id08643,0.91061676,0.012750462,0.07663275
id09642,0.32726377,0.6321279,0.040608384
id14054,0.7333054,0.25447756,0.012217089
id12216,0.39183724,0.14624025,0.46192256
id09211,0.16912217,0.7627795,0.06809838
id16903,0.24233906,0.7497444,0.007916516
id18976,0.1213612,0.11273511,0.7659037
id01861,0.57226074,0.2214897,0.20624958
id22745,0.2280316,0.7196581,0.052310344
id03560,0.89476514,0.0148055,0.09042938
id17799,0.8043013,0.008103676,0.18759502
id12387,0.12327671,0.0174545,0.85926884
id09450,0.6626677,0.017902592,0.31942976
id18088,0.33703128,0.037906293,0.6250624
id21697,0.82832843,0.012614406,0.15905711
id26128,0.15407129,0.8408698,0.005058933
id27462,0.2719577,0.0073185493,0.72072375
id19394,0.96392375,0.010338305,0.025737915
id19929,0.07802484,0.9087821,0.013192963
id16056,0.081287846,0.6542214,0.26449072
id08756,0.09351485,0.0093985805,0.89708656
id09203,0.0793865,0.862703,0.0579105
id14098,0.95455104,0.010338249,0.03511073
id24641,0.59777033,0.15449771,0.24773194
id24507,0.013372547,0.97769326,0.008934172
id20161,0.68681306,0.22005522,0.09313176
id11710,0.3277611,0.04843272,0.6238062
id15751,0.20734213,0.77726495,0.015392898
id06617,0.52709806,0.05501583,0.41788608
id19131,0.49827227,0.0029686277,0.49875912
id02796,0.60045606,0.24236938,0.15717462
id15575,0.067192286,0.9087323,0.024075415
id21828,0.7378852,0.08495886,0.17715596
id15093,0.14683868,0.84088236,0.012278985
id27867,0.4274367,0.24825868,0.3243046
id19315,0.27305394,0.009999553,0.71694654
id19398,0.5385258,0.16945466,0.29201952
id01572,0.28468594,0.7052929,0.01002124
id09781,0.8380326,0.055058744,0.10690867
id19278,0.35660392,0.26871917,0.37467697
id11852,0.37025136,0.021093136,0.6086555
id07067,0.10163396,0.0094230445,0.888943
id08550,0.13858005,0.86017144,0.0012485407
id02634,0.44483656,0.06205248,0.49311098
id02449,0.762718,0.0055730534,0.23170897
id10359,0.69907767,0.104315296,0.19660707
id00217,0.7278049,0.02775543,0.24443968
id20848,0.16677202,0.6625011,0.17072691
id20229,0.898172,0.014531782,0.087296195
id02211,0.20283644,0.68468076,0.1124828
id08435,0.32321635,0.15572587,0.5210578
id23681,0.3756914,0.07854758,0.545761
id00571,0.40250352,0.00553225,0.5919642
id16280,0.124552794,0.014723055,0.86072415
id15022,0.5759101,0.10897916,0.31511077
id08040,0.27391073,0.024923965,0.7011653
id18087,0.69097817,0.08703679,0.22198509
id11280,0.83632237,0.030671999,0.13300559
id21543,0.4614539,0.2393699,0.2991762
id00245,0.8358372,0.05049091,0.11367194
id13745,0.14206171,0.0016147994,0.8563235
id15734,0.86279917,0.09576908,0.04143182
id22572,0.051424753,0.7773883,0.17118697
id12741,0.10605913,0.0062438645,0.88769704
id16477,0.37105578,0.6165657,0.012378507
id26261,0.08941123,0.0018171152,0.9087717
id15867,0.7119639,0.17181122,0.116224915
id10479,0.83160865,0.07108592,0.09730536
id17736,0.100301996,0.0093643395,0.89033365
id17768,0.059238605,0.005647951,0.93511343
id14172,0.51417834,0.48255438,0.0032673404
id01972,0.13915989,0.09875143,0.7620887
id10962,0.609238,0.17075612,0.2200059
id16692,0.5803469,0.29457256,0.12508056
id25471,0.15443148,0.84345317,0.002115356
id05603,0.04042637,0.95827204,0.0013015673
id15340,0.52301604,0.03677532,0.44020864
id22971,0.4621619,0.0464695,0.4913686
id06765,0.028133063,0.9706453,0.0012216797
id19864,0.6203047,0.09484852,0.2848468
id15834,0.11291761,0.77618647,0.11089591
id17395,0.16511242,0.024775805,0.8101118
id02585,0.14495379,0.8485295,0.0065166745
id13154,0.6559525,0.23138805,0.11265946
id12972,0.16949311,0.7198921,0.11061486
id11103,0.63398737,0.17180584,0.1942068
id26062,0.119656585,0.21943831,0.6609051
id07339,0.7994068,0.15190046,0.048692744
id06096,0.9673641,0.028885636,0.0037503175
id22945,0.2815342,0.714025,0.0044408236
id10058,0.7198829,0.017604439,0.2625127
id06435,0.761538,0.215353,0.023109017
id12636,0.34481126,0.097686835,0.557502
id25423,0.07399618,0.0053062304,0.92069757
id12990,0.22538924,0.04469916,0.7299116
id24106,0.08784591,0.63623285,0.27592123
id14481,0.119459726,0.82719284,0.05334749
id03617,0.38297412,0.120497115,0.49652877
id26055,0.6429235,0.0035773395,0.35349914
id23712,0.8407262,0.075867824,0.08340591
id19441,0.13191025,0.859743,0.008346714
id17042,0.6885847,0.28792214,0.023493143
id09018,0.079165995,0.89152503,0.029308995
id08879,0.08950829,0.91020256,0.0002890891
id10841,0.061268467,0.9350566,0.0036749686
id04776,0.21768102,0.78046215,0.0018568297
id26526,0.21563913,0.025154749,0.75920606
id14181,0.089207456,0.5507479,0.36004472
id18396,0.60202307,0.0068064723,0.39117044
id05585,0.49617907,0.45067456,0.053146392
id11546,0.2630075,0.009030435,0.7279621
id08027,0.40215877,0.3142691,0.2835721
id00659,0.46847916,0.034286287,0.49723458
id10937,0.18072851,0.7689255,0.050346036
id01898,0.16145879,0.8226121,0.015929122
id23695,0.17479846,0.0018046948,0.82339686
id07856,0.08084468,0.8876041,0.03155121
id25233,0.6694628,0.016613018,0.31392416
id24052,0.26524156,0.2620874,0.4726711
id01698,0.2589598,0.72335094,0.017689247
id01356,0.09832744,0.856918,0.044754583
id10430,0.17039305,0.6838621,0.1457449
id04778,0.257587,0.0024995322,0.7399135
id24707,0.42940888,0.55164117,0.01895
id04539,0.15599883,0.031004298,0.8129969
id20011,0.5593298,0.046363145,0.39430708
id09950,0.3195993,0.6765917,0.0038090525
id14397,0.7430307,0.24493581,0.012033451
id04457,0.44981712,0.33645564,0.2137272
id19469,0.11879176,0.85470873,0.026499555
id24230,0.08950858,0.8381113,0.072380155
id16719,0.70431787,0.29160315,0.0040790434
id20183,0.110282004,0.88692254,0.002795447
id24531,0.14421694,0.013625509,0.8421576
id04934,0.709734,0.20624202,0.08402389
id17230,0.19339271,0.034783624,0.77182364
id07561,0.625582,0.02117752,0.35324052
id12282,0.4142271,0.5813085,0.004464427
id14992,0.5739822,0.105298325,0.32071954
id02934,0.74938303,0.099407814,0.1512092
id00189,0.65706134,0.022243176,0.32069552
id27941,0.04619002,0.9534695,0.00034048216
id14642,0.3217647,0.6302924,0.047942962
id23445,0.68038225,0.062031057,0.25758675
id21603,0.17018367,0.011447618,0.8183687
id21046,0.046417713,0.9259731,0.027609225
id02264,0.10544057,0.8527612,0.041798253
id00409,0.6109254,0.023561254,0.36551338
id00351,0.67708,0.31295547,0.009964606
id14362,0.0064560687,0.98954695,0.0039969375
id20757,0.4905006,0.27068183,0.23881757
id22764,0.71685207,0.12984917,0.15329883
id19264,0.0942722,0.37085652,0.5348713
id04506,0.44013792,0.09373365,0.46612844
id18505,0.83729315,0.157438,0.0052688643
id27354,0.10718501,0.01893314,0.8738818
id22410,0.8740978,0.11710378,0.00879831
id14241,0.20797978,0.7902915,0.0017287555
id18785,0.2546899,0.70580137,0.03950872
id16649,0.8281521,0.052890316,0.11895761
id16386,0.37461284,0.6224763,0.0029109255
id09051,0.13309814,0.008580649,0.8583212
id22296,0.6836597,0.27615607,0.040184278
id08584,0.5689829,0.12257145,0.30844566
id22219,0.29694834,0.0051695043,0.6978822
id18790,0.03151458,0.9674316,0.0010537752
id10922,0.27028164,0.20137179,0.5283466
id15002,0.4034505,0.00924585,0.5873037
id24862,0.033626936,0.9639508,0.0024222871
id25845,0.32801852,0.281736,0.39024553
id17586,0.501375,0.49023923,0.008385752
id09390,0.125496,0.0008332891,0.8736707
id20069,0.63438517,0.2505913,0.11502354
id05953,0.13175686,0.8636843,0.0045588333
id15583,0.08712406,0.9111843,0.0016916133
id03482,0.20515613,0.017562456,0.77728146
id06243,0.29760617,0.5273121,0.17508182
id01116,0.06790779,0.35200968,0.58008254
id17530,0.13435684,0.71227777,0.15336543
id07552,0.14040537,0.09405681,0.7655378
id03131,0.069407925,0.9160575,0.014534489
id23142,0.105302215,0.028693298,0.8660045
id05540,0.5833453,0.37884936,0.03780537
id06292,0.6422446,0.3119751,0.04578039
id26506,0.43810272,0.29610965,0.26578763
id19068,0.23675428,0.017790133,0.74545556
id21782,0.0657372,0.012047867,0.9222149
id24563,0.058359783,0.9191625,0.022477739
id21986,0.38453332,0.19138297,0.4240837
id04967,0.13494809,0.040007617,0.8250443
id11760,0.28848568,0.0424007,0.6691137
id02483,0.7173529,0.0036413877,0.27900568
id15791,0.27415356,0.0060126404,0.7198338
id14256,0.2289892,0.3121517,0.45885912
id18328,0.65523875,0.02744401,0.31731725
id06213,0.28459707,0.603633,0.11176997
id00772,0.6906225,0.19385017,0.11552736
id01113,0.6912061,0.27230412,0.036489766
id03972,0.96988016,0.027499951,0.0026198316
id25386,0.07320066,0.713761,0.21303836
id09156,0.047936723,0.9044996,0.047563676
id22624,0.26764578,0.06794045,0.66441375
id17789,0.20232345,0.7669353,0.030741256
id09039,0.31649178,0.6609151,0.022593195
id20538,0.35391316,0.074148014,0.5719388
id05501,0.38159376,0.0062345024,0.6121717
id27641,0.29632154,0.3727041,0.33097437
id05965,0.24506566,0.011237436,0.7436969
id23431,0.3203863,0.33009273,0.34952095
id13075,0.11889056,0.0064724768,0.87463695
id26190,0.4472496,0.0047688307,0.5479816
id12196,0.7311406,0.094049804,0.17480963
id21318,0.071134225,0.89235616,0.036509637
id11277,0.17293826,0.7243739,0.10268791
id07193,0.5826218,0.38678548,0.030592684
id17105,0.16322011,0.31450942,0.52227044
id18263,0.5608879,0.0018653829,0.43724674
id22875,0.2652293,0.17955078,0.5552199
id07157,0.14015822,0.014063428,0.84577835
id15051,0.9125265,0.034461748,0.05301177
id08871,0.27454633,0.2752006,0.4502531
id17036,0.117802426,0.033053745,0.84914386
id02783,0.038768914,0.514937,0.44629413
id26418,0.8500499,0.0065859817,0.14336415
id15748,0.55640197,0.38904214,0.054555874
id00820,0.113049395,0.8676502,0.019300377
id27695,0.5001366,0.10373954,0.3961239
id27286,0.37948754,0.53870255,0.08180988
id11680,0.039504506,0.02965983,0.93083566
id01070,0.3298873,0.023751544,0.6463612
id18486,0.08422329,0.25685784,0.65891886
id12389,0.12241941,0.802966,0.07461457
id12544,0.4552923,0.34068096,0.20402674
id04692,0.5919196,0.063742734,0.34433767
id17342,0.5395766,0.44601607,0.0144073395
id09640,0.15255673,0.010048705,0.83739454
id24300,0.27929518,0.002607628,0.7180972
id13725,0.5479489,0.009822716,0.4422284
id22633,0.85504127,0.103778936,0.041179746
id16653,0.67210394,0.077422716,0.25047335
id00184,0.7960889,0.0032661667,0.20064497
id23872,0.8952724,0.050804626,0.053923033
id05095,0.4869964,0.020507203,0.49249643
id05757,0.3112627,0.06440541,0.6243319
id26883,0.7947029,0.034476332,0.17082076
id01868,0.6681038,0.0056518484,0.32624438
id13053,0.2594449,0.0025472369,0.7380079
id24443,0.68360543,0.26853836,0.04785623
id12795,0.021677097,0.97783244,0.000490506
id05298,0.19469361,0.0836958,0.7216106
id07560,0.47180304,0.050832413,0.4773645
id10281,0.53392494,0.09041194,0.37566313
id07254,0.4703383,0.004961432,0.5247003
id00837,0.31665444,0.16741604,0.5159296
id04534,0.2894815,0.014051101,0.6964674
id16716,0.44919518,0.0615386,0.48926622
id04057,0.21996646,0.5051088,0.27492476
id14988,0.27753574,0.0106306635,0.7118336
id05353,0.41778505,0.24168108,0.34053385
id21250,0.61338556,0.3690518,0.017562589
id25963,0.21383215,0.7825475,0.0036203766
id10370,0.091367744,0.23186061,0.67677164
id26934,0.5045305,0.018721694,0.4767478
id07649,0.20863143,0.027655717,0.7637128
id21169,0.8318321,0.10205236,0.06611556
id25824,0.96203536,0.0024748025,0.035489842
id01154,0.36669585,0.47794056,0.15536359
id02523,0.5768309,0.026912956,0.39625618
id07677,0.50202286,0.09680024,0.4011769
id24447,0.09694224,0.014350592,0.88870716
id23036,0.31053162,0.005885345,0.6835831
id05424,0.5969674,0.259779,0.1432536
id18807,0.13071483,0.009812555,0.8594726
id05894,0.040867515,0.9415642,0.01756832
id08494,0.32092842,0.4666917,0.21237986
id17181,0.5313587,0.017683027,0.45095828
id24037,0.06634591,0.9259946,0.007659498
id22495,0.614918,0.0287601,0.35632193
id21717,0.3181606,0.29855603,0.38328335
id00477,0.43080458,0.16310632,0.4060891
id03167,0.1656828,0.029184125,0.8051331
id08783,0.23056312,0.03755808,0.7318788
id11954,0.8946419,0.069392785,0.035965364
id03029,0.81243247,0.097696796,0.08987076
id16359,0.58004975,0.09855876,0.32139143
id02984,0.8683549,0.1270616,0.0045834864
id24559,0.5339396,0.46163523,0.0044251936
id26880,0.10647072,0.0018431455,0.89168614
id00656,0.5085914,0.028330803,0.46307778
id07825,0.115866855,0.819738,0.06439522
id16525,0.10557312,0.8471886,0.047238283
id08849,0.45675385,0.39106998,0.15217616
id09260,0.2862843,0.7106393,0.003076468
id22233,0.78929484,0.010701231,0.20000397
id12191,0.05372151,0.0030080928,0.94327044
id15505,0.13206498,0.8468381,0.021096913
id15882,0.23965397,0.22513409,0.535212
id10569,0.24337861,0.08121867,0.67540276
id26059,0.42626533,0.47967267,0.09406195
id13055,0.36141628,0.06951001,0.5690737
id05388,0.8860927,0.0023888354,0.11151842
id25199,0.1045693,0.8069867,0.08844401
id11813,0.18573609,0.002325548,0.8119384
id14866,0.56605667,0.1040474,0.32989594
id22247,0.30462584,0.050008826,0.64536536
id08196,0.38576102,0.5259189,0.08832007
id27246,0.23129381,0.74022776,0.028478386
id21926,0.2060085,0.036755383,0.7572362
id01930,0.2559417,0.036862895,0.70719546
id26406,0.2524743,0.0094374735,0.7380882
id07760,0.33484715,0.6190438,0.046109
id24815,0.25253227,0.031224623,0.7162431
id22063,0.60249275,0.0041154474,0.39339182
id21513,0.040209208,0.9169465,0.0428443
id04006,0.67870975,0.02701955,0.29427072
id06177,0.40781847,0.5720355,0.020146077
id24010,0.8811475,0.049565516,0.06928693
id16402,0.14618292,0.004544472,0.8492726
id23894,0.90516484,0.006255791,0.088579305
id18867,0.6409593,0.014869233,0.34417143
id01691,0.040824726,0.9493451,0.009830206
id11818,0.14197096,0.8433192,0.014709851
id18481,0.36918366,0.2617904,0.36902598
id20137,0.8559567,0.03099607,0.11304722
id14630,0.43773913,0.39924774,0.16301306
id03058,0.27493337,0.17659177,0.5484749
id27857,0.2594799,0.70978767,0.030732399
id19345,0.44498688,0.31750384,0.23750928
id12726,0.50190365,0.017771354,0.48032498
id06015,0.15526146,0.038886614,0.80585194
id26548,0.19606014,0.052502215,0.75143766
id20284,0.32042304,0.01565965,0.6639173
id17912,0.30894884,0.062369607,0.6286816
id10287,0.78244144,0.070470385,0.14708818
id03604,0.10117378,0.8914095,0.007416754
id07423,0.26057726,0.4715566,0.26786613
id01484,0.091384165,0.8852094,0.023406453
id16904,0.9687673,0.0053275926,0.025905164
id13187,0.081502065,0.03883871,0.87965924
id08507,0.16751201,0.83098984,0.0014981907
id09599,0.7348818,0.005000187,0.26011804
id20460,0.24881616,0.67866814,0.07251577
id23743,0.1040577,0.89214367,0.003798639
id13914,0.016675444,0.9729605,0.010364135
id23108,0.8054223,0.15970443,0.034873188
id20111,0.22214098,0.7599688,0.017890217
id00300,0.12319346,0.8609451,0.015861427
id25970,0.58898807,0.10868616,0.30232581
id24588,0.14800933,0.025742548,0.8262481
id04799,0.22295381,0.18474497,0.59230125
id19685,0.06254172,0.4536288,0.4838294
id00628,0.051169924,0.0022302088,0.94659984
id10632,0.8758596,0.07758528,0.046555057
id24894,0.08136509,0.89288175,0.02575312
id06843,0.47757903,0.2702625,0.2521585
id16211,0.94431597,0.019389248,0.036294702
id10730,0.50495255,0.4898949,0.0051526106
id06399,0.172992,0.81927615,0.0077317497
id25138,0.83432657,0.15186797,0.013805435
id04372,0.2663737,0.20979497,0.52383137
id01057,0.5580574,0.043116897,0.39882568
id07505,0.28294975,0.66494244,0.052107748
id17331,0.8942728,0.0033668568,0.1023604
id11306,0.41511557,0.050040577,0.53484386
id07490,0.021991132,0.9666556,0.011353278
id00721,0.04091965,0.9492321,0.009848252
id07538,0.53923225,0.07468951,0.3860782
id11289,0.33093208,0.0073865964,0.66168135
id25207,0.8563414,0.008628002,0.13503058
id03831,0.8792919,0.0051023583,0.1156058
id05371,0.4516965,0.53248847,0.015815012
id07405,0.16078095,0.8362843,0.0029347576
id25960,0.041970406,0.9413512,0.016678378
id18497,0.036168244,0.55672324,0.40710855
id24478,0.8117466,0.098764956,0.08948849
id12431,0.08899303,0.9046316,0.0063754176
id24080,0.2133642,0.0058009406,0.7808349
id11862,0.1649471,0.14212388,0.692929
id04798,0.68836826,0.012881708,0.29875004
id22638,0.25743115,0.7275572,0.01501175
id16105,0.15743837,0.6474856,0.19507606
id05863,0.45989782,0.00817214,0.5319301
id11466,0.6880976,0.23902246,0.07287994
id06091,0.80055463,0.024699653,0.17474577
id04214,0.011840822,0.9819317,0.0062274993
id21197,0.48343235,0.49707624,0.019491412
id06479,0.16686681,0.020425374,0.8127078
id21801,0.7891614,0.005224676,0.2056139
id00540,0.82242423,0.17302196,0.0045538237
id07102,0.82869995,0.09266031,0.07863978
id12012,0.14657374,0.004995924,0.84843034
id17850,0.24920498,0.00535192,0.7454431
id12708,0.3211548,0.06447066,0.6143746
id09277,0.19209442,0.01247357,0.79543203
id11482,0.216357,0.62666136,0.15698165
id15327,0.8470961,0.07764644,0.07525751
id17561,0.15591355,0.8011277,0.0429587
id21966,0.51423424,0.05199643,0.43376935
id05742,0.9459164,0.01415412,0.03992949
id21441,0.70006716,0.12962593,0.1703069
id10819,0.09718526,0.87214434,0.030670423
id00018,0.4632044,0.37589362,0.16090198
id17038,0.72699606,0.22951467,0.043489296
id14680,0.3952238,0.5915656,0.013210536
id17760,0.124235615,0.09133761,0.7844268
id14436,0.45653927,0.11447699,0.42898372
id17180,0.20408285,0.00087963225,0.7950375
id19132,0.11226357,0.88307524,0.004661185
id17497,0.08152041,0.89589745,0.0225822
id26284,0.23008089,0.08553529,0.6843838
id04340,0.060234923,0.9314828,0.008282307
id06427,0.19345549,0.80538225,0.0011621844
id08340,0.5471725,0.43902186,0.013805631
id07167,0.062102307,0.93594027,0.001957425
id02218,0.61626786,0.0036895983,0.38004258
id18406,0.4367846,0.4771444,0.08607101
id22134,0.46771538,0.08805293,0.4442317
id04983,0.13484867,0.00619706,0.85895425
id17767,0.808389,0.14971957,0.041891478
id15131,0.051046472,0.88731956,0.061633952
id11132,0.87995553,0.043342307,0.07670217
id10054,0.665609,0.104699366,0.22969162
id03797,0.06669729,0.1055462,0.8277565
id17143,0.6594298,0.048663545,0.29190665
id19078,0.11161367,0.0027268024,0.8856596
id04919,0.74620616,0.061073143,0.19272073
id03272,0.32166618,0.5199215,0.15841232
id15047,0.10792467,0.062036477,0.8300389
id23727,0.6143492,0.13694604,0.24870478
id07221,0.810422,0.058821548,0.13075645
id13974,0.6080138,0.31481797,0.07716829
id24050,0.7426606,0.087451026,0.16988835
id18119,0.19548953,0.8008415,0.003669006
id05205,0.71252733,0.13928108,0.14819157
id05233,0.0639222,0.93020135,0.0058764215
id23556,0.5944594,0.07134557,0.33419502
id06323,0.48704356,0.21300748,0.29994896
id27903,0.1256868,0.036115523,0.8381977
id15164,0.7416201,0.1576689,0.10071101
id14714,0.062394492,0.9209185,0.01668699
id11585,0.047547307,0.92337346,0.02907928
id09119,0.7447463,0.14325212,0.11200152
id03135,0.9601973,0.025588393,0.014214297
id23385,0.529157,0.036737747,0.4341053
id18219,0.81472474,0.019085791,0.16618948
id17596,0.3768389,0.6116699,0.011491221
id12235,0.19046207,0.066111825,0.74342614
id15394,0.7637834,0.0015634235,0.23465315
id07727,0.9058963,0.041631073,0.05247265
id02748,0.81432205,0.17445262,0.011225369
id14913,0.2858772,0.0017165696,0.7124062
id05257,0.35900992,0.036818717,0.60417134
id23759,0.04829283,0.0018734307,0.94983375
id08726,0.6924066,0.04540235,0.2621911
id24493,0.74831676,0.12227871,0.12940456
id19945,0.45662627,0.46291208,0.080461696
id27893,0.34015447,0.3787755,0.28107002
id04975,0.39036655,0.050732095,0.5589013
id14722,0.5460485,0.20839828,0.24555318
id10320,0.041450582,0.80301154,0.15553792
id09619,0.13701467,0.8391117,0.023873607
id07480,0.18112107,0.7884847,0.030394254
id00342,0.079404086,0.90232044,0.018275395
id08611,0.5298038,0.068518005,0.40167823
id24284,0.11480168,0.0033461342,0.88185215
id20491,0.42498627,0.34420642,0.23080733
id18337,0.019495152,0.0037572277,0.9767476
id04781,0.89599305,0.040975396,0.06303158
id11067,0.88963544,0.08986705,0.020497521
id19402,0.7400444,0.1626456,0.09730999
id20009,0.16404653,0.023346404,0.8126071
id08535,0.10117462,0.0114796795,0.88734573
id07495,0.20461783,0.07249045,0.72289175
id06262,0.11056267,0.008038516,0.8813988
id10898,0.451177,0.05883579,0.4899872
id17778,0.069181114,0.929029,0.0017899484
id07210,0.39379928,0.56134385,0.044856932
id04367,0.06332128,0.83084244,0.10583627
id27713,0.6137272,0.05300212,0.33327064
id15428,0.19890082,0.7089623,0.09213686
id25427,0.46034938,0.21117537,0.3284752
id09789,0.317515,0.1006204,0.58186466
id07658,0.78652394,0.11100945,0.10246663
id25453,0.052063428,0.87458706,0.07334954
id24495,0.7494604,0.054026287,0.19651335
id03270,0.307266,0.43231067,0.26042333
id11879,0.32786316,0.48372295,0.18841393
id24356,0.023783222,0.017812809,0.95840394
id22256,0.07433596,0.06993454,0.85572946
id06050,0.08107947,0.8708356,0.04808493
id09555,0.6989938,0.015397609,0.2856086
id23772,0.04045394,0.9536724,0.0058736512
id21930,0.25073713,0.056786444,0.69247645
id00823,0.05550652,0.8742238,0.070269674
id23666,0.06985405,0.91477096,0.015374899
id08118,0.05226425,0.33840135,0.60933447
id21388,0.10276777,0.8134784,0.083753824
id23312,0.4591314,0.010861188,0.5300074
id08545,0.2908652,0.061928775,0.647206
id20351,0.20113692,0.2930815,0.5057816
id13536,0.49029195,0.037853435,0.47185463
id27742,0.25684687,0.71858835,0.02456474
id13343,0.10683799,0.017952768,0.8752093
id11987,0.06473461,0.91348654,0.021778876
id08921,0.35329044,0.010720666,0.6359889
id09972,0.64199173,0.27694422,0.081064045
id26173,0.91363966,0.002930722,0.083429635
id07917,0.14163382,0.348074,0.5102922
id01383,0.6066705,0.07178736,0.32154214
id26699,0.866116,0.09788986,0.03599409
id11058,0.20526724,0.08749044,0.7072423
id20425,0.1390595,0.68480915,0.17613134
id20238,0.20344087,0.7309215,0.06563768
id21348,0.04136091,0.8938862,0.0647529
id09552,0.33746344,0.059398834,0.60313773
id25075,0.5745547,0.047998674,0.37744665
id17749,0.061351757,0.0039335345,0.93471473
id18910,0.23750792,0.009534043,0.75295806
id13534,0.10592187,0.8688703,0.025207834
id22205,0.05303507,0.9286633,0.0183016
id23896,0.94793427,0.012168083,0.03989761
id23616,0.5373327,0.22275293,0.23991436
id03537,0.6931511,0.01676961,0.2900793
id18147,0.3336866,0.36088932,0.30542406
id25408,0.9431535,0.036749028,0.020097516
id09997,0.31941384,0.09491112,0.58567506
id23357,0.1873631,0.050884906,0.761752
id21880,0.4985055,0.031359006,0.47013548
id21633,0.15521227,0.8338621,0.010925584
id15976,0.20892988,0.04971615,0.741354
id20266,0.1372333,0.01012238,0.8526444
id26726,0.8179594,0.15721948,0.024821136
id02958,0.31349283,0.66115767,0.025349572
id25211,0.25572166,0.014192762,0.7300856
id24314,0.9003887,0.08156983,0.018041423
id21475,0.16193664,0.0010975327,0.83696586
id22733,0.1510152,0.7602076,0.08877726
id14297,0.11025789,0.888679,0.0010631335
id27627,0.11105177,0.88594663,0.0030016338
id03580,0.31837684,0.59270436,0.08891875
id08858,0.06457417,0.0069115586,0.9285143
id22512,0.04121959,0.9573579,0.0014225607
id05634,0.19034486,0.040336743,0.7693184
id00105,0.055272244,0.0019037041,0.94282407
id26635,0.740961,0.22782224,0.031216785
id19324,0.0915049,0.0026456995,0.90584934
id00210,0.5274249,0.18487252,0.28770262
id06809,0.54547876,0.2142916,0.2402297
id04074,0.025973829,0.971335,0.0026912333
id27010,0.6777593,0.025570733,0.29667
id00699,0.15138483,0.5946596,0.2539555
id18549,0.3246456,0.089646034,0.5857084
id14089,0.6346335,0.16523099,0.20013556
id19792,0.36534417,0.63372874,0.0009270733
id19935,0.3547071,0.023066519,0.6222264
id22960,0.31758362,0.17501208,0.50740427
id02471,0.2960779,0.0005704496,0.7033517
id07896,0.08229252,0.0050485274,0.91265893
id20033,0.57090414,0.052947015,0.3761489
id15018,0.909244,0.006841213,0.08391472
id19528,0.68850815,0.004772391,0.30671945
id21621,0.40525782,0.011395682,0.5833465
id14328,0.28802428,0.595559,0.11641672
id19524,0.85445,0.006511077,0.13903889
id00219,0.91530627,0.0013208073,0.08337293
id23229,0.20430975,0.028389076,0.76730114
id14357,0.8229914,0.036657486,0.14035107
id21829,0.41172177,0.23464929,0.35362893
id02137,0.76307136,0.0450275,0.19190116
id23524,0.18859239,0.0076522375,0.8037554
id12022,0.8893306,0.044233948,0.06643545
id05255,0.7996425,0.017528925,0.18282849
id14605,0.90058583,0.032137953,0.06727625
id15329,0.37170014,0.027323192,0.6009767
id06046,0.66592544,0.2841821,0.049892418
id16548,0.58626807,0.0016434934,0.41208848
id23369,0.4347061,0.120713525,0.44458044
id17824,0.70132446,0.019605739,0.27906978
id17243,0.06629286,0.0059648207,0.9277423
id13185,0.23766306,0.7619592,0.00037776536
id27091,0.7465323,0.11651465,0.13695304
id21817,0.18966031,0.004397668,0.80594206
id21912,0.65034413,0.28494793,0.06470797
id24163,0.060359765,0.056980304,0.88266
id12484,0.13947423,0.010615534,0.84991026
id15799,0.9041347,0.00592769,0.08993769
id22315,0.031415623,0.95981354,0.008770787
id02608,0.20868893,0.72272754,0.06858349
id10057,0.984195,0.001063692,0.014741287
id01709,0.8120083,0.0035050265,0.18448664
id11153,0.17404294,0.82184196,0.004115141
id25154,0.32524905,0.4362702,0.23848072
id18207,0.07285168,0.921294,0.005854352
id03370,0.22619472,0.76445997,0.009345292
id26760,0.7285168,0.08515953,0.18632367
id15099,0.7643508,0.10803808,0.12761115
id16341,0.071739666,0.009550221,0.9187101
id15572,0.61545175,0.031124072,0.35342422
id24901,0.88982576,0.0016977552,0.1084765
id04528,0.8363891,0.018604992,0.14500593
id26507,0.18852046,0.009010902,0.80246866
id26687,0.5490315,0.03532191,0.41564664
id27819,0.16714728,0.010928086,0.8219246
id17610,0.09397631,0.88749605,0.018527636
id03373,0.25601298,0.6239669,0.120020166
id05881,0.37961897,0.0035965974,0.6167844
id15875,0.075966276,0.1105033,0.8135304
id18400,0.64324594,0.20975111,0.147003
id23596,0.4619878,0.031607978,0.5064043
id07006,0.077521294,0.9142856,0.008193158
id25134,0.17128079,0.8211346,0.0075845765
id17393,0.967073,0.0055735046,0.027353495
id20155,0.28940597,0.7048374,0.0057566175
id09536,0.013967842,0.9649818,0.021050282
id09155,0.31719327,0.63405657,0.04875016
id26482,0.88513887,0.086408354,0.028452743
id17001,0.122012526,0.78099525,0.09699229
id08134,0.517002,0.08378236,0.39921567
id10174,0.6893804,0.04645702,0.26416257
id04760,0.47162434,0.10115278,0.42722288
id04941,0.8105829,0.16920368,0.02021343
id01339,0.6315515,0.055292238,0.3131563
id24710,0.5427218,0.098692305,0.35858586
id20408,0.5041463,0.09859598,0.39725775
id04028,0.31190082,0.040892508,0.64720666
id07153,0.25298613,0.009412842,0.73760104
id20098,0.027244242,0.9464269,0.026328778
id24146,0.36447582,0.0137108425,0.62181336
id06276,0.36015928,0.0009148094,0.6389259
id18978,0.17978817,0.4679888,0.35222304
id04247,0.65916586,0.2648277,0.0760065
id02020,0.17751487,0.8094275,0.013057649
id14299,0.10536778,0.010700786,0.88393146
id27255,0.5662205,0.34317863,0.0906009
id05751,0.088880315,0.009176636,0.9019431
id09428,0.85575694,0.098578535,0.045664553
id06941,0.81698203,0.053310055,0.1297079
id25678,0.12412325,0.0022169414,0.8736598
id27425,0.8475543,0.0031353647,0.14931032
id12619,0.8230022,0.17445892,0.0025388442
id00530,0.1274281,0.0068464074,0.86572546
id14683,0.90341485,0.055108655,0.04147651
id14618,0.052100327,0.9334743,0.014425415
id07599,0.8972613,0.022222495,0.080516204
id02786,0.86445177,0.08438885,0.05115944
id21563,0.8014323,0.06476566,0.13380206
id26412,0.07189297,0.0024329778,0.925674
id18320,0.4586614,0.12545228,0.41588625
id02043,0.43672648,0.07511747,0.48815608
id03179,0.33999118,0.57806224,0.081946634
id17256,0.056148656,0.93404645,0.009804933
id07435,0.055941816,0.009582206,0.934476
id17659,0.37825528,0.06258321,0.55916154
id06828,0.17176647,0.4574319,0.37080163
id18636,0.14871341,0.06077907,0.79050756
id05216,0.8301454,0.018756904,0.1510977
id23156,0.34216598,0.06067669,0.59715736
id23861,0.6438802,0.032593545,0.32352626
id21416,0.16678913,0.019181563,0.81402934
id02763,0.5572977,0.0691436,0.3735587
id12625,0.24901964,0.028833155,0.7221472
id08033,0.25615567,0.04568992,0.6981544
id24105,0.2733504,0.38749093,0.33915865
id09295,0.90863925,0.0057852264,0.08557553
id22062,0.49388668,0.30617496,0.19993839
id21044,0.81512433,0.010816526,0.17405918
id17419,0.51096845,0.050052162,0.43897936
id10969,0.8429229,0.0020251132,0.15505196
id23066,0.44668594,0.07531688,0.47799715
id25667,0.71508443,0.02656068,0.25835487
id14534,0.77267176,0.05763622,0.16969202
id26645,0.39670253,0.4677152,0.13558224
id03965,0.29294795,0.03365756,0.6733945
id25956,0.80772173,0.015763452,0.17651479
id23707,0.86326444,0.02154818,0.11518746
id18026,0.32050246,0.25565162,0.4238459
id10767,0.30625892,0.66033113,0.03340998
id18802,0.4735684,0.4623724,0.064059235
id02940,0.3786167,0.5653264,0.056056947
id13403,0.94847494,0.037137274,0.014387775
id10201,0.02789187,0.97034496,0.0017631549
id15333,0.32306823,0.023040157,0.6538917
id25619,0.27662903,0.028943717,0.6944273
id18506,0.3030476,0.67794466,0.019007752
id09835,0.109097384,0.8733348,0.017567823
id14828,0.6670358,0.056189094,0.27677506
id26816,0.037175886,0.8755393,0.08728477
id26134,0.13879047,0.84874296,0.012466602
id25064,0.578466,0.033359826,0.38817415
id14254,0.53255224,0.055018052,0.41242966
id09352,0.27818474,0.16705728,0.554758
id21495,0.65204823,0.029936064,0.31801575
id15349,0.059677184,0.04825732,0.8920655
id06759,0.2189967,0.7363482,0.04465511
id20876,0.62464446,0.028959364,0.34639615
id14644,0.49564585,0.28861403,0.21574013
id16927,0.07992793,0.03952857,0.88054353
id00417,0.08768652,0.84422296,0.06809056
id18892,0.123909175,0.009350617,0.86674017
id17500,0.08891203,0.90171444,0.0093735475
id17676,0.12888908,0.5050588,0.36605206
id03378,0.98528695,0.00901236,0.0057007014
id26891,0.4935017,0.0047352845,0.501763
id15609,0.73846304,0.115198985,0.14633796
id11270,0.5122235,0.086610176,0.40116638
id01141,0.1007766,0.029920703,0.86930263
id18738,0.5702376,0.06454368,0.36521876
id23964,0.12705724,0.32022223,0.55272055
id08032,0.22732995,0.067297116,0.705373
id10410,0.10371638,0.008584524,0.88769907
id15738,0.7314641,0.040468212,0.22806776
id22293,0.27819008,0.0016477294,0.72016215
id23174,0.8300262,0.10419478,0.06577903
id13041,0.13174571,0.5201747,0.34807962
id18377,0.44068018,0.009812253,0.54950756
id24269,0.10827589,0.8840159,0.007708222
id19445,0.25496325,0.6241071,0.12092963
id16449,0.11021205,0.76502323,0.12476471
id11857,0.095365494,0.03236736,0.8722671
id14929,0.13926569,0.30642033,0.55431396
id16029,0.48510092,0.31156498,0.20333406
id09091,0.939762,0.049081307,0.0111566195
id14431,0.14829352,0.8419238,0.00978266
id15857,0.21996099,0.58893365,0.19110541
id26177,0.08276167,0.034821756,0.8824166
id07001,0.031819556,0.45187312,0.5163073
id00626,0.30762303,0.006879748,0.6854973
id25160,0.4601932,0.15933971,0.38046715
id21474,0.19598204,0.0027254466,0.80129254
id03155,0.99056506,0.004377162,0.0050578015
id11858,0.08766322,0.0044234954,0.9079133
id12413,0.4968122,0.33799097,0.16519687
id25656,0.13582812,0.8630834,0.0010884233
id24322,0.693747,0.16951266,0.13674034
id20603,0.8337345,0.08886741,0.07739807
id06878,0.89476335,0.052541237,0.052695394
id03535,0.48167053,0.008340374,0.5099891
id11831,0.61913335,0.004241522,0.37662515
id24685,0.78933823,0.20430878,0.0063530137
id10426,0.21594824,0.0056325053,0.7784193
id09024,0.052972965,0.943334,0.0036930465
id09728,0.25675243,0.021054951,0.72219265
id01065,0.23269254,0.56754476,0.1997627
id14005,0.8095176,0.08989881,0.100583605
id18534,0.1715572,0.032016993,0.7964258
id19862,0.27144557,0.08111565,0.6474388
id14707,0.9787412,0.015897313,0.0053614588
id02248,0.081173316,0.85832685,0.060499873
id20494,0.3091107,0.04538776,0.64550155
id27072,0.81720656,0.061918173,0.12087526
id20587,0.8221314,0.17602755,0.0018410531
id24134,0.23613544,0.09901435,0.6648502
id22696,0.29910746,0.029471392,0.6714212
id23757,0.9268747,0.032914974,0.040210295
id18828,0.6720365,0.1362661,0.19169742
id14040,0.22101557,0.0022729638,0.7767115
id09385,0.70168066,0.07388441,0.22443494
id16005,0.059193756,0.91918904,0.021617256
id12467,0.46871403,0.07186208,0.4594239
id16209,0.6993572,0.08766314,0.21297969
id01621,0.091760345,0.90638435,0.00185532
id18081,0.43098998,0.045315243,0.5236948
id06667,0.34543374,0.0038318047,0.6507344
id07436,0.14077587,0.006497941,0.8527262
id19498,0.18570437,0.695387,0.11890862
id12123,0.81480306,0.17755224,0.0076446123
id17082,0.27178153,0.45067024,0.2775482
id00313,0.094330676,0.8042199,0.101449415
id14281,0.066904105,0.3767311,0.55636483
id14755,0.35228452,0.05544092,0.59227455
id17484,0.6780253,0.13647716,0.18549761
id00111,0.031743903,0.96182585,0.006430298
id16542,0.29599848,0.016456258,0.6875453
id00458,0.2716657,0.004860468,0.72347385
id07682,0.16123281,0.8344478,0.0043193214
id02041,0.36521876,0.31481424,0.31996706
id26070,0.45989162,0.011809231,0.52829915
id05271,0.88184434,0.0074965083,0.11065907
id18107,0.7073157,0.038225714,0.25445864
id01170,0.25049785,0.3448227,0.4046794
id23464,0.42277658,0.1568655,0.42035794
id03879,0.26417834,0.51139736,0.2244243
id22473,0.009898654,0.985338,0.0047633606
id20937,0.8302904,0.051546205,0.11816341
id16239,0.33860698,0.51179594,0.14959708
id02348,0.88790625,0.10163477,0.0104589695
id19796,0.9667377,0.0021106035,0.031151693
id06531,0.24602813,0.047907714,0.70606416
id02641,0.088623255,0.776506,0.13487065
id01332,0.42954344,0.036663633,0.5337929
id24038,0.18643875,0.79525614,0.018305104
id23699,0.43804276,0.027609402,0.53434783
id07294,0.5933574,0.039117053,0.3675256
id00319,0.73318744,0.10257605,0.16423653
id05699,0.44841608,0.53459144,0.016992506
id18863,0.79242164,0.015555738,0.1920226
id07745,0.34337536,0.14784624,0.50877845
id02157,0.105591625,0.757696,0.13671245
id00525,0.5690844,0.13847622,0.29243934
id14740,0.5384491,0.0059119416,0.45563897
id01420,0.27099183,0.7259203,0.003087863
id17725,0.83954203,0.0031117965,0.1573462
id07807,0.25151706,0.5254879,0.22299504
id11676,0.07765383,0.84222734,0.080118835
id06720,0.25585505,0.0023563437,0.74178857
id08048,0.10301848,0.06421598,0.8327655
id04185,0.22722797,0.16571675,0.6070553
id02077,0.8021557,0.075787075,0.122057244
id12968,0.19487548,0.048823196,0.75630134
id01945,0.36225003,0.4251967,0.21255325
id06446,0.6127552,0.32682517,0.060419694
id01072,0.86896366,0.11384417,0.017192097
id15124,0.3240223,0.035503484,0.6404742
id14173,0.06788192,0.91850764,0.013610426
id27559,0.3047446,0.027353087,0.6679023
id13722,0.92191267,0.029203895,0.048883446
id09310,0.8377193,0.08359599,0.0786847
id23024,0.95393795,0.020012176,0.026049867
id24332,0.107720144,0.776374,0.11590592
id07699,0.4745063,0.28794318,0.23755051
id06837,0.086732544,0.8837005,0.029566951
id07279,0.4794293,0.016166609,0.50440407
id16451,0.33797446,0.014052418,0.6479731
id17588,0.091140896,0.7447083,0.1641508
id07018,0.39323625,0.015292159,0.5914716
id12994,0.6849904,0.026097164,0.28891242
id03703,0.5728395,0.121252015,0.30590853
id01753,0.86935663,0.03305663,0.09758674
id02866,0.099108905,0.011483898,0.8894072
id21884,0.110959895,0.8757554,0.013284665
id27543,0.1820045,0.01318758,0.8048079
id22149,0.09502077,0.71596175,0.1890175
id14595,0.7103624,0.22798975,0.0616479
id12383,0.6015608,0.27791375,0.120525524
id27714,0.80834216,0.007824738,0.18383312
id17634,0.8326385,0.035458025,0.13190345
id15906,0.27232245,0.002454695,0.7252229
id09047,0.29947403,0.024001155,0.6765248
id02059,0.76888096,0.15484072,0.07627836
id19107,0.84084797,0.018288745,0.14086328
id02385,0.09622722,0.0031914087,0.90058136
id21312,0.75438184,0.21682107,0.028797068
id02215,0.03263129,0.9573583,0.010010463
id08928,0.4383415,0.071697176,0.4899613
id07099,0.9683819,0.016117787,0.015500323
id01935,0.4666724,0.39417866,0.13914889
id24757,0.5046019,0.39043814,0.104959995
id01848,0.24038613,0.014457473,0.7451564
id06224,0.9605746,0.028837375,0.010587977
id15539,0.10560074,0.5620216,0.33237764
id22907,0.19131117,0.68374354,0.124945275
id12713,0.85324854,0.008563323,0.13818817
id15521,0.3984723,0.057279386,0.54424834
id25539,0.78866553,0.010903593,0.20043084
id23370,0.07899482,0.0018236269,0.9191816
id15868,0.5206506,0.036182493,0.44316688
id17808,0.2958029,0.031464145,0.672733
id08241,0.17042427,0.8045579,0.025017856
id27284,0.5574148,0.43794736,0.004637833
id20707,0.63280845,0.02044116,0.3467504
id03823,0.22324088,0.68227917,0.09447999
id00463,0.17003044,0.6213385,0.20863107
id07241,0.81283075,0.17228176,0.014887515
id05702,0.16582522,0.8244819,0.009692921
id18973,0.6471978,0.0075642504,0.34523797
id18662,0.37346154,0.10000179,0.52653664
id06448,0.1129422,0.07977579,0.80728203
id21002,0.031574186,0.9381796,0.030246217
id08753,0.92965543,0.039512254,0.030832337
id27832,0.16381767,0.81684023,0.01934201
id11341,0.2107101,0.7669094,0.022380477
id11426,0.10105101,0.091604546,0.80734444
id15388,0.26112357,0.055948738,0.6829277
id12801,0.7690699,0.22744769,0.0034823974
id02380,0.3618149,0.02780497,0.6103801
id02777,0.38857734,0.007816542,0.60360616
id05412,0.26289383,0.016178194,0.720928
id01303,0.95435375,0.010747856,0.03489839
id21665,0.9028266,0.070096046,0.027077269
id12973,0.16359837,0.018061837,0.8183398
id22046,0.8308026,0.0033101768,0.16588724
id24035,0.43842724,0.0024562199,0.55911654
id15513,0.11568904,0.8535815,0.030729476
id12302,0.37545642,0.040749323,0.58379424
id01751,0.47057146,0.12761478,0.4018138
id27003,0.43879038,0.0105743995,0.5506352
id14689,0.0453326,0.95306265,0.0016047403
id11885,0.7794929,0.061173968,0.15933311
id16558,0.56766284,0.27365068,0.15868649
id15785,0.26102716,0.6270895,0.11188332
id25382,0.10960443,0.8680191,0.022376485
id19170,0.36713088,0.5498184,0.0830507
id22689,0.7989406,0.19848399,0.002575341
id03178,0.51240194,0.11929386,0.3683042
id22393,0.6320883,0.09826825,0.2696434
id19215,0.4516405,0.04672745,0.5016321
id27829,0.65540165,0.0774402,0.26715812
id11659,0.5082168,0.0124890655,0.47929412
id25831,0.028379941,0.9527519,0.018868228
id08781,0.5668837,0.025004612,0.40811166
id11550,0.6464819,0.30386114,0.04965698
id25478,0.5071335,0.020627515,0.47223902
id09909,0.8207879,0.061886605,0.117325515
id09009,0.12236332,0.005147636,0.87248904
id12660,0.46913084,0.003411164,0.527458
id23033,0.46499178,0.045793794,0.48921445
id25937,0.6326172,0.08383657,0.28354624
id10385,0.46541426,0.22265494,0.3119308
id15288,0.103173904,0.0040151635,0.89281094
id06403,0.6390092,0.35237783,0.008613047
id18342,0.14766777,0.774858,0.07747423
id00497,0.20285061,0.009608663,0.78754073
id12156,0.89158005,0.0036508073,0.10476919
id26825,0.8191104,0.15380298,0.0270866
id20140,0.26505846,0.0070120217,0.72792953
id06714,0.50607204,0.005338375,0.48858958
id06017,0.04546706,0.22216356,0.73236936
id14841,0.59934014,0.38049904,0.020160787
id25646,0.11732352,0.04182278,0.8408537
id09218,0.6191325,0.013505866,0.3673616
id21857,0.082285084,0.9161902,0.0015246829
id05750,0.30400145,0.05965353,0.636345
id10507,0.28569245,0.68283534,0.03147222
id09696,0.2647462,0.05448029,0.6807735
id00835,0.09469078,0.85642356,0.048885647
id26717,0.11843168,0.1735838,0.7079845
id17573,0.1709937,0.0054365266,0.8235698
id21144,0.28405157,0.65494025,0.06100823
id02305,0.95423865,0.044738065,0.0010232902
id26035,0.35326496,0.23070316,0.41603193
id00878,0.8654935,0.0023608056,0.13214573
id08728,0.81821847,0.053390738,0.12839077
id10579,0.04123286,0.94905436,0.009712705
id10720,0.52236044,0.022028616,0.4556109
id09163,0.054283533,0.010613649,0.9351028
id16298,0.42964897,0.5653147,0.0050363387
id05342,0.50605124,0.24441186,0.24953686
id24256,0.15490854,0.025413457,0.81967807
id12217,0.14266789,0.69134885,0.16598324
id06159,0.42422175,0.14582178,0.4299565
id24394,0.4582353,0.057298888,0.4844658
id20232,0.08513761,0.16853279,0.7463296
id26856,0.89414126,0.0072388155,0.09861998
id15108,0.62885636,0.057165675,0.313978
id00751,0.4544223,0.026104124,0.5194736
id01784,0.8619217,0.0993857,0.03869262
id26419,0.70637274,0.016466929,0.27716035
id23877,0.27788258,0.4178902,0.3042272
id05019,0.8536613,0.103712685,0.042625993
id23003,0.1703946,0.0071159285,0.8224895
id22153,0.04535805,0.92177975,0.032862164
id19726,0.023555212,0.96746486,0.008979926
id19033,0.7276796,0.023254566,0.24906583
id00534,0.10066183,0.010054244,0.88928396
id07030,0.7072774,0.017568551,0.27515408
id08281,0.30082557,0.26392663,0.43524775
id00366,0.5628834,0.3660936,0.071023025
id25446,0.4998676,0.040306833,0.45982555
id25008,0.965334,0.0025721441,0.032093886
id24142,0.15143448,0.83969915,0.008866343
id25331,0.07369545,0.019699734,0.9066048
id16549,0.12469841,0.019807374,0.8554942
id12120,0.164775,0.8327206,0.002504421
id07518,0.47994232,0.5113951,0.008662622
id24749,0.4994155,0.016061526,0.484523
id23132,0.7456515,0.06471042,0.18963812
id05946,0.37108207,0.055786163,0.57313174
id07427,0.7210969,0.034190413,0.24471273
id14601,0.04456094,0.9508958,0.004543304
id26504,0.12778614,0.0019337096,0.8702802
id27199,0.59264594,0.010634351,0.3967197
id09610,0.73380613,0.16566433,0.10052957
id02071,0.8739047,0.09493998,0.031155381
id24431,0.6340153,0.04318744,0.3227972
id20756,0.17159683,0.08845995,0.7399432
id06525,0.46241358,0.42495662,0.112629786
id11646,0.68046105,0.06649235,0.25304663
id26808,0.5759023,0.36740878,0.056688912
id15122,0.51066935,0.18106519,0.30826554
id26052,0.14555052,0.010912917,0.8435366
id06693,0.82589465,0.10137341,0.072731875
id13520,0.915585,0.0049959403,0.079419106
id04381,0.7468915,0.008248741,0.24485976
id23315,0.67224306,0.053170864,0.27458605
id15685,0.84321743,0.07267904,0.08410358
id12974,0.28751966,0.017007502,0.69547284
id22302,0.8175535,0.047773574,0.13467298
id04848,0.68026304,0.25061592,0.069120996
id05104,0.025617901,0.006483548,0.96789855
id17169,0.051288035,0.7573612,0.19135068
id12736,0.41501763,0.51738125,0.06760107
id24659,0.95141447,0.013624314,0.0349612
id24829,0.53400946,0.4370179,0.028972615
id04164,0.24483772,0.6353709,0.119791396
id17795,0.49507293,0.14409204,0.36083505
id09104,0.16703536,0.80765355,0.025311088
id07833,0.3256964,0.03381245,0.6404911
id16733,0.73785716,0.059337553,0.20280527
id18630,0.18435244,0.0038335929,0.811814
id16064,0.042413708,0.001971434,0.95561486
id00561,0.014893844,0.9359602,0.049146008
id16627,0.8933965,0.076741345,0.029862184
id02162,0.7839793,0.20742975,0.008590963
id16092,0.07222995,0.878224,0.04954601
id10710,0.45188233,0.5321876,0.015930047
id18885,0.41865832,0.045084544,0.53625715
id10689,0.1314617,0.0037329243,0.8648054
id00486,0.20041245,0.59686214,0.20272534
id02370,0.6910251,0.18508095,0.123893976
id22279,0.844634,0.0240542,0.13131188
id16068,0.72301584,0.016146015,0.26083812
id04053,0.16026561,0.009785818,0.8299486
id09228,0.7604555,0.009479694,0.23006478
id04227,0.06393617,0.82107913,0.11498471
id13578,0.7639503,0.02487089,0.2111789
id18744,0.26795784,0.059997845,0.6720443
id22966,0.14816424,0.0021186157,0.8497171
id02979,0.41234866,0.08119627,0.5064551
id26203,0.8033023,0.13918464,0.05751308
id21184,0.79453105,0.19409122,0.011377734
id19201,0.4694722,0.062429063,0.4680988
id20340,0.03692783,0.883393,0.07967919
id00692,0.032723095,0.0067560906,0.9605208
id17757,0.19941932,0.010802314,0.7897784
id22771,0.1191545,0.020906592,0.8599389
id10753,0.28093424,0.70868677,0.010378961
id11899,0.5736975,0.18480289,0.2414996
id20961,0.7450124,0.21727464,0.03771291
id06095,0.66204894,0.07388193,0.26406917
id23625,0.8425669,0.14089303,0.016540121
id03942,0.8678427,0.01253727,0.119620115
id19591,0.12133569,0.45236027,0.426304
id19732,0.5844165,0.043106783,0.3724767
id24912,0.037095994,0.9606973,0.0022066764
id15060,0.74827,0.24405718,0.007672832
id08018,0.13652672,0.8489795,0.014493823
id02851,0.69146264,0.18546963,0.12306773
id02327,0.26483846,0.27284536,0.46231613
id22631,0.65531355,0.10454992,0.24013655
id22240,0.815757,0.15694936,0.02729369
id05114,0.45522085,0.019029262,0.52574986
id14979,0.06283165,0.9346584,0.002509941
id25837,0.084227964,0.90913564,0.006636418
id17457,0.18658891,0.29138562,0.5220255
id23050,0.060450234,0.00724447,0.9323053
id06461,0.5059359,0.021788677,0.4722754
id03154,0.7033786,0.040346187,0.25627518
id20285,0.8843554,0.022797614,0.092846975
id23166,0.11106159,0.88386434,0.005074091
id11496,0.6267482,0.30608723,0.067164615
id09569,0.71532714,0.09988205,0.1847908
id11193,0.5184312,0.3931999,0.088368915
id26696,0.7444095,0.16408494,0.091505565
id15363,0.35211414,0.5534548,0.09443102
id13046,0.38484395,0.41794816,0.19720797
id17653,0.085398085,0.9063679,0.008234012
id18812,0.24990758,0.002547605,0.7475448
id23232,0.11498907,0.88393885,0.0010720193
id05290,0.21413663,0.55171156,0.23415183
id10667,0.61716115,0.28851703,0.09432178
id15546,0.13035887,0.031086028,0.8385551
id05862,0.5490006,0.08106553,0.36993384
id06225,0.08550197,0.018311396,0.89618665
id17617,0.39557147,0.014938837,0.5894897
id00814,0.072905764,0.028011769,0.8990824
id18898,0.25663722,0.0022073751,0.7411554
id19395,0.049785975,0.89200836,0.058205705
id19520,0.49599215,0.3491232,0.15488465
id27501,0.27969196,0.082096,0.638212
id06327,0.26013824,0.17388274,0.565979
id00330,0.18436293,0.77203906,0.043598015
id03792,0.6436758,0.099097215,0.25722697
id09320,0.5734802,0.37294298,0.053576894
id04678,0.10139228,0.009068134,0.8895396
id11663,0.502405,0.0053884094,0.49220666
id24945,0.1134752,0.031303898,0.8552209
id03046,0.27022392,0.72527844,0.0044976175
id20236,0.5584775,0.17343116,0.26809132
id07869,0.55436325,0.073412314,0.37222448
id08152,0.049599405,0.0037278964,0.94667274
id02910,0.07857227,0.8987731,0.022654682
id26837,0.22063468,0.7606545,0.018710805
id24188,0.0840096,0.9078863,0.008104092
id08748,0.16969557,0.40322092,0.42708355
id18608,0.33207214,0.17185669,0.4960712
id18773,0.3605667,0.6125964,0.026836868
id21822,0.8479522,0.0067320964,0.14531565
id09721,0.48642763,0.08971684,0.4238556
id23152,0.87076163,0.0052850186,0.123953365
id02249,0.029056946,0.9650571,0.005886007
id14065,0.8656454,0.062249545,0.07210503
id01598,0.442826,0.16494764,0.3922263
id06294,0.15300117,0.011561515,0.83543736
id19196,0.7363387,0.2524915,0.0111698
id06846,0.2709163,0.47233462,0.25674903
id02239,0.128788,0.0045390087,0.86667305
id20363,0.27727455,0.0014199109,0.72130555
id14986,0.14265592,0.7833351,0.07400892
id25864,0.13237873,0.015605219,0.8520161
id22272,0.53177387,0.0030438784,0.46518227
id06212,0.32184535,0.2539333,0.4242213
id15497,0.20984231,0.7452281,0.044929594
id12206,0.046949174,0.0128101455,0.9402407
id03109,0.5868481,0.32906133,0.08409061
id00812,0.14690569,0.0075039207,0.84559035
id04837,0.5362817,0.24576755,0.21795073
id14518,0.6614901,0.3332684,0.005241482
id18095,0.20234877,0.5989253,0.19872586
id15831,0.20921673,0.7166387,0.074144594
id12558,0.68139964,0.30645677,0.012143634
id27858,0.88060164,0.07538419,0.04401417
id24074,0.82927424,0.074542634,0.09618313
id23039,0.6191296,0.002773504,0.3780969
id23415,0.024545508,0.9718872,0.0035673317
id00613,0.08167361,0.0073892097,0.9109372
id11373,0.20082712,0.008755062,0.79041785
id00493,0.25397602,0.73922265,0.0068013603
id20781,0.14455582,0.7291138,0.12633032
id16367,0.5102709,0.0066143316,0.4831148
id09831,0.07518521,0.90970325,0.0151115935
id08016,0.10962197,0.78240293,0.10797515
id02860,0.09344525,0.29751265,0.6090421
id02382,0.58682966,0.11577952,0.2973908
id06900,0.28044194,0.01521534,0.7043427
id26499,0.8756499,0.01629065,0.108059414
id21696,0.37036228,0.059639007,0.5699987
id21364,0.15982343,0.65986705,0.18030956
id02752,0.23657109,0.006820017,0.75660884
id02765,0.9272578,0.0021676375,0.07057458
id10307,0.523242,0.06344547,0.41331258
id26542,0.2620038,0.0035470384,0.73444915
id05416,0.6482398,0.014964878,0.3367954
id03671,0.054498456,0.9423644,0.0031371473
id03740,0.185018,0.8139495,0.0010324932
id25818,0.80574656,0.066204324,0.1280491
id23290,0.76035124,0.006847061,0.23280165
id13438,0.07407613,0.001752983,0.9241709
id15502,0.60901827,0.09417446,0.2968073
id18946,0.38446558,0.092847265,0.5226872
id26357,0.121749796,0.16066346,0.71758676
id13701,0.8424518,0.010740394,0.14680777
id20217,0.040409733,0.95449275,0.00509754
id12716,0.3092114,0.5881785,0.10261013
id03995,0.33834958,0.4420458,0.21960458
id16808,0.70897126,0.04138815,0.2496406
id11082,0.78517145,0.08715254,0.12767601
id06832,0.29474413,0.055713035,0.6495428
id11655,0.4168278,0.2209706,0.36220154
id12727,0.6465885,0.027968677,0.32544276
id14495,0.17842357,0.0021747935,0.8194016
id15414,0.7103881,0.004405279,0.28520662
id03844,0.30040255,0.23997001,0.45962748
id22810,0.11928366,0.100987874,0.7797285
id05794,0.123185225,0.86709714,0.009717614
id01611,0.26961184,0.002500071,0.7278881
id11150,0.2536308,0.6897766,0.05659267
id27616,0.4734261,0.047567237,0.47900668
id09738,0.7309126,0.07408636,0.19500102
id23766,0.4902523,0.500899,0.00884871
id06124,0.119996935,0.083648734,0.79635435
id00926,0.7799221,0.21838178,0.0016961055
id11991,0.04415342,0.010420997,0.94542557
id22681,0.74632704,0.15296406,0.10070892
id00979,0.1047609,0.6768186,0.21842043
id26300,0.42835346,0.04950084,0.52214575
id15518,0.2989811,0.010265598,0.6907533
id26839,0.83079904,0.0605957,0.10860527
id16154,0.55061126,0.023493696,0.4258951
id12877,0.81663746,0.036374472,0.14698808
id02816,0.060370877,0.93859875,0.0010303875
id13400,0.22320463,0.007938015,0.76885736
id14369,0.40929702,0.5035054,0.08719757
id04073,0.34021583,0.5370016,0.12278258
id04639,0.0772836,0.89488965,0.027826736
id09970,0.40859747,0.017434197,0.57396835
id23994,0.8647113,0.104671136,0.030617608
id24728,0.10932127,0.8867678,0.003910851
id11539,0.80332005,0.05745821,0.13922171
id18368,0.1413815,0.34724185,0.5113767
id07722,0.948218,0.030689493,0.021092562
id10355,0.30944017,0.20800206,0.4825578
id02842,0.64804894,0.062832355,0.2891187
id02826,0.8273178,0.16697551,0.005706617
id14517,0.087670214,0.9021303,0.010199484
id14833,0.44671237,0.11681674,0.43647084
id00491,0.52822167,0.04526276,0.42651558
id10784,0.39493415,0.5379034,0.067162335
id27648,0.94365543,0.019719284,0.036625244
id00372,0.39134356,0.46757716,0.14107929
id12796,0.12271984,0.016761076,0.8605191
id06215,0.12849012,0.76811385,0.10339605
id24722,0.1677557,0.12424008,0.70800424
id02729,0.2060395,0.1774871,0.61647344
id01783,0.40909335,0.13464144,0.45626518
id03025,0.1541198,0.002895393,0.84298486
id03714,0.10518955,0.8880826,0.0067278277
id00173,0.6077665,0.37737086,0.01486268
id09268,0.18005806,0.01641806,0.8035239
id08738,0.04175787,0.9462373,0.012004794
id18561,0.91548216,0.06885815,0.015659714
id04877,0.8267851,0.04124368,0.13197124
id15173,0.15749414,0.7574404,0.08506549
id23020,0.32716307,0.015489553,0.6573474
id04105,0.18329056,0.64982146,0.16688795
id27807,0.7289427,0.2481011,0.022956183
id08966,0.8630697,0.091412134,0.045518216
id15469,0.32373232,0.096469186,0.5797985
id26904,0.8303204,0.061454438,0.10822519
id14258,0.6015671,0.383314,0.015118882
id04371,0.21604374,0.0013809154,0.78257537
id13963,0.43435434,0.05410101,0.51154464
id19097,0.64669484,0.04362304,0.30968216
id00350,0.2882566,0.005924435,0.705819
id03571,0.70722586,0.065846525,0.22692765
id05647,0.876633,0.09864406,0.024722878
id03720,0.062007673,0.8601793,0.07781302
id10208,0.68825674,0.16491844,0.1468248
id04526,0.25056,0.7283902,0.021049812
id23694,0.12494078,0.8721445,0.0029147477
id13795,0.80251104,0.046848796,0.15064017
id04551,0.25348842,0.7272078,0.019303879
id13292,0.6174171,0.31917012,0.063412815
id18196,0.16020225,0.5995991,0.24019867
id12175,0.88110876,0.0023800433,0.11651123
id09482,0.9477931,0.009949235,0.042257622
id17574,0.2537126,0.018036606,0.7282508
id12316,0.14573412,0.84542584,0.00884006
id01875,0.21882959,0.010449409,0.770721
id12688,0.048855428,0.9146606,0.036483984
id12192,0.34914562,0.015228445,0.63562596
id14713,0.08745613,0.032711897,0.87983197
id05961,0.08637071,0.044929028,0.8687002
id04556,0.4368043,0.0017798971,0.56141585
id20641,0.6421072,0.17571384,0.18217899
id24624,0.17986347,0.034517683,0.7856189
id20096,0.13895172,0.004654741,0.8563936
id03013,0.15385133,0.53581536,0.31033334
id06775,0.82621723,0.052407265,0.121375486
id17068,0.6626941,0.11167042,0.22563551
id25344,0.1179734,0.8776915,0.004335116
id04523,0.6457978,0.12184647,0.23235579
id00132,0.83092904,0.12296501,0.04610599
id11631,0.116122015,0.022382496,0.8614955
id09022,0.4013546,0.047911573,0.5507338
id10188,0.077938214,0.0074480707,0.9146137
id12752,0.7379479,0.22524005,0.03681209
id02576,0.058394857,0.101738274,0.8398669
id22768,0.5309184,0.35670295,0.11237866
id25350,0.58967835,0.012298287,0.3980234
id06560,0.7114087,0.033813506,0.25477776
id20366,0.44278973,0.050044835,0.50716543
id10840,0.87961936,0.11878225,0.0015983029
id18880,0.6638711,0.1626092,0.1735197
id11683,0.40153798,0.57630116,0.022160903
id14734,0.42738876,0.086480215,0.48613104
id15336,0.31050855,0.65975827,0.029733196
id15319,0.7911011,0.053311925,0.15558699
id03829,0.22658224,0.71025574,0.06316202
id18451,0.51762336,0.1665772,0.31579942
id11816,0.87956023,0.053340062,0.06709972
id21792,0.60595775,0.07821386,0.31582838
id26921,0.71895206,0.0035964353,0.27745152
id08664,0.52683294,0.12388749,0.34927958
id06944,0.24682875,0.68887645,0.064294875
id20817,0.16428065,0.008531905,0.8271874
id02759,0.9489866,0.030149726,0.020863721
id01449,0.14373729,0.82292104,0.03334159
id26909,0.63648117,0.20973554,0.15378334
id03113,0.26445216,0.00430169,0.7312462
id18364,0.4225599,0.002682531,0.5747576
id21004,0.14809652,0.0117523195,0.8401512
id00305,0.22078557,0.0856703,0.6935441
id03374,0.04096825,0.9260807,0.032951076
id18916,0.7091396,0.21302631,0.077834114
id06535,0.11562491,0.8823405,0.002034627
id25067,0.8678494,0.01985934,0.11229129
id27726,0.08553265,0.9004567,0.014010628
id21767,0.696955,0.11500357,0.18804142
id17581,0.86413276,0.12528287,0.010584416
id02354,0.57993454,0.041217882,0.3788476
id16505,0.8046066,0.041981477,0.15341197
id00573,0.81227887,0.00985259,0.17786857
id23256,0.7915821,0.013149416,0.19526848
id25798,0.23387437,0.52949446,0.23663118
id10439,0.25210845,0.058236483,0.6896551
id00652,0.18628548,0.8076083,0.006106242
id17696,0.9122984,0.00543533,0.08226628
id22911,0.16763808,0.004797507,0.8275644
id19382,0.33836776,0.00461679,0.65701544
id12258,0.33856404,0.37516817,0.28626776
id19349,0.16981325,0.7924302,0.03775656
id05653,0.80190116,0.18567033,0.012428512
id24532,0.10355701,0.01872151,0.8777215
id04344,0.73201007,0.012375468,0.25561443
id26369,0.13490175,0.2246529,0.6404454
id07974,0.42257044,0.052045476,0.52538407
id11844,0.09826389,0.0031780256,0.8985581
id15836,0.74674565,0.0016559858,0.25159836
id03278,0.25454983,0.04693491,0.69851524
id25245,0.8147253,0.10562364,0.07965109
id10690,0.23064093,0.05126231,0.71809673
id13618,0.88450927,0.012348673,0.10314205
id05898,0.757818,0.12782449,0.11435755
id08866,0.24637625,0.6889158,0.064707994
id21212,0.11781993,0.012770164,0.86940986
id14035,0.47601894,0.0057513923,0.5182297
id27517,0.15839605,0.007503848,0.8341001
id22280,0.5331172,0.056327485,0.41055536
id05488,0.82697046,0.06192798,0.11110156
id07921,0.08891763,0.9101762,0.00090622186
id26774,0.3418433,0.016383367,0.64177334
id05200,0.28372666,0.7112021,0.0050713005
id07514,0.30560848,0.6910573,0.0033342189
id26147,0.28326795,0.0045965197,0.7121355
id16015,0.6345658,0.013708005,0.3517262
id05730,0.66494924,0.07132799,0.26372275
id10680,0.18312363,0.02064647,0.79622996
id17677,0.18249463,0.71721315,0.10029219
id11519,0.2461943,0.014666477,0.73913926
id03255,0.5506191,0.13342811,0.3159528
id04658,0.4254745,0.07000156,0.50452393
id15449,0.05414245,0.025625082,0.9202325
id08702,0.057527598,0.9413441,0.0011283385
id20255,0.6583458,0.20796847,0.13368577
id03108,0.030135222,0.91397566,0.055889156
id09118,0.07845482,0.0024971128,0.919048
id16335,0.58114666,0.051253326,0.3676
id05595,0.636693,0.17195033,0.1913567
id06774,0.7638671,0.021458657,0.2146743
id23750,0.28343952,0.0088480925,0.7077124
id23246,0.43202394,0.49531785,0.07265819
id06156,0.23462757,0.42714375,0.33822867
id01049,0.18403547,0.6093508,0.20661375
id22801,0.029304989,0.961956,0.0087390095
id14034,0.9328802,0.03578521,0.031334575
id01156,0.09131129,0.90194863,0.0067400895
id13489,0.6996637,0.14452484,0.15581146
id18217,0.33859843,0.38863173,0.2727698
id02048,0.37210774,0.5621913,0.06570097
id03684,0.7989199,0.19799489,0.0030852112
id11208,0.06324129,0.011735652,0.9250231
id14453,0.69700927,0.0015963138,0.30139443
id03798,0.62797475,0.31292602,0.059099276
id19911,0.21325496,0.5603451,0.2263999
id04907,0.09066823,0.010668702,0.89866304
id11148,0.9045109,0.06957832,0.025910802
id23996,0.08869312,0.80374646,0.107560486
id19833,0.74116856,0.06904047,0.18979098
id01932,0.892448,0.0045835963,0.10296841
id12137,0.68607026,0.07830175,0.23562804
id20511,0.5784807,0.040378436,0.38114083
id09367,0.048445065,0.94172716,0.009827806
id20856,0.1479153,0.0068961694,0.84518856
id20704,0.6911738,0.007611058,0.30121517
id14526,0.2172871,0.065368965,0.7173439
id08881,0.55394554,0.36421883,0.08183564
id04366,0.8772116,0.08874194,0.03404642
id05521,0.5032496,0.20352988,0.29322055
id10588,0.23973563,0.04071339,0.71955097
id20689,0.40944016,0.54574084,0.04481902
id16667,0.31185725,0.680494,0.0076487153
id25279,0.79168373,0.05461638,0.15369986
id24194,0.088519245,0.87501025,0.036470413
id27341,0.76579106,0.11864826,0.11556072
id25695,0.55855787,0.073517695,0.36792448
id01758,0.3558415,0.18076144,0.46339712
id02431,0.1797378,0.41556284,0.4046994
id19940,0.23734675,0.003563673,0.7590896
id23926,0.93367237,0.05308732,0.013240314
id14343,0.57055306,0.018091355,0.41135553
id06043,0.24799663,0.0058152606,0.7461881
id05551,0.814653,0.021688575,0.16365847
id16698,0.18195538,0.79594535,0.022099305
id26006,0.86786926,0.06938522,0.06274557
id16244,0.28812367,0.3326013,0.37927502
id21129,0.8868672,0.04454431,0.06858851
id14317,0.17591062,0.020261472,0.8038279
id16443,0.374505,0.0050183698,0.62047666
id00044,0.13343623,0.0034322748,0.86313146
id01365,0.11754543,0.8809361,0.0015184708
id12797,0.42968765,0.20506202,0.36525035
id21275,0.61621505,0.067010276,0.31677467
id13801,0.19324684,0.07584302,0.7309102
id20770,0.07251861,0.9126147,0.014866737
id03078,0.4256466,0.55002135,0.024332019
id21589,0.6870907,0.01876288,0.29414642
id25572,0.31311893,0.03284976,0.65403134
id10712,0.68945646,0.023661122,0.28688243
id25061,0.3002795,0.055749908,0.6439706
id03163,0.15178531,0.108000405,0.7402143
id12341,0.42291337,0.054348093,0.5227385
id25107,0.07634141,0.9200637,0.0035949172
id21945,0.9282956,0.007255703,0.06444872
id14078,0.045667686,0.15271986,0.8016125
id06876,0.14285395,0.002956887,0.8541892
id05232,0.10869223,0.82579976,0.06550802
id07071,0.42319894,0.06232203,0.51447904
id10646,0.09947589,0.86735,0.033174146
id25540,0.73352003,0.17688356,0.089596465
id25607,0.12381938,0.7308546,0.1453261
id16479,0.69334906,0.05017702,0.25647387
id05998,0.05463941,0.8381727,0.10718791
id20554,0.6131844,0.022183077,0.36463258
id27217,0.90898824,0.048080612,0.042931154
id20110,0.21437845,0.71038145,0.075240135
id01990,0.19874829,0.77681196,0.024439827
id17080,0.20948976,0.55382174,0.23668854
id19120,0.34443992,0.6117207,0.04383943
id08476,0.15568441,0.010567334,0.8337483
id03715,0.27605024,0.71777004,0.0061796797
id27208,0.7868342,0.012956171,0.20020968
id04508,0.84184927,0.0059387544,0.15221193
id11233,0.39008015,0.02662317,0.5832967
id14237,0.8242498,0.108223684,0.06752653
id12006,0.5558911,0.34769797,0.0964109
id22925,0.33690247,0.011477619,0.6516199
id07141,0.94951475,0.0021555813,0.048329677
id08449,0.18665734,0.029210793,0.7841319
id16468,0.9265233,0.045769908,0.02770668
id21415,0.1536757,0.03252432,0.8138
id09388,0.7487585,0.05833314,0.19290838
id24767,0.03923862,0.9571857,0.0035756738
id19247,0.74533755,0.06845263,0.18620986
id07068,0.5429382,0.31615227,0.14090958
id27597,0.79646707,0.0036241063,0.19990887
id21380,0.7741532,0.026490064,0.19935669
id01178,0.24633394,0.010487604,0.7431784
id15323,0.87641317,0.09502671,0.028560067
id14784,0.39766628,0.2884634,0.31387034
id07174,0.39662793,0.16892979,0.43444228
id06577,0.72617835,0.16370231,0.11011939
id06582,0.77456874,0.029974688,0.19545653
id21088,0.14926653,0.0013566925,0.8493768
id16436,0.29244053,0.7022137,0.005345783
id25443,0.6497445,0.044086322,0.30616918
id16617,0.7422929,0.04479635,0.21291074
id21757,0.42074436,0.35443205,0.22482365
id25902,0.29522523,0.020697724,0.6840771
id11238,0.49935967,0.38203195,0.11860832
id13861,0.09402773,0.8795668,0.026405443
id04171,0.12119935,0.0065564187,0.87224424
id21483,0.20478709,0.0059558456,0.78925705
id12635,0.12619625,0.03323521,0.84056854
id11666,0.029026484,0.96404535,0.0069281408
id21552,0.8444356,0.058999892,0.096564524
id13582,0.16209428,0.6354854,0.20242028
id06447,0.86043304,0.06349686,0.07607005
id22998,0.27889422,0.014466681,0.7066391
id15616,0.043020796,0.009344876,0.94763434
id09613,0.14731556,0.8382752,0.014409243
id09318,0.597821,0.29468113,0.10749788
id07653,0.73606366,0.009311028,0.25462535
id21311,0.72640306,0.07227569,0.20132127
id21030,0.7175038,0.12067046,0.16182579
id10363,0.1519317,0.56698096,0.28108737
id02624,0.6183189,0.012646189,0.36903486
id21462,0.34136382,0.432236,0.2264002
id24961,0.07243974,0.92124295,0.0063173636
id08598,0.279258,0.022788972,0.697953
id22701,0.34891352,0.4864925,0.1645939
id24954,0.27911338,0.07745024,0.6434364
id24432,0.78782403,0.08032426,0.13185161
id08123,0.11462595,0.0071794833,0.8781945
id08456,0.12455701,0.22725706,0.64818597
id02792,0.4875122,0.047754493,0.46473333
id01034,0.5042002,0.2253272,0.2704726
id05336,0.20916644,0.65955657,0.13127705
id16773,0.5699346,0.3327038,0.097361594
id20275,0.44630823,0.55111706,0.0025747085
id22357,0.10332504,0.57489556,0.32177937
id08426,0.92824596,0.03823853,0.03351549
id26118,0.8113082,0.024547284,0.16414458
id27377,0.39556822,0.04276474,0.561667
id19738,0.4189207,0.16552013,0.41555917
id27211,0.71656257,0.22088599,0.062551424
id20362,0.18729432,0.009007103,0.8036986
id10769,0.3338811,0.03376015,0.63235873
id02037,0.51010805,0.32480893,0.16508307
id24338,0.8389207,0.012838246,0.14824107
id21154,0.06933987,0.8987742,0.031885926
id15815,0.20095392,0.004645903,0.7944002
id03643,0.105391,0.026497807,0.8681112
id24266,0.16915752,0.775332,0.05551052
id09707,0.59930193,0.02529803,0.37540004
id22786,0.880699,0.006261544,0.1130395
id27783,0.39780152,0.115604445,0.48659405
id13684,0.34155372,0.0048886826,0.6535576
id03721,0.7294431,0.025477335,0.2450796
id00139,0.45739743,0.077775314,0.46482727
id07113,0.50389767,0.077539794,0.41856256
id25748,0.94205976,0.046288114,0.011652149
id01901,0.25433657,0.14734255,0.5983209
id15688,0.680329,0.1773445,0.14232646
id20660,0.5283307,0.025246985,0.4464223
id03335,0.72398615,0.045565337,0.2304485
id05947,0.783974,0.21390839,0.0021176634
id14528,0.8234891,0.16429652,0.012214366
id04437,0.6682861,0.17544296,0.15627095
id10804,0.19628173,0.79052216,0.0131960865
id17859,0.22469905,0.754692,0.020608917
id01631,0.16774447,0.80036175,0.03189367
id10949,0.51003015,0.46122402,0.028745845
id02613,0.42164165,0.13461679,0.44374153
id21773,0.29456455,0.66360885,0.041826613
id08523,0.23892435,0.025855264,0.73522043
id08014,0.17783159,0.78090316,0.04126528
id08659,0.1374627,0.81197995,0.05055736
id17792,0.5154652,0.38531235,0.099222496
id25612,0.20587337,0.18873563,0.605391
id27792,0.42193127,0.3526659,0.22540286
id08889,0.5632957,0.0018479525,0.43485633
id17156,0.79447204,0.037157953,0.16837004
id04124,0.35129967,0.0107124355,0.6379879
id05048,0.19658451,0.74845153,0.054963995
id18882,0.3079023,0.039790966,0.65230674
id03999,0.14514673,0.61408174,0.24077159
id04390,0.7679831,0.19524613,0.036770843
id06734,0.5035194,0.0041446467,0.49233598
id12623,0.3337704,0.45520872,0.2110209
id10904,0.10794753,0.88847774,0.0035747117
id23535,0.7356514,0.25157928,0.012769318
id08442,0.41450107,0.021427458,0.5640715
id25272,0.8825467,0.113186836,0.004266443
id15926,0.2050039,0.59522945,0.19976668
id07186,0.30018675,0.023662167,0.67615104
id20674,0.1348766,0.060601,0.80452245
id13297,0.68628085,0.16573474,0.14798447
id08076,0.8670231,0.06480065,0.068176284
id10493,0.42996842,0.09688041,0.47315112
id19450,0.9632801,0.014655231,0.022064658
id21746,0.32991204,0.62640697,0.04368105
id22034,0.18156679,0.014678219,0.8037549
id05074,0.5651592,0.41469246,0.020148363
id07348,0.33558515,0.0025410438,0.6618738
id01308,0.322051,0.38770968,0.29023936
id06705,0.52258503,0.09657415,0.3808408
id21444,0.6610074,0.022997063,0.31599548
id12010,0.14413995,0.8481025,0.0077575417
id19949,0.10973281,0.85201913,0.03824808
id01125,0.40105882,0.002731498,0.5962097
id20380,0.7666692,0.038132958,0.19519779
id04880,0.7103429,0.26208726,0.027569894
id10095,0.3334956,0.52543133,0.1410731
id01379,0.25523233,0.73440385,0.010363778
id11651,0.914466,0.083240494,0.0022934543
id24870,0.54126066,0.3420545,0.1166849
id11307,0.35899627,0.04155684,0.5994469
id00731,0.20149493,0.79537296,0.0031320942
id18806,0.8671202,0.030823076,0.10205677
id16899,0.4945972,0.2613353,0.24406752
id12522,0.121413685,0.68785536,0.19073093
id20119,0.8900077,0.010816513,0.09917581
id26937,0.27519017,0.6998122,0.024997622
id27439,0.060361538,0.9348091,0.0048293765
id27579,0.53705657,0.011578957,0.4513645
id13459,0.8997357,0.09783874,0.002425616
id11534,0.52819586,0.015580649,0.4562235
id19984,0.069565654,0.92398584,0.0064485352
id06404,0.6541656,0.2313218,0.11451259
id23309,0.15518883,0.82633966,0.018471422
id19314,0.13391793,0.8533381,0.01274392
id13300,0.041087154,0.8862371,0.072675765
id09562,0.28513318,0.12417831,0.5906885
id08036,0.16447984,0.8204924,0.015027843
id03683,0.27007627,0.04771204,0.68221176
id04784,0.6709091,0.26686922,0.06222171
id08715,0.24498619,0.0066411938,0.7483727
id08479,0.93592834,0.0065318826,0.057539776
id18360,0.8876545,0.0699692,0.042376347
id26170,0.07277591,0.9234867,0.0037374021
id20424,0.39426124,0.021348853,0.58438987
id10361,0.5114577,0.3551532,0.13338913
id02335,0.085959494,0.058504894,0.8555356
id18664,0.25942177,0.016379064,0.7241992
id11480,0.4661225,0.022691436,0.51118606
id13229,0.22118947,0.22396077,0.5548498
id19658,0.14529346,0.009157702,0.8455488
id01421,0.62787324,0.024873992,0.3472528
id26050,0.28933704,0.22076184,0.4899011
id27136,0.76119184,0.12914807,0.10966009
id14688,0.17522745,0.8234049,0.0013676
id24936,0.79529077,0.053073436,0.15163575
id09776,0.09038419,0.8723225,0.037293367
id14765,0.41156316,0.034618095,0.55381876
id06704,0.18202633,0.06017264,0.757801
id06961,0.18532464,0.008284971,0.8063904
id12725,0.20071948,0.75639856,0.04288196
id27875,0.29557362,0.19627057,0.5081558
id20750,0.2255525,0.03226098,0.74218655
id19081,0.52811307,0.009229782,0.46265712
id05773,0.14405516,0.015783802,0.840161
id04241,0.25950187,0.04789766,0.6926005
id24438,0.058450256,0.9036637,0.037886024
id09353,0.9508397,0.013911783,0.035248525
id19446,0.07502419,0.5258817,0.39909413
id20203,0.2194414,0.04369392,0.7368647
id07711,0.19293727,0.028740646,0.7783221
id15758,0.59235287,0.24868388,0.1589632
id17665,0.17226285,0.5663471,0.26139006
id14167,0.68976325,0.05601425,0.25422254
id00687,0.17372552,0.033061117,0.79321337
id00735,0.09114398,0.0026058345,0.9062502
id26443,0.34427345,0.017232677,0.63849384
id15242,0.85907274,0.124275886,0.0166514
id13474,0.1393433,0.8297466,0.03091005
id04409,0.58015585,0.27128363,0.14856046
id19438,0.32960215,0.1604295,0.5099684
id04101,0.19749983,0.62459594,0.17790425
id26992,0.59510833,0.40168858,0.0032031483
id14645,0.25437805,0.70502317,0.040598795
id26429,0.23592994,0.64336276,0.12070733
id05710,0.54217076,0.008353909,0.44947535
id07474,0.35151526,0.003840688,0.6446441
id21067,0.49749362,0.016062338,0.48644403
id20264,0.28061864,0.66468716,0.054694217
id04991,0.18705074,0.031183092,0.7817662
id07054,0.32196513,0.3066967,0.3713381
id14413,0.2646026,0.050932106,0.68446535
id21861,0.102315515,0.0027392933,0.8949452
id12933,0.12161195,0.78147787,0.09691017
id08074,0.2677141,0.003852448,0.72843343
id03176,0.81768376,0.08719914,0.09511708
id15239,0.12789145,0.076535456,0.7955731
id05322,0.2017739,0.7832649,0.014961244
id25957,0.070683695,0.0036808248,0.9256355
id22789,0.10320332,0.008026969,0.88876975
id03435,0.42044193,0.0074020396,0.5721561
id06122,0.19295445,0.80270815,0.0043374565
id00869,0.5491728,0.01808942,0.4327378
id23400,0.024307791,0.96529865,0.010393573
id08127,0.8256069,0.008837547,0.16555563
id08856,0.37134686,0.0061566154,0.62249655
id01919,0.16409917,0.013777317,0.8221235
id22051,0.60423315,0.03960132,0.35616556
id19791,0.96516335,0.012292829,0.022543829
id06679,0.17922334,0.023317495,0.7974591
id25385,0.23180872,0.72147936,0.046711903
id04313,0.19026144,0.007533767,0.80220485
id01389,0.09969362,0.8929633,0.007343123
id17264,0.27021667,0.08910936,0.64067394
id23062,0.5722029,0.41073602,0.017061055
id17008,0.11628203,0.87136126,0.0123566855
id04746,0.33686537,0.6589066,0.004228104
id11487,0.052418787,0.8900666,0.05751458
id02111,0.42861673,0.07466448,0.49671873
id08911,0.21294367,0.32160375,0.46545252
id00845,0.4242532,0.10648522,0.46926162
id02409,0.2646531,0.01136423,0.7239827
id20141,0.059476484,0.9271941,0.013329444
id06353,0.6579773,0.07997775,0.26204497
id14766,0.16329965,0.8263987,0.01030173
id05294,0.13017158,0.7392749,0.1305535
id12568,0.8028808,0.1710828,0.026036393
id27571,0.5112395,0.416956,0.07180452
id20377,0.94407547,0.046319254,0.009605304
id24340,0.8739896,0.11974165,0.006268696
id05355,0.3676669,0.033799924,0.5985332
id01246,0.5468846,0.4083994,0.044716004
id17173,0.6756058,0.102200635,0.22219363
id16338,0.40258095,0.1550005,0.4424186
id14712,0.30011317,0.6396586,0.060228255
id10590,0.1241727,0.022690954,0.85313636
id13157,0.12145752,0.019880714,0.8586618
id23915,0.77540785,0.20523703,0.019355169
id05903,0.25319976,0.7209469,0.025853358
id03661,0.47873873,0.022478543,0.49878275
id21177,0.9483592,0.0077379723,0.04390286
id12025,0.04282728,0.94291127,0.0142615335
id14031,0.4789028,0.3667172,0.15438007
id21299,0.18128899,0.0022533028,0.81645775
id00758,0.23225163,0.044018652,0.7237298
id25034,0.5532863,0.039343115,0.40737057
id01407,0.79092604,0.0027486095,0.20632538
id24205,0.12697041,0.87150675,0.0015228967
id22350,0.25708652,0.72128105,0.021632416
id05983,0.07445043,0.0032619524,0.92228764
id23821,0.23212434,0.10935371,0.65852195
id21960,0.097306594,0.010714177,0.8919792
id08108,0.5505774,0.026041672,0.42338094
id03232,0.2351311,0.01725888,0.74761003
id12956,0.22114451,0.003964311,0.7748912
id03217,0.0357088,0.91021276,0.05407847
id08955,0.045890722,0.80082136,0.15328786
id22567,0.3315065,0.16813266,0.50036085
id20367,0.95904464,0.025408361,0.015546993
id06319,0.35503894,0.5153819,0.12957928
id14239,0.64809275,0.17298986,0.17891744
id05013,0.6200733,0.18115789,0.19876882
id26491,0.27813962,0.70644975,0.015410617
id23540,0.40700302,0.07673543,0.5162616
id25631,0.4365427,0.16534944,0.3981079
id01591,0.47672173,0.16496947,0.3583088
id01193,0.92812055,0.06617433,0.0057051242
id24819,0.105018765,0.864834,0.030147208
id08308,0.8216666,0.077478975,0.10085445
id27567,0.21960685,0.005611661,0.7747815
id12998,0.24038504,0.38479125,0.37482375
id08315,0.14118339,0.7347084,0.124108166
id16118,0.73772275,0.05266334,0.2096139
id27505,0.57231194,0.3981748,0.029513279
id08529,0.013137963,0.9318992,0.054962892
id20249,0.45344964,0.32009494,0.22645546
id24343,0.45487136,0.028684096,0.5164445
id03631,0.17706607,0.8085524,0.014381586
id00349,0.2619714,0.6413011,0.09672747
id04969,0.09508314,0.8641816,0.040735316
id11856,0.5614814,0.033901177,0.40461743
id26020,0.80006164,0.040578708,0.1593596
id07957,0.82155013,0.15810253,0.020347355
id03899,0.8108273,0.027155261,0.16201738
id14650,0.90891665,0.045208126,0.045875225
id21807,0.5237646,0.09879763,0.37743777
id21685,0.97468907,0.0027217069,0.02258916
id06655,0.5522767,0.42220643,0.025516927
id27764,0.85596204,0.059863668,0.084174335
id02847,0.25612396,0.7246586,0.019217433
id07271,0.4314177,0.02268637,0.54589593
id15978,0.6950274,0.026273495,0.27869913
id12075,0.28219545,0.013198457,0.7046061
id23611,0.87617767,0.035638284,0.088184066
id05191,0.9025753,0.047975086,0.049449664
id04303,0.3796669,0.23525183,0.38508126
id12277,0.22147144,0.1088894,0.66963917
id15582,0.8737504,0.002234561,0.124014966
id02917,0.76735485,0.1752376,0.05740755
id25622,0.40420964,0.056758124,0.5390323
id16495,0.29354694,0.36324617,0.34320685
id17839,0.1005197,0.01777096,0.8817094
id20373,0.06162747,0.7348184,0.20355411
id25342,0.502089,0.017408544,0.4805024
id13518,0.74474025,0.018790435,0.23646936
id19958,0.68819535,0.009239852,0.3025648
id00228,0.50847125,0.09149834,0.4000304
id00367,0.19147716,0.10915368,0.69936913
id16274,0.13418871,0.85631704,0.009494262
id27969,0.09217974,0.84891164,0.05890856
id18474,0.8301323,0.058341384,0.11152635
id02892,0.18943211,0.80516905,0.005398761
id03838,0.3354243,0.66317374,0.0014019405
id08960,0.23810215,0.7596486,0.0022492353
id17320,0.40294644,0.023511628,0.57354194
id20922,0.09393845,0.037567373,0.86849415
id17364,0.19337142,0.0451949,0.76143366
id06523,0.9090577,0.022165596,0.068776734
id16232,0.2198686,0.77874106,0.0013903473
id01886,0.05966706,0.939752,0.00058097014
id18234,0.44947195,0.53193986,0.018588193
id26057,0.7927131,0.101771176,0.10551571
id09436,0.3587456,0.62838966,0.012864718
id09543,0.059681438,0.76419705,0.17612153
id15732,0.28526664,0.0692409,0.6454925
id22927,0.45480824,0.5224596,0.022732193
id26551,0.15364468,0.007813734,0.83854157
id11126,0.1903675,0.3729718,0.43666077
id02903,0.8680213,0.1253254,0.006653363
id24549,0.042741217,0.95653564,0.00072311866
id01618,0.39284462,0.6043045,0.0028508944
id22005,0.104267105,0.0061481134,0.8895847
id02603,0.01879598,0.8318749,0.14932913
id22118,0.7077236,0.27823332,0.014043109
id24985,0.6474328,0.10909874,0.24346852
id19044,0.93026793,0.062141743,0.0075903595
id03296,0.2451934,0.6884178,0.06638882
id17299,0.37102365,0.6177176,0.011258783
id08251,0.5556056,0.026228223,0.4181662
id05491,0.58593935,0.016236776,0.39782387
id17009,0.9125757,0.008266156,0.07915808
id07381,0.18729669,0.75982225,0.052881073
id07643,0.41753605,0.18848562,0.39397836
id24227,0.9170551,0.028936764,0.054008223
id04099,0.6605361,0.026762377,0.3127015
id11393,0.05236917,0.8677774,0.07985345
id19396,0.32968944,0.65758944,0.012721179
id15362,0.8646021,0.009291186,0.12610678
id00195,0.56190777,0.024979526,0.41311273
id02296,0.18566695,0.014108902,0.8002242
id27754,0.6191166,0.12689152,0.2539919
id16471,0.14645132,0.83692557,0.016623043
id15237,0.3088143,0.60411257,0.08707317
id10099,0.10792957,0.8880454,0.0040250546
id21647,0.59316254,0.06766507,0.3391724
id13571,0.19773734,0.42984676,0.37241596
id15137,0.13654743,0.8273152,0.036137328
id10965,0.12228255,0.06896371,0.8087537
id24918,0.16775833,0.82795596,0.004285718
id01700,0.7543002,0.20276949,0.042930372
id03901,0.4585456,0.5397713,0.0016831008
id24411,0.21802384,0.69457203,0.08740409
id02597,0.35344675,0.637203,0.009350303
id07981,0.15483536,0.01330214,0.8318625
id07429,0.33375016,0.027624235,0.6386256
id13354,0.4505496,0.38740364,0.16204682
id25693,0.6239494,0.28536862,0.09068195
id11305,0.4166513,0.0088264905,0.5745222
id26634,0.91609174,0.049848266,0.03406002
id09180,0.54641974,0.056340564,0.39723969
id19991,0.58984804,0.15015993,0.25999203
id05497,0.36183232,0.008381645,0.629786
id08058,0.122539274,0.7131288,0.16433197
id06612,0.17454898,0.106543474,0.71890754
id22846,0.008753594,0.9560629,0.035183515
id09588,0.85127795,0.10728079,0.04144129
id10337,0.15744305,0.010535158,0.83202183
id05744,0.9629269,0.0018955496,0.035177518
id19624,0.31846017,0.6426793,0.038860634
id00939,0.20311245,0.6591861,0.13770145
id24424,0.13171363,0.06498049,0.80330586
id14406,0.3730681,0.0070223976,0.61990947
id08961,0.10250913,0.007069272,0.8904216
id27004,0.6388109,0.0042458265,0.35694337
id24072,0.3139588,0.5403573,0.14568394
id23738,0.18339774,0.81434155,0.0022606698
id13676,0.2135246,0.45263895,0.3338365
id19636,0.40399092,0.05766296,0.5383461
id09466,0.4870822,0.40612876,0.10678899
id04434,0.13904059,0.85756916,0.003390233
id24016,0.60625654,0.3460254,0.04771811
id09168,0.25717267,0.010568239,0.7322591
id24262,0.9282056,0.017660653,0.054133672
id01441,0.7229402,0.051457096,0.22560275
id20170,0.5704176,0.007748821,0.42183357
id02342,0.6207625,0.105785914,0.27345154
id23334,0.31578267,0.6007791,0.0834382
id09262,0.80530864,0.010246824,0.18444452
id17822,0.6157065,0.14285539,0.24143809
id14466,0.30500704,0.6900341,0.0049589504
id14319,0.28670117,0.16701457,0.5462843
id02387,0.73297733,0.094701335,0.17232132
id13617,0.6051393,0.23210892,0.1627518
id08025,0.75968593,0.04237992,0.19793415
id23364,0.4157636,0.5641344,0.020102011
id01438,0.6690828,0.016250674,0.3146665
id05288,0.34248808,0.64298385,0.014528041
id24441,0.39864975,0.09531384,0.5060364
id18048,0.2953598,0.031601638,0.67303854
id27822,0.039038986,0.9248206,0.036140434
id23906,0.8195134,0.05560544,0.12488122
id07059,0.1012838,0.04943414,0.8492821
id08357,0.6379422,0.084583566,0.27747425
id13619,0.07888359,0.02361586,0.8975006
id27086,0.24630927,0.7480185,0.0056722835
id03789,0.7995666,0.014601733,0.1858317
id00177,0.19609945,0.0021280039,0.8017726
id01552,0.4662798,0.001731664,0.5319885
id03027,0.48685557,0.48899975,0.024144612
id15841,0.10656187,0.8899473,0.003490855
id27214,0.45470238,0.21421015,0.3310874
id14095,0.40258363,0.13319625,0.4642201
id08434,0.04592299,0.9278084,0.026268542
id05532,0.42394298,0.04664509,0.529412
id06247,0.11722124,0.5941371,0.28864172
id09916,0.2656471,0.5934065,0.1409464
id18651,0.9127254,0.020865869,0.066408806
id26324,0.35109907,0.10251298,0.5463879
id27363,0.3888603,0.014714098,0.5964256
id02302,0.06806988,0.011103968,0.92082614
id12845,0.6031101,0.21760698,0.1792829
id20294,0.35258725,0.004266302,0.64314646
id04233,0.20541823,0.17514676,0.619435
id20000,0.077719815,0.9217322,0.00054800016
id02527,0.09298228,0.0039058954,0.9031119
id26763,0.08086552,0.91568035,0.0034541944
id15763,0.22228381,0.73361605,0.044100113
id10374,0.6866095,0.19366711,0.11972335
id00901,0.083338924,0.90565443,0.011006672
id22161,0.5088817,0.22085331,0.270265
id15200,0.8921845,0.0032492965,0.10456623
id15430,0.14160605,0.59749514,0.2608989
id27468,0.48873764,0.018931918,0.4923304
id02378,0.31727856,0.013987975,0.6687335
id23250,0.80822676,0.00845935,0.18331392
id18374,0.13979301,0.0051243855,0.8550826
id01146,0.5412267,0.31817073,0.14060265
id24617,0.6761925,0.01225257,0.31155488
id01754,0.057289794,0.87028915,0.072421074
id11383,0.37342322,0.02369794,0.60287887
id24713,0.092221335,0.8267901,0.080988616
id26161,0.35255602,0.23679604,0.41064796
id12466,0.5830787,0.21639626,0.20052509
id17409,0.7755395,0.08110515,0.14335535
id04066,0.71431065,0.2713204,0.014368925
id16890,0.07699024,0.9033237,0.019686026
id03358,0.8586104,0.13156773,0.009821876
id19133,0.7237412,0.0040944368,0.27216446
id07358,0.17175066,0.776149,0.052100398
id27773,0.08670431,0.91145533,0.0018403659
id10699,0.09387296,0.8105427,0.09558432
id08693,0.921576,0.057662144,0.020761836
id11944,0.15220311,0.8396453,0.008151598
id02240,0.28915513,0.6614788,0.049366057
id23124,0.35247308,0.036870282,0.6106566
id05465,0.42807165,0.037882373,0.534046
id15540,0.34651536,0.64485204,0.008632588
id16715,0.049029417,0.0048971255,0.9460735
id12563,0.056897245,0.009911428,0.9331913
id00583,0.07162002,0.7897885,0.13859151
id27730,0.20371377,0.12621114,0.6700751
id00896,0.12765366,0.012664327,0.859682
id15031,0.72942924,0.20484279,0.06572794
id23271,0.072714485,0.5059723,0.4213132
id17004,0.1608542,0.039428644,0.7997172
id10247,0.14721152,0.030141022,0.8226475
id12055,0.43020776,0.20514739,0.3646449
id22719,0.5341292,0.2106542,0.25521657
id06891,0.0737299,0.9170485,0.009221623
id27281,0.710311,0.13049918,0.15918985
id23104,0.5641219,0.006297503,0.4295806
id14491,0.09248732,0.905129,0.0023836296
id24292,0.33376104,0.61286974,0.05336923
id15777,0.24372317,0.046029616,0.7102472
id22522,0.030221194,0.009207946,0.9605709
id25136,0.07900239,0.8875132,0.0334844
id17735,0.33671603,0.6321475,0.031136494
id18869,0.3640755,0.42822716,0.20769736
id20815,0.08089697,0.8570772,0.062025864
id15238,0.6803166,0.21601363,0.10366978
id24454,0.15006158,0.12630284,0.72363555
id14402,0.18827239,0.0081597855,0.8035678
id10985,0.6680329,0.0224386,0.30952853
id12747,0.78947854,0.15248793,0.058033537
id11581,0.40324944,0.2762708,0.32047972
id07594,0.66508156,0.01782798,0.31709045
id08240,0.6548481,0.2593384,0.08581353
id12773,0.1917251,0.56931937,0.23895553
id12838,0.39932814,0.29663324,0.3040386
id23322,0.047088396,0.81612355,0.13678809
id22344,0.7621206,0.019608214,0.21827126
id12881,0.4021334,0.3846989,0.21316773
id20147,0.057019513,0.023630405,0.9193501
id13261,0.40499365,0.5829662,0.012040144
id01842,0.16710156,0.0059660333,0.8269324
id25884,0.7636161,0.06810652,0.16827743
id01643,0.7281547,0.09509431,0.17675102
id26737,0.13644938,0.82995677,0.03359383
id10558,0.36517698,0.21960647,0.41521654
id20458,0.051103175,0.010659631,0.9382372
id23965,0.3211725,0.23303245,0.44579503
id26758,0.63384074,0.019690141,0.34646913
id27519,0.48896345,0.072518416,0.43851808
id20676,0.26420066,0.629313,0.10648641
id10536,0.7447594,0.07161212,0.18362851
id12652,0.71541065,0.0026465247,0.28194287
id00041,0.08225812,0.053448025,0.8642939
id16051,0.15877998,0.27664453,0.56457555
id02396,0.061473273,0.004515236,0.93401146
id00294,0.07112975,0.21816096,0.7107093
id07695,0.81446886,0.017086325,0.16844486
id12440,0.247754,0.72818947,0.024056494
id18373,0.68679225,0.30033046,0.012877342
id16812,0.06860079,0.9111703,0.020228907
id20901,0.012180885,0.98576957,0.0020495933
id12076,0.20466185,0.0019286268,0.7934095
id19184,0.8448451,0.012629411,0.14252548
id08937,0.16491765,0.7858183,0.049264044
id08181,0.2976769,0.38465863,0.3176645
id10111,0.6352527,0.23403901,0.1307083
id24104,0.04805249,0.93181825,0.020129306
id24837,0.3322445,0.50590163,0.16185388
id15659,0.3731072,0.03617505,0.5907178
id14673,0.5817179,0.24493563,0.17334646
id22539,0.1452291,0.0046297912,0.8501411
id22413,0.7948753,0.1338135,0.07131114
id19433,0.3358501,0.20366609,0.46048382
id11633,0.068587154,0.0029094066,0.92850345
id04727,0.33000115,0.006625283,0.6633736
id26735,0.19014435,0.626817,0.18303868
id17167,0.057755712,0.929857,0.012387296
id04188,0.6397974,0.16383287,0.1963697
id07861,0.49227148,0.40424007,0.10348846
id05163,0.64066833,0.0030941218,0.35623756
id14142,0.41272372,0.38163713,0.20563918
id16011,0.5284722,0.0042409827,0.46728683
id24117,0.090708315,0.9061671,0.003124586
id06439,0.14017124,0.0045234323,0.8553053
id06481,0.13514484,0.012328047,0.85252714
id10069,0.6492329,0.060713287,0.2900538
id11204,0.49081194,0.01621448,0.49297357
id15541,0.22169244,0.027690543,0.750617
id11872,0.091249324,0.5220359,0.38671482
id21639,0.14802322,0.54836404,0.30361268
id19801,0.07281214,0.011773616,0.9154143
id15798,0.27206174,0.5204587,0.20747957
id18282,0.043297075,0.0022840416,0.9544189
id27107,0.23215438,0.11240651,0.65543914
id23052,0.8020911,0.117946364,0.07996253
id19129,0.051252726,0.9439742,0.0047730687
id08088,0.17921688,0.60806173,0.21272142
id26398,0.75601625,0.01160348,0.23238032
id06010,0.58982575,0.015535201,0.3946391
id24813,0.892296,0.016215788,0.091488205
id27399,0.17931323,0.027827812,0.79285896
id15776,0.66330695,0.15886244,0.17783062
id25955,0.042728253,0.0023531779,0.95491856
id19866,0.4068305,0.33989885,0.25327063
id00804,0.106529444,0.0017282054,0.89174235
id03140,0.76572496,0.09725598,0.13701905
id21261,0.5223762,0.12714168,0.3504821
id11754,0.85723704,0.14086561,0.0018973026
id07880,0.7803866,0.19513294,0.024480464
id25080,0.16840659,0.14756978,0.6840237
id09317,0.6750042,0.26681545,0.058180317
id15488,0.56939065,0.42004737,0.010561993
id19606,0.56172943,0.01693793,0.42133266
id14247,0.13929579,0.006371806,0.85433245
id21692,0.047572326,0.9446142,0.007813513
id24843,0.613272,0.17969653,0.20703152
id11433,0.8242052,0.052024994,0.12376981
id04705,0.018962715,0.9764084,0.0046288962
id04583,0.27531072,0.6994353,0.025253994
id21401,0.48250306,0.020891426,0.4966055
id20649,0.7650969,0.1136105,0.12129258
id02631,0.30108666,0.69155395,0.007359355
id19128,0.24324477,0.72890353,0.027851671
id27401,0.3212788,0.6758436,0.0028776594
id10015,0.67667603,0.017875008,0.30544892
id09875,0.38947326,0.6044073,0.0061194655
id07941,0.9585997,0.0044305352,0.036969837
id00882,0.65254354,0.0935956,0.25386083
id14143,0.67559344,0.025563803,0.29884282
id02713,0.13245554,0.0042473944,0.86329705
id16462,0.30815026,0.6780098,0.013839962
id08522,0.66899574,0.043781668,0.28722265
id07181,0.2414024,0.75380754,0.0047900616
id20918,0.02108489,0.012346842,0.9665683
id06178,0.2546598,0.073684,0.67165625
id08857,0.12479695,0.8618326,0.013370428
id23193,0.7062616,0.001615925,0.2921225
id19651,0.95079345,0.0018462492,0.04736034
id09135,0.4379873,0.005906407,0.5561063
id16416,0.13613752,0.8310979,0.032764617
id03990,0.7812229,0.06381433,0.15496275
id09922,0.12604667,0.011423256,0.8625301
id17688,0.29055935,0.25460866,0.45483193
id05846,0.64505357,0.14527242,0.20967402
id22599,0.055255152,0.938686,0.006058803
id15087,0.71171296,0.16412587,0.124161206
id14711,0.1308263,0.00865319,0.86052054
id09969,0.08092571,0.9143506,0.004723685
id21377,0.18808442,0.006991217,0.80492437
id25247,0.20638251,0.29440486,0.49921262
id23590,0.17100598,0.6674836,0.16151041
id21390,0.35057077,0.048557855,0.6008714
id21176,0.2739659,0.6429269,0.08310729
id27310,0.5219558,0.12800449,0.35003975
id03802,0.3197882,0.009799263,0.67041254
id19012,0.7342932,0.035502803,0.23020399
id02414,0.11311656,0.0057991757,0.88108426
id21814,0.3578702,0.051092464,0.59103733
id00247,0.48209953,0.4423994,0.07550106
id24584,0.9427161,0.051522933,0.0057609878
id01109,0.20179468,0.00881229,0.78939307
id07953,0.5677692,0.0053269016,0.42690387
id02030,0.16768692,0.39824143,0.43407163
id23912,0.3144254,0.5156544,0.16992027
id13856,0.50378746,0.027547298,0.46866524
id18661,0.4354749,0.5569809,0.0075441557
id16595,0.1959235,0.03979942,0.76427704
id11387,0.18276186,0.13102922,0.6862089
id12489,0.18574348,0.034142204,0.7801143
id26079,0.8578038,0.019249797,0.1229464
id05553,0.24433243,0.71471137,0.040956225
id09596,0.8703487,0.11135704,0.018294295
id23663,0.06765236,0.92958987,0.0027577938
id25726,0.26654783,0.04275455,0.69069767
id18105,0.541349,0.008100418,0.4505506
id23249,0.36862788,0.33197224,0.29939982
id19756,0.37103182,0.02554666,0.6034215
id23981,0.053543948,0.908728,0.037728097
id11521,0.08939577,0.012465697,0.8981385
id17449,0.23246409,0.019510495,0.7480254
id15479,0.54904616,0.21307608,0.23787771
id13555,0.036977857,0.023677342,0.93934476
id01520,0.39545757,0.016085126,0.5884573
id03093,0.18883608,0.113311104,0.69785285
id09992,0.4223631,0.4273418,0.15029518
id06668,0.29661447,0.40940252,0.29398307
id19568,0.39064747,0.5182825,0.09107004
id17963,0.5259223,0.115079395,0.35899827
id04142,0.7588751,0.09278404,0.14834088
id24508,0.19456506,0.023319889,0.78211504
id10791,0.5895742,0.012861075,0.39756468
id01228,0.16980605,0.24812415,0.5820698
id24879,0.36624432,0.33661845,0.2971373
id19795,0.28219086,0.06513076,0.65267843
id02488,0.24691026,0.0083544515,0.7447353
id10204,0.63807917,0.028048934,0.33387187
id20878,0.18867439,0.59726834,0.21405725
id10163,0.18170689,0.105395205,0.71289796
id26439,0.32071742,0.059799362,0.61948323
id06268,0.61989146,0.25099438,0.12911412
id05530,0.20485927,0.0029022533,0.7922384
id15914,0.066926934,0.88460785,0.048465278
id21656,0.10630148,0.85178477,0.041913804
id16473,0.2774311,0.6550447,0.06752424
id11262,0.16079456,0.00080591993,0.8383995
id15332,0.13811278,0.005452842,0.85643435
id01765,0.1029714,0.0035737355,0.89345485
id12527,0.6682291,0.017429195,0.31434175
id16877,0.17611061,0.004376669,0.81951267
id19105,0.20948572,0.62357926,0.16693503
id19533,0.6276725,0.027971292,0.3443562
id27557,0.13104603,0.86798424,0.00096976507
id19487,0.123509206,0.0022577362,0.87423307
id25958,0.10553611,0.0076871216,0.88677675
id22331,0.6113141,0.028258441,0.36042744
id13674,0.80247337,0.18269907,0.0148275625
id04688,0.84847814,0.025898537,0.12562335
id25663,0.06831401,0.0021268295,0.9295592
id00344,0.17972387,0.7603694,0.05990673
id11323,0.8961273,0.08846905,0.015403672
id18670,0.34739006,0.622777,0.029832972
id23811,0.55041826,0.07696827,0.37261352
id27702,0.765198,0.09666845,0.1381335
id09979,0.44872275,0.10277358,0.4485037
id25040,0.047630865,0.94600743,0.006361711
id00083,0.53543943,0.45731524,0.0072453027
id19751,0.9336525,0.03677173,0.029575786
id19385,0.115177035,0.04655846,0.8382645
id22498,0.60879976,0.10594862,0.28525165
id20381,0.71101433,0.17785175,0.111133866
id00428,0.16795702,0.002904005,0.829139
id26942,0.09353032,0.85048366,0.05598603
id10242,0.56340224,0.11446211,0.3221357
id08136,0.07850497,0.053666607,0.8678285
id00055,0.19881167,0.03743549,0.7637528
id15243,0.22257176,0.03343147,0.74399674
id13954,0.7973213,0.19563065,0.007047987
id26797,0.82840794,0.0012237594,0.17036833
id11384,0.09367579,0.8472436,0.059080586
id07965,0.21235196,0.058892485,0.7287556
id19311,0.40557754,0.028853912,0.56556857
id08841,0.40154317,0.5899753,0.008481549
id14884,0.3393417,0.15678129,0.503877
id10859,0.6732148,0.0034576189,0.3233276
id10460,0.28492978,0.6675553,0.047514934
id25236,0.70186627,0.057080667,0.2410531
id19325,0.15081438,0.75439274,0.09479289
id03265,0.097033225,0.77751905,0.12544776
id08636,0.079823144,0.9108551,0.009321772
id11848,0.055625964,0.7724054,0.17196865
id20945,0.73460567,0.027339108,0.23805523
id04971,0.8739243,0.074557304,0.051518403
id08496,0.90049005,0.05334431,0.046165653
id23091,0.25041822,0.028942049,0.7206397
id06654,0.21595994,0.47795972,0.3060804
id10002,0.7528718,0.020519096,0.22660913
id16426,0.71631825,0.04076866,0.24291305
id12285,0.19461446,0.7903767,0.015008887
id18466,0.85995287,0.015400756,0.124646425
id27110,0.8581618,0.041572917,0.100265324
id07502,0.44611192,0.19791263,0.35597548
id02890,0.109723665,0.8127361,0.07754025
id19800,0.19749007,0.54622024,0.2562897
id19162,0.3999799,0.24307436,0.35694572
id23696,0.7129499,0.27486667,0.012183409
id25580,0.5603659,0.00998662,0.42964748
id09671,0.03174976,0.9591892,0.009060995
id21501,0.051738217,0.94227415,0.0059876707
id23983,0.16617921,0.015658379,0.81816244
id15163,0.22277229,0.7172767,0.059951026
id03351,0.10022505,0.8954797,0.0042952755
id07575,0.22204094,0.5378756,0.24008347
id12149,0.36795503,0.47822255,0.15382244
id10262,0.05298817,0.8585329,0.08847889
id20055,0.21247657,0.74245405,0.045069378
id16660,0.72636974,0.014540332,0.25908998
id03200,0.15296826,0.6163316,0.2307002
id19508,0.3667263,0.03422765,0.59904605
id03793,0.18181409,0.8144364,0.003749554
id19882,0.21128431,0.43703413,0.3516816
id16261,0.906514,0.00961869,0.08386727
id22519,0.08541299,0.008558809,0.9060282
id24023,0.30329916,0.6686408,0.028060097
id04432,0.55114,0.17602596,0.27283406
id06228,0.73974687,0.22735177,0.032901395
id20655,0.66383505,0.21609522,0.12006974
id10603,0.1528247,0.8399926,0.0071826926
id05162,0.66583717,0.06932725,0.26483557
id18462,0.1213593,0.13920708,0.7394336
id10034,0.23649165,0.74863887,0.014869489
id20090,0.20956211,0.0018724479,0.78856546
id10966,0.31217638,0.0076304176,0.68019325
id10696,0.16508228,0.83305216,0.0018655087
id01326,0.30808923,0.07443441,0.6174764
id03613,0.5783725,0.32311353,0.09851399
id01794,0.84320164,0.08107781,0.07572058
id26181,0.099167824,0.0059941458,0.89483804
id27587,0.94901687,0.04482169,0.006161481
id08364,0.9769817,0.003133907,0.019884422
id24179,0.8094978,0.09055745,0.09994471
id02284,0.71390146,0.056300644,0.22979787
id10671,0.8791155,0.07745655,0.043427978
id08252,0.18083084,0.81479216,0.004377031
id15951,0.60097563,0.14073719,0.25828716
id21864,0.24059165,0.009964403,0.74944395
id04453,0.090299204,0.9024656,0.0072352053
id12771,0.15814386,0.41029406,0.43156204
id09751,0.5760676,0.30377018,0.12016216
id10572,0.5231513,0.39036608,0.08648265
id13036,0.0670767,0.02131375,0.91160953
id00112,0.34254625,0.09327615,0.56417763
id13299,0.064764075,0.12911358,0.8061223
id00858,0.341038,0.055727314,0.6032347
id08297,0.23173873,0.751907,0.016354246
id11005,0.27079028,0.07739354,0.6518162
id25101,0.048969783,0.94221604,0.008814161
id26150,0.8813046,0.0731589,0.045536432
id13836,0.8134383,0.0060313637,0.18053037
id07352,0.12381935,0.51371837,0.36246225
id08883,0.5205769,0.29009855,0.18932459
id09328,0.369171,0.5996627,0.03116626
id03934,0.30791575,0.1459805,0.5461038
id14064,0.18364596,0.80397826,0.012375814
id06643,0.31052154,0.0052497215,0.6842287
id21558,0.6931873,0.09186353,0.21494922
id17053,0.28771177,0.0078032273,0.704485
id06434,0.18665108,0.05780769,0.7555412
id16616,0.22929022,0.04318239,0.7275274
id03306,0.19016968,0.008795026,0.8010352
id07375,0.059741095,0.882186,0.058072943
id07934,0.315566,0.0018727628,0.6825612
id02202,0.3520803,0.003499189,0.6444205
id03667,0.59571546,0.009770929,0.39451364
id27531,0.48766252,0.41967356,0.09266391
id00608,0.05703676,0.8530125,0.08995077
id18141,0.83072203,0.026008623,0.1432694
id00008,0.7031714,0.018556777,0.2782719
id08845,0.41395873,0.22179261,0.36424863
id16610,0.9408068,0.0206637,0.038529545
id07464,0.17294154,0.0036103798,0.82344806
id02189,0.69943345,0.18788265,0.11268396
id17456,0.20753115,0.01648691,0.7759819
id09421,0.2138001,0.34890077,0.4372992
id12813,0.1658661,0.21090658,0.6232273
id23428,0.44749114,0.012731591,0.53977734
id01358,0.7240532,0.24481034,0.031136489
id02737,0.2800983,0.68233544,0.037566297
id27430,0.2278642,0.06199118,0.71014464
id12857,0.045899365,0.9023178,0.051782724
id01905,0.3133862,0.0057820627,0.68083173
id18314,0.86698914,0.0013136887,0.13169715
id02216,0.82652825,0.16149637,0.011975454
id04034,0.41910514,0.57903564,0.0018592128
id11461,0.21881327,0.77689755,0.004289155
id09397,0.3797579,0.26609048,0.3541516
id25870,0.06260658,0.8740179,0.0633755
id11653,0.48532248,0.11803665,0.39664087
id10046,0.79491144,0.014474252,0.19061434
id27294,0.897661,0.08476894,0.017570104
id09975,0.87145543,0.0059526507,0.122591905
id09133,0.06735405,0.037598167,0.8950478
id08410,0.7833899,0.0047315625,0.21187858
id19062,0.44815043,0.209455,0.34239462
id26530,0.12046857,0.0038245379,0.8757069
id09772,0.842116,0.03873781,0.11914621
id10360,0.6629795,0.05225924,0.2847613
id12530,0.047648326,0.93624276,0.016108947
id06013,0.15882424,0.049669124,0.79150665
id10525,0.73147655,0.010242139,0.25828135
id25934,0.017600842,0.9789704,0.00342878
id10624,0.8347381,0.1376045,0.027657349
id16000,0.08365204,0.028782606,0.8875654
id01995,0.67523146,0.02557507,0.29919353
id26809,0.38273868,0.0026529513,0.6146084
id06631,0.062414326,0.9230122,0.014573501
id23869,0.02503919,0.11861977,0.85634106
id06357,0.23701234,0.74553967,0.017448008
id02926,0.14975414,0.014576418,0.83566946
id14130,0.93844837,0.013204478,0.048347164
id12672,0.082874134,0.9121099,0.0050160135
id21593,0.789395,0.07436327,0.13624176
id06089,0.0847701,0.9114757,0.0037542083
id09878,0.31557858,0.07150652,0.6129149
id06940,0.264521,0.72168064,0.013798384
id11312,0.34091163,0.65648293,0.0026054354
id25039,0.30954233,0.040732194,0.64972544
id25401,0.582361,0.30703488,0.11060415
id21772,0.13500842,0.22653858,0.638453
id22915,0.034601368,0.87170905,0.093689576
id01096,0.34066588,0.6563301,0.0030040012
id15071,0.1564372,0.83952016,0.00404262
id01062,0.23473138,0.00085738965,0.7644112
id09059,0.081364356,0.91695315,0.0016824906
id16954,0.50566983,0.03816426,0.4561659
id11730,0.69251424,0.0036162804,0.30386952
id26294,0.36517623,0.009377102,0.6254467
id00940,0.12601362,0.84449077,0.029495617
id08422,0.5669958,0.37922522,0.053779006
id14612,0.18800275,0.049648065,0.76234925
id11545,0.44384268,0.19533782,0.36081952
id24921,0.53955317,0.009853352,0.4505935
id18942,0.77940315,0.057125308,0.16347153
id23652,0.16836233,0.02906299,0.8025747
id07261,0.7809647,0.005739913,0.21329546
id11791,0.7491546,0.024365403,0.22647992
id07207,0.7446262,0.019804897,0.2355689
id19774,0.7632598,0.23460682,0.0021333974
id06049,0.73344713,0.12914543,0.13740748
id13983,0.41529754,0.0041639167,0.5805386
id27463,0.17037217,0.18144882,0.64817905
id09046,0.12242037,0.0047904104,0.87278926
id25994,0.45543802,0.54031813,0.004243882
id02689,0.15914896,0.8218051,0.019045958
id14829,0.35175183,0.64130926,0.006938909
id20759,0.17732784,0.010090004,0.81258214
id27848,0.60357285,0.13973281,0.2566944
id08225,0.22059116,0.007964723,0.77144414
id17637,0.3626117,0.036176182,0.6012121
id15355,0.56552637,0.03774019,0.39673346
id13448,0.43038726,0.038933434,0.53067935
id01981,0.10789554,0.5557529,0.33635157
id09107,0.63947016,0.011154152,0.34937567
id20630,0.79474187,0.044661466,0.1605967
id10726,0.8816711,0.034252927,0.08407602
id03636,0.13093144,0.15011363,0.718955
id01736,0.53621817,0.26761082,0.19617103
id23828,0.80103564,0.078849904,0.120114386
id27861,0.41991478,0.10876849,0.47131673
id14983,0.44665936,0.022401335,0.53093934
id04726,0.26984325,0.22540744,0.50474936
id03313,0.4060177,0.04334069,0.5506416
id21981,0.23588042,0.6503334,0.113786176
id20082,0.53411543,0.28318223,0.18270232
id03502,0.72413325,0.243801,0.03206573
id04804,0.65095204,0.06320635,0.28584164
id20635,0.53300655,0.075320065,0.39167336
id09564,0.5980128,0.12945572,0.27253148
id01354,0.31754377,0.66424614,0.01821004
id09441,0.11102647,0.0057122074,0.8832613
id07175,0.34631708,0.6173769,0.036306024
id15544,0.19154623,0.18619767,0.62225616
id25935,0.6560503,0.2653273,0.07862231
id19230,0.5312622,0.36808446,0.10065326
id00718,0.16741303,0.06618709,0.7663999
id00274,0.88972294,0.10540314,0.0048738243
id16546,0.32330236,0.5762433,0.10045438
id02136,0.032419257,0.96717775,0.00040299914
id19618,0.26398104,0.46014485,0.2758741
id00503,0.13050172,0.005752072,0.86374617
id11300,0.17096262,0.8033642,0.025673231
id21526,0.3556805,0.61336166,0.030957848
id07300,0.10308032,0.89265466,0.0042650327
id18782,0.12509929,0.8479351,0.026965598
id01883,0.4780432,0.5116149,0.010341914
id25235,0.76286983,0.16021882,0.076911375
id03747,0.13911785,0.003045875,0.85783625
id07155,0.7923135,0.025419181,0.18226737
id00565,0.9878406,0.007819762,0.004339621
id11232,0.8987291,0.098589,0.0026819082
id00722,0.34471905,0.030617973,0.62466294
id19963,0.21945402,0.0028936816,0.7776523
id16866,0.8128682,0.0963748,0.09075705
id17280,0.49958456,0.40610978,0.09430559
id04309,0.5903373,0.3973025,0.012360219
id23317,0.02314692,0.92912614,0.047726866
id25757,0.035580784,0.853666,0.110753134
id17088,0.31011227,0.03402085,0.65586686
id19779,0.11979163,0.0064408346,0.87376755
id26845,0.08731905,0.67090744,0.2417735
id01923,0.36709565,0.3467699,0.28613445
id09394,0.12124277,0.3935803,0.48517692
id25978,0.3493265,0.0727595,0.577914
id03898,0.4883548,0.4551967,0.05644842
id11967,0.43744117,0.0074171415,0.5551417
id14964,0.5896069,0.04196676,0.36842644
id06337,0.31469658,0.056698162,0.6286053
id26501,0.16194978,0.017055843,0.8209944
id20513,0.77492076,0.18998511,0.035094142
id05044,0.93593705,0.015157589,0.04890541
id07951,0.17915627,0.010832972,0.81001073
id14796,0.4636485,0.41846266,0.11788882
id09780,0.2690101,0.010026165,0.7209637
id13597,0.937534,0.005499082,0.05696698
id26413,0.9425611,0.02046104,0.036977865
id14007,0.17625467,0.7407929,0.082952484
id01799,0.38151056,0.07853238,0.53995705
id24712,0.08726887,0.45514,0.45759115
id13156,0.41993117,0.03637209,0.5436967
id25468,0.09675,0.00086573337,0.9023843
id25877,0.29281712,0.31583875,0.39134413
id22485,0.029555291,0.96450436,0.005940365
id09229,0.30270597,0.16485989,0.53243417
id25687,0.41506734,0.092028014,0.49290463
id12266,0.08356669,0.074908696,0.84152466
id19723,0.8522031,0.02220603,0.12559092
id03536,0.9269473,0.017194541,0.05585811
id24370,0.27397534,0.5330235,0.19300118
id10745,0.07304868,0.92406714,0.002884217
id17620,0.7639074,0.13549766,0.10059503
id16290,0.05521653,0.9406672,0.0041162753
id04325,0.41060546,0.28110883,0.3082857
id23332,0.3961385,0.0027646667,0.6010968
id15082,0.17829177,0.8199966,0.0017115942
id21581,0.35504803,0.039961915,0.60499007
id17460,0.9614403,0.022001019,0.016558658
id17003,0.87420964,0.060961,0.064829305
id15193,0.018687176,0.9217509,0.059561968
id08389,0.30950174,0.11161961,0.57887864
id19831,0.056300927,0.00046490613,0.94323415
id25627,0.16721807,0.23295417,0.59982777
id14051,0.22977708,0.007931948,0.76229095
id00942,0.8559293,0.015631031,0.12843966
id09184,0.04174823,0.8385356,0.11971619
id21762,0.8682494,0.087194316,0.04455625
id07390,0.79974973,0.14507744,0.055172835
id25785,0.23930262,0.718076,0.042621408
id17567,0.13839112,0.8574273,0.0041816006
id13118,0.0561032,0.9402658,0.0036310505
id17508,0.16294914,0.022356343,0.8146945
id21192,0.38082248,0.08631111,0.5328664
id27884,0.1715813,0.014533105,0.8138856
id08686,0.029240241,0.8705286,0.10023119
id01360,0.6728205,0.32078013,0.0063994057
id13689,0.11968937,0.809189,0.07112166
id01772,0.32483223,0.19056314,0.48460457
id17507,0.028814659,0.942173,0.029012308
id17644,0.802548,0.053140957,0.1443111
id00494,0.7054395,0.28184026,0.01272026
id09881,0.2667393,0.7120908,0.0211699
id02306,0.5697722,0.10061988,0.32960793
id06761,0.45474514,0.22941509,0.3158398
id15045,0.37727955,0.27005777,0.3526627
id05992,0.3271397,0.0029230097,0.6699373
id18245,0.23721673,0.06590488,0.6968784
id01047,0.4459716,0.19948736,0.35454103
id23601,0.14761685,0.002491979,0.8498912
id13140,0.75868845,0.052136056,0.18917552
id05280,0.11929696,0.6235472,0.25715587
id03728,0.27231312,0.2271931,0.5004938
id15626,0.4894444,0.2859787,0.22457689
id03086,0.043678794,0.016021524,0.9402997
id27898,0.2109502,0.4085576,0.38049224
id05891,0.69358677,0.0028152198,0.30359802
id02214,0.119461365,0.03989749,0.84064114
id17274,0.7301016,0.003659349,0.26623908
id09359,0.9683617,0.011164232,0.020474095
id03320,0.71704066,0.011332465,0.2716269
id26061,0.66171306,0.22590736,0.11237964
id02869,0.83690834,0.046347152,0.11674452
id21891,0.08462025,0.8980575,0.017322252
id06182,0.20960402,0.6940096,0.09638636
id13429,0.10691402,0.89147246,0.0016135253
id15943,0.18279429,0.068005726,0.7492
id13008,0.15521787,0.79521996,0.049562186
id08587,0.57998806,0.030055527,0.38995638
id03346,0.9207935,0.04937551,0.029831005
id02052,0.15431425,0.16298835,0.6826974
id00916,0.42047215,0.5217552,0.05777262
id11093,0.70515466,0.12538217,0.16946323
id15190,0.85107267,0.049441706,0.09948562
id23076,0.40247595,0.15343545,0.4440886
id25738,0.1099895,0.85297024,0.03704028
id21546,0.108854264,0.033894815,0.8572509
id17764,0.9172285,0.020047702,0.062723696
id11990,0.80580205,0.14212838,0.05206955
id21050,0.66815186,0.20642868,0.12541948
id18324,0.44313297,0.06755962,0.4893074
id20690,0.5752724,0.029927833,0.3947998
id19799,0.19500409,0.002232884,0.80276304
id12658,0.7942289,0.19856992,0.007201193
id03781,0.37260774,0.03225745,0.5951348
id04870,0.22675161,0.7324101,0.04083836
id20596,0.31412762,0.5992101,0.08666226
id26849,0.80636483,0.010721208,0.18291394
id00600,0.19336593,0.6261771,0.180457
id11902,0.86755794,0.07821272,0.0542293
id19219,0.6746369,0.013308373,0.31205472
id14788,0.1891081,0.78316176,0.027730111
id22482,0.14160742,0.7507159,0.10767666
id15378,0.07015091,0.9294874,0.00036170392
id14696,0.044858087,0.9546695,0.00047238404
id17359,0.1822208,0.008268439,0.80951077
id16190,0.48308408,0.03992596,0.47698995
id21285,0.5774058,0.004260411,0.4183338
id06812,0.8568661,0.03627658,0.10685733
id15579,0.13724624,0.082919516,0.7798342
id26672,0.95426565,0.043533888,0.0022004822
id09842,0.11505178,0.6546834,0.23026481
id06045,0.7846055,0.11656427,0.098830245
id21233,0.78818744,0.026013175,0.1857994
id16227,0.8324507,0.0114417,0.15610763
id17437,0.16511129,0.0020967927,0.8327919
id02309,0.905955,0.09015727,0.0038877001
id18232,0.03134865,0.016944392,0.95170695
id23419,0.15005149,0.0027496312,0.8471989
id11924,0.7434287,0.0016486302,0.2549227
id12263,0.83481693,0.16053802,0.0046450687
id16734,0.5570495,0.13237548,0.31057504
id07989,0.747078,0.23825637,0.014665613
id24633,0.11469848,0.015250414,0.8700511
id19770,0.82860416,0.0204221,0.15097372
id05094,0.3146348,0.056576427,0.6287888
id07252,0.67266345,0.0056904205,0.32164618
id12536,0.68273425,0.220007,0.09725877
id24324,0.61986583,0.061405,0.31872922
id25546,0.2041517,0.0098082,0.7860401
id24732,0.94322634,0.011919939,0.04485378
id07280,0.0738939,0.84155166,0.08455446
id23268,0.5445405,0.23187134,0.22358814
id18050,0.1466884,0.013187285,0.8401243
id19360,0.85567623,0.13008186,0.014241909
id00456,0.22386236,0.7514575,0.024680141
id14069,0.15240362,0.6961571,0.15143928
id24965,0.04567847,0.9530934,0.001228036
id13245,0.104657866,0.020869106,0.87447304
id22515,0.038456056,0.93992984,0.021614067
id11332,0.69601846,0.015392074,0.28858948
id19876,0.114012554,0.0071983896,0.878789
id18315,0.7898788,0.020441817,0.1896794
id05260,0.5268008,0.35915923,0.11403999
id14594,0.26927006,0.6858867,0.044843264
id12867,0.74250704,0.14478745,0.11270553
id05902,0.110669345,0.8490724,0.040258303
id06390,0.18100931,0.03798332,0.78100735
id06005,0.14059778,0.67535543,0.18404683
id24075,0.20655432,0.012584523,0.78086114
id12630,0.65425986,0.29137567,0.054364514
id26378,0.107395224,0.19944414,0.69316065
id05535,0.19676134,0.77953726,0.023701455
id26702,0.08043059,0.007979764,0.9115897
id25209,0.42252272,0.28297663,0.29450065
id19835,0.15209885,0.001630499,0.8462707
id09511,0.086465955,0.8981409,0.01539312
id27364,0.78392255,0.07716538,0.13891211
id09695,0.8393153,0.008309106,0.15237561
id16165,0.5997652,0.016947698,0.3832871
id19503,0.13784415,0.14166534,0.7204905
id13511,0.052306253,0.24579044,0.70190334
id18752,0.26509854,0.010761769,0.7241397
id18278,0.7529741,0.15969242,0.08733348
id27219,0.536693,0.18747927,0.2758278
id05454,0.39381438,0.6040241,0.002161498
id12347,0.39653534,0.035731293,0.56773335
id10397,0.5356541,0.07374244,0.39060345
id18543,0.8258697,0.030825771,0.14330456
id05210,0.76923394,0.007015553,0.22375055
id23141,0.052965105,0.93539715,0.01163773
id17139,0.9428673,0.0076482156,0.04948452
id21399,0.8870769,0.015701432,0.097221725
id18728,0.5931803,0.01263999,0.39417973
id12170,0.48656386,0.5059464,0.007489785
id02225,0.09927953,0.77330524,0.12741522
id27210,0.05365694,0.9457663,0.000576749
id01242,0.04785003,0.10564284,0.84650713
id16587,0.3209745,0.100611486,0.578414
id11144,0.17419827,0.017362034,0.80843973
id13709,0.33622652,0.06977497,0.59399855
id00841,0.04541847,0.9104744,0.044107158
id09692,0.20135641,0.0034291854,0.7952144
id07635,0.8495886,0.07964384,0.07076755
id11375,0.8243077,0.09588761,0.07980475
id05703,0.7270548,0.048948053,0.2239972
id02757,0.7341784,0.23397103,0.031850617
id08216,0.097369246,0.8642483,0.038382526
id09311,0.12563698,0.03711103,0.837252
id11169,0.82483536,0.022175163,0.15298952
id23806,0.7611658,0.08699981,0.15183443
id01253,0.38137046,0.010687387,0.6079422
id27558,0.4379128,0.19762386,0.36446336
id06695,0.9736742,0.0023165084,0.02400927
id22654,0.13113332,0.713066,0.15580074
id16201,0.84603596,0.008994529,0.14496955
id00873,0.49348003,0.46813095,0.03838902
id07131,0.8708814,0.022275561,0.10684308
id11454,0.08953295,0.8632635,0.047203593
id19481,0.7231888,0.1227602,0.15405099
id16409,0.4580189,0.020691903,0.52128917
id01686,0.6971626,0.013632387,0.28920504
id24068,0.47187784,0.2522391,0.27588305
id14825,0.64421296,0.023282846,0.33250418
id13611,0.779922,0.0120525,0.20802552
id05586,0.8223894,0.01647852,0.16113207
id04497,0.7872571,0.19021305,0.022529915
id13912,0.3744109,0.5254722,0.100116886
id09675,0.20403972,0.08239927,0.713561
id23620,0.087500215,0.8804905,0.032009285
id05596,0.083923824,0.0043646013,0.9117116
id09067,0.21290337,0.03957835,0.7475183
id05445,0.102453895,0.8938067,0.0037394068
id16825,0.05563332,0.0063821124,0.9379846
id21127,0.9767174,0.013622686,0.00965993
id01740,0.046339642,0.0036189829,0.9500414
id12719,0.6558367,0.010174618,0.3339887
id14137,0.12294921,0.10829058,0.76876026
id08909,0.13941005,0.0028387862,0.8577512
id24041,0.2582298,0.07291267,0.6688575
id14489,0.42312598,0.5095159,0.06735812
id14961,0.0931203,0.003310099,0.9035696
id19923,0.78014904,0.16581969,0.054031283
id03339,0.020706682,0.975068,0.004225345
id08864,0.17721337,0.028510783,0.7942758
id19803,0.6348927,0.04843457,0.31667277
id09810,0.78218716,0.003137855,0.21467501
id23324,0.7122192,0.04314967,0.24463117
id22050,0.089588046,0.9000154,0.010396554
id11386,0.6656794,0.28063044,0.053690176
id14739,0.9735724,0.0032728452,0.023154812
id02882,0.86524487,0.0840959,0.050659258
id11988,0.39893737,0.3471109,0.2539518
id18839,0.10846138,0.88731563,0.004222995
id08474,0.035135984,0.9622597,0.0026043288
id01060,0.35104802,0.6050775,0.04387449
id06551,0.54837114,0.1585366,0.29309228
id06210,0.3237212,0.028066317,0.6482125
id12349,0.25824252,0.024449246,0.7173082
id21813,0.43598413,0.005293465,0.55872244
id13028,0.034063175,0.8802184,0.08571848
id10021,0.123296805,0.02699559,0.8497076
id07425,0.09965131,0.0019160412,0.8984327
id24409,0.021589002,0.97148377,0.006927266
id21183,0.7004118,0.048319746,0.25126848
id26178,0.461788,0.28708094,0.2511311
id24033,0.66874236,0.0780197,0.25323796
id14793,0.22267665,0.013275185,0.76404816
id03053,0.6328791,0.10077366,0.26634726
id24285,0.80296844,0.007424027,0.1896075
id09137,0.89094216,0.049775053,0.05928276
id03185,0.79210806,0.0072241686,0.20066781
id21242,0.24307542,0.5499228,0.20700175
id17446,0.7400197,0.047702204,0.21227816
id00087,0.42022783,0.53303653,0.04673568
id11019,0.8531252,0.02578732,0.12108754
id18832,0.11544657,0.7350085,0.14954494
id19224,0.30815467,0.00382082,0.6880245
id17436,0.4290161,0.0048457207,0.5661382
id09895,0.2383488,0.0023287162,0.7593224
id20296,0.15372185,0.06751778,0.77876043
id03074,0.22379634,0.42796952,0.3482342
id09152,0.27812347,0.715434,0.0064425757
id15277,0.24622712,0.006733757,0.74703914
id07520,0.49559334,0.47987667,0.024529986
id12928,0.18810217,0.80795366,0.0039441725
id06197,0.47256488,0.0017931184,0.525642
id24099,0.8167093,0.12963295,0.0536578
id17392,0.51548755,0.03247481,0.45203766
id17303,0.6232531,0.0020327037,0.37471423
id05682,0.86417687,0.021996405,0.11382678
id14339,0.8717387,0.08188005,0.04638128
id07873,0.10661448,0.0033249205,0.8900606
id06939,0.046465024,0.917909,0.03562597
id14827,0.4674949,0.14663766,0.38586745
id19768,0.14488271,0.84279835,0.012318987
id18080,0.8961349,0.013009361,0.09085571
id17384,0.5724931,0.35516545,0.07234144
id12059,0.7452128,0.15393361,0.10085359
id27382,0.06285425,0.022931647,0.9142141
id23252,0.7542716,0.030709762,0.21501864
id14797,0.19469586,0.014114054,0.7911901
id25826,0.39579952,0.018675208,0.5855253
id27569,0.9249425,0.07266409,0.0023933651
id05079,0.52275884,0.411522,0.06571911
id23749,0.732028,0.058753915,0.20921811
id04852,0.1410313,0.0038606566,0.8551081
id08920,0.59672767,0.010972225,0.39230013
id15229,0.27447408,0.040951602,0.6845743
id11992,0.4825891,0.13235192,0.38505897
id21087,0.15080641,0.55935705,0.2898366
id22173,0.8298843,0.0050074896,0.16510823
id26488,0.7469614,0.033044312,0.21999426
id09378,0.42552847,0.011837834,0.5626337
id19280,0.55442977,0.17484282,0.2707275
id00701,0.066276565,0.0022378839,0.93148553
id18252,0.48762664,0.5040892,0.008284238
id19850,0.24176311,0.048955537,0.7092813
id00967,0.08003361,0.9034988,0.016467553
id00670,0.40586513,0.24267879,0.35145608
id10795,0.20770577,0.017174862,0.7751194
id27312,0.1371482,0.15435053,0.7085013
id10703,0.2249607,0.0057879,0.76925147
id25596,0.50800294,0.11263354,0.37936357
id00443,0.21656951,0.0061948136,0.7772357
id21638,0.31509852,0.6194232,0.06547827
id15800,0.014552614,0.965922,0.019525396
id23367,0.9506945,0.0071043577,0.042201117
id03600,0.7199127,0.11067206,0.16941524
id07147,0.3204446,0.08564456,0.5939108
id02654,0.036458325,0.95928615,0.0042555355
id17965,0.344437,0.64067143,0.01489161
id24304,0.47604784,0.51272374,0.011228421
id11626,0.6444515,0.066838965,0.28870955
id17604,0.037251756,0.043318424,0.91942984
id24725,0.6944106,0.2046669,0.10092246
id08894,0.7395312,0.25947315,0.0009956744
id01352,0.4026221,0.005239371,0.5921386
id07907,0.96288633,0.017687622,0.019426053
id02681,0.1326411,0.0049605384,0.8623984
id23951,0.025009545,0.96260977,0.01238062
id11154,0.35965127,0.007907029,0.6324417
id13182,0.7025215,0.2730371,0.024441378
id04576,0.28942084,0.707978,0.0026011867
id16318,0.75639385,0.10759422,0.13601185
id05472,0.24668828,0.051162425,0.7021493
id20567,0.5792006,0.030801605,0.3899978
id21385,0.058435977,0.11896975,0.8225942
id09834,0.7373689,0.17083293,0.09179816
id02954,0.75706995,0.121850565,0.121079564
id15456,0.20939647,0.7867888,0.003814686
id06958,0.888759,0.054480016,0.056761004
id18053,0.39972448,0.002557468,0.5977181
id05180,0.07015959,0.888333,0.041507337
id21648,0.6954896,0.050086755,0.25442365
id27095,0.32278466,0.58263534,0.094580024
id16645,0.033042673,0.935025,0.03193237
id22508,0.911461,0.07558838,0.012950606
id01151,0.34315893,0.03302858,0.62381256
id03451,0.5669075,0.27154076,0.16155168
id20279,0.43444204,0.0038969545,0.561661
id17480,0.2155892,0.75284773,0.031563077
id08280,0.49347585,0.33241805,0.17410609
id19245,0.63207364,0.0031804214,0.36474597
id20463,0.8961836,0.084960654,0.018855738
id01510,0.052342016,0.9364318,0.011226181
id22724,0.181321,0.058450993,0.76022804
id03386,0.25512087,0.0037729996,0.7411061
id26858,0.4484429,0.21018097,0.3413761
id27612,0.6659294,0.04625601,0.2878146
id14606,0.7773527,0.037038162,0.18560916
id09273,0.1361384,0.07679673,0.78706485
id07736,0.047611646,0.1018327,0.85055566
id22879,0.46283478,0.25685275,0.28031254
id01075,0.10242909,0.88847816,0.009092764
id14038,0.4468042,0.48868594,0.06450984
id10294,0.8662726,0.029962357,0.10376507
id06738,0.16409355,0.58119434,0.25471213
id06932,0.090317495,0.8862709,0.023411646
id20905,0.21700609,0.5162673,0.2667266
id03466,0.7408954,0.04103005,0.21807455
id17100,0.44869852,0.1707022,0.38059923
id00585,0.089201614,0.027965931,0.88283247
id05385,0.91030735,0.0037714299,0.08592121
id21658,0.9396654,0.017966207,0.0423684
id25140,0.57003635,0.11296159,0.31700203
id14623,0.056932982,0.9238003,0.019266708
id06925,0.7252296,0.2066183,0.06815212
id03102,0.6854365,0.03095082,0.28361273
id15215,0.043905362,0.9442546,0.0118400715
id16162,0.03970685,0.9592824,0.0010107744
id12412,0.046579644,0.9098972,0.043523133
id27708,0.5631405,0.06808359,0.36877596
id18508,0.7823256,0.15693407,0.060740273
id19857,0.7624297,0.14021136,0.09735897
id27904,0.64577603,0.1213081,0.2329159
id27345,0.35689044,0.021318128,0.6217914
id09516,0.5453906,0.3561075,0.09850196
id24277,0.40183046,0.2991943,0.29897523
id26935,0.026183743,0.965889,0.007927316
id08544,0.1381545,0.18414551,0.6777
id13779,0.61372006,0.0070686657,0.3792113
id17103,0.37076157,0.0188508,0.6103877
id01771,0.69270563,0.07048845,0.23680592
id08211,0.17349078,0.0056729782,0.8208363
id06392,0.99368066,0.004460077,0.0018592365
id25629,0.77225107,0.0053580846,0.22239089
id15194,0.27022907,0.36254704,0.36722386
id23962,0.07239438,0.65797037,0.26963523
id14252,0.029186638,0.16403672,0.80677664
id15381,0.54659736,0.0029049255,0.45049772
id17385,0.29352772,0.031127,0.67534524
id22826,0.5837029,0.13255137,0.28374577
id16485,0.14227282,0.7221682,0.13555895
id25744,0.8468428,0.120225206,0.032932
id09192,0.7011448,0.2963041,0.002551046
id08619,0.10308984,0.8501936,0.04671648
id27889,0.17791449,0.633849,0.18823656
id10964,0.13612634,0.1072126,0.75666106
id00821,0.9070619,0.08773081,0.0052072634
id07120,0.8652944,0.09363807,0.04106755
id05347,0.8700959,0.08374557,0.04615845
id14047,0.5312294,0.1725913,0.29617938
id24871,0.7452685,0.01600537,0.23872611
id21417,0.5984921,0.053771593,0.34773633
id03784,0.88307774,0.049191356,0.067730874
id07389,0.24232195,0.687326,0.07035205
id16215,0.93748397,0.048391905,0.014124165
id10976,0.08922356,0.06754708,0.8432293
id00348,0.92871517,0.04226496,0.0290199
id04027,0.45625255,0.07678921,0.46695825
id21625,0.57902217,0.40938708,0.011590757
id15117,0.29326412,0.041159328,0.6655766
id06776,0.7867199,0.19343048,0.019849619
id10947,0.78097093,0.0050015943,0.21402746
id11746,0.5230825,0.0071127405,0.4698048
id27779,0.31941834,0.004703185,0.6758785
id20789,0.24840625,0.39763102,0.3539627
id16187,0.11790438,0.007910681,0.87418497
id23834,0.06834944,0.9003273,0.031323228
id25848,0.081518255,0.91801494,0.00046683906
id08777,0.7170449,0.047248077,0.23570704
id17045,0.17556667,0.007850655,0.8165827
id01474,0.4414365,0.04146293,0.5171006
id09396,0.20745024,0.7392103,0.05333945
id22208,0.92417693,0.026603743,0.04921933
id13813,0.097840525,0.0056415503,0.89651793
id23386,0.7476026,0.09607353,0.1563239
id02610,0.056159828,0.91526836,0.028571809
id07647,0.3540447,0.30271962,0.3432357
id24025,0.3784186,0.6106455,0.010935951
id25573,0.88265735,0.0801198,0.037222803
id23575,0.4314625,0.023650208,0.5448873
id08968,0.15029678,0.6895569,0.16014639
id09958,0.0436318,0.93745524,0.018912984
id13648,0.63480484,0.06799478,0.29720035
id00335,0.8591177,0.017987823,0.12289444
id18099,0.6510014,0.03888625,0.31011236
id24297,0.21057679,0.15690821,0.632515
id17751,0.21516784,0.054926775,0.7299054
id02158,0.21211474,0.7276305,0.06025481
id03039,0.6489796,0.21897894,0.13204148
id09467,0.46524167,0.0055070743,0.5292512
id14903,0.7893584,0.11092099,0.09972066
id03331,0.18357252,0.6341946,0.1822329
id27366,0.37785372,0.040759973,0.58138627
id09199,0.5146118,0.05604347,0.4293448
id07681,0.07243195,0.005960201,0.92160785
id11502,0.02587985,0.97066015,0.003459962
id00140,0.70063454,0.29149806,0.007867409
id20159,0.43499961,0.02915739,0.535843
id02007,0.1184391,0.002982489,0.8785784
id08188,0.70649236,0.1747471,0.118760556
id04504,0.3301945,0.010726099,0.65907943
id22031,0.6535882,0.0736895,0.27272227
id17947,0.10624014,0.013189199,0.88057065
id06267,0.5002374,0.3106803,0.18908231
id14577,0.70405257,0.0061570345,0.28979036
id27313,0.8452509,0.078658976,0.076090135
id16231,0.15513565,0.8077093,0.037155084
id02587,0.5177886,0.040834527,0.44137686
id04379,0.06504898,0.93296134,0.0019896787
id13503,0.101691075,0.8564525,0.04185638
id03887,0.8970987,0.02751664,0.07538463
id22338,0.7227061,0.037818838,0.23947507
id20080,0.35589966,0.57297677,0.071123615
id22392,0.54138744,0.21273626,0.24587631
id03895,0.50759035,0.004264726,0.4881449
id17179,0.21632533,0.7805404,0.0031343077
id23466,0.11386631,0.014703775,0.87143
id12592,0.0758505,0.88561636,0.038533125
id16947,0.79992396,0.08381879,0.11625728
id13870,0.19229522,0.120276526,0.6874283
id10717,0.16190052,0.0017288066,0.8363707
id09418,0.74648046,0.19430368,0.05921588
id20753,0.638538,0.21503533,0.14642671
id00114,0.17708035,0.102786936,0.7201327
id00627,0.90853035,0.05345395,0.038015734
id07738,0.16374198,0.8117919,0.02446616
id14516,0.2658885,0.7061896,0.027922004
id02107,0.22096077,0.77424735,0.004791917
id18378,0.14352706,0.8312006,0.025272254
id02751,0.4006055,0.00675948,0.592635
id26105,0.119788796,0.003472791,0.8767384
id07659,0.40668276,0.054944545,0.5383727
id07421,0.8338865,0.009774805,0.15633874
id00325,0.6242261,0.2177906,0.15798327
id12253,0.9522012,0.009482058,0.038316697
id23427,0.84959525,0.018192511,0.13221224
id06202,0.85521466,0.014416086,0.13036928
id21320,0.06328872,0.004758529,0.9319528
id21994,0.3905083,0.58622235,0.023269342
id13903,0.48694965,0.05403729,0.45901307
id13767,0.59820306,0.22006662,0.18173036
id03750,0.25089705,0.033752732,0.7153502
id08666,0.20772898,0.009839743,0.7824313
id12171,0.044797167,0.15804617,0.7971567
id26202,0.4388033,0.030345993,0.53085077
id16310,0.13446327,0.01874465,0.8467921
id02650,0.34683332,0.58351034,0.06965635
id26558,0.7640984,0.22864111,0.0072604846
id24794,0.78658575,0.14953724,0.06387701
id01299,0.46820444,0.0022856249,0.52950996
id19281,0.8255933,0.012293504,0.16211316
id20504,0.35350463,0.027285986,0.6192094
id15716,0.34329566,0.13687065,0.5198337
id08222,0.18774405,0.04530089,0.7669551
id12393,0.066624954,0.04628516,0.8870899
id26841,0.44061464,0.5327819,0.026603473
id22947,0.1986231,0.7670441,0.034332726
id10817,0.88097614,0.06422408,0.054799814
id01486,0.60713655,0.32084534,0.072018124
id00296,0.08200753,0.90654725,0.011445228
id24189,0.12572539,0.02282374,0.85145086
id20909,0.684525,0.019117424,0.29635763
id21079,0.78348875,0.03780747,0.17870376
id02478,0.25863147,0.008184804,0.73318374
id03727,0.92531186,0.037234668,0.03745348
id09794,0.37180597,0.08257718,0.54561687
id08527,0.14946316,0.8488363,0.0017005907
id18716,0.8457711,0.005632368,0.14859658
id21733,0.09991067,0.012417061,0.8876723
id08898,0.71268773,0.051200155,0.23611216
id16571,0.3299833,0.024729023,0.6452877
id17780,0.65102315,0.019054346,0.32992247
id11537,0.84474987,0.15238254,0.0028676523
id23242,0.67754906,0.22940157,0.093049385
id16749,0.2646812,0.015137846,0.720181
id02226,0.55031717,0.0057599247,0.44392294
id08369,0.26895416,0.06533729,0.66570854
id18013,0.22164747,0.6508223,0.12753028
id23454,0.52297515,0.017075744,0.45994914
id03878,0.026096135,0.9621873,0.011716593
id15129,0.14120273,0.3572114,0.50158584
id21874,0.42576995,0.23236474,0.3418653
id24455,0.88393366,0.04567227,0.07039403
id03860,0.02721223,0.9555244,0.017263396
id07622,0.11086409,0.8868277,0.002308225
id18449,0.21081474,0.042693894,0.7464914
id16952,0.57809925,0.28884724,0.13305351
id08212,0.86454284,0.0038427382,0.13161443
id05513,0.32039887,0.030478686,0.6491224
id24536,0.9803432,0.002473121,0.017183635
id18070,0.89189744,0.022132833,0.08596977
id03094,0.0847377,0.9103908,0.004871516
id13815,0.2843614,0.0690844,0.64655423
id14023,0.038825937,0.9564131,0.00476099
id14480,0.45463872,0.52610415,0.019257141
id00059,0.5289388,0.19798805,0.2730732
id16873,0.6192289,0.13100721,0.24976389
id23144,0.7020812,0.025950672,0.27196813
id02845,0.615762,0.24196146,0.14227654
id25492,0.3077592,0.028998876,0.663242
id04097,0.5391659,0.43641672,0.024417419
id25883,0.9237496,0.0022192984,0.07403106
id23391,0.047084298,0.94248646,0.010429261
id27018,0.7413399,0.20568681,0.052973267
id23614,0.17235139,0.8127624,0.014886262
id14309,0.2119053,0.7772017,0.010893015
id27746,0.046881795,0.9520483,0.0010699375
id05057,0.7018107,0.17503604,0.12315324
id06246,0.4850128,0.025931653,0.48905554
id00509,0.3546449,0.002548666,0.6428064
id19473,0.5229714,0.45370036,0.023328217
id07044,0.24837914,0.21162167,0.5399992
id09871,0.55380136,0.0061762566,0.44002238
id26870,0.6542558,0.13560794,0.21013626
id06125,0.10862937,0.21677494,0.6745957
id02829,0.69851315,0.05546493,0.24602194
id24935,0.6824618,0.08001002,0.23752823
id04557,0.04935724,0.005597536,0.94504523
id01208,0.85442644,0.026907973,0.11866558
id16235,0.054243904,0.9439933,0.001762822
id05135,0.12006594,0.8665301,0.013403979
id05892,0.23793936,0.00994155,0.7521191
id21207,0.703891,0.013510924,0.28259814
id10722,0.17281285,0.69154483,0.13564235
id17396,0.04129238,0.06280983,0.8958978
id17755,0.4129611,0.11473116,0.4723077
id18529,0.2700906,0.062895976,0.66701347
id18235,0.7367551,0.08735072,0.17589417
id20188,0.3026037,0.008103587,0.6892927
id13483,0.07883871,0.13496314,0.7861981
id16860,0.6354075,0.0057163415,0.35887617
id11203,0.7257021,0.06750081,0.20679705
id01104,0.93762195,0.0033815927,0.058996476
id26195,0.14707856,0.62164736,0.23127408
id19647,0.081345655,0.002583126,0.91607124
id24377,0.36126143,0.09909548,0.5396431
id07103,0.74225104,0.011662368,0.24608663
id27061,0.87222034,0.04423856,0.08354112
id06255,0.2502067,0.55483687,0.19495635
id19483,0.21320628,0.07279704,0.7139967
id27936,0.24523379,0.6525251,0.10224113
id21761,0.7547376,0.12968905,0.11557335
id06543,0.08565477,0.9099804,0.0043648304
id04779,0.14418843,0.75291556,0.102896
id05819,0.4762772,0.028714618,0.49500814
id04670,0.5741915,0.18125172,0.24455673
id22206,0.7755285,0.09971092,0.12476055
id18557,0.9224095,0.066851765,0.0107388105
id24017,0.593666,0.125906,0.28042796
id10305,0.9037955,0.06250312,0.033701442
id25879,0.7642226,0.0046293377,0.23114803
id08243,0.20138468,0.66728354,0.13133177
id11999,0.58843386,0.16008529,0.25148085
id13392,0.10198179,0.8863818,0.011636422
id00681,0.025780909,0.95615065,0.018068416
id03225,0.24206308,0.07988242,0.6780545
id19684,0.118179195,0.08595661,0.7958642
id01944,0.65021676,0.034359414,0.31542382
id04903,0.2668344,0.008188589,0.724977
id22131,0.74298126,0.0058929496,0.2511258
id17465,0.345194,0.049784582,0.6050214
id02341,0.29928133,0.0028271654,0.69789153
id23306,0.14718531,0.77686507,0.075949706
id13543,0.36111712,0.004173493,0.6347094
id05527,0.7033877,0.09850309,0.19810921
id13622,0.18280928,0.80364394,0.013546774
id04807,0.12826492,0.8378229,0.033912223
id03763,0.38971248,0.09099218,0.51929533
id04860,0.18596621,0.012911063,0.8011227
id18552,0.68121266,0.063921995,0.25486538
id05624,0.7219221,0.1940183,0.08405964
id10691,0.055128414,0.004213848,0.94065773
id12723,0.5237428,0.090591654,0.38566554
id14533,0.51932865,0.41831234,0.062359
id07197,0.45608726,0.03808322,0.5058295
id08284,0.5382885,0.35548308,0.10622844
id13373,0.3416198,0.008832384,0.6495479
id25880,0.34786293,0.06978962,0.58234745
id00879,0.69277257,0.0073723244,0.29985514
id27931,0.038811956,0.95001924,0.011168785
id20774,0.17877185,0.011968198,0.80925995
id18642,0.16938458,0.7809351,0.04968034
id26855,0.11542468,0.48170364,0.4028717
id08684,0.29805696,0.52927244,0.17267066
id01743,0.18255505,0.47086036,0.34658462
id09704,0.3394113,0.658077,0.002511707
id00696,0.50485754,0.3340165,0.16112596
id08351,0.18905649,0.80888695,0.002056591
id08495,0.7790667,0.13865967,0.082273565
id05141,0.13363127,0.021586891,0.8447819
id08515,0.1557536,0.0018391627,0.8424072
id23509,0.15270862,0.010085759,0.83720565
id20577,0.3537752,0.01339305,0.63283175
id04217,0.33511397,0.010364603,0.65452147
id24430,0.16752675,0.009084705,0.8233886
id11995,0.0341726,0.004008262,0.9618192
id10871,0.05194649,0.01277986,0.93527365
id21988,0.27802768,0.0025818893,0.7193904
id07248,0.91034085,0.012032933,0.0776262
id22805,0.55075145,0.014842789,0.43440574
id18064,0.04485361,0.003132348,0.952014
id02256,0.313517,0.6226568,0.06382618
id18835,0.50152475,0.013802911,0.4846724
id06068,0.07496721,0.18253526,0.74249756
id13355,0.29011574,0.56552833,0.14435592
id15890,0.45093846,0.53970265,0.009358929
id11828,0.95085824,0.01673205,0.03240974
id14235,0.24350524,0.016811159,0.73968357
id07891,0.23844767,0.21145932,0.550093
id00426,0.07458359,0.8256883,0.09972814
id00194,0.089427575,0.0018564633,0.90871596
id10086,0.48622072,0.006210933,0.50756836
id24683,0.4825182,0.015987258,0.5014946
id01217,0.5514399,0.23746103,0.2110991
id09906,0.65447026,0.31024623,0.035283525
id04780,0.27286857,0.0032872288,0.7238442
id15682,0.32446197,0.6226744,0.05286361
id27193,0.50427747,0.011000397,0.48472217
id01574,0.19659154,0.0058788583,0.7975295
id26894,0.18535534,0.019557783,0.7950869
id08143,0.39195907,0.2751052,0.33293572
id05756,0.15072794,0.8389757,0.010296368
id14803,0.076230615,0.004620392,0.91914904
id01103,0.06390011,0.8864315,0.049668353
id17451,0.6976256,0.17699128,0.12538311
id10497,0.14035657,0.33368033,0.52596307
id23770,0.56601125,0.36495394,0.069034755
id01731,0.29461762,0.30145702,0.40392533
id24021,0.18309046,0.79336935,0.023540229
id24904,0.839528,0.004509911,0.15596199
id16795,0.069047414,0.0048502567,0.9261023
id27308,0.23327689,0.08459048,0.68213266
id16671,0.6981508,0.20768714,0.09416204
id10035,0.36537647,0.095290884,0.5393326
id12143,0.5220171,0.055859357,0.42212352
id14087,0.897715,0.003521324,0.098763674
id02962,0.059668854,0.8875964,0.052734766
id17035,0.111292176,0.011133673,0.8775742
id07600,0.24119684,0.21816933,0.5406338
id08201,0.12637804,0.022959031,0.85066295
id04623,0.58880377,0.009666999,0.40152925
id07245,0.44200823,0.34748724,0.21050455
id01334,0.67905694,0.23860432,0.08233874
id23105,0.6674831,0.3248291,0.0076878937
id19744,0.39618754,0.3392859,0.26452658
id22884,0.8152458,0.029957471,0.15479672
id01936,0.25714234,0.7181865,0.024671173
id21910,0.08094791,0.91281694,0.006235179
id10801,0.078271836,0.88577,0.035958152
id02629,0.09351948,0.006319181,0.9001613
id11940,0.32773507,0.5448061,0.12745881
id12664,0.22919723,0.029317558,0.74148524
id06308,0.17752971,0.007969504,0.8145008
id21510,0.91035056,0.0036271205,0.08602236
id20043,0.13116913,0.004474138,0.86435676
id01014,0.6950112,0.30031043,0.0046783774
id04968,0.16849478,0.7494476,0.08205767
id17552,0.10096522,0.8330783,0.065956466
id25395,0.23243132,0.2699544,0.4976143
id25931,0.8545874,0.002457283,0.14295541
id21548,0.092696555,0.018324474,0.88897896
id07443,0.31246427,0.014482731,0.673053
id01215,0.30952734,0.58330685,0.107165836
id20060,0.040503163,0.95857,0.0009268499
id17279,0.38773602,0.3052351,0.30702883
id20214,0.27028674,0.6153783,0.11433489
id08809,0.14828134,0.004852207,0.8468665
id17098,0.31849006,0.082045004,0.59946495
id10146,0.5917209,0.005154504,0.40312466
id24986,0.60152185,0.16606073,0.23241746
id19690,0.22654723,0.18382218,0.5896306
id14487,0.47408766,0.030042203,0.49587017
id26146,0.7757587,0.14690396,0.077337384
id01942,0.05596567,0.0040103327,0.940024
id03843,0.6188615,0.24785464,0.13328387
id02026,0.5163896,0.048979055,0.43463135
id10903,0.66711116,0.2250969,0.10779194
id07340,0.4026269,0.15214752,0.44522557
id25682,0.16569284,0.82141364,0.012893586
id13830,0.9275635,0.004915173,0.06752137
id08319,0.37052694,0.0047008283,0.62477225
id25558,0.392768,0.041035194,0.5661968
id07084,0.20313777,0.5075808,0.28928146
id00203,0.2670802,0.4822049,0.25071493
id23804,0.6341109,0.03871881,0.32717028
id06863,0.22376248,0.004328723,0.77190876
id11191,0.5304236,0.14493896,0.3246375
id00846,0.11400384,0.84073704,0.04525911
id17290,0.07501614,0.8656702,0.05931368
id00047,0.067550726,0.78909487,0.14335445
id27631,0.54387623,0.40585548,0.05026827
id15793,0.29739946,0.025162369,0.6774382
id03142,0.20212665,0.011417135,0.7864562
id24825,0.84417194,0.0029537715,0.1528743
id12069,0.069449596,0.0024728738,0.9280775
id23009,0.9438057,0.03947249,0.016721865
id06793,0.14631517,0.84921116,0.0044736927
id18638,0.92760843,0.04393912,0.028452462
id02966,0.8246929,0.07025423,0.10505292
id20346,0.2055792,0.039212137,0.7552087
id16855,0.6498928,0.28900492,0.06110231
id16350,0.06048057,0.93665254,0.0028669531
id25092,0.21413761,0.73340493,0.052457467
id16132,0.5100858,0.040423963,0.44949025
id15977,0.10094926,0.039243814,0.8598069
id26922,0.6534896,0.073462844,0.27304754
id20054,0.51447886,0.01776858,0.4677526
id14375,0.28376764,0.007354583,0.70887774
id23372,0.5579437,0.12682559,0.3152307
id20360,0.10446313,0.88974893,0.0057879784
id25380,0.16219306,0.83461523,0.0031917347
id07295,0.09522341,0.0030849588,0.9016917
id20349,0.5907023,0.24654213,0.16275561
id17177,0.23359492,0.01216733,0.7542377
id07041,0.36020473,0.015895994,0.6238993
id27459,0.10845871,0.82041234,0.071128964
id24144,0.42430288,0.56073934,0.014957797
id13748,0.089065224,0.004408121,0.9065267
id08295,0.6692458,0.19571494,0.13503924
id00744,0.37241045,0.09660508,0.5309845
id19662,0.16475815,0.82243276,0.01280912
id13027,0.47842002,0.0068043317,0.5147757
id21785,0.2492003,0.006825057,0.7439746
id13431,0.6813398,0.0770814,0.24157885
id21455,0.19233516,0.7787398,0.028925058
id25429,0.19467449,0.79352117,0.0118044
id16944,0.45443845,0.010363612,0.535198
id01458,0.11503109,0.68664926,0.1983197
id15684,0.09196088,0.90770006,0.00033903087
id00970,0.6870921,0.07277344,0.2401344
id12185,0.1988465,0.010271762,0.79088175
id15050,0.14504409,0.7280131,0.12694284
id05062,0.06783731,0.0042885253,0.9278742
id13150,0.5396137,0.45262876,0.0077575454
id02821,0.14054774,0.8580216,0.0014306728
id05545,0.86183685,0.052829716,0.08533341
id03523,0.86882067,0.0024498897,0.12872945
id02098,0.044377554,0.26818687,0.6874356
id26788,0.5184087,0.2114599,0.27013138
id22116,0.079835534,0.8566382,0.06352625
id16175,0.9876475,0.0057367245,0.0066158376
id24957,0.1278452,0.6617336,0.21042119
id10844,0.14360878,0.8504616,0.005929613
id11758,0.682938,0.015191561,0.30187044
id05134,0.3840914,0.26971477,0.34619382
id15865,0.036512546,0.9444337,0.019053776
id08591,0.42013365,0.46738604,0.112480305
id26318,0.17581233,0.03209264,0.792095
id05612,0.7668336,0.08756207,0.14560433
id14561,0.22416702,0.2212851,0.55454785
id07666,0.099043846,0.0025333613,0.89842284
id01297,0.53621787,0.021191148,0.44259098
id10688,0.06986313,0.09549157,0.8346453
id15377,0.3002811,0.6971525,0.0025664202
id23377,0.3675559,0.49425346,0.13819067
id05797,0.29135355,0.6334682,0.075178266
id06241,0.19004904,0.06632373,0.74362725
id10766,0.37563765,0.1341095,0.49025288
id03928,0.8126872,0.020585049,0.1667277
id04429,0.039832156,0.10183922,0.85832864
id24846,0.26393238,0.16169353,0.5743741
id19784,0.17662561,0.00746309,0.81591123
id02452,0.81337607,0.0055776737,0.1810462
id02600,0.4500719,0.11311736,0.43681076
id27487,0.13608009,0.0030270226,0.8608929
id12323,0.8826268,0.1025964,0.0147768045
id00487,0.061113823,0.0029962373,0.93588996
id06032,0.49611354,0.061447408,0.4424391
id05211,0.6764287,0.03525916,0.28831217
id16523,0.57746625,0.34237242,0.08016128
id08800,0.5822291,0.38633606,0.0314349
id08791,0.23055047,0.026312904,0.74313664
id10429,0.20588242,0.14760526,0.6465124
id20801,0.6791314,0.3130618,0.007806794
id14055,0.20663872,0.0043222867,0.789039
id09462,0.04885722,0.9309148,0.020227969
id06725,0.1691589,0.82938325,0.0014578057
id01749,0.8178704,0.11320098,0.06892859
id22054,0.14207181,0.8555485,0.0023797068
id07244,0.11349461,0.036550637,0.8499547
id12562,0.9688155,0.0041009984,0.027083531
id13838,0.43700498,0.40251416,0.16048086
id22535,0.07926665,0.91942203,0.0013112894
id01099,0.17404564,0.7646981,0.061256323
id02190,0.21485388,0.68832755,0.09681859
id25921,0.20463105,0.31597304,0.479396
id16075,0.80630857,0.021030677,0.1726608
id20465,0.6390063,0.17173448,0.1892592
id06556,0.2660966,0.0020516105,0.7318518
id09360,0.07965749,0.0104896845,0.90985286
id09042,0.107766844,0.8698745,0.022358716
id08846,0.023712736,0.9753624,0.0009248457
id21274,0.08710029,0.035148766,0.87775093
id05841,0.66141444,0.13463719,0.20394838
id20361,0.46062037,0.04857274,0.49080688
id07499,0.5078293,0.14535351,0.34681717
id19466,0.4940066,0.115011185,0.39098224
id16550,0.15593842,0.84176105,0.0023005598
id24512,0.6227968,0.3208917,0.056311566
id14444,0.58632785,0.035941295,0.37773085
id11395,0.54275113,0.12295121,0.33429763
id14907,0.287928,0.0036068237,0.7084652
id19393,0.10402081,0.06511045,0.8308688
id26780,0.72670907,0.10769968,0.16559124
id03132,0.14543408,0.01314333,0.8414226
id17709,0.82189584,0.014834644,0.16326956
id19739,0.47778913,0.49464357,0.027567305
id08470,0.90836024,0.0045840302,0.08705571
id22312,0.09053117,0.5294334,0.38003543
id20391,0.5755757,0.019456161,0.4049681
id05295,0.11983357,0.011438128,0.8687283
id08129,0.31052804,0.0776346,0.6118373
id10615,0.2995191,0.044671964,0.655809
id09506,0.5486458,0.11772961,0.33362463
id22557,0.6532494,0.112744376,0.23400623
id04181,0.05267788,0.9152307,0.03209147
id22457,0.307301,0.6708794,0.021819592
id00340,0.35192558,0.037621655,0.6104528
id18205,0.19376911,0.011079484,0.7951514
id03861,0.10811087,0.85399884,0.03789031
id20546,0.71251786,0.28620136,0.0012808397
id17226,0.24523686,0.0041602044,0.75060296
id10376,0.37146223,0.5594035,0.06913428
id17734,0.20429236,0.5868258,0.20888188
id09703,0.04299697,0.94019806,0.016805
id16311,0.044264857,0.952451,0.0032841794
id06524,0.14001484,0.854351,0.0056342143
id01082,0.0866012,0.83377373,0.07962509
id01940,0.3254669,0.01739289,0.65714025
id04146,0.20133692,0.33610743,0.46255562
id03891,0.6586314,0.039825205,0.30154344
id14421,0.55008775,0.01390632,0.43600595
id19027,0.913649,0.05238183,0.0339692
id19813,0.16761886,0.79898185,0.033399254
id05827,0.5897864,0.043290965,0.36692265
id03326,0.18227753,0.10676374,0.7109588
id10089,0.13162366,0.861443,0.0069333515
id06827,0.7494624,0.0041742157,0.24636334
id01209,0.62615556,0.070907496,0.30293694
id08812,0.2730065,0.026605725,0.70038784
id25906,0.38872612,0.1662224,0.4450515
id25553,0.71096057,0.06749981,0.22153959
id10193,0.33698574,0.07410732,0.58890694
id15438,0.8342413,0.073610544,0.092148155
id04821,0.059120633,0.87132025,0.06955916
id26592,0.082705654,0.0050364626,0.91225785
id20195,0.19307078,0.06027964,0.74664956
id00378,0.29157373,0.26328632,0.4451399
id15052,0.8426362,0.029459598,0.12790419
id09519,0.8326054,0.058287065,0.109107465
id04579,0.26511425,0.08167866,0.6532071
id08274,0.549874,0.0074261064,0.44269994
id26223,0.4054876,0.5392862,0.055226218
id01914,0.6931021,0.08906974,0.2178282
id05244,0.788667,0.014874391,0.1964586
id14467,0.8613788,0.0030945055,0.13552676
id23284,0.36649787,0.05804504,0.5754571
id20634,0.45660377,0.0006361277,0.54276013
id14659,0.8325408,0.0035622083,0.163897
id23659,0.08001635,0.9121685,0.0078151105
id16902,0.8459666,0.0018778514,0.15215561
id20509,0.79987335,0.09155802,0.10856869
id08019,0.12708957,0.040938854,0.8319716
id26180,0.15361409,0.0049355063,0.84145045
id01487,0.13999663,0.8567462,0.0032572264
id22898,0.12131619,0.87693036,0.0017534476
id24005,0.6033172,0.3604331,0.036249712
id00118,0.38039124,0.6049026,0.014706221
id17435,0.3105292,0.05525504,0.6342158
id22574,0.75526655,0.001442429,0.243291
id23882,0.12635946,0.011867875,0.86177266
id02618,0.75106066,0.02722413,0.22171521
id06847,0.24033734,0.7499323,0.009730414
id15448,0.16285564,0.005641056,0.83150333
id20383,0.09876018,0.79600745,0.10523238
id18722,0.14452696,0.84716773,0.00830534
id24353,0.48274103,0.031918053,0.48534086
id22196,0.67928964,0.1896015,0.13110887
id13239,0.16321048,0.007533479,0.829256
id14507,0.051074427,0.8630153,0.08591028
id04619,0.34803307,0.0033411046,0.64862585
id00176,0.8489678,0.041612316,0.109419934
id14700,0.86846006,0.021933403,0.10960657
id10930,0.7415087,0.24776866,0.010722655
id03830,0.10492978,0.010747423,0.8843228
id01840,0.048298314,0.064960755,0.8867409
id18025,0.106716596,0.84597445,0.04730898
id21361,0.8985145,0.04117104,0.060314406
id21999,0.13593644,0.8250219,0.03904164
id20472,0.17269602,0.0076304604,0.8196735
id01282,0.7879837,0.021581171,0.19043508
id05687,0.06614167,0.6932622,0.24059612
id19713,0.76813453,0.031766683,0.20009877
id18634,0.6312442,0.27918267,0.08957318
id18322,0.5684007,0.009818152,0.4217812
id25178,0.4338315,0.34272847,0.22344004
id13911,0.075308114,0.90675217,0.017939726
id02688,0.538231,0.42122647,0.040542483
id24097,0.5655652,0.27715275,0.15728202
id05621,0.14988537,0.8461577,0.0039569414
id09435,0.377081,0.0087605,0.61415845
id22564,0.82415026,0.15808104,0.017768707
id26044,0.8210674,0.116111435,0.0628212
id24724,0.19366693,0.008490454,0.7978426
id13568,0.2288339,0.09582982,0.67533624
id11196,0.659133,0.01916028,0.32170668
id04842,0.4226299,0.07987646,0.49749362
id03445,0.95342046,0.0055595916,0.041020006
id08194,0.17774528,0.022489078,0.7997657
id19747,0.3013836,0.022746231,0.6758702
id06540,0.087923236,0.828914,0.083162785
id13171,0.64867246,0.2770043,0.07432326
id23807,0.16411464,0.004068603,0.83181673
id12408,0.13374995,0.8632618,0.002988293
id18388,0.19386186,0.023990748,0.7821474
id16219,0.08781851,0.02025155,0.8919299
id11022,0.68457717,0.23913865,0.07628417
id12514,0.66512614,0.004646478,0.33022738
id07322,0.97870135,0.016369278,0.0049293693
id04600,0.086626746,0.0054941797,0.90787905
id15608,0.25442326,0.10969356,0.63588315
id19223,0.40225393,0.0974995,0.5002466
id18680,0.77611184,0.0063078613,0.21758033
id23359,0.5442124,0.13030739,0.32548016
id07332,0.063951164,0.89061195,0.045436822
id11424,0.31886148,0.054050323,0.62708825
id01916,0.63768494,0.26205704,0.100257985
id23814,0.5469838,0.19752486,0.25549138
id05821,0.24760382,0.004839306,0.74755687
id15471,0.62882483,0.06534576,0.3058294
id06742,0.11343074,0.0039003848,0.8826689
id16393,0.28589207,0.7117478,0.0023601835
id14430,0.08420682,0.011809691,0.9039835
id15086,0.61346835,0.011159519,0.37537208
id13673,0.37394905,0.4427764,0.18327448
id11456,0.56614035,0.048820898,0.38503873
id08475,0.6218362,0.06647573,0.31168807
id02793,0.570496,0.012323959,0.41718006
id03576,0.8341938,0.09746497,0.06834119
id10747,0.7983455,0.18085185,0.020802652
id17875,0.5000836,0.49089026,0.009026159
id20045,0.047280088,0.9494141,0.0033058343
id25448,0.4881832,0.43208417,0.07973264
id11715,0.81794393,0.008902089,0.17315403
id22739,0.10323095,0.108237945,0.7885311
id07457,0.9175067,0.038391333,0.044101935
id27357,0.61398727,0.010139702,0.37587306
id01139,0.51042664,0.30921173,0.18036161
id00407,0.3115966,0.080000214,0.6084032
id20956,0.5103993,0.018939469,0.47066125
id13702,0.6970822,0.020927079,0.28199068
id00327,0.57753664,0.022415407,0.40004796
id24372,0.21187791,0.77767074,0.010451368
id03983,0.27111012,0.71236426,0.016525714
id15264,0.35190383,0.63597214,0.012124084
id09679,0.65568787,0.012512154,0.3318
id20899,0.49482828,0.088891275,0.41628048
id21494,0.09755176,0.87928903,0.023159266
id02513,0.08952734,0.832576,0.07789672
id21834,0.19540745,0.0040873606,0.8005052
id23463,0.42793235,0.54440194,0.027665762
id26529,0.51590717,0.018464478,0.46562836
id22078,0.6018837,0.17761269,0.22050357
id08063,0.16268618,0.6346992,0.20261458
id18690,0.04500886,0.9414175,0.01357363
id03908,0.8775742,0.010459118,0.111966714
id00876,0.6312083,0.016870484,0.3519212
id19633,0.47322884,0.13598014,0.39079097
id23096,0.11366109,0.024683166,0.8616558
id07547,0.047921956,0.8354514,0.11662667
id10136,0.25546587,0.006761554,0.7377726
id22645,0.88223946,0.011435933,0.10632461
id27376,0.37614495,0.018654143,0.60520095
id26458,0.4608677,0.49131027,0.047822013
id07617,0.0421203,0.95514935,0.0027303938
id11254,0.5136578,0.038540646,0.44780156
id25871,0.15534122,0.84058726,0.004071546
id26074,0.16243121,0.75844485,0.079124
id24558,0.17844512,0.036605187,0.78494966
id26515,0.17272142,0.7862737,0.041004907
id10532,0.47756082,0.11415295,0.40828624
id24063,0.037819814,0.9602639,0.0019163288
id12872,0.17507872,0.76797044,0.05695086
id23564,0.052049115,0.8616321,0.086318776
id20074,0.53695077,0.20123252,0.26181674
id00703,0.8596214,0.13406675,0.006311855
id07178,0.89010394,0.04510154,0.064794526
id00468,0.66419196,0.07038234,0.2654257
id08647,0.7741285,0.09732028,0.12855126
id27338,0.5968914,0.10271618,0.30039245
id14958,0.040813927,0.062355474,0.8968306
id20954,0.41481167,0.14416231,0.44102603
id04495,0.06476916,0.8755336,0.059697293
id09676,0.3956599,0.55200815,0.052331876
id16643,0.68029886,0.019950124,0.29975098
id22018,0.3436052,0.019140337,0.6372545
id09754,0.65573645,0.23621984,0.10804376
id15184,0.1357945,0.8257718,0.038433738
id06930,0.10578156,0.0058131996,0.88840526
id19391,0.6303167,0.3662271,0.0034561926
id21111,0.1846044,0.17701297,0.6383826
id19884,0.12612447,0.24206007,0.6318155
id00356,0.28680816,0.004027672,0.70916414
id03227,0.6613333,0.0044997577,0.33416697
id24959,0.41414008,0.052338008,0.53352195
id23792,0.7945721,0.001961869,0.20346603
id15765,0.10833382,0.010007051,0.88165915
id22342,0.7171706,0.18404977,0.09877967
id21764,0.12497224,0.86009836,0.01492945
id08929,0.075012855,0.15845369,0.76653343
id10860,0.094100796,0.89367586,0.012223386
id14842,0.06732972,0.0033256563,0.9293446
id14149,0.11686856,0.8818712,0.001260193
id04850,0.9159921,0.024149545,0.05985832
id03697,0.15026064,0.8442474,0.0054919827
id20031,0.091254994,0.03316353,0.87558144
id10148,0.90313435,0.0061570024,0.090708725
id06233,0.26371875,0.012030929,0.7242503
id17614,0.32710055,0.37992996,0.29296955
id24548,0.6475332,0.23309395,0.11937289
id04717,0.18159291,0.6801573,0.13824983
id12557,0.2548889,0.7400707,0.005040413
id15563,0.97076166,0.016268225,0.01297016
id19414,0.070788085,0.92881495,0.0003969667
id24538,0.55384874,0.1786379,0.26751333
id20701,0.17382689,0.29192373,0.53424937
id16710,0.08895627,0.83783454,0.07320917
id00190,0.18698388,0.73494583,0.078070275
id12066,0.9383313,0.0079767015,0.053691965
id21743,0.20663176,0.7861283,0.007239991
id10746,0.3255129,0.041505735,0.6329814
id23032,0.10085772,0.88391876,0.015223522
id02466,0.6181141,0.04590507,0.3359808
id27963,0.11441451,0.0064927572,0.87909275
id05550,0.6088964,0.31029233,0.080811314
id07328,0.19333372,0.020819753,0.78584653
id06158,0.7580756,0.03330752,0.20861697
id15690,0.23407863,0.024378322,0.74154305
id17960,0.2814343,0.028778413,0.6897873
id22487,0.8949645,0.011600881,0.093434684
id25435,0.1512923,0.115745224,0.7329625
id06988,0.33414268,0.02679273,0.6390646
id19092,0.17481257,0.82265955,0.0025278933
id20677,0.9169454,0.06577779,0.017276863
id27009,0.5856757,0.023798944,0.39052534
id14869,0.39478406,0.075594604,0.5296213
id06306,0.83544374,0.16028637,0.004269923
id13101,0.61026984,0.0038969347,0.3858332
id25263,0.45894545,0.02302876,0.5180258
id01355,0.07711188,0.7615047,0.16138338
id04460,0.21583432,0.0057771215,0.7783886
id08358,0.7647823,0.23415835,0.0010592488
id22714,0.12843044,0.026085857,0.8454837
id19504,0.6385559,0.016127056,0.3453171
id25736,0.49933997,0.2058564,0.29480368
id24201,0.084980704,0.910289,0.0047303378
id12920,0.7747628,0.050753012,0.17448422
id12770,0.10434405,0.8573916,0.038264394
id20615,0.8793395,0.11467738,0.0059830872
id19427,0.17027389,0.012022424,0.8177037
id03006,0.7950811,0.0066932556,0.19822566
id00868,0.29578573,0.06381217,0.6404021
id19695,0.36757514,0.008378575,0.6240463
id06474,0.8715407,0.03538051,0.09307877
id11108,0.016417257,0.96258473,0.020997994
id01017,0.14561778,0.0063250037,0.8480572
id10104,0.36691874,0.013183533,0.6198977
id15930,0.80967313,0.17749287,0.012834017
id05883,0.06682719,0.012676585,0.92049617
id10209,0.14375578,0.007920342,0.8483239
id14868,0.4460396,0.020902334,0.53305805
id27617,0.7894499,0.1102319,0.10031828
id14264,0.23375657,0.3924734,0.37377
id07597,0.17738055,0.04117318,0.7814463
id17732,0.88843185,0.007626625,0.10394148
id13859,0.58243126,0.37467128,0.042897463
id14976,0.32306105,0.5667476,0.11019139
id25226,0.32076693,0.05227435,0.6269588
id17268,0.10846996,0.023429658,0.86810035
id14936,0.012443976,0.979897,0.0076590274
id18615,0.2808166,0.7027057,0.016477708
id26184,0.78266543,0.0030521012,0.2142825
id11495,0.37690893,0.043016918,0.5800742
id05663,0.16615368,0.019123068,0.81472325
id10335,0.17775875,0.43208,0.3901612
id08480,0.7603005,0.11756772,0.122131765
id21511,0.7133014,0.20859861,0.078099996
id20988,0.82192546,0.09927365,0.078800805
id19273,0.01507932,0.97483635,0.010084308
id15420,0.56974417,0.029194959,0.40106085
id16016,0.28779837,0.65761197,0.05458971
id16084,0.13334122,0.099333,0.76732576
id27093,0.048958212,0.0154656805,0.9355761
id24695,0.29136965,0.022855291,0.6857751
id03245,0.049198627,0.9481226,0.002678731
id26358,0.17262626,0.0114249205,0.8159488
id17966,0.6542517,0.2953717,0.050376624
id26651,0.50083053,0.022438968,0.4767305
id17275,0.9726524,0.022410262,0.004937325
id21720,0.24430309,0.07044832,0.68524855
id22926,0.07165822,0.05749471,0.8708471
id12231,0.037629183,0.954491,0.007879806
id21026,0.31524387,0.0035571922,0.6811989
id11675,0.35312003,0.03644528,0.61043465
id21890,0.70604706,0.1512095,0.14274347
id04050,0.100176625,0.036961045,0.86286235
id24996,0.2430806,0.014911507,0.74200785
id00025,0.14107674,0.8364362,0.022487042
id23916,0.28371763,0.69318026,0.023102086
id21254,0.10311565,0.8529015,0.04398287
id13322,0.88455176,0.012841206,0.102607004
id23928,0.22427908,0.011976658,0.76374424
id14748,0.34963402,0.03808597,0.61228
id26538,0.4783089,0.017482052,0.5042091
id27759,0.2295218,0.0075455564,0.76293266
id19661,0.7889143,0.008129199,0.20295651
id17018,0.32638487,0.13589147,0.53772366
id05505,0.32145706,0.10492387,0.57361907
id16155,0.4147871,0.1679373,0.41727558
id06274,0.24538022,0.0028442214,0.75177556
id13832,0.73320514,0.05203506,0.2147598
id14666,0.8380352,0.06953306,0.092431724
id04489,0.28341636,0.0051179645,0.71146566
id19140,0.31838575,0.01283693,0.66877735
id14570,0.61075383,0.028621184,0.36062497
id16079,0.75823617,0.106184125,0.13557968
id06866,0.22063924,0.071030274,0.7083305
id12730,0.06237869,0.9288129,0.008808386
id09257,0.36926493,0.0038199038,0.62691516
id02782,0.45835516,0.10192389,0.439721
id10412,0.9699744,0.0018982674,0.028127348
id04988,0.024622077,0.949549,0.025828926
id07728,0.582408,0.34964463,0.06794739
id21947,0.6746656,0.277102,0.04823252
id27700,0.57717484,0.39709786,0.02572722
id18178,0.043668184,0.94421154,0.012120297
id25949,0.23220237,0.7650889,0.0027086148
id23008,0.22841723,0.014727535,0.75685525
id09238,0.4852891,0.3414644,0.17324652
id12943,0.019340951,0.9794873,0.0011717681
id02659,0.1387263,0.8531276,0.008146122
id03648,0.7317624,0.17538598,0.09285161
id03954,0.9104404,0.0049581756,0.08460149
id07026,0.09290398,0.88641185,0.02068418
id14228,0.17818993,0.80353,0.01828007
id22647,0.062658735,0.11197432,0.825367
id23435,0.7804098,0.023681685,0.19590849
id08200,0.5033907,0.4912497,0.005359583
id23257,0.105519846,0.003935188,0.890545
id02684,0.64568937,0.084324636,0.26998603
id05186,0.6894668,0.3066969,0.003836315
id25261,0.34717926,0.004837528,0.6479832
id24081,0.61841625,0.06514877,0.31643498
id27087,0.84913856,0.08383015,0.06703132
id03533,0.6148768,0.023655826,0.3614674
id07998,0.5069718,0.27715403,0.21587412
id01240,0.13378789,0.8530299,0.013182269
id24927,0.106897,0.89154816,0.0015548778
id15752,0.60717493,0.011563798,0.3812613
id26594,0.033497773,0.96447724,0.0020250021
id20012,0.15417881,0.012338475,0.83348274
id15476,0.12750533,0.10391449,0.76858014
id15624,0.87446743,0.016719636,0.10881298
id02404,0.063305765,0.92348284,0.013211424
id21944,0.32096547,0.061639886,0.6173946
id24442,0.8071362,0.13541391,0.057449955
id26490,0.40055892,0.026226928,0.5732141
id21897,0.93779886,0.011667611,0.050533526
id05575,0.30832407,0.12058677,0.5710892
id01874,0.046759572,0.9327927,0.020447705
id26617,0.94431084,0.008027533,0.04766166
id13079,0.34668192,0.060126733,0.5931914
id02068,0.49402472,0.12047627,0.38549903
id27872,0.7778441,0.017626733,0.20452918
id08814,0.528714,0.14862177,0.32266423
id12841,0.15549667,0.79509395,0.049409367
id06716,0.7451057,0.0313914,0.22350295
id10115,0.56026226,0.04390456,0.3958332
id16121,0.25752765,0.67498404,0.06748833
id00985,0.458183,0.457289,0.08452803
id06063,0.57080925,0.17970082,0.24948989
id22076,0.13384356,0.01000642,0.85615
id27589,0.11225397,0.8763421,0.011403949
id18996,0.37957424,0.6167118,0.0037139542
id05801,0.24689601,0.012400743,0.7407032
id06880,0.25106958,0.10119391,0.6477365
id25746,0.8135018,0.036949467,0.14954875
id02569,0.5425518,0.06989312,0.38755503
id23368,0.08043491,0.00642284,0.91314226
id23186,0.19962196,0.25429392,0.5460841
id07484,0.37387642,0.1109299,0.5151937
id06951,0.34023777,0.6507217,0.009040504
id23972,0.32818222,0.013387885,0.65842986
id25997,0.79730344,0.034487963,0.16820863
id10863,0.50144005,0.053657472,0.44490248
id25454,0.7682316,0.0026749617,0.2290935
id09071,0.1000358,0.8536925,0.046271767
id15125,0.093484595,0.85214585,0.054369573
id22672,0.09938264,0.0024167523,0.89820063
id27813,0.19047669,0.03306556,0.7764577
id03960,0.11861146,0.06327151,0.818117
id11526,0.22199571,0.74062324,0.037381053
id07872,0.41129005,0.15073366,0.43797633
id09497,0.6440109,0.033816144,0.322173
id24222,0.08799298,0.071015745,0.84099126
id04272,0.57424265,0.0039881417,0.42176923
id02938,0.049273968,0.92429996,0.026426021
id00269,0.41795805,0.23802906,0.34401283
id14925,0.23203886,0.18504266,0.5829185
id17843,0.3600621,0.046440907,0.59349704
id20327,0.77286214,0.18437934,0.042758558
id13986,0.34290877,0.006682393,0.6504088
id21777,0.29017505,0.10809514,0.60172987
id16285,0.272241,0.6916366,0.03612237
id12045,0.44242296,0.52436507,0.033211984
id06237,0.7775881,0.01674846,0.2056634
id20483,0.19799513,0.0011311144,0.80087376
id21708,0.7422672,0.101688705,0.15604416
id05422,0.5611431,0.21246652,0.22639042
id14544,0.6911123,0.25690562,0.051982123
id07488,0.06922978,0.9190758,0.011694408
id19353,0.13764504,0.8524405,0.009914535
id16174,0.100610934,0.0057679294,0.89362115
id21765,0.21843822,0.020578764,0.76098305
id21583,0.11727188,0.8470756,0.035652567
id11740,0.15003027,0.48347664,0.36649308
id23396,0.6549618,0.030246532,0.31479162
id16511,0.42147654,0.1386493,0.43987417
id11598,0.8772991,0.08875079,0.033950202
id02804,0.8234924,0.01449082,0.16201678
id07123,0.33900106,0.4191985,0.24180041
id13092,0.40169272,0.014133099,0.58417416
id13271,0.29115292,0.37184516,0.33700198
id06272,0.07409863,0.04625667,0.87964475
id06694,0.52410114,0.15517005,0.32072878
id04330,0.56602776,0.2002528,0.23371948
id20492,0.42976484,0.54460156,0.025633553
id14774,0.19260223,0.7996795,0.007718238
id02457,0.32586578,0.6702675,0.003866708
id09725,0.28854513,0.700343,0.011111888
id17116,0.05517601,0.8818418,0.062982224
id04106,0.27870023,0.052487817,0.668812
id00557,0.78694534,0.084620655,0.12843394
id04683,0.16528538,0.0047002463,0.8300144
id12081,0.470563,0.08889234,0.4405447
id22575,0.12357399,0.85819244,0.018233597
id05602,0.40692154,0.013029477,0.58004904
id21532,0.62281865,0.043240387,0.333941
id14584,0.74604434,0.22310257,0.030853128
id20301,0.6968228,0.018733628,0.28444362
id15251,0.5114848,0.36246467,0.12605056
id20270,0.15981889,0.83780015,0.0023809471
id04738,0.5113964,0.09760171,0.3910019
id17962,0.4617196,0.007103882,0.5311765
id05003,0.040041965,0.007664564,0.95229346
id23576,0.78045815,0.17525268,0.044289187
id25745,0.17358707,0.35959604,0.4668169
id17062,0.7992284,0.016458374,0.18431318
id27507,0.28123015,0.012792273,0.7059776
id23898,0.8120784,0.16735187,0.02056963
id15929,0.037718397,0.8096113,0.15267025
id21330,0.44954103,0.05528623,0.49517277
id24990,0.855311,0.0033484462,0.14134054
id24185,0.2707826,0.05417976,0.6750376
id20455,0.84583896,0.007767119,0.14639388
id27952,0.39977896,0.5407266,0.05949442
id20592,0.5582097,0.00917366,0.43261662
id20616,0.292802,0.43752202,0.26967597
id20591,0.25103128,0.037417375,0.71155137
id14177,0.55504024,0.07765249,0.36730728
id02169,0.4573406,0.009538261,0.53312117
id09818,0.31030104,0.0059561115,0.6837429
id26864,0.32604158,0.6197765,0.054181915
id12388,0.091419436,0.7528429,0.15573768
id11038,0.5384431,0.013206035,0.44835094
id12061,0.9795488,0.0022631993,0.018188035
id04018,0.50703865,0.051469512,0.44149184
id12405,0.40110013,0.5092712,0.08962873
id01878,0.6420163,0.017842904,0.34014085
id18897,0.024607077,0.9710005,0.00439246
id22682,0.21226108,0.77793664,0.009802345
id27115,0.13810319,0.8601464,0.0017503873
id05234,0.4609651,0.1977269,0.341308
id23726,0.9563676,0.023918828,0.019713555
id22075,0.05986247,0.9364066,0.0037309362
id27216,0.91614825,0.010749569,0.073102154
id07109,0.28775924,0.65668035,0.055560403
id21292,0.4406205,0.45574635,0.10363316
id04158,0.1380318,0.012489599,0.8494786
id10534,0.84435135,0.10745212,0.04819655
id10989,0.19301246,0.73971176,0.06727573
id17817,0.34877595,0.007530643,0.64369345
id14617,0.027891863,0.9581038,0.0140043795
id01978,0.8721979,0.043936048,0.08386594
id14202,0.08759876,0.026820676,0.8855806
id12332,0.41883114,0.0047677853,0.5764011
id03649,0.07416113,0.86335844,0.06248043
id21830,0.4296987,0.011235083,0.55906624
id11278,0.43934512,0.26276162,0.29789332
id22343,0.97884804,0.007971157,0.013180775
id08160,0.90795684,0.05092416,0.041118998
id10506,0.821273,0.093048535,0.08567849
id01006,0.70281655,0.007619279,0.28956422
id07000,0.15005559,0.843713,0.006231451
id15958,0.2983942,0.00984814,0.6917577
id27256,0.66561615,0.17465673,0.15972717
id00072,0.7494266,0.0077449633,0.24282847
id08562,0.3306158,0.09868891,0.5706953
id24309,0.2168948,0.0130191855,0.77008605
id07355,0.54877657,0.35749915,0.093724295
id18604,0.18844107,0.0017542258,0.80980474
id04076,0.17762467,0.781138,0.0412374
id26925,0.054897826,0.9136846,0.0314176
id14852,0.7974592,0.15944347,0.04309737
id05584,0.36612132,0.11857235,0.51530635
id22864,0.3406403,0.61516565,0.04419408
id05507,0.9576563,0.016064283,0.026279412
id11434,0.4599127,0.027768653,0.5123187
id08324,0.33241603,0.61170524,0.05587875
id23117,0.38437462,0.54457533,0.0710501
id16296,0.83699995,0.08834846,0.07465159
id18924,0.59791774,0.25491092,0.14717138
id15909,0.5215217,0.06126136,0.41721696
id25338,0.33197424,0.015189202,0.6528366
id25981,0.8192384,0.10683289,0.07392874
id14670,0.87489367,0.03625251,0.08885386
id12396,0.25600573,0.7020389,0.041955356
id19277,0.07223168,0.014091918,0.9136764
id24809,0.70240647,0.13878559,0.158808
id20846,0.3377179,0.021249682,0.64103246
id11040,0.23437288,0.008692668,0.75693446
id06094,0.8297265,0.025276756,0.14499676
id22795,0.30789918,0.6666287,0.025472129
id04747,0.09972381,0.0073286653,0.8929475
id05432,0.16626257,0.011358594,0.8223789
id25198,0.8653813,0.04685954,0.08775914
id00592,0.863945,0.048740447,0.08731454
id13221,0.27084494,0.7283664,0.00078873825
id23301,0.5828207,0.030828098,0.38635123
id21781,0.3489839,0.00850929,0.6425068
id00642,0.043093663,0.9168952,0.04001111
id12760,0.7689432,0.05299579,0.17806105
id13666,0.5364684,0.10989863,0.353633
id04997,0.7996328,0.043638926,0.15672833
id21906,0.46540183,0.2289328,0.30566537
id26072,0.30453527,0.6869514,0.008513376
id19004,0.22549154,0.030214865,0.7442936
id11638,0.10359434,0.008180272,0.8882253
id01941,0.92304885,0.04844439,0.028506815
id18590,0.7982373,0.12253326,0.07922939
id01856,0.48130107,0.39019796,0.12850095
id04469,0.48940372,0.08101253,0.4295837
id11732,0.26318857,0.012427256,0.7243842
id06824,0.16421412,0.04756787,0.788218
id11941,0.21525055,0.7704303,0.014319148
id06786,0.7668087,0.027417531,0.20577374
id22028,0.28801128,0.011916704,0.700072
id14323,0.33287102,0.13017924,0.53694975
id11134,0.11319319,0.8849159,0.0018909042
id09894,0.8856695,0.0045934212,0.109737046
id19046,0.54853696,0.010916358,0.4405467
id26307,0.04206614,0.94857967,0.009354197
id22554,0.08888664,0.32752392,0.58358943
id16042,0.700526,0.1831451,0.11632887
id19948,0.73289967,0.032422245,0.2346781
id02019,0.054084692,0.9242014,0.021713918
id02727,0.33546036,0.49228054,0.17225914
id08679,0.07435935,0.08537839,0.8402623
id27436,0.19599089,0.013175527,0.79083365
id07161,0.30280286,0.42971343,0.26748368
id11869,0.3090305,0.677461,0.013508417
id00076,0.27127963,0.0020292015,0.7266912
id00586,0.17996733,0.6011413,0.21889147
id14423,0.6579328,0.010267121,0.33180007
id25611,0.22773221,0.7417992,0.030468572
id13872,0.24796742,0.71176004,0.040272564
id08102,0.04339216,0.949303,0.0073048645
id03475,0.6228863,0.20099108,0.17612262
id07569,0.20284417,0.036288135,0.7608677
id04616,0.81943583,0.017823024,0.16274117
id07266,0.94403404,0.04936465,0.006601333
id16104,0.35020006,0.025805674,0.6239943
id05031,0.29216206,0.23384358,0.47399434
id12290,0.79015154,0.20159444,0.008254027
id26428,0.52908087,0.038251705,0.43266743
id07837,0.14015079,0.0025782564,0.85727096
id19918,0.16445325,0.8201095,0.015437221
id13067,0.19539352,0.6616536,0.14295295
id11540,0.055683874,0.901329,0.042987168
id17215,0.5104872,0.05669078,0.43282196
id01745,0.2768836,0.008084154,0.7150322
id00617,0.89869034,0.073985435,0.027324248
id02879,0.089411534,0.014864848,0.89572364
id22811,0.9401587,0.0038197667,0.056021538
id17744,0.15068023,0.84701836,0.0023014036
id04341,0.3274656,0.6509252,0.021609247
id08690,0.9398201,0.014159362,0.046020497
id11565,0.82634825,0.113262884,0.060388897
id09634,0.1072881,0.009836635,0.8828752
id15427,0.70334876,0.24565102,0.051000193
id11484,0.50919306,0.016650116,0.47415686
id26859,0.8365805,0.15283693,0.010582542
id02880,0.63690054,0.17158693,0.19151254
id21584,0.049916115,0.008925464,0.9411584
id14918,0.8211244,0.08331167,0.09556395
id20117,0.28624976,0.65105635,0.06269391
id17002,0.37826785,0.0044362154,0.6172959
id13158,0.37502974,0.29157475,0.33339554
id11457,0.32401025,0.019871194,0.6561186
id22103,0.77271456,0.18078962,0.04649584
id27529,0.12932625,0.49467006,0.3760037
id25918,0.15395151,0.7980294,0.04801909
id24611,0.23375511,0.7457797,0.020465223
id13996,0.03859227,0.9571781,0.0042296303
id05259,0.7517726,0.020872856,0.22735463
id13593,0.19271256,0.010074705,0.7972127
id18017,0.29377842,0.10291214,0.60330945
id04960,0.08724016,0.80814296,0.10461693
id13758,0.07483861,0.005209548,0.9199518
id04492,0.5240208,0.42832026,0.047658946
id05023,0.20020121,0.010303939,0.7894949
id05950,0.87068087,0.037661962,0.09165713
id11006,0.95004743,0.005583374,0.04436927
id09643,0.41025224,0.10988007,0.47986773
id06055,0.40989533,0.01711783,0.57298684
id17368,0.08080583,0.020681841,0.8985123
id14176,0.106611386,0.016938526,0.87645006
id27198,0.19945703,0.05557007,0.7449729
id05649,0.8539228,0.019369662,0.12670757
id25189,0.8936012,0.039415766,0.06698303
id05589,0.5781207,0.21377191,0.20810738
id08042,0.9556487,0.017215133,0.027136154
id13680,0.2339454,0.022032948,0.7440217
id07827,0.15978219,0.01609917,0.8241186
id18530,0.87436765,0.002465531,0.12316686
id08813,0.8236815,0.030894581,0.14542393
id05914,0.24721883,0.006750982,0.7460302
id00488,0.2211818,0.76449794,0.01432033
id03668,0.6577336,0.22411065,0.1181557
id24088,0.026221173,0.95740205,0.016376773
id02988,0.26094678,0.3207742,0.41827905
id20364,0.8075725,0.11731159,0.075115934
id16851,0.2950735,0.164715,0.54021156
id20843,0.6577113,0.041313447,0.30097517
id27424,0.5524727,0.011338155,0.43618912
id06862,0.93539244,0.031357653,0.033249915
id19411,0.016152885,0.98241,0.0014371545
id23789,0.72587353,0.0012934301,0.27283308
id23545,0.02061861,0.9782969,0.0010845072
id05639,0.19548452,0.018032586,0.78648293
id07046,0.11502019,0.7871726,0.097807206
id23634,0.68263143,0.05192411,0.26544443
id05799,0.0357057,0.005579556,0.9587147
id19418,0.3647547,0.0043898863,0.6308554
id21189,0.09451028,0.85270673,0.052782997
id22281,0.8968601,0.030272147,0.072867736
id16127,0.42280665,0.14165707,0.43553627
id05867,0.48237038,0.05124022,0.4663894
id01211,0.51912004,0.47776896,0.0031110109
id10078,0.12310564,0.009126993,0.8677674
id17157,0.6412873,0.30971855,0.048994124
id23293,0.666251,0.04452719,0.2892218
id03589,0.6342018,0.13999757,0.22580063
id03387,0.43831936,0.061592825,0.5000878
id21470,0.8654942,0.028012102,0.106493704
id22763,0.1694382,0.0499515,0.7806103
id02601,0.35357797,0.5791215,0.06730056
id09923,0.64237785,0.037518892,0.32010323
id05935,0.009945299,0.92366534,0.0663894
id14296,0.26937646,0.013421291,0.7172023
id04605,0.92098665,0.01600196,0.06301147
id08167,0.053352173,0.0044148387,0.94223297
id12659,0.60659087,0.13508463,0.25832456
id21553,0.59293884,0.11113823,0.29592296
id13510,0.019254122,0.9712885,0.009457306
id04734,0.03570489,0.036231756,0.9280634
id17689,0.15117987,0.0018928794,0.8469273
id08148,0.42046803,0.4028882,0.17664379
id14908,0.16071334,0.8345053,0.0047813826
id17238,0.18454,0.20860133,0.6068587
id27146,0.18040147,0.012377292,0.8072213
id16670,0.49390244,0.48246118,0.023636384
id12023,0.4548972,0.09572482,0.449378
id18129,0.7339532,0.036363386,0.22968346
id07365,0.07099737,0.91354305,0.015459581
id03073,0.25192326,0.024962058,0.7231147
id14824,0.05141662,0.93756104,0.011022322
id26339,0.94918394,0.0041779536,0.04663816
id16562,0.088510245,0.90368664,0.0078031654
id22182,0.033262324,0.958868,0.007869693
id27892,0.7044313,0.038972624,0.25659606
id23713,0.81665474,0.13377166,0.049573604
id00214,0.78975356,0.022250956,0.18799554
id21698,0.14282908,0.013595244,0.8435757
id17685,0.35760403,0.12208522,0.52031076
id24848,0.4539689,0.03086282,0.51516825
id01544,0.7725007,0.0697111,0.15778825
id12344,0.07890486,0.6155044,0.30559075
id00513,0.5309531,0.008197058,0.4608498
id19448,0.7887278,0.17513175,0.03614048
id11942,0.38246694,0.056682337,0.5608507
id16370,0.5521175,0.3843126,0.06356988
id06508,0.1530156,0.010651971,0.83633244
id20829,0.11735974,0.8714755,0.011164799
id27450,0.9731625,0.0019458664,0.024891725
id07362,0.10592934,0.13802305,0.75604755
id15120,0.32034492,0.28509465,0.39456043
id10568,0.7074791,0.05282484,0.23969604
id09623,0.59006315,0.23551452,0.17442234
id06139,0.40213042,0.5732195,0.02465018
id24022,0.2999076,0.051083155,0.6490093
id02108,0.8367822,0.016523097,0.14669462
id14950,0.36340258,0.08084887,0.5557485
id01142,0.09449125,0.039971057,0.8655377
id15655,0.5465236,0.01647138,0.437005
id13975,0.06685455,0.8560459,0.077099554
id00160,0.035026,0.9606537,0.004320267
id08273,0.20348054,0.010381076,0.7861384
id13642,0.112734534,0.060342446,0.826923
id25452,0.63686216,0.17478986,0.18834804
id24806,0.33823338,0.047808006,0.6139586
id20664,0.12822758,0.017256545,0.8545159
id13359,0.2576216,0.68508965,0.057288755
id24579,0.7931417,0.07860839,0.12824988
id23389,0.6279782,0.18859927,0.18342255
id06502,0.20377682,0.0050865286,0.7911366
id03083,0.73544854,0.14355117,0.12100031
id01694,0.68321353,0.010861299,0.30592522
id21872,0.29353216,0.3710594,0.33540842
id01860,0.10742718,0.014910513,0.87766224
id18127,0.6651212,0.07086038,0.26401848
id01490,0.17810819,0.0007371871,0.82115465
id00183,0.7037631,0.066555984,0.22968088
id15458,0.30230522,0.11259838,0.58509636
id04289,0.5319301,0.28437433,0.18369554
id02129,0.113175415,0.0908059,0.79601866
id10271,0.38816157,0.07134833,0.5404901
id02982,0.11131747,0.7941163,0.09456621
id15036,0.54908323,0.44640154,0.0045152875
id15854,0.9377469,0.007696346,0.054556765
id10252,0.10339316,0.011674261,0.8849326
id24359,0.08263261,0.039118744,0.8782487
id18620,0.49360242,0.48216814,0.024229486
id25768,0.0764037,0.012815184,0.9107811
id16604,0.7126897,0.07555837,0.21175194
id24942,0.5879313,0.036894236,0.37517452
id12989,0.11664966,0.8523052,0.031045213
id13841,0.77613527,0.029082807,0.19478193
id15481,0.109553955,0.14397079,0.7464752
id10600,0.14031385,0.021197157,0.838489
id18528,0.33517414,0.020336233,0.64448965
id16465,0.051508334,0.93056005,0.017931659
id14204,0.57986754,0.3664329,0.053699583
id05924,0.8664066,0.112488426,0.021105012
id16756,0.066830985,0.04896627,0.8842027
id01167,0.6804297,0.21568061,0.103889726
id27624,0.06422237,0.9212042,0.014573391
id13724,0.50455177,0.05644354,0.43900475
id03677,0.5500015,0.029120559,0.42087793
id26463,0.3536378,0.3188812,0.327481
id15623,0.64499533,0.14769097,0.20731375
id26379,0.10449357,0.011197226,0.8843092
id25294,0.39087543,0.0046110125,0.6045135
id04100,0.17469406,0.65415794,0.17114799
id23831,0.40284324,0.42047882,0.17667797
id17334,0.9049236,0.055933256,0.03914316
id19506,0.059291855,0.0045257313,0.93618244
id18629,0.44977197,0.5245545,0.025673503
id09105,0.4814717,0.008749836,0.5097785
id27735,0.42797208,0.1251566,0.44687137
id22840,0.50736856,0.007076482,0.48555496
id01465,0.32042512,0.1915215,0.4880534
id27750,0.69326353,0.28632653,0.02040989
id20421,0.28186017,0.0011907867,0.71694905
id23826,0.83832806,0.13365045,0.028021496
id23219,0.5598126,0.34520644,0.09498095
id06442,0.21200931,0.007554607,0.7804361
id07847,0.88350797,0.08803619,0.028455839
id16995,0.6082203,0.22517654,0.16660324
id07626,0.27050892,0.17131738,0.5581737
id21920,0.32084882,0.6486073,0.030543849
id22340,0.6214434,0.055210125,0.3233465
id22108,0.36471,0.07234359,0.56294644
id25661,0.5256292,0.11927619,0.35509458
id16284,0.5196746,0.06600472,0.41432074
id19900,0.8274857,0.13594352,0.03657084
id20864,0.79877657,0.034484267,0.1667392
id26099,0.5189646,0.095391355,0.38564408
id00333,0.2615553,0.026247572,0.7121971
id27278,0.10478441,0.7772882,0.117927395
id16758,0.57296896,0.12966986,0.29736125
id25660,0.3071759,0.36854008,0.32428405
id05146,0.31546906,0.11140442,0.5731265
id24812,0.2510757,0.025951343,0.7229729
id12003,0.79063344,0.023898387,0.18546817
id04569,0.35655978,0.5033826,0.1400576
id08269,0.45809418,0.19096206,0.3509437
id06080,0.7862364,0.009361387,0.20440218
id09782,0.35044897,0.64300257,0.006548491
id19722,0.11897892,0.88000077,0.0010203617
id02781,0.1985727,0.011055982,0.79037136
id13385,0.8315662,0.0021101276,0.1663237
id24676,0.37153107,0.023054186,0.60541475
id07628,0.600672,0.25162297,0.147705
id19363,0.27566177,0.006177013,0.7181612
id27392,0.9122139,0.08353683,0.0042492137
id26486,0.4455692,0.02813869,0.52629215
id02440,0.60767144,0.13007751,0.26225108
id26878,0.65368354,0.15948962,0.1868268
id23044,0.83869296,0.027924404,0.1333826
id24170,0.39276806,0.4580447,0.14918716
id22332,0.5497048,0.010317025,0.4399782
id27933,0.66861516,0.24765699,0.08372788
id17535,0.16663788,0.008724333,0.8246378
id19700,0.13717051,0.85277456,0.010054955
id19809,0.045755547,0.56813323,0.38611123
id04484,0.2275031,0.0028638416,0.76963305
id00481,0.14585233,0.1559428,0.69820493
id27510,0.8606104,0.0036859082,0.13570373
id04635,0.5275802,0.08174093,0.39067885
id26027,0.58558565,0.023472173,0.3909422
id09300,0.2691885,0.7126887,0.018122781
id06381,0.23338254,0.0036242225,0.7629933
id18038,0.1382937,0.009056001,0.8526503
id22011,0.28969446,0.47871992,0.23158568
id10608,0.1246002,0.8670638,0.008335983
id23054,0.48375663,0.07706644,0.43917692
id13904,0.18555306,0.73101556,0.083431385
id13855,0.088374145,0.4114409,0.50018495
id17630,0.33482894,0.38752034,0.2776507
id08595,0.34207544,0.01067852,0.64724606
id09532,0.66132075,0.040380243,0.29829904
id13176,0.22419088,0.04044623,0.7353629
id27237,0.17911756,0.014400895,0.80648154
id16704,0.10580369,0.04225052,0.8519458
id20994,0.320453,0.04154964,0.6379974
id17501,0.13364011,0.8613954,0.004964456
id16509,0.18912986,0.037782203,0.7730879
id15081,0.3878221,0.010626796,0.6015512
id24414,0.27750513,0.16068608,0.5618088
id09220,0.059594586,0.08662497,0.85378045
id26514,0.12654285,0.044659946,0.8287972
id14703,0.8603294,0.014083595,0.12558702
id19838,0.22492045,0.1507098,0.6243698
id23297,0.66925406,0.039723583,0.2910224
id17113,0.7186065,0.071499944,0.20989364
id11693,0.73182946,0.12636821,0.14180237
id00847,0.31182078,0.38830417,0.2998751
id00233,0.47499666,0.02696812,0.4980353
id02776,0.4779602,0.4810038,0.041035987
id10396,0.3193679,0.072206296,0.6084258
id18222,0.7653563,0.16140956,0.07323414
id13476,0.113577254,0.0391651,0.8472576
id08007,0.27808133,0.017167214,0.70475143
id12984,0.14987916,0.0051335935,0.8449872
id04174,0.10331465,0.8752399,0.021445474
id23874,0.04769563,0.0038534573,0.9484509
id00595,0.22170758,0.77686423,0.0014282323
id18041,0.60532355,0.30518505,0.08949136
id17403,0.4517343,0.52838886,0.019876918
id11741,0.77000684,0.09670764,0.13328546
id16928,0.41843292,0.06814074,0.5134263
id21913,0.16677922,0.032201648,0.80101913
id05939,0.03262223,0.020048965,0.9473288
id12429,0.04768828,0.9365704,0.01574129
id04447,0.38295728,0.02419642,0.5928463
id15928,0.61470556,0.10536931,0.27992517
id13126,0.21582201,0.07127923,0.71289873
id03989,0.78610843,0.0018997155,0.21199186
id08950,0.0957929,0.9001353,0.0040718913
id26494,0.14102073,0.007268681,0.85171056
id09289,0.32322526,0.18757148,0.4892033
id16295,0.1760765,0.8197541,0.0041693263
id01616,0.25498754,0.73963445,0.005378061
id25251,0.30400282,0.010581708,0.68541545
id10354,0.38011816,0.22358273,0.3962991
id08559,0.5543147,0.16586754,0.27981782
id20385,0.8106678,0.068188265,0.121143945
id01760,0.52285475,0.052482277,0.42466298
id04242,0.2599137,0.05312796,0.6869583
id05652,0.24782918,0.70940125,0.0427696
id05269,0.36505723,0.299702,0.3352408
id11218,0.18507168,0.12004683,0.6948815
id19158,0.18947996,0.80086267,0.009657364
id00927,0.23277585,0.013241778,0.75398237
id25636,0.3233111,0.23880242,0.43788648
id20727,0.54592454,0.038555168,0.41552034
id01645,0.4698292,0.52056164,0.009609198
id19931,0.39928946,0.40361413,0.19709639
id12473,0.14189725,0.85637695,0.0017257804
id00618,0.8631375,0.01524789,0.12161462
id27329,0.03627648,0.030877776,0.9328458
id11553,0.86417186,0.030838497,0.104989626
id10357,0.1418947,0.0032060707,0.8548992
id11392,0.3513946,0.007321506,0.6412839
id03634,0.64847314,0.26613283,0.08539409
id15781,0.8189439,0.015265475,0.1657906
id11706,0.14573555,0.010376897,0.84388757
id04248,0.6028439,0.3543936,0.042762525
id26011,0.28053185,0.053697534,0.6657706
id17478,0.10785658,0.0050236257,0.8871198
id16179,0.34712398,0.45924747,0.19362858
id11340,0.62480134,0.010399219,0.36479944
id05629,0.63013136,0.2505419,0.11932678
id00266,0.24096648,0.06753765,0.69149584
id18514,0.29985783,0.06254746,0.63759476
id05167,0.081296556,0.47403792,0.44466558
id08943,0.7566342,0.08148055,0.16188523
id14580,0.14088295,0.48121926,0.37789783
id24496,0.6241233,0.3652943,0.010582477
id04884,0.24098971,0.19745989,0.56155044
id08011,0.119235,0.018983535,0.8617814
id17807,0.17907448,0.019152824,0.8017727
id05694,0.8772197,0.09322894,0.029551439
id02907,0.063691005,0.8878554,0.048453562
id23235,0.66153944,0.04572726,0.2927333
id26764,0.81447154,0.0077014347,0.17782697
id12226,0.122299254,0.06010071,0.8176
id15157,0.76597977,0.0058769532,0.22814333
id27127,0.23114657,0.003141537,0.7657119
id27723,0.23906776,0.042048845,0.7188834
id10742,0.09804505,0.85570955,0.046245415
id22951,0.33302832,0.0123818945,0.6545898
id09429,0.3112479,0.027584385,0.66116774
id26058,0.07229557,0.8153475,0.11235695
id27415,0.6577488,0.09676828,0.24548292
id06938,0.45256895,0.019614484,0.52781653
id18702,0.71816,0.088408284,0.19343175
id05229,0.6025959,0.056269523,0.34113458
id05219,0.062162645,0.0052096164,0.93262774
id26375,0.12982453,0.70388395,0.16629153
id19622,0.6538541,0.034065813,0.31208017
id13333,0.28450066,0.10730099,0.6081984
id25849,0.10839287,0.87066597,0.020941218
id06780,0.4189159,0.19793017,0.38315392
id01128,0.39888376,0.03446484,0.5666514
id22697,0.061994065,0.007680308,0.9303257
id03725,0.38829863,0.10241273,0.50928867
id06570,0.73469174,0.027718699,0.2375896
id07834,0.08270437,0.012703271,0.9045924
id08930,0.5298011,0.006289665,0.46390933
id03276,0.13553873,0.0072026053,0.8572587
id07367,0.35464308,0.62745285,0.017904067
id12250,0.66943806,0.2563644,0.07419758
id00461,0.37410134,0.077181324,0.5487173
id17583,0.8478508,0.1154748,0.03667443
id07331,0.30521193,0.53204685,0.16274121
id09844,0.18925211,0.2954274,0.5153205
id12595,0.21129388,0.025947677,0.7627585
id12911,0.013755756,0.98241323,0.0038310424
id13334,0.43331864,0.06987907,0.49680224
id03231,0.19080167,0.72821033,0.08098799
id16441,0.097650826,0.019153625,0.8831955
id11427,0.36641905,0.03386662,0.59971434
id16919,0.771903,0.023400681,0.20469628
id04388,0.23317564,0.044372156,0.7224522
id09608,0.364437,0.08620286,0.5493601
id14912,0.49541345,0.0043113544,0.5002752
id24621,0.11928477,0.72113776,0.15957746
id14904,0.09060326,0.012473172,0.8969236
id09209,0.1969009,0.0145838875,0.7885152
id10425,0.90271866,0.009393156,0.08788818
id04915,0.357073,0.0755903,0.5673367
id01417,0.39182457,0.53113353,0.0770419
id12318,0.74690765,0.106089324,0.14700304
id01184,0.25390995,0.043351468,0.70273864
id05349,0.15917854,0.020166999,0.8206545
id14718,0.38186526,0.012072937,0.6060618
id20392,0.4753238,0.026054425,0.49862176
id10071,0.23246484,0.116207756,0.6513274
id24369,0.9383599,0.005011382,0.05662873
id22137,0.9614284,0.021554155,0.017017469
id14478,0.32437223,0.007127928,0.6684999
id10018,0.15524754,0.033297095,0.8114554
id13357,0.03156319,0.9314636,0.03697325
id06093,0.13319345,0.09394237,0.7728642
id26039,0.31371292,0.0017438503,0.6845432
id05974,0.14338183,0.8529614,0.003656718
id09745,0.63756335,0.35175225,0.010684419
id01255,0.38870478,0.5665295,0.044765744
id25995,0.09328095,0.9016134,0.0051057003
id01205,0.5382905,0.04747369,0.41423583
id09735,0.38703704,0.6015071,0.0114558535
id19431,0.4932178,0.4903363,0.01644583
id10226,0.68858194,0.10401109,0.20740701
id22446,0.83564484,0.008468952,0.15588625
id10207,0.06502367,0.47370806,0.4612683
id02564,0.6631022,0.023593979,0.3133038
id15113,0.64066404,0.20901123,0.15032479
id20230,0.609049,0.030981278,0.35996968
id18155,0.7549622,0.13423835,0.110799514
id23722,0.13878296,0.007897271,0.85331976
id20241,0.7682149,0.022374831,0.20941024
id10580,0.118359745,0.0054705977,0.8761697
id09405,0.47664052,0.028457254,0.49490222
id16297,0.14009883,0.8494155,0.01048575
id27247,0.48279583,0.074165784,0.44303837
id26321,0.83318835,0.026136836,0.14067486
id18503,0.20917337,0.004492203,0.78633446
id04178,0.13649432,0.839504,0.02400168
id22695,0.10706961,0.11481285,0.7781176
id04368,0.85410225,0.08354153,0.062356222
id20585,0.6944231,0.3007163,0.0048606265
id21615,0.5626253,0.15464155,0.28273314
id10830,0.23160258,0.7568045,0.011592913
id22143,0.80596334,0.14226097,0.05177571
id21600,0.90649194,0.06771745,0.025790647
id23773,0.8134294,0.003288781,0.1832818
id08505,0.9660213,0.013434087,0.020544635
id27152,0.7863177,0.08647379,0.12720853
id09817,0.16606542,0.25232473,0.58160985
id02355,0.35257605,0.34411445,0.3033095
id23629,0.81562454,0.006035774,0.17833975
id22194,0.83341086,0.07564964,0.09093952
id05592,0.33750474,0.015106639,0.64738864
id02916,0.11209482,0.012952377,0.8749528
id22284,0.7999418,0.05886013,0.14119811
id14574,0.14753345,0.022022782,0.83044374
id16820,0.19757506,0.01698382,0.78544116
id04513,0.8188241,0.0034864529,0.17768943
id05853,0.6932877,0.15560246,0.15110993
id23528,0.21145982,0.7826055,0.0059345593
id06684,0.6893463,0.011552209,0.29910147
id19793,0.9702996,0.019613884,0.010086508
id05567,0.34880024,0.13368884,0.5175109
id01637,0.025568165,0.9208824,0.053549465
id24264,0.27381665,0.05260444,0.6735789
id08558,0.1352336,0.76952475,0.09524168
id01977,0.29199913,0.32364786,0.38435307
id14665,0.27580556,0.720996,0.0031984453
id24485,0.36060905,0.60508716,0.034303773
id00331,0.46268505,0.1796923,0.35762262
id06004,0.20910011,0.00675771,0.7841422
id08168,0.063281395,0.9137099,0.023008702
id02054,0.85771936,0.008126232,0.13415441
id27733,0.21108696,0.03577924,0.7531338
id26596,0.065341756,0.8764,0.058258217
id05275,0.24986787,0.5254949,0.22463726
id23093,0.8111554,0.06230573,0.12653886
id13304,0.20118381,0.008346531,0.79046965
id09513,0.54898554,0.019268328,0.43174613
id14943,0.8560137,0.009926968,0.13405932
id10936,0.5671231,0.265481,0.16739589
id18771,0.33298343,0.62148774,0.045528874
id09708,0.76569086,0.12634556,0.1079636
id17204,0.368514,0.50240934,0.12907664
id27515,0.23467064,0.7638404,0.0014890294
id04438,0.58545446,0.0034306166,0.41111493
id14306,0.59541255,0.2558338,0.14875366
id10235,0.33554393,0.027860992,0.6365951
id19034,0.34645736,0.5557363,0.09780632
id27850,0.4054196,0.019487364,0.57509303
id23316,0.49486694,0.109239936,0.39589316
id21265,0.50301874,0.08199535,0.41498592
id13944,0.28461945,0.021861931,0.6935186
id00416,0.0714466,0.82166535,0.106888086
id04702,0.7320212,0.027510274,0.24046853
id07679,0.116110384,0.718944,0.16494557
id17063,0.0976815,0.89435077,0.007967692
id25840,0.21692047,0.4993319,0.2837477
id16767,0.5765614,0.4201768,0.0032617934
id10275,0.14410193,0.047734886,0.8081632
id19913,0.6626916,0.27289927,0.06440911
id16158,0.08557682,0.86218774,0.052235484
id19914,0.2116608,0.015815506,0.7725237
id09409,0.34193197,0.06277416,0.5952939
id14026,0.62379265,0.052469503,0.3237379
id27022,0.37195083,0.36448961,0.26355955
id06324,0.04928679,0.91913897,0.031574298
id22614,0.28013623,0.078801714,0.6410621
id02338,0.87625366,0.060332704,0.06341365
id02862,0.2165522,0.4950882,0.28835967
id14818,0.19821474,0.13888386,0.66290146
id00648,0.32285836,0.3563262,0.32081547
id21812,0.17514557,0.0048427493,0.8200117
id04567,0.0771024,0.9019933,0.020904379
id20462,0.297803,0.005034701,0.6971623
id21110,0.22582696,0.044838622,0.7293344
id27524,0.5827523,0.20546624,0.21178153
id10739,0.05512254,0.022512052,0.9223654
id25519,0.38886693,0.23707208,0.374061
id09509,0.36664873,0.2605648,0.3727865
id24062,0.50472254,0.38542846,0.10984899
id17909,0.6096593,0.010127394,0.3802133
id09896,0.41400066,0.0038728572,0.5821265
id11587,0.04804835,0.95150757,0.0004440251
id09957,0.22061872,0.42058167,0.35879964
id02070,0.08200246,0.005149169,0.91284835
id25658,0.7664867,0.076263934,0.15724939
id19870,0.4318309,0.18572816,0.38244092
id11774,0.4671778,0.001368482,0.5314537
id21315,0.74939704,0.18000765,0.07059535
id15873,0.76453114,0.15947382,0.07599511
id19302,0.040087733,0.95059294,0.009319286
id07239,0.5549365,0.19869165,0.24637185
id10178,0.8548053,0.008250293,0.13694438
id00074,0.85224336,0.031655233,0.116101384
id21736,0.2953211,0.63659245,0.068086445
id25383,0.15794279,0.7668652,0.07519204
id01649,0.5575992,0.32611936,0.11628144
id15990,0.31790897,0.077773914,0.6043171
id04940,0.7660605,0.0015558817,0.23238371
id09041,0.382511,0.58141136,0.036077645
id12499,0.39192808,0.19147739,0.41659456
id27324,0.044053636,0.9542918,0.0016545808
id20396,0.4095946,0.5818671,0.008538305
id20065,0.86051816,0.0142806005,0.12520126
id09659,0.2771199,0.14921238,0.5736677
id04632,0.15381363,0.0015833926,0.844603
id17313,0.88464004,0.01336712,0.10199282
id04995,0.86890286,0.11234529,0.018751878
id26559,0.5779476,0.094531804,0.32752064
id06974,0.1872536,0.1566091,0.65613735
id22141,0.75762403,0.069106996,0.17326903
id11508,0.25072363,0.030921623,0.71835476
id09766,0.3562863,0.5956484,0.048065312
id24382,0.24818434,0.30569145,0.44612426
id12016,0.7425077,0.13628125,0.12121105
id07298,0.72677565,0.052596066,0.22062823
id17985,0.08072362,0.89191866,0.027357752
id09057,0.15996113,0.011667029,0.8283719
id23310,0.18795122,0.005137533,0.80691123
id13265,0.64810044,0.00448792,0.3474117
id25920,0.8653088,0.027437605,0.107253574
id15012,0.4987271,0.0064269276,0.49484596
id12939,0.061629176,0.933926,0.004444827
id13329,0.6206791,0.030811392,0.34850958
id11410,0.2050916,0.7860045,0.008903939
id08203,0.4665006,0.41776028,0.11573909
id09399,0.351536,0.6390408,0.009423169
id24807,0.09119289,0.0020705634,0.90673655
id24976,0.76903564,0.059766766,0.17119753
id19630,0.20524274,0.086735666,0.7080216
id00231,0.28907844,0.6887388,0.022182755
id06157,0.18065292,0.8023985,0.016948571
id26817,0.058968037,0.05395381,0.8870781
id21083,0.21053915,0.004343012,0.78511786
id27634,0.80519783,0.068392806,0.12640935
id12397,0.083106935,0.006454053,0.9104391
id02643,0.16936174,0.0071247877,0.82351345
id13731,0.12131801,0.8126259,0.066056155
id17953,0.200705,0.0027734665,0.79652154
id10342,0.4292296,0.053020746,0.51774967
id19652,0.48880926,0.28374845,0.22744232
id03505,0.4130716,0.5842334,0.0026949896
id27602,0.40875658,0.16287024,0.42837322
id13311,0.27976137,0.015027243,0.70521134
id20008,0.4040347,0.14512204,0.4508433
id14404,0.08353339,0.0037960198,0.91267055
id09413,0.2101366,0.003371756,0.78649163
id01897,0.14744575,0.81399673,0.038557544
id14873,0.4947722,0.49525562,0.009972193
id25588,0.9513796,0.021018714,0.027601609
id15549,0.34364694,0.34566644,0.31068662
id20796,0.35041678,0.005697244,0.643886
id11138,0.32557008,0.014508546,0.6599214
id18398,0.08005235,0.019980192,0.89996743
id01871,0.866985,0.0051051816,0.12790981
id15968,0.9170208,0.023432827,0.05954636
id18197,0.12979151,0.0084320735,0.8617764
id20939,0.13995242,0.005868926,0.85417867
id20570,0.19155362,0.07633907,0.73210734
id00432,0.85964423,0.013129716,0.12722608
id19537,0.13828883,0.8577352,0.0039759832
id12930,0.5141465,0.47713584,0.008717739
id26222,0.08340567,0.9117062,0.0048880926
id10623,0.91176504,0.041170668,0.04706432
id15460,0.055887945,0.88109124,0.06302086
id22824,0.86602837,0.017991407,0.11598022
id02968,0.4783923,0.060642827,0.46096483
id19017,0.6465043,0.2734799,0.080015816
id26743,0.24796832,0.7479266,0.0041050864
id04161,0.5782463,0.023359776,0.39839396
id08976,0.05327442,0.9450612,0.0016643803
id13339,0.111237444,0.8509344,0.03782816
id25051,0.7557031,0.0456502,0.19864672
id22649,0.69873685,0.056301404,0.24496177
id00040,0.019727618,0.95892096,0.021351483
id08855,0.6424188,0.3372111,0.020370105
id24622,0.8833689,0.05207517,0.06455592
id02301,0.6576436,0.28198713,0.06036924
id07047,0.2893613,0.104162015,0.6064767
id04423,0.94618547,0.008885936,0.044928636
id02790,0.51138365,0.29294688,0.19566947
id08754,0.30024767,0.69877887,0.0009735194
id20297,0.24897201,0.018185806,0.7328422
id04307,0.26451927,0.68938494,0.04609579
id18927,0.3847012,0.017713763,0.5975851
id27393,0.35222468,0.14563312,0.50214225
id15260,0.5494918,0.44002256,0.01048567
id03679,0.43543705,0.22010382,0.3444591
id17381,0.9793796,0.0146119725,0.006008465
id13196,0.6510898,0.07467312,0.27423707
id21493,0.16538712,0.08575982,0.7488531
id11088,0.16862142,0.0058407737,0.82553786
id15801,0.4207872,0.016564535,0.56264824
id04647,0.23248452,0.011714022,0.75580144
id16900,0.28441855,0.71189284,0.003688545
id17174,0.7772647,0.13646045,0.0862749
id23801,0.28106666,0.6636286,0.055304777
id11952,0.53891283,0.059818294,0.40126893
id02738,0.73929495,0.10113326,0.15957177
id05365,0.90804774,0.0042546634,0.08769761
id19666,0.15299292,0.8309172,0.01608994
id26638,0.24722922,0.008891722,0.743879
id03032,0.48807395,0.1400747,0.37185138
id23471,0.9226443,0.011136764,0.06621894
id26135,0.1786235,0.81195134,0.009425188
id18224,0.040916983,0.95807546,0.0010075329
id10782,0.6475998,0.30743936,0.044960868
id08932,0.19008559,0.024240535,0.7856739
id23126,0.02140071,0.03329205,0.94530725
id22273,0.4332696,0.43247697,0.13425344
id17427,0.5539312,0.29175875,0.1543101
id21258,0.86407983,0.10868166,0.027238568
id06604,0.938265,0.0060442686,0.055690728
id02180,0.89271265,0.07567829,0.03160908
id20505,0.19292304,0.7959431,0.011133921
id27466,0.56906474,0.0047255247,0.42620978
id14249,0.14834589,0.39304018,0.4586139
id15891,0.24273753,0.38459307,0.3726694
id25366,0.5318993,0.03714514,0.43095556
id13554,0.1367558,0.005856558,0.85738766
id09470,0.17323077,0.0035534033,0.82321584
id15993,0.10018096,0.22351274,0.6763063
id07273,0.39242986,0.011809921,0.5957602
id10805,0.5957606,0.015433162,0.38880622
id07990,0.15168038,0.3160519,0.53226775
id08107,0.20232347,0.15516467,0.6425119
id07612,0.6973588,0.29499206,0.0076492275
id10593,0.80051875,0.0590754,0.14040586
id00906,0.28887832,0.7080325,0.003089223
id22316,0.2982147,0.107491605,0.5942937
id04826,0.66900957,0.3295706,0.0014198127
id13173,0.1398516,0.017372103,0.84277636
id20075,0.5203769,0.02751172,0.45211133
id16427,0.72639376,0.070807666,0.2027986
id21948,0.08965068,0.013051706,0.8972976
id05957,0.6783556,0.121563084,0.20008141
id22982,0.031152995,0.9601919,0.0086551
id01672,0.38765997,0.20303941,0.40930063
id19463,0.20370638,0.19272412,0.6035695
id17555,0.5414876,0.37695938,0.08155305
id21387,0.045408558,0.9469992,0.007592238
id00011,0.19993506,0.5781077,0.22195727
id18538,0.71245205,0.086051255,0.20149675
id14915,0.012982749,0.9802819,0.006735361
id13773,0.44461673,0.010095163,0.5452881
id26440,0.34423113,0.078304134,0.5774647
id18862,0.23200777,0.015028592,0.75296366
id02510,0.4264019,0.0144700585,0.559128
id26288,0.21087283,0.049867067,0.73926014
id01877,0.32763028,0.35759827,0.31477144
id17532,0.25521246,0.030336011,0.71445155
id22973,0.6881913,0.2665062,0.04530257
id10254,0.44977164,0.009551413,0.54067695
id20420,0.16810672,0.8244256,0.0074676876
id16052,0.7488414,0.11716072,0.1339979
id19578,0.64496315,0.0035192773,0.35151753
id06318,0.4702348,0.066255294,0.46350995
id18751,0.92006403,0.013514189,0.0664218
id06756,0.3149215,0.002579604,0.6824989
id00364,0.7020637,0.26328847,0.03464783
id10714,0.22535664,0.38281843,0.39182496
id27432,0.9568232,0.011381373,0.031795405
id02395,0.046109665,0.9439428,0.009947598
id00502,0.3354402,0.48317212,0.18138768
id22856,0.24401753,0.011296424,0.74468607
id16391,0.22108677,0.77772087,0.0011923175
id18170,0.145494,0.7112677,0.1432383
id19642,0.7943968,0.025887365,0.17971586
id15742,0.8518758,0.0011706942,0.14695354
id18984,0.07198054,0.0036330326,0.92438644
id22155,0.2789872,0.030006964,0.6910059
id13113,0.50159776,0.061327968,0.4370743
id03817,0.44336858,0.25707236,0.2995591
id13090,0.4957588,0.21668679,0.28755435
id23521,0.13735346,0.8366806,0.02596595
id21376,0.20610495,0.003042152,0.79085296
id21795,0.08870315,0.7205551,0.19074175
id03548,0.16964875,0.005844881,0.8245064
id05018,0.73143846,0.025348216,0.2432133
id00085,0.46189198,0.5280126,0.01009549
id12163,0.3212088,0.43727535,0.24151587
id15341,0.30224192,0.024087347,0.6736707
id12896,0.26062936,0.66246027,0.07691034
id24019,0.81064755,0.030465152,0.15888722
id24981,0.9293674,0.051116817,0.019515773
id12456,0.1811605,0.27361912,0.5452204
id24590,0.24793808,0.035766862,0.71629506
id01276,0.12566516,0.5552735,0.31906143
id04235,0.5270048,0.30248564,0.1705096
id21844,0.18757291,0.12781994,0.6846072
id16876,0.05551542,0.93828475,0.006199832
id10137,0.0852299,0.04553126,0.86923885
id26435,0.39827502,0.015979754,0.5857453
id15912,0.18615255,0.18793344,0.625914
id09361,0.06853864,0.0011195153,0.9303419
id00071,0.853565,0.042124633,0.104310386
id21006,0.85418427,0.11854509,0.02727065
id20942,0.54490453,0.019597761,0.4354977
id00137,0.5260862,0.33058053,0.14333323
id10494,0.6528503,0.16390185,0.18324792
id02933,0.59036374,0.04787205,0.36176425
id22661,0.25246185,0.5197917,0.22774646
id01024,0.53549045,0.030432384,0.4340771
id02183,0.07135097,0.84002465,0.08862445
id22883,0.24970627,0.7473075,0.0029862423
id14780,0.14035285,0.85161805,0.008029126
id00543,0.23369065,0.13724555,0.6290638
id21237,0.5177299,0.040512156,0.441758
id09864,0.3943687,0.4003225,0.20530882
id26171,0.1663469,0.0019709752,0.83168215
id08115,0.6114911,0.07862037,0.30988857
id18417,0.15604645,0.6449024,0.19905116
id27910,0.0650773,0.10163384,0.8332889
id16918,0.20499747,0.6294358,0.16556679
id10236,0.090890296,0.0046093455,0.90450037
id22481,0.40334904,0.4439396,0.1527114
id25843,0.45186052,0.46043533,0.08770415
id24660,0.84688485,0.11644672,0.036668435
id09637,0.36334097,0.58803535,0.048623707
id19022,0.104961805,0.20825788,0.68678033
id16809,0.18963397,0.086082034,0.724284
id13162,0.11299572,0.0016891491,0.8853151
id05384,0.19345897,0.75052905,0.05601186
id15361,0.09515478,0.017122902,0.8877224
id03967,0.048960652,0.9473451,0.0036942898
id03839,0.05323065,0.9451497,0.0016196381
id19644,0.6985724,0.027060153,0.2743675
id14817,0.2332484,0.0049412176,0.76181036
id04190,0.23359017,0.6033774,0.16303241
id19018,0.040090438,0.9591957,0.00071388757
id23557,0.7724268,0.13754502,0.09002821
id25241,0.05367814,0.014167841,0.93215406
id01223,0.2788458,0.011526211,0.70962805
id07529,0.12365255,0.8645228,0.011824641
id13517,0.36049786,0.019954268,0.61954784
id11759,0.6887452,0.018480338,0.29277447
id13741,0.09936654,0.06661389,0.83401954
id03305,0.30657643,0.057963736,0.63545984
id16474,0.08363867,0.91604054,0.00032078935
id04156,0.35602143,0.047609292,0.59636927
id23223,0.37239966,0.50634515,0.12125519
id25193,0.24455112,0.062138654,0.69331026
id02100,0.8939752,0.0065769334,0.099447824
id20032,0.06346708,0.78613055,0.15040238
id22179,0.38062045,0.013816794,0.60556275
id15359,0.8166606,0.00988641,0.17345308
id02571,0.059803307,0.93502444,0.0051722457
id21450,0.7570746,0.025330288,0.21759503
id17293,0.7966457,0.18501726,0.01833709
id13056,0.4316306,0.13999316,0.4283762
id16833,0.29960942,0.009198876,0.6911917
id25681,0.18139862,0.7599967,0.058604654
id21263,0.1845601,0.0035047105,0.8119352
id02323,0.049917225,0.9368237,0.01325908
id16481,0.4630855,0.019547995,0.5173665
id05781,0.7960753,0.044388264,0.15953638
id14416,0.603121,0.37779227,0.019086719
id20650,0.121728785,0.79106295,0.087208286
id04357,0.33832857,0.04588851,0.6157829
id16663,0.16605572,0.02699887,0.8069454
id18312,0.5782779,0.0023471892,0.41937497
id24780,0.03359568,0.015730608,0.9506737
id17348,0.19590037,0.008209097,0.7958905
id22993,0.5689042,0.0041731577,0.42692265
id04847,0.09880278,0.05637865,0.84481853
id27880,0.079837486,0.91458434,0.0055781677
id21160,0.20603365,0.07457491,0.71939147
id03354,0.62598616,0.32081714,0.05319669
id11002,0.24922776,0.0059885643,0.7447837
id02425,0.40082237,0.013702,0.5854757
id14067,0.5940896,0.03631055,0.3695998
id05886,0.30572885,0.0026040645,0.69166714
id09256,0.3904946,0.14077327,0.46873212
id11511,0.29716474,0.02791188,0.6749234
id09029,0.18203066,0.49354383,0.32442555
id22563,0.41249436,0.041172855,0.5463328
id27838,0.61528337,0.0122566335,0.37246004
id23184,0.43411103,0.44821936,0.11766957
id15335,0.7051754,0.172642,0.12218262
id08607,0.79910934,0.003187012,0.19770367
id26516,0.59648424,0.20806079,0.19545501
id12417,0.45280698,0.19056387,0.35662913
id21758,0.9735057,0.0079898285,0.018504482
id00729,0.51965904,0.46309793,0.017243087
id25504,0.39587036,0.548874,0.055255644
id00360,0.27879545,0.0015865044,0.7196181
id05913,0.44530708,0.54934406,0.0053488896
id00089,0.21384612,0.7780265,0.008127368
id03511,0.8100348,0.052496634,0.1374686
id00449,0.15324217,0.05414883,0.79260904
id14504,0.24522497,0.6898524,0.06492264
id19106,0.9103869,0.048060633,0.041552413
id19236,0.32181424,0.65534127,0.02284451
id12743,0.737828,0.035465293,0.22670668
id04662,0.1660748,0.014728285,0.81919694
id15139,0.35269102,0.003659158,0.6436499
id07233,0.10251749,0.4232149,0.4742676
id19160,0.64398175,0.027104551,0.32891372
id06867,0.09150019,0.8913242,0.017175594
id04236,0.1560322,0.8288171,0.015150694
id07591,0.30134133,0.024531126,0.6741276
id25815,0.1870916,0.012819074,0.8000893
id10925,0.60977346,0.008267286,0.38195932
id27774,0.8508992,0.12974311,0.019357707
id16090,0.12279623,0.83742034,0.039783455
id24875,0.13744627,0.07025213,0.7923016
id03456,0.33903903,0.044788226,0.61617273
id07559,0.15029414,0.8235664,0.026139531
id10513,0.050969567,0.9275956,0.021434844
id07094,0.64202386,0.30722025,0.050755896
id04111,0.24199429,0.011153637,0.7468521
id23356,0.8437484,0.008304193,0.14794743
id04435,0.1475369,0.009848226,0.8426149
id23706,0.20887083,0.0017034131,0.7894258
id04655,0.12985702,0.004768304,0.8653747
id07661,0.1185811,0.19233519,0.6890837
id27176,0.33114946,0.5149646,0.15388605
id13560,0.22018941,0.33272952,0.44708112
id18020,0.36859348,0.2559101,0.37549648
id16701,0.35521048,0.1058623,0.53892726
id19252,0.62686974,0.007837366,0.36529294
id00910,0.25693715,0.6068044,0.13625854
id12102,0.84652334,0.0024057375,0.1510709
id15820,0.3877444,0.061899215,0.5503564
id10698,0.7695239,0.07868862,0.15178743
id15530,0.1342114,0.2607601,0.6050285
id10740,0.75862795,0.0059006712,0.23547143
id24917,0.3862615,0.03756032,0.5761782
id07985,0.27036136,0.020454777,0.7091839
id15897,0.16337653,0.7662187,0.070404746
id07960,0.12689975,0.081573375,0.79152685
id15529,0.4310642,0.31008622,0.25884962
id17855,0.46093982,0.19758336,0.3414768
id24727,0.72210723,0.07080347,0.20708933
id14835,0.54173076,0.0047514075,0.45351788
id25557,0.22434586,0.35109785,0.42455623
id18605,0.1724866,0.003821906,0.8236915
id27760,0.79538447,0.057842962,0.14677256
id10042,0.11491538,0.0061223437,0.8789622
id12074,0.27507794,0.6636441,0.061278053
id19511,0.5406486,0.24716465,0.21218675
id21924,0.5866821,0.3829749,0.030343097
id13095,0.60826707,0.109965295,0.28176764
id11873,0.13049097,0.0030883956,0.8664206
id23651,0.14942771,0.8338479,0.016724443
id09931,0.31181845,0.0031051007,0.6850765
id05155,0.24504587,0.032434694,0.7225194
id17668,0.9282306,0.044335082,0.027434345
id03470,0.92848504,0.0076951133,0.06381984
id02208,0.9271383,0.06821932,0.004642383
id07650,0.03304128,0.9524958,0.014462885
id24472,0.766979,0.03618876,0.19683227
id21211,0.07283557,0.8533262,0.07383821
id11030,0.53037035,0.40024683,0.06938287
id00943,0.152974,0.84410405,0.002921976
id19156,0.15102275,0.020913182,0.8280641
id22886,0.24963953,0.015912235,0.73444825
id00992,0.14271279,0.8459296,0.011357625
id27547,0.74294,0.019021623,0.23803835
id24073,0.86956936,0.1153368,0.015093847
id05452,0.47059745,0.10217217,0.4272304
id22492,0.019352125,0.9573503,0.023297573
id11981,0.6652718,0.28592035,0.04880784
id15552,0.045432832,0.93738157,0.017185517
id04471,0.088976175,0.020694595,0.89032924
id09231,0.09269967,0.33777997,0.56952035
id12493,0.52201813,0.046900783,0.43108103
id24967,0.45183262,0.048278373,0.499889
id05865,0.30858043,0.07792141,0.6134982
id04811,0.63526887,0.20014039,0.16459079
id19877,0.1550343,0.009105963,0.8358597
id04024,0.07971598,0.8946555,0.025628485
id00395,0.3123145,0.026677104,0.6610084
id22728,0.073216245,0.7787384,0.14804539
id01268,0.68581635,0.2738332,0.040350433
id08896,0.50510645,0.014092851,0.4808007
id09971,0.3516158,0.13321415,0.5151701
id26606,0.19437394,0.015840685,0.7897854
id27970,0.5131458,0.07773868,0.4091155
id25259,0.96418554,0.0020723965,0.033742044
id13834,0.27307206,0.05685948,0.67006844
id19513,0.26075286,0.053260453,0.6859867
id16082,0.18750095,0.8059614,0.006537682
id22180,0.08388721,0.014460439,0.90165234
id20498,0.8081099,0.033616286,0.15827388
id27595,0.13152559,0.0028260201,0.8656484
id08267,0.6582675,0.14035869,0.20137383
id12823,0.833505,0.014609827,0.1518852
id18842,0.11580454,0.86725366,0.016941812
id17534,0.5737041,0.074268006,0.3520279
id05777,0.9334711,0.016717382,0.0498115
id21689,0.67456156,0.2921154,0.033323087
id18114,0.092080265,0.87107754,0.036842242
id17707,0.38972998,0.0030971838,0.60717285
id22956,0.26240584,0.69016683,0.047427345
id27834,0.075307906,0.008149466,0.91654265
id11377,0.20447515,0.78479075,0.010734094
id08333,0.7136604,0.26962134,0.016718252
id07445,0.4209133,0.019831095,0.5592556
id22703,0.6554722,0.16000414,0.18452367
id09468,0.16877578,0.5311558,0.3000684
id19397,0.123402245,0.008966551,0.8676312
id07977,0.8766575,0.057821833,0.06552072
id14555,0.17008436,0.017299023,0.8126166
id02489,0.18409616,0.020898493,0.7950054
id10445,0.76737225,0.086814426,0.14581336
id02058,0.22425583,0.0920344,0.6837098
id23101,0.618602,0.28256053,0.098837554
id18072,0.05603619,0.49822724,0.4457366
id21085,0.19337082,0.0035625228,0.8030667
id16584,0.2920066,0.0013222244,0.7066712
id23136,0.07176443,0.0014348144,0.9268007
id17745,0.09459596,0.2091542,0.69624984
id27391,0.552383,0.015947783,0.43166927
id17240,0.301497,0.547676,0.15082695
id11708,0.39997524,0.37331885,0.22670592
id08712,0.1413805,0.8515414,0.0070781256
id23809,0.17129208,0.110002056,0.71870583
id07274,0.6380058,0.13797843,0.22401577
id15625,0.18904114,0.24243751,0.5685214
id22815,0.7318959,0.22749317,0.04061091
id23200,0.6732444,0.064169146,0.2625864
id04369,0.5174694,0.09116055,0.39137006
id04659,0.3234088,0.400235,0.2763562
id05051,0.0792962,0.14901538,0.7716884
id07815,0.08094083,0.603356,0.31570312
id27535,0.9025312,0.035720013,0.06174879
id11916,0.1007433,0.008111548,0.89114517
id07097,0.49699968,0.43710408,0.06589626
id24599,0.8129597,0.092241675,0.0947987
id03434,0.22655986,0.012033644,0.7614065
id01685,0.55235,0.22437145,0.22327857
id23165,0.6746909,0.1328545,0.19245456
id08601,0.39704952,0.6001304,0.0028201651
id19593,0.68027776,0.27228463,0.04743761
id04582,0.35106838,0.040411558,0.60852003
id25659,0.52075887,0.08509461,0.3941465
id08590,0.27172786,0.0067496356,0.7215225
id21959,0.2987864,0.55359215,0.14762142
id21373,0.8876453,0.09442913,0.017925577
id12581,0.08658775,0.005734134,0.9076781
id05240,0.35705143,0.35698062,0.28596798
id25188,0.1122434,0.011229517,0.8765271
id15719,0.19227414,0.79773283,0.0099930605
id17546,0.33347946,0.04372697,0.6227936
id18546,0.54375607,0.12808576,0.32815823
id16043,0.12754177,0.5486322,0.32382607
id05236,0.9015447,0.06787609,0.030579219
id01665,0.91501474,0.083677694,0.0013075549
id12811,0.79455054,0.05915259,0.14629689
id11468,0.14483859,0.100326754,0.7548347
id20311,0.3938038,0.041547168,0.56464905
id04045,0.1320557,0.0100853145,0.85785896
id02671,0.13894957,0.0245081,0.8365423
id19889,0.07440772,0.78986686,0.13572544
id10371,0.0763882,0.4620314,0.46158043
id13583,0.2769027,0.07581196,0.64728534
id11070,0.8456594,0.13025723,0.024083402
id13087,0.15818462,0.81220204,0.029613363
id21670,0.20136033,0.09890487,0.6997348
id16432,0.11107692,0.8501214,0.03880174
id13899,0.84973794,0.13991484,0.010347293
id02925,0.13248965,0.85931313,0.008197175
id27528,0.1980633,0.7008253,0.10111146
id15950,0.6170576,0.08371381,0.29922852
id07604,0.6957785,0.028606245,0.27561527
id12682,0.80261344,0.033847246,0.16353923
id16688,0.5670417,0.3121102,0.1208481
id24150,0.03918153,0.95299697,0.007821508
id04599,0.31866306,0.06427965,0.6170573
id05609,0.20809141,0.78093123,0.0109774005
id27242,0.2098196,0.0064075603,0.7837728
id03464,0.30047837,0.5632895,0.13623211
id20129,0.18643492,0.00924586,0.8043192
id07890,0.12207087,0.8726379,0.0052912366
id24082,0.5219544,0.02256651,0.4554791
id18550,0.30801094,0.0042854818,0.6877036
id13345,0.20531061,0.009955816,0.7847336
id21162,0.6407062,0.26050922,0.09878464
id05896,0.13292356,0.059157524,0.8079189
id00549,0.08734563,0.016165206,0.8964892
id19986,0.09282831,0.0064353505,0.90073633
id12287,0.44959307,0.07216803,0.4782389
id21149,0.22624847,0.0031127327,0.77063876
id15937,0.04733465,0.87757677,0.07508857
id18043,0.67816556,0.020679792,0.30115464
id19288,0.6209502,0.07925395,0.2997958
id16304,0.16291785,0.04151009,0.7955721
id03605,0.8782665,0.072233446,0.04950004
id00126,0.11025187,0.5890722,0.3006759
id11734,0.48658532,0.03647372,0.47694096
id20670,0.1333379,0.5333175,0.3333446
id02266,0.2431317,0.029059215,0.7278091
id06651,0.15087341,0.8235676,0.025558997
id12969,0.7529021,0.024703452,0.2223945
id15664,0.29837224,0.37492847,0.32669926
id09699,0.37157664,0.055717494,0.57270586
id07426,0.24746457,0.029357662,0.7231778
id12040,0.25057155,0.7487994,0.00062904024
id22961,0.5833848,0.11886955,0.29774567
id23971,0.21346448,0.7711588,0.015376729
id21433,0.37924853,0.05254286,0.56820863
id12028,0.08549178,0.8676626,0.046845626
id15673,0.33012486,0.6133009,0.056574304
id18681,0.25889245,0.070042394,0.6710652
id21339,0.23663452,0.75718135,0.0061841263
id23755,0.5808448,0.116859,0.30229625
id10369,0.06159889,0.020303242,0.91809785
id03917,0.66738814,0.060490895,0.27212095
id17078,0.037920203,0.88525414,0.07682566
id10873,0.6495689,0.12660284,0.22382829
id21158,0.66072273,0.0070450036,0.33223227
id16491,0.70855284,0.036325555,0.2551216
id23930,0.03241052,0.9611511,0.0064383494
id16048,0.2870252,0.60066324,0.11231154
id10070,0.7342965,0.013727768,0.25197572
id24962,0.5623408,0.018741513,0.41891772
id27787,0.6055968,0.032696534,0.36170667
id16840,0.5096486,0.4304263,0.059925158
id01994,0.9155331,0.061546907,0.022919925
id10756,0.21123925,0.025081538,0.76367915
id16697,0.23243967,0.015034528,0.7525258
id19603,0.35656223,0.6387522,0.004685523
id03903,0.7527633,0.13430563,0.112931125
id20992,0.27490613,0.028049167,0.6970447
id15687,0.23662502,0.6449431,0.11843187
id19769,0.16233967,0.48845795,0.3492024
id06048,0.4235553,0.35599512,0.2204496
id25098,0.0792741,0.9175743,0.0031515846
id16091,0.42041007,0.49201941,0.08757049
id27192,0.4574322,0.3359334,0.20663439
id05897,0.22627622,0.26280558,0.5109182
id00828,0.43480647,0.4039629,0.1612306
id20605,0.67189026,0.039415434,0.28869432
id05872,0.42370316,0.10810103,0.4681958
id00761,0.89260507,0.0024924967,0.10490247
id19573,0.3338053,0.1563941,0.5098006
id03081,0.18479155,0.0050290166,0.8101794
id04887,0.24913767,0.20175785,0.5491045
id17700,0.29773158,0.018420745,0.6838477
id03250,0.6617895,0.1583443,0.17986618
id21027,0.020226993,0.9281468,0.051626224
id19567,0.71412486,0.28322825,0.0026469326
id05661,0.27249134,0.009940047,0.7175686
id27405,0.32803681,0.6691555,0.0028077504
id01546,0.043976486,0.9274912,0.028532336
id02288,0.0066525745,0.9902264,0.0031210454
id11057,0.21021648,0.0113997,0.77838385
id09191,0.009964059,0.9802932,0.009742752
id19074,0.033302683,0.017387222,0.9493101
id25012,0.812099,0.015406329,0.17249475
id24857,0.26921254,0.7126653,0.018122187
id07557,0.04034791,0.35681847,0.6028336
id23072,0.97260916,0.002994506,0.024396397
id20317,0.5975511,0.3284919,0.07395703
id16642,0.88532925,0.004398538,0.1102722
id04211,0.12459882,0.013964675,0.8614365
id22871,0.20830995,0.71214044,0.079549596
id16178,0.048594,0.014134757,0.93727124
id25172,0.12849917,0.01520114,0.8562997
id15654,0.5504559,0.23319156,0.21635251
id26067,0.62503266,0.02572271,0.34924462
id11955,0.35592604,0.041131075,0.60294294
id24939,0.14504126,0.0040497254,0.85090905
id07378,0.6752142,0.024355661,0.3004302
id22455,0.27079695,0.72116035,0.008042724
id12850,0.13198335,0.31680492,0.5512118
id12403,0.64638305,0.003554688,0.35006225
id11593,0.19655599,0.3162501,0.4871939
id27776,0.68316007,0.15161708,0.16522291
id14497,0.103229575,0.004022728,0.8927477
id24628,0.08744726,0.0373088,0.87524396
id11283,0.16218865,0.036366314,0.801445
id00459,0.709914,0.2232753,0.06681065
id11310,0.06701732,0.9320601,0.000922589
id05177,0.2113563,0.77518815,0.013455593
id22598,0.09587895,0.8262481,0.077872954
id05214,0.47816348,0.036854006,0.48498246
id22797,0.57758135,0.031321302,0.3910974
id15832,0.24933136,0.16240151,0.58826715
id00479,0.25505307,0.73031336,0.014633559
id05840,0.2012922,0.23637086,0.562337
id27489,0.07753083,0.0018552315,0.92061394
id03281,0.021848243,0.9482596,0.029892186
id27046,0.72148913,0.04987114,0.22863972
id09213,0.16670057,0.010965606,0.8223339
id18775,0.60211474,0.006464129,0.3914211
id09731,0.7089765,0.1732339,0.117789656
id25031,0.24444567,0.028442087,0.7271123
id11945,0.20123264,0.7115182,0.08724918
id20286,0.83943766,0.15386522,0.0066971197
id27960,0.09293208,0.037750166,0.86931777
id13206,0.16567907,0.005573163,0.82874775
id09964,0.43069863,0.1407006,0.42860076
id16811,0.52323884,0.44255182,0.034209352
id08948,0.7683617,0.1838435,0.047794797
id17636,0.055711444,0.004872173,0.9394164
id14046,0.26797268,0.14385629,0.58817106
id22873,0.60406005,0.06675551,0.32918438
id09962,0.043984737,0.009591654,0.94642365
id26474,0.8087369,0.0009450859,0.19031802
id11898,0.26008025,0.6295998,0.11032
id25477,0.76390177,0.017930195,0.21816798
id25457,0.8395082,0.01440228,0.14608958
id26675,0.41299573,0.008554728,0.57844955
id04422,0.1771469,0.01485689,0.8079962
id04237,0.32203245,0.29768592,0.38028163
id07049,0.027734004,0.96910226,0.003163759
id18211,0.407153,0.3794157,0.21343131
id16033,0.21267618,0.71701926,0.07030459
id16680,0.83346224,0.04884609,0.11769174
id08977,0.21005848,0.6401124,0.14982912
id18494,0.056893688,0.9425202,0.00058610574
id07714,0.19834752,0.014294767,0.7873577
id01243,0.6892007,0.0066066165,0.30419272
id18562,0.16079657,0.8248577,0.014345741
id03147,0.18165147,0.0054347445,0.8129137
id24138,0.36117238,0.047700476,0.59112716
id21062,0.6337183,0.009754966,0.35652676
id25053,0.024807509,0.07557761,0.8996149
id14390,0.28979072,0.040607344,0.6696019
id10122,0.37705573,0.09708448,0.5258598
id13160,0.41387618,0.55111516,0.03500868
id00780,0.27498195,0.72165644,0.0033615716
id20996,0.7086587,0.026502559,0.26483876
id16008,0.62751263,0.16530289,0.20718448
id10522,0.37734377,0.43752608,0.18513021
id18498,0.44479123,0.03162824,0.52358055
id09341,0.16452183,0.71116924,0.124308914
id22456,0.6735191,0.049461182,0.2770197
id07592,0.11732376,0.87991905,0.0027571705
id25634,0.60847825,0.0036146126,0.38790715
id15011,0.55320346,0.31172377,0.13507278
id14245,0.72385246,0.17756099,0.09858659
id21107,0.64163613,0.027835887,0.33052796
id01881,0.56323445,0.026901769,0.40986377
id12772,0.11861591,0.68225425,0.19912983
id17589,0.7921479,0.0034159617,0.20443618
id24421,0.24698941,0.0076726787,0.7453379
id22088,0.2798165,0.16505884,0.55512464
id21687,0.21995044,0.020735143,0.7593144
id17810,0.07377648,0.009603231,0.9166203
id25153,0.034030836,0.9597017,0.0062674684
id18083,0.5036664,0.43344617,0.06288752
id00655,0.19049212,0.04311069,0.76639724
id13195,0.32183605,0.16734385,0.5108201
id23708,0.029205516,0.93648267,0.034311835
id17977,0.3926939,0.02609137,0.5812147
id10501,0.108530946,0.88086766,0.010601395
id08697,0.6533361,0.1568569,0.189807
id09269,0.027658585,0.9655236,0.0068178596
id21153,0.6994016,0.008617032,0.29198137
id06257,0.6634036,0.17794341,0.158653
id08366,0.24980202,0.031397384,0.7188006
id00263,0.4151508,0.47587103,0.1089782
id14445,0.46175036,0.015017906,0.52323174
id18864,0.15148173,0.020468317,0.8280499
id18427,0.28964183,0.024476117,0.68588203
id24348,0.27486482,0.0076502347,0.71748495
id17329,0.8551511,0.096839555,0.048009336
id07519,0.22343059,0.6399224,0.13664708
id17995,0.1799467,0.14918105,0.6708722
id25329,0.85180336,0.13050076,0.017695887
id14513,0.75186306,0.22141086,0.02672609
id10203,0.19369408,0.7821505,0.024155406
id25887,0.5861391,0.0094371205,0.4044238
id08186,0.3299177,0.042324934,0.6277574
id20535,0.14849739,0.84469086,0.0068118116
id06411,0.17260845,0.001506539,0.825885
id11984,0.5742994,0.16096358,0.26473698
id16389,0.085625455,0.795901,0.11847355
id23333,0.79149806,0.002832373,0.20566964
id19447,0.3584618,0.114853084,0.5266852
id01461,0.6895395,0.17665657,0.13380393
id25601,0.29972276,0.6887574,0.011519818
id04803,0.69215995,0.11572803,0.19211203
id19029,0.28689757,0.675301,0.037801396
id11507,0.20575014,0.019177498,0.77507234
id13246,0.30423513,0.082616724,0.61314815
id26927,0.2836353,0.007817622,0.7085471
id12423,0.94282424,0.043753315,0.013422424
id09601,0.21215495,0.7759359,0.01190921
id23100,0.20322712,0.084490456,0.7122824
id21939,0.8466002,0.0019829546,0.15141693
id16139,0.1899749,0.006874371,0.8031507
id27334,0.79681724,0.19665588,0.0065269372
id22326,0.15490355,0.0074913567,0.8376051
id18527,0.07552959,0.09764715,0.82682323
id05072,0.13787487,0.0044482406,0.85767686
id21820,0.18513912,0.7997045,0.0151563855
id13960,0.60805523,0.1382839,0.25366086
id03958,0.81782,0.0029668526,0.17921317
id10849,0.74026406,0.15246405,0.10727185
id06252,0.6850102,0.0019812554,0.31300858
id26045,0.99085826,0.0034976355,0.0056440546
id04849,0.018454233,0.904943,0.0766028
id05215,0.48501667,0.31179622,0.2031871
id22830,0.84368324,0.117087744,0.03922906
id21325,0.10377835,0.87019926,0.02602237
id09287,0.16447295,0.0039270273,0.8316
id24354,0.4475442,0.50036985,0.052086007
id06784,0.21061364,0.706262,0.08312437
id03848,0.37202156,0.019391796,0.6085866
id01410,0.32780746,0.107332684,0.56485987
id00874,0.3394947,0.065182425,0.5953229
id00784,0.10216715,0.011247991,0.8865849
id19909,0.21921319,0.73577267,0.045014106
id18906,0.18127362,0.8139009,0.0048254738
id18748,0.0790906,0.0027452614,0.9181642
id04654,0.75582445,0.16250354,0.08167202
id07608,0.6355404,0.18022783,0.18423176
id10845,0.025569834,0.7915797,0.18285036
id10718,0.08237725,0.009984958,0.9076378
id19100,0.34143126,0.63632214,0.022246603
id10416,0.7662044,0.10430387,0.12949172
id02535,0.17389144,0.7445476,0.08156099
id23920,0.40348607,0.03221106,0.5643029
id16226,0.06845743,0.8843084,0.047234207
id09196,0.19673318,0.80279416,0.00047264926
id03368,0.26050436,0.42907986,0.31041577
id27373,0.18814045,0.093455166,0.71840435
id11497,0.48253208,0.21302733,0.30444065
id07640,0.46331438,0.15189227,0.38479334
id22416,0.2781783,0.7201317,0.0016900304
id20303,0.23106371,0.75873935,0.010196943
id13811,0.39276138,0.0048296056,0.602409
id04365,0.06312054,0.8764727,0.060406756
id00199,0.13872482,0.048613835,0.81266135
id24884,0.89758676,0.0096833985,0.09272984
id06763,0.10661617,0.73825824,0.1551256
id18275,0.7239596,0.05856207,0.21747826
id20971,0.54410267,0.069174886,0.38672248
id01581,0.18023948,0.009909853,0.80985063
id24805,0.11932012,0.06368062,0.8169992
id07950,0.31577662,0.42943445,0.25478894
id26346,0.18866006,0.10151391,0.70982605
id24046,0.8972345,0.015773032,0.086992435
id05548,0.45841107,0.5245454,0.017043589
id17433,0.96257144,0.02151665,0.015911931
id18712,0.58609253,0.16604306,0.24786444
id21128,0.38894123,0.0060016927,0.60505706
id02906,0.2655511,0.1735796,0.5608693
id22201,0.3171794,0.65735704,0.02546362
id08614,0.029814905,0.76968783,0.20049728
id22484,0.25964785,0.632826,0.10752619
id16291,0.24795581,0.5098914,0.2421528
id26869,0.16642821,0.81425333,0.01931845
id18062,0.05603272,0.93622315,0.007744105
id27078,0.84642965,0.004111873,0.14945844
id02756,0.047832184,0.10432216,0.8478457
id03454,0.28680983,0.16055222,0.552638
id02195,0.19234313,0.09406151,0.71359533
id27418,0.120744385,0.85518473,0.024070933
id02733,0.85282034,0.033884678,0.113294914
id15677,0.8063037,0.031081136,0.16261514
id08204,0.84466577,0.02266398,0.13267025
id11529,0.6944773,0.08624757,0.21927516
id14000,0.07972178,0.010468718,0.90980947
id11866,0.8684617,0.059621282,0.07191699
id14084,0.08805285,0.91083604,0.0011111313
id17826,0.2982457,0.34762207,0.3541323
id07289,0.27387097,0.28091374,0.44521526
id05102,0.6270105,0.07764104,0.2953484
id14779,0.472789,0.1076267,0.41958424
id19144,0.26169565,0.70273167,0.035572637
id12372,0.103304066,0.8145356,0.082160346
id05673,0.0480929,0.95057505,0.0013320973
id07343,0.16333376,0.0051613897,0.8315048
id10390,0.059488636,0.92286634,0.017645013
id27323,0.2862398,0.06929923,0.64446104
id26483,0.67334294,0.21828245,0.108374685
id07690,0.495774,0.13853122,0.36569473
id22766,0.44040495,0.013105686,0.5464894
id10289,0.7738864,0.10858767,0.11752598
id22243,0.19305886,0.7015403,0.10540083
id24509,0.4261262,0.4838083,0.090065435
id02407,0.28597897,0.6382395,0.07578151
id08746,0.45146245,0.092756025,0.45578155
id12854,0.7033939,0.2821918,0.014414313
id25598,0.24132617,0.014247188,0.7444266
id16973,0.2706997,0.01714545,0.7121548
id20066,0.23591062,0.06479127,0.6992981
id25966,0.15983686,0.8300555,0.010107619
id21599,0.36121202,0.01619147,0.6225965
id17112,0.8267643,0.112163894,0.061071835
id01775,0.020388888,0.971895,0.0077161086
id08484,0.17365636,0.19330248,0.63304114
id12094,0.07860591,0.920256,0.0011380765
id25422,0.14245826,0.08119009,0.7763517
id25063,0.3676235,0.47019765,0.16217889
id25508,0.09494422,0.050105426,0.85495037
id01575,0.45303932,0.0089632,0.5379975
id24368,0.38155124,0.049296763,0.569152
id16823,0.0715687,0.8752978,0.053133424
id22747,0.16706294,0.76255995,0.070377156
id19321,0.2410879,0.013584655,0.7453275
id08220,0.034235865,0.9537696,0.011994469
id12296,0.39247686,0.02321598,0.58430713
id11186,0.87618595,0.05784719,0.06596686
id10551,0.11994314,0.87786806,0.002188805
id20839,0.5825012,0.17043045,0.2470684
id06118,0.66595805,0.068364896,0.26567703
id06330,0.018828716,0.95541036,0.025760947
id02669,0.35279375,0.37221533,0.27499095
id14811,0.93506426,0.060142618,0.004793102
id04728,0.5830266,0.05438903,0.36258438
id16646,0.32618332,0.002896023,0.67092067
id13018,0.04507511,0.91602975,0.038895134
id15248,0.7783126,0.21528699,0.006400314
id23476,0.100857645,0.88047194,0.018670458
id09208,0.107992455,0.8855308,0.0064767483
id19351,0.7466882,0.018950297,0.2343615
id02009,0.44198275,0.105829306,0.452188
id00785,0.5099957,0.0019351476,0.48806915
id07975,0.24070022,0.37221268,0.38708717
id17892,0.028192634,0.891729,0.08007839
id03299,0.28359675,0.40983695,0.30656636
id15351,0.1064061,0.8688031,0.02479088
id11066,0.5773134,0.1367562,0.28593045
id20485,0.3943805,0.55440325,0.051216222
id13866,0.9613223,0.015030879,0.023646891
id17335,0.17832851,0.8101158,0.011555681
id15220,0.5848964,0.10405006,0.3110535
id24047,0.7908592,0.035433274,0.17370752
id15180,0.24269968,0.4067433,0.35055706
id16921,0.19075112,0.025322609,0.7839262
id17207,0.1227567,0.009290827,0.86795247
id15068,0.60956055,0.11006469,0.28037474
id22013,0.7913226,0.040687963,0.16798942
id11929,0.5076351,0.007976045,0.48438883
id12540,0.1518681,0.83810407,0.010027798
id12582,0.5307298,0.26696545,0.2023048
id05261,0.28196898,0.6313291,0.0867019
id08471,0.8532432,0.010761744,0.13599509
id15209,0.2888896,0.5382693,0.1728411
id01148,0.5755505,0.034632068,0.38981742
id26519,0.13980706,0.011265092,0.8489279
id16510,0.6878799,0.020853473,0.29126668
id03888,0.07814036,0.88169533,0.040164337
id27926,0.35172147,0.06255417,0.58572435
id05359,0.6090398,0.028526925,0.36243334
id04274,0.89245343,0.051542763,0.056003805
id21013,0.21226463,0.3915599,0.39617547
id11443,0.41052204,0.016455054,0.5730229
id09956,0.5734715,0.07315834,0.35337022
id03138,0.47745487,0.40826416,0.11428098
id08516,0.7126065,0.026134735,0.26125878
id08608,0.14956987,0.0018168769,0.84861326
id04629,0.10568833,0.05893942,0.8353722
id19808,0.7427173,0.24708429,0.010198387
id16578,0.095808886,0.009411106,0.89478
id04607,0.06575241,0.92852885,0.0057187923
id22816,0.13170339,0.78425324,0.08404342
id27913,0.42561892,0.014642314,0.55973876
id00346,0.14648129,0.009341402,0.8441773
id02198,0.06351813,0.92387015,0.012611717
id27303,0.8629443,0.06759102,0.06946471
id07033,0.26229,0.00568266,0.73202735
id03546,0.31637666,0.30455378,0.37906954
id14709,0.95246446,0.022399819,0.025135651
id25348,0.67200714,0.043551356,0.28444156
id19596,0.39606065,0.024853846,0.57908547
id12265,0.23251781,0.19786596,0.56961626
id01054,0.4181006,0.015147734,0.5667517
id03002,0.08170206,0.009820056,0.9084779
id25624,0.9708255,0.0070453333,0.022129172
id16202,0.7265591,0.05462159,0.21881935
id08187,0.3606188,0.62522674,0.014154442
id24373,0.37612188,0.5404494,0.08342873
id06415,0.06397922,0.3677259,0.5682949
id09078,0.48115796,0.5106916,0.0081504285
id25989,0.60720927,0.0109490035,0.38184175
id05431,0.1938678,0.023674376,0.7824579
id16557,0.22216435,0.68783176,0.090003885
id22749,0.8138568,0.026315121,0.1598281
id00697,0.072740704,0.005303116,0.9219561
id22969,0.5122636,0.010720311,0.47701612
id07440,0.22541814,0.02318304,0.75139886
id19872,0.07726375,0.003387695,0.9193486
id06054,0.79227763,0.19738209,0.010340258
id27862,0.3810784,0.023485517,0.5954361
id27186,0.48757863,0.39354795,0.11887344
id01617,0.3429947,0.15550834,0.50149703
id11922,0.124216944,0.85146326,0.024319837
id15003,0.06501282,0.74113154,0.19385563
id09458,0.09985095,0.033980872,0.86616814
id03568,0.78688306,0.08897826,0.12413876
id27132,0.8645968,0.018934283,0.11646893
id24204,0.51225984,0.14820518,0.33953503
id24736,0.4594041,0.09401971,0.44657615
id06990,0.05351041,0.9379023,0.008587317
id24155,0.13653798,0.25571004,0.60775197
id22129,0.054798413,0.00559801,0.93960357
id00191,0.17275335,0.010896452,0.81635016
id05185,0.39824155,0.012908159,0.5888503
id13399,0.3082998,0.6555051,0.036195025
id20862,0.83410686,0.0805172,0.08537597
id06180,0.8526228,0.13123365,0.016143546
id27225,0.63806444,0.14292865,0.21900693
id09447,0.16179907,0.2779983,0.5602026
id18125,0.9079315,0.0058889813,0.086179525
id04010,0.12720804,0.0024209355,0.87037104
id17932,0.81251043,0.11901271,0.06847686
id17948,0.65825427,0.0019113205,0.3398344
id18545,0.124983795,0.013393309,0.86162287
id03389,0.5041909,0.4929926,0.002816388
id02487,0.12591845,0.029610371,0.8444712
id04924,0.74884444,0.23526074,0.015894802
id23553,0.19158936,0.0088477135,0.79956293
id16831,0.83337,0.0696883,0.09694177
id01296,0.9792396,0.0065723415,0.014188068
id12033,0.14082587,0.06851585,0.7906583
id06913,0.12747498,0.86816096,0.0043640845
id15715,0.24221756,0.7424485,0.01533397
id23432,0.19482978,0.036482524,0.7686877
id01152,0.5931098,0.2485765,0.15831374
id16384,0.6284706,0.124815196,0.24671422
id04060,0.27754098,0.15391956,0.56853944
id21604,0.6499944,0.27571252,0.07429312
id11212,0.114795506,0.008283844,0.87692064
id26589,0.113263704,0.02641437,0.86032194
id15858,0.7721338,0.15122771,0.07663848
id02814,0.05589981,0.7884314,0.15566882
id18347,0.49285936,0.05154274,0.4555979
id02517,0.25594756,0.0497572,0.6942953
id20800,0.780481,0.0768266,0.14269245
id16428,0.5693322,0.19088872,0.23977908
id23844,0.84414595,0.015658608,0.14019544
id11149,0.0190876,0.96007127,0.02084115
id12505,0.06201797,0.8738703,0.064111724
id10850,0.6011999,0.37256515,0.026234927
id05706,0.43919927,0.054544434,0.5062563
id23216,0.06377505,0.22743085,0.7087941
id16618,0.4159137,0.004387326,0.579699
id04283,0.19370094,0.7840782,0.022220876
id20374,0.17930256,0.007845376,0.8128521
id07227,0.059891745,0.9286665,0.011441709
id06396,0.7462376,0.06476129,0.18900113
id08884,0.65103245,0.006901126,0.34206638
id10983,0.88134634,0.00414167,0.114511944
id07296,0.28675136,0.41753924,0.29570943
id17683,0.35291556,0.20787397,0.4392105
id26473,0.19847079,0.011370507,0.7901586
id06454,0.04347966,0.002512351,0.95400804
id19166,0.6756409,0.0028627838,0.32149628
id08406,0.32146183,0.36833292,0.31020528
id25126,0.20807853,0.013892827,0.7780286
id27593,0.51469386,0.014837912,0.47046825
id24613,0.23052806,0.087056436,0.6824155
id26586,0.5410478,0.039021514,0.4199307
id25719,0.17035536,0.20131661,0.628328
id05015,0.45333782,0.02690787,0.51975435
id01594,0.5326454,0.048254482,0.4191001
id01522,0.13204677,0.43636048,0.43159273
id06935,0.7408991,0.13921082,0.119890094
id01975,0.09915191,0.010837692,0.8900104
id20847,0.04388914,0.013126533,0.9429843
id24960,0.17373668,0.012251953,0.8140114
id27808,0.3925526,0.6003275,0.00711998
id25463,0.68497944,0.18530735,0.12971325
id11367,0.7592832,0.16834699,0.072369784
id02273,0.19473988,0.2879123,0.5173478
id02167,0.776208,0.08811469,0.13567737
id08352,0.11699557,0.8811069,0.0018975319
id26928,0.24031143,0.28579524,0.4738934
id04224,0.93726045,0.060247097,0.0024924688
id00462,0.28823456,0.7018131,0.00995234
id16591,0.112877145,0.68540573,0.20171714
id06982,0.07644737,0.9070842,0.016468447
id24880,0.0943832,0.8790207,0.02659602
id27479,0.083834656,0.10942112,0.8067442
id16556,0.7019417,0.1642211,0.13383716
id15231,0.4250822,0.20520532,0.3697125
id14694,0.53969884,0.11485242,0.34544873
id01114,0.69866073,0.12649223,0.174847
id18694,0.2699963,0.38259614,0.34740758
id25551,0.49365258,0.02058548,0.48576197
id23478,0.37896225,0.002910416,0.61812735
id22780,0.7139543,0.055893928,0.23015176
id06602,0.41395748,0.51229364,0.07374886
id05176,0.021302829,0.9777518,0.00094539695
id15450,0.30334228,0.06111082,0.63554686
id16956,0.10570254,0.00742239,0.8868751
id23532,0.16872242,0.63830817,0.19296947
id22688,0.12817512,0.0022988324,0.869526
id12898,0.48922232,0.44511586,0.06566173
id21525,0.85606843,0.05553418,0.0883974
id13576,0.50955,0.10261548,0.38783452
id07080,0.33231822,0.26722082,0.400461
id25397,0.9140503,0.074101396,0.011848277
id08383,0.3055955,0.61675495,0.077649586
id08285,0.9384744,0.020372326,0.041153233
id10323,0.5985578,0.024489243,0.37695307
id10441,0.5375387,0.43213543,0.03032586
id26298,0.1909704,0.016512543,0.79251707
id13531,0.46918914,0.49459553,0.036215328
id03191,0.6571166,0.12624232,0.21664116
id19771,0.25127953,0.6764106,0.07230987
id03275,0.809173,0.087650426,0.10317663
id11616,0.29088426,0.038789704,0.67032605
id03117,0.044024106,0.9262313,0.029744595
id08054,0.45039025,0.012664787,0.536945
id15303,0.67318386,0.12704457,0.19977161
id02470,0.11275841,0.034096774,0.8531448
id01452,0.73805076,0.17676362,0.08518564
id11934,0.041166868,0.8374227,0.12141042
id00258,0.4914432,0.07507144,0.43348536
id27905,0.803965,0.024253942,0.17178106
id23897,0.2537827,0.63941294,0.10680446
id02334,0.07377914,0.9001316,0.026089301
id07638,0.8776242,0.03774051,0.08463529
id13181,0.50483227,0.06828827,0.42687944
id01284,0.86043996,0.0066210655,0.13293897
id27402,0.86363566,0.021099238,0.11526513
id14742,0.08598009,0.007719471,0.9063004
id12370,0.2881434,0.4960472,0.21580942
id19048,0.6049471,0.10772213,0.2873308
id08388,0.2647821,0.07255548,0.6626624
id19205,0.73787236,0.25575003,0.006377615
id04851,0.092732735,0.011677209,0.89559007
id16478,0.59648436,0.25698355,0.14653209
id06806,0.05466381,0.9402752,0.005060996
id13659,0.21668395,0.32043365,0.46288243
id09861,0.11487563,0.54723877,0.33788562
id05986,0.025677662,0.97395355,0.0003687846
id15844,0.12750986,0.6974372,0.17505291
id05900,0.7347737,0.015841745,0.24938455
id20409,0.8625048,0.12510793,0.01238736
id08751,0.2378717,0.6816988,0.08042949
id22617,0.3044872,0.27703577,0.41847712
id13064,0.26095447,0.0050334404,0.7340121
id14506,0.06723036,0.16486017,0.76790947
id05783,0.35041764,0.051315002,0.5982674
id23139,0.06560351,0.017197466,0.9171991
id04770,0.9349993,0.0018298202,0.063170895
id11775,0.76844025,0.021377342,0.21018246
id12936,0.14956094,0.013092441,0.8373466
id20522,0.16264822,0.8291275,0.008224296
id22929,0.94409907,0.0069051143,0.048995823
id11357,0.50811887,0.1796777,0.3122034
id10028,0.07828698,0.60033673,0.32137632
id10617,0.4056034,0.050990805,0.5434058
id23988,0.98524797,0.0016524654,0.013099588
id20434,0.16565062,0.065203145,0.76914626
id06611,0.09800765,0.00558603,0.89640635
id18405,0.18412821,0.7531947,0.06267706
id27427,0.4522618,0.25687444,0.29086378
id16168,0.081525944,0.8599535,0.058520574
id02139,0.23604143,0.7604643,0.0034942427
id18654,0.116429746,0.84634805,0.037222266
id24598,0.71818644,0.24638738,0.03542621
id23360,0.010019617,0.98287547,0.0071049724
id06220,0.1058577,0.83385587,0.06028646
id26411,0.8389025,0.020078963,0.14101854
id27660,0.46267298,0.20000382,0.3373232
id07192,0.18369617,0.0050065345,0.8112973
id18074,0.078611664,0.0063858405,0.9150025
id11784,0.30087996,0.66957164,0.02954849
id04810,0.41217548,0.009395202,0.5784293
id01716,0.85117334,0.07681058,0.07201607
id27584,0.5321242,0.03208162,0.43579414
id25409,0.17165618,0.08922815,0.73911566
id06430,0.50395703,0.298184,0.19785897
id11135,0.90972424,0.0874529,0.002822861
id27712,0.4150367,0.076325536,0.5086378
id27233,0.59572583,0.30871916,0.09555504
id13522,0.6558299,0.034453563,0.3097165
id11625,0.05976993,0.0025279704,0.9377021
id03246,0.20157403,0.72165513,0.07677083
id05341,0.36080492,0.6110586,0.028136509
id22061,0.04663835,0.0022019048,0.9511598
id03170,0.7995618,0.09723495,0.10320326
id09768,0.29332024,0.25892136,0.4477584
id20721,0.46765494,0.14991005,0.38243502
id14854,0.5780669,0.0798733,0.3420598
id01123,0.94739956,0.032134555,0.020465897
id00842,0.7256583,0.2593106,0.015031171
id11035,0.72970206,0.009096327,0.26120162
id19301,0.03912607,0.93597955,0.02489434
id06409,0.32628238,0.51866806,0.15504952
id09883,0.67245734,0.007404957,0.3201377
id04218,0.26440936,0.20471917,0.53087145
id25171,0.07209509,0.008130422,0.9197745
id13394,0.19391438,0.16229865,0.64378697
id14322,0.7597499,0.005005455,0.23524465
id17623,0.31183442,0.11824347,0.56992215
id16980,0.6763708,0.13534874,0.18828048
id22634,0.4087416,0.042175647,0.54908276
id03773,0.78812027,0.0032524755,0.20862725
id20243,0.061805688,0.7073287,0.23086567
id12135,0.078104995,0.8680568,0.053838223
id11727,0.891944,0.04086997,0.067186065
id06460,0.27145836,0.52222866,0.20631303
id23515,0.85195404,0.09643041,0.051615477
id16908,0.14659819,0.14022692,0.71317494
id10641,0.54990876,0.43437684,0.015714385
id22637,0.3897651,0.01938632,0.5908486
id19724,0.8730786,0.11208877,0.014832641
id12295,0.12190789,0.8754178,0.0026742946
id18977,0.31696334,0.023073135,0.6599635
id27456,0.34549797,0.58058125,0.073920816
id02223,0.8467841,0.018381922,0.13483387
id06374,0.39618808,0.046323474,0.55748844
id13746,0.42068106,0.010459798,0.56885916
id24107,0.38241515,0.039856132,0.57772875
id09075,0.08709679,0.037113942,0.8757893
id06741,0.44969556,0.013401775,0.53690267
id25474,0.5991549,0.019813042,0.38103205
id02497,0.80967724,0.010495354,0.17982733
id21878,0.7842536,0.10182223,0.11392419
id23199,0.09821969,0.02378935,0.877991
id12018,0.9441956,0.048524637,0.007279768
id20722,0.11300868,0.007908527,0.8790828
id05372,0.2631192,0.630882,0.10599878
id07964,0.62884384,0.11850292,0.2526532
id02393,0.09144117,0.013668052,0.8948908
id10923,0.271011,0.016015327,0.7129737
id01260,0.58378726,0.33869606,0.07751673
id09037,0.14013001,0.002307409,0.85756254
id01477,0.42237562,0.34975588,0.22786848
id11164,0.7285694,0.010443353,0.26098725
id20313,0.6563314,0.2540597,0.08960893
id20067,0.13786373,0.01389921,0.8482371
id17248,0.87100387,0.07380192,0.05519417
id24557,0.18174678,0.02916661,0.78908664
id26745,0.6578785,0.012287119,0.32983434
id16759,0.13227628,0.0061079464,0.8616157
id22382,0.78618515,0.14457999,0.069234885
id18404,0.11668797,0.08667281,0.79663926
id23761,0.05110706,0.0016075224,0.94728535
id00511,0.16129181,0.67180824,0.1669
id15560,0.9117213,0.07732746,0.010951312
id04834,0.8146383,0.01497902,0.17038268
id26796,0.7099302,0.060536865,0.22953297
id14809,0.20167325,0.0057406174,0.79258615
id15091,0.3409204,0.019819738,0.6392599
id14861,0.5159691,0.41733474,0.06669623
id21193,0.3791474,0.23958182,0.3812708
id20331,0.17631555,0.82247186,0.0012126197
id17847,0.107677795,0.6842097,0.20811251
id00795,0.90234494,0.003553338,0.09410176
id22651,0.74416804,0.014353942,0.24147804
id22803,0.91427994,0.054799642,0.03092046
id01714,0.85870063,0.003495632,0.13780375
id05350,0.25058228,0.06509755,0.6843202
id08674,0.6922047,0.082712434,0.22508287
id04427,0.20144698,0.79324466,0.005308428
id17815,0.14316894,0.85461104,0.0022200316
id22270,0.71172804,0.053454384,0.23481761
id11183,0.32800624,0.033540685,0.63845307
id00326,0.48324203,0.09397854,0.42277944
id00382,0.9199202,0.07536431,0.0047154743
id11557,0.23900975,0.004749538,0.7562407
id20271,0.6429077,0.16034526,0.19674708
id05133,0.80744123,0.01272387,0.17983492
id14597,0.3338827,0.6569103,0.009207048
id21411,0.08832413,0.7056633,0.20601255
id15375,0.1784104,0.020568846,0.8010208
id10172,0.16215405,0.02191438,0.81593156
id13524,0.8245725,0.017130177,0.15829724
id26331,0.77153224,0.014325633,0.21414216
id20167,0.21736708,0.00936115,0.77327174
id03249,0.02482758,0.9481696,0.027002772
id15839,0.5281717,0.026193602,0.44563472
id27200,0.177577,0.82150877,0.0009142615
id15847,0.20287614,0.018089999,0.7790339
id07249,0.17854324,0.78187776,0.039579052
id19494,0.7222828,0.018064348,0.25965285
id01388,0.4096941,0.21886556,0.37144038
id22045,0.072899655,0.0020434118,0.92505693
id09111,0.6400628,0.20096263,0.15897454
id04011,0.14469999,0.5595885,0.29571152
id26410,0.07430955,0.9235814,0.0021090293
id19614,0.705439,0.11254701,0.18201405
id10183,0.14449932,0.8537531,0.0017475866
id20388,0.167979,0.0047955415,0.82722545
id16498,0.9335609,0.013046221,0.053392917
id18488,0.05391333,0.010762304,0.9353243
id11018,0.08031018,0.8142786,0.10541122
id16185,0.92431736,0.010563196,0.06511946
id23501,0.67324555,0.17047265,0.15628183
id02837,0.33590007,0.011876107,0.6522239
id05544,0.3348657,0.45254037,0.21259391
id22784,0.33602318,0.016591316,0.6473855
id15404,0.14829233,0.020195749,0.83151186
id13010,0.85088295,0.0056168255,0.14350025
id22169,0.048303995,0.9244274,0.027268631
id16438,0.058448806,0.017834587,0.92371655
id20464,0.45188126,0.014891965,0.5332268
id26306,0.83692265,0.040189225,0.122888155
id15995,0.5106543,0.15871556,0.33063018
id26068,0.4347023,0.019792559,0.54550517
id19348,0.19323687,0.73051566,0.076247536
id04196,0.42021596,0.30198747,0.27779663
id13002,0.12531228,0.762029,0.11265877
id25650,0.46250463,0.46841368,0.069081664
id17598,0.17689468,0.80802864,0.015076724
id10079,0.62747425,0.11368719,0.2588386
id10094,0.08806397,0.78260946,0.12932658
id05918,0.59108627,0.09955517,0.3093586
id18747,0.84487504,0.018109113,0.1370159
id15571,0.3198816,0.66897315,0.011145294
id16113,0.2613248,0.01466396,0.72401124
id02316,0.49794722,0.07582393,0.42622888
id09545,0.8347964,0.13373886,0.03146474
id13878,0.43836465,0.008571826,0.5530636
id07476,0.7351519,0.11694436,0.14790373
id20103,0.38970542,0.043553274,0.5667413
id27367,0.19883674,0.014844591,0.78631866
id25668,0.42764437,0.018131439,0.5542242
id09680,0.9913374,0.0032426752,0.005419864
id00500,0.15813686,0.6577032,0.18415992
id06110,0.40125987,0.015765011,0.5829751
id15804,0.11344815,0.883667,0.0028848443
id03223,0.12605037,0.86120087,0.0127488
id02039,0.19639874,0.7048458,0.098755494
id09795,0.13758339,0.0880747,0.7743419
id10808,0.32118484,0.0034990292,0.6753161
id10134,0.029175377,0.8207668,0.15005776
id14361,0.68002,0.16073215,0.15924789
id15881,0.4134585,0.03315255,0.55338895
id27120,0.2713789,0.023858001,0.7047631
id09860,0.28657302,0.49879372,0.21463329
id11959,0.024449835,0.921964,0.05358619
id25770,0.03383918,0.90395147,0.0622094
id24364,0.28950128,0.6965151,0.013983614
id22944,0.9348229,0.0019023529,0.063274726
id04345,0.9119012,0.057168353,0.030930497
id05127,0.21808743,0.09388988,0.6880227
id01779,0.0898394,0.0038664343,0.90629417
id05559,0.8845167,0.0075486563,0.107934624
id14474,0.8730704,0.0019248127,0.12500474
id13283,0.8377776,0.032452457,0.12976986
id03301,0.5460937,0.021910595,0.4319957
id16939,0.033299174,0.9645113,0.002189626
id01166,0.015333308,0.9532815,0.03138519
id16766,0.8349604,0.0017462358,0.16329336
id04338,0.8304302,0.14175804,0.027811777
id12731,0.9299803,0.0025616002,0.06745806
id08988,0.0693542,0.9263643,0.004281547
id08236,0.05897288,0.9367894,0.0042377017
id03309,0.3523339,0.14407118,0.503595
id16458,0.5612806,0.09965411,0.33906528
id02442,0.59411776,0.38107103,0.024811227
id25767,0.36300266,0.0023915682,0.63460577
id17357,0.44674277,0.46487933,0.08837787
id08627,0.23873414,0.41058663,0.35067928
id19488,0.56543297,0.02370573,0.41086134
id18345,0.5277381,0.20989409,0.26236784
id10661,0.60946834,0.054731026,0.33580062
id01713,0.18660645,0.7331939,0.08019968
id26237,0.3841823,0.6136219,0.0021958437
id08062,0.37234688,0.5964995,0.031153606
id01497,0.07938235,0.8505287,0.0700889
id07590,0.7376534,0.24690202,0.015444657
id06299,0.21786354,0.041460875,0.74067557
id02770,0.26163882,0.0042186854,0.73414254
id19197,0.055119596,0.011236565,0.9336439
id16572,0.8290358,0.12611657,0.044847652
id04518,0.06092799,0.8797295,0.059342485
id09316,0.47049633,0.5162347,0.0132689765
id17533,0.18679075,0.061244667,0.75196457
id13494,0.41392523,0.15212595,0.4339488
id10024,0.8431692,0.15135656,0.0054742666
id19896,0.78665453,0.060957205,0.15238829
id10956,0.9457027,0.049127,0.0051703686
id08458,0.14318225,0.85510796,0.001709813
id09066,0.6747537,0.041665766,0.28358048
id26608,0.7521002,0.033828616,0.21407114
id20977,0.23780008,0.29455942,0.46764055
id21587,0.20586511,0.42785677,0.36627814
id19928,0.17440744,0.0020294825,0.8235631
id19077,0.3484161,0.43881583,0.2127681
id06865,0.17075002,0.0046423473,0.8246076
id15224,0.12848073,0.0024697548,0.8690495
id09036,0.18302473,0.7800268,0.036948446
id04885,0.80045307,0.1943955,0.0051514567
id06619,0.083292805,0.90958387,0.0071233483
id20211,0.0760393,0.9071014,0.016859304
id23985,0.3910415,0.4741395,0.13481902
id17048,0.81971854,0.07550474,0.10477678
id11272,0.61211777,0.0066945893,0.38118768
id16998,0.19646768,0.087160714,0.71637166
id16506,0.05721034,0.08508981,0.8576998
id11558,0.37454125,0.030149573,0.59530914
id04913,0.3150891,0.011321275,0.67358965
id10308,0.10243568,0.025523169,0.87204117
id15956,0.27597335,0.3639577,0.36006895
id21350,0.052432213,0.92170054,0.025867263
id09246,0.68404555,0.1576301,0.15832433
id00753,0.46802336,0.057278894,0.47469774
id08101,0.076790094,0.8288025,0.09440732
id26853,0.063257344,0.8813797,0.055362944
id22044,0.07873324,0.9163058,0.004960964
id27234,0.6978951,0.014427882,0.28767702
id18357,0.3176105,0.66471016,0.017679363
id24187,0.89966464,0.0120790815,0.08825627
id23934,0.35678375,0.022520691,0.62069553
id21378,0.11414838,0.88166374,0.004187908
id12777,0.29080155,0.12043502,0.5887634
id11493,0.16984223,0.0047110417,0.8254467
id12824,0.30179,0.2248744,0.47333562
id22565,0.27140242,0.7234789,0.0051186956
id02996,0.1954606,0.1276241,0.67691535
id26154,0.85264975,0.095338225,0.052011963
id22710,0.8468067,0.05439952,0.098793805
id19389,0.23487763,0.6731697,0.091952726
id19539,0.22069173,0.09982023,0.67948806
id17345,0.39854625,0.5965386,0.0049151187
id16938,0.6813356,0.1299717,0.18869266
id05670,0.76796716,0.031115068,0.20091784
id12991,0.44363323,0.011753356,0.5446134
id26819,0.07969884,0.91610813,0.0041929963
id02679,0.39662263,0.023894757,0.5794826
id11334,0.38704678,0.03475729,0.5781959
id18553,0.8112873,0.16927579,0.01943697
id27899,0.66145486,0.10640933,0.2321358
id20569,0.14219888,0.83057576,0.027225401
id00759,0.11836206,0.7173085,0.16432944
id13013,0.49142087,0.13749936,0.3710798
id06798,0.7606017,0.020709533,0.21868885
id04524,0.098880075,0.82831705,0.07280287
id19026,0.35538998,0.036518723,0.6080913
id17376,0.13630229,0.00936194,0.8543358
id21794,0.09313356,0.0042706206,0.9025958
id22720,0.12761267,0.46315515,0.40923223
id26054,0.16574739,0.008193857,0.8260588
id01050,0.056529276,0.7548775,0.18859325
id11917,0.8139011,0.04024569,0.1458532
id12706,0.69135606,0.1343531,0.1742908
id18796,0.160354,0.16188811,0.67775786
id10096,0.1033045,0.0020994698,0.89459604
id27514,0.3435001,0.10084669,0.5556532
id22130,0.73011094,0.023264006,0.2466251
id23378,0.8701945,0.05639546,0.07341003
id27306,0.8232769,0.16142169,0.01530135
id25914,0.10982544,0.069503196,0.8206714
id05461,0.822643,0.040047307,0.13730972
id24782,0.52405655,0.33585647,0.14008701
id11890,0.028455403,0.9660739,0.0054707304
id23405,0.13485403,0.58264136,0.28250462
id15919,0.12836924,0.44269755,0.42893317
id08430,0.6887108,0.030259842,0.28102934
id16328,0.29063112,0.07130921,0.6380597
id16599,0.7853923,0.08507448,0.12953322
id25407,0.093708,0.4670259,0.43926612
id10786,0.68817943,0.0047981446,0.30702242
id08935,0.8438686,0.14001256,0.016118845
id24742,0.848658,0.005371764,0.1459702
id15921,0.735707,0.11343194,0.15086105
id21816,0.06971961,0.017270051,0.91301036
id06235,0.15546152,0.83632344,0.008215056
id00527,0.87208635,0.12086717,0.0070464853
id17349,0.25647357,0.002843605,0.74068284
id05356,0.8248473,0.12508179,0.05007092
id13287,0.093937516,0.8763663,0.029696183
id09044,0.66548395,0.02283842,0.31167766
id09374,0.38122734,0.3888413,0.22993132
id25625,0.7406545,0.25372353,0.005621929
id03201,0.12603496,0.546536,0.327429
id02709,0.9873285,0.0062862346,0.006385228
id08914,0.2217535,0.10422598,0.6740206
id15753,0.4553571,0.02486266,0.5197803
id20125,0.24045576,0.756002,0.0035422521
id20784,0.9495571,0.030050239,0.020392666
id26248,0.10707038,0.2142385,0.6786911
id10016,0.41210276,0.08776317,0.5001341
id18793,0.6972231,0.09912898,0.20364791
id04562,0.30247214,0.5768008,0.12072704
id25106,0.28101623,0.009397683,0.70958614
id00536,0.95521617,0.0052223806,0.03956147
id01946,0.33976358,0.1419374,0.518299
id18369,0.5184683,0.39174283,0.08978886
id07345,0.19957915,0.79234356,0.008077299
id27752,0.6363001,0.009718484,0.35398147
id21463,0.08325757,0.8881375,0.028604947
id18922,0.2936438,0.020606969,0.68574923
id17166,0.26136732,0.73589176,0.0027409636
id07458,0.08210554,0.9071875,0.010706982
id01801,0.16164403,0.038772963,0.799583
id10529,0.94881445,0.0338921,0.017293494
id08774,0.20955642,0.5426199,0.24782372
id22292,0.12756652,0.27064413,0.60178936
id14044,0.7198816,0.09410571,0.18601274
id20234,0.17500208,0.81834036,0.0066575725
id26960,0.7679959,0.0046521947,0.22735193
id20809,0.53097093,0.38308796,0.08594111
id20365,0.81156766,0.056592807,0.13183945
id09182,0.55080914,0.24395806,0.20523277
id27671,0.7402096,0.1120281,0.14776234
id26438,0.540385,0.3509491,0.10866588
id22712,0.3510515,0.6387836,0.010164902
id13988,0.40498507,0.0023023451,0.5927126
id01727,0.8550979,0.0021403763,0.14276172
id27147,0.69537574,0.0495193,0.25510502
id23213,0.12852013,0.8682554,0.0032245158
id21969,0.10040598,0.48382902,0.41576505
id12062,0.7724476,0.17235637,0.055196103
id26579,0.53263366,0.21869919,0.24866714
id20568,0.4948976,0.22461164,0.2804908
id04399,0.46327758,0.017115535,0.5196069
id26756,0.27171484,0.40789226,0.32039288
id04580,0.13111265,0.044467475,0.82441986
id16349,0.3258071,0.52642983,0.1477631
id23583,0.036432397,0.9562664,0.007301184
id14643,0.7683953,0.04398958,0.18761504
id22604,0.39173236,0.2286629,0.37960473
id25973,0.04477566,0.9480423,0.0071820626
id07553,0.4644961,0.062770694,0.47273326
id05614,0.40966457,0.46842304,0.121912375
id15320,0.5370278,0.017543143,0.44542912
id01016,0.27306318,0.0022225785,0.7247142
id11463,0.074025184,0.9250021,0.00097275217
id18655,0.35992613,0.63292503,0.0071488647
id22527,0.14570823,0.022730237,0.83156157
id05458,0.11403987,0.8786777,0.0072823195
id08802,0.12755474,0.020530278,0.85191494
id11573,0.6176086,0.12008018,0.26231125
id16935,0.26762226,0.03635162,0.6960261
id27417,0.16168255,0.0105837155,0.82773376
id27781,0.70910776,0.22512788,0.065764345
id21873,0.8928233,0.021474145,0.085702576
id20624,0.17272767,0.005244015,0.82202834
id19660,0.17479318,0.7713649,0.05384191
id03783,0.879986,0.04760386,0.07241022
id22172,0.021124056,0.8051572,0.17371877
id20709,0.84366214,0.13598667,0.020351259
id12524,0.6789467,0.046474412,0.2745789
id27650,0.056510195,0.94197047,0.0015193558
id09501,0.085729435,0.6693934,0.24487717
id20840,0.18041386,0.7212571,0.09832908
id09960,0.17715171,0.034534752,0.7883135
id13916,0.15731604,0.001328224,0.84135574
id00249,0.264893,0.00085137004,0.7342556
id02540,0.6778959,0.0059282915,0.31617582
id23326,0.18956202,0.008249848,0.8021881
id14632,0.88050544,0.059105515,0.0603891
id25512,0.5108677,0.28706098,0.20207128
id10628,0.9515082,0.023110218,0.025381612
id08490,0.12221098,0.8532975,0.024491522
id09084,0.68642807,0.041062493,0.27250946
id27553,0.116987824,0.86950946,0.013502706
id20930,0.117555246,0.8692587,0.013186114
id21337,0.5259859,0.034321856,0.4396923
id25537,0.09127926,0.08194215,0.8267786
id27349,0.43230933,0.05116768,0.516523
id25655,0.13337256,0.79148275,0.07514472
id26464,0.6577465,0.3307357,0.011517846
id00599,0.51965487,0.008117199,0.47222793
id06964,0.2505867,0.74592507,0.0034882172
id21875,0.36550143,0.13656123,0.49793735
id27488,0.75696725,0.09982724,0.14320554
id07980,0.08962358,0.027041595,0.8833349
id12995,0.19246791,0.03479098,0.77274114
id08094,0.17195897,0.041598596,0.78644246
id02134,0.6316599,0.099602096,0.268738
id14311,0.24367425,0.5790048,0.17732093
id06514,0.8796775,0.035157178,0.08516533
id19775,0.0631316,0.01051435,0.92635405
id18618,0.13420546,0.5829619,0.28283262
id26593,0.854352,0.009426334,0.1362217
id11975,0.049200088,0.84526104,0.105538845
id07853,0.13961604,0.06300675,0.79737717
id16848,0.8049769,0.1529402,0.04208291
id11595,0.039616268,0.95095104,0.00943269
id24777,0.63231933,0.069504164,0.2981765
id07824,0.8833246,0.0053560357,0.111319415
id23007,0.056097444,0.09835798,0.8455446
id04805,0.15762039,0.08024951,0.7621301
id00504,0.5137978,0.4628197,0.023382457
id24331,0.19873932,0.74129623,0.059964452
id03914,0.1942199,0.048194904,0.7575852
id16299,0.9356199,0.011415354,0.052964788
id05565,0.43663695,0.51574165,0.047621373
id27934,0.055288125,0.9228803,0.02183161
id17027,0.76031905,0.14216387,0.09751705
id02785,0.5084871,0.31033903,0.18117392
id16094,0.6680513,0.22442572,0.107523
id22435,0.2299303,0.009873229,0.7601965
id10586,0.20245475,0.07340037,0.7241449
id06467,0.12627636,0.85164034,0.022083277
id18227,0.5668127,0.010732022,0.4224553
id02286,0.11219997,0.7294954,0.15830462
id07393,0.5558009,0.1763483,0.26785073
id11640,0.2043411,0.123848416,0.6718105
id15718,0.7169159,0.018571688,0.26451245
id23756,0.108264014,0.8889505,0.00278547
id14564,0.14504594,0.002978168,0.8519759
id24963,0.61352074,0.01454179,0.3719375
id03069,0.5230352,0.01875619,0.4582086
id24648,0.47364208,0.508392,0.017965969
id15920,0.30016965,0.20317933,0.4966511
id11255,0.55627185,0.03175264,0.41197556
id00544,0.6319578,0.27547598,0.09256621
id13211,0.6904192,0.04336796,0.26621285
id26285,0.4008948,0.08466017,0.514445
id19879,0.27782306,0.111947894,0.610229
id21440,0.42941743,0.0135168005,0.5570658
id09539,0.1187177,0.00887612,0.87240624
id10781,0.055839304,0.93824506,0.0059156707
id06557,0.2105849,0.007760972,0.7816541
id16747,0.34138793,0.026550919,0.6320612
id14358,0.04567307,0.9345485,0.019778486
id05250,0.55302685,0.031153973,0.41581914
id02390,0.39484438,0.458475,0.1466806
id14790,0.5766784,0.13412721,0.28919443
id14355,0.5515352,0.3363041,0.11216066
id23157,0.66195726,0.0056769378,0.33236584
id20324,0.28142002,0.14626636,0.5723136
id01870,0.068076886,0.9308668,0.0010563993
id01079,0.051528964,0.92957,0.01890099
id03392,0.6457289,0.10629099,0.2479801
id22758,0.7805024,0.005703001,0.21379463
id05599,0.6148777,0.013089548,0.3720328
id07189,0.12305191,0.012941109,0.864007
id13364,0.9011548,0.0039510825,0.0948941
id00902,0.23386139,0.723958,0.042180583
id07164,0.35534212,0.25998974,0.38466814
id27290,0.36259705,0.05028497,0.58711797
id18931,0.8890807,0.109556235,0.0013630423
id22165,0.4092679,0.49851593,0.09221618
id14677,0.10220923,0.89336103,0.004429781
id18987,0.4260495,0.010902894,0.5630476
id13143,0.12102247,0.87438023,0.0045972965
id18589,0.3936829,0.055455714,0.55086136
id01635,0.031277288,0.9320844,0.03663834
id02661,0.07604771,0.919185,0.004767245
id12463,0.06067927,0.9326444,0.006676346
id18461,0.4784363,0.026008248,0.4955555
id12709,0.61711574,0.053009268,0.329875
id11957,0.17714308,0.8137197,0.009137239
id13040,0.5136815,0.10364975,0.3826688
id03953,0.54031605,0.042465724,0.4172182
id02623,0.5137461,0.40620822,0.08004574
id21479,0.18656573,0.014229216,0.79920506
id06976,0.08140935,0.9081007,0.010489952
id18721,0.5233127,0.24029295,0.23639436
id12043,0.104267195,0.007124112,0.8886087
id16526,0.095771745,0.9010907,0.0031375734
id03184,0.4472179,0.008040501,0.54474163
id23194,0.5684236,0.08452989,0.3470465
id17544,0.39983717,0.37325835,0.22690448
id17314,0.26442394,0.0277682,0.7078079
id17306,0.6160676,0.030240936,0.35369152
id11044,0.54495573,0.018867169,0.4361771
id22762,0.92862034,0.036752556,0.03462713
id02797,0.31443503,0.21812207,0.46744287
id13340,0.062836066,0.004733154,0.9324308
id08131,0.754192,0.18927497,0.05653312
id24181,0.042811427,0.95274186,0.004446674
id20359,0.7670754,0.19492015,0.038004413
id14736,0.074639805,0.9220413,0.0033189114
id09362,0.72814035,0.25213054,0.019729115
id07987,0.06663423,0.006067691,0.92729807
id01664,0.45618537,0.53962153,0.0041931244
id00096,0.81308347,0.09706157,0.08985498
id01475,0.14234295,0.0031919493,0.85446507
id04020,0.23425949,0.012121779,0.7536187
id09617,0.6365478,0.013458544,0.34999362
id13098,0.7267298,0.035274636,0.23799562
id19010,0.021114796,0.9669945,0.011890686
id12754,0.66721606,0.01186766,0.32091632
id25238,0.46771783,0.009740409,0.5225418
id14896,0.44583738,0.008977135,0.5451855
id16827,0.29717323,0.028707461,0.6741193
id11685,0.236742,0.06351633,0.69974166
id10496,0.4366407,0.0070645357,0.55629474
id08073,0.30430138,0.074354105,0.62134457
id08504,0.1765659,0.037379693,0.78605443
id25872,0.19926466,0.010316004,0.79041934
id09498,0.88862526,0.07742006,0.033954695
id23890,0.06609539,0.92996037,0.0039442205
id15065,0.190954,0.041481744,0.76756424
id11197,0.21158108,0.5551331,0.23328584
id02832,0.13783535,0.7389713,0.12319336
id26969,0.93608886,0.011332197,0.052578952
id25442,0.25836176,0.02356082,0.7180774
id09727,0.07451854,0.31689095,0.6085905
id18592,0.1937885,0.0066977865,0.7995137
id11442,0.94203556,0.005450456,0.052514017
id22071,0.49765638,0.044104863,0.45823875
id09700,0.20962265,0.005617711,0.78475964
id20265,0.8341563,0.007146732,0.15869704
id23687,0.9282482,0.019511316,0.052240483
id01055,0.19209997,0.79993427,0.007965777
id08519,0.5934586,0.12947741,0.27706406
id05922,0.5146138,0.4722362,0.013150036
id02918,0.2778742,0.6866966,0.035429228
id14502,0.81638515,0.009541661,0.17407323
id01642,0.15789525,0.027469916,0.81463486
id21251,0.70369,0.27255806,0.023751983
id09673,0.20561934,0.04742591,0.7469548
id17837,0.105144136,0.24126564,0.6535902
id24245,0.8928332,0.017020848,0.09014604
id15837,0.5267236,0.0389463,0.4343301
id13077,0.10015173,0.03530278,0.8645455
id23079,0.4545151,0.37552053,0.16996433
id12938,0.07719382,0.20387574,0.7189305
id12144,0.10412972,0.03184317,0.86402714
id06882,0.7075575,0.0068424586,0.28560007
id06354,0.16033739,0.0020124456,0.8376502
id23573,0.4794887,0.013575506,0.50693583
id13800,0.19980687,0.0014067705,0.7987863
id26115,0.31748056,0.25134712,0.43117234
id21179,0.39875486,0.003811246,0.5974339
id00125,0.95015824,0.00880208,0.041039653
id22600,0.3689337,0.2606887,0.37037766
id15726,0.23774824,0.014944847,0.7473069
id08078,0.41226712,0.4661345,0.12159845
id20091,0.07215958,0.92555517,0.0022852775
id00026,0.7540674,0.21227947,0.033653155
id03698,0.802452,0.04684535,0.15070266
id09198,0.73591894,0.011918277,0.2521628
id12520,0.25629175,0.54575807,0.19795023
id16277,0.43261147,0.004257773,0.56313074
id17964,0.109099574,0.015840556,0.87505984
id24040,0.20363244,0.68535686,0.11101076
id17613,0.59300524,0.21847424,0.18852057
id00157,0.558202,0.076211326,0.3655866
id10012,0.6102203,0.0056695463,0.38411015
id02419,0.07609509,0.017466836,0.9064381
id05562,0.5137724,0.0068711215,0.47935647
id09049,0.1817863,0.7353104,0.08290335
id24915,0.4697189,0.47991973,0.050361365
id02808,0.073494524,0.20143175,0.72507375
id00167,0.89914995,0.009910922,0.0909391
id13451,0.92726547,0.04630128,0.02643325
id24775,0.7923607,0.123305514,0.08433377
id10240,0.21513093,0.77926886,0.0056002387
id24597,0.56186175,0.1247272,0.31341103
id15364,0.1813852,0.8019226,0.016692204
id13191,0.11039427,0.71635467,0.17325106
id09592,0.2568245,0.025175799,0.7179997
id12083,0.3557801,0.20133635,0.44288358
id23492,0.2392883,0.11685493,0.64385676
id06816,0.35912555,0.01671471,0.62415975
id16971,0.60648966,0.063767664,0.3297427
id05675,0.9458375,0.024694066,0.029468467
id23037,0.25408873,0.0005601761,0.7453511
id00399,0.5206419,0.012657699,0.46670038
id05925,0.21131977,0.025269374,0.76341087
id01834,0.91281444,0.0070930165,0.080092564
id20350,0.16078417,0.0053611794,0.8338546
id18961,0.77324164,0.0075880014,0.21917038
id02132,0.09698481,0.89240015,0.010615064
id26609,0.1972528,0.77426773,0.028479468
id16532,0.12553132,0.62700444,0.24746425
id23289,0.3645918,0.61087453,0.024533702
id26621,0.9524152,0.027309736,0.020275064
id03254,0.05349655,0.9226716,0.023831863
id04701,0.32100704,0.015811237,0.6631817
id26600,0.2588914,0.7251046,0.016004011
id16006,0.31983554,0.6554593,0.024705252
id25724,0.18686643,0.014007231,0.7991263
id27223,0.676268,0.04456117,0.27917084
id14345,0.75118804,0.15142547,0.097386464
id27374,0.08393083,0.6296283,0.28644085
id21131,0.15920432,0.047152713,0.793643
id12410,0.6245549,0.32342204,0.052023083
id15483,0.2443508,0.051181216,0.70446795
id15429,0.29582137,0.39919034,0.30498827
id25480,0.2688435,0.49453923,0.23661727
id11453,0.17665324,0.66945505,0.15389171
id20437,0.41717738,0.5448995,0.037923172
id08468,0.112593,0.64163136,0.24577567
id22181,0.6709479,0.30706987,0.021982232
id18810,0.48579893,0.43313468,0.08106631
id17482,0.40271986,0.03267213,0.56460804
id22746,0.758242,0.102316715,0.13944122
id03107,0.74717534,0.021868559,0.23095609
id02184,0.7386474,0.20933929,0.052013345
id25068,0.84573513,0.021069435,0.13319544
id19154,0.49987796,0.040062398,0.46005964
id10358,0.5020267,0.0614854,0.43648794
id09126,0.45045853,0.054447062,0.4950944
id05936,0.51592475,0.15039948,0.3336758
id00020,0.034860354,0.95424503,0.010894568
id20771,0.463723,0.3947113,0.1415657
id00116,0.384575,0.5670483,0.04837672
id12424,0.73792976,0.047451496,0.21461877
id05755,0.3167268,0.009480627,0.6737926
id27476,0.065238215,0.8601846,0.074577175
id02686,0.6410097,0.10132346,0.25766692
id10234,0.76774,0.17003511,0.062224936
id05969,0.7761542,0.01823558,0.20561019
id14440,0.07548637,0.918168,0.006345659
id09937,0.3055638,0.41557112,0.27886507
id08238,0.114118166,0.0036979963,0.88218385
id11090,0.36732358,0.6245335,0.008143021
id13183,0.07739448,0.029925773,0.89267975
id25712,0.104957275,0.78659505,0.10844772
id22510,0.050941788,0.04785538,0.90120286
id19204,0.7919814,0.04636975,0.16164887
id05758,0.43807793,0.012985613,0.5489365
id27063,0.46182942,0.17753024,0.36064035
id11773,0.3355201,0.002411225,0.6620687
id11562,0.6739823,0.032222874,0.29379484
id16208,0.25229913,0.0072380067,0.7404629
id04036,0.40245613,0.30328035,0.29426354
id26159,0.8969636,0.013942654,0.089093745
id26777,0.23930225,0.61377096,0.14692678
id08501,0.475334,0.04886764,0.4757984
id11216,0.086132325,0.9134356,0.0004321264
id03410,0.4038631,0.046273623,0.5498633
id04537,0.19132423,0.015658908,0.7930169
id26628,0.7304304,0.0056702634,0.2638993
id01586,0.13172244,0.86419666,0.0040809577
id13421,0.13713598,0.055380896,0.80748314
id26084,0.092623726,0.7717514,0.1356249
id05375,0.16486648,0.00418519,0.83094835
id23212,0.7059354,0.18334676,0.11071782
id15980,0.71646607,0.013512669,0.2700213
id11719,0.036480565,0.9579983,0.005521205
id13109,0.8409448,0.1530353,0.0060199136
id07156,0.9118311,0.004547936,0.083620995
id04893,0.29276803,0.6692534,0.037978575
id11749,0.49780673,0.014253311,0.48793995
id10526,0.45899355,0.015538082,0.52546835
id13477,0.586659,0.032711446,0.38062957
id13761,0.60102934,0.19989926,0.19907133
id04282,0.33841375,0.6593545,0.0022317474
