id,EAP,HPL,MWS
id02310,0.0055331476,0.0058861305,0.98858076
id24541,0.9094101,0.044207025,0.046382833
id00134,0.002228617,0.9970957,0.00067571405
id27757,0.6358631,0.36226666,0.0018702453
id04081,0.6954234,0.22601266,0.07856393
id27337,0.921,0.008701991,0.07029804
id24265,0.99639076,0.0005315561,0.0030776712
id25917,0.006047255,0.028811593,0.9651412
id04951,0.9253073,0.028229441,0.046463285
id14549,0.92800945,0.046336573,0.025653956
id22505,0.004024544,0.034990806,0.96098465
id24002,0.00077140745,0.9991584,7.025024e-05
id18982,0.1251007,0.5927986,0.28210077
id15181,0.3460811,0.60825783,0.04566111
id21888,0.7021294,0.06520237,0.23266822
id12035,0.0015466787,0.00092091097,0.9975324
id17991,0.89918137,0.06761392,0.033204764
id10707,0.9954141,0.0033919264,0.0011939975
id07101,0.05268992,0.13491021,0.81239986
id00345,0.20770691,0.7717892,0.020503955
id05912,0.6025208,0.25596976,0.14150943
id13443,0.82837343,0.03628512,0.13534147
id09248,0.90401226,0.010041213,0.08594649
id17542,0.7385361,0.10177828,0.15968558
id06995,0.0015333537,7.230527e-05,0.99839437
id25159,0.94051117,0.053797062,0.0056917993
id25729,0.14469646,0.7603152,0.094988376
id26949,0.68776405,0.14734742,0.16488849
id27191,0.07054235,0.0001887223,0.92926896
id07668,0.25499296,0.0042249346,0.74078214
id02230,0.17543682,0.15091124,0.673652
id15553,0.99558383,0.00010196006,0.0043142173
id25688,0.0028061771,0.99658924,0.0006045919
id17545,0.8392075,0.14720012,0.013592405
id13929,0.44635636,0.28445506,0.26918858
id12880,0.008716558,0.9881667,0.003116754
id19282,0.83163846,0.06538564,0.10297588
id14690,0.02099974,0.0026839355,0.97631633
id17975,0.051647443,0.93663293,0.011719685
id08037,0.88315874,0.027631367,0.08920992
id15412,0.3064447,0.0054611075,0.6880942
id25032,0.81802326,0.01633109,0.16564563
id27165,0.84327334,0.07849905,0.078227654
id03327,0.9426575,0.037022837,0.020319743
id18515,0.5638141,0.23066515,0.20552073
id21003,0.03296341,0.053747933,0.91328865
id23855,0.1775798,0.8173366,0.0050835735
id20724,0.8436867,0.017199678,0.13911362
id13303,0.30488437,0.07533695,0.6197787
id16521,0.005471291,0.98324555,0.011283178
id20775,0.9980538,0.0007643485,0.0011817819
id13029,0.9506796,0.018385079,0.030935373
id14660,0.36929145,0.44708437,0.18362413
id11028,0.0071822046,0.00013916614,0.99267864
id14180,0.9658339,0.018837096,0.015329017
id25860,0.9584963,0.027451564,0.014052195
id11910,0.2489544,0.026066331,0.7249793
id08065,0.23936716,0.0064774365,0.7541554
id22674,0.0022956843,0.00023905911,0.99746525
id25018,0.048282612,0.1816404,0.770077
id10892,0.0002588017,0.9996173,0.0001239462
id10217,0.052480668,0.9455525,0.0019668692
id12996,0.33919245,0.013100687,0.64770687
id18262,0.9505747,0.010050401,0.03937487
id08606,0.00043011433,0.9995315,3.8383194e-05
id17233,0.33527088,0.37062734,0.29410177
id00101,0.23586573,0.7371038,0.027030492
id12225,0.95911217,0.007070835,0.033816975
id01364,0.0040565673,0.98853594,0.007407528
id24973,0.73630697,0.03786666,0.22582641
id25363,0.8340192,0.00019981184,0.16578105
id10061,0.026147677,0.015507668,0.95834464
id17673,0.079696566,0.73791325,0.18239018
id13249,0.9170762,0.013444679,0.0694792
id10107,0.004028723,0.0020806019,0.9938907
id04403,0.94602543,0.009010034,0.04496457
id25728,0.5161688,0.35737714,0.12645409
id16184,0.623722,0.36514443,0.011133547
id03438,0.045426898,0.00042074968,0.95415235
id22923,0.031957984,0.96797246,6.955984e-05
id08610,0.9743448,0.014810102,0.010845133
id25355,0.2841483,0.37617284,0.33967888
id16916,0.9488631,0.0071768346,0.043960147
id12793,0.50752246,0.47847587,0.0140016815
id11859,0.13847248,0.020735098,0.8407924
id02434,0.8551862,0.14191037,0.0029033876
id27703,0.09448525,0.0048944354,0.90062034
id25212,0.012649519,0.97540957,0.011940867
id11308,0.11910951,0.017211953,0.8636785
id26094,0.86828744,0.09990639,0.031806193
id22080,0.8370784,0.09681753,0.066104054
id03545,0.80023885,0.19688772,0.0028734389
id23725,0.027071478,0.033938844,0.9389897
id12009,0.9191879,0.04578172,0.03503038
id24241,0.26853904,0.13703127,0.5944297
id03596,0.030206958,0.91553086,0.054262187
id10749,0.083687484,0.7971957,0.11911687
id22794,0.04872685,0.03033153,0.92094165
id15482,0.14524852,0.7987258,0.056025695
id04833,0.84995234,0.13416801,0.015879676
id00397,0.08939998,0.0057279817,0.90487206
id14691,0.03218317,0.0012266311,0.9665902
id05193,0.5233139,0.003947478,0.47273865
id19541,0.9215249,0.04027354,0.038201556
id22166,0.009386664,0.0002068995,0.99040645
id20744,0.008531304,0.035863817,0.95560485
id10392,0.017806482,0.0001968104,0.9819967
id00770,0.9865185,0.00435136,0.009130149
id06018,0.9935131,0.0046505374,0.0018363881
id15678,0.052472234,0.0056517813,0.941876
id08305,0.9537765,0.026098344,0.02012519
id08903,0.7556783,0.039750155,0.20457156
id14752,0.08361819,0.89977795,0.016603878
id12468,0.0023483392,0.9968233,0.0008283061
id05085,0.042155802,0.9560734,0.001770799
id21993,0.0631483,0.005567394,0.93128425
id15503,0.82863927,0.1520335,0.01932726
id03021,0.003630212,0.9951607,0.0012091047
id16123,0.9810827,0.008335151,0.010582145
id19383,0.95534813,0.035192918,0.00945901
id04186,0.9889507,0.00053271616,0.010516589
id17954,0.0030161603,0.00018740799,0.9967964
id12030,0.2543626,0.1090127,0.6366247
id13020,0.17400482,0.79778934,0.02820585
id25327,0.33872068,0.31433603,0.34694326
id16344,0.12795702,0.19261628,0.67942667
id12303,0.12582041,0.8664541,0.00772549
id15017,0.91348463,0.06730951,0.019205859
id22308,0.06565203,0.001090092,0.9332579
id06536,0.0041586705,0.0039977566,0.9918436
id19797,0.27383962,0.6956508,0.030509606
id06332,0.98134995,0.0046146875,0.0140354
id22941,0.22210458,0.21375406,0.5641414
id13547,0.014173955,0.013523876,0.9723022
id06928,0.011676581,0.0008923627,0.98743105
id12521,0.26677862,0.6883951,0.044826318
id25716,0.38941428,0.012038592,0.5985471
id27116,0.096686505,0.0022191096,0.90109444
id19941,0.08020176,0.87396693,0.0458313
id05711,0.017872412,0.0034500342,0.9786776
id02097,0.0044224584,0.005690264,0.9898873
id03563,0.0009798938,0.99860376,0.0004163625
id02295,0.7238445,0.26152402,0.014631431
id08179,0.9990313,0.00015775743,0.00081094616
id05332,0.00093330827,0.9615504,0.037516315
id15697,0.2359289,0.009878309,0.75419277
id17026,0.053483337,0.0043246634,0.942192
id04243,0.9707462,0.023916256,0.005337549
id13175,0.9562265,0.0041494695,0.03962396
id05387,0.75269634,0.009172381,0.23813127
id19989,0.5880854,0.3918868,0.020027794
id25173,0.21566163,0.056736145,0.7276022
id08925,0.03012759,0.9686746,0.0011978383
id03034,0.0029983881,0.9959214,0.0010802301
id13272,0.0029162434,0.9956166,0.0014671612
id07956,0.07801179,0.0022218928,0.9197663
id02648,0.6960637,0.0064366893,0.29749966
id01778,0.053342823,0.010665833,0.93599135
id12846,0.0017402662,0.0047184047,0.99354136
id19001,0.81925285,0.038590267,0.14215691
id05763,0.3173816,0.2099233,0.4726951
id15590,0.2670539,0.00047659216,0.7324695
id04912,0.20841241,0.16355106,0.62803656
id21201,0.94195,0.022786986,0.035263
id13215,0.31475648,0.0037924175,0.6814511
id15612,0.012273441,0.9850079,0.0027186992
id18501,0.6220682,0.0005690552,0.37736273
id07223,0.27253565,0.46592465,0.26153976
id06707,0.033327714,0.15782724,0.80884504
id05238,0.0008183189,0.9991433,3.8364375e-05
id00935,0.03586455,0.07068228,0.8934532
id00110,0.016885243,0.001069154,0.9820456
id17476,0.14217104,0.72224635,0.1355826
id15170,0.9726994,0.021943064,0.005357549
id13397,0.82841116,0.11538037,0.056208473
id24283,0.19020872,0.6050372,0.20475407
id15234,0.92502487,0.061647315,0.013327842
id16884,0.025816362,0.96111786,0.01306578
id07831,0.3543877,0.19764572,0.44796658
id16038,0.7551133,0.123093635,0.12179311
id03629,0.9102392,0.030814407,0.058946345
id21019,0.813339,0.007787068,0.17887397
id21835,0.2800828,0.15464175,0.5652755
id04480,0.049896482,0.94767696,0.0024265398
id20838,0.11305949,0.8148211,0.07211938
id24195,0.94512826,0.004166186,0.05070555
id05448,0.7464548,0.23698632,0.016558912
id15957,0.042431083,0.93684745,0.020721493
id19956,0.0016907826,5.600579e-05,0.9982532
id15104,0.29349992,0.08286785,0.62363225
id17559,0.9630666,0.022307415,0.014626016
id16839,0.075730465,0.7434963,0.18077323
id14493,0.20059471,0.008480918,0.7909244
id08833,0.7060151,0.038940005,0.2550449
id15723,0.29710352,0.06345435,0.63944215
id02716,0.9491189,0.0038759385,0.04700515
id06689,0.03891586,0.92796177,0.0331224
id18837,0.34592843,0.021288656,0.6327829
id04466,0.9973303,0.0011605091,0.0015091866
id00686,0.9475387,0.00031772864,0.05214362
id09010,0.056500077,0.9391037,0.0043962086
id23353,0.9982688,0.0003453165,0.0013859093
id00066,0.46938968,0.50870484,0.02190549
id15724,0.019890066,0.95835114,0.021758804
id23486,0.04453872,0.017065924,0.9383954
id22258,0.009578708,0.005174516,0.9852468
id02292,0.9584564,0.022262437,0.01928116
id16356,0.35494578,0.0111910645,0.63386315
id00235,0.9846339,0.004807444,0.010558635
id25522,0.0037740972,0.0019718257,0.99425405
id04204,0.27588207,0.6442168,0.07990119
id22016,0.65678203,0.033116963,0.310101
id06480,0.04363414,0.92096835,0.0353975
id08718,0.037584163,0.005266323,0.95714957
id05251,0.00053866784,0.9988283,0.00063308276
id03359,0.9736917,0.023332529,0.0029758117
id16117,0.06257128,0.0023164973,0.93511224
id17000,0.00049163186,0.9979263,0.0015821125
id01730,0.01446167,0.9730037,0.012534644
id00630,0.81057584,0.17124294,0.018181238
id18175,0.21830325,0.0046901875,0.77700657
id00907,0.44607803,0.3129742,0.24094774
id18251,0.00063100597,0.99931145,5.74698e-05
id25861,0.80698174,0.07913555,0.11388273
id00398,0.6385249,0.0058626784,0.35561243
id27573,0.99890256,0.00081418606,0.00028326226
id10022,0.008851379,0.90289456,0.08825412
id15901,0.0036448417,0.00029463254,0.99606055
id00451,0.44294253,0.34338996,0.21366753
id23129,0.07426198,0.8475086,0.078229465
id26498,0.005583521,0.9798834,0.014533114
id14741,0.054850467,0.94508976,5.98414e-05
id18453,0.22426781,0.0025360512,0.7731961
id08309,0.5741296,0.39093426,0.034936197
id00320,0.9816016,0.0024308208,0.01596764
id07688,0.09145288,0.00476141,0.9037857
id01556,0.18410848,0.07718843,0.7387031
id00178,0.4270048,0.11529202,0.4577032
id18902,0.00083076255,0.001358613,0.99781066
id27002,0.9848717,0.009802712,0.005325625
id21418,0.97574705,0.012469227,0.011783749
id23018,0.63363886,0.09682886,0.2695323
id07032,0.5395442,0.35205233,0.10840345
id16195,0.6360864,0.17603901,0.18787454
id11202,0.0456772,0.9541444,0.00017838618
id09578,0.9028444,0.020388193,0.0767674
id26984,0.82572186,0.12416908,0.050109074
id19856,0.030987378,0.9641934,0.0048192134
id12086,0.4770134,0.054436404,0.46855018
id12052,0.02847077,0.27670333,0.69482595
id17728,0.030185977,0.006008881,0.96380514
id24608,0.97932214,0.0031231358,0.017554745
id21097,0.17207102,0.48583606,0.34209296
id20179,0.004976292,0.00043752856,0.99458617
id15144,0.5215796,0.46473244,0.013687982
id00206,0.78599507,0.109624654,0.10438024
id22285,0.011788054,0.0009551197,0.9872569
id06417,0.009992305,0.98089665,0.009111061
id00215,0.20708019,0.7782844,0.014635493
id04201,0.5801996,0.15740614,0.2623943
id21771,0.8679556,0.020696668,0.11134771
id12451,0.043829933,0.5811779,0.3749922
id14250,0.019902354,0.94389075,0.036206897
id03433,0.03039581,0.9682439,0.0013603145
id03303,0.05055356,0.014264292,0.93518215
id25901,0.039940998,0.9146938,0.04536519
id06945,0.9345139,0.055830143,0.009655946
id05664,0.41661724,0.008003652,0.57537913
id05741,0.9992169,0.00051294663,0.00027015494
id10652,0.84983236,0.016943755,0.13322392
id16300,0.9944458,0.00039068115,0.0051634656
id12319,0.9279232,0.044871412,0.02720543
id07500,0.006308525,0.98445904,0.009232363
id12478,0.34465098,0.12442582,0.53092325
id03076,0.014682037,0.016178736,0.9691392
id00969,0.08495515,0.91398257,0.0010623066
id23636,0.037625644,0.95488364,0.00749068
id09791,0.009809062,0.8770961,0.11309483
id05680,0.0010375001,0.46823633,0.53072613
id03672,0.043305427,0.93808347,0.018611085
id04286,0.0005425186,0.99821246,0.001245066
id23883,0.0011691813,0.0030694706,0.99576133
id11914,0.008050556,0.00078113464,0.9911683
id20974,0.07831604,0.9014738,0.020210173
id26125,0.31197655,0.006044528,0.68197894
id15543,0.8774523,0.040510714,0.08203696
id19471,0.48927146,0.50685245,0.003876077
id11503,0.8216612,0.06266095,0.11567789
id09321,0.082793735,0.85040855,0.06679776
id25560,0.0030893302,0.0010856795,0.99582493
id06726,0.74070245,0.16874865,0.09054891
id05709,0.8184784,0.09453796,0.08698363
id09788,0.06644042,0.16026995,0.7732896
id05289,0.98448414,0.0107481815,0.0047676326
id11815,0.048395365,0.93800086,0.013603786
id22422,0.7318538,0.17711268,0.09103352
id25954,0.90885156,0.003444074,0.087704346
id13601,0.7265121,0.16254473,0.11094322
id05677,0.24943942,0.03411647,0.7164441
id10498,0.012658113,0.9810963,0.006245607
id02665,0.9915018,0.0070475726,0.0014506365
id10114,0.003434614,0.9809074,0.015658023
id26314,0.9901535,0.008031137,0.0018153557
id21240,0.08647481,0.022928914,0.8905963
id15569,0.92613167,0.0071552903,0.06671309
id25928,0.95063657,0.0028611692,0.046502262
id22706,0.008302263,0.9912118,0.0004859852
id20877,0.00050642237,0.99206185,0.0074317553
id04318,0.8517606,0.090543546,0.05769579
id18299,0.4534386,0.13602735,0.41053402
id08126,0.21145815,0.0026684296,0.7858734
id14293,0.08773839,0.0035313175,0.9087303
id12759,0.9830048,0.01638314,0.00061197224
id11983,0.22528253,0.43910494,0.33561257
id05580,0.7195814,0.033426482,0.24699208
id25846,0.22392806,0.7596137,0.016458271
id01939,0.42422426,0.09208843,0.48368728
id26327,0.44415504,0.03927699,0.516568
id11068,0.0006374579,0.0008936685,0.9984689
id08404,0.63594896,0.022548981,0.34150207
id27189,0.20981835,0.70982814,0.080353506
id15119,0.097329594,0.8552083,0.047462184
id26525,0.9983102,0.00082364713,0.0008661623
id03618,0.046322037,0.9441205,0.009557424
id27220,0.95813906,0.03763836,0.0042225737
id18777,0.077776745,0.0035727639,0.9186505
id20213,0.9347053,0.0022511415,0.06304351
id20403,0.9992575,0.0003311354,0.00041134824
id03777,0.017555177,0.018129323,0.96431553
id10595,0.3910736,0.5641836,0.044742845
id13816,0.16805446,0.04368621,0.7882594
id05667,0.42250037,0.02731233,0.5501873
id24629,0.80059934,0.010823687,0.18857703
id20398,0.59658664,0.020754615,0.38265872
id14108,0.0005330647,0.00025413476,0.9992128
id06196,4.236221e-05,0.99989516,6.248162e-05
id02800,0.80558485,0.18145865,0.012956554
id18732,0.0021200078,0.9974049,0.00047513845
id11915,0.012056823,0.98676145,0.0011817107
id09739,0.42900506,0.0027845907,0.56821036
id24672,0.9597061,0.02120888,0.019085042
id00414,0.0041067726,0.0002853875,0.99560785
id16307,0.8828712,0.11024453,0.0068842974
id14043,0.6858781,0.08118207,0.23293981
id00517,0.00077915855,2.5206773e-05,0.99919564
id09744,0.80741554,0.19239795,0.00018650501
id19257,0.99629337,0.003360017,0.0003465758
id15437,0.6675473,0.29485595,0.037596814
id16352,0.14983647,0.08382206,0.76634145
id18849,0.69777197,0.025567336,0.27666068
id19434,0.0015211558,0.9981918,0.0002870722
id17928,0.26829866,0.02534565,0.7063557
id16896,0.023397136,0.006710544,0.9698923
id02135,0.5940554,0.12207215,0.2838725
id15075,0.99868894,0.0011984393,0.00011263502
id27486,0.0005301262,0.9994548,1.5052369e-05
id19422,0.14819992,0.8505178,0.0012822616
id09603,0.09659849,0.7926235,0.110777974
id02133,0.2895974,0.69260746,0.017795129
id03441,0.8600258,0.034918867,0.10505534
id02398,0.078193486,0.9190249,0.002781652
id05152,0.9100199,0.0141500505,0.075830095
id17838,0.44163337,0.0085459035,0.5498207
id25060,0.966192,0.029434891,0.0043731057
id09998,0.022816274,0.10127224,0.8759114
id01828,0.007706441,0.98147136,0.010822198
id25377,0.47461987,0.0051309667,0.5202492
id22175,0.03150991,0.9612896,0.0072004637
id02974,0.02698432,0.8763372,0.09667851
id26955,0.96652716,0.02260512,0.01086777
id21091,0.9333511,0.008173588,0.058475304
id12802,0.98016214,0.015227164,0.004610707
id07432,0.010005583,0.98517066,0.0048237815
id18749,0.7901829,0.2058135,0.0040036715
id15030,0.0035722605,0.0005671383,0.99586064
id17155,0.020039672,0.978864,0.0010962992
id08128,0.0056820586,0.9709262,0.023391724
id25706,0.000163844,0.99885315,0.0009830077
id15645,0.9856052,0.005839918,0.008554935
id04943,0.049297962,0.88961494,0.06108713
id27566,0.03579874,0.012080778,0.9521205
id11765,0.06472048,0.018964592,0.9163149
id13783,0.41681457,0.45213196,0.13105339
id00492,0.034474403,0.041592002,0.92393357
id27636,0.22067448,0.009215702,0.77010983
id04273,0.71258914,0.2253072,0.062103666
id02537,0.16605791,0.021310102,0.81263196
id24349,0.91417,0.07624779,0.009582146
id00023,0.041514345,0.90495414,0.05353151
id23025,0.13811591,0.8553288,0.0065553007
id08722,0.88216984,0.03470525,0.08312488
id02420,0.48801818,0.51055694,0.0014249155
id10811,0.589588,0.0071079195,0.40330416
id04019,0.17132182,0.117883235,0.7107949
id18334,0.9953441,0.0011641408,0.003491751
id16781,0.9677048,0.01579266,0.016502598
id08773,0.11449372,0.8754141,0.01009225
id19214,0.57200325,0.24542186,0.18257487
id09589,0.0032163174,0.9967545,2.9170491e-05
id24246,0.8894903,0.054778066,0.05573164
id23577,0.74969596,0.2482556,0.0020484563
id09305,0.63832307,0.013798978,0.347878
id16460,0.63671887,0.04326617,0.32001498
id21115,0.5231706,0.060518857,0.41631052
id25996,0.38469332,0.08667979,0.5286269
id02551,0.00872664,0.001711344,0.98956203
id19352,0.046431307,0.0016182661,0.95195043
id03806,0.426847,0.10342952,0.46972352
id26544,0.2684282,0.019825328,0.71174645
id18761,0.9830525,0.00040870145,0.016538808
id24148,0.6767508,0.31377518,0.009474057
id16095,0.01948265,0.9796959,0.000821393
id18442,0.49475363,0.31953567,0.18571067
id22596,0.0006173623,0.0021509412,0.9972317
id23002,0.06159093,0.6527195,0.28568956
id04797,0.9959512,0.0028501663,0.0011986485
id06610,0.009581137,0.003599807,0.986819
id16173,0.65861446,0.12805124,0.21333432
id18292,0.05517859,0.09927279,0.8455486
id27328,0.97705555,0.009319271,0.0136252055
id01695,0.0059043146,0.9936133,0.00048238464
id05761,0.42060396,0.03872159,0.54067445
id16354,0.56244105,0.007004827,0.43055418
id12207,0.006404583,0.9721425,0.02145289
id05665,0.012561989,0.007977785,0.97946024
id01911,0.73989725,0.23818651,0.021916242
id19153,0.0222683,0.00066092965,0.9770708
id10295,0.8706797,0.12100559,0.008314761
id23038,0.5654041,0.35052064,0.08407527
id23783,0.008418466,0.98178566,0.009795883
id27879,0.9658181,0.018369943,0.015811956
id19190,0.13799725,0.844051,0.017951768
id05065,0.82088363,0.0714266,0.10768977
id21296,0.027538802,0.95609266,0.016368544
id13262,0.11647185,0.054792855,0.8287353
id10333,0.970779,0.023395818,0.005825215
id16677,0.006519482,0.98963577,0.003844723
id01392,0.72440773,0.02119735,0.2543949
id27874,0.9339983,0.047546,0.018455753
id02294,0.92254525,0.031552173,0.04590258
id18298,0.12258244,0.26265997,0.6147576
id06997,0.95223874,0.008496484,0.039264772
id05243,0.79988706,0.12817898,0.07193399
id00860,0.23569329,0.33010897,0.43419778
id26681,0.99338007,0.0026987537,0.003921196
id06020,0.13868709,0.002874759,0.8584382
id27683,0.48372233,0.14559206,0.37068558
id17655,0.012434883,0.9828908,0.0046743373
id08817,0.06743504,0.0112357335,0.92132926
id11512,0.0013683896,0.19858985,0.8000418
id00478,0.7230956,0.08461214,0.19229229
id02116,0.9537802,0.0028080274,0.04341182
id06746,0.95416063,0.016651975,0.029187374
id03863,0.8961007,0.09893102,0.004968282
id01802,0.053102154,0.35811305,0.58878475
id11682,0.8122476,0.06330615,0.12444626
id04033,0.018491294,0.9806456,0.0008631808
id09286,0.0022256782,0.6021353,0.39563906
id12904,0.9803448,0.019190393,0.00046484862
id07420,0.012527442,0.01947424,0.96799827
id22398,0.0012200051,0.99825937,0.00052066083
id00424,0.016896136,0.029643988,0.9534599
id20960,0.86498106,0.09183629,0.043182656
id10267,0.061152324,0.92690194,0.011945742
id19330,0.6395569,0.0301385,0.33030465
id00994,0.007418697,0.9906413,0.0019400383
id10785,0.21080694,0.74049604,0.048697084
id00955,0.1321826,0.85897064,0.008846789
id09757,0.0057642707,0.99094576,0.0032900204
id10030,0.049984075,0.001340302,0.94867563
id22952,0.012249674,0.02535598,0.96239436
id21955,0.0011453889,0.014639037,0.98421556
id07674,0.12587853,0.8666016,0.0075199436
id13760,0.057058387,0.9383398,0.0046017934
id18166,0.9871344,0.0012173246,0.011648308
id23498,0.85871464,0.1205582,0.020727167
id05296,0.98756313,0.0060493755,0.0063875006
id26709,0.9300708,0.0012564375,0.068672776
id02853,0.7924374,0.20588148,0.0016811509
id06800,0.600062,0.002551533,0.3973865
id14758,0.057726588,0.2066317,0.7356417
id12356,0.9985239,0.0011835202,0.00029265627
id21492,0.6843222,0.2989473,0.016730543
id27540,0.42260346,0.004692326,0.5727042
id07376,0.064290695,0.4426419,0.4930674
id15201,0.8243119,0.08224019,0.093447916
id23388,0.0030947006,0.9728983,0.024007041
id13923,0.15621412,0.8199031,0.023882827
id00794,0.6814126,0.09760129,0.22098614
id23910,0.001542798,0.0002478592,0.99820936
id02556,0.57880235,0.16117823,0.26001942
id22151,0.004070171,0.9930259,0.0029039804
id11698,0.4138328,0.08318211,0.50298506
id11627,0.45750955,0.1830019,0.35948858
id06340,0.97839284,0.013256035,0.008351161
id05123,0.90410346,0.006272804,0.089623794
id26620,0.0024623775,0.003017457,0.9945201
id04002,0.05897181,0.028015962,0.91301227
id26554,0.8066136,0.15018493,0.0432015
id18012,0.12830472,0.0069001117,0.86479515
id12964,0.30285057,0.47013465,0.2270147
id18965,0.011813632,0.9219342,0.06625223
id19082,0.054777052,0.0011911094,0.94403183
id26742,0.16796094,0.010575415,0.8214636
id15442,0.05685253,0.94106925,0.0020782475
id16647,0.705937,0.032541662,0.26152137
id11544,0.4172647,0.14763133,0.43510392
id20581,0.36031199,0.02026468,0.61942333
id13192,0.46311173,0.14714107,0.38974723
id15814,0.009414533,0.05136505,0.9392204
id26279,0.03367713,0.96508497,0.0012379043
id00240,0.44865605,0.53033113,0.021012869
id22836,0.9106755,0.08313871,0.006185767
id15085,0.02609149,0.19053946,0.78336906
id17495,0.6462313,0.023851007,0.32991767
id26762,0.29634002,0.005088968,0.698571
id13685,0.60281295,0.062185574,0.33500147
id16560,0.012033246,0.9874388,0.0005279693
id17184,0.004249585,0.9930677,0.0026827676
id21635,0.999778,0.000162676,5.9349662e-05
id26751,0.6360302,0.31201708,0.05195281
id12351,0.98346967,0.003891848,0.012638493
id14872,0.28655034,0.08516543,0.6282842
id18372,0.9617543,0.012610462,0.025635233
id26851,0.85562176,0.13118371,0.013194554
id22659,0.06181735,0.93595594,0.002226714
id04102,0.0043715173,0.0038210207,0.99180746
id02353,0.0004743805,0.99930334,0.00022220869
id26721,0.99912685,0.00056001614,0.00031312453
id11171,0.7905932,0.030292887,0.17911391
id13562,0.9483806,0.036457844,0.015161598
id26425,0.64775765,0.0049823937,0.34725997
id26394,0.6810965,0.06831347,0.25059
id22187,0.8213272,0.048015628,0.13065718
id00422,0.94062823,0.0020052986,0.057366487
id22667,0.00015103712,0.99981517,3.37589e-05
id00911,0.7069552,0.00521372,0.2878311
id17291,0.003587129,0.006565904,0.989847
id01915,0.030002762,0.37958348,0.59041375
id01434,0.7384293,0.08163034,0.17994036
id01584,0.18905032,0.0017196825,0.80923
id09266,0.9914171,0.0066447062,0.0019381525
id17494,0.0189444,0.97625405,0.0048015546
id24919,0.9073045,0.029162683,0.0635328
id21043,0.6070852,0.0016480386,0.39126673
id17796,0.011918143,0.9818377,0.006244199
id02166,0.9604593,0.010072382,0.029468354
id17503,0.31317765,0.03467399,0.65214837
id21203,0.93892914,0.046562005,0.014508839
id25626,0.9828713,0.0052695647,0.0118591115
id09836,0.98827785,0.0052981293,0.006424024
id24202,0.083159104,0.09880239,0.8180385
id27260,0.86018443,0.023035837,0.116779745
id23167,0.021346679,0.0030457224,0.97560763
id10393,0.015313287,0.98155266,0.0031340965
id01171,0.8204788,0.168786,0.0107352305
id06380,0.9218403,0.04888989,0.029269842
id22686,0.37854728,0.07942093,0.5420318
id26250,0.1536488,0.01682548,0.8295257
id09315,0.15894899,0.7492405,0.09181051
id00886,0.051427092,0.9093621,0.039210744
id03101,0.9729245,0.011280321,0.015795255
id12367,0.9004904,0.019577527,0.0799321
id10770,0.8664872,0.015101315,0.118411526
id14949,0.019548941,0.9734813,0.0069697713
id14141,0.6418829,0.29319042,0.0649267
id25417,0.67909276,0.2668833,0.054023907
id26873,0.8013874,0.15623912,0.042373426
id10818,0.0029475724,0.0007075051,0.99634486
id15146,0.9790943,0.008664804,0.012240926
id23328,0.96583617,0.0036083157,0.030555427
id16765,0.019210368,0.8679595,0.11283014
id24383,0.78026646,0.15438068,0.06535287
id21304,0.99647546,0.001200746,0.0023238165
id12551,0.06666507,0.9181565,0.015178434
id23274,0.11771066,0.011703384,0.870586
id08117,0.963492,0.021727664,0.014780341
id23961,0.9851489,0.01238756,0.0024635086
id13865,0.048194733,0.94607335,0.0057319673
id22807,0.07759106,0.018302089,0.90410686
id08951,0.24081159,0.0012865292,0.75790185
id18684,0.9989491,0.000439683,0.0006111507
id25179,0.31590068,0.6554711,0.028628172
id27033,0.94654614,0.0017379246,0.051715862
id13977,0.24590655,0.6333328,0.12076065
id19337,0.028281588,0.85265815,0.119060285
id25764,0.0030488223,0.9880983,0.00885286
id16106,0.0113211665,0.0033377493,0.98534113
id05468,0.5705567,0.1295704,0.2998729
id05241,0.98659885,0.003019984,0.010381186
id10215,0.7961393,0.011973261,0.19188747
id23457,0.049078736,0.0039280364,0.94699323
id02200,0.99665374,0.0009118405,0.0024344495
id13714,0.039456677,0.95804065,0.0025026805
id20332,0.027729115,0.0072996765,0.96497124
id18573,0.04855692,0.35495004,0.596493
id08569,0.98268884,0.0050401646,0.012270989
id22767,0.069193415,0.04563125,0.88517535
id25390,0.11887928,0.73500884,0.14611194
id09288,0.9370214,0.008356671,0.054621983
id12381,0.9895898,0.005149979,0.0052602375
id02895,0.0017589491,0.0015183704,0.9967227
id25270,0.12558892,0.0034117429,0.8709994
id14248,0.79159135,0.09089333,0.11751536
id12831,0.8814594,0.04388821,0.074652374
id18305,0.46135205,0.0004195498,0.5382284
id07805,0.2552798,0.7348334,0.009886756
id14027,0.002121746,0.010887537,0.98699075
id02760,0.9119139,0.0019428212,0.08614333
id24362,0.7069214,0.25563556,0.03744312
id17065,0.006125805,0.98206985,0.011804376
id26583,0.019819269,0.8020308,0.17814992
id19664,0.90750337,0.06552809,0.026968567
id25145,0.9721602,0.003011033,0.024828773
id17858,0.05784234,0.93164015,0.010517553
id05148,0.08384498,0.5509465,0.3652086
id22928,0.694051,0.2707471,0.03520185
id21549,0.1009916,0.0022335246,0.8967749
id12649,0.08535135,0.907922,0.0067266403
id21597,0.6759122,0.022739561,0.3013482
id27945,0.93166655,0.059009254,0.009324198
id00243,0.99963266,1.808509e-05,0.00034931023
id02745,0.96185464,0.0017481861,0.03639719
id23550,0.11636907,0.0028634814,0.88076746
id13023,0.10966142,0.537686,0.35265258
id24796,0.17155768,0.003565744,0.8248766
id12284,0.22946768,0.7517807,0.018751657
id02664,0.0010953771,0.99708927,0.0018154032
id23767,0.9411498,0.016902577,0.04194765
id05859,0.04824214,0.8564039,0.095353976
id14350,0.19718148,0.39232808,0.41049042
id01191,0.032335196,0.6500456,0.3176193
id17034,0.1679215,0.08642105,0.74565744
id25292,0.8082056,0.10947464,0.08231981
id22121,0.94834733,0.028497737,0.023154967
id20872,0.9994489,0.00012709385,0.00042402808
id17720,0.14194706,0.8501223,0.007930679
id22658,0.055041466,0.9428688,0.0020896716
id09567,0.90018594,0.07304486,0.0267692
id16445,0.73266387,0.2391098,0.028226338
id08349,0.2437816,0.30237412,0.45384428
id27437,0.6043202,0.047577277,0.3481025
id03812,0.97296673,0.026349396,0.0006839147
id22304,0.89655596,0.037124727,0.066319235
id04449,0.0061399606,0.99248576,0.001374315
id15605,0.6146493,0.12018988,0.26516083
id01768,0.9671463,0.005723734,0.027129978
id20019,0.46486524,0.4690004,0.066134326
id09593,0.0032867992,0.9889531,0.0077601164
id23179,0.36644226,0.19944182,0.43411595
id21279,0.999689,8.439542e-05,0.00022667274
id06711,0.0065779034,0.0009476585,0.99247444
id14243,0.0001478682,0.99972993,0.00012223635
id04839,0.019510243,0.023689277,0.9568005
id17220,0.0010300785,0.997323,0.0016468905
id24177,0.9837558,0.008009408,0.0082347775
id20512,0.024228899,0.00802778,0.96774334
id14036,0.0074089887,0.9883561,0.00423493
id25001,0.013359284,0.0074661295,0.9791746
id06175,0.0013053914,0.9653977,0.033296864
id24720,0.086843334,0.90478873,0.008367956
id08070,0.96813476,0.031059215,0.0008060287
id18934,0.9614155,0.033393517,0.0051909625
id01338,0.99216664,0.00607718,0.0017561985
id19008,0.0088144075,0.989713,0.0014726083
id19632,0.24450174,0.6366542,0.118844084
id26224,0.00959075,0.00029717796,0.9901121
id08219,0.8656172,0.021148333,0.11323451
id24008,0.0010009499,0.0003616571,0.9986374
id12475,0.101646796,0.8942445,0.004108637
id05766,0.77406025,0.17743479,0.048504952
id27386,0.018244723,0.98083776,0.00091747683
id12476,0.0012567117,0.998642,0.00010126661
id08311,0.8373156,0.1566459,0.00603852
id04996,0.71741515,0.18281452,0.09977033
id17350,0.30075803,0.10330239,0.59593964
id05546,0.31553105,0.6578627,0.026606213
id16504,0.3032842,0.64461076,0.052105095
id05782,0.003694561,0.021323923,0.97498155
id20560,0.9612631,0.01890248,0.019834382
id14171,0.035471063,0.007164945,0.95736396
id27461,0.2479689,0.059719924,0.69231117
id03581,0.26709622,0.086375624,0.6465282
id21847,0.07983441,0.010265611,0.9099
id11712,0.31748542,0.649169,0.03334558
id26738,0.020370139,0.01122377,0.96840614
id13668,0.98913366,0.0066360026,0.0042302804
id15114,0.99784636,8.2265455e-05,0.002071365
id20130,0.8680927,0.011863207,0.12004407
id18331,0.9319788,0.03562387,0.032397367
id24465,0.9996014,0.00037362063,2.4970235e-05
id13539,0.86486536,0.024910709,0.110223964
id27564,0.024594845,0.9699607,0.0054445257
id26043,0.059374217,0.008277113,0.9323486
id04965,0.016746493,0.002325121,0.98092836
id08645,0.06590015,0.0060164067,0.9280834
id26610,0.8980865,0.026907928,0.075005576
id21737,0.3504088,0.6152377,0.034353487
id25784,0.0036396862,0.98790085,0.008459422
id23030,0.9569884,0.018983414,0.024028193
id16450,0.00059892866,0.9940441,0.0053569986
id02161,0.38173658,0.12423729,0.49402615
id25535,0.97122115,0.009253476,0.019525336
id16566,0.94967407,0.0067418986,0.04358407
id05714,0.82063895,0.178561,0.00080007344
id16524,0.7637859,0.13982466,0.096389435
id23941,0.09779082,0.4923284,0.4098808
id00831,0.002747055,0.0478209,0.949432
id18145,0.9126182,0.020466197,0.06691559
id17227,0.9580823,0.015333351,0.026584353
id09417,0.9304489,0.012252929,0.057298206
id21307,0.47063512,0.50262386,0.026741084
id05650,0.024980612,0.9712967,0.0037226542
id23901,0.89801246,0.088389024,0.013598548
id05831,0.9891418,0.00041498843,0.010443235
id16708,0.08361385,0.90266275,0.013723455
id02281,0.028726256,0.0014273095,0.9698464
id11599,0.22831377,0.05156577,0.7201205
id18353,0.23781039,0.4455275,0.31666213
id07413,0.7244928,0.24774396,0.027763259
id15653,0.0939028,0.73796475,0.16813248
id09715,0.015978076,0.0007342183,0.9832877
id05108,0.87382555,0.11932383,0.0068506123
id09537,0.68019474,0.02112815,0.29867712
id27596,0.9147714,0.058338504,0.026890157
id24255,0.18332313,0.024787845,0.791889
id05080,0.0032162415,0.0002755478,0.9965082
id09484,0.9953537,0.00092171074,0.0037246288
id14864,0.30630064,0.0010985573,0.6926008
id26836,0.93631375,0.060905498,0.0027807362
id07003,0.7226818,0.13289522,0.144423
id13750,0.00053294824,0.9994563,1.0778501e-05
id21799,0.11531178,0.5806608,0.3040274
id11285,0.9957618,0.0007938295,0.0034444043
id04735,0.7739889,0.17593744,0.050073616
id23049,0.015533585,0.011375436,0.973091
id05826,0.05785379,0.86868334,0.07346292
id17916,0.676974,0.31609914,0.006926916
id14081,0.10630788,0.008070565,0.88562155
id10527,0.32434306,0.03394947,0.6417075
id16059,0.07268514,0.9080467,0.019268205
id25542,0.99042916,0.0010691269,0.008501737
id05402,0.117574014,0.101983376,0.78044266
id01927,0.41387248,0.47356188,0.112565614
id27656,0.8717913,0.108683854,0.019524852
id06708,0.14098328,0.4758412,0.38317555
id03524,0.03389465,0.9472592,0.018846178
id12297,0.3117313,0.6610892,0.027179493
id03439,0.9638005,0.0087049855,0.027494557
id04587,0.0030236654,0.9913328,0.005643474
id25470,0.0019955453,0.99523246,0.0027720032
id01212,0.02882243,0.96859837,0.002579187
id13932,0.9139104,0.07557063,0.010519023
id00124,0.8047689,0.0027420837,0.19248897
id01592,0.97329366,0.002208791,0.024497587
id13461,0.57799625,0.36179057,0.060213238
id24681,0.2607003,0.20537506,0.53392464
id23245,0.010810398,0.00077103404,0.9884185
id14073,0.31785873,0.014417059,0.6677242
id05172,0.824326,0.029799618,0.14587443
id21979,0.96149135,0.016694054,0.021814626
id00328,0.9618849,0.01682707,0.021288063
id26102,0.970446,0.026870552,0.0026834419
id14867,0.07106377,0.0032591955,0.92567706
id27544,0.083646245,0.89386356,0.022490248
id16228,0.9714318,0.0008501343,0.027718067
id16342,0.014631317,0.9715906,0.01377804
id24933,0.8231076,0.1666535,0.01023887
id04601,0.30696723,0.503412,0.18962072
id01599,0.15216571,0.7624633,0.08537101
id06238,0.74617344,0.07776091,0.17606565
id06826,0.20036297,0.18802916,0.6116079
id23307,0.8282012,0.006450634,0.16534822
id13575,0.92892414,0.017550018,0.05352589
id24174,0.7097973,0.1315462,0.15865651
id19534,0.2435217,0.17077889,0.58569944
id19602,0.0056560556,0.0028834057,0.99146056
id26962,0.05923301,0.9274924,0.01327462
id04448,0.16049722,0.7821823,0.057320487
id09786,0.15519273,0.8193733,0.025433948
id25240,0.8918924,0.09845533,0.0096523315
id14893,0.9819457,0.017086366,0.00096790557
id24221,0.9968065,0.0023310694,0.0008624234
id04696,0.6453303,0.19047463,0.16419506
id15153,0.0011239004,0.96271485,0.036161296
id13882,0.0008991103,0.9984086,0.0006923052
id17836,0.08500336,0.10169799,0.81329864
id00574,0.0033254232,0.9955105,0.0011640822
id02078,0.030476416,0.6364838,0.33303982
id21206,0.07928948,0.871613,0.04909751
id20084,0.37367377,0.003266894,0.62305933
id26598,0.021005452,0.0010165283,0.977978
id06838,0.15446311,0.0038189855,0.8417179
id08786,0.039344154,0.065078996,0.8955769
id09550,0.23060262,0.08161988,0.68777746
id10206,0.9744762,0.022827996,0.002695834
id21113,0.7978238,0.0015705721,0.20060563
id21151,0.7073333,0.29208362,0.00058313773
id02692,0.9947435,0.0005544325,0.004702043
id26446,0.88745564,0.010283028,0.10226128
id07377,0.03582864,0.9571522,0.007019122
id15998,0.7949405,0.0050177355,0.20004179
id19637,0.98603714,0.0016455861,0.012317285
id19735,0.018599018,0.9687253,0.012675599
id13739,0.45909822,0.37923568,0.16166608
id25175,0.76854885,0.1976284,0.033822786
id00563,0.10041271,0.007853216,0.89173406
id09982,0.90988183,0.0076160403,0.08250212
id15459,0.0019046296,0.9980008,9.458798e-05
id20785,0.0005646766,0.00012104878,0.9993143
id07145,0.008966812,0.029661516,0.96137166
id22204,0.1115029,0.5928717,0.2956254
id09285,0.9970548,0.0010405642,0.0019045826
id18157,0.07753837,0.12487529,0.7975863
id12134,0.00257165,0.008827314,0.988601
id23914,0.94575375,0.028311796,0.025934488
id10483,0.9894112,0.0024773912,0.008111457
id07092,0.61199975,0.11036214,0.27763808
id14786,0.38601398,0.026510365,0.58747566
id25741,0.990062,0.0010774723,0.008860523
id09050,0.005877015,0.9905833,0.0035397217
id04938,0.96146244,0.029137537,0.009400002
id05901,0.29502147,0.27651396,0.42846453
id16975,0.010434285,0.9895399,2.58177e-05
id08547,0.023425702,0.03610817,0.9404661
id16355,0.93335605,0.008567293,0.058076665
id14568,0.39413998,0.09121248,0.51464754
id25599,0.14410043,0.82677644,0.029123131
id01670,0.00911167,0.9901398,0.0007485783
id23945,0.107270084,0.8884371,0.00429273
id17394,0.0070386226,0.0011782147,0.99178314
id06501,0.87136114,0.016728597,0.1119103
id26234,0.005023479,0.99266034,0.0023162048
id21280,0.008993581,0.0013388075,0.98966765
id20048,0.018788282,0.0018376568,0.97937405
id01216,0.40124565,0.5496796,0.049074784
id25320,0.9713039,0.02242644,0.006269708
id22833,0.124188624,0.010745658,0.8650657
id22056,0.1907809,0.27103198,0.53818715
id02275,0.0072880546,0.9386909,0.05402106
id26127,0.24221615,0.16001646,0.5977674
id17011,0.016408669,0.9614585,0.022132795
id13847,0.9566473,0.0074947164,0.03585806
id00013,0.05632614,0.9389371,0.004736737
id16463,0.9412462,0.0071867774,0.05156701
id04845,0.008720234,0.7003648,0.29091495
id01787,0.24908549,0.6672765,0.08363803
id08637,0.96679664,0.0068513723,0.026351994
id11414,0.01242346,0.003657208,0.9839193
id13177,0.3299593,0.07959592,0.59044474
id24517,0.8660979,0.009603044,0.12429906
id26838,0.6999926,0.11523655,0.18477087
id23081,0.022500334,0.9743789,0.0031207816
id16327,0.25355792,0.1123255,0.6341166
id27282,0.021405036,0.976401,0.0021939804
id07489,0.25602227,0.20822479,0.53575295
id01718,0.00857024,0.01512751,0.97630227
id15441,0.28021792,0.56919485,0.15058722
id27736,0.032766778,0.36019978,0.60703343
id16324,0.005274391,0.7707122,0.2240134
id12027,0.46555555,0.17249048,0.36195397
id24653,0.42787835,0.5614262,0.01069543
id17541,0.120535806,0.0065982575,0.8728659
id22406,0.0660006,0.3126483,0.62135106
id18356,0.8671529,0.0376105,0.095236614
id04505,0.97086406,0.0052369786,0.023898909
id04246,0.9922024,0.0009294067,0.0068681818
id07368,0.38682097,0.30484915,0.30832985
id26185,0.008545944,0.00021538156,0.99123865
id08878,0.1053145,0.6651414,0.2295441
id27691,0.0015010951,0.0034814626,0.99501747
id18004,0.8870743,0.023209305,0.08971643
id24426,0.88338345,0.096987754,0.019628843
id14164,0.925828,0.010717941,0.06345413
id12653,0.004475288,0.9945152,0.0010095104
id18060,0.5821056,0.123134874,0.29475957
id18556,0.98836124,0.005087497,0.0065512545
id27371,0.0015703309,0.046121076,0.9523086
id11989,0.24547756,0.23723572,0.5172867
id26095,0.5044229,0.015651237,0.47992587
id24978,0.020405006,0.014292017,0.965303
id20322,0.7453314,0.010937028,0.24373153
id01954,0.98711586,0.011221499,0.0016627011
id07434,0.3660445,0.011933749,0.6220218
id18144,0.0046613384,0.0007017977,0.9946369
id16250,0.026038706,0.96585286,0.008108459
id17793,0.0041634394,0.0042315056,0.99160504
id24067,0.6712268,0.06791814,0.26085505
id13891,0.00070222165,0.00033587174,0.9989619
id07334,0.09357117,0.88249516,0.023933634
id15633,0.010963073,0.98753893,0.0014979643
id23239,0.74035805,0.0314341,0.2282078
id10674,0.033465106,0.20976491,0.75676996
id22093,0.9814439,0.005513398,0.013042734
id08444,0.07965952,0.09756766,0.8227728
id03257,0.092086114,0.015435786,0.8924781
id10040,0.96016145,0.023143498,0.01669506
id04902,0.008565342,0.0061736694,0.985261
id01219,0.8463027,0.14758132,0.006116058
id01340,0.998511,0.0006376644,0.00085134135
id05117,0.01819839,0.977222,0.0045795795
id04908,0.006246427,0.0011144836,0.99263906
id03626,0.0026532551,7.799901e-05,0.99726874
id01888,0.9962986,0.00031514146,0.003386281
id17199,0.0029715062,0.0005754559,0.99645305
id11200,0.8312744,0.10887368,0.059851963
id27561,0.7639517,0.021128822,0.21491946
id20966,0.004555891,0.9503214,0.04512277
id10257,0.01405474,0.98397946,0.001965796
id21168,0.067303464,0.93252474,0.00017178715
id23363,0.017950501,0.003210342,0.9788391
id05321,0.5412484,0.03905524,0.4196964
id09928,0.0466209,0.00025930582,0.9531198
id18015,0.9672182,0.027720913,0.0050608986
id02082,0.004460204,0.99512684,0.0004129135
id19279,0.59189093,0.40139753,0.0067115678
id08541,0.086551405,0.90819573,0.005252826
id15249,0.0021077201,0.9769394,0.020952934
id03609,0.0034944774,0.98263067,0.0138748735
id22902,0.0079233805,0.0004195799,0.991657
id17733,0.9992149,0.00046372006,0.00032142995
id07554,0.018568674,0.25408012,0.7273512
id14120,0.5028497,0.030198276,0.46695206
id21802,0.061449867,0.86388487,0.07466524
id15614,0.003040713,0.9881825,0.008776768
id19437,0.0010057644,0.0003141418,0.9986801
id22698,0.8291668,0.1474702,0.023363017
id21841,0.045772433,0.9506638,0.0035638162
id16177,0.87288326,0.041627515,0.08548918
id15887,0.12594368,0.09190565,0.7821507
id22629,0.48636523,0.004650305,0.50898445
id10346,0.94245994,0.012481297,0.045058765
id05154,0.98019695,0.01300928,0.006793826
id22913,0.4725994,0.48999524,0.037405375
id10544,0.13060407,0.678049,0.19134688
id08703,0.11670832,0.8721819,0.011109797
id12817,0.17471243,0.0006725393,0.824615
id25433,0.5570912,0.31646645,0.12644239
id25112,0.13681471,0.12761115,0.7355741
id05054,0.030499617,0.9007863,0.06871409
id02311,0.15291667,0.76163507,0.08544827
id22160,0.0013645696,0.93284285,0.06579258
id17422,0.9849254,0.014369842,0.0007047928
id18985,0.87364423,0.008650723,0.11770508
id21905,0.021952674,0.0052914554,0.9727559
id17474,0.9026609,0.020934936,0.07640417
id15236,0.0016957973,0.99782443,0.00047979888
id13964,0.5636762,0.37763003,0.058693778
id15962,0.0057711676,0.9939413,0.00028757213
id20866,0.0685907,0.0026621094,0.9287472
id06625,0.2550679,0.63834393,0.10658814
id09793,0.13342273,0.08113287,0.78544444
id17365,0.00018798624,0.9996842,0.00012782105
id18463,0.015793381,0.98265785,0.0015487392
id20693,0.07414626,0.67009157,0.25576216
id08785,0.020707134,0.97862315,0.0006696948
id06783,0.056458373,0.77817374,0.16536789
id23178,0.054638445,0.048255444,0.8971061
id13513,0.01822032,0.97910017,0.002679533
id25361,0.14613266,0.04866497,0.80520236
id22319,0.71684325,0.04733623,0.23582052
id14024,0.65223557,0.284344,0.063420445
id24186,0.06837654,0.8948699,0.036753573
id20965,0.644372,0.29292068,0.062707305
id06242,0.46506652,0.037168816,0.49776462
id25665,0.008684281,0.28125337,0.7100624
id09706,0.86508906,0.047213346,0.087697655
id11026,0.0004669111,0.99874705,0.0007860782
id04223,0.999561,0.00033006707,0.00010884009
id19674,0.0015774443,0.986152,0.012270623
id23420,0.163324,0.014512158,0.8221639
id18059,0.3264513,0.6470691,0.026479602
id22576,0.9661447,0.025123764,0.008731528
id18495,0.034837183,0.81736016,0.14780268
id14139,0.9731222,0.00782715,0.019050658
id18313,0.025110152,0.919403,0.055486836
id27356,0.8912536,0.09112686,0.01761957
id16035,0.020983128,0.03967109,0.93934584
id04182,0.7597854,0.2292667,0.010947903
id15667,0.99926466,0.00021249239,0.00052284944
id08713,0.986652,0.0024311584,0.010916873
id25563,0.00012440901,0.9997986,7.7039775e-05
id17023,0.98655796,0.010281757,0.0031603272
id03014,0.0018584274,0.99645084,0.0016907649
id23812,0.70822436,0.2887882,0.002987427
id20057,0.5336769,0.0727544,0.39356866
id12385,0.3073559,0.34543556,0.3472085
id24416,0.08598866,0.9066219,0.0073895045
id15672,0.11345204,0.79947174,0.08707624
id13868,0.99519664,0.00040598694,0.0043974225
id21095,0.15562342,0.51365495,0.33072165
id05305,0.14525488,0.5450422,0.3097029
id15384,0.02502579,0.41522956,0.55974466
id14049,0.2199548,0.0027089685,0.77733624
id23441,0.45185328,0.5445897,0.0035570087
id12856,0.017515628,0.002919118,0.97956526
id16055,0.017666359,0.0066562006,0.97567743
id24771,0.8078882,0.17508237,0.017029403
id14053,0.53992057,0.10683899,0.35324046
id19547,0.02047156,0.22329463,0.7562338
id03639,0.08065608,0.8758515,0.043492325
id14546,0.6621253,0.27374566,0.064129025
id13935,0.9571722,0.0054772533,0.037350535
id20335,0.20568107,0.76403546,0.0302835
id07301,0.17959557,0.017729715,0.8026747
id10186,0.6901706,0.030391399,0.27943805
id00192,0.6137219,0.039579175,0.34669894
id17851,0.9841218,0.014785693,0.0010924439
id08403,0.014208646,0.792563,0.19322842
id06183,0.56138766,0.36525387,0.073358506
id24738,0.46840364,0.5238398,0.0077565894
id15112,0.81090164,0.07389967,0.11519866
id19819,0.0015066894,0.0012256538,0.9972676
id17722,0.012666169,0.03416591,0.9531679
id24273,0.0311266,0.8625133,0.10636001
id18939,0.03599362,0.0002565596,0.96374977
id16076,0.29804662,0.61619276,0.085760586
id23158,0.021101411,0.071708955,0.90718967
id12745,0.48964012,0.3658501,0.14450982
id22538,0.10876833,0.027564462,0.86366725
id14975,0.29151404,0.6991725,0.009313462
id27537,0.98249674,0.010917061,0.0065862513
id06632,0.054232698,0.0034411165,0.9423262
id08100,0.19003336,0.80405354,0.0059130834
id00843,0.9988153,0.00078472064,0.00040003276
id22159,0.009071495,0.00085299264,0.9900755
id18672,0.91020644,0.000709009,0.08908462
id06916,0.15178144,0.7573225,0.090896115
id22212,0.7698743,0.05537773,0.17474799
id00273,0.004632918,0.0008303719,0.99453676
id26325,0.31760767,0.42903757,0.2533548
id23683,0.022027908,0.97709733,0.0008747545
id14419,0.0014120849,0.99780315,0.0007848059
id11931,0.0013311355,0.9986089,6.0020924e-05
id00568,0.0083936425,0.987454,0.0041523557
id12271,0.9862705,0.013629573,9.9966404e-05
id12622,0.8345253,0.16384971,0.0016250112
id03156,0.059044905,0.86884344,0.07211168
id25592,0.9978826,0.0008185649,0.0012988735
id24367,0.9663785,0.009694949,0.02392656
id16007,0.0010857077,0.00013273767,0.99878156
id04785,0.73055685,0.022608103,0.24683505
id07888,0.09650962,0.08454643,0.8189439
id13557,0.248102,0.54839796,0.20350009
id20726,0.98485017,0.005495188,0.009654694
id09580,0.92711043,0.07266672,0.00022286974
id05173,0.09814374,0.86892366,0.032932565
id10394,0.0012963583,0.9957784,0.0029252497
id03926,0.004866011,0.99493235,0.00020168554
id07264,0.99570745,0.00045766626,0.0038349228
id01862,0.042430133,0.69096816,0.26660177
id20808,0.018218966,0.95454323,0.027237747
id26658,0.05683218,0.30909652,0.63407135
id04479,0.78397495,0.056739062,0.15928605
id17445,0.53142667,0.4634275,0.0051458096
id04430,0.18366528,0.5658314,0.25050333
id06052,0.96383446,0.0011106479,0.03505481
id11485,0.72083026,0.21573839,0.06343135
id13060,0.6703754,0.15409227,0.17553237
id20873,0.87414306,0.028482165,0.09737482
id21927,0.9186259,0.07183061,0.009543475
id02736,0.93686527,0.034592073,0.028542653
id11234,0.060616545,0.23342536,0.7059581
id27894,0.976511,0.017860819,0.0056281774
id23208,0.06074343,0.49866918,0.44058737
id18470,0.19474481,0.5027361,0.30251908
id23172,0.25866604,0.72914183,0.012192122
id08752,0.7133706,0.027243964,0.2593854
id14242,0.30255914,0.01755105,0.6798898
id22908,0.8601242,0.0039084265,0.13596733
id17454,0.039772015,0.92120314,0.039024852
id23797,0.7568357,0.029569782,0.21359456
id03788,0.5834509,0.4066249,0.009924199
id23682,0.34706858,0.005215201,0.6477162
id07179,0.94003236,0.0140975,0.045870185
id09746,0.00249227,0.9929959,0.004511851
id26613,0.1739201,0.040258992,0.7858209
id05142,0.9680483,0.0284655,0.0034861902
id04825,0.0033506448,0.9939096,0.0027397757
id13691,0.6202884,0.06499134,0.3147203
id14183,0.005764893,0.00082426536,0.9934109
id19519,0.026045868,0.016854396,0.95709974
id26685,0.6035597,0.010185255,0.38625512
id07937,0.54565734,0.00786826,0.44647446
id10574,0.0033013672,0.99441504,0.0022835475
id15310,0.0054904423,0.9940802,0.00042937792
id27311,0.0026220868,8.278415e-05,0.99729514
id11590,0.37874487,0.008586637,0.61266845
id19798,0.043087102,0.85590214,0.101010755
id12201,0.7472912,0.20565863,0.047050122
id12460,0.113155454,0.0073715844,0.879473
id12019,0.9616336,0.03586184,0.0025045753
id08046,0.8070406,0.10424218,0.08871725
id02989,0.4349327,0.39350784,0.1715595
id26905,0.0052396376,0.0028489507,0.9919115
id09779,0.99773806,0.00077001745,0.0014919279
id04359,0.33961806,0.41167215,0.24870983
id01526,0.9854616,0.006053711,0.0084847165
id22325,0.020036222,0.86297226,0.11699153
id27878,0.71896154,0.2148979,0.06614055
id06413,0.00033796133,0.99964476,1.7261797e-05
id12616,0.02691293,0.9441246,0.028962547
id05301,0.950877,0.015961368,0.03316166
id13258,0.13629596,0.029665686,0.8340384
id08789,0.188992,0.72266835,0.08833968
id11776,0.005817132,0.9933427,0.0008402268
id21899,0.7968616,0.17097875,0.03215969
id18108,0.5347911,0.0007687962,0.46444008
id23585,0.5515956,0.17088132,0.27752307
id22122,0.45350203,0.0003807467,0.54611725
id22855,0.5983202,0.060212757,0.34146705
id19551,0.8339306,0.0025074384,0.163562
id18535,0.00020216261,0.9994653,0.00033251863
id15115,0.18215561,0.024717249,0.7931272
id00678,0.60464764,0.39316496,0.0021874516
id21876,0.21611139,0.5349298,0.24895884
id01553,0.9444001,0.0059401686,0.04965976
id09456,0.9101769,0.0031509376,0.08667219
id01455,0.7265596,0.23118308,0.042257346
id02454,0.0023033326,0.9960988,0.0015978313
id07911,0.78898495,0.0040553994,0.20695965
id13383,0.8816455,0.09465858,0.023695935
id19953,0.4515989,0.0049543898,0.5434467
id10316,0.8173206,0.02725679,0.15542269
id01991,0.31190145,0.27757332,0.4105253
id19176,0.98799115,0.0076124324,0.0043964325
id06744,0.42406172,0.15325174,0.42268658
id09999,0.51586235,0.0027397578,0.4813979
id11253,0.008817583,0.0058484976,0.9853339
id15089,0.00436329,0.9948814,0.0007553331
id16821,0.09407008,0.0006600707,0.90526986
id08256,0.96738476,0.024433285,0.0081819715
id14844,0.2086356,0.019717276,0.77164716
id25950,0.024429614,0.8650187,0.11055163
id11961,0.00017151449,0.9997151,0.000113396694
id00092,0.024841908,0.0013340428,0.973824
id13083,0.0005887461,0.014274109,0.98513716
id25825,0.8951377,0.033558365,0.07130391
id03045,0.028296132,0.025519848,0.94618404
id19037,0.42259818,0.4612503,0.11615154
id24357,0.05333699,0.0031791222,0.9434838
id24449,0.50912297,0.4869981,0.0038789324
id22847,0.013981957,0.97993416,0.006083888
id27720,0.9997096,0.00025622649,3.4163793e-05
id11619,0.7570988,0.17204478,0.07085647
id03129,0.6956019,0.0100145405,0.29438356
id04264,0.0057334006,0.98193675,0.012329771
id19748,0.07494699,0.08096682,0.8440862
id20851,0.015722003,0.0075020106,0.976776
id13277,0.6313443,0.29311514,0.07554049
id06419,0.004025501,0.99442077,0.0015537253
id00581,0.97731894,0.012976694,0.0097043775
id08765,0.81567806,0.17429353,0.01002841
id13492,0.08395291,0.7479677,0.16807939
id12049,0.01924104,0.9803825,0.00037648442
id12700,0.9954334,0.003207308,0.0013593114
id07697,0.995206,0.0038984888,0.00089552137
id00262,0.14904445,0.85004234,0.00091322546
id20969,0.06093955,0.425686,0.51337445
id18465,0.046067752,0.0104480805,0.9434842
id10027,0.3502907,0.23970333,0.41000602
id03007,0.039774053,0.28294978,0.6772762
id23465,0.4356662,0.4042355,0.1600983
id09086,0.8731057,0.04065317,0.086241126
id08015,0.0076143015,0.9807504,0.011635263
id04285,0.45739666,0.22863777,0.31396553
id04356,0.032669995,0.03771999,0.92961
id03554,0.81876886,0.13073765,0.050493505
id06922,0.7248876,0.08051398,0.19459845
id15733,0.00055253046,0.99866986,0.0007775872
id24934,0.009148599,0.0003855673,0.9904659
id05529,0.9854893,0.009081601,0.0054290504
id00298,0.0047631296,0.9919796,0.0032572504
id08158,0.56409645,0.2874372,0.14846633
id15135,0.93199515,0.018854884,0.049149968
id06574,0.616448,0.20381598,0.17973605
id20017,0.00629112,0.9663441,0.027364796
id14386,0.005210407,0.085444234,0.9093453
id24226,0.6373349,0.31609148,0.046573706
id24212,0.013434307,0.9778902,0.008675558
id14116,0.0022768725,2.1378111e-05,0.99770176
id14500,0.03620964,0.0051331795,0.9586572
id22744,0.062296692,0.61446923,0.32323408
id16163,0.99913883,0.0006785376,0.00018260119
id17883,0.9927089,0.003559298,0.003731808
id04631,0.012447512,0.12097642,0.8665761
id26517,0.35043737,0.30900112,0.34056148
id12655,0.018237092,0.11119151,0.8705714
id01505,0.3091751,0.67042303,0.020401917
id00104,0.29060683,0.057377964,0.6520152
id20387,0.1395147,0.75658625,0.103898965
id02843,0.33873114,0.014185223,0.64708364
id04361,0.006505335,0.019811923,0.97368276
id26813,0.9830238,0.0030349165,0.013941318
id01466,0.010037069,0.9725062,0.017456748
id17090,0.2086695,0.48517427,0.30615625
id06691,0.033695415,0.015714098,0.9505905
id09408,0.88642263,0.04398092,0.06959647
id15285,0.98481613,0.00051691866,0.014667001
id16283,0.99590045,0.0007359318,0.0033636107
id12607,0.94817495,0.038046528,0.013778559
id25965,0.35397148,0.23957866,0.40644982
id07268,0.01971949,0.9759679,0.004312657
id13529,0.038937747,0.17224674,0.7888155
id11969,0.0029344847,0.9963941,0.0006714691
id20299,0.08197144,0.82471234,0.09331627
id08770,0.17365733,0.01866365,0.80767906
id20730,0.5772477,0.010114368,0.41263792
id06333,0.039669596,0.9362458,0.02408465
id27451,0.8091108,0.18012178,0.010767381
id12111,0.010325815,0.0014909464,0.98818326
id06609,0.11363068,0.009513084,0.87685627
id12299,0.99249846,0.0030322974,0.0044692447
id23264,0.6795298,0.014632448,0.30583772
id04222,0.8477092,0.13894826,0.013342544
id17229,0.047799654,0.9513141,0.00088628335
id24365,0.009807658,0.14150089,0.84869146
id18294,0.061613947,0.92642266,0.011963364
id04493,0.97307193,0.0022399111,0.024688214
id27575,0.99465597,0.0014376874,0.003906354
id03801,0.96583265,0.00065903424,0.03350824
id11611,0.0014612027,3.9356044e-05,0.99849945
id01632,0.13162044,0.032714803,0.8356648
id06510,0.2582486,0.68476546,0.056985963
id20431,0.047467742,0.01429788,0.9382344
id23529,0.117825516,0.03127119,0.8509033
id13951,0.0038762996,0.002804384,0.99331933
id00803,0.19735993,0.7979626,0.004677482
id06737,0.81824994,0.006163947,0.17558612
id24288,0.9871242,0.0021180005,0.010757786
id08385,0.4018487,0.47062567,0.12752566
id22859,0.0057528033,0.99332535,0.00092185056
id22234,0.00573784,0.91870177,0.07556037
id10365,0.00013650053,0.99983233,3.1164975e-05
id00865,0.19848694,0.023447383,0.7780657
id19405,0.0764975,0.081147544,0.84235495
id11246,0.040931407,0.001444121,0.9576245
id19587,0.0007888441,0.00030117584,0.99891
id24614,0.043702565,0.9423019,0.013995552
id23623,0.9181392,0.069277495,0.01258333
id15271,0.21585563,0.73284113,0.051303267
id20478,0.0030308664,0.0011602814,0.99580884
id25277,0.93692404,0.0026618605,0.060414083
id22004,0.85583735,0.11723914,0.026923535
id16728,0.003743419,0.99592304,0.00033353403
id06907,0.13802342,0.7767354,0.085241154
id11895,0.0014926322,0.9982424,0.0002650284
id13802,0.16011384,0.10403871,0.7358475
id18459,0.008618954,0.98883307,0.0025479705
id21371,0.7251156,0.029718624,0.24516575
id11408,0.0053757546,0.9945911,3.3129218e-05
id05442,0.46010888,0.5331031,0.006788024
id21499,0.026486946,0.886013,0.087500066
id18066,0.63548344,0.3239389,0.040577646
id23617,0.04581446,0.15093222,0.8032533
id07725,0.02528173,0.008530518,0.9661878
id24627,0.98657227,0.005090823,0.008336927
id19108,0.69516605,0.3000335,0.004800492
id11800,0.0014184109,0.00014161543,0.99843997
id14588,0.98151994,0.0047039366,0.0137761785
id27474,0.59834486,0.06777677,0.33387837
id07924,0.99115646,0.00698012,0.001863463
id10772,0.8235739,0.0038995624,0.17252658
id19235,0.0100912955,0.34131664,0.6485921
id13647,0.3548925,0.18194595,0.46316156
id08673,0.51585317,0.0031367051,0.48101017
id24850,0.068290085,0.92633736,0.0053725247
id11764,0.7701497,0.002006751,0.22784355
id05197,0.35776138,0.35801515,0.28422344
id23600,0.1398655,0.00577584,0.8543587
id14699,0.01725008,0.9725238,0.010226173
id26801,0.7293623,0.028648503,0.24198918
id25664,0.8087863,0.16544068,0.025773086
id07809,0.89062095,0.091144815,0.018234227
id13081,0.1379243,0.008745434,0.8533303
id11381,0.4608928,0.024564942,0.5145422
id14721,0.05292592,0.89968896,0.04738512
id07800,0.9689651,0.010810452,0.020224469
id13883,0.75440735,0.23086628,0.014726388
id04488,0.95464015,0.023344256,0.022015586
id03530,0.23777926,0.1646823,0.5975385
id15823,0.08166693,0.0013302194,0.91700286
id11701,0.2752981,0.0009019943,0.72379994
id07806,0.00609237,0.88323903,0.11066863
id19036,0.011167342,0.9801537,0.008678982
id20765,0.9193485,0.07068505,0.009966469
id26691,0.32308996,0.41574842,0.2611616
id02642,0.02764292,0.04961307,0.92274404
id06475,0.87575823,0.105035305,0.019206481
id19019,0.41952243,0.5304124,0.050065245
id14616,0.44430834,0.005755732,0.54993594
id08537,0.9502621,0.047502603,0.0022353106
id19126,0.30328748,0.014932228,0.6817803
id01774,0.002916311,0.00047315838,0.9966105
id08623,0.7185127,0.23481768,0.046669625
id17150,0.003957164,0.001218471,0.9948244
id06325,0.06628836,0.0075688967,0.92614275
id23161,0.021055045,0.06887805,0.9100669
id09876,0.078202225,0.0023826102,0.9194152
id01551,0.45888484,0.37376702,0.16734818
id12334,0.0056619733,0.9939931,0.0003449489
id03577,0.36983514,0.0050191716,0.62514573
id20706,0.99946386,0.00030425476,0.00023189522
id23704,0.013984259,0.97970253,0.0063131945
id10029,0.030417882,0.92929137,0.04029078
id19600,0.002178582,0.9956955,0.0021259214
id22367,0.0026421493,0.99678934,0.0005685487
id12262,0.98830765,0.008073735,0.003618647
id09698,0.08854861,0.9080284,0.003423004
id10919,0.9968087,0.0028786277,0.00031267552
id12508,0.04820326,0.94998443,0.0018123387
id16206,0.09915203,0.015333891,0.885514
id25927,0.16081385,0.0035665003,0.8356196
id23189,0.043412473,0.9026322,0.053955406
id00406,0.063093744,0.88445026,0.05245603
id01257,0.34615517,0.40320355,0.25064132
id15147,0.98202896,0.017576527,0.00039457466
id24692,0.9743796,0.017935026,0.0076853805
id02919,0.022760358,0.9743696,0.0028700663
id00339,0.000897002,0.99883753,0.0002654511
id20981,0.006576395,0.98679906,0.0066245557
id00658,0.09493936,0.0024350446,0.9026256
id02255,0.047917333,0.13879867,0.813284
id13282,0.9699478,0.0076491954,0.022403045
id13189,0.33854964,0.13690655,0.5245438
id07267,0.99854064,0.000724833,0.0007345253
id05272,0.8502182,0.03643937,0.11334248
id22653,0.27651832,0.5267499,0.19673184
id06894,0.053330798,0.0016657704,0.94500345
id21657,0.66660285,0.3268184,0.006578747
id00430,0.03660819,0.73927796,0.2241139
id21655,0.0537253,0.035391904,0.9108828
id04764,0.21347156,0.004598755,0.7819297
id08665,0.026014185,0.0026691027,0.97131675
id20985,0.060495105,0.014257806,0.9252471
id08095,0.6819361,0.22915077,0.08891315
id12015,0.9782597,0.016108377,0.005631898
id13210,0.74227685,0.24696024,0.010762961
id24937,0.27540857,0.6934314,0.031160057
id03675,0.003237703,0.9902846,0.0064776046
id26951,0.38320997,0.46937084,0.1474192
id06104,0.080686465,0.022687685,0.8966259
id20105,0.01329724,0.98566437,0.0010383818
id20441,0.0009801221,0.00036349663,0.9986564
id05660,0.9712081,0.01933493,0.009456997
id04078,0.0019879555,0.0021485751,0.9958635
id26101,0.021038886,0.017002042,0.96195906
id10144,0.0041144094,0.98189014,0.013995469
id15096,0.024312083,0.04950389,0.92618406
id11903,0.63960457,0.008282984,0.35211247
id24093,0.021605842,0.011989063,0.9664051
id06388,0.74461806,0.082076885,0.17330506
id01203,0.8234415,0.12896672,0.047591813
id18448,0.8914017,0.0015877985,0.10701047
id10382,0.42796856,0.287436,0.28459546
id25109,0.084542945,0.040715378,0.8747417
id15526,0.005286776,0.00057273085,0.9941405
id09411,0.11695552,0.0682293,0.8148152
id03937,0.036773775,0.010255397,0.95297086
id09740,0.0417052,0.006796704,0.9514981
id11584,0.02854037,0.7431467,0.22831297
id06135,0.96527594,0.023067545,0.011656504
id22666,0.48672947,0.51230323,0.000967264
id03104,0.999956,1.9778001e-05,2.416992e-05
id21763,0.9935783,0.004497347,0.0019243179
id26344,0.06270616,0.060073327,0.8772205
id11819,0.89074916,0.108601384,0.0006494688
id20309,0.0030387621,0.99580556,0.0011556769
id12751,0.7622536,0.23380367,0.0039427737
id16205,0.74098957,0.03155484,0.22745565
id07347,0.016710836,0.0008072682,0.9824819
id20347,0.3800693,0.6177078,0.0022229368
id05696,0.040374387,0.006485089,0.95314056
id04648,0.8867897,0.03277977,0.08043055
id19654,0.49347115,0.49208283,0.014446065
id03991,0.5176136,0.13936053,0.34302592
id05523,0.4972133,0.10110434,0.4016824
id27445,0.99636215,0.002568403,0.001069466
id27516,0.003608638,0.9962135,0.00017789615
id13992,0.0009392783,3.8588525e-05,0.9990221
id02429,0.00687495,0.0002242116,0.99290085
id01682,0.0022910193,0.99764603,6.293058e-05
id20561,0.83783394,0.14578635,0.016379746
id26906,0.98831034,0.010554898,0.0011347794
id01724,0.46474856,0.12318581,0.41206565
id25283,0.9242868,0.030014783,0.04569843
id06926,0.8952841,0.09941223,0.0053036083
id13887,0.9841115,0.009484545,0.0064039854
id07530,0.95813334,0.035695568,0.00617113
id13460,0.99172896,0.006557598,0.0017134305
id14695,0.004565634,0.9870548,0.008379542
id08133,0.59133804,0.008567873,0.40009412
id06364,0.034389395,0.03729914,0.9283114
id22368,0.0028919326,0.99267286,0.004435225
id04855,0.0021403981,0.9972638,0.0005957822
id14016,0.055508908,0.025377458,0.9191136
id25801,0.0044260747,0.98047316,0.015100802
id16241,0.011463006,0.004802122,0.98373485
id01120,0.07530888,0.79909706,0.12559411
id00058,0.077557825,0.9077506,0.014691617
id24503,0.24100637,0.009579049,0.74941456
id03213,0.005284403,0.98870987,0.0060057533
id06040,0.9641916,0.0004344777,0.03537396
id26219,0.014528223,0.94998425,0.03548752
id23723,0.09008795,0.8553023,0.054609794
id17565,0.58510715,0.21617657,0.19871631
id02243,0.20478784,0.75650537,0.03870677
id04802,0.99975574,0.00021287498,3.1433574e-05
id07148,0.4545692,0.013213754,0.532217
id16071,0.84668833,0.051680446,0.10163121
id14810,0.8921599,0.048544668,0.059295483
id15386,0.88062274,0.10304608,0.016331086
id14768,0.99614584,0.0010899011,0.002764248
id05056,0.9914722,0.00013389552,0.008393915
id27065,0.2013694,0.022081425,0.77654916
id27245,0.4191389,0.5351897,0.04567144
id25911,0.9347268,0.050771862,0.014501381
id10581,0.9566396,0.017255522,0.026104866
id21852,0.94069636,0.035637297,0.023666292
id13922,0.42890316,0.23006766,0.34102917
id21904,0.3809144,0.31170335,0.30738226
id25974,0.08085571,0.001372808,0.9177715
id03323,0.2548533,0.49865258,0.2464941
id01385,0.7982302,0.19173644,0.01003345
id20469,0.4372103,0.41801056,0.14477915
id04281,0.07325953,0.80189747,0.124843
id17752,0.9933513,0.0064825243,0.00016614825
id27768,0.6214125,0.36619884,0.012388654
id15545,0.00932591,0.9875224,0.003151679
id27853,0.022914832,0.0061482755,0.9709369
id10103,0.96731144,0.0005090372,0.03217957
id04374,0.07848368,0.04680968,0.8747066
id23102,0.46328086,0.47359335,0.06312581
id15727,0.002372118,0.0025577506,0.99507016
id22643,0.69483846,0.041558493,0.26360306
id26174,0.002336162,0.023190992,0.9744728
id16776,0.003171281,0.9940871,0.0027416584
id11156,0.8506503,0.0054211784,0.14392854
id18288,0.0782172,0.023871187,0.8979116
id21487,0.091578774,0.047327362,0.8610939
id06888,0.2840692,0.002810851,0.7131199
id24094,0.21937191,0.08022516,0.7004029
id21383,0.07150173,0.7974036,0.13109472
id10309,0.06565318,0.08688605,0.84746075
id09189,0.47235247,0.21076274,0.31688473
id26844,0.049890377,0.091672465,0.8584372
id02103,0.06628059,0.007621758,0.92609763
id13699,0.03923854,0.010474403,0.9502871
id05005,0.0022881457,0.003965798,0.99374604
id19814,0.9443438,0.02333723,0.03231894
id24703,0.65794665,0.33982003,0.0022333274
id04594,0.0064326576,0.0035530233,0.9900143
id13789,0.9628028,0.0352778,0.0019193875
id01938,0.08084438,0.9127263,0.0064293346
id24274,0.8782938,0.0023085878,0.119397596
id13727,0.8478048,0.033185743,0.1190095
id19335,0.071377136,0.0016596329,0.9269632
id21064,0.06314108,0.07389409,0.8629648
id04044,0.0012243208,0.99560845,0.0031672325
id01696,0.23541142,0.114222206,0.6503664
id05601,0.16617166,0.029448519,0.80437976
id13591,0.8381516,0.029273925,0.13257456
id09164,0.053714607,0.9092936,0.03699181
id16563,0.016208252,0.26478422,0.7190075
id00380,0.91708285,0.001086505,0.08183062
id04612,0.0011233523,0.22171618,0.77716047
id17341,0.12975258,0.024829281,0.84541816
id23426,0.00016056826,0.9971699,0.002669523
id02177,0.9698755,0.0061618765,0.023962643
id24279,0.020910997,0.13468155,0.84440744
id07226,0.97353756,0.024940854,0.0015215753
id23305,0.535037,0.042480364,0.42248264
id00684,0.5757869,0.23760697,0.1866062
id22025,0.0019470699,0.0022183917,0.9958345
id26143,0.9865008,0.010650759,0.0028484499
id12002,0.083240174,0.50888455,0.4078753
id04610,0.31723022,0.67545474,0.0073151207
id27224,0.09979111,0.013760309,0.88644856
id10716,0.03489168,0.9293509,0.035757437
id14057,0.9663106,0.0150481975,0.018641148
id14982,0.9950786,0.0021802129,0.0027411522
id00401,0.84583944,0.10630019,0.047860384
id12248,0.96431845,0.012795493,0.022886027
id04641,0.93498486,0.007129798,0.05788536
id01658,0.41846323,0.0014458721,0.5800909
id03153,0.23567219,0.06535485,0.69897294
id27961,0.8434418,0.025558816,0.13099943
id15984,0.98846895,0.007951503,0.0035795497
id01789,0.68751127,0.3096731,0.0028156494
id27264,0.19424044,0.027472807,0.77828676
id05158,0.0033873532,0.0011841287,0.99542856
id14265,0.21079606,0.5374753,0.25172868
id20696,0.79941714,0.063478045,0.13710475
id01133,0.7423009,0.028039074,0.22965999
id24953,0.58706415,0.40536737,0.007568508
id11298,0.06925508,0.0115906615,0.9191543
id20917,0.7161979,0.016063446,0.26773867
id25275,0.029748272,0.95992434,0.01032738
id00850,0.627844,0.09181263,0.28034344
id23225,0.00040027805,0.9995449,5.4767923e-05
id15602,0.006114294,0.014364023,0.9795217
id12160,0.25903982,0.24744447,0.4935157
id25388,0.0020216254,0.9969131,0.0010653323
id13837,0.02103119,0.97436947,0.004599379
id06804,0.02029562,0.019772,0.9599324
id19978,0.25237763,0.7389591,0.008663378
id27563,0.021815889,0.00086580263,0.9773183
id23762,0.6323812,0.2885866,0.079032235
id22734,0.0326791,0.9557627,0.011558239
id09094,0.69695306,0.1794825,0.123564444
id27270,0.0009213795,0.9989227,0.00015594448
id05043,0.07596755,0.508247,0.41578546
id15290,0.13819991,0.82803327,0.03376683
id26333,0.92628497,0.008085321,0.065629736
id26111,0.38636416,0.5569139,0.056721903
id23029,0.04641826,0.0013061668,0.9522756
id11837,0.29253927,0.65982145,0.047639284
id03497,0.84383315,0.0045354245,0.15163143
id19290,0.9225996,0.0651285,0.012271882
id08008,0.58032054,0.39729834,0.022381147
id24949,0.0012258295,0.9965976,0.002176573
id25023,0.06282376,0.011955137,0.92522115
id02205,0.026162336,0.8714018,0.10243591
id11041,0.96257854,0.0061815027,0.031239992
id14395,0.0011632193,0.9976418,0.0011949873
id01130,0.5868953,0.19244796,0.22065678
id21066,0.7144898,0.025958687,0.25955153
id17774,0.9154421,0.023964278,0.060593586
id24519,0.014184927,0.0044353036,0.9813798
id08460,0.48885396,0.31806278,0.19308329
id19897,0.009943086,0.9855463,0.004510615
id19028,0.9947559,0.0048158336,0.00042825696
id01850,0.8898408,0.09940551,0.010753733
id22472,0.0906929,0.9084025,0.00090460555
id10709,0.103672154,0.60390425,0.2924236
id17260,0.1864008,0.41503513,0.3985641
id22262,0.97540164,0.0048595187,0.019738823
id00115,0.9372572,0.05792458,0.0048182453
id17483,0.022740759,0.0056215706,0.9716377
id10763,0.93682504,0.015340246,0.047834698
id18014,0.009492444,0.9720406,0.018466955
id20414,0.175871,0.0049589686,0.81917
id14244,0.47899294,0.051647887,0.46935913
id24952,0.8209085,0.0023636606,0.17672777
id08217,0.2678894,0.03029943,0.7018112
id01578,0.00048763465,0.019158008,0.98035437
id00641,0.2807746,0.7185488,0.000676695
id24982,0.99650025,0.0021967164,0.0013030396
id11192,0.9629711,0.033492602,0.0035363329
id13759,0.065705694,0.000980698,0.9333136
id26752,0.82838196,0.16446315,0.007154895
id06820,0.91976607,0.031841423,0.04839255
id27298,0.5400676,0.18455805,0.27537432
id20735,0.0059918165,0.0010536928,0.99295443
id08390,0.012163791,0.9785413,0.009294873
id18571,0.14508706,0.013180176,0.8417328
id05804,0.0017717325,0.99622005,0.0020081548
id11867,0.024186699,0.0432369,0.9325764
id10286,0.7935033,0.0050282814,0.20146847
id22020,0.9997541,0.00018671078,5.924329e-05
id25835,0.07522889,0.094261535,0.83050954
id06583,0.8720898,0.043960106,0.08395007
id21403,0.113382205,0.84836143,0.038256355
id26730,0.9940921,0.0010160502,0.004891854
id06873,0.91510344,0.053395636,0.03150096
id03552,0.99749655,0.00056766596,0.0019357704
id05607,0.4539399,0.2909964,0.25506362
id26395,0.12759814,0.025191698,0.84721017
id02844,0.43003276,0.40102592,0.16894136
id19710,0.042573147,0.9130107,0.04441618
id17076,0.6168959,0.27753404,0.10557008
id14070,0.8040422,0.04549423,0.15046361
id17106,0.97700614,0.008236032,0.0147578465
id24689,0.91402674,0.009780023,0.076193236
id03718,0.10271064,0.0017634941,0.8955259
id03957,0.99276185,0.0055122883,0.0017258476
id18995,0.0017376384,0.9981712,9.1126916e-05
id11668,0.7371665,0.08463492,0.17819859
id15721,0.8836565,0.0016992355,0.11464427
id10379,0.041087914,0.83714694,0.12176518
id15009,0.9565703,0.029637434,0.01379216
id11339,0.071596876,0.9172934,0.011109745
id18532,0.079051375,0.92078793,0.00016070115
id16469,0.8796133,0.074791074,0.045595627
id22464,0.0003206259,0.99964726,3.2103664e-05
id06314,0.011858008,0.001323168,0.98681885
id27085,0.9583097,0.0032863575,0.038403917
id14452,0.9955918,0.00064211,0.0037660685
id14939,0.9691586,0.013544551,0.017296862
id20094,0.93658733,0.022242758,0.041169893
id23077,0.23288946,0.762537,0.004573525
id17527,0.9816568,0.016765915,0.0015773319
id14895,0.99259007,0.0054405737,0.0019693677
id22577,0.00043256153,6.774146e-05,0.9994997
id16111,0.10157497,0.8277387,0.07068636
id21649,0.07135581,0.26387078,0.6647734
id22954,0.9468561,0.048234273,0.0049096458
id12624,0.033778835,0.030283136,0.93593806
id05737,0.9898205,0.0018707986,0.008308735
id23937,0.07434004,0.0012018667,0.92445815
id06620,0.0003610024,0.00037278753,0.9992662
id18650,0.020305444,0.18563743,0.79405713
id09656,0.91301435,0.02833781,0.058647852
id10285,0.91553825,0.03516121,0.049300544
id05729,0.008994556,0.015568613,0.97543687
id00102,0.012745955,0.8473973,0.1398567
id26276,0.033150986,0.2828751,0.68397397
id12620,0.8104791,0.17466238,0.014858567
id17949,0.28299278,0.012890646,0.7041166
id15708,0.014362304,0.98345155,0.0021862022
id18300,0.88619936,0.025202656,0.08859805
id04039,0.5216459,0.1022205,0.37613365
id12158,0.98307765,0.010771952,0.006150426
id23197,0.006618851,0.97776914,0.015612007
id25384,0.19313346,0.7830567,0.023809938
id09070,0.01642517,0.45639515,0.5271797
id27734,0.9597437,0.0022878703,0.03796847
id27332,0.38573444,0.43664148,0.17762408
id00973,0.26575202,0.7201336,0.014114447
id26625,0.23975162,0.71360767,0.046640735
id24578,0.0062094065,0.9879688,0.005821805
id05423,0.055302795,0.925499,0.019198194
id19124,0.009164159,0.95790535,0.032930523
id00946,0.99360764,0.0009255767,0.005466734
id19229,0.8734994,0.12071069,0.005789932
id05311,0.1735734,0.7984098,0.028016813
id03289,0.97499555,0.02246471,0.0025397507
id17758,0.125848,0.872762,0.0013900241
id24336,0.0007694641,0.9991466,8.396399e-05
id00603,0.14319761,0.0015718115,0.85523057
id26467,0.025064955,0.024362022,0.950573
id27835,0.14029558,0.13179612,0.7279083
id06861,0.3147894,0.041304886,0.6439057
id23847,0.0021957075,0.0019958504,0.9958085
id06174,0.08647033,0.90301704,0.01051268
id10968,0.99074477,0.0047515053,0.004503679
id10881,0.95229053,0.04133269,0.0063768253
id03204,0.00053022214,0.99809676,0.0013730132
id21921,0.4249182,0.42865914,0.14642265
id06539,0.9988418,0.00016033699,0.0009978273
id08880,0.06494803,0.40555474,0.5294972
id14725,0.16480084,0.009624186,0.825575
id26107,0.007915443,0.0034601926,0.9886244
id07874,0.041163836,0.9579273,0.00090892834
id23638,0.94473666,0.034029726,0.021233618
id13498,0.007912173,0.13349113,0.8585967
id18940,0.013373822,0.0006170255,0.9860092
id02120,0.91170144,0.07677428,0.011524277
id26663,0.38386026,0.026379388,0.5897604
id20127,0.0014953769,0.0008647309,0.9976399
id27922,0.3282799,0.007594905,0.66412514
id15106,0.42019233,0.2129316,0.36687604
id22158,0.112768725,0.0037058196,0.8835255
id17029,0.027186409,0.9608113,0.012002321
id02554,0.67369914,0.2505401,0.07576078
id18454,0.030060314,0.36237565,0.6075641
id09016,0.10226211,0.021862568,0.87587535
id02307,0.9855979,0.002364704,0.012037422
id01650,0.0064835907,0.0008948763,0.99262154
id01254,0.0019524493,0.99794334,0.00010416509
id12921,0.010686435,0.0005362417,0.98877734
id05721,0.0061382325,0.0001145063,0.99374723
id05798,0.1927436,0.6987633,0.10849303
id04417,0.11973293,0.00080328755,0.8794638
id19620,0.97916114,0.007131056,0.013707834
id22680,0.21962449,0.6580276,0.12234798
id21992,0.029708045,0.000706451,0.9695855
id22823,0.7967835,0.07734135,0.12587517
id12750,0.1303086,0.44400948,0.42568195
id23220,0.011258481,0.0066421814,0.98209935
id11851,0.023721045,0.13518041,0.84109855
id27438,0.7580063,0.049434934,0.19255883
id00797,0.049976647,0.0012148003,0.94880855
id08593,0.34312093,0.0015151267,0.6553639
id01042,0.16345647,0.04098722,0.79555637
id19898,0.7332632,0.22863436,0.038102444
id24615,0.008607592,0.013199957,0.9781925
id18594,0.013535752,0.001983932,0.9844803
id08534,0.0014666532,0.0068276874,0.99170566
id03889,0.98200196,0.017363716,0.00063431024
id04873,0.8264849,0.08807048,0.08544465
id08264,0.9817873,0.0106791,0.007533585
id10187,0.91050994,0.013402199,0.07608783
id14278,0.038116157,0.029528864,0.932355
id22528,0.00012713565,0.999831,4.1857926e-05
id07416,0.07622402,0.1390555,0.7847205
id02857,0.8336614,0.09052876,0.07580991
id03875,0.0016251202,0.99798685,0.0003880402
id24437,0.0041667554,0.9914758,0.0043574204
id24940,0.2252475,0.17674367,0.5980088
id15070,0.6421313,0.011601001,0.3462677
id14891,0.7673617,0.21865174,0.013986594
id02110,0.989273,0.002201523,0.008525472
id24405,0.7910598,0.18287316,0.026067067
id00373,0.011884233,0.030584987,0.9575308
id12728,0.973041,0.0005035436,0.026455496
id18958,0.9947195,0.004982444,0.00029807864
id17443,0.0019385759,0.9556923,0.04236913
id03959,0.98026216,0.008246141,0.011491704
id13218,0.12784407,0.7814565,0.0906995
id01980,0.9138835,0.034828644,0.05128787
id10697,0.99498093,0.004829719,0.0001893864
id24816,0.38185108,0.0641024,0.5540465
id00088,0.07562877,0.027373077,0.89699817
id13846,0.043674435,0.95517343,0.0011521617
id17597,0.8884052,0.0052792206,0.10631552
id09947,0.013923668,0.98521113,0.0008652318
id12050,0.5743018,0.24573235,0.1799659
id24060,0.0001870383,0.0001583406,0.99965465
id19942,0.9063195,0.030719003,0.06296152
id06541,0.027503021,0.968679,0.003818001
id05746,0.9730351,0.026619565,0.0003453558
id13577,0.3415486,0.46070084,0.19775051
id11877,0.0462652,0.95339024,0.0003446106
id19491,0.3760257,0.3227933,0.30118096
id11352,0.014408501,0.0039854175,0.98160607
id12791,0.89012384,0.0010482896,0.10882788
id05282,0.021476023,0.028803326,0.9497206
id26833,0.01849891,0.94401014,0.03749096
id00580,0.0016268735,0.0006481911,0.99772495
id01236,0.01652552,0.0042741965,0.9792003
id05455,0.0050659925,0.98432285,0.010611199
id00069,0.003726861,0.988596,0.0076771383
id01605,0.98078465,0.0011309759,0.0180843
id17737,0.20204563,0.041607,0.75634736
id11315,0.009267187,0.017287612,0.97344524
id24044,0.8724977,0.059838124,0.0676642
id18677,0.9810445,0.0029520865,0.016003484
id17678,0.9305046,0.0039475453,0.06554781
id21528,0.7390367,0.25819308,0.0027702458
id21985,0.17111947,0.7807954,0.048085175
id12860,0.71143526,0.17886513,0.10969959
id08793,0.9707851,0.026086135,0.003128793
id09245,0.9486018,0.023005793,0.028392456
id12523,0.02241051,0.0066284235,0.9709611
id07158,0.019495668,0.94790345,0.03260092
id03473,0.006425487,0.99130905,0.0022654259
id05999,0.99874574,0.00012401045,0.0011302425
id02469,0.47992477,0.03799682,0.48207843
id16675,0.15998273,0.07294408,0.76707315
id20508,0.014469551,0.024454247,0.96107626
id12669,0.99480313,0.0034919076,0.0017050144
id22277,0.05643782,0.0031351915,0.940427
id00355,0.0022386753,0.010073711,0.98768765
id24427,0.03998314,0.93494844,0.025068434
id19241,0.4486855,0.5154937,0.035820838
id26301,0.02526229,0.0089053605,0.96583235
id09404,0.3935502,0.5692953,0.037154526
id14347,0.9894781,0.0012402807,0.00928164
id06898,0.9985318,0.0004988408,0.0009693541
id08750,0.93468595,0.007951216,0.05736289
id13572,0.6871096,0.16048181,0.15240861
id08731,0.0022672254,0.97930044,0.018432321
id20124,0.53368074,0.022474743,0.44384447
id14276,0.1315887,0.033531196,0.8348801
id13035,0.98418117,0.0070057292,0.008813069
id24056,0.0067053824,0.0018287171,0.9914659
id21132,0.787333,0.2103353,0.0023317328
id21465,0.09316393,0.00034641544,0.9064897
id27148,0.032779053,0.9616583,0.0055626845
id14482,0.783419,0.009539124,0.20704187
id17950,0.6920935,0.3033065,0.004600068
id15233,0.0006652124,0.9989312,0.00040360622
id11794,0.029828412,0.00049931806,0.9696723
id27227,0.41636392,0.4794794,0.10415668
id13093,0.6854302,0.29672185,0.01784789
id12869,0.0011281896,0.991687,0.0071848356
id01256,0.67803663,0.005222036,0.31674135
id00934,0.20958388,0.085229196,0.70518696
id00121,0.54342484,0.22940081,0.22717436
id11054,0.02585329,0.95987624,0.014270518
id02573,0.22386484,0.0385331,0.73760206
id13626,0.7481307,0.02498257,0.2268868
id25047,0.18305741,0.6622952,0.15464738
id04465,0.022195974,0.9775858,0.00021821426
id09344,0.02510982,0.03363006,0.9412601
id24254,0.0014696826,0.99783033,0.00069997873
id04266,0.3207177,0.08532243,0.59395987
id19734,0.20147659,0.0136192925,0.7849041
id13127,0.9469899,0.009442285,0.04356786
id27066,0.08672186,0.007901839,0.9053763
id13629,0.0048923464,0.00044985913,0.9946578
id26484,0.6364518,0.08293726,0.28061098
id02074,0.8242976,0.073767394,0.101935044
id24688,0.98449224,0.0142943505,0.00121346
id17455,0.002515835,0.9972071,0.00027704448
id14980,0.79705614,0.069070056,0.1338738
id15840,0.9810532,0.013712721,0.0052340995
id20440,0.0036374808,0.0013750534,0.9949875
id25262,0.16501807,0.8292979,0.005684004
id20395,0.02864135,0.9679279,0.0034308152
id14332,0.45839888,0.5314043,0.010196785
id07118,0.1635336,0.1321099,0.70435655
id26424,0.5261334,0.46874842,0.0051181125
id21308,0.3483825,0.03180114,0.61981636
id21688,0.007079149,0.0004979143,0.9924229
id09581,0.16977209,0.74453056,0.08569735
id27297,0.41014656,0.51101035,0.07884311
id20086,0.005307749,0.95719874,0.037493523
id03762,0.15728886,0.81537056,0.027340593
id10789,0.31701487,0.0052913255,0.67769384
id18058,0.06752856,0.016011566,0.91645986
id01701,0.99695873,0.0009159375,0.0021253375
id17232,0.20180374,0.7231982,0.07499811
id23541,0.3985968,0.038583413,0.56281984
id20699,0.012990732,0.98530614,0.0017031367
id06657,0.00057413924,0.012777287,0.9866486
id13807,0.19287011,0.0073494893,0.7997804
id18344,0.14553812,0.71046096,0.14400098
id09363,0.06004756,0.044738695,0.8952137
id12470,0.023007441,0.91260046,0.06439213
id13430,0.26747662,0.6152012,0.11732218
id13549,0.059021182,0.00025921193,0.9407196
id24423,0.98313725,0.010756836,0.006105922
id15402,0.9044684,0.010132623,0.08539902
id22070,0.15648489,0.8408898,0.0026253157
id05977,0.85179394,0.12258138,0.02562471
id18772,0.7450172,0.012604183,0.24237862
id11214,0.17273358,0.782731,0.04453539
id01263,0.43322775,0.11321971,0.45355257
id03187,0.8599822,0.13785116,0.002166676
id07817,0.9641271,0.03397403,0.0018988427
id08796,0.0071881004,0.98259014,0.010221754
id02347,0.6336004,0.017110173,0.34928945
id08989,0.015438267,0.040992804,0.94356894
id24462,0.74603176,0.23273589,0.021232354
id05147,0.16887732,0.15690301,0.67421967
id26389,0.04395947,0.9549701,0.0010704495
id12300,0.04436743,0.0071946247,0.9484379
id06273,0.6374112,0.02195906,0.3406298
id27453,0.5589455,0.3622492,0.0788054
id19255,0.4868131,0.43677112,0.07641581
id22593,0.7695729,0.08041452,0.1500126
id07089,0.8559106,0.00038099047,0.14370841
id22379,0.0020757932,0.9960003,0.0019239316
id22024,0.98900306,0.009142999,0.0018539624
id25541,0.0965879,0.779351,0.124061115
id10216,0.44453546,0.5539463,0.0015182623
id07493,0.98975515,0.00911006,0.0011348361
id25552,0.94263315,0.0054312237,0.051935643
id21244,0.6893899,0.004443223,0.30616686
id17278,0.035780057,0.95631623,0.007903643
id14850,0.36692056,0.5148291,0.11825038
id21434,0.061769716,0.00916763,0.92906266
id22924,0.9733729,0.004882775,0.021744395
id17321,0.6891303,0.072128996,0.23874074
id04319,0.9793429,0.015541147,0.0051159854
id09823,0.47022077,0.47967938,0.05009986
id03485,0.013104106,0.9825742,0.004321686
id12138,0.9066562,0.07943144,0.013912366
id00196,0.04689024,0.030356247,0.9227535
id07822,0.047451627,0.01299222,0.9395561
id21775,0.0835326,0.0061736978,0.91029364
id13407,0.5190017,0.0148776155,0.4661207
id12430,0.01427417,0.9833345,0.0023913376
id23691,0.7689244,0.015473771,0.21560182
id17641,0.027800491,0.96889716,0.0033022787
id09125,0.0011527837,0.99137735,0.0074697826
id18512,0.96677786,0.013530248,0.019691905
id01639,0.26414433,0.09505559,0.64080006
id06860,0.0025846856,0.00030746282,0.9971078
id25534,0.99821484,0.0008955387,0.00088960235
id13546,0.94762963,0.041210618,0.0111597525
id10032,0.89989686,0.009250917,0.09085225
id05228,0.22940989,0.07332921,0.6972609
id24992,0.012486721,0.0013422788,0.986171
id14168,0.8687164,0.0003628359,0.13092075
id20747,0.994194,0.00082774105,0.004978335
id16986,0.7024437,0.27080506,0.026751272
id11226,0.77810115,0.15317896,0.06871987
id13998,0.8915221,0.0020692681,0.10640859
id15169,0.91640806,0.029349718,0.0542422
id00737,0.8497087,0.0037454686,0.14654583
id24476,0.8191426,0.014826596,0.16603084
id03044,0.9230323,0.010268358,0.06669936
id26746,0.96802455,0.019665364,0.012310109
id10776,0.93101925,0.013828207,0.05515258
id06266,0.16557586,0.0011032126,0.833321
id13362,0.48190802,0.50964016,0.008451863
id09335,0.98522276,0.005664166,0.009113115
id15894,0.014091257,0.9852395,0.00066928205
id15866,0.14684023,0.058760125,0.7943996
id25763,0.097377636,0.0863766,0.81624573
id01091,0.000902763,0.99896514,0.00013209308
id11647,0.5130799,0.48660204,0.00031805775
id19671,0.049703196,0.031377576,0.91891927
id18007,0.8751701,0.005890145,0.118939735
id01473,0.6922355,0.16630527,0.14145926
id07169,0.0032365464,0.00041380606,0.99634963
id05484,0.0024603126,0.0002659604,0.99727374
id18452,0.9741492,0.02192485,0.0039259316
id27490,0.44839853,0.51213276,0.039468754
id11050,0.9870647,0.005200669,0.0077346256
id07588,0.035002742,0.00093324104,0.964064
id21194,0.98611546,0.0016493021,0.012235219
id07282,0.06541596,0.0017098014,0.93287426
id03652,0.36221275,0.0011941898,0.63659304
id04009,0.0066950056,0.97366345,0.01964152
id27188,0.8741683,0.04190442,0.08392731
id19554,0.11445137,0.0017814974,0.8837671
id04072,0.23115097,0.005003771,0.76384526
id19023,0.65384704,0.18596302,0.16018994
id08801,0.06829658,0.0014981515,0.9302053
id08893,0.17007571,0.008273624,0.8216507
id03644,0.0375045,0.9471471,0.015348407
id00579,0.74298555,0.0024435923,0.25457087
id15631,0.8367162,0.14063452,0.022649346
id07828,0.5369506,0.4605096,0.0025397877
id00411,0.015254419,0.9836219,0.0011236888
id26553,0.6745409,0.06672763,0.25873145
id05221,0.16562887,0.00054949056,0.83382165
id20958,0.96724576,0.01992961,0.012824651
id19691,0.97540057,0.0002529422,0.024346499
id10400,0.9336859,0.065572985,0.00074113725
id16157,0.0033025835,0.00049666356,0.99620074
id26110,0.14877659,0.8477999,0.003423499
id26270,0.29615527,0.69546586,0.008378881
id04157,0.96804047,0.024899572,0.007059966
id24711,0.24275969,0.0051623816,0.75207794
id05534,0.16339111,0.008805062,0.82780385
id21712,0.071240634,0.12279765,0.8059617
id03280,0.62504816,0.05341004,0.32154176
id14997,0.084927894,0.00020295476,0.9148691
id21964,0.0041290787,0.0005052055,0.99536574
id20963,0.013994129,0.00011509665,0.98589075
id08635,0.15192194,0.6701108,0.17796725
id16390,0.16221447,0.57630813,0.26147738
id16486,0.77005863,0.07120652,0.1587349
id14367,0.021818912,0.6112801,0.366901
id10560,0.9896537,0.008040634,0.0023056846
id14106,0.35887563,0.12991478,0.5112096
id09668,0.98251337,0.015459007,0.0020276245
id18250,0.9713073,0.018452602,0.010240115
id26648,0.77749616,0.15292339,0.06958047
id27314,0.8240525,0.012080704,0.16386677
id04581,0.9458198,0.0016897487,0.052490488
id06405,0.19998486,0.7069786,0.093036525
id17908,0.10058367,0.005855786,0.8935605
id07217,0.8139781,0.0062876916,0.17973427
id17285,0.767808,0.026893014,0.20529895
id19589,0.48798162,0.49514773,0.016870577
id15916,0.94511414,0.01899306,0.03589283
id26239,0.94741446,0.01822161,0.03436395
id20163,0.99842846,0.0010676214,0.0005039363
id22845,0.057882175,0.36473608,0.57738173
id11509,0.7653325,0.07154308,0.16312438
id26789,0.7385831,0.23202804,0.029388906
id24679,0.99348736,0.0048669996,0.0016456236
id19832,0.95493346,0.010151795,0.034914766
id11724,0.49384847,0.25434944,0.25180206
id01539,0.15559545,0.04075637,0.80364823
id22039,0.44396663,0.21733527,0.3386981
id07621,0.0075875684,0.0025316966,0.9898807
id16398,0.61655486,0.353294,0.030151147
id15932,0.865461,0.07595709,0.05858183
id17054,0.015845237,0.98295945,0.0011953041
id23487,0.95444125,0.037565205,0.007993518
id16099,0.010218215,0.9885957,0.0011860965
id25225,0.756521,0.03691786,0.20656116
id18173,0.5954797,0.092123106,0.31239715
id24856,0.8796854,0.052611977,0.06770263
id14760,0.08773828,0.22709793,0.6851638
id25291,0.010641076,0.9844648,0.004894096
id16267,0.89499545,0.02281877,0.082185835
id07922,0.05683669,0.001148755,0.9420146
id20870,0.2999374,0.0077776294,0.692285
id21780,0.41503197,0.2951869,0.28978115
id21309,0.57621485,0.018680753,0.4051044
id05849,0.23947075,0.16879116,0.5917381
id16246,0.003145478,0.019670196,0.97718436
id25081,0.00096285477,0.9987764,0.00026080204
id06468,0.83718824,0.08350449,0.07930725
id13842,0.50859106,0.43120247,0.060206443
id23976,0.21225038,0.009835268,0.77791435
id25649,0.94968235,0.00063146057,0.04968619
id26815,0.04524701,0.934364,0.02038899
id09343,0.23378274,0.009308889,0.75690836
id03120,0.10056792,0.027559435,0.87187266
id16638,0.9101459,0.0075564636,0.08229767
id18625,0.0016772879,0.00059634907,0.9977264
id01679,0.103956915,0.00070153654,0.8953416
id17137,0.045610182,0.95388365,0.0005061674
id14684,0.20880915,0.0025380002,0.7886529
id01671,0.64320755,0.0729369,0.2838556
id27271,0.2647481,0.009434657,0.72581726
id16321,0.99722123,0.00044806636,0.0023306976
id07468,0.0001314357,0.9997882,8.038934e-05
id20777,0.07002163,0.062369496,0.86760885
id26036,0.97664213,0.010880683,0.0124771735
id23135,0.0036147,0.00046861992,0.99591666
id07669,0.04023053,0.0040031844,0.9557663
id00142,0.00012928259,0.99984014,3.0569772e-05
id12357,0.926243,0.06772346,0.006033524
id08890,0.029063297,0.0050187083,0.96591794
id21379,0.06132262,0.93166536,0.007012039
id12099,0.94959295,0.0013505133,0.049056552
id06503,0.06319845,0.003614319,0.9331872
id14408,0.87067825,0.11054662,0.018775176
id17370,0.87576884,0.073991895,0.05023929
id25432,0.9990584,0.0005064843,0.00043509374
id10132,0.029919451,0.042632937,0.9274476
id27069,0.016556138,0.9717763,0.011667544
id11515,0.94216585,0.013324284,0.04450991
id01323,0.99408334,0.0036504057,0.0022662675
id22520,0.00062610215,0.0018451281,0.9975288
id03293,0.001249662,0.001820149,0.9969302
id19708,0.1468857,0.018288767,0.8348255
id22346,0.9465765,0.010871208,0.042552255
id27744,0.9984806,0.0013767381,0.0001425823
id04004,0.8447943,0.0066007674,0.148605
id09476,0.9883532,0.008755865,0.0028909538
id01582,0.027536893,0.02200709,0.950456
id23782,0.32549027,0.14761363,0.5268961
id03403,0.00056253985,0.0011475816,0.9982899
id11119,0.0030803941,0.99065393,0.006265719
id16681,0.4067096,0.55868727,0.034603134
id16399,0.99971086,0.00012700573,0.00016215381
id22630,0.9172197,0.06732619,0.015454122
id27950,0.74570566,0.0029414874,0.25135282
id00046,0.9792965,0.009098788,0.011604727
id25556,0.13660058,0.21549258,0.64790684
id16039,0.9638706,0.0067755478,0.029353866
id09110,0.9723896,0.00091923575,0.026691189
id19881,0.90715593,0.00825212,0.08459194
id21735,0.96939015,0.0237131,0.0068967445
id02023,0.8260257,0.054092996,0.119881295
id01230,0.12579347,0.87218314,0.0020233013
id14916,0.017028404,0.18593839,0.7970332
id04944,0.9692063,0.024523595,0.0062701656
id04349,0.26360148,0.0042895377,0.732109
id22580,0.002663563,0.9422389,0.05509757
id00343,0.18226036,0.7695903,0.04814935
id14218,0.0014229558,0.99848133,9.5716896e-05
id10546,0.9328462,0.06577429,0.0013795285
id05627,0.030445758,0.0011721301,0.9683821
id13735,0.00069962867,0.98143333,0.017867085
id01525,0.05156564,0.14397494,0.8044594
id25242,0.32562798,0.21226576,0.46210623
id17077,0.7984374,0.12858899,0.07297359
id05672,0.075370006,0.91934705,0.005282977
id22404,0.11193952,0.8728774,0.015182974
id25704,0.07968772,0.87141377,0.048898492
id00903,0.7392981,0.259425,0.0012768889
id15496,0.72714597,0.271701,0.0011530382
id09903,0.018721791,0.0022023136,0.9790759
id03419,0.73959064,0.13716792,0.12324144
id06647,0.0529448,0.02399624,0.923059
id16700,0.06280694,0.8788862,0.058306795
id08983,0.053778004,0.9422411,0.003980943
id20782,0.90042686,0.089632295,0.009940873
id24494,0.9823574,0.016446274,0.0011962997
id10495,0.475001,0.23029013,0.29470885
id21262,0.11069127,0.00240097,0.8869078
id25689,0.020929947,0.12897156,0.8500985
id03705,0.023092087,0.18680976,0.79009813
id01187,0.6915978,0.18655896,0.121843204
id24649,0.55913466,0.036693744,0.40417162
id12629,0.03063034,0.0014759403,0.9678937
id15211,0.048601747,0.8487404,0.10265784
id13170,0.8559672,0.03675281,0.10727999
id14801,0.63660574,0.28689438,0.076499894
id18525,0.71007925,0.18422273,0.10569801
id21963,0.9861654,0.008832576,0.0050020083
id23746,0.0011361467,0.0028001645,0.9960637
id18216,0.26140022,0.5162405,0.22235928
id16493,0.1272014,0.017111853,0.8556868
id12987,0.0059740567,0.7346401,0.2593858
id04814,0.9833422,0.007417589,0.009240279
id18602,0.6876414,0.012408675,0.29994997
id23173,0.028236037,0.95225316,0.019510834
id21165,0.52954036,0.10058049,0.3698792
id26123,0.9893049,0.00025515418,0.010439953
id22608,0.0031720758,0.0038553039,0.9929726
id21139,0.98780096,0.00715507,0.0050439807
id21853,0.006995319,0.98555505,0.0074495682
id24128,0.7724276,0.06126333,0.16630906
id15666,0.931526,0.013278212,0.05519584
id11552,0.07642597,0.91418236,0.00939167
id17621,0.0099516725,0.008052081,0.9819963
id20001,0.59382504,0.37247777,0.033697218
id14166,0.07149004,0.92699003,0.0015199487
id24108,0.15340668,0.45420134,0.39239195
id19871,0.0081049325,0.9873706,0.004524443
id22361,0.20393781,0.04160433,0.7544579
id21065,0.10790535,0.05627678,0.83581793
id20749,0.99780136,0.0015947077,0.0006039629
id20898,0.053114165,0.94536823,0.001517574
id10398,0.022635985,0.16369821,0.8136658
id03578,0.087971546,0.033091534,0.8789369
id25932,0.4949055,0.3818248,0.12326977
id11133,0.024001025,0.010649451,0.9653495
id15794,0.028939256,0.9543926,0.01666815
id24479,0.9954118,0.0023013828,0.0022867804
id09563,0.010024309,0.98969173,0.00028396343
id11279,0.043149073,0.9379317,0.01891926
id26680,0.6506417,0.25697905,0.092379265
id20529,0.11025795,0.015328805,0.87441325
id11761,0.8140895,0.027629668,0.15828088
id02337,0.008967066,0.98592836,0.005104617
id04890,0.092481226,0.08204628,0.8254725
id15707,0.021316422,0.0025851678,0.9760984
id26204,0.09142331,0.30715653,0.60142016
id15611,0.99367964,0.0020755725,0.004244821
id17714,0.049232174,0.2148208,0.735947
id15392,0.98499393,0.0075737294,0.00743232
id14685,0.21348633,0.73922116,0.047292534
id02508,0.45394203,0.45503747,0.09102052
id12406,0.9228486,0.04934686,0.027804539
id24096,0.0013841394,0.9985416,7.429679e-05
id19837,0.7597291,0.13298798,0.10728298
id25565,0.047899645,0.0038835693,0.9482168
id27598,0.9975635,0.00084331754,0.0015931253
id26085,0.6880028,0.22571711,0.08628005
id17400,0.12190175,0.118118025,0.75998026
id04501,0.89132607,0.062315494,0.046358466
id02468,0.007675394,0.0003880369,0.99193656
id07394,0.5685983,0.34613517,0.08526662
id18917,0.056744426,0.9224555,0.020800149
id14083,0.89219666,0.10244488,0.005358438
id22675,0.272445,0.109621614,0.6179334
id27343,0.09871405,0.08098416,0.8203018
id23206,0.22018811,0.5852664,0.19454549
id11105,0.001960897,0.99343723,0.004601885
id21017,0.08672239,0.004307304,0.9089703
id13716,0.21094772,0.10623455,0.6828177
id00352,0.009093464,0.81503457,0.17587201
id12173,0.22350104,0.0015545132,0.7749445
id15008,0.12517054,0.65503216,0.21979728
id23347,0.2214986,0.025376704,0.7531247
id23939,0.46595028,0.07552832,0.45852146
id12090,0.82001543,0.08827594,0.09170854
id08307,0.17729472,0.80704117,0.015664056
id21316,0.33836696,0.042363457,0.6192696
id16457,0.14461458,0.0018126693,0.8535727
id23808,0.00515617,0.0011584196,0.9936854
id12826,0.08869793,0.90993834,0.0013637539
id16819,0.17331545,0.07562955,0.751055
id15128,0.06613624,0.93209314,0.0017705983
id14953,0.022146247,0.9771448,0.0007089884
id04083,0.99625045,0.0015021091,0.0022474744
id00773,0.009401679,0.9712567,0.019341625
id24585,0.02783733,0.016706688,0.95545596
id01362,0.26499406,0.0015343654,0.7334716
id04514,0.32427666,0.088554755,0.58716863
id19075,0.9996667,0.00023515894,9.81774e-05
id06283,0.79528534,0.035998486,0.16871618
id19848,0.00042393646,0.99956226,1.3851677e-05
id02566,0.3276143,0.52757,0.14481577
id26973,0.13559294,0.0422085,0.82219857
id09333,0.0027394944,6.931955e-05,0.99719113
id21745,0.015215468,0.0020945154,0.98269
id27167,0.011144941,0.9882071,0.0006479544
id08481,0.0083613815,0.991343,0.00029556543
id19456,0.99143845,0.008219658,0.00034188072
id01495,0.6609174,0.114260115,0.22482248
id15069,0.37208176,0.060902767,0.56701547
id18174,0.00889167,0.00049156026,0.9906168
id14450,0.011421515,0.06588705,0.92269146
id04149,0.005910348,0.991631,0.0024586883
id10972,0.010264566,0.004516967,0.98521847
id05547,0.0094728945,0.9779014,0.012625703
id17670,0.019527843,0.9557687,0.024703465
id04740,0.534361,0.031210287,0.4344287
id24842,0.008643989,0.0045654518,0.9867906
id26895,0.71183413,0.05053073,0.2376351
id15591,0.47985095,0.009907045,0.510242
id20895,0.0056989323,0.99369395,0.0006071514
id11532,0.0013029455,0.00022643083,0.9984706
id16516,0.022865241,0.0028810052,0.9742538
id14940,0.3061502,0.54783833,0.14601147
id17152,0.7491084,0.115147874,0.13574378
id12870,0.26891324,0.7220685,0.009018296
id17405,0.86731046,0.07318203,0.059507474
id22274,0.2474491,0.59525275,0.15729816
id08337,0.25289872,0.059364703,0.6877366
id19549,0.077393435,0.001790477,0.9208161
id19195,0.6269978,0.023692513,0.34930965
id11564,0.97414386,0.024010528,0.0018455781
id26771,0.08016641,0.2654525,0.6543811
id24955,0.031955685,0.95768106,0.010363162
id22140,0.65406513,0.016197996,0.32973686
id19920,0.15208036,0.010233616,0.83768606
id09807,0.0057656677,0.98260343,0.011630913
id27426,0.9717918,0.016040124,0.012168094
id22006,0.9979537,0.0014420099,0.0006042551
id10604,0.69800675,0.1742611,0.12773214
id11017,0.80430996,0.038622998,0.15706708
id14335,0.00232361,0.0006977231,0.99697864
id08707,0.85996664,0.005294691,0.13473867
id15869,0.04018009,0.0016963308,0.9581236
id20593,0.7519722,0.09699197,0.15103588
id07428,0.8791171,0.012489798,0.10839312
id11527,0.0062203547,0.007850753,0.9859289
id14901,0.99901235,0.0007376399,0.00024999218
id19733,0.99323905,0.00033258408,0.0064283703
id24677,0.29114664,0.7051484,0.003704993
id26656,0.04530136,0.00054548273,0.9541532
id11707,0.85904723,0.13771293,0.0032398636
id26218,0.0039652316,0.99575657,0.0002781478
id19262,0.03198583,0.002846299,0.9651679
id24905,0.36526677,0.25014612,0.38458708
id09170,0.99498606,0.0021945396,0.0028194657
id05772,0.006819498,0.0075915987,0.9855889
id25405,0.09908454,0.013439577,0.88747585
id18491,0.14040129,0.37659785,0.4830009
id07780,0.35401422,0.3852517,0.2607341
id01689,0.02460269,0.0068628406,0.96853447
id17498,0.00269237,0.02511049,0.9721972
id19964,0.8535076,0.041941237,0.104551174
id14525,0.32781488,0.023459937,0.64872515
id26363,0.0738047,0.019100733,0.90709454
id07108,0.0008527472,0.007203108,0.9919442
id11692,0.9203969,0.04230189,0.03730118
id10891,0.029285153,0.20365998,0.76705486
id16743,0.034914616,0.75131977,0.21376564
id11556,0.9955966,0.003644023,0.0007594054
id09116,0.6180269,0.2870908,0.09488234
id24015,0.23390698,0.06980054,0.69629246
id00347,0.02414599,0.013839512,0.96201456
id06284,0.013585593,0.011484279,0.97493017
id18794,0.003858137,0.9233194,0.07282245
id10702,0.0034741322,0.99548805,0.0010378457
id19239,0.18109037,0.009197639,0.809712
id26016,0.7736647,0.01524343,0.21109188
id26227,0.030457925,0.0046532066,0.9648889
id05367,0.7293443,0.13763237,0.13302332
id09568,0.06865269,0.08350174,0.8478456
id04660,0.9812321,0.0025938428,0.016174117
id04744,0.96971345,0.009016089,0.021270437
id07251,0.0749576,0.8495622,0.07548013
id25977,0.0013689345,0.99845505,0.00017602688
id06244,0.014293,0.0010650016,0.98464197
id24560,0.056668382,0.94288284,0.0004487744
id05091,0.13671039,0.021695003,0.84159464
id27248,0.7560263,0.032533932,0.21143971
id12528,0.25112295,0.7037331,0.045144025
id27322,0.96227586,0.015105251,0.022618897
id27213,0.1632813,0.0033137568,0.83340496
id18588,0.93726856,0.011552483,0.051178932
id14485,0.26863548,0.39867157,0.332693
id27475,0.0315242,0.4573346,0.5111412
id02280,0.13600153,0.15494986,0.7090486
id24083,0.015825804,0.98351234,0.0006618981
id02321,0.0011737513,0.0002713727,0.9985549
id10299,0.00012019388,1.2413177e-05,0.9998674
id27680,0.98876405,0.008119606,0.0031163916
id17607,0.0013154176,0.07102225,0.9276623
id06661,0.62155324,0.055006202,0.32344058
id23860,0.9949208,0.0007196443,0.0043595717
id26850,0.0003028969,0.9988728,0.000824263
id16484,0.9284895,0.027903805,0.043606695
id15302,0.013703691,0.08869378,0.8976025
id21138,0.752397,0.23218243,0.015420537
id02525,0.59596944,0.017856752,0.38617378
id12608,0.0001535229,0.9993662,0.00048021087
id23863,0.39580503,0.012263086,0.5919319
id01755,0.9774886,0.012701403,0.009810028
id10567,0.9762067,0.0017079834,0.022085281
id08445,0.17164117,0.6934848,0.13487406
id18146,0.04486581,0.012792402,0.9423418
id22263,0.26128164,0.024159672,0.71455866
id13537,0.0007445711,0.0063026655,0.99295276
id19985,0.8686779,0.032019686,0.09930244
id08053,0.33302146,0.0144393705,0.6525392
id18959,0.0006687775,0.9981277,0.0012035567
id06641,0.008199776,0.952179,0.039621264
id27291,0.045880195,0.863714,0.090405844
id16124,0.06343691,0.0059576747,0.9306054
id18221,0.0223083,0.0051981104,0.9724936
id25670,0.9993494,0.000620843,2.971836e-05
id18472,0.97945505,0.006015553,0.014529401
id10302,0.0822855,0.0037109766,0.9140035
id07721,0.5390972,0.46032074,0.0005820847
id22148,0.04116187,0.014906067,0.94393206
id04724,0.00018628078,0.9997726,4.115583e-05
id03980,0.99293077,0.003933975,0.003135245
id11982,0.99332225,0.0047685765,0.0019092185
id05566,0.0067416425,0.992357,0.00090132095
id13235,0.148405,0.7790381,0.0725569
id24524,0.3508594,0.12657917,0.5225615
id26783,0.026237631,0.0013552967,0.9724071
id02220,0.0039897035,0.98630965,0.009700687
id17163,0.980197,0.015108526,0.0046944506
id21903,0.6813806,0.08720077,0.23141861
id13350,0.0032267554,0.00019551272,0.99657774
id07036,0.9536118,0.021217164,0.02517104
id09150,0.99418056,0.0024955405,0.0033239636
id22042,0.0014238266,0.0005066365,0.9980696
id19562,0.17113832,0.14627415,0.68258756
id05125,0.9800735,0.01194053,0.007985986
id19462,0.99141407,0.0012431821,0.007342729
id02265,0.96599644,0.032928698,0.0010748464
id11769,0.28609914,0.70924836,0.0046525775
id19021,0.9685629,0.002163555,0.0292736
id06166,0.99208176,0.0022663963,0.0056518647
id26800,0.8741942,0.014854753,0.11095107
id21422,0.060277145,0.06515583,0.87456703
id13116,0.5093359,0.293148,0.19751613
id05996,0.99564207,0.001564212,0.002793712
id23318,0.994828,0.003606636,0.0015653803
id20725,0.05695684,0.021053115,0.9219901
id09210,0.69960135,0.03225368,0.268145
id25842,0.40145445,0.49915594,0.09938965
id00767,0.8172832,0.02935563,0.15336117
id05036,0.09132296,0.8821356,0.026541423
id14853,0.01162198,0.0030998946,0.98527807
id16946,0.006130072,0.0014102878,0.99245965
id26804,0.01797958,0.9798025,0.0022179212
id24061,0.048949085,0.012364561,0.9386864
id19861,0.8797786,0.108726144,0.011495263
id18210,0.67879814,0.015515151,0.30568674
id24313,0.27886462,0.006844077,0.7142913
id15960,0.0679277,0.029614871,0.9024574
id14037,0.9994154,0.00029206122,0.0002925644
id17785,0.011525609,0.22917432,0.7593001
id19362,0.7654102,0.0014856411,0.23310417
id10372,0.9978718,0.0005032055,0.0016249755
id03061,0.8927934,0.07037976,0.03682686
id27583,0.0006992341,0.00025608687,0.9990447
id22055,0.99608696,0.00071398873,0.003199021
id07920,0.016336432,0.9835513,0.0001122696
id16813,0.9224331,0.0031655459,0.0744014
id03088,0.28477728,0.583549,0.13167372
id03026,0.4804106,0.3967315,0.122857966
id09934,0.97949535,0.019503336,0.0010013201
id21452,0.9966672,0.00064505695,0.0026877967
id05576,0.00761518,0.0065269684,0.98585784
id22391,0.014155861,0.002645305,0.9831988
id10554,0.8008021,0.0031561633,0.19604172
id03291,0.17866383,0.051281236,0.77005494
id23280,0.925685,0.073667966,0.0006470515
id17777,0.0042948583,0.000800348,0.9949048
id24574,0.4334162,0.4535568,0.11302704
id05459,0.030565718,0.9674102,0.002024074
id02724,0.06331505,0.052383203,0.8843018
id27678,0.93300265,0.041014448,0.025982926
id21722,0.03393591,0.9097181,0.056345984
id18139,0.716122,0.025979169,0.2578989
id16264,0.012049857,0.9782181,0.009732092
id14537,0.55808556,0.014581375,0.4273331
id18814,0.9732498,0.006299481,0.02045074
id08331,0.08074471,0.91399074,0.005264551
id03963,0.9766864,0.01441908,0.0088944975
id07558,0.7928971,0.0011346684,0.20596819
id26275,0.79581064,0.07661302,0.1275764
id26188,0.035133507,0.9643916,0.00047491697
id06789,0.434751,0.12818523,0.43706378
id21788,0.005389685,0.9943371,0.0002732304
id13972,0.93047535,0.007995838,0.061528824
id08643,0.94558764,0.02768788,0.026724532
id09642,0.08334855,0.8133581,0.103293285
id14054,0.90880525,0.023172317,0.068022415
id12216,0.25227308,0.026554765,0.72117215
id09211,0.28316677,0.6265262,0.09030708
id16903,0.0067595593,0.99277264,0.00046775438
id18976,0.006356624,0.026890934,0.96675247
id01861,0.9480473,0.031121934,0.02083084
id22745,0.15214391,0.8163655,0.031490643
id03560,0.9573724,0.012643064,0.029984556
id17799,0.7470365,0.020926828,0.23203671
id12387,0.0050546625,0.08592959,0.9090158
id09450,0.6948214,0.08672372,0.21845487
id18088,0.012841365,0.0072610895,0.97989756
id21697,0.8065542,0.031180033,0.1622658
id26128,0.008702216,0.9885884,0.0027093908
id27462,0.014999092,0.001837239,0.98316365
id19394,0.9967969,0.0029822579,0.00022085606
id19929,0.08092221,0.91828275,0.00079506333
id16056,0.002810449,0.71343154,0.28375798
id08756,0.016226932,0.0036456024,0.98012745
id09203,0.06061106,0.92825246,0.011136522
id14098,0.9995028,0.00026651574,0.00023074872
id24641,0.52856636,0.31803626,0.15339741
id24507,0.0030003332,0.98603886,0.010960836
id20161,0.8516115,0.117122635,0.031265873
id11710,0.047565844,0.00073300925,0.95170116
id15751,0.124007754,0.8704132,0.0055790464
id06617,0.8343898,0.018476075,0.14713416
id19131,0.87843555,0.009535177,0.11202926
id02796,0.118283324,0.386612,0.4951047
id15575,0.2063593,0.77669793,0.01694279
id21828,0.92500526,0.03641466,0.038580112
id15093,0.0056188907,0.9939071,0.0004740539
id27867,0.30262265,0.010155072,0.6872223
id19315,0.12999403,0.045392137,0.8246138
id19398,0.2266675,0.62388515,0.14944735
id01572,0.07729109,0.9163018,0.0064071473
id09781,0.86194265,0.0020469439,0.1360104
id19278,0.36696044,0.12476997,0.5082696
id11852,0.20951495,0.0142461825,0.7762388
id07067,0.008981924,0.00079243846,0.9902256
id08550,0.0056256903,0.9940333,0.00034102844
id02634,0.8582086,0.010932119,0.13085932
id02449,0.98924285,0.007733455,0.0030237113
id10359,0.9903847,0.0072348197,0.0023805266
id00217,0.98649305,0.0056606918,0.007846248
id20848,0.051396046,0.9376133,0.010990633
id20229,0.97550017,0.010921359,0.013578467
id02211,0.44275737,0.19669965,0.36054298
id08435,0.6131852,0.079159714,0.30765507
id23681,0.6068738,0.07852336,0.31460288
id00571,0.43715772,0.004813016,0.5580293
id16280,0.0024778775,0.0004552015,0.9970669
id15022,0.8654962,0.07263268,0.061871126
id08040,0.08407555,0.006151617,0.9097729
id18087,0.93792826,0.054557145,0.007514626
id11280,0.9879831,0.00079341594,0.0112235155
id21543,0.7418398,0.22926825,0.02889187
id00245,0.8105889,0.13502948,0.054381613
id13745,0.00040458757,3.8124522e-06,0.99959165
id15734,0.9867336,0.008981823,0.004284543
id22572,0.04489596,0.9451597,0.009944354
id12741,0.0055903615,0.0019145125,0.9924952
id16477,0.034266442,0.96322966,0.0025038323
id26261,0.05512745,0.00045765904,0.9444149
id15867,0.4418188,0.09785703,0.4603242
id10479,0.96604854,0.02111027,0.012841159
id17736,0.0048781703,0.0009577961,0.99416405
id17768,0.001256345,0.00076896703,0.9979747
id14172,0.7959931,0.10336849,0.10063843
id01972,0.008006566,0.009638661,0.98235476
id10962,0.48555502,0.10077395,0.41367108
id16692,0.5788469,0.41175938,0.009393735
id25471,0.007071949,0.9921427,0.0007853327
id05603,0.007832788,0.99178594,0.0003813064
id15340,0.29987216,0.012771691,0.6873562
id22971,0.45370653,0.13646401,0.4098294
id06765,0.260985,0.71594423,0.0230708
id19864,0.9499969,0.029218161,0.020784983
id15834,0.116387464,0.7018411,0.18177144
id17395,0.008474967,0.0022908298,0.9892342
id02585,0.0107418075,0.9856523,0.0036058181
id13154,0.95066303,0.022523927,0.026813019
id12972,0.08771521,0.75330645,0.15897834
id11103,0.4858438,0.024683086,0.48947307
id26062,0.035699666,0.604979,0.3593214
id07339,0.96261275,0.008195621,0.02919162
id06096,0.99407035,0.005835913,9.3746e-05
id22945,0.47246408,0.5214855,0.0060504223
id10058,0.30526665,0.5439858,0.15074755
id06435,0.98231214,0.008570832,0.009117029
id12636,0.12449114,0.30139825,0.5741106
id25423,0.0029965967,0.0007075007,0.9962959
id12990,0.091045715,0.06363333,0.845321
id24106,0.0031269146,0.9719595,0.024913622
id14481,0.0004830378,0.9990243,0.0004927443
id03617,0.026671037,0.00276776,0.9705612
id26055,0.95905066,0.010315128,0.030634206
id23712,0.9527595,0.0031266797,0.044113863
id19441,0.11550156,0.88398075,0.00051770883
id17042,0.4627109,0.51630163,0.020987501
id09018,0.0056913025,0.98864985,0.005658873
id08879,0.03045097,0.96920294,0.0003461032
id10841,0.011592822,0.98806566,0.00034153473
id04776,0.027280696,0.9709851,0.001734214
id26526,0.004774794,0.0019138934,0.9933113
id14181,0.19015339,0.54005855,0.26978806
id18396,0.55007344,0.37183267,0.07809389
id05585,0.3716362,0.5847352,0.04362855
id11546,0.041744627,0.019562254,0.93869317
id08027,0.016627582,0.9513877,0.0319847
id00659,0.68620884,0.24447389,0.06931731
id10937,0.020405993,0.96899027,0.010603708
id01898,0.55692506,0.43317768,0.009897268
id23695,0.0012552994,0.00013830626,0.9986064
id07856,0.07663093,0.69930166,0.22406738
id25233,0.8342251,0.007757804,0.15801711
id24052,0.15195593,0.27048478,0.5775593
id01698,0.09058964,0.90597486,0.0034355
id01356,0.04273335,0.95324355,0.004023044
id10430,0.19052896,0.8065507,0.002920392
id04778,0.0631008,0.010042822,0.9268564
id24707,0.022725355,0.9744169,0.0028577864
id04539,0.32877612,0.11603878,0.55518514
id20011,0.79083604,0.12345229,0.08571171
id09950,0.300667,0.69161755,0.0077154995
id14397,0.850626,0.14114156,0.008232481
id04457,0.2781159,0.3867567,0.3351274
id19469,0.0037204835,0.9925047,0.0037748762
id24230,0.43265545,0.34529215,0.22205243
id16719,0.7875123,0.18864106,0.023846654
id20183,0.007210643,0.9926547,0.00013465011
id24531,0.029511558,0.0002659585,0.97022253
id04934,0.7897238,0.12443204,0.08584421
id17230,0.008559897,0.010484239,0.9809559
id07561,0.90756994,0.02598374,0.0664463
id12282,0.46375224,0.5286057,0.007641976
id14992,0.5256574,0.30376202,0.17058055
id02934,0.32882443,0.2844663,0.38670927
id00189,0.9962339,0.0009410786,0.0028250213
id27941,0.00065140065,0.9993204,2.8227149e-05
id14642,0.027739236,0.95838666,0.0138741
id23445,0.97585994,0.010811894,0.013328212
id21603,0.056946494,0.029689845,0.9133637
id21046,0.0013166086,0.9973561,0.0013273057
id02264,0.056082193,0.6409846,0.30293325
id00409,0.9801604,0.0017490244,0.01809056
id00351,0.9233369,0.0076311305,0.06903198
id14362,5.343883e-05,0.99992394,2.258784e-05
id20757,0.26220447,0.71182644,0.025969114
id22764,0.66407573,0.33101872,0.0049055894
id19264,0.002006645,0.009615624,0.98837775
id04506,0.6305531,0.018541055,0.3509058
id18505,0.87405425,0.122132294,0.0038134216
id27354,0.055350907,0.010269397,0.93437964
id22410,0.99932134,0.000501787,0.00017689714
id14241,0.031628042,0.96769184,0.00068003015
id18785,0.28219298,0.69435954,0.023447499
id16649,0.7721547,0.20980324,0.01804208
id16386,0.00930566,0.9902687,0.00042562114
id09051,0.0065381806,0.0082367705,0.985225
id22296,0.99396956,0.00057201664,0.0054584164
id08584,0.4372879,0.2257918,0.33692035
id22219,0.52736336,0.009535334,0.46310136
id18790,0.0010241218,0.9989571,1.8773713e-05
id10922,0.01167551,0.0151138585,0.9732107
id15002,0.84112746,0.02084388,0.13802868
id24862,0.00763994,0.9872082,0.0051519186
id25845,0.39204666,0.15946278,0.44849053
id17586,0.5689287,0.39799985,0.03307147
id09390,0.009098085,6.075333e-05,0.99084115
id20069,0.91689456,0.034664027,0.048441406
id05953,0.5739817,0.419494,0.006524357
id15583,0.0010743486,0.998585,0.00034068033
id03482,0.11336041,0.17759456,0.709045
id06243,0.7803434,0.07797843,0.1416782
id01116,0.0148199415,0.025775108,0.95940495
id17530,0.03304267,0.9473154,0.019641956
id07552,0.050874446,0.017741967,0.9313836
id03131,0.020092437,0.97861016,0.0012974589
id23142,0.028115897,0.006828102,0.965056
id05540,0.93641675,0.02953346,0.034049828
id06292,0.70322335,0.27522147,0.021555245
id26506,0.12629782,0.81258833,0.061113924
id19068,0.018926095,0.004941001,0.9761329
id21782,0.039906323,0.23376715,0.7263265
id24563,0.1230528,0.8216219,0.055325326
id21986,0.30873168,0.27865112,0.41261724
id04967,0.14885297,0.032594025,0.818553
id11760,0.042580843,0.010311072,0.9471081
id02483,0.96376413,0.024764974,0.011470912
id15791,0.028040262,0.002635007,0.9693247
id14256,0.1071419,0.012706442,0.8801517
id18328,0.95462036,0.015154772,0.03022484
id06213,0.0338335,0.95803183,0.008134682
id00772,0.97787213,0.018968174,0.0031597237
id01113,0.6717938,0.31605977,0.012146431
id03972,0.99653083,0.0034495718,1.961898e-05
id25386,0.060558,0.8071376,0.13230431
id09156,0.05011637,0.8104605,0.13942313
id22624,0.40235287,0.32192823,0.27571893
id17789,0.016727155,0.22391967,0.75935316
id09039,0.021903466,0.9729814,0.005115168
id20538,0.52039117,0.06451185,0.415097
id05501,0.44571757,0.035839137,0.5184433
id27641,0.36020204,0.09941882,0.5403791
id05965,0.05583479,0.04726077,0.89690447
id23431,0.53254706,0.09672234,0.37073055
id13075,0.027866798,0.0021154962,0.97001773
id26190,0.09723652,3.0128682e-05,0.9027333
id12196,0.7613167,0.011465539,0.22721772
id21318,0.0041921167,0.988886,0.0069219423
id11277,0.22765718,0.19658408,0.57575876
id07193,0.63210416,0.29174376,0.07615213
id17105,0.27870697,0.093664296,0.62762874
id18263,0.7081383,0.0010594539,0.29080224
id22875,0.5397827,0.16937104,0.29084626
id07157,0.0018249922,2.8212182e-05,0.9981468
id15051,0.7193036,0.06557742,0.21511899
id08871,0.046859525,0.6020696,0.35107085
id17036,0.008992231,0.018771676,0.97223604
id02783,0.028744034,0.14988492,0.8213711
id26418,0.99543756,0.0012610232,0.0033014761
id15748,0.9910947,0.0053467383,0.0035585517
id00820,0.11694424,0.819427,0.063628726
id27695,0.14059962,0.7589509,0.10044947
id27286,0.22865556,0.37715462,0.3941898
id11680,0.012291923,0.023504604,0.9642035
id01070,0.06883374,0.0036052205,0.92756104
id18486,0.06289054,0.09967678,0.83743274
id12389,0.0039312346,0.99488515,0.0011836459
id12544,0.7216182,0.27190885,0.0064729303
id04692,0.8470235,0.014321377,0.13865514
id17342,0.41909474,0.5208759,0.060029477
id09640,0.044124316,0.013772662,0.942103
id24300,0.08400663,0.009758233,0.90623516
id13725,0.8897693,0.0028784378,0.1073523
id22633,0.910053,0.083914526,0.0060324892
id16653,0.86152273,0.058560107,0.07991722
id00184,0.26822534,0.0011464573,0.73062825
id23872,0.9992611,0.00033874737,0.0004001661
id05095,0.5012363,0.0112029025,0.4875608
id05757,0.05925824,0.007440402,0.9333014
id26883,0.99297005,0.0035066076,0.0035233551
id01868,0.771597,0.14708994,0.08131307
id13053,0.005807055,0.00017794744,0.99401504
id24443,0.81389326,0.041783888,0.14432289
id12795,0.1441717,0.85519266,0.0006356328
id05298,0.15399474,0.07494828,0.771057
id07560,0.12557235,0.0053825066,0.8690452
id10281,0.16541012,0.0147657655,0.81982416
id07254,0.76558965,0.0021402473,0.23227009
id00837,0.011978524,0.8879647,0.10005676
id04534,0.09230571,0.47729182,0.43040252
id16716,0.67221737,0.124181814,0.20360081
id04057,0.019908965,0.96502775,0.015063287
id14988,0.44136325,0.036175422,0.52246135
id05353,0.73947185,0.047044232,0.2134839
id21250,0.8017837,0.18452007,0.013696235
id25963,0.303272,0.6527281,0.04399998
id10370,0.009463724,0.044162992,0.9463733
id26934,0.7002484,0.0025328733,0.2972187
id07649,0.14726645,0.17164944,0.6810841
id21169,0.9838802,0.0045047123,0.011615019
id25824,0.99980134,0.00014555902,5.3052878e-05
id01154,0.21593562,0.6994512,0.08461322
id02523,0.96144813,0.007999455,0.03055235
id07677,0.90890217,0.035939924,0.055157926
id24447,0.028094739,0.0024902904,0.969415
id23036,0.013134279,7.165535e-05,0.98679405
id05424,0.8160787,0.079864725,0.10405648
id18807,0.017387956,0.04514087,0.93747115
id05894,0.0006988704,0.9682358,0.031065382
id08494,0.60242283,0.17054084,0.22703636
id17181,0.46544448,0.0027220147,0.53183347
id24037,0.010290467,0.9860678,0.0036418058
id22495,0.65535295,0.11328481,0.23136221
id21717,0.5861489,0.040981133,0.37286997
id00477,0.19812357,0.5802442,0.22163226
id03167,0.023466075,0.011510106,0.9650239
id08783,0.122104526,0.03065059,0.84724486
id11954,0.995023,0.0037939148,0.0011831429
id03029,0.9488325,0.04312441,0.008043117
id16359,0.8316842,0.11797908,0.05033678
id02984,0.95328695,0.04635813,0.00035494578
id24559,0.8733336,0.12147895,0.0051874947
id26880,0.0032048642,0.0009499073,0.99584526
id00656,0.18895203,0.02828803,0.78275996
id07825,0.021407885,0.96379274,0.0147993155
id16525,0.03234145,0.9574079,0.010250575
id08849,0.63687223,0.32809392,0.035033837
id09260,0.21362385,0.78415024,0.0022259518
id22233,0.5759615,0.4076109,0.016427625
id12191,0.006517603,0.0060044294,0.987478
id15505,0.0083205495,0.98875904,0.002920395
id15882,0.2826851,0.045286898,0.672028
id10569,0.004031406,0.011152585,0.98481596
id26059,0.97214013,0.026711192,0.0011486858
id13055,0.2924546,0.042766944,0.6647785
id05388,0.98472905,0.010534921,0.004736021
id25199,0.06666444,0.9151871,0.018148437
id11813,0.012443054,0.0029891038,0.9845679
id14866,0.5851597,0.034275766,0.38056454
id22247,0.38786963,0.0058713523,0.60625905
id08196,0.3164503,0.6344852,0.049064573
id27246,0.13227896,0.85174817,0.015972912
id21926,0.011799374,0.111662485,0.87653816
id01930,0.09729274,0.025115667,0.8775916
id26406,0.15545942,0.014145958,0.8303946
id07760,0.08429692,0.90553516,0.01016795
id24815,0.16806883,0.0635523,0.7683789
id22063,0.8985145,0.008400329,0.0930852
id21513,0.03412732,0.7402467,0.225626
id04006,0.9819775,0.0020637212,0.015958773
id06177,0.9603762,0.01892991,0.020693919
id24010,0.8520158,0.01706778,0.13091643
id16402,0.0032730978,0.0003386999,0.9963882
id23894,0.97060734,0.016421627,0.012971023
id18867,0.8670046,0.013080533,0.11991487
id01691,0.00068697,0.9987099,0.00060311414
id11818,0.04749939,0.9110668,0.04143381
id18481,0.13741784,0.18257262,0.68000954
id20137,0.9541459,0.03264013,0.013213971
id14630,0.044463515,0.21428382,0.74125266
id03058,0.031028405,0.0076287165,0.96134293
id27857,0.33478558,0.6472806,0.017933898
id19345,0.7865473,0.07707155,0.13638118
id12726,0.5121185,0.27611035,0.2117712
id06015,0.0092861205,0.05423915,0.93647474
id26548,0.1872528,0.05243686,0.76031035
id20284,0.0151989795,0.024407003,0.96039397
id17912,0.42506143,0.015055002,0.55988353
id10287,0.8231118,0.054181837,0.122706406
id03604,0.08032995,0.9072362,0.0124338595
id07423,0.07863205,0.7111365,0.21023144
id01484,0.03359529,0.89853543,0.067869335
id16904,0.99879646,0.0004195332,0.00078400277
id13187,0.00046142325,0.0001645202,0.9993741
id08507,0.03322903,0.9662742,0.00049673754
id09599,0.813634,0.01558178,0.17078418
id20460,0.07444032,0.9191329,0.0064268177
id23743,0.001532586,0.99814725,0.00032014202
id13914,0.038892593,0.95735556,0.0037518728
id23108,0.97300684,0.023595804,0.0033973986
id20111,0.7530209,0.24062534,0.006353801
id00300,0.0019773843,0.997056,0.00096665486
id25970,0.5478744,0.24768025,0.20444533
id24588,0.042727556,0.0007316071,0.9565409
id04799,0.045468833,0.016865384,0.93766576
id19685,0.013181862,0.068526395,0.91829175
id00628,0.023995467,0.025300033,0.9507045
id10632,0.8320675,0.046652213,0.12128034
id24894,0.0094817765,0.9754571,0.015061182
id06843,0.788634,0.16307911,0.048286933
id16211,0.9965969,0.001264854,0.0021382326
id10730,0.022582887,0.9773974,1.9734696e-05
id06399,0.00011500558,0.99970156,0.00018345357
id25138,0.9995168,0.00044233823,4.0901563e-05
id04372,0.12079021,0.0646278,0.814582
id01057,0.7936677,0.0026703377,0.20366196
id07505,0.5190008,0.40738124,0.07361792
id17331,0.97124755,0.025342487,0.003409959
id11306,0.22799502,0.036807127,0.73519784
id07490,0.0012930259,0.9971455,0.0015615139
id00721,0.0007743067,0.9982657,0.00095995946
id07538,0.39872703,0.01546439,0.5858086
id11289,0.03800178,0.0021306104,0.9598676
id25207,0.99971765,0.00015100135,0.00013138533
id03831,0.98141855,0.0061966954,0.01238479
id05371,0.49651715,0.49961805,0.0038648082
id07405,0.008948114,0.97818714,0.012864796
id25960,0.0008405836,0.9986953,0.00046402268
id18497,0.017486805,0.9035981,0.07891507
id24478,0.9865143,0.010667006,0.0028187442
id12431,0.00022142036,0.9988102,0.00096844696
id24080,0.057721782,0.012303987,0.9299742
id11862,0.03682728,0.002456572,0.9607161
id04798,0.97991174,0.0039189328,0.016169261
id22638,0.01102087,0.98696226,0.0020168936
id16105,0.015372041,0.8174509,0.16717714
id05863,0.7855921,0.0015858267,0.2128221
id11466,0.96040374,0.016736412,0.022859884
id06091,0.91881025,0.030547693,0.050642055
id04214,0.00048258802,0.9984958,0.0010216164
id21197,0.3181327,0.6518494,0.0300179
id06479,0.5701969,0.24150997,0.18829307
id21801,0.9958311,0.0007877269,0.0033811657
id00540,0.9875529,0.008013349,0.004433693
id07102,0.98819494,0.0075603826,0.004244683
id12012,0.009479415,0.00027874013,0.9902418
id17850,0.10244381,0.00014147266,0.89741474
id12708,0.19071126,0.0054539843,0.80383474
id09277,0.38451758,0.013660447,0.60182196
id11482,0.25235298,0.6847854,0.06286153
id15327,0.90263164,0.047221616,0.050146796
id17561,0.0019447986,0.9934354,0.004619872
id21966,0.4501408,0.0034210358,0.54643816
id05742,0.99987197,2.6467904e-05,0.00010160215
id21441,0.9338139,0.06510531,0.0010807589
id10819,0.005454109,0.96352506,0.031020831
id00018,0.31756046,0.333688,0.34875154
id17038,0.8946221,0.06973852,0.035639416
id14680,0.028761826,0.9685437,0.002694469
id17760,0.039087575,0.40997916,0.5509333
id14436,0.63387865,0.022676883,0.3434445
id17180,0.005432473,0.0001975682,0.99437
id19132,0.09550598,0.90178096,0.0027131233
id17497,0.034825396,0.96086943,0.0043052416
id26284,0.4457222,0.097121075,0.45715675
id04340,0.0010145981,0.9984754,0.0005100418
id06427,0.0026601546,0.9953111,0.002028726
id08340,0.36439076,0.60705936,0.028549893
id07167,0.00092802086,0.9988881,0.00018385892
id02218,0.98815763,0.00020183189,0.011640561
id18406,0.8296562,0.156461,0.013882853
id22134,0.2860537,0.2710178,0.44292852
id04983,0.014187598,0.0047255093,0.9810869
id17767,0.806877,0.1823439,0.010779069
id15131,0.0001346622,0.99797785,0.0018875028
id11132,0.9913326,0.0057317214,0.0029356978
id10054,0.39819488,0.17854019,0.42326495
id03797,0.002762811,0.007980377,0.9892568
id17143,0.78049535,0.1554729,0.06403178
id19078,0.029979726,0.039656542,0.9303638
id04919,0.9900966,0.0018077719,0.008095635
id03272,0.14425966,0.6041074,0.25163293
id15047,0.02378189,0.010776311,0.9654418
id23727,0.8365291,0.04777373,0.11569719
id07221,0.8763194,0.11419789,0.009482658
id13974,0.12430185,0.8683204,0.0073777945
id24050,0.60676634,0.0671716,0.32606205
id18119,0.8317714,0.13862993,0.02959871
id05205,0.5865355,0.278121,0.13534346
id05233,0.025675593,0.972837,0.0014874103
id23556,0.20378552,0.024405345,0.77180916
id06323,0.6999137,0.23849618,0.06159017
id27903,0.042422354,0.004092298,0.95348537
id15164,0.19798468,0.67774236,0.12427297
id14714,0.0003545809,0.99939585,0.0002496135
id11585,0.00058741786,0.9970071,0.0024055839
id09119,0.84419537,0.14242463,0.013379988
id03135,0.7645016,0.18628043,0.049218003
id23385,0.6542976,0.040189534,0.30551288
id18219,0.6864692,0.005134669,0.30839613
id17596,0.571834,0.41241485,0.015751181
id12235,0.38750693,0.12745777,0.4850353
id15394,0.91897756,0.058380723,0.022641733
id07727,0.95265347,0.0051938114,0.042152744
id02748,0.9953687,0.004593198,3.8109298e-05
id14913,0.13470465,0.005798745,0.85949665
id05257,0.39908537,0.023567157,0.5773475
id23759,0.0005831301,0.45711672,0.5423001
id08726,0.99450326,0.001043926,0.004452833
id24493,0.9875525,0.010387035,0.0020604061
id19945,0.8665415,0.10467696,0.028781518
id27893,0.72340596,0.09972129,0.17687273
id04975,0.6375949,0.049437363,0.31296778
id14722,0.70925826,0.27069932,0.020042393
id10320,0.0009122476,0.9757991,0.023288645
id09619,0.0028737274,0.9963521,0.00077420234
id07480,0.8602567,0.093613565,0.046129774
id00342,0.25507098,0.37974212,0.36518696
id08611,0.92568,0.0041834647,0.0701366
id24284,0.013178546,0.00065103074,0.9861704
id20491,0.07469811,0.74073946,0.18456246
id18337,0.0009036901,0.0048617013,0.9942346
id04781,0.9719147,0.019098192,0.008987139
id11067,0.97128135,0.028257988,0.00046068238
id19402,0.97847944,0.004643198,0.016877394
id20009,0.006110402,0.0029280921,0.9909615
id08535,0.023020184,0.08976249,0.88721734
id07495,0.010249411,0.00039156183,0.989359
id06262,0.0046533574,0.0021592646,0.9931874
id10898,0.31568024,0.2686793,0.41564047
id17778,0.17744805,0.8019755,0.020576466
id07210,0.11202208,0.7990212,0.088956796
id04367,0.0019118831,0.98057437,0.017513733
id27713,0.26973704,0.31683105,0.41343197
id15428,0.14635919,0.7317876,0.12185322
id25427,0.8268585,0.051402543,0.121738896
id09789,0.19542113,0.1492658,0.6553131
id07658,0.9874052,0.0037540344,0.008840776
id25453,0.013715551,0.91714823,0.069136254
id24495,0.7259278,0.0040667187,0.27000543
id03270,0.21755622,0.74494076,0.037502993
id11879,0.30736083,0.3048006,0.38783857
id24356,0.051440667,0.055412475,0.8931469
id22256,0.023593597,0.017952045,0.9584544
id06050,0.19239864,0.39613065,0.41147074
id09555,0.8315842,0.08780087,0.080614954
id23772,0.00039490327,0.999022,0.0005831427
id21930,0.602101,0.015803913,0.38209504
id00823,0.0016301536,0.966098,0.032271855
id23666,0.00074669893,0.9988331,0.00042012313
id08118,0.001358149,0.059639037,0.9390028
id21388,0.10103919,0.754881,0.14407982
id23312,0.8152703,0.07822373,0.106505975
id08545,0.03943237,0.39859316,0.5619745
id20351,0.31779113,0.04804722,0.63416165
id13536,0.09376246,0.007304407,0.8989332
id27742,0.05844905,0.9369099,0.004641042
id13343,0.013169507,0.0060759787,0.9807545
id11987,0.0022341113,0.98205894,0.015706971
id08921,0.93139976,0.006689413,0.06191081
id09972,0.42558432,0.52455866,0.049857035
id26173,0.99089503,0.0007372844,0.008367712
id07917,0.008672849,0.19648793,0.7948392
id01383,0.97244734,0.01703139,0.010521272
id26699,0.9980616,0.0010924174,0.00084599794
id11058,0.0075583197,0.010830232,0.98161143
id20425,0.000506632,0.99944985,4.352495e-05
id20238,0.025490774,0.95962614,0.014883078
id21348,0.04969254,0.52364135,0.4266661
id09552,0.30856714,0.04211496,0.6493179
id25075,0.66472393,0.06780292,0.26747313
id17749,0.059975274,0.0025584626,0.9374663
id18910,0.3213443,0.0036206597,0.67503506
id13534,0.02625637,0.9731159,0.0006277222
id22205,0.027041305,0.96957684,0.0033818276
id23896,0.7542061,0.0011701006,0.24462375
id23616,0.76740986,0.021135544,0.21145459
id03537,0.195588,0.5390233,0.26538876
id18147,0.39938334,0.58546114,0.015155569
id25408,0.99567837,0.00062150124,0.0037001378
id09997,0.6785673,0.12957756,0.19185518
id23357,0.004061517,0.004612885,0.9913256
id21880,0.8996561,0.036132846,0.0642111
id21633,0.29418248,0.5573127,0.14850476
id15976,0.04373467,0.32305607,0.6332093
id20266,0.0010240457,0.0001338481,0.99884206
id26726,0.97731256,0.021061487,0.0016259348
id02958,0.3091724,0.6632685,0.02755911
id25211,0.45042568,0.040432513,0.5091418
id24314,0.99854076,0.0011812696,0.0002780268
id21475,0.013282748,0.00083887327,0.9858784
id22733,0.03373549,0.95205235,0.014212159
id14297,0.01346623,0.9849925,0.0015412768
id27627,0.034667604,0.9583071,0.0070252595
id03580,0.0032613869,0.9954769,0.0012617623
id08858,0.013496895,0.015990295,0.9705128
id22512,0.00032168426,0.99967647,1.8972694e-06
id05634,0.28342986,0.31993198,0.39663815
id00105,0.0006020713,0.0003922957,0.9990056
id26635,0.85486203,0.13708721,0.008050722
id19324,0.0031431646,7.3297175e-05,0.99678355
id00210,0.66501284,0.3111441,0.023843056
id06809,0.7377819,0.02290859,0.23930955
id04074,0.004388756,0.9829921,0.01261916
id27010,0.90708554,0.008600735,0.08431378
id00699,0.14395157,0.16844377,0.68760467
id18549,0.3143625,0.03905386,0.6465836
id14089,0.72223717,0.21895802,0.05880483
id19792,0.016251653,0.9833076,0.00044071474
id19935,0.09084369,0.016692588,0.89246374
id22960,0.06793717,0.10249132,0.8295715
id02471,0.17115195,0.00053014583,0.8283179
id07896,0.038288556,0.023114199,0.93859726
id20033,0.9643249,0.013737191,0.021937886
id15018,0.9294864,0.015095723,0.055417933
id19528,0.9988292,0.00036585858,0.00080498675
id21621,0.26090744,0.08737807,0.6517145
id14328,0.046279047,0.454365,0.49935597
id19524,0.9917893,0.0049655596,0.0032452026
id00219,0.99729866,0.0018154364,0.0008859002
id23229,0.013974673,0.00018150712,0.98584384
id14357,0.98371005,0.0039477586,0.012342224
id21829,0.034141816,0.35468912,0.6111691
id02137,0.8439447,0.1279083,0.028146986
id23524,0.50059706,0.0017231122,0.49767986
id12022,0.97791314,0.014667732,0.007419133
id05255,0.9553278,0.0097283535,0.03494384
id14605,0.9599259,0.03503327,0.005040816
id15329,0.20355925,0.022159776,0.77428097
id06046,0.70249015,0.1438388,0.15367101
id16548,0.1603355,0.00038098946,0.8392835
id23369,0.51041305,0.21966116,0.26992583
id17824,0.93039286,0.010209832,0.059397265
id17243,0.004242043,0.0003392995,0.99541867
id13185,0.003604688,0.99633765,5.761038e-05
id27091,0.12421288,0.7743394,0.10144777
id21817,0.014127386,0.0015811762,0.98429143
id21912,0.33302253,0.5479881,0.11898943
id24163,0.01717355,0.0016484743,0.9811779
id12484,0.012854503,0.008156229,0.9789893
id15799,0.76144445,0.062482096,0.17607349
id22315,0.08187806,0.8743749,0.043747
id02608,0.030482035,0.9451039,0.02441404
id10057,0.9994918,0.00038227695,0.00012591553
id01709,0.79633063,0.002920231,0.20074914
id11153,0.0060650297,0.98933345,0.0046015475
id25154,0.37972817,0.53923327,0.08103861
id18207,0.59331393,0.37818143,0.028504629
id03370,0.02361472,0.9754338,0.0009514744
id26760,0.53469473,0.07938998,0.3859153
id15099,0.9653068,0.009397123,0.025296047
id16341,0.0019032696,0.0057860026,0.99231076
id15572,0.12853271,0.007939186,0.8635281
id24901,0.9748551,0.00017664063,0.024968263
id04528,0.93864506,0.024257172,0.03709771
id26507,0.077520914,0.0020758319,0.9204033
id26687,0.9400294,0.043008015,0.016962616
id27819,0.2219368,0.0019098214,0.7761534
id17610,0.0021003229,0.9966677,0.0012319161
id03373,0.04314619,0.73814785,0.21870601
id05881,0.028948886,0.0006410722,0.97041005
id15875,0.047085706,0.09383451,0.8590798
id18400,0.96841294,0.009017622,0.02256943
id23596,0.3154166,0.07418149,0.6104019
id07006,0.009348722,0.98784107,0.0028101238
id25134,0.01032651,0.9876322,0.0020413087
id17393,0.9948791,0.0021946973,0.002926203
id20155,0.49160227,0.487945,0.020452766
id09536,0.003196888,0.9812765,0.015526619
id09155,0.059086237,0.9395572,0.0013565766
id26482,0.99681515,0.0022835403,0.0009013649
id17001,0.04590705,0.95179284,0.0023001588
id08134,0.40929395,0.07214652,0.5185595
id10174,0.98434955,0.004850984,0.010799464
id04760,0.4473433,0.023198945,0.5294578
id04941,0.9109456,0.086511195,0.0025432098
id01339,0.89289254,0.039352857,0.06775465
id24710,0.38567346,0.09154104,0.5227855
id20408,0.6384627,0.18192938,0.17960791
id04028,0.20242976,0.043269366,0.7543009
id07153,0.004742638,0.0023192347,0.9929381
id20098,0.02504838,0.93413925,0.04081238
id24146,0.9096783,0.0014347371,0.088887036
id06276,0.7287868,0.0029369898,0.2682762
id18978,0.25357378,0.6980054,0.04842084
id04247,0.8364878,0.14492236,0.018589774
id02020,0.022549197,0.97284466,0.0046061245
id14299,0.013693382,0.003140721,0.9831659
id27255,0.13522883,0.8476355,0.017135685
id05751,0.022310836,0.0030775242,0.97461164
id09428,0.9884763,0.0102835465,0.0012401763
id06941,0.7924263,0.20393533,0.0036384105
id25678,0.007857026,0.0015299132,0.99061304
id27425,0.99722314,0.00029025564,0.0024866182
id12619,0.56803495,0.4313475,0.00061761326
id00530,0.007192386,0.045035552,0.9477721
id14683,0.6993769,0.28144532,0.019177848
id14618,0.0071202302,0.990732,0.0021477337
id07599,0.9957507,0.0029369814,0.001312308
id02786,0.9650159,0.0048583895,0.030125767
id21563,0.95579636,0.024581153,0.01962248
id26412,0.002340195,0.0014992681,0.99616057
id18320,0.23296943,0.16164844,0.60538214
id02043,0.6129974,0.03285161,0.35415098
id03179,0.7786146,0.18482512,0.036560316
id17256,0.007315657,0.9799015,0.012782865
id07435,0.006296889,0.0054757516,0.98822737
id17659,0.88582146,0.009517131,0.10466142
id06828,0.057751093,0.93149203,0.01075692
id18636,0.022171387,0.013848131,0.9639805
id05216,0.9670656,0.0007933646,0.032141086
id23156,0.74842966,0.2242527,0.027317604
id23861,0.9641535,0.024654632,0.011191823
id21416,0.06709954,0.0004000578,0.9325004
id02763,0.94521636,0.023910973,0.03087265
id12625,0.08995268,0.12500961,0.78503776
id08033,0.101691104,0.032054257,0.8662546
id24105,0.58706796,0.1883032,0.22462882
id09295,0.94467616,0.00520946,0.05011443
id22062,0.56318367,0.2732024,0.16361395
id21044,0.8787034,0.0011222603,0.120174356
id17419,0.3259585,0.051078003,0.6229635
id10969,0.9977526,0.0007195834,0.0015278109
id23066,0.13468763,0.20645972,0.6588527
id25667,0.9234119,0.014498305,0.06208983
id14534,0.9910443,0.0015133332,0.0074424143
id26645,0.2803058,0.5031308,0.21656342
id03965,0.056504395,0.031212986,0.91228265
id25956,0.96479297,0.0039577056,0.031249372
id23707,0.938165,0.003612353,0.05822262
id18026,0.67003524,0.277944,0.0520208
id10767,0.010435104,0.97680604,0.012758883
id18802,0.4220912,0.5529813,0.024927495
id02940,0.13454273,0.8161025,0.049354807
id13403,0.910303,0.020084456,0.06961258
id10201,0.046328895,0.953535,0.00013610334
id15333,0.06834979,0.0026706655,0.9289795
id25619,0.05824597,0.004467475,0.93728656
id18506,0.40952814,0.54456955,0.045902323
id09835,0.00012205217,0.99976224,0.000115713265
id14828,0.2340042,0.3458209,0.42017493
id26816,0.0009907619,0.9768506,0.022158602
id26134,0.0020541975,0.9977865,0.00015925252
id25064,0.6201093,0.009886889,0.37000382
id14254,0.16343641,0.013150624,0.823413
id09352,0.44953096,0.0514147,0.49905434
id21495,0.87898487,0.08698926,0.034025874
id15349,0.04328526,0.01573952,0.94097525
id06759,0.01562679,0.97956574,0.0048074285
id20876,0.2626607,0.04818697,0.6891523
id14644,0.1577757,0.83340377,0.008820523
id16927,0.018815104,0.2870599,0.69412506
id00417,0.27341545,0.31442627,0.41215828
id18892,0.5670876,0.05406859,0.3788438
id17500,0.1300135,0.8648389,0.0051475912
id17676,0.12638965,0.26217324,0.6114371
id03378,0.3010878,0.69885325,5.8979687e-05
id26891,0.8476655,0.0017254748,0.150609
id15609,0.9095534,0.047104187,0.043342404
id11270,0.94701356,0.011748601,0.04123785
id01141,0.013169779,0.022450732,0.96437943
id18738,0.2031851,0.012292752,0.7845222
id23964,0.050993238,0.15071681,0.79828995
id08032,0.584498,0.017273346,0.39822862
id10410,0.08117029,0.43249023,0.48633948
id15738,0.78500545,0.008564715,0.20642985
id22293,0.34046072,0.0005579867,0.6589813
id23174,0.9520435,0.045183178,0.0027733352
id13041,0.00059292733,0.92396754,0.07543952
id18377,0.19712593,0.06665355,0.73622054
id24269,0.005158823,0.9927831,0.002058053
id19445,0.04842762,0.9400415,0.011530884
id16449,0.06613417,0.9068904,0.02697549
id11857,0.4766145,0.03209788,0.4912876
id14929,0.18972315,0.1861743,0.6241026
id16029,0.22361869,0.050680958,0.7257004
id09091,0.98791707,0.006278451,0.0058044977
id14431,0.01200993,0.98621464,0.0017754706
id15857,0.03362271,0.9055654,0.06081197
id26177,0.03302964,0.10477351,0.86219686
id07001,0.0070960512,0.06704328,0.9258607
id00626,0.19453405,0.4328374,0.37262857
id25160,0.03926493,0.055546667,0.9051884
id21474,0.07784844,0.005496597,0.91665494
id03155,0.99089724,0.007950648,0.0011520903
id11858,0.00406383,0.0015148234,0.99442136
id12413,0.3997511,0.589943,0.010305895
id25656,0.0036886611,0.9958056,0.0005057663
id24322,0.9134928,0.07421061,0.0122965975
id20603,0.906556,0.03491731,0.058526725
id06878,0.8091077,0.17322275,0.017669579
id03535,0.42527354,0.3356839,0.23904258
id11831,0.71884006,0.0071445606,0.27401543
id24685,0.9982876,0.00089821464,0.00081413577
id10426,0.12246813,0.007491793,0.87004006
id09024,0.0029506688,0.99677676,0.00027263106
id09728,0.047103014,0.003743615,0.94915336
id01065,0.7006344,0.24847941,0.050886244
id14005,0.9540899,0.021706795,0.024203338
id18534,0.026599314,0.03274011,0.9406606
id19862,0.43105993,0.34065592,0.22828418
id14707,0.99732256,0.0021832807,0.0004942091
id02248,0.003453582,0.9936784,0.002868053
id20494,0.039881207,0.0037178167,0.956401
id27072,0.91814756,0.06697835,0.014874089
id20587,0.32427502,0.673019,0.0027060192
id24134,0.06940322,0.89031285,0.04028392
id22696,0.8333192,0.0015844572,0.16509637
id23757,0.4156893,0.08296697,0.5013437
id18828,0.57160723,0.41024104,0.01815179
id14040,0.0020709191,0.0056902366,0.9922388
id09385,0.963748,0.010568431,0.025683552
id16005,0.0044382564,0.98842376,0.007137932
id12467,0.16517991,0.3265932,0.50822693
id16209,0.48744774,0.20466441,0.30788785
id01621,0.0062567745,0.993123,0.00062022964
id18081,0.20623109,0.0039532194,0.78981566
id06667,0.12540287,0.0057919514,0.8688052
id07436,0.015818799,0.00021263552,0.9839686
id19498,0.032919344,0.9544765,0.012604197
id12123,0.91744244,0.08078365,0.0017739069
id17082,0.31635058,0.28418836,0.39946106
id00313,0.12743086,0.4560691,0.4165
id14281,0.3202991,0.40930656,0.27039433
id14755,0.35098472,0.016461931,0.63255334
id17484,0.945689,0.009763562,0.04454741
id00111,0.0021992526,0.9977127,8.8115026e-05
id16542,0.35824963,0.07758939,0.564161
id00458,0.11272287,0.005534196,0.88174295
id07682,0.086426765,0.91114974,0.0024235442
id02041,0.14629714,0.78989965,0.06380325
id26070,0.5480823,0.0017189949,0.4501987
id05271,0.965837,0.019189797,0.014973276
id18107,0.54844517,0.083510205,0.3680446
id01170,0.19846657,0.08470766,0.7168258
id23464,0.16084854,0.7740378,0.06511371
id03879,0.70228523,0.10612148,0.1915933
id22473,0.0074342177,0.9892237,0.003342075
id20937,0.97302276,0.00467207,0.022305202
id16239,0.06665496,0.8465401,0.086804904
id02348,0.9757059,0.019738814,0.0045552948
id19796,0.99348104,0.0006606949,0.005858235
id06531,0.00472538,0.00195987,0.9933148
id02641,0.19160363,0.48733896,0.3210574
id01332,0.5904078,0.08818393,0.32140833
id24038,0.3930059,0.5711894,0.035804715
id23699,0.9198552,0.034118224,0.046026632
id07294,0.72752684,0.2583962,0.014076943
id00319,0.95186347,0.04188994,0.006246594
id05699,0.40720665,0.58606815,0.0067252596
id18863,0.98755455,0.010096509,0.002348964
id07745,0.42148492,0.41491508,0.16359997
id02157,0.06320498,0.91717076,0.01962422
id00525,0.43246537,0.10548687,0.4620478
id14740,0.9119057,0.0008907928,0.08720348
id01420,0.006305139,0.9936187,7.616246e-05
id17725,0.9933381,0.006297107,0.00036473942
id07807,0.108950645,0.877359,0.013690365
id11676,0.004084105,0.99214375,0.0037721256
id06720,0.007192604,0.00021293852,0.9925945
id08048,0.012064349,0.07302148,0.9149142
id04185,0.25123864,0.11107897,0.6376824
id02077,0.61204463,0.33879966,0.04915578
id12968,0.14283167,0.10942936,0.74773896
id01945,0.96328473,0.019363744,0.017351463
id06446,0.7695322,0.16675755,0.06371027
id01072,0.9909986,0.008550742,0.0004506182
id15124,0.9153256,0.00038450173,0.08428994
id14173,0.006092655,0.99367756,0.0002297577
id27559,0.07970607,0.047437426,0.8728565
id13722,0.9632752,0.013206974,0.023517879
id09310,0.98269916,0.010145897,0.0071549765
id23024,0.9669968,0.032837924,0.00016523503
id24332,0.0017688851,0.9974287,0.000802425
id07699,0.9611472,0.037643507,0.0012093162
id06837,0.33793673,0.48849735,0.17356592
id07279,0.8031172,0.0126857385,0.18419705
id16451,0.52663,0.3070329,0.16633713
id17588,0.0014683013,0.9822289,0.016302848
id07018,0.81708395,0.0062792148,0.17663683
id12994,0.7036564,0.13953075,0.15681294
id03703,0.59376675,0.055360373,0.3508729
id01753,0.78233564,0.008850076,0.20881426
id02866,0.037363064,0.2467669,0.71587
id21884,0.010065477,0.9896271,0.000307375
id27543,0.14622903,0.015639389,0.83813155
id22149,0.12877657,0.2602685,0.61095494
id14595,0.9734461,0.02048542,0.0060685365
id12383,0.67231685,0.32409728,0.0035858944
id27714,0.6288046,0.1705296,0.20066582
id17634,0.9247654,0.013626592,0.061608016
id15906,0.040108737,0.0008346271,0.9590567
id09047,0.005444225,0.00021439625,0.9943414
id02059,0.9320375,0.0051065134,0.06285605
id19107,0.838263,0.1494782,0.012258837
id02385,0.15046367,0.015560545,0.8339758
id21312,0.58786106,0.37494957,0.03718935
id02215,0.0031351338,0.98944443,0.007420433
id08928,0.87486935,0.010743552,0.114387125
id07099,0.99877363,0.00033556495,0.0008908086
id01935,0.6020405,0.34708738,0.050872155
id24757,0.36427954,0.62805,0.0076704114
id01848,0.01691317,0.08906683,0.89402
id06224,0.99729973,0.0012824555,0.0014178149
id15539,0.12206415,0.30095595,0.5769799
id22907,0.076206475,0.87295836,0.050835136
id12713,0.97701937,0.0030472816,0.019933375
id15521,0.10364091,0.001717989,0.89464104
id25539,0.8985817,0.033992525,0.06742582
id23370,0.0034559648,0.005413176,0.9911308
id15868,0.7862113,0.053799648,0.15998903
id17808,0.029590314,0.0038724495,0.9665373
id08241,0.026183272,0.91712517,0.05669157
id27284,0.928136,0.060170714,0.011693305
id20707,0.950387,0.0018211597,0.04779189
id03823,0.07934538,0.8678661,0.052788455
id00463,0.029247435,0.8036252,0.16712736
id07241,0.96442556,0.03518744,0.00038700242
id05702,0.0013058564,0.9984621,0.00023199222
id18973,0.76899415,0.0016574867,0.22934838
id18662,0.81473505,0.045315307,0.13994962
id06448,0.024932783,0.009100903,0.96596634
id21002,0.004441098,0.9715559,0.024003038
id08753,0.99493486,0.0031742395,0.0018909511
id27832,0.2568187,0.72907,0.014111282
id11341,0.11971048,0.8579859,0.02230362
id11426,0.009586389,0.0056383857,0.98477525
id15388,0.047631007,0.012501903,0.9398671
id12801,0.9805863,0.018989166,0.00042455984
id02380,0.5109052,0.029881617,0.45921317
id02777,0.0068322276,0.0045220517,0.9886457
id05412,0.056066755,0.0006678281,0.94326544
id01303,0.9969537,0.0022975856,0.00074871816
id21665,0.9466455,0.026997719,0.026356786
id12973,0.18805465,0.0054907463,0.80645466
id22046,0.87897944,0.00013429282,0.12088628
id24035,0.2572316,0.005574764,0.7371937
id15513,0.020090772,0.9788809,0.0010283516
id12302,0.36436194,0.033077978,0.60256004
id01751,0.46002206,0.20303461,0.3369434
id27003,0.4069869,0.0018083007,0.5912048
id14689,0.00071427086,0.9991316,0.00015415595
id11885,0.8518327,0.12659751,0.0215698
id16558,0.6813071,0.20784187,0.11085108
id15785,0.14634839,0.80401045,0.049641207
id25382,0.047058165,0.94177115,0.01117074
id19170,0.58304906,0.33009863,0.086852334
id22689,0.5507281,0.44302535,0.0062466543
id03178,0.18930756,0.75815773,0.052534744
id22393,0.92971355,0.0051716478,0.06511479
id19215,0.26939076,0.011062902,0.7195463
id27829,0.6508454,0.07131478,0.27783975
id11659,0.27004004,0.010708529,0.71925145
id25831,0.00036470688,0.9977296,0.0019057161
id08781,0.4815846,0.007275597,0.51113975
id11550,0.067246735,0.80806744,0.12468583
id25478,0.067107536,0.007548862,0.92534363
id09909,0.9380302,0.05459212,0.007377696
id09009,0.006496904,0.00011169828,0.9933914
id12660,0.37202948,0.00908117,0.6188894
id23033,0.38953382,0.11701087,0.49345532
id25937,0.95711744,0.012383509,0.030499062
id10385,0.38444844,0.585982,0.029569538
id15288,0.010182981,0.020550797,0.9692662
id06403,0.9671506,0.030585932,0.002263438
id18342,0.22276022,0.48377743,0.29346234
id00497,0.05435859,0.022408715,0.92323273
id12156,0.98378307,0.0015608846,0.014656081
id26825,0.99676526,0.0010340554,0.00220068
id20140,0.38393193,0.022841487,0.59322655
id06714,0.8969204,0.025738318,0.07734131
id06017,0.006452296,0.016250024,0.97729766
id14841,0.9671076,0.024323946,0.008568482
id25646,0.060399458,0.027931621,0.91166896
id09218,0.82432616,0.14730431,0.028369559
id21857,0.0018800962,0.9979247,0.00019520515
id05750,0.026212387,0.015779804,0.95800775
id10507,0.3437342,0.40862197,0.24764386
id09696,0.08709062,0.1270027,0.78590673
id00835,0.39817452,0.031080212,0.5707452
id26717,0.012866716,0.008719521,0.97841376
id17573,0.058839943,0.011076053,0.930084
id21144,0.37172997,0.62255126,0.005718809
id02305,0.5674123,0.42754856,0.0050391355
id26035,0.9185859,0.047036435,0.034377664
id00878,0.9899361,0.0005801981,0.009483716
id08728,0.39971995,0.57685673,0.023423357
id10579,0.20191512,0.7771913,0.02089358
id10720,0.74345696,0.033036985,0.223506
id09163,0.0011934994,0.0020429431,0.9967636
id16298,0.81549615,0.1791695,0.005334269
id05342,0.7387736,0.10429094,0.15693544
id24256,0.13897242,0.07845107,0.7825765
id12217,0.16575852,0.8248335,0.00940799
id06159,0.55904824,0.03717938,0.4037724
id24394,0.8164685,0.029336238,0.15419532
id20232,0.04197529,0.019400906,0.93862385
id26856,0.97510505,0.009900773,0.0149941975
id15108,0.41994318,0.025598232,0.55445856
id00751,0.07144963,0.0024000036,0.9261504
id01784,0.89663976,0.09291913,0.010441146
id26419,0.10007533,0.41215432,0.4877704
id23877,0.86855334,0.063439935,0.068006776
id05019,0.8301909,0.012619446,0.1571897
id23003,0.01090204,0.00062293396,0.988475
id22153,0.09092674,0.8705745,0.03849881
id19726,0.013253299,0.9823538,0.0043929387
id19033,0.9679421,0.008940125,0.023117797
id00534,0.029012065,0.0010861524,0.9699018
id07030,0.9321516,0.008218238,0.05963018
id08281,0.4461772,0.123401366,0.4304214
id00366,0.8705799,0.034728345,0.09469176
id25446,0.8860732,0.02761118,0.0863156
id25008,0.9937657,0.0018523665,0.004381853
id24142,0.007884492,0.9918073,0.00030819353
id25331,0.00029157102,0.0012281247,0.9984803
id16549,0.03901739,0.0043525933,0.95663
id12120,0.0121820355,0.9877114,0.00010653725
id07518,0.66283524,0.3316449,0.0055199433
id24749,0.8776479,0.05847127,0.063880876
id23132,0.8812724,0.03211484,0.08661276
id05946,0.23119068,0.1477714,0.6210379
id07427,0.74631995,0.015350044,0.23833004
id14601,0.00013551387,0.99978954,7.4958145e-05
id26504,0.020816365,0.00045788015,0.9787258
id27199,0.93576163,0.0010581384,0.06318021
id09610,0.8707451,0.07298503,0.056269843
id02071,0.9207103,0.044356298,0.03493337
id24431,0.70416075,0.04277182,0.25306743
id20756,0.13022904,0.048348594,0.8214224
id06525,0.66416425,0.12158443,0.21425134
id11646,0.9928535,0.00526095,0.0018855544
id26808,0.939199,0.052184947,0.008616108
id15122,0.7114112,0.13778026,0.15080854
id26052,0.0040653907,0.0043781055,0.9915565
id06693,0.9850902,0.010280309,0.0046294937
id13520,0.99628013,0.0024364511,0.001283463
id04381,0.99453974,0.0001783949,0.0052818903
id23315,0.40280014,0.34934694,0.24785297
id15685,0.9753255,0.021649998,0.0030244153
id12974,0.07763662,0.07334797,0.8490155
id22302,0.8633527,0.056237165,0.08041011
id04848,0.13008663,0.84556365,0.024349676
id05104,0.0011383587,0.0007957976,0.9980659
id17169,0.7109476,0.24902377,0.04002867
id12736,0.2521578,0.6970204,0.05082185
id24659,0.99771214,0.0020693953,0.00021850657
id24829,0.90941167,0.07034582,0.020242488
id04164,0.1364772,0.8541851,0.009337731
id17795,0.41866636,0.37217015,0.20916349
id09104,0.011904156,0.97838116,0.009714702
id07833,0.046483506,0.014108758,0.93940777
id16733,0.746677,0.026101233,0.22722182
id18630,0.61907476,0.002804468,0.3781208
id16064,0.00028196044,0.011804197,0.9879138
id00561,0.008158256,0.96033466,0.031507086
id16627,0.97271395,0.018075347,0.009210761
id02162,0.99725646,0.0026503382,9.326334e-05
id16092,0.52041435,0.3067841,0.17280158
id10710,0.16972831,0.80693686,0.023334876
id18885,0.92236805,0.011131251,0.0665007
id10689,0.0060200435,0.0004889192,0.99349105
id00486,0.17693982,0.46058947,0.36247075
id02370,0.9657945,0.020292204,0.013913256
id22279,0.93529993,0.03529301,0.029407104
id16068,0.9131093,0.0021247885,0.08476588
id04053,0.01619797,0.0012831894,0.98251885
id09228,0.99775326,0.00032928225,0.0019174846
id04227,0.09628613,0.8807859,0.02292805
id13578,0.77325726,0.004771791,0.22197098
id18744,0.017211758,0.7500586,0.23272969
id22966,0.019540925,0.0065070353,0.97395205
id02979,0.9057886,0.017481666,0.07672974
id26203,0.89029735,0.10676932,0.0029333353
id21184,0.9623019,0.010707442,0.0269907
id19201,0.97881967,0.0035118593,0.017668476
id20340,0.00037922934,0.992243,0.007377807
id00692,0.0026598724,0.032535717,0.96480435
id17757,0.21833517,0.0033608335,0.778304
id22771,0.023858959,0.031449202,0.94469184
id10753,0.19302148,0.68904614,0.11793241
id11899,0.8203435,0.06563129,0.11402524
id20961,0.22776288,0.7712777,0.000959375
id06095,0.31636178,0.5661641,0.117474124
id23625,0.13791981,0.84614867,0.015931437
id03942,0.97427684,0.017632656,0.008090507
id19591,0.009926219,0.6060992,0.38397464
id19732,0.9972972,0.00017762135,0.0025251284
id24912,0.0019382462,0.99672186,0.0013399356
id15060,0.87418824,0.10985901,0.015952796
id08018,0.1221725,0.8730096,0.004817898
id02851,0.9456125,0.025825646,0.028561905
id02327,0.045952283,0.04375071,0.910297
id22631,0.9582425,0.016975505,0.024782019
id22240,0.98955286,0.005364942,0.005082223
id05114,0.91833043,0.0002921079,0.08137745
id14979,0.0011763636,0.99874544,7.819612e-05
id25837,0.026610693,0.96064544,0.012743912
id17457,0.33892736,0.230841,0.43023163
id23050,0.0018781093,0.000121669385,0.9980002
id06461,0.86643827,0.0014043269,0.13215742
id03154,0.8949451,0.0017104304,0.10334451
id20285,0.9863546,0.0011353088,0.012510128
id23166,0.029362373,0.97038436,0.00025324576
id11496,0.68018687,0.30204487,0.017768322
id09569,0.79580384,0.07312367,0.13107245
id11193,0.23340489,0.68772936,0.07886578
id26696,0.82762027,0.1568398,0.015539968
id15363,0.3504212,0.53822017,0.1113587
id13046,0.60529464,0.21849962,0.17620572
id17653,0.0443986,0.9549979,0.0006035438
id18812,0.006436837,0.00022219279,0.993341
id23232,0.018139888,0.98019034,0.0016697267
id05290,0.29312858,0.32374755,0.38312384
id10667,0.8633441,0.049647138,0.0870088
id15546,0.002804201,0.00021633536,0.9969795
id05862,0.62746775,0.007884997,0.36464727
id06225,0.03159194,0.18873985,0.7796682
id17617,0.3408496,0.015047959,0.64410245
id00814,0.06472517,0.012638591,0.9226363
id18898,0.014064586,0.28888863,0.69704676
id19395,0.092281096,0.73726,0.17045894
id19520,0.3936649,0.051719166,0.554616
id27501,0.15791003,0.010135306,0.83195466
id06327,0.21537821,0.04628169,0.7383401
id00330,0.041272134,0.4430447,0.5156832
id03792,0.6496674,0.2705213,0.07981133
id09320,0.7895329,0.20750135,0.0029657276
id04678,0.013790535,0.0027137336,0.9834958
id11663,0.8349085,0.0042559663,0.16083555
id24945,0.031463556,0.0034582783,0.9650782
id03046,0.0019018936,0.99742055,0.00067760644
id20236,0.93139905,0.019740393,0.048860583
id07869,0.7607331,0.018013764,0.22125314
id08152,0.074812844,0.0014605834,0.9237266
id02910,0.0039964197,0.98662776,0.009375827
id26837,0.009496261,0.95379263,0.036711134
id24188,0.002798766,0.91989166,0.07730958
id08748,0.4700395,0.27975255,0.250208
id18608,0.3209297,0.111135304,0.567935
id18773,0.8952583,0.08309945,0.021642154
id21822,0.99961275,0.00010149166,0.00028574627
id09721,0.19967484,0.15201733,0.6483078
id23152,0.9566414,0.0055384533,0.037820183
id02249,0.00022665477,0.9994191,0.00035426364
id14065,0.9903852,0.0043394137,0.0052754385
id01598,0.35357505,0.60448104,0.041943893
id06294,0.030789874,0.0019429026,0.9672673
id19196,0.9519641,0.009252959,0.038782973
id06846,0.41189867,0.54177237,0.046328954
id02239,0.08134255,0.0028584893,0.9157989
id20363,0.019267978,0.00014389168,0.98058814
id14986,0.17203654,0.7805494,0.04741408
id25864,0.005453527,0.017426996,0.9771195
id22272,0.45883682,0.007921029,0.5332421
id06212,0.09465599,0.109400995,0.795943
id15497,0.56360745,0.41676077,0.019631773
id12206,0.0030381605,0.0014530554,0.9955088
id03109,0.30951083,0.48910236,0.20138684
id00812,0.02761968,0.011492308,0.960888
id04837,0.5107692,0.24338774,0.24584308
id14518,0.9882019,0.00842377,0.0033743232
id18095,0.18079028,0.7881091,0.031100659
id15831,0.66402745,0.27864808,0.057324465
id12558,0.88021386,0.067685634,0.05210054
id27858,0.9547873,0.014123914,0.031088794
id24074,0.96260417,0.027987942,0.0094078975
id23039,0.9877138,0.0030898214,0.009196281
id23415,0.0001533623,0.9996183,0.00022836232
id00613,0.004304708,0.002596773,0.99309856
id11373,0.040593017,0.00016107375,0.9592459
id00493,0.011716975,0.987978,0.00030502817
id20781,0.17894581,0.7022492,0.11880502
id16367,0.82010674,0.12597975,0.053913504
id09831,0.11688124,0.86350185,0.01961689
id08016,0.02097261,0.96631044,0.012716976
id02860,0.00951577,0.766122,0.22436224
id02382,0.72937804,0.040445734,0.23017626
id06900,0.26380235,0.027861666,0.708336
id26499,0.9943507,0.004153303,0.0014960419
id21696,0.38057214,0.021470245,0.5979576
id21364,0.28130764,0.67351,0.04518234
id02752,0.57178307,0.24212396,0.18609299
id02765,0.99904674,0.00072911533,0.00022413133
id10307,0.95073193,0.02849598,0.02077208
id26542,0.11336402,0.0024698726,0.8841661
id05416,0.8650872,0.0355258,0.09938697
id03671,0.0125571545,0.9122309,0.07521193
id03740,0.0070116958,0.99279845,0.00018985882
id25818,0.89213103,0.047354247,0.06051475
id23290,0.9492438,0.011282954,0.039473183
id13438,0.0023055638,0.0005503778,0.99714404
id15502,0.88469166,0.030389994,0.08491841
id18946,0.4122761,0.033135824,0.55458814
id26357,0.0073255734,0.7347648,0.25790963
id13701,0.9935993,0.0018193624,0.0045813154
id20217,0.0042166985,0.9925743,0.0032090547
id12716,0.41146892,0.5824774,0.0060536875
id03995,0.0025502453,0.9961085,0.0013413023
id16808,0.9578811,0.0018660779,0.04025282
id11082,0.9750699,0.009207999,0.015722105
id06832,0.017554156,0.0012554732,0.9811903
id11655,0.70087,0.2865921,0.012537936
id12727,0.7884021,0.02738292,0.18421501
id14495,0.032621387,0.019645695,0.9477329
id15414,0.88892967,0.004040533,0.107029766
id03844,0.23974228,0.008592055,0.75166565
id22810,0.031040318,0.15657918,0.81238043
id05794,0.029695181,0.95826423,0.012040619
id01611,0.02699335,0.015314218,0.95769244
id11150,0.22066471,0.53003395,0.24930136
id27616,0.9294841,0.014056135,0.056459714
id09738,0.91642624,0.047113422,0.03646036
id23766,0.24466649,0.75056154,0.0047720056
id06124,0.051687296,0.016893765,0.93141896
id00926,0.94053423,0.058936913,0.00052886485
id11991,0.009412254,0.008604195,0.98198354
id22681,0.48854303,0.48693323,0.024523728
id00979,0.019540926,0.93797654,0.042482585
id26300,0.2098064,0.22429562,0.565898
id15518,0.5865819,0.00839013,0.405028
id26839,0.95525795,0.03961579,0.005126241
id16154,0.94911385,0.0048246356,0.04606149
id12877,0.96029633,0.0029537417,0.036749937
id02816,0.061961938,0.9379655,7.259185e-05
id13400,0.08744009,0.00041885997,0.912141
id14369,0.08610837,0.7227895,0.19110209
id04073,0.87735647,0.11438736,0.008256177
id04639,0.0140257375,0.9152217,0.07075257
id09970,0.09968931,0.0865802,0.81373054
id23994,0.7814111,0.21799953,0.0005893556
id24728,0.00044320853,0.9995477,9.081404e-06
id11539,0.42697063,0.24755988,0.32546952
id18368,0.037587576,0.06994538,0.892467
id07722,0.9211414,0.030225001,0.048633654
id10355,0.85143423,0.12314489,0.025420912
id02842,0.77161896,0.16251026,0.06587082
id02826,0.9825632,0.016807117,0.0006296823
id14517,0.022707602,0.97180665,0.0054858006
id14833,0.13296358,0.008275765,0.8587607
id00491,0.8155237,0.12814277,0.056333523
id10784,0.096404575,0.78779215,0.11580331
id27648,0.897569,0.09685802,0.0055729807
id00372,0.712259,0.09964071,0.18810031
id12796,0.119874015,0.032806292,0.84731966
id06215,0.3262569,0.65138626,0.022356842
id24722,0.008839832,0.012084398,0.9790758
id02729,0.010386306,0.036619857,0.9529938
id01783,0.12609255,0.024337858,0.84956956
id03025,0.043483466,0.004312762,0.9522038
id03714,0.014449627,0.9790366,0.006513656
id00173,0.16663419,0.7956586,0.037707232
id09268,0.05769465,0.00092739897,0.941378
id08738,0.0062666573,0.9892675,0.0044658254
id18561,0.958324,0.03986131,0.0018146785
id04877,0.9724351,0.008575982,0.018988907
id15173,0.073026314,0.90341955,0.023554126
id23020,0.15901887,0.07413067,0.7668505
id04105,0.0024702675,0.9955207,0.0020090544
id27807,0.76263624,0.1994512,0.037912585
id08966,0.97046447,0.016704708,0.012830867
id15469,0.04021745,0.004084172,0.9556984
id26904,0.21307963,0.048433572,0.7384868
id14258,0.9943744,0.0029580372,0.0026675654
id04371,0.0007899191,7.621798e-05,0.9991339
id13963,0.7456832,0.038762063,0.2155547
id19097,0.872226,0.044201188,0.08357281
id00350,0.31235376,0.0020076707,0.6856386
id03571,0.9730696,0.008386297,0.0185441
id05647,0.90648556,0.0677864,0.025728054
id03720,0.0005631985,0.996527,0.0029097716
id10208,0.88159454,0.11331156,0.0050939177
id04526,0.06250101,0.9277118,0.009787205
id23694,0.0017154034,0.9982481,3.644306e-05
id13795,0.97906107,0.016565612,0.0043733423
id04551,0.14303991,0.82550865,0.03145148
id13292,0.980483,0.015165155,0.0043518646
id18196,0.06580473,0.7406277,0.19356754
id12175,0.9820441,0.0058016353,0.012154308
id09482,0.94478714,0.04842844,0.0067844912
id17574,0.039844677,0.009120806,0.95103455
id12316,0.013992741,0.9831903,0.0028169786
id01875,0.0021024304,1.7558514e-05,0.99788
id12688,0.016645832,0.9769942,0.006359905
id12192,0.36177158,0.042140372,0.59608805
id14713,0.006786454,0.002457729,0.99075586
id05961,0.025989413,0.0072112423,0.9667994
id04556,0.6078762,0.018417362,0.37370646
id20641,0.95596963,0.027209649,0.01682075
id24624,0.07332358,0.010041191,0.9166352
id20096,0.04848922,0.005577812,0.945933
id03013,0.3781966,0.6067445,0.015058885
id06775,0.48081416,0.0135058975,0.5056799
id17068,0.9632253,0.023800062,0.012974611
id25344,0.009323258,0.98839974,0.002277023
id04523,0.77673817,0.089110255,0.1341516
id00132,0.98130566,0.00865441,0.010039953
id11631,0.0031290473,0.0019613206,0.99490964
id09022,0.08065182,0.29859063,0.6207575
id10188,0.005615803,0.00050023734,0.99388397
id12752,0.80307764,0.19646823,0.00045403882
id02576,0.015523529,0.19338739,0.79108906
id22768,0.6807599,0.26310736,0.056132775
id25350,0.9481013,0.013663403,0.038235337
id06560,0.9612493,0.0011312515,0.037619527
id20366,0.59403604,0.007223129,0.3987408
id10840,0.92134535,0.07756861,0.0010859808
id18880,0.89435244,0.018315565,0.08733205
id11683,0.56079084,0.3395049,0.099704355
id14734,0.5955145,0.00721953,0.397266
id15336,0.70573795,0.2723425,0.021919547
id15319,0.9486623,0.029187322,0.02215042
id03829,0.43553156,0.5562669,0.008201565
id18451,0.56168306,0.021375513,0.41694143
id11816,0.8733724,0.0014078667,0.12521976
id21792,0.8156604,0.079825215,0.10451435
id26921,0.95786643,0.0035877125,0.03854582
id08664,0.89894545,0.0064992327,0.09455535
id06944,0.88888615,0.043824803,0.06728908
id20817,0.024396777,0.00010490308,0.97549826
id02759,0.9907183,0.0055694887,0.0037121228
id01449,0.71165264,0.20039573,0.087951675
id26909,0.449088,0.45285437,0.09805762
id03113,0.0043044477,0.0017233397,0.99397224
id18364,0.45293558,0.0010265477,0.54603785
id21004,0.006926863,0.00042177198,0.9926514
id00305,0.17020687,0.011364495,0.81842864
id03374,0.036799934,0.9352922,0.027907925
id18916,0.9643222,0.027598785,0.008078935
id06535,0.053343434,0.9451252,0.0015313393
id25067,0.99518424,0.0037863133,0.0010294741
id27726,0.17914353,0.7270179,0.09383856
id21767,0.9574498,0.039918173,0.0026320242
id17581,0.99886805,0.00023753593,0.0008944564
id02354,0.8871002,0.024369458,0.0885303
id16505,0.9720033,0.0080871405,0.019909587
id00573,0.996555,0.0014266599,0.002018399
id23256,0.96775067,0.00026069328,0.031988565
id25798,0.1226198,0.8186621,0.058718096
id10439,0.30011448,0.04187015,0.6580154
id00652,0.011369991,0.95620185,0.03242812
id17696,0.9994895,0.00035542468,0.00015506755
id22911,0.12119408,0.034108773,0.8446972
id19382,0.14921579,0.0018236041,0.84896064
id12258,0.61630356,0.2969686,0.086727835
id19349,0.0017546776,0.99396944,0.004275898
id05653,0.7930579,0.016353095,0.19058904
id24532,0.022647997,0.011625261,0.9657268
id04344,0.80121934,0.17818314,0.020597506
id26369,0.039738383,0.73458064,0.22568102
id07974,0.04068455,0.23880766,0.7205078
id11844,0.0030346147,7.7094555e-05,0.99688834
id15836,0.9824234,0.0044856467,0.013090872
id03278,0.0101593435,0.0043122047,0.98552847
id25245,0.91612405,0.006305796,0.077570096
id10690,0.80831,0.020020368,0.17166965
id13618,0.99251467,0.0067572747,0.0007280436
id05898,0.6002654,0.022482507,0.37725213
id08866,0.6120022,0.32572186,0.06227598
id21212,0.026786782,0.005171763,0.9680415
id14035,0.98944646,0.0028845654,0.007669006
id27517,0.015731264,0.021409875,0.96285886
id22280,0.72643286,0.21896508,0.054602075
id05488,0.94104916,0.05393059,0.005020278
id07921,0.0026622186,0.9971865,0.00015128558
id26774,0.24230976,0.0028644775,0.7548258
id05200,0.71543354,0.27348104,0.01108547
id07514,0.13416994,0.865584,0.0002460691
id26147,0.06154028,0.0037328415,0.9347269
id16015,0.25108477,0.1043772,0.644538
id05730,0.79195976,0.20003326,0.008007
id10680,0.054760423,0.0035940204,0.94164556
id17677,0.5411917,0.078515634,0.38029265
id11519,0.011938977,0.00084764924,0.9872133
id03255,0.98133504,0.013848052,0.0048168353
id04658,0.26053602,0.39370278,0.3457612
id15449,0.0018046485,0.000106119354,0.99808925
id08702,0.010915122,0.9889495,0.00013545029
id20255,0.55476034,0.42838773,0.016851936
id03108,0.00037316812,0.99544597,0.004180814
id09118,0.0016620335,0.00034102224,0.9979969
id16335,0.8959869,0.07867083,0.025342293
id05595,0.17807578,0.4475573,0.37436697
id06774,0.9845073,0.01094318,0.0045495266
id23750,0.09910366,0.00089668017,0.8999997
id23246,0.6163962,0.17477152,0.20883226
id06156,0.07938719,0.14891797,0.7716949
id01049,0.100829005,0.84464526,0.054525714
id22801,0.0008429407,0.9986051,0.0005519869
id14034,0.99561006,0.0028328754,0.0015570455
id01156,0.010789188,0.9821148,0.0070960117
id13489,0.8142536,0.11006956,0.07567677
id18217,0.504015,0.19917439,0.2968106
id02048,0.23830041,0.6800704,0.08162925
id03684,0.9821436,0.017577715,0.00027873917
id11208,0.0007873678,0.01359147,0.98562115
id14453,0.8488982,0.0005545164,0.15054731
id03798,0.92072386,0.03720597,0.042070203
id19911,0.106831424,0.47027808,0.42289045
id04907,0.007885674,0.009978336,0.982136
id11148,0.97705203,0.020947987,0.0020000148
id23996,0.05487747,0.82463336,0.12048918
id19833,0.9005834,0.08649298,0.012923663
id01932,0.9981329,0.0016256787,0.00024146534
id12137,0.6692089,0.12724443,0.20354675
id20511,0.9628608,0.0061522615,0.030986877
id09367,0.00035547788,0.999275,0.00036948535
id20856,0.0013687607,0.0007669244,0.9978643
id20704,0.98578125,0.0057791946,0.008439484
id14526,0.085808076,0.23438452,0.6798074
id08881,0.05977002,0.9390095,0.0012205058
id04366,0.51190555,0.48682052,0.0012739074
id05521,0.5838861,0.34074765,0.07536625
id10588,0.15469782,0.27471527,0.5705869
id20689,0.22416408,0.7182439,0.057592023
id16667,0.7455737,0.20272136,0.051704925
id25279,0.54740566,0.3807958,0.07179854
id24194,0.062304467,0.934504,0.003191608
id27341,0.9398638,0.049945872,0.010190301
id25695,0.22550826,0.18457289,0.58991885
id01758,0.2609084,0.14999054,0.5891011
id02431,0.020905675,0.5851897,0.39390466
id19940,0.10594097,0.0016366367,0.8924224
id23926,0.9984047,0.000715945,0.00087928795
id14343,0.4145615,0.022522358,0.56291616
id06043,0.097580604,0.011713012,0.8907064
id05551,0.8478968,0.03479453,0.11730869
id16698,0.0047193393,0.9871893,0.00809137
id26006,0.993382,0.0033330722,0.0032849733
id16244,0.025948673,0.9061001,0.067951255
id21129,0.98013926,0.0071474197,0.012713311
id14317,0.01292159,0.0025197836,0.98455864
id16443,0.017764552,0.0009001069,0.9813353
id00044,0.03729954,0.00023352764,0.96246696
id01365,0.05682698,0.9422718,0.00090119557
id12797,0.60647094,0.085381426,0.30814767
id21275,0.9679343,0.018831875,0.013233822
id13801,0.020422153,0.05659572,0.92298216
id20770,0.20394741,0.76666844,0.02938412
id03078,0.3944342,0.60303116,0.0025347127
id21589,0.9658799,0.004319358,0.029800732
id25572,0.88831,0.027300294,0.08438966
id10712,0.9837879,0.0012133019,0.014998798
id25061,0.0684106,0.1731816,0.75840783
id03163,0.009587055,0.0009927475,0.9894202
id12341,0.8372602,0.0048602964,0.15787955
id25107,0.077070184,0.9108891,0.012040764
id21945,0.99901587,0.0005629178,0.00042122052
id14078,0.00046519362,0.013075357,0.98645943
id06876,0.00069077563,0.0016776229,0.9976316
id05232,0.009933131,0.96020895,0.029857978
id07071,0.36300653,0.03375398,0.6032395
id10646,0.044370744,0.5237841,0.43184516
id25540,0.90737396,0.07643752,0.016188474
id25607,0.10966535,0.86722654,0.023108134
id16479,0.88743424,0.04811369,0.0644521
id05998,0.0066488697,0.9386462,0.054704845
id20554,0.25803283,0.0468145,0.69515264
id27217,0.93101054,0.00493477,0.06405467
id20110,0.42926925,0.52216077,0.048569985
id01990,0.0066171344,0.9929612,0.00042161564
id17080,0.07154132,0.77434045,0.15411825
id19120,0.8127171,0.17821926,0.009063686
id08476,0.08594561,0.06667946,0.847375
id03715,0.22807793,0.76212054,0.00980154
id27208,0.9941274,0.0005479795,0.0053246142
id04508,0.9891777,0.0041106236,0.006711692
id11233,0.7912046,0.0029808234,0.2058146
id14237,0.9904535,0.00393737,0.005609211
id12006,0.4766631,0.5099855,0.013351401
id22925,0.0920177,0.005068028,0.9029143
id07141,0.91000193,0.016810138,0.073187955
id08449,0.30676195,0.016968235,0.6762698
id16468,0.99605453,0.0010621805,0.0028833367
id21415,0.008182763,0.0010114409,0.9908058
id09388,0.9952079,0.0033714792,0.0014206212
id24767,3.8749185e-05,0.99991095,5.0338072e-05
id19247,0.9986267,0.00021332393,0.001159987
id07068,0.51990414,0.32858247,0.15151338
id27597,0.9020116,0.0877127,0.0102757355
id21380,0.8715012,0.045495804,0.083003
id01178,0.013076561,7.452678e-05,0.98684895
id15323,0.9945365,0.002373608,0.003089884
id14784,0.7744927,0.18994631,0.035561047
id07174,0.30090702,0.12108832,0.57800466
id06577,0.9244801,0.06832192,0.0071980315
id06582,0.9302787,0.012322345,0.05739897
id21088,0.00907815,0.0004430964,0.99047875
id16436,0.27907428,0.29133078,0.42959496
id25443,0.7259813,0.012345718,0.261673
id16617,0.9295326,0.011978732,0.05848864
id21757,0.48032197,0.0927215,0.42695656
id25902,0.8705748,0.051298413,0.07812688
id11238,0.97533745,0.011133004,0.01352953
id13861,0.08244316,0.8718781,0.045678765
id04171,0.00454641,0.000979231,0.99447435
id21483,0.023095299,0.0014816597,0.97542304
id12635,0.012985778,0.3512484,0.6357658
id11666,0.09004066,0.9052273,0.004732066
id21552,0.8723045,0.042451143,0.08524433
id13582,0.05317553,0.8870178,0.059806705
id06447,0.8837847,0.0046617994,0.1115535
id22998,0.09487711,0.005301167,0.89982176
id15616,0.0004849218,0.0015564748,0.9979586
id09613,0.020633215,0.9774695,0.0018972743
id09318,0.46240297,0.5331768,0.004420285
id07653,0.9948191,0.003379708,0.0018011405
id21311,0.9525139,0.023081766,0.024404326
id21030,0.72883815,0.233519,0.037642825
id10363,0.16064356,0.7759632,0.06339327
id02624,0.9116534,0.01624196,0.07210462
id21462,0.04408863,0.5848824,0.371029
id24961,0.008373669,0.96691614,0.024710206
id08598,0.17607902,0.11922572,0.7046953
id22701,0.7381332,0.1788417,0.0830251
id24954,0.24735498,0.060574364,0.69207066
id24432,0.9919748,0.0013267911,0.006698448
id08123,0.2060877,0.009458377,0.7844539
id08456,0.102193646,0.062483683,0.8353227
id02792,0.925434,0.0077875527,0.06677847
id01034,0.008163893,0.9341776,0.057658583
id05336,0.14001264,0.7495319,0.11045548
id16773,0.2045303,0.577439,0.21803074
id20275,0.36837754,0.62153864,0.010083844
id22357,0.029392345,0.768098,0.20250969
id08426,0.99618584,0.0016124716,0.002201617
id26118,0.985364,0.011175859,0.0034601423
id27377,0.6165973,0.202974,0.18042865
id19738,0.49542978,0.06504926,0.439521
id27211,0.9125273,0.083229065,0.004243593
id20362,0.2478237,0.027056547,0.72511977
id10769,0.14187509,0.056878295,0.80124664
id02037,0.7467396,0.0997851,0.15347531
id24338,0.98315454,0.0070383605,0.009807132
id21154,0.08062169,0.9118742,0.0075041885
id15815,0.0063351477,0.075726174,0.9179387
id03643,0.22280605,0.03390063,0.74329334
id24266,0.00075766805,0.9986375,0.00060486404
id09707,0.41684884,0.09979999,0.4833512
id22786,0.9929561,0.0052736504,0.0017702376
id27783,0.43493074,0.25292352,0.3121458
id13684,0.46169066,0.08326725,0.4550421
id03721,0.13733084,0.7799928,0.08267634
id00139,0.53426886,0.38658518,0.07914601
id07113,0.9203549,0.0007209525,0.07892415
id25748,0.92384666,0.07398036,0.002172969
id01901,0.4632431,0.00553367,0.53122324
id15688,0.90174365,0.055309124,0.042947233
id20660,0.81952155,0.010245656,0.17023282
id03335,0.8480421,0.011550745,0.14040722
id05947,0.97257054,0.026938941,0.0004905566
id14528,0.9372447,0.0535331,0.0092222355
id04437,0.98278415,0.012855761,0.004360063
id10804,0.09174072,0.9058358,0.002423474
id17859,0.014405576,0.96644026,0.019154204
id01631,0.13241822,0.85459137,0.01299045
id10949,0.021882337,0.95299655,0.025121147
id02613,0.67789686,0.009187824,0.3129153
id21773,0.49163094,0.44294992,0.06541913
id08523,0.002230947,0.00015384228,0.9976152
id08014,0.015129519,0.97285616,0.012014361
id08659,0.057656527,0.8597346,0.08260889
id17792,0.93281275,0.03156692,0.035620302
id25612,0.037980016,0.15683839,0.8051816
id27792,0.31135738,0.2577588,0.43088385
id08889,0.95278734,0.006422957,0.040789712
id17156,0.94283617,0.05237553,0.0047883247
id04124,0.060324524,0.0011324482,0.938543
id05048,0.20208707,0.69859326,0.09931971
id18882,0.09692979,0.004266061,0.8988041
id03999,0.01361376,0.9575408,0.028845448
id04390,0.21251106,0.67520726,0.11228168
id06734,0.49395847,0.008684845,0.49735674
id12623,0.44409034,0.21411516,0.34179455
id10904,0.07684413,0.91480297,0.008352953
id23535,0.9268051,0.04192264,0.031272333
id08442,0.7646982,0.0005935086,0.23470831
id25272,0.9012623,0.095035076,0.0037026198
id15926,0.31630105,0.115556896,0.56814206
id07186,0.00224626,0.0011263731,0.9966274
id20674,0.0920146,0.6345467,0.27343875
id13297,0.6779198,0.26469266,0.057387512
id08076,0.9459584,0.028321628,0.025720006
id10493,0.096822925,0.0017566981,0.90142035
id19450,0.9889092,0.009821716,0.0012690877
id21746,0.09210896,0.8850884,0.022802675
id22034,0.0017274246,0.0027414986,0.995531
id05074,0.84084654,0.14911915,0.010034304
id07348,0.7450467,0.01256329,0.24239002
id01308,0.4608142,0.469227,0.069958836
id06705,0.26573,0.013465053,0.720805
id21444,0.79220206,0.027076408,0.18072149
id12010,0.004433656,0.9955043,6.2097046e-05
id19949,0.10417421,0.852504,0.043321706
id01125,0.8498007,0.0016787578,0.14852053
id20380,0.9322845,0.0008289561,0.06688659
id04880,0.97999763,0.016477322,0.0035250601
id10095,0.30935854,0.67009765,0.020543864
id01379,0.012511851,0.987275,0.00021320296
id11651,0.99772626,0.0022548311,1.8914176e-05
id24870,0.08684352,0.8915978,0.02155865
id11307,0.2830046,0.04957994,0.66741544
id00731,0.004053189,0.9958775,6.9322974e-05
id18806,0.91039693,0.04952528,0.04007783
id16899,0.31081593,0.06454243,0.62464166
id12522,0.094979905,0.87343955,0.031580575
id20119,0.98156345,0.013262801,0.0051738024
id26937,0.11189564,0.8821627,0.005941687
id27439,0.001348984,0.9981035,0.0005475421
id27579,0.19592254,0.0024345664,0.8016429
id13459,0.9864081,0.008872031,0.0047198515
id11534,0.06074955,0.014633376,0.9246171
id19984,0.0002642933,0.999712,2.3749768e-05
id06404,0.9763635,0.020328533,0.0033080277
id23309,0.19622964,0.7763191,0.027451335
id19314,0.31313887,0.5646867,0.12217444
id13300,0.017525222,0.89560145,0.08687332
id09562,0.02486201,0.010991385,0.9641466
id08036,0.122571416,0.8324973,0.04493133
id03683,0.63285923,0.24809098,0.11904979
id04784,0.9813564,0.009692417,0.008951173
id08715,0.19381614,0.0066180904,0.79956573
id08479,0.9458017,0.0427579,0.011440435
id18360,0.99249166,0.0031603295,0.0043479577
id26170,0.09942641,0.89525086,0.005322777
id20424,0.83878195,0.001473897,0.15974413
id10361,0.34213263,0.6248365,0.033030868
id02335,0.14093295,0.36078343,0.49828365
id18664,0.10266171,0.02739169,0.8699466
id11480,0.6420867,0.009465609,0.3484477
id13229,0.3608779,0.19508982,0.44403228
id19658,0.08049063,0.35940337,0.56010604
id01421,0.08117353,0.0016200002,0.91720647
id26050,0.15709293,0.48572236,0.35718474
id27136,0.91613203,0.011306271,0.0725617
id14688,0.6092816,0.32441357,0.066304885
id24936,0.9957439,0.0039530336,0.00030311136
id09776,0.032312166,0.9611542,0.0065336693
id14765,0.20462337,0.005271228,0.7901054
id06704,0.027315535,0.011067113,0.96161735
id06961,0.050316963,0.060421053,0.88926196
id12725,0.46014726,0.38154554,0.1583072
id27875,0.32294092,0.07441235,0.6026467
id20750,0.04769357,0.06989999,0.8824065
id19081,0.38198444,0.0054664593,0.61254907
id05773,0.081670634,0.060517427,0.8578119
id04241,0.036396064,0.056031182,0.90757275
id24438,0.0006917939,0.9918819,0.0074263406
id09353,0.44312543,0.54499286,0.011881715
id19446,0.013559525,0.87785155,0.10858892
id20203,0.36607993,0.007656958,0.6262631
id07711,0.026400864,0.64387184,0.3297273
id15758,0.5889308,0.007879502,0.40318972
id17665,0.32841688,0.4978434,0.17373969
id14167,0.8188696,0.1301525,0.050977945
id00687,0.0327344,0.009837029,0.9574286
id00735,0.018158862,0.0017608391,0.9800803
id26443,0.045269288,0.006139588,0.9485912
id15242,0.9891199,0.0058412557,0.0050388034
id13474,0.0018924738,0.98682886,0.011278701
id04409,0.8510011,0.10031148,0.048687447
id19438,0.62546915,0.090163894,0.28436697
id04101,0.14158021,0.5931427,0.26527715
id26992,0.95237917,0.022374403,0.025246488
id14645,0.551726,0.44439372,0.0038803113
id26429,0.061496176,0.799822,0.13868187
id05710,0.8200649,0.07873937,0.10119574
id07474,0.053249538,0.013395946,0.93335456
id21067,0.07631171,0.0013016739,0.92238665
id20264,0.20619254,0.6122152,0.18159221
id04991,0.12510519,0.12357503,0.7513198
id07054,0.6010882,0.07316938,0.32574245
id14413,0.13259573,0.13733368,0.7300706
id21861,0.022327168,0.0011194493,0.9765534
id12933,0.017876966,0.9805884,0.0015346282
id08074,0.04063076,0.0008165452,0.9585527
id03176,0.8202207,0.08643826,0.09334104
id15239,0.0026600468,0.0015853273,0.9957546
id05322,0.5474002,0.44942114,0.0031786999
id25957,0.0047156806,0.0014436506,0.9938407
id22789,0.0030898936,0.00018288611,0.9967272
id03435,0.24615586,0.036710866,0.7171333
id06122,0.17781323,0.8182982,0.0038885453
id00869,0.7833719,0.022646798,0.19398133
id23400,0.0024548364,0.9971757,0.00036951824
id08127,0.9987603,5.9772217e-05,0.001179957
id08856,0.0056910394,0.0009150809,0.9933939
id01919,0.0164796,0.013325556,0.9701948
id22051,0.6617961,0.054435417,0.28376853
id19791,0.9795386,0.019454135,0.0010072752
id06679,0.006775536,0.006408602,0.98681587
id25385,0.018352456,0.97977126,0.0018763015
id04313,0.002318428,0.0001542524,0.9975273
id01389,0.0008460422,0.9979463,0.0012076434
id17264,0.6368238,0.15924825,0.20392804
id23062,0.9093486,0.036358394,0.05429299
id17008,0.004621038,0.995042,0.0003369254
id04746,0.11901786,0.8794147,0.0015675084
id11487,0.07827113,0.91809225,0.0036365832
id02111,0.30990905,0.120306596,0.56978434
id08911,0.5342075,0.4080538,0.057738706
id00845,0.34137556,0.36238393,0.29624057
id02409,0.5301791,0.018102922,0.451718
id20141,0.08948212,0.9035116,0.0070063286
id06353,0.79996383,0.021314707,0.17872146
id14766,0.29854077,0.6993509,0.0021083853
id05294,0.029448893,0.78126335,0.18928775
id12568,0.46790683,0.4180742,0.114019
id27571,0.025746392,0.6305115,0.34374207
id20377,0.9881776,0.00017968738,0.011642722
id24340,0.6669451,0.33080345,0.002251484
id05355,0.04183972,0.6975984,0.26056185
id01246,0.016490148,0.98152345,0.0019864396
id17173,0.96538436,0.0036814115,0.030934248
id16338,0.0021636954,0.021118704,0.9767176
id14712,0.0638952,0.9326008,0.0035040067
id10590,0.025388593,0.006286681,0.9683248
id13157,0.042172205,0.00401392,0.95381385
id23915,0.39481223,0.6023828,0.00280504
id05903,0.811156,0.18548024,0.0033638014
id03661,0.8396167,0.002344679,0.15803859
id21177,0.9254036,0.069975905,0.0046204785
id12025,0.0054978845,0.9910132,0.0034889036
id14031,0.86695117,0.124861345,0.00818748
id21299,0.013722271,0.0002899436,0.98598784
id00758,0.0066502085,0.005887964,0.98746186
id25034,0.7406528,0.09841023,0.16093695
id01407,0.96710616,0.0004143297,0.03247951
id24205,0.081659414,0.9135997,0.0047408477
id22350,0.9712872,0.022417972,0.0062948414
id05983,0.20569448,0.019126937,0.7751786
id23821,0.121809185,0.12372118,0.7544697
id21960,0.018848272,0.43768305,0.54346865
id08108,0.25187933,0.049156614,0.69896406
id03232,0.012200025,0.004320403,0.9834796
id12956,0.055177875,0.059083525,0.8857386
id03217,0.015521845,0.97869754,0.0057806405
id08955,0.016155032,0.580346,0.40349898
id22567,0.20287561,0.38864282,0.40848157
id20367,0.99590755,0.0009985776,0.003093884
id06319,0.640882,0.3386397,0.020478291
id14239,0.496801,0.3916358,0.111563265
id05013,0.98613816,0.008754038,0.0051078415
id26491,0.5736148,0.30087572,0.12550949
id23540,0.85364836,0.023857262,0.122494414
id25631,0.25275764,0.023746114,0.72349626
id01591,0.65422153,0.011856299,0.33392218
id01193,0.804803,0.19233611,0.002860939
id24819,0.18442273,0.65702313,0.15855417
id08308,0.8108412,0.17010064,0.019058159
id27567,0.0033621548,3.752007e-05,0.99660033
id12998,0.20348875,0.022800624,0.77371067
id08315,0.013221576,0.9662021,0.02057634
id16118,0.79196423,0.0760779,0.13195792
id27505,0.10836326,0.8898418,0.0017948753
id08529,0.003949912,0.9469046,0.04914545
id20249,0.41777363,0.05638862,0.5258378
id24343,0.15447009,0.05154706,0.79398286
id03631,0.41896874,0.5698801,0.011151081
id00349,0.013293857,0.9657036,0.021002548
id04969,0.0014691508,0.9979194,0.0006114629
id11856,0.31832495,0.4928027,0.18887231
id26020,0.9533207,0.02394406,0.022735178
id07957,0.99311984,0.006396836,0.0004833439
id03899,0.9932541,0.0037125035,0.0030334182
id14650,0.99798286,0.0012022797,0.00081485417
id21807,0.21202116,0.6697251,0.11825369
id21685,0.99707234,0.0027491597,0.00017852048
id06655,0.4630058,0.5255508,0.0114434045
id27764,0.8173192,0.11880804,0.0638728
id02847,0.031294774,0.9684216,0.00028371022
id07271,0.85773015,0.007628875,0.13464102
id15978,0.9287845,0.00080009317,0.07041544
id12075,0.1389139,0.020621434,0.84046465
id23611,0.986678,0.004864328,0.008457652
id05191,0.9311951,0.05257142,0.016233517
id04303,0.5038137,0.1477729,0.34841344
id12277,0.10250892,0.7335658,0.1639253
id15582,0.89377266,0.00687259,0.09935475
id02917,0.76459974,0.19776152,0.037638765
id25622,0.22497961,0.0090033235,0.7660171
id16495,0.56028265,0.32871267,0.1110047
id17839,0.0020224552,0.11526098,0.8827166
id20373,0.0034377922,0.69887465,0.29768756
id25342,0.9347931,0.0013002256,0.06390664
id13518,0.678143,0.082485855,0.2393711
id19958,0.49995375,0.012922341,0.48712388
id00228,0.32443607,0.053632833,0.62193114
id00367,0.08331214,0.058083784,0.8586041
id16274,0.0039538764,0.9952604,0.0007856839
id27969,0.48970976,0.50588584,0.004404424
id18474,0.3585494,0.37260383,0.26884684
id02892,0.0014004341,0.99834514,0.00025448453
id03838,0.3769727,0.61474705,0.008280277
id08960,0.16146216,0.83791685,0.0006209065
id17320,0.20832954,0.07950894,0.7121615
id20922,0.15245023,0.38353077,0.46401906
id17364,0.10137751,0.50144947,0.39717302
id06523,0.95799464,0.0064163185,0.035589058
id16232,0.28675625,0.6931746,0.020069122
id01886,0.035915285,0.9638197,0.0002650351
id18234,0.07992759,0.9183579,0.0017145185
id26057,0.8406668,0.01046827,0.148865
id09436,0.2475075,0.74790496,0.0045875437
id09543,0.0008844199,0.99225724,0.0068583204
id15732,0.51949674,0.041386183,0.43911707
id22927,0.8996384,0.004353492,0.09600815
id26551,0.0008277894,0.000707954,0.9984643
id11126,0.08565478,0.49658635,0.41775888
id02903,0.9980965,0.0006504733,0.0012530532
id24549,0.004945448,0.9937496,0.0013049735
id01618,0.9199792,0.07157453,0.008446262
id22005,0.007020522,0.0007039746,0.99227554
id02603,0.0001812919,0.86876875,0.13104987
id22118,0.97501904,0.015002078,0.009978905
id24985,0.9128834,0.051452857,0.035663743
id19044,0.9970319,0.0025524537,0.00041563285
id03296,0.13796341,0.84592277,0.016113838
id17299,0.8091262,0.13108067,0.05979318
id08251,0.9397396,0.006707902,0.05355251
id05491,0.9638223,0.0077523994,0.028425287
id17009,0.99583095,0.00077197055,0.003397064
id07381,0.042244278,0.94796926,0.00978647
id07643,0.9292541,0.02955695,0.041188948
id24227,0.9517139,0.04677233,0.0015137275
id04099,0.927682,0.061503515,0.010814438
id11393,0.01090479,0.93327177,0.055823468
id19396,0.17214082,0.82446194,0.0033972943
id15362,0.98013103,0.012560646,0.00730836
id00195,0.8088918,0.0051163184,0.1859919
id02296,0.2926576,0.1580189,0.5493235
id27754,0.95062226,0.046494473,0.0028832762
id16471,0.21861821,0.76078135,0.020600459
id15237,0.05944279,0.45593253,0.48462474
id10099,0.0709317,0.8712381,0.057830196
id21647,0.87383497,0.043336794,0.08282826
id13571,0.060266607,0.7642831,0.17545031
id15137,0.023293247,0.9720999,0.0046068407
id10965,0.043991532,0.2168592,0.7391493
id24918,0.004785061,0.99509966,0.000115303184
id01700,0.9669904,0.016272228,0.01673736
id03901,0.059959345,0.9056752,0.034365512
id24411,0.07508994,0.90024394,0.02466613
id02597,0.21231233,0.7861264,0.0015613404
id07981,0.10953183,0.010654083,0.879814
id07429,0.019990493,0.0059569613,0.97405255
id13354,0.5758945,0.32146776,0.10263776
id25693,0.9095591,0.08907752,0.0013633702
id11305,0.20681171,0.0055862423,0.78760207
id26634,0.99958986,0.00032336309,8.6840395e-05
id09180,0.94759077,0.014268173,0.038141064
id19991,0.87319225,0.034499247,0.09230853
id05497,0.13851619,0.009278634,0.85220516
id08058,0.02250022,0.8312818,0.14621802
id06612,0.059443466,0.019318253,0.9212383
id22846,0.0001502801,0.9995913,0.0002584928
id09588,0.9495883,0.030821607,0.01959006
id10337,0.0051753637,0.00042242967,0.9944022
id05744,0.9978019,0.0015136271,0.00068450015
id19624,0.014768695,0.9839302,0.0013010583
id00939,0.052563258,0.7982517,0.14918508
id24424,0.0051311594,0.0057926225,0.98907626
id14406,0.04778399,0.0017764448,0.9504396
id08961,0.010617332,0.03148334,0.95789933
id27004,0.4954513,0.0057734475,0.4987752
id24072,0.5303677,0.4547422,0.014890133
id23738,0.0066109346,0.9928596,0.0005295018
id13676,0.008778741,0.034197852,0.95702344
id19636,0.10144402,0.008157396,0.89039856
id09466,0.9532896,0.031688742,0.015021642
id04434,0.09535289,0.88558084,0.01906625
id24016,0.70666873,0.26518798,0.028143277
id09168,0.12564196,0.0029123982,0.87144566
id24262,0.98201734,9.9308134e-05,0.01788342
id01441,0.63984513,0.021802953,0.33835196
id20170,0.1322356,0.014691315,0.85307306
id02342,0.54696625,0.43256956,0.020464243
id23334,0.29045716,0.6259409,0.08360198
id09262,0.94041806,0.0012515192,0.05833037
id17822,0.5776494,0.30326948,0.119081154
id14466,0.16792898,0.8291978,0.0028731918
id14319,0.79320633,0.1465502,0.060243517
id02387,0.9938533,0.0027444633,0.0034023211
id13617,0.92654544,0.047546055,0.025908416
id08025,0.4889398,0.4988193,0.012240934
id23364,0.60993195,0.29191026,0.09815782
id01438,0.6039648,0.0053679305,0.3906673
id05288,0.2237463,0.7750784,0.0011753
id24441,0.63693696,0.06913762,0.29392543
id18048,0.14622635,0.022291023,0.83148265
id27822,0.5016233,0.36985683,0.12851997
id23906,0.91709137,0.0014090793,0.08149956
id07059,0.004805441,0.008628419,0.9865661
id08357,0.24760075,0.027182559,0.72521675
id13619,0.023078436,0.008522295,0.9683993
id27086,0.0023418234,0.9974324,0.00022580677
id03789,0.978567,0.007260575,0.014172436
id00177,0.010890325,0.00020406101,0.9889056
id01552,0.45608225,0.012657656,0.53126013
id03027,0.50058013,0.45667318,0.042746663
id15841,0.0382221,0.960287,0.0014909535
id27214,0.023380304,0.44506842,0.53155124
id14095,0.9101242,0.040520713,0.049355093
id08434,0.0084138,0.9901106,0.0014756613
id05532,0.51359856,0.032743063,0.45365843
id06247,0.022916943,0.32185647,0.6552266
id09916,0.41698292,0.42319056,0.1598265
id18651,0.968554,0.002749171,0.02869684
id26324,0.0438187,0.34492284,0.61125845
id27363,0.30058634,0.017187854,0.6822258
id02302,0.00856421,0.0029383819,0.98849744
id12845,0.38227418,0.44216567,0.17556013
id20294,0.06814681,0.013329456,0.9185237
id04233,0.1303808,0.23896658,0.63065267
id20000,0.01134508,0.98749167,0.001163256
id02527,0.0008865725,0.0008389847,0.99827445
id26763,0.00026611696,0.9996885,4.5400808e-05
id15763,0.0162506,0.97731453,0.0064348415
id10374,0.9851253,0.01222902,0.0026456849
id00901,0.0067781266,0.9714433,0.021778582
id22161,0.20140818,0.78975296,0.008838898
id15200,0.99319905,0.0036949976,0.0031059617
id15430,0.1580674,0.7789168,0.063015826
id27468,0.35598123,0.038740624,0.60527813
id02378,0.005572639,0.0002065036,0.99422085
id23250,0.96124464,0.010991733,0.027763652
id18374,0.06890827,0.004416589,0.92667514
id01146,0.62915576,0.32363582,0.047208466
id24617,0.9823263,0.01368963,0.0039840313
id01754,0.0109525975,0.979377,0.00967046
id11383,0.5263404,0.016451623,0.45720798
id24713,0.21107472,0.7406314,0.048293896
id26161,0.23108824,0.66687053,0.10204124
id12466,0.747344,0.02158045,0.2310755
id17409,0.93033636,0.028341798,0.04132189
id04066,0.46823257,0.50305325,0.028714176
id16890,0.001175005,0.9985105,0.0003145192
id03358,0.9617609,0.035828255,0.0024109345
id19133,0.9904834,0.0036816066,0.005835039
id07358,0.29468116,0.5159713,0.18934757
id27773,0.003678748,0.9961686,0.00015265794
id10699,0.013938496,0.9577797,0.028281823
id08693,0.99901235,0.00049747195,0.0004901995
id11944,0.11199966,0.8854054,0.002594967
id02240,0.1531322,0.8429387,0.0039291037
id23124,0.43602887,0.09617551,0.46779564
id05465,0.13596313,0.14099793,0.723039
id15540,0.043042876,0.9490228,0.007934288
id16715,0.0043720882,0.0022892524,0.99333864
id12563,0.00508823,0.001165523,0.9937463
id00583,0.043393526,0.49287638,0.4637301
id27730,0.03467105,0.2302351,0.73509383
id00896,0.047098737,0.012964656,0.9399366
id15031,0.90532917,0.018654149,0.07601661
id23271,0.0028894264,0.021645362,0.97546524
id17004,0.04462698,0.13101602,0.824357
id10247,0.11319279,0.0113307275,0.8754765
id12055,0.8170183,0.13132201,0.051659774
id22719,0.9779373,0.018237283,0.003825452
id06891,0.00073442876,0.9990656,0.00020002329
id27281,0.80719095,0.04649557,0.1463135
id23104,0.6976617,0.01893591,0.28340238
id14491,0.017479619,0.98093534,0.0015850739
id24292,0.2277801,0.61015826,0.16206163
id15777,0.6857372,0.049802188,0.2644606
id22522,0.00062862947,0.0008640812,0.9985073
id25136,0.00026687814,0.9994931,0.00024001482
id17735,0.6069383,0.3897159,0.003345827
id18869,0.7146051,0.18498397,0.10041093
id20815,0.041704807,0.9491142,0.009180984
id15238,0.87451077,0.04274246,0.08274678
id24454,0.057082936,0.010733274,0.9321838
id14402,0.09758642,0.019537698,0.88287586
id10985,0.79788476,0.051098768,0.15101647
id12747,0.9820028,0.008166042,0.009831202
id11581,0.5470887,0.055103928,0.39780745
id07594,0.94958144,0.02310282,0.027315713
id08240,0.6207677,0.35015544,0.029076885
id12773,0.10944209,0.66641456,0.22414331
id12838,0.71189016,0.044841778,0.24326809
id23322,0.012458809,0.52798486,0.45955634
id22344,0.936416,0.038873263,0.024710773
id12881,0.60475016,0.21193832,0.18331154
id20147,0.027977709,0.15157214,0.8204502
id13261,0.15754746,0.6998362,0.14261633
id01842,0.017612247,0.0026882116,0.97969955
id25884,0.9974201,0.0019510003,0.000628944
id01643,0.57351077,0.38743812,0.039051127
id26737,0.0051619406,0.8520965,0.1427416
id10558,0.26314533,0.44529682,0.29155788
id20458,0.0003574716,0.00024206776,0.9994005
id23965,0.44465488,0.12125911,0.43408602
id26758,0.90686613,0.077256896,0.01587695
id27519,0.18698649,0.069833264,0.7431802
id20676,0.2786364,0.5454717,0.17589188
id10536,0.7771274,0.13975805,0.08311459
id12652,0.98931015,0.00026001016,0.010429842
id00041,0.0024185772,0.0009043852,0.99667704
id16051,0.14164303,0.3938536,0.46450335
id02396,0.0052015404,0.0006407083,0.9941578
id00294,0.009455256,0.0030004156,0.98754436
id07695,0.9700074,0.015484569,0.014508036
id12440,0.17422079,0.58338237,0.2423969
id18373,0.4730364,0.51045704,0.01650654
id16812,0.0038363172,0.9900822,0.006081469
id20901,0.001072493,0.99884963,7.7886834e-05
id12076,0.044815842,0.00056422217,0.95461994
id19184,0.9794232,0.0034780353,0.017098702
id08937,0.013860536,0.98016435,0.005975179
id08181,0.26995224,0.40055543,0.3294923
id10111,0.93630415,0.05940554,0.004290336
id24104,0.067971736,0.9094714,0.022556888
id24837,0.51866895,0.44029433,0.041036703
id15659,0.2616238,0.07388643,0.6644898
id14673,0.9226262,0.042397194,0.034976576
id22539,0.29482245,0.05140003,0.65377754
id22413,0.8253737,0.17090319,0.0037231431
id19433,0.35362986,0.40471727,0.24165285
id11633,0.0033425554,0.0012621128,0.99539536
id04727,0.2505918,0.01418735,0.73522085
id26735,0.7099545,0.08283818,0.20720729
id17167,0.016951267,0.9827754,0.00027329347
id04188,0.8853325,0.0708741,0.043793388
id07861,0.40592283,0.5877654,0.0063117463
id05163,0.932837,0.002586551,0.06457648
id14142,0.006049415,0.9836069,0.010343744
id16011,0.29442865,0.0132248495,0.6923465
id24117,0.6416608,0.35256255,0.00577663
id06439,0.031923417,0.023616359,0.9444602
id06481,0.017029047,0.0020650746,0.9809059
id10069,0.81870264,0.02534117,0.15595621
id11204,0.42465264,0.09411388,0.48123348
id15541,0.0060778405,0.0047005834,0.9892216
id11872,0.05233028,0.7146185,0.23305127
id21639,0.009653294,0.9534696,0.036877126
id19801,0.050285697,0.006266475,0.9434478
id15798,0.6438247,0.3464722,0.009703096
id18282,0.002695071,0.001013443,0.9962915
id27107,0.28758729,0.06776052,0.64465225
id23052,0.99793756,0.0017943843,0.00026809078
id19129,0.008759943,0.9818337,0.009406413
id08088,0.0043586185,0.9933186,0.0023227935
id26398,0.91228634,0.003297094,0.0844166
id06010,0.9576581,0.0038109464,0.03853097
id24813,0.9902816,0.00425468,0.005463732
id27399,0.06750721,0.0023676606,0.9301251
id15776,0.90938044,0.016522162,0.07409742
id25955,0.00030385944,0.0003156256,0.9993805
id19866,0.08930788,0.88270575,0.027986392
id00804,0.030920628,0.016496059,0.95258325
id03140,0.8241999,0.009772114,0.16602795
id21261,0.36471573,0.20540772,0.42987657
id11754,0.99063104,0.009144602,0.00022439923
id07880,0.9562286,0.026487228,0.01728418
id25080,0.07164036,0.6513334,0.27702627
id09317,0.96703553,0.023691569,0.009272896
id15488,0.12554702,0.8567544,0.017698616
id19606,0.9207568,0.024520181,0.054723006
id14247,0.0377046,0.0029719614,0.95932347
id21692,0.06795179,0.8829843,0.049063947
id24843,0.8814692,0.050042007,0.06848884
id11433,0.42050585,0.109436445,0.4700577
id04705,0.0020813951,0.99292505,0.00499355
id04583,0.15548846,0.8253555,0.019156002
id21401,0.47133195,0.0018447876,0.5268232
id20649,0.87791014,0.010068198,0.11202166
id02631,0.23683344,0.7594489,0.0037176549
id19128,0.1562586,0.7490804,0.09466099
id27401,0.9387364,0.060443394,0.00082021725
id10015,0.96489,0.02101224,0.014097696
id09875,0.5500872,0.41209334,0.037819438
id07941,0.98860276,0.004167294,0.0072299135
id00882,0.7172658,0.08569247,0.19704175
id14143,0.97491014,0.0070013916,0.018088467
id02713,0.0037572084,0.0006066357,0.99563617
id16462,0.1334873,0.7747272,0.09178538
id08522,0.9381756,0.024413291,0.037411068
id07181,0.18754444,0.77911466,0.033340935
id20918,0.00017511057,0.00022432188,0.9996006
id06178,0.0067898184,0.21285078,0.78035945
id08857,0.009075128,0.98888767,0.002037249
id23193,0.8810713,0.0001871382,0.11874156
id19651,0.99967927,7.606652e-05,0.0002447042
id09135,0.4032686,0.053664554,0.5430668
id16416,0.0118824905,0.9314168,0.056700684
id03990,0.632762,0.29043382,0.07680424
id09922,0.00090443576,0.00022659203,0.998869
id17688,0.5139083,0.07230571,0.41378602
id05846,0.906587,0.07102142,0.022391561
id22599,0.0003334286,0.9995697,9.69098e-05
id15087,0.8960409,0.0700237,0.033935376
id14711,0.0034734926,0.0044338163,0.99209267
id09969,0.026909687,0.97234184,0.0007484971
id21377,0.0499053,0.027167816,0.9229269
id25247,0.06839395,0.8395512,0.09205485
id23590,0.003842047,0.992154,0.0040039616
id21390,0.06743648,0.0019572326,0.9306063
id21176,0.3848959,0.5725894,0.04251473
id27310,0.6571401,0.043171432,0.2996885
id03802,0.24907072,0.007736718,0.74319255
id19012,0.99069095,0.0063445587,0.0029644833
id02414,0.020713314,0.0026219075,0.9766648
id21814,0.7473881,0.010047973,0.24256387
id00247,0.88856673,0.103377916,0.008055405
id24584,0.96957403,0.02872865,0.0016972445
id01109,0.041284095,0.0025340223,0.95618194
id07953,0.9982089,0.0007229532,0.0010682283
id02030,0.7420277,0.15233146,0.105640866
id23912,0.06686579,0.099937126,0.83319706
id13856,0.41409656,0.030074053,0.55582935
id18661,0.339467,0.6429758,0.017557202
id16595,0.07653765,0.016908515,0.90655386
id11387,0.03388052,0.028956125,0.93716335
id12489,0.062063392,0.2318034,0.7061332
id26079,0.99614584,0.0012199605,0.00263422
id05553,0.25190067,0.7117306,0.036368772
id09596,0.99207,0.0019462502,0.0059837177
id23663,0.0015111448,0.99708325,0.0014056292
id25726,0.38221166,0.041083496,0.57670486
id18105,0.094711356,0.013577661,0.891711
id23249,0.13892445,0.5602842,0.30079135
id19756,0.43114567,0.006234021,0.56262034
id23981,0.031758722,0.84513295,0.1231083
id11521,0.006839747,0.0010200337,0.99214023
id17449,0.052668676,0.073071554,0.87425977
id15479,0.931658,0.026901724,0.041440245
id13555,0.0014773543,0.0011153325,0.9974073
id01520,0.5853794,0.08530032,0.32932025
id03093,0.5684584,0.069896236,0.36164537
id09992,0.7157438,0.27353358,0.010722696
id06668,0.40057802,0.48100883,0.11841318
id19568,0.677379,0.1511211,0.17149991
id17963,0.85546756,0.027102012,0.11743042
id04142,0.4679147,0.17193653,0.36014882
id24508,0.055637453,0.023153676,0.92120886
id10791,0.6537853,0.07883274,0.267382
id01228,0.06769864,0.16777892,0.76452243
id24879,0.29629663,0.6906293,0.013074064
id19795,0.28653917,0.21130116,0.50215966
id02488,0.099900246,0.053052437,0.8470473
id10204,0.39581606,0.030199485,0.57398444
id20878,0.15411173,0.7857304,0.06015789
id10163,0.036364723,0.0035910378,0.96004426
id26439,0.105320506,0.051957734,0.84272176
id06268,0.98293847,0.01668873,0.0003728169
id05530,0.031175522,0.000674669,0.96814984
id15914,0.039325647,0.82180804,0.13886628
id21656,0.20315097,0.4503711,0.34647796
id16473,0.10213847,0.8777867,0.020074867
id11262,0.035621915,0.0005611735,0.9638169
id15332,0.05453721,0.004837867,0.94062495
id01765,0.036418587,0.0017870435,0.9617944
id12527,0.9516217,0.0032277869,0.045150563
id16877,0.029288223,0.00027019123,0.97044164
id19105,0.06804152,0.85524553,0.076712966
id19533,0.74065095,0.044519372,0.21482967
id27557,0.039334275,0.95242715,0.008238495
id19487,0.08315338,0.028529637,0.888317
id25958,0.12942296,0.14890958,0.72166747
id22331,0.964799,0.00489987,0.030301128
id13674,0.8877048,0.109574005,0.0027212172
id04688,0.9660579,0.013887214,0.020054862
id25663,0.004995608,0.0018681096,0.9931363
id00344,0.009358527,0.9887678,0.0018737254
id11323,0.99818426,0.0013530338,0.00046270288
id18670,0.3214332,0.6559375,0.022629373
id23811,0.96147645,0.0097721,0.028751383
id27702,0.825743,0.15910742,0.01514962
id09979,0.5926268,0.15929656,0.24807663
id25040,0.0061454335,0.99184644,0.0020081634
id00083,0.30456096,0.6852382,0.010200851
id19751,0.9984268,0.0012397231,0.00033347227
id19385,0.0008923388,0.0014691022,0.9976386
id22498,0.1886971,0.74039453,0.070908375
id20381,0.6714148,0.030716471,0.2978687
id00428,0.008314711,0.00093944045,0.99074584
id26942,0.010298423,0.9066407,0.0830609
id10242,0.773921,0.006990913,0.21908812
id08136,0.010013706,0.3075519,0.68243444
id00055,0.028499683,0.070033506,0.9014668
id15243,0.5964662,0.14348075,0.26005313
id13954,0.9082632,0.08208644,0.009650328
id26797,0.87485963,0.0020650644,0.12307529
id11384,0.0037879082,0.9943547,0.001857281
id07965,0.47888267,0.05475726,0.46636006
id19311,0.05782676,0.02677975,0.9153935
id08841,0.11313972,0.86585903,0.021001304
id14884,0.58701956,0.3451769,0.06780348
id10859,0.8178685,0.01621914,0.16591239
id10460,0.8273529,0.1643045,0.008342619
id25236,0.21960197,0.40451887,0.3758792
id19325,0.021750761,0.9370507,0.041198492
id03265,0.010157743,0.9613353,0.02850697
id08636,0.022190772,0.9071082,0.070701085
id11848,0.010238867,0.96477723,0.024983902
id20945,0.95870304,0.013014489,0.028282488
id04971,0.9632314,0.021493929,0.0152747
id08496,0.9914123,0.004175875,0.004411806
id23091,0.021694472,0.0063452073,0.97196037
id06654,0.036438752,0.32566077,0.63790053
id10002,0.82677287,0.074737005,0.09849015
id16426,0.5242312,0.15422359,0.3215452
id12285,0.0402839,0.9585779,0.0011381553
id18466,0.98963195,0.008291901,0.0020761348
id27110,0.9726644,0.007881742,0.019453844
id07502,0.82670045,0.13180332,0.04149623
id02890,0.050849743,0.9202717,0.028878586
id19800,0.10784402,0.87461835,0.017537683
id19162,0.52351195,0.111030854,0.36545724
id23696,0.88606524,0.10427086,0.009663879
id25580,0.8660784,0.003965827,0.1299558
id09671,0.07011959,0.9159018,0.013978573
id21501,0.0024459541,0.99677086,0.0007832377
id23983,0.014378471,0.010157087,0.97546446
id15163,0.07679173,0.8702805,0.052927796
id03351,0.0034598806,0.9953843,0.0011558498
id07575,0.30359966,0.6258927,0.070507705
id12149,0.25471976,0.15217556,0.5931047
id10262,0.519694,0.35517645,0.12512966
id20055,0.004874741,0.9939883,0.0011369671
id16660,0.99144584,0.00045705165,0.008097101
id03200,0.08698177,0.612422,0.30059624
id19508,0.544967,0.021590773,0.43344226
id03793,0.026133465,0.9704706,0.0033959092
id19882,0.09745166,0.3882187,0.5143297
id16261,0.98845804,0.004591313,0.006950669
id22519,0.020344451,0.017689325,0.9619662
id24023,0.62137336,0.36180216,0.01682449
id04432,0.85937893,0.080013104,0.060607973
id06228,0.9285802,0.020332642,0.051087137
id20655,0.913061,0.0008304022,0.08610859
id10603,0.057888374,0.93353754,0.008574093
id05162,0.9947438,0.0021333431,0.0031227474
id18462,0.18112054,0.12966318,0.68921626
id10034,0.34153435,0.6199014,0.038564257
id20090,0.010295808,0.0002747613,0.9894294
id10966,0.033032965,0.00017015761,0.9667969
id10696,0.0033303217,0.9962161,0.00045356774
id01326,0.6752555,0.12767369,0.1970708
id03613,0.7459074,0.19010225,0.063990355
id01794,0.87066466,0.08977765,0.03955772
id26181,0.01612778,0.0003380473,0.98353416
id27587,0.9373128,0.06216776,0.0005194528
id08364,0.99656624,0.003031912,0.00040188624
id24179,0.5703638,0.18016781,0.24946837
id02284,0.99465054,0.0026752686,0.0026742048
id10671,0.60466176,0.18371168,0.21162653
id08252,0.4277382,0.5639368,0.008324984
id15951,0.1871156,0.43930605,0.37357837
id21864,0.022126462,0.062057074,0.9158165
id04453,0.082273126,0.912388,0.005338875
id12771,0.5648657,0.14968558,0.28544876
id09751,0.5212548,0.42709953,0.05164569
id10572,0.19374013,0.19606264,0.61019725
id13036,0.05984625,0.36811107,0.57204264
id00112,0.58615243,0.17365423,0.24019335
id13299,0.0076086,0.3597324,0.632659
id00858,0.07046026,0.002064136,0.92747563
id08297,0.30782896,0.65703994,0.0351311
id11005,0.004740117,0.008038614,0.9872213
id25101,0.004505887,0.97557074,0.019923361
id26150,0.9859095,0.013101442,0.0009890231
id13836,0.60981476,0.0043289852,0.38585627
id07352,0.35844952,0.33386272,0.30768773
id08883,0.19071141,0.06075613,0.7485325
id09328,0.42398995,0.4875602,0.088449806
id03934,0.232674,0.57979274,0.18753323
id14064,0.032895695,0.93131644,0.0357879
id06643,0.15024137,0.0043141847,0.84544444
id21558,0.75416267,0.20686303,0.03897434
id17053,0.396889,0.1536693,0.44944164
id06434,0.0942602,0.09655434,0.80918545
id16616,0.040464453,0.0059382394,0.95359737
id03306,0.012097403,0.0031103715,0.98479223
id07375,0.0011834783,0.11505515,0.88376135
id07934,0.18513185,0.0014444153,0.81342375
id02202,0.20744099,0.0004468075,0.7921122
id03667,0.82926273,0.009985361,0.16075185
id27531,0.7126555,0.04135227,0.24599226
id00608,0.0007900226,0.9749865,0.024223527
id18141,0.6535384,0.08423407,0.2622275
id00008,0.9926472,0.00530153,0.0020512405
id08845,0.7745291,0.0731837,0.1522872
id16610,0.9589523,0.030917041,0.010130617
id07464,0.0027753306,0.0034429177,0.99378175
id02189,0.9792464,0.010234266,0.010519384
id17456,0.18814324,0.12190624,0.6899506
id09421,0.059615817,0.04601818,0.894366
id12813,0.5434618,0.01951183,0.43702638
id23428,0.12858522,0.001850625,0.8695642
id01358,0.9659435,0.032921538,0.0011349235
id02737,0.25209093,0.34961483,0.3982942
id27430,0.09519066,0.09860797,0.8062014
id12857,0.09314921,0.8184515,0.088399276
id01905,0.026373312,0.00077352935,0.9728532
id18314,0.99496293,0.0029573839,0.002079616
id02216,0.9663809,0.02292701,0.010692114
id04034,0.009554404,0.98919445,0.0012511412
id11461,0.09557576,0.90012765,0.004296585
id09397,0.3295682,0.10250397,0.56792784
id25870,0.18525465,0.76561344,0.049131937
id11653,0.78823483,0.16356292,0.048202302
id10046,0.43570128,0.016552705,0.547746
id27294,0.83139956,0.16592143,0.0026790097
id09975,0.9973347,0.0010139137,0.0016513852
id09133,0.0003452739,0.0006577177,0.99899703
id08410,0.34393102,0.16735567,0.48871332
id19062,0.43123522,0.5031725,0.065592304
id26530,0.0669974,0.036915474,0.89608717
id09772,0.9608978,0.01340226,0.025699953
id10360,0.4917131,0.099026226,0.40926066
id12530,0.0020207544,0.9925774,0.005401853
id06013,0.027368901,0.010601978,0.9620291
id10525,0.5223152,0.0015262116,0.4761586
id25934,0.0014884971,0.98881394,0.009697601
id10624,0.92999846,0.050042592,0.019958947
id16000,0.002319773,0.000812361,0.9968679
id01995,0.8570865,0.017721105,0.12519239
id26809,0.15556858,0.0007227163,0.8437087
id06631,0.051014997,0.9278458,0.02113925
id23869,0.00081535644,0.008515573,0.9906691
id06357,0.6330134,0.351211,0.015775617
id02926,0.007372279,0.0005909827,0.99203676
id14130,0.9910561,0.0009056592,0.008038306
id12672,0.028048443,0.9652606,0.006690862
id21593,0.96541923,0.006598503,0.02798229
id06089,0.0013027297,0.9984685,0.00022875842
id09878,0.019552207,0.021715082,0.9587327
id06940,0.07256904,0.9262684,0.0011624785
id11312,0.06119634,0.91566026,0.023143392
id25039,0.17058861,0.0120677585,0.8173436
id25401,0.49349573,0.409418,0.097086325
id21772,0.0050915,0.005990712,0.9889178
id22915,0.008977695,0.27580762,0.71521467
id01096,0.14535913,0.85094225,0.0036986659
id15071,0.019091805,0.9792651,0.0016431437
id01062,0.023971021,0.0049627963,0.97106624
id09059,0.008027763,0.99172676,0.00024541188
id16954,0.83994544,0.016256435,0.14379814
id11730,0.8740156,0.00538251,0.12060182
id26294,0.12522732,0.020002093,0.8547706
id00940,0.049606018,0.92433506,0.026058886
id08422,0.55181825,0.27451542,0.17366639
id14612,0.0050495765,0.009899611,0.9850508
id11545,0.5345377,0.16921505,0.29624727
id24921,0.7311424,0.02750122,0.24135636
id18942,0.9529877,0.011202465,0.035809867
id23652,0.19773357,0.5767975,0.22546896
id07261,0.8974065,0.0098198475,0.09277363
id11791,0.9950702,0.00021823848,0.0047115693
id07207,0.21244365,0.025676023,0.76188034
id19774,0.98420876,0.010672043,0.0051191817
id06049,0.6886819,0.013687838,0.29763028
id13983,0.5157887,0.06321855,0.42099282
id27463,0.024656419,0.04307058,0.932273
id09046,0.0019469769,0.0019329955,0.99612
id25994,0.1641555,0.8353931,0.00045143222
id02689,0.0030496528,0.99623007,0.0007202444
id14829,0.021756582,0.97801757,0.0002258394
id20759,0.009522893,6.3981126e-05,0.9904131
id27848,0.7898679,0.0172819,0.19285026
id08225,0.019492667,0.0015618453,0.9789455
id17637,0.068404734,0.005964023,0.9256312
id15355,0.96559054,0.006518495,0.027891008
id13448,0.30920178,0.073964976,0.6168332
id01981,0.16013062,0.7041464,0.13572297
id09107,0.7098516,0.0363621,0.25378627
id20630,0.84402204,0.030062763,0.12591523
id10726,0.945121,0.0462802,0.00859882
id03636,0.06526661,0.47097594,0.46375746
id01736,0.85329217,0.08687349,0.059834372
id23828,0.9942454,0.004022562,0.0017320716
id27861,0.5033059,0.20100184,0.29569227
id14983,0.6323946,0.07944729,0.28815815
id04726,0.43705252,0.03201882,0.5309287
id03313,0.47564018,0.0044976636,0.5198622
id21981,0.093770444,0.07332156,0.83290803
id20082,0.7634585,0.19009437,0.046447184
id03502,0.82538813,0.16866341,0.0059484104
id04804,0.46681404,0.072699934,0.46048605
id20635,0.09380253,0.00977393,0.8964236
id09564,0.5828482,0.24219462,0.17495722
id01354,0.7161181,0.2832055,0.00067640684
id09441,0.0021983793,4.9557537e-05,0.9977521
id07175,0.36021698,0.63680446,0.002978638
id15544,0.14790462,0.014596232,0.8374992
id25935,0.86407626,0.07829176,0.057631966
id19230,0.3084412,0.68994284,0.001615975
id00718,0.53572047,0.014552401,0.44972715
id00274,0.78711736,0.21274546,0.00013719009
id16546,0.1475049,0.8378319,0.014663104
id02136,0.00057620567,0.9993908,3.3040684e-05
id19618,0.21552561,0.76475567,0.01971869
id00503,0.04809719,0.005260478,0.9466423
id11300,0.1290503,0.8553708,0.015578923
id21526,0.15248965,0.8463174,0.0011929799
id07300,0.067433536,0.93140376,0.0011627096
id18782,0.76506054,0.17225952,0.06267992
id01883,0.018163191,0.97907853,0.0027582988
id25235,0.9127797,0.07490788,0.012312358
id03747,0.03583579,0.019256618,0.9449076
id07155,0.9096911,0.056776285,0.033532657
id00565,0.99565387,0.0014916054,0.002854554
id11232,0.97385955,0.004791692,0.021348812
id00722,0.21473007,0.28105676,0.50421315
id19963,0.6971384,0.030724527,0.27213708
id16866,0.9615185,0.002798308,0.035683174
id17280,0.3825547,0.51182437,0.10562093
id04309,0.80913013,0.18358938,0.0072804834
id23317,0.0013687141,0.99720526,0.001426056
id25757,0.0007656666,0.9961611,0.0030732518
id17088,0.17425744,0.22069652,0.60504603
id19779,0.14329495,0.01950112,0.837204
id26845,0.001892836,0.9763633,0.021743827
id01923,0.4397905,0.16587114,0.39433837
id09394,0.061032902,0.074888855,0.8640782
id25978,0.48567262,0.48989946,0.024427855
id03898,0.8289054,0.16042238,0.010672246
id11967,0.07422925,0.0029821703,0.9227886
id14964,0.8326371,0.06351003,0.10385282
id06337,0.047680967,0.01896552,0.93335354
id26501,0.0066760853,0.009358313,0.98396564
id20513,0.9784965,0.020573169,0.0009303649
id05044,0.9588726,0.001963369,0.03916406
id07951,0.086542554,0.025657654,0.8877998
id14796,0.74780864,0.030676413,0.22151493
id09780,0.31993124,0.005802703,0.6742661
id13597,0.99874425,0.0008241286,0.0004316153
id26413,0.9875328,0.0077871233,0.004680152
id14007,0.008560829,0.9900495,0.0013897419
id01799,0.81240535,0.04636762,0.1412271
id24712,0.078336686,0.19252397,0.7291393
id13156,0.2935236,0.0057873833,0.700689
id25468,0.0044679344,5.6624922e-05,0.9954755
id25877,0.28648397,0.033558976,0.67995703
id22485,3.3159056e-05,0.9998074,0.00015943176
id09229,0.03502092,0.064898595,0.9000805
id25687,0.28331167,0.0711015,0.64558685
id12266,0.0154385725,0.38657203,0.5979894
id19723,0.99146396,0.0032618644,0.005274194
id03536,0.99217963,0.006493997,0.0013264103
id24370,0.37000227,0.47747624,0.15252148
id10745,0.004304741,0.9956638,3.146721e-05
id17620,0.44767302,0.23755927,0.31476772
id16290,0.0020287943,0.9957218,0.002249371
id04325,0.84292996,0.06634294,0.0907271
id23332,0.31230778,0.0011302638,0.686562
id15082,0.039792407,0.9601523,5.528749e-05
id21581,0.2992416,0.04067536,0.66008306
id17460,0.99435854,0.0007652584,0.004876215
id17003,0.9677514,0.004838199,0.027410457
id15193,7.9764e-05,0.9994396,0.00048064225
id08389,0.1723974,0.1662737,0.6613289
id19831,0.00096314814,3.9969265e-05,0.9989969
id25627,0.015338565,0.22326475,0.7613967
id14051,0.22482082,0.004151326,0.77102786
id00942,0.9709786,0.0065298798,0.022491537
id09184,0.025453709,0.70917237,0.26537392
id21762,0.9702427,0.016503958,0.01325342
id07390,0.36118728,0.5305906,0.10822217
id25785,0.0588932,0.9358008,0.0053059966
id17567,0.0066715474,0.9925411,0.0007873507
id13118,0.00041006913,0.9995757,1.4291418e-05
id17508,0.007102699,0.001140562,0.9917568
id21192,0.5731077,0.012513114,0.41437918
id27884,0.0067781047,0.0018297296,0.99139214
id08686,0.0023081708,0.9527151,0.044976696
id01360,0.42920208,0.5555605,0.015237433
id13689,0.05985388,0.6560724,0.28407377
id01772,0.39298934,0.1649849,0.44202578
id17507,0.00015842088,0.99853945,0.001302175
id17644,0.9897905,0.0033477058,0.0068618506
id00494,0.9811993,0.017715747,0.0010849492
id09881,0.053902175,0.8972075,0.048890334
id02306,0.50405616,0.26014537,0.23579846
id06761,0.5821215,0.3616991,0.056179464
id15045,0.09260749,0.18897031,0.71842223
id05992,0.012997803,0.0028063732,0.9841958
id18245,0.107687876,0.061006468,0.8313056
id01047,0.7305842,0.0125560835,0.25685975
id23601,0.0032469186,0.00020435372,0.9965487
id13140,0.81131643,0.04328809,0.14539546
id05280,0.0047866064,0.98077804,0.014435365
id03728,0.10104466,0.24601844,0.65293694
id15626,0.36193725,0.5116211,0.12644164
id03086,0.0009805759,0.0038873903,0.9951321
id27898,0.07350212,0.59620875,0.33028913
id05891,0.95995563,0.0017544723,0.038289912
id02214,0.04423485,0.06123909,0.89452606
id17274,0.92548674,0.007127898,0.0673854
id09359,0.98493886,0.007529469,0.007531591
id03320,0.95560354,0.0014645677,0.042931885
id26061,0.7609627,0.07826494,0.16077238
id02869,0.9910405,0.008010588,0.00094892725
id21891,0.0014799035,0.99725306,0.0012670436
id06182,0.01571589,0.9761192,0.00816491
id13429,0.0051291212,0.9945551,0.0003157893
id15943,0.09086055,0.32890517,0.5802343
id13008,0.050599854,0.9400391,0.009361081
id08587,0.6040668,0.016829401,0.37910387
id03346,0.88302106,0.11153608,0.005442859
id02052,0.014329136,0.01103085,0.9746401
id00916,0.52848613,0.31441996,0.15709387
id11093,0.22633955,0.17247234,0.6011881
id15190,0.9038352,0.009378458,0.08678642
id23076,0.1213129,0.18437137,0.69431573
id25738,0.0014483368,0.99755186,0.0009998609
id21546,0.01648615,0.15586019,0.8276537
id17764,0.98098665,0.016536389,0.0024769611
id11990,0.96781296,0.01042994,0.02175714
id21050,0.85676575,0.01740557,0.1258287
id18324,0.55330753,0.13144886,0.31524357
id20690,0.34933323,0.10926024,0.5414065
id19799,0.0046616225,0.022450626,0.97288775
id12658,0.95476717,0.044203255,0.0010295708
id03781,0.2608835,0.25992605,0.47919044
id04870,0.1649632,0.801218,0.03381881
id20596,0.52016973,0.4258191,0.054011203
id26849,0.99195457,0.0008909597,0.0071544894
id00600,0.03707674,0.9522629,0.010660415
id11902,0.9220948,0.07627163,0.0016335216
id19219,0.92118406,0.023582002,0.055233985
id14788,0.13343112,0.8658819,0.0006869577
id22482,0.04052352,0.94045496,0.019021459
id15378,0.0018925935,0.9980727,3.4731678e-05
id14696,0.005529807,0.9944331,3.7110516e-05
id17359,0.03547186,0.0021692778,0.9623589
id16190,0.55586565,0.029365174,0.4147692
id21285,0.36831605,0.2774437,0.3542402
id06812,0.97174263,0.023883764,0.0043736403
id15579,0.0011320624,0.039756835,0.9591111
id26672,0.9978757,0.0018089822,0.0003153292
id09842,0.03259949,0.8268065,0.14059402
id06045,0.9291363,0.058944788,0.011918973
id21233,0.94046974,0.0505466,0.008983646
id16227,0.9878519,0.0070996066,0.0050484673
id17437,0.024341865,0.0027015335,0.9729566
id02309,0.643085,0.35650647,0.00040860169
id18232,0.0020987475,0.0007992902,0.99710196
id23419,0.0832621,0.0013141014,0.9154238
id11924,0.95993674,0.023261229,0.016801998
id12263,0.8670495,0.13149628,0.0014542193
id16734,0.91322255,0.02029848,0.066479
id07989,0.85715455,0.13488396,0.007961526
id24633,0.005752184,0.0013599074,0.9928879
id19770,0.9936075,0.003957853,0.0024346542
id05094,0.04224641,0.025544573,0.932209
id07252,0.92426497,0.035716824,0.04001823
id12536,0.79291534,0.17193313,0.03515156
id24324,0.94467324,0.032640945,0.022685835
id25546,0.06574038,0.0016172061,0.9326424
id24732,0.99510866,0.0022645856,0.0026267911
id07280,0.25178397,0.1506286,0.5975874
id23268,0.75287867,0.2439535,0.0031678379
id18050,0.006311827,0.0005974761,0.9930907
id19360,0.7549182,0.24386774,0.0012140706
id00456,0.03489046,0.96442544,0.0006841406
id14069,0.0022217154,0.98874986,0.009028463
id24965,0.0021365634,0.99782145,4.1974505e-05
id13245,0.0052954517,0.59443223,0.40027234
id22515,0.0039436775,0.9790734,0.01698292
id11332,0.9555512,0.011807777,0.032641023
id19876,0.0029041264,0.0004237963,0.9966721
id18315,0.940182,0.005139705,0.054678343
id05260,0.6713551,0.03870088,0.28994396
id14594,0.01700991,0.9820417,0.0009483937
id12867,0.9359982,0.051058862,0.012942977
id05902,0.004476397,0.99288493,0.002638675
id06390,0.056143336,0.0050317515,0.9388249
id06005,0.028087812,0.6156045,0.35630766
id24075,0.2045032,0.0071893963,0.7883074
id12630,0.4215011,0.5766038,0.001895149
id26378,0.061401483,0.04018021,0.8984183
id05535,0.26445982,0.6359811,0.09955906
id26702,0.014785898,0.0051155793,0.98009855
id25209,0.14447537,0.02976293,0.82576174
id19835,0.009144623,0.00013672124,0.99071866
id09511,0.32845312,0.55250907,0.11903778
id27364,0.88979584,0.10095769,0.009246489
id09695,0.42140293,0.0085410075,0.5700561
id16165,0.5426192,0.0033830632,0.4539977
id19503,0.04997058,0.1392409,0.8107886
id13511,0.013440219,0.08901602,0.8975438
id18752,0.008840414,0.048344065,0.94281554
id18278,0.9798823,0.013773656,0.00634402
id27219,0.43474227,0.16812359,0.39713418
id05454,0.07038475,0.9283372,0.001278016
id12347,0.49671218,0.02195974,0.4813281
id10397,0.65251756,0.057204403,0.29027805
id18543,0.8986694,0.010055995,0.09127459
id05210,0.9912156,0.00648043,0.0023039363
id23141,0.013735141,0.9664229,0.01984194
id17139,0.9792925,0.008090216,0.0126172835
id21399,0.9944929,0.0029588284,0.0025482855
id18728,0.84261966,0.054923918,0.10245647
id12170,0.713261,0.27155578,0.015183242
id02225,0.02093919,0.40639827,0.57266253
id27210,0.024014968,0.97592,6.501227e-05
id01242,0.0088223135,0.007076841,0.9841008
id16587,0.9193243,0.034669306,0.04600645
id11144,0.025240099,0.0005519016,0.974208
id13709,0.81139493,0.04202452,0.1465806
id00841,0.005773504,0.9817783,0.012448185
id09692,0.0021348174,0.00017678486,0.9976884
id07635,0.97739834,0.019271743,0.0033299793
id11375,0.16029406,0.8099578,0.029748201
id05703,0.822373,0.12444162,0.05318543
id02757,0.83359396,0.15675838,0.00964766
id08216,0.08649657,0.9098776,0.0036258397
id09311,0.001620459,0.80493546,0.19344409
id11169,0.95890725,0.03411692,0.006975849
id23806,0.82908005,0.14463519,0.0262847
id01253,0.006699545,0.00031036575,0.9929901
id27558,0.83274746,0.08654951,0.080703065
id06695,0.99780416,0.0018957932,0.0003000728
id22654,0.07517735,0.8949712,0.029851517
id16201,0.97436506,0.0036308665,0.022004064
id00873,0.092427604,0.5443282,0.36324418
id07131,0.97465396,0.005632733,0.019713318
id11454,0.0120210545,0.9768297,0.011149246
id19481,0.9100837,0.01588906,0.074027225
id16409,0.6508423,0.0066399486,0.34251773
id01686,0.85334516,0.10562511,0.041029744
id24068,0.94180846,0.051327955,0.0068635936
id14825,0.9932397,0.0017502186,0.005010087
id13611,0.9291043,0.014442858,0.05645278
id05586,0.9669483,0.01881854,0.014233151
id04497,0.58384705,0.41443676,0.001716214
id13912,0.8140763,0.11550796,0.07041573
id09675,0.11716071,0.43302256,0.44981667
id23620,0.00058015966,0.9980101,0.0014098021
id05596,0.04236045,0.008508833,0.9491307
id09067,0.07461051,0.020325517,0.905064
id05445,0.0024383243,0.9975201,4.1581472e-05
id16825,0.0008875558,0.026691163,0.9724213
id21127,0.9969035,0.0025751358,0.0005213825
id01740,0.009020137,0.0042228294,0.98675704
id12719,0.98417795,0.0006782853,0.015143759
id14137,0.015313448,0.1781023,0.8065843
id08909,0.003401574,0.00021391393,0.9963845
id24041,0.60040534,0.06985641,0.32973826
id14489,0.7776765,0.21412262,0.008200892
id14961,0.055654347,0.037278198,0.9070675
id19923,0.9526468,0.04376329,0.0035899216
id03339,0.012229586,0.9875306,0.00023987025
id08864,0.061298795,0.0038572648,0.93484396
id19803,0.9258015,0.006600233,0.06759818
id09810,0.9963534,0.00059478095,0.0030518183
id23324,0.9464376,0.016688013,0.036874443
id22050,0.00908793,0.9873487,0.0035633948
id11386,0.79700285,0.19552799,0.0074691763
id14739,0.99425876,0.0008720695,0.0048692087
id02882,0.8870385,0.10973823,0.0032232972
id11988,0.39521167,0.3525213,0.25226706
id18839,0.031536855,0.9601953,0.00826776
id08474,0.0008459635,0.99641514,0.002738877
id01060,0.4279776,0.55620426,0.015818136
id06551,0.96534985,0.02737635,0.00727379
id06210,0.038192272,0.00023059116,0.9615772
id12349,0.038696058,0.0070435656,0.95426035
id21813,0.0583717,0.0014389164,0.9401894
id13028,0.016971787,0.92133164,0.061696608
id10021,0.021215646,0.011780744,0.9670036
id07425,0.014322624,0.00038727347,0.9852901
id24409,0.0010344229,0.99879265,0.00017291722
id21183,0.99910176,0.0002384848,0.0006597681
id26178,0.0723922,0.91108054,0.016527267
id24033,0.4353391,0.111425854,0.45323512
id14793,0.047179207,0.00016398322,0.9526568
id03053,0.4004762,0.390596,0.20892781
id24285,0.6808027,0.3089713,0.0102260355
id09137,0.78501546,0.21153638,0.0034481338
id03185,0.92634636,0.03566528,0.037988402
id21242,0.23109348,0.75106704,0.017839504
id17446,0.96129584,0.01688776,0.02181639
id00087,0.67701316,0.26297653,0.060010362
id11019,0.9886556,0.0042638984,0.0070805033
id18832,0.010344832,0.93455726,0.05509793
id19224,0.4020474,0.0048445547,0.59310806
id17436,0.7786664,0.065644816,0.15568885
id09895,0.5045686,0.006501773,0.4889296
id20296,0.03511921,0.01858173,0.9462991
id03074,0.34363747,0.5580617,0.09830082
id09152,0.017708696,0.9808772,0.0014141067
id15277,0.013790642,0.012458783,0.9737506
id07520,0.7226223,0.27607417,0.0013034978
id12928,0.018294208,0.98108953,0.000616234
id06197,0.057924975,0.00022071236,0.94185436
id24099,0.98937553,0.0083008045,0.0023237136
id17392,0.87560004,0.046038516,0.07836143
id17303,0.6778146,0.0037447866,0.3184406
id05682,0.85062796,0.13887785,0.0104941605
id14339,0.9979435,0.0007379481,0.0013185273
id07873,0.0027585998,0.00022423323,0.99701715
id06939,0.026776878,0.9594505,0.013772555
id14827,0.5309076,0.07661419,0.3924783
id19768,0.23253761,0.76543576,0.0020266278
id18080,0.80043024,0.028801316,0.17076844
id17384,0.933658,0.032965813,0.033376098
id12059,0.9895371,0.005951142,0.0045117657
id27382,0.002628743,0.004037666,0.99333364
id23252,0.94716823,0.005230161,0.04760157
id14797,0.16137516,0.09306251,0.7455623
id25826,0.010336162,0.0005054514,0.9891584
id27569,0.9995851,0.00022932152,0.00018559974
id05079,0.8720042,0.12287277,0.0051230737
id23749,0.78971887,0.0075928015,0.20268832
id04852,0.00049895956,0.00043088282,0.9990701
id08920,0.7578161,0.0010057433,0.2411782
id15229,0.05896354,0.011842807,0.9291937
id11992,0.31751716,0.30446336,0.37801954
id21087,0.24464324,0.069052175,0.6863046
id22173,0.9706388,0.020916324,0.008444882
id26488,0.9759948,0.022134766,0.0018704112
id09378,0.120280795,0.00075222005,0.878967
id19280,0.86293006,0.083166406,0.053903535
id00701,0.027228303,0.013567769,0.95920396
id18252,0.063297845,0.9340806,0.002621538
id19850,0.17228398,0.06145535,0.7662607
id00967,0.09439761,0.9028074,0.0027949938
id00670,0.7656342,0.025421761,0.20894411
id10795,0.60769385,0.041302077,0.3510041
id27312,0.082712546,0.20064577,0.7166417
id10703,0.03335965,0.0035577975,0.96308255
id25596,0.690873,0.26278162,0.046345394
id00443,0.13316058,0.015780585,0.85105884
id21638,0.5226525,0.3516929,0.1256546
id15800,0.00038419134,0.99915016,0.0004656862
id23367,0.9420199,0.016490502,0.0414896
id03600,0.93714404,0.033980425,0.02887554
id07147,0.53701025,0.0861298,0.37685993
id02654,0.0043518348,0.9954868,0.00016136061
id17965,0.003044006,0.99651426,0.00044167804
id24304,0.041818004,0.94063663,0.017545339
id11626,0.95684254,0.0066914447,0.036466055
id17604,0.0028927722,0.018398806,0.97870845
id24725,0.97127545,0.012854854,0.01586969
id08894,0.9656285,0.033885427,0.00048606805
id01352,0.7535909,0.034720074,0.21168903
id07907,0.9959151,0.0025378256,0.001546987
id02681,0.0132606635,0.057326403,0.92941296
id23951,0.00062270317,0.9957852,0.0035921568
id11154,0.20120676,0.028443744,0.77034956
id13182,0.31260133,0.6602202,0.027178494
id04576,0.009918988,0.9900333,4.7696783e-05
id16318,0.7749269,0.005585897,0.21948718
id05472,0.068890974,0.008497101,0.92261195
id20567,0.63402075,0.20748705,0.15849222
id21385,0.030919297,0.16474172,0.804339
id09834,0.8109377,0.085601255,0.10346108
id02954,0.8768966,0.03038375,0.09271967
id15456,0.19299655,0.77236325,0.034640256
id06958,0.9981301,0.0010405396,0.00082940416
id18053,0.70767826,0.011595157,0.2807266
id05180,0.0054241847,0.99162745,0.002948347
id21648,0.85812986,0.023052141,0.11881797
id27095,0.0058614276,0.99297255,0.0011660197
id16645,0.0010607971,0.993125,0.0058141747
id22508,0.99476177,0.0051471014,9.1175876e-05
id01151,0.87347907,0.07792944,0.04859149
id03451,0.29493293,0.6810261,0.024040928
id20279,0.19685936,0.024446335,0.7786943
id17480,0.008240121,0.98758054,0.0041793585
id08280,0.28690824,0.29284006,0.4202517
id19245,0.91653943,0.0027984174,0.08066216
id20463,0.9843985,0.01275067,0.0028508727
id01510,0.0012980453,0.96554905,0.03315286
id22724,0.048088748,0.01829416,0.9336171
id03386,0.016269457,0.00044661798,0.9832839
id26858,0.53505725,0.32759875,0.13734397
id27612,0.96703726,0.0045650727,0.0283977
id14606,0.96193737,0.026818592,0.011244059
id09273,0.047704548,0.090479665,0.8618158
id07736,0.04833803,0.1066168,0.84504515
id22879,0.75628394,0.19384246,0.04987362
id01075,0.20130184,0.7742963,0.024401926
id14038,0.22962463,0.7503148,0.020060506
id10294,0.9701213,0.0021821235,0.027696546
id06738,0.13635604,0.68561345,0.17803058
id06932,0.015969157,0.9658915,0.01813938
id20905,0.25916925,0.5282035,0.21262728
id03466,0.920634,0.005430932,0.073935084
id17100,0.2121813,0.033521444,0.75429726
id00585,0.0020571256,0.004060482,0.9938824
id05385,0.842103,0.00781657,0.15008044
id21658,0.9998383,0.000120865916,4.0837615e-05
id25140,0.3718648,0.5288704,0.09926478
id14623,0.02557834,0.97143203,0.0029896598
id06925,0.45732552,0.4628552,0.07981929
id03102,0.7867405,0.08840474,0.12485478
id15215,0.0009359299,0.9989543,0.000109772576
id16162,0.001314159,0.99867606,9.770561e-06
id12412,0.00077159726,0.99800944,0.0012189926
id27708,0.68775415,0.027954808,0.2842911
id18508,0.98343325,0.010728639,0.0058381124
id19857,0.8466518,0.08290787,0.07044032
id27904,0.9438942,0.05159883,0.0045069833
id27345,0.30499336,0.122213334,0.5727933
id09516,0.06928618,0.92965263,0.0010612253
id24277,0.28417605,0.65284353,0.06298047
id26935,0.0036047352,0.9957541,0.00064116303
id08544,0.06983291,0.07746359,0.8527035
id13779,0.8741519,0.0039691827,0.121878974
id17103,0.5379468,0.011636836,0.4504164
id01771,0.91052455,0.052076247,0.037399117
id08211,0.62346846,0.06466892,0.31186262
id06392,0.99897075,0.001001808,2.738315e-05
id25629,0.72998387,0.032663137,0.23735303
id15194,0.7504711,0.06134087,0.18818805
id23962,0.045994606,0.92961586,0.024389567
id14252,0.013056403,0.33590215,0.65104145
id15381,0.984751,0.0021866632,0.013062412
id17385,0.14856623,0.016738964,0.83469486
id22826,0.78014094,0.12223653,0.09762253
id16485,0.018713923,0.97705424,0.00423188
id25744,0.9847591,0.01440777,0.00083317416
id09192,0.82968676,0.16913895,0.0011742652
id08619,0.018992567,0.9744553,0.006552195
id27889,0.4987309,0.33571422,0.16555482
id10964,0.01341126,0.0086606825,0.97792804
id00821,0.9983907,0.0010658572,0.00054342416
id07120,0.9860081,0.0046491316,0.009342809
id05347,0.37469286,0.6223523,0.0029548302
id14047,0.7421423,0.18767801,0.0701797
id24871,0.97287685,0.0036999665,0.023423227
id21417,0.43769804,0.26014555,0.30215645
id03784,0.9868477,0.0019395255,0.011212788
id07389,0.10571874,0.745188,0.14909329
id16215,0.9835119,0.013458035,0.0030300727
id10976,0.061046585,0.00946272,0.9294907
id00348,0.98891747,0.0047986526,0.0062838313
id04027,0.62716013,0.021580663,0.3512592
id21625,0.2315432,0.725994,0.042462803
id15117,0.14201918,0.15143843,0.7065424
id06776,0.40210152,0.59525955,0.0026389654
id10947,0.99209785,0.001315035,0.0065871254
id11746,0.24831761,0.0058842017,0.74579823
id27779,0.2807028,0.033266757,0.68603045
id20789,0.32387188,0.5851742,0.090953946
id16187,0.022654403,0.0013885883,0.97595704
id23834,0.0745527,0.9200638,0.0053835283
id25848,0.013788673,0.9859336,0.0002777048
id08777,0.5922054,0.08218461,0.32560998
id17045,0.02121589,0.012017997,0.9667661
id01474,0.12818076,0.0040659336,0.8677533
id09396,0.046022363,0.952645,0.0013326257
id22208,0.9939387,0.005683251,0.00037811
id13813,0.028437642,0.003173994,0.9683884
id23386,0.9443869,0.009349907,0.04626322
id02610,0.0019662909,0.9700175,0.028016236
id07647,0.0021814818,0.941269,0.056549568
id24025,0.8986553,0.0880703,0.013274452
id25573,0.9855221,0.0053281058,0.009149796
id23575,0.9453879,0.0031481043,0.051464006
id08968,0.638965,0.11089202,0.25014296
id09958,0.41236648,0.48718858,0.100444935
id13648,0.77213645,0.12138439,0.10647917
id00335,0.9575938,0.0033216488,0.039084543
id18099,0.9815469,0.0140740955,0.0043790364
id24297,0.03054125,0.018981226,0.95047754
id17751,0.083130464,0.016265277,0.90060425
id02158,0.0045050443,0.9769867,0.01850827
id03039,0.9335898,0.027779138,0.03863101
id09467,0.21296442,0.0032671208,0.7837685
id14903,0.93806267,0.041766427,0.020170929
id03331,0.22514915,0.67160267,0.103248164
id27366,0.41405904,0.08182262,0.5041183
id09199,0.77580315,0.00071848894,0.22347835
id07681,0.03534853,0.009557527,0.9550939
id11502,0.00016399045,0.9996411,0.00019489805
id00140,0.92161006,0.077092074,0.0012977915
id20159,0.21741207,0.034417182,0.74817073
id02007,0.011478703,0.0025577992,0.9859635
id08188,0.9586095,0.03864347,0.0027470305
id04504,0.09174583,0.002573363,0.90568084
id22031,0.97221434,0.018210279,0.009575387
id17947,0.010082175,0.0044288505,0.98548895
id06267,0.7842334,0.1950883,0.020678325
id14577,0.7086378,0.0075308443,0.2838314
id27313,0.9817011,0.007827336,0.0104716215
id16231,0.0035607829,0.995497,0.0009422479
id02587,0.39333284,0.22195098,0.3847162
id04379,0.108822964,0.86282104,0.028356025
id13503,0.015216256,0.97403914,0.010744677
id03887,0.9680619,0.019634575,0.012303459
id22338,0.97068846,0.013572499,0.015739037
id20080,0.18518218,0.8046245,0.010193362
id22392,0.8439019,0.024135537,0.13196261
id03895,0.93890876,0.00085077516,0.060240474
id17179,0.38995898,0.60977226,0.00026879777
id23466,0.0546902,6.9813635e-05,0.94524
id12592,0.016263558,0.9323193,0.051417194
id16947,0.9949607,0.00096475,0.0040745195
id13870,0.16731629,0.12266512,0.71001863
id10717,0.011364626,0.0006844455,0.9879509
id09418,0.8527872,0.12824588,0.01896699
id20753,0.15925403,0.4741038,0.3666422
id00114,0.046757966,0.057324525,0.8959175
id00627,0.9401732,0.0056613004,0.05416549
id07738,0.010064235,0.9891257,0.00081000733
id14516,0.4975816,0.3516899,0.15072852
id02107,0.000988545,0.99893713,7.433444e-05
id18378,0.19962826,0.79399776,0.0063740215
id02751,0.12115608,0.000655375,0.87818855
id26105,0.13162865,0.25123608,0.6171353
id07659,0.04158622,0.00836628,0.9500475
id07421,0.99597824,0.0004279433,0.0035938008
id00325,0.537164,0.38634515,0.07649095
id12253,0.99907994,0.0005689961,0.0003510984
id23427,0.98918694,0.0061005917,0.0047124745
id06202,0.96952224,0.018359685,0.012118126
id21320,0.0019299121,0.005162509,0.9929076
id21994,0.62193227,0.36905628,0.009011452
id13903,0.3216028,0.019977685,0.65841955
id13767,0.7988308,0.12479678,0.07637233
id03750,0.103033066,0.04540162,0.8515653
id08666,0.032808185,0.0075106025,0.9596812
id12171,0.0026745163,0.11905115,0.8782743
id26202,0.5576355,0.062542446,0.37982208
id16310,0.008574752,0.00091024744,0.990515
id02650,0.409373,0.16913843,0.4214886
id26558,0.82787055,0.17066696,0.001462526
id24794,0.9346448,0.0036171107,0.061738096
id01299,0.6639271,0.046894953,0.28917798
id19281,0.99519616,0.0034076236,0.0013962184
id20504,0.86078435,0.027582334,0.11163332
id15716,0.1925369,0.021687455,0.7857756
id08222,0.13576092,0.18976715,0.674472
id12393,0.0025677895,0.026638987,0.97079325
id26841,0.28830978,0.70579326,0.0058969967
id22947,0.19619064,0.79754853,0.006260809
id10817,0.93379694,0.06475871,0.0014443253
id01486,0.77733696,0.14559923,0.07706388
id00296,0.1331815,0.8611245,0.005694001
id24189,0.06318483,0.008785262,0.9280299
id20909,0.88181436,0.01294679,0.10523885
id21079,0.937131,0.023554819,0.0393142
id02478,0.4439288,0.5006593,0.055411905
id03727,0.9955047,0.0016668789,0.002828417
id09794,0.6713862,0.06608803,0.26252583
id08527,0.14791408,0.8455557,0.0065302476
id18716,0.9910456,0.00065201183,0.008302379
id21733,0.0028607857,0.0017671866,0.99537206
id08898,0.1827575,0.5796176,0.23762487
id16571,0.273547,0.0067568077,0.7196962
id17780,0.5837417,0.0006880582,0.4155702
id11537,0.91962683,0.059228964,0.021144196
id23242,0.8152629,0.008650202,0.17608692
id16749,0.20103824,0.24397326,0.5549885
id02226,0.9138054,0.0019677647,0.08422673
id08369,0.021325324,0.25510922,0.72356546
id18013,0.068310775,0.9244123,0.0072769094
id23454,0.7212917,0.21399339,0.06471489
id03878,0.002664195,0.991019,0.006316782
id15129,0.004139407,0.09725178,0.89860886
id21874,0.3409694,0.029348884,0.6296817
id24455,0.84725446,0.13404354,0.018702025
id03860,0.0001982452,0.9934012,0.0064005316
id07622,0.25182948,0.7415279,0.0066426117
id18449,0.591236,0.31525114,0.09351287
id16952,0.7286215,0.19397552,0.07740298
id08212,0.9775123,0.017114744,0.005372932
id05513,0.363864,0.006160352,0.6299756
id24536,0.99357575,0.0053254194,0.0010988398
id18070,0.9798447,0.012970004,0.007185267
id03094,0.00016213067,0.9995291,0.0003087811
id13815,0.18068592,0.004576583,0.8147375
id14023,0.0014318635,0.9984634,0.00010475747
id14480,0.7011593,0.18385448,0.11498622
id00059,0.5722946,0.04307893,0.3846265
id16873,0.95918304,0.02661884,0.014198116
id23144,0.98413324,0.0043141088,0.011552676
id02845,0.9594716,0.027056878,0.013471598
id25492,0.05875357,0.019228177,0.9220183
id04097,0.27801538,0.61857605,0.103408664
id25883,0.9972408,0.00086407305,0.0018951854
id23391,0.0054265293,0.9938116,0.0007618811
id27018,0.8930321,0.10605691,0.0009110811
id23614,0.069753714,0.8758469,0.054399353
id14309,0.25348118,0.7397103,0.006808547
id27746,0.0040965104,0.9957593,0.0001441951
id05057,0.70164496,0.25079924,0.047555834
id06246,0.82963645,0.016690098,0.15367347
id00509,0.029118422,0.044626746,0.9262548
id19473,0.6188002,0.37664476,0.00455494
id07044,0.1226574,0.27874094,0.59860164
id09871,0.11910332,0.002593385,0.8783033
id26870,0.7261531,0.17668566,0.09716123
id06125,0.13480414,0.38282794,0.48236793
id02829,0.9434894,0.0029386564,0.053571984
id24935,0.37799302,0.028805442,0.5932015
id04557,0.015784329,0.00055478443,0.9836609
id01208,0.87047064,0.11683899,0.012690415
id16235,0.00021547865,0.99964446,0.00014009366
id05135,0.0029476031,0.9966113,0.00044112394
id05892,0.07375437,0.0039008413,0.9223448
id21207,0.99446684,0.0018312118,0.0037019374
id10722,0.81949997,0.114664,0.06583611
id17396,0.00071172667,0.017690592,0.98159766
id17755,0.6043122,0.018360985,0.37732682
id18529,0.05204358,0.003220999,0.9447354
id18235,0.8899732,0.06703315,0.042993627
id20188,0.041826934,0.016588483,0.9415846
id13483,0.07393593,0.0048921043,0.92117196
id16860,0.9206985,0.044014513,0.03528698
id11203,0.9943892,0.00042146785,0.0051893494
id01104,0.99396384,0.005580018,0.00045615016
id26195,0.012757371,0.21351984,0.77372277
id19647,0.073133804,0.035876207,0.89098996
id24377,0.25758728,0.017898029,0.72451466
id07103,0.99575543,0.00018589856,0.0040586637
id27061,0.76532984,0.23352385,0.0011463705
id06255,0.24630676,0.72978544,0.023907859
id19483,0.4783513,0.0374713,0.4841774
id27936,0.26689023,0.726551,0.0065588225
id21761,0.27376267,0.71006954,0.01616775
id06543,0.0002959832,0.9993755,0.00032842375
id04779,0.13417922,0.57708174,0.28873906
id05819,0.18736711,0.05507867,0.75755423
id04670,0.45812193,0.51967806,0.02220002
id22206,0.9955753,0.0027607183,0.0016640112
id18557,0.99621713,0.0035001256,0.0002827676
id24017,0.6082992,0.017259173,0.37444162
id10305,0.99024373,0.008323207,0.0014330959
id25879,0.99164337,0.0037925148,0.004564096
id08243,0.23175779,0.5707583,0.19748391
id11999,0.1044526,0.8289832,0.06656419
id13392,0.0056354995,0.98054177,0.013822752
id00681,0.00095314917,0.9962742,0.002772701
id03225,0.7792252,0.13293587,0.08783895
id19684,0.10799945,0.13704441,0.7549562
id01944,0.9591123,0.03534418,0.005543533
id04903,0.027364466,0.006248947,0.9663866
id22131,0.8371773,0.021661445,0.1411613
id17465,0.064076945,0.0020329412,0.9338901
id02341,0.02906779,0.0032999811,0.96763223
id23306,0.120165385,0.78110677,0.09872791
id13543,0.05009113,0.029671205,0.9202377
id05527,0.6621286,0.0468209,0.29105046
id13622,0.0025010977,0.9968767,0.00062221393
id04807,0.6715171,0.29323417,0.035248823
id03763,0.106878676,0.011227716,0.8818936
id04860,0.26940498,0.000606723,0.7299883
id18552,0.9754415,0.007224235,0.017334245
id05624,0.8319687,0.12797198,0.040059324
id10691,0.06594142,0.01604686,0.9180117
id12723,0.6013197,0.1869596,0.21172069
id14533,0.91260463,0.07855822,0.008837143
id07197,0.4976409,0.004564978,0.49779415
id08284,0.4848492,0.49713942,0.018011393
id13373,0.21563725,0.36727336,0.41708943
id25880,0.5700549,0.20700589,0.22293925
id00879,0.6995415,0.23908536,0.061373126
id27931,0.0006579914,0.996118,0.0032240134
id20774,0.004856001,0.0014665124,0.9936775
id18642,0.05365885,0.933852,0.012489113
id26855,0.110574715,0.4739045,0.41552076
id08684,0.07852522,0.9075953,0.013879513
id01743,0.08927882,0.559807,0.35091418
id09704,0.64904076,0.35023695,0.0007222617
id00696,0.25836796,0.70484674,0.03678531
id08351,0.004699407,0.99454343,0.0007571627
id08495,0.8236572,0.07097297,0.1053698
id05141,0.76270616,0.022536501,0.21475731
id08515,0.001631108,0.0008516981,0.9975172
id23509,0.03842769,0.0032000002,0.9583723
id20577,0.021821259,0.00091043295,0.9772683
id04217,0.015409294,0.007412536,0.9771782
id24430,0.5760339,0.036525704,0.38744044
id11995,3.2391858e-05,3.5282927e-05,0.99993235
id10871,0.0065152915,0.0067743696,0.98671037
id21988,0.0035264587,0.00056224293,0.99591124
id07248,0.9861789,0.0033476192,0.010473549
id22805,0.8029899,0.08986743,0.10714268
id18064,0.013370011,0.00023893017,0.98639107
id02256,0.050458807,0.3494164,0.6001248
id18835,0.9385501,0.003953654,0.05749623
id06068,0.03497599,0.12627481,0.83874923
id13355,0.068563886,0.9284752,0.002960919
id15890,0.30149496,0.67033315,0.028171886
id11828,0.99708253,0.00068388076,0.002233509
id14235,0.029842984,0.0014938933,0.9686631
id07891,0.021412818,0.03258004,0.9460072
id00426,0.00683054,0.9870182,0.0061512664
id00194,0.0055415053,6.2877436e-05,0.9943956
id10086,0.5731444,0.00071834296,0.42613727
id24683,0.3169225,0.08359074,0.5994868
id01217,0.035253864,0.9613662,0.00337993
id09906,0.7083524,0.2895226,0.0021250348
id04780,0.019883601,0.00036491264,0.9797515
id15682,0.88490564,0.106756255,0.008338076
id27193,0.5639474,0.00071697857,0.43533567
id01574,0.0076390286,0.00032444837,0.9920365
id26894,0.04791814,0.084169626,0.86791223
id08143,0.6441223,0.15424278,0.20163487
id05756,0.07810324,0.91926044,0.0026363449
id14803,0.0045253034,0.0001475598,0.9953271
id01103,0.006599164,0.9885563,0.0048445123
id17451,0.94322646,0.043305323,0.013468261
id10497,0.37786213,0.15634486,0.46579307
id23770,0.69131315,0.27873558,0.029951306
id01731,0.286809,0.30702972,0.4061613
id24021,0.001873916,0.9867407,0.01138537
id24904,0.98699164,0.0036640896,0.0093442965
id16795,0.018625014,0.046281878,0.9350931
id27308,0.41080526,0.010999243,0.5781955
id16671,0.99440175,0.0027012047,0.002897041
id10035,0.72375566,0.024630247,0.2516141
id12143,0.7410417,0.06642148,0.19253682
id14087,0.9555476,0.0017147765,0.042737696
id02962,0.00043798648,0.974653,0.024909038
id17035,0.044368904,0.44369173,0.51193935
id07600,0.07803686,0.013004585,0.9089585
id08201,0.0011601064,0.0002623435,0.9985776
id04623,0.9256691,0.031120801,0.043210138
id07245,0.5295075,0.0594653,0.41102716
id01334,0.73106045,0.11094137,0.15799819
id23105,0.9265761,0.0485769,0.024847029
id19744,0.08795523,0.64986134,0.26218346
id22884,0.9405204,0.04765485,0.011824769
id01936,0.05883965,0.87460625,0.06655413
id21910,0.0002494579,0.99918157,0.0005689683
id10801,0.048146546,0.9165472,0.035306294
id02629,0.01106023,0.00084054214,0.9880993
id11940,0.0029655318,0.993307,0.0037275234
id12664,0.081554286,0.019958101,0.8984876
id06308,0.008440423,0.0031352844,0.9884243
id21510,0.9924109,0.00018642552,0.0074027097
id20043,0.003325518,0.005330728,0.99134374
id01014,0.8366257,0.15030496,0.013069321
id04968,0.22005007,0.0933404,0.68660957
id17552,0.29562837,0.52645737,0.17791434
id25395,0.38856307,0.24720518,0.3642318
id25931,0.9922583,0.0029419316,0.0047997762
id21548,0.017924946,0.0062910896,0.975784
id07443,0.19408439,0.030117745,0.77579784
id01215,0.0066553624,0.99324,0.000104670195
id20060,0.016319668,0.98298347,0.0006968664
id17279,0.82762736,0.15385972,0.018512929
id20214,0.024278857,0.96521384,0.010507341
id08809,0.0075856177,0.0015118273,0.99090254
id17098,0.78073806,0.17630965,0.042952284
id10146,0.9679294,0.006856647,0.025213957
id24986,0.97372913,0.010358346,0.01591255
id19690,0.21819806,0.08676752,0.6950344
id14487,0.48011062,0.08245275,0.43743664
id26146,0.9585989,0.00876695,0.03263419
id01942,0.002780537,0.0014476771,0.9957718
id03843,0.86243385,0.11509093,0.022475226
id02026,0.6808923,0.011633268,0.3074744
id10903,0.75155294,0.026155205,0.22229183
id07340,0.2096741,0.011330655,0.7789953
id25682,0.04942512,0.94286734,0.007707541
id13830,0.99220693,0.0071332077,0.0006598696
id08319,0.9329109,0.015316584,0.051772434
id25558,0.29528144,0.019799652,0.6849189
id07084,0.10149756,0.11515061,0.78335184
id00203,0.35983077,0.35250428,0.28766495
id23804,0.6180751,0.06632037,0.31560457
id06863,0.0077342694,0.0006478897,0.99161786
id11191,0.9618727,0.034033753,0.004093553
id00846,0.004724915,0.99220747,0.0030676709
id17290,0.22270456,0.6902692,0.087026276
id00047,0.033969566,0.93639106,0.029639348
id27631,0.7655305,0.21341279,0.021056628
id15793,0.65509814,0.01394057,0.3309613
id03142,0.03140092,0.024886407,0.94371265
id24825,0.9969707,8.5851345e-05,0.0029434501
id12069,0.25642353,0.013324451,0.730252
id23009,0.9982457,0.00086040323,0.00089386676
id06793,0.00078023534,0.99901134,0.00020845103
id18638,0.989286,0.010575036,0.00013889541
id02966,0.96105874,0.026322037,0.012619278
id20346,0.029431317,0.060413092,0.9101556
id16855,0.9118066,0.05775229,0.030441154
id16350,0.0007651601,0.9990964,0.00013844752
id25092,0.04707846,0.9473281,0.0055934694
id16132,0.95712835,0.008630259,0.034241375
id15977,0.036615256,0.019110782,0.94427395
id26922,0.15406561,0.020624598,0.8253098
id20054,0.9146089,0.027730329,0.05766072
id14375,0.40656823,0.016346194,0.5770856
id23372,0.57947576,0.13728695,0.28323728
id20360,0.008290781,0.9800757,0.0116335265
id25380,0.0017190368,0.9980469,0.00023407901
id07295,0.02988403,0.016078334,0.95403767
id20349,0.24261698,0.6045184,0.15286458
id17177,0.037905734,0.001159411,0.9609349
id07041,0.74421304,0.014066602,0.24172036
id27459,0.002901069,0.99657995,0.00051900226
id24144,0.5811594,0.4154042,0.0034364087
id13748,0.00638637,0.00082253205,0.9927911
id08295,0.50976765,0.43144736,0.058785003
id00744,0.27818733,0.031074908,0.6907378
id19662,0.020197151,0.97892994,0.0008728835
id13027,0.053324733,0.006098206,0.9405771
id21785,0.047131196,0.0039299275,0.94893885
id13431,0.94769484,0.0027031898,0.049601983
id21455,0.38836727,0.35810056,0.2535322
id25429,0.007115679,0.9757214,0.017162947
id16944,0.13793214,0.005711693,0.8563562
id01458,0.079292975,0.8996033,0.02110374
id15684,0.004751786,0.99513984,0.00010836395
id00970,0.94085896,0.0408232,0.018317824
id12185,0.23211621,0.26057065,0.50731313
id15050,0.12834643,0.76242965,0.10922388
id05062,0.0099196555,0.012533552,0.9775468
id13150,0.08002347,0.9115359,0.008440597
id02821,0.00081245945,0.999166,2.1464584e-05
id05545,0.8959847,0.066382736,0.03763257
id03523,0.98637044,0.011194802,0.0024347694
id02098,0.0025035762,0.46087778,0.53661865
id26788,0.61004275,0.24091811,0.14903916
id22116,0.002318904,0.9923119,0.0053691803
id16175,0.9976495,0.0020952772,0.00025522
id24957,0.056473415,0.613096,0.33043063
id10844,0.116684206,0.85614246,0.027173335
id11758,0.6227429,0.35970706,0.017550107
id05134,0.14006944,0.24723203,0.6126985
id15865,0.009765873,0.9723129,0.01792124
id08591,0.58726895,0.40349343,0.009237649
id26318,0.11226422,0.0104069235,0.8773289
id05612,0.7032508,0.28267553,0.01407369
id14561,0.05069549,0.6756199,0.27368462
id07666,0.00052720954,3.0437406e-05,0.9994424
id01297,0.9599773,0.0042904024,0.035732273
id10688,0.073338,0.30384356,0.6228184
id15377,0.09088794,0.90900123,0.00011075289
id23377,0.047093336,0.94586307,0.007043578
id05797,0.15375216,0.72941524,0.116832644
id06241,0.28744817,0.046769835,0.665782
id10766,0.88267887,0.07965454,0.037666637
id03928,0.8019575,0.13997039,0.058072157
id04429,0.0063597886,0.15982547,0.83381474
id24846,0.44978914,0.0048686243,0.54534227
id19784,0.00533454,0.00014808234,0.9945174
id02452,0.99151576,0.0019828563,0.006501356
id02600,0.75094795,0.20206788,0.046984237
id27487,0.015759153,0.0004291745,0.9838117
id12323,0.8025767,0.18959515,0.007828196
id00487,0.015639897,0.075249955,0.9091102
id06032,0.7033861,0.15337607,0.14323781
id05211,0.7776981,0.023670655,0.19863126
id16523,0.5292018,0.42549762,0.045300633
id08800,0.352479,0.62343735,0.024083616
id08791,0.0034034213,0.0004028698,0.99619377
id10429,0.42041475,0.21170023,0.36788502
id20801,0.85548687,0.13805515,0.0064579905
id14055,0.010507384,0.0053665447,0.9841261
id09462,0.018736886,0.9743918,0.0068712807
id06725,0.19975924,0.7991487,0.001092078
id01749,0.98170257,0.014839121,0.0034582992
id22054,0.0013932021,0.9985613,4.542346e-05
id07244,0.0023265388,0.00030317795,0.9973703
id12562,0.88940656,0.00042109078,0.11017232
id13838,0.1921134,0.7509331,0.05695339
id22535,0.0011126003,0.9988335,5.39828e-05
id01099,0.4423309,0.5457677,0.011901459
id02190,0.10783507,0.85498816,0.037176676
id25921,0.13283469,0.2167735,0.6503918
id16075,0.049812775,0.1796149,0.7705723
id20465,0.90522945,0.0744439,0.020326676
id06556,0.042984605,0.012298729,0.9447167
id09360,0.0060657947,0.0023798663,0.9915543
id09042,0.018849745,0.97529763,0.0058526755
id08846,0.00011597341,0.9998678,1.6268326e-05
id21274,0.015780883,0.2526007,0.73161846
id05841,0.8013365,0.016154062,0.1825094
id20361,0.9040097,0.040335584,0.055654705
id07499,0.67274183,0.030018626,0.29723954
id19466,0.6326442,0.10973467,0.25762117
id16550,0.0020736037,0.997905,2.140052e-05
id24512,0.99211144,0.005756375,0.002132187
id14444,0.60482997,0.10836191,0.2868081
id11395,0.8320824,0.024015356,0.14390221
id14907,0.044154223,0.004280435,0.9515653
id19393,0.0031727806,0.005893236,0.990934
id26780,0.94376665,0.02814069,0.028092673
id03132,0.10866582,0.030319259,0.8610149
id17709,0.9816458,0.0087627275,0.0095915105
id19739,0.93383324,0.049292453,0.016874311
id08470,0.97825384,0.0070525715,0.014693553
id22312,0.040051635,0.8868375,0.073110856
id20391,0.5790973,0.034606636,0.38629612
id05295,0.011948756,0.0035142347,0.984537
id08129,0.29005352,0.04866911,0.66127735
id10615,0.1369201,0.04578264,0.8172973
id09506,0.8323015,0.08396176,0.0837367
id22557,0.3781817,0.5607337,0.06108466
id04181,0.0033305828,0.99620205,0.0004673446
id22457,0.006878499,0.992077,0.0010445036
id00340,0.028234532,0.008205151,0.96356034
id18205,0.018739188,0.001594238,0.9796666
id03861,0.008246287,0.9880655,0.0036882525
id20546,0.15666647,0.8432176,0.00011593965
id17226,0.0041557485,0.0170937,0.9787506
id10376,0.07348308,0.8104584,0.11605844
id17734,0.56218314,0.40455627,0.033260632
id09703,0.0043416745,0.99428,0.0013783384
id16311,0.00028881605,0.99899787,0.00071326824
id06524,0.012294426,0.9870933,0.000612231
id01082,0.004957398,0.9843593,0.010683315
id01940,0.24572603,0.03231938,0.7219546
id04146,0.074496016,0.095008574,0.8304954
id03891,0.9277865,0.005986396,0.06622707
id14421,0.7658961,0.013845505,0.22025841
id19027,0.96194535,0.037380252,0.00067438756
id19813,0.0014054166,0.99702084,0.0015737263
id05827,0.4426249,0.4192722,0.1381029
id03326,0.07446168,0.054594327,0.87094396
id10089,0.003829533,0.9960924,7.807167e-05
id06827,0.91017985,0.006360642,0.0834595
id01209,0.7559303,0.0126913255,0.23137836
id08812,0.6694461,0.04804855,0.2825054
id25906,0.2688619,0.67708117,0.054056976
id25553,0.5916413,0.0141180325,0.39424068
id10193,0.06789418,0.012364287,0.9197415
id15438,0.88322335,0.08457099,0.03220565
id04821,0.000953749,0.99750453,0.001541788
id26592,0.0011422846,0.0003654033,0.99849236
id20195,0.067391075,0.12400492,0.80860406
id00378,0.39166906,0.1907374,0.41759357
id15052,0.98108965,0.008427177,0.01048318
id09519,0.98365223,0.008126613,0.008221159
id04579,0.11734937,0.38103515,0.50161546
id08274,0.78514075,0.014886357,0.19997293
id26223,0.30199426,0.66163945,0.0363663
id01914,0.9465169,0.03985777,0.013625371
id05244,0.99280137,0.00407299,0.0031256627
id14467,0.99778,0.0011419073,0.0010780977
id23284,0.675362,0.071762055,0.252876
id20634,0.24372439,0.00020130776,0.7560743
id14659,0.9964229,0.0013535728,0.0022235278
id23659,0.005306601,0.9933532,0.001340213
id16902,0.89104515,0.10369527,0.005259601
id20509,0.96453744,0.025033958,0.010428648
id08019,0.14249377,0.021787211,0.83571905
id26180,0.00622641,0.00018327105,0.99359035
id01487,0.24529925,0.7169962,0.037704602
id22898,0.028324585,0.9615029,0.010172505
id24005,0.990672,0.008814387,0.0005136142
id00118,0.47227532,0.5000959,0.027628863
id17435,0.2827199,0.2035179,0.5137622
id22574,0.92014635,0.00024666978,0.079607
id23882,0.09086534,0.024398703,0.88473594
id02618,0.9378062,0.010124501,0.05206932
id06847,0.449458,0.38452303,0.166019
id15448,0.015553864,0.01768303,0.9667631
id20383,0.0025824502,0.99437785,0.0030397114
id18722,0.002416959,0.99739,0.00019307948
id24353,0.8651625,0.078602545,0.05623495
id22196,0.58131415,0.38486964,0.03381626
id13239,0.0133663025,0.0027472193,0.9838865
id14507,0.0021175279,0.9949574,0.0029251245
id04619,0.006507981,0.00012359486,0.99336845
id00176,0.9705518,0.014031421,0.015416793
id14700,0.8918021,0.104250886,0.0039470918
id10930,0.10163305,0.8525398,0.045827128
id03830,0.08424896,0.05045938,0.86529166
id01840,0.01914231,0.059409644,0.92144805
id18025,0.0024385967,0.84649605,0.1510654
id21361,0.9983413,0.00016216426,0.0014964947
id21999,0.0009777531,0.997232,0.0017902016
id20472,0.07136066,0.016635144,0.9120042
id01282,0.9774196,0.010062137,0.012518171
id05687,0.10733936,0.4819162,0.41074446
id19713,0.8919153,0.012471097,0.09561362
id18634,0.92221826,0.07564369,0.002138055
id18322,0.075387105,0.008228047,0.9163849
id25178,0.28130215,0.6535047,0.065193154
id13911,0.011107855,0.9856005,0.0032917212
id02688,0.6397326,0.34791166,0.012355764
id24097,0.90449286,0.08113441,0.014372724
id05621,0.0697168,0.8823118,0.047971353
id09435,0.049440894,0.0008562761,0.9497028
id22564,0.94831365,0.0155940605,0.036092333
id26044,0.9793597,0.01368041,0.0069599063
id24724,0.2700975,0.025696836,0.7042057
id13568,0.44271687,0.092277616,0.4650055
id11196,0.5951151,0.03352903,0.37135583
id04842,0.16377757,0.022480907,0.8137415
id03445,0.9979878,0.00042612635,0.0015860866
id08194,0.60395527,0.34069163,0.055353142
id19747,0.044357277,0.001430744,0.95421195
id06540,0.003354872,0.99048054,0.00616464
id13171,0.8958617,0.09199018,0.012148168
id23807,0.0033170665,0.00010323155,0.9965797
id12408,0.019972207,0.9637317,0.01629608
id18388,0.022407157,0.037152242,0.9404406
id16219,0.0026692036,8.433065e-05,0.9972465
id11022,0.23914228,0.75957286,0.0012848927
id12514,0.90795237,0.003019849,0.08902778
id07322,0.9959259,0.0039545684,0.00011945458
id04600,0.00795883,0.026731221,0.9653099
id15608,0.032303564,0.32341218,0.64428425
id19223,0.10706328,0.35188028,0.54105645
id18680,0.85735834,0.0009575561,0.14168414
id23359,0.93696094,0.056392327,0.0066467635
id07332,0.030407337,0.9431301,0.026462626
id11424,0.03417484,0.0170685,0.94875664
id01916,0.9275464,0.049019307,0.023434332
id23814,0.9823414,0.011435824,0.0062228353
id05821,0.022725785,0.001113537,0.9761607
id15471,0.9567278,0.0026990327,0.040573176
id06742,0.057099648,0.006019844,0.9368805
id16393,0.34019622,0.65829617,0.0015076633
id14430,0.114103824,0.014386292,0.8715099
id15086,0.98133147,0.0013717035,0.01729686
id13673,0.95241344,0.01928491,0.028301667
id11456,0.69051653,0.26246214,0.04702136
id08475,0.85184264,0.014464325,0.13369301
id02793,0.89124906,0.0014278953,0.107323095
id03576,0.9109508,0.054979894,0.0340693
id10747,0.98834896,0.00836353,0.003287502
id17875,0.3616357,0.6191816,0.019182712
id20045,0.025180299,0.9700259,0.0047938223
id25448,0.91490597,0.07372011,0.011373907
id11715,0.5287851,0.010216959,0.4609979
id22739,0.089894585,0.18198594,0.72811943
id07457,0.99648726,0.00026495074,0.0032478054
id27357,0.7372349,0.027580742,0.23518442
id01139,0.80211496,0.13761485,0.060270224
id00407,0.45995942,0.051150754,0.48888987
id20956,0.9823393,0.010924612,0.00673599
id13702,0.41336983,0.09614876,0.49048138
id00327,0.49810186,0.086481005,0.41541713
id24372,0.4122484,0.58593374,0.0018177761
id03983,0.03834023,0.9614328,0.00022700829
id15264,0.018034404,0.9753734,0.00659223
id09679,0.96966547,0.0035740426,0.026760506
id20899,0.8690539,0.08001695,0.050929166
id21494,0.0046273614,0.9809578,0.014414868
id02513,0.0035681792,0.9906001,0.0058317264
id21834,0.0118079875,0.0010076298,0.9871844
id23463,0.047150105,0.9488957,0.0039542033
id26529,0.31570345,0.052522566,0.63177395
id22078,0.76334625,0.022708537,0.21394522
id08063,0.080274075,0.8577348,0.061991148
id18690,0.006970149,0.9627396,0.030290296
id03908,0.9877694,0.0040381355,0.008192457
id00876,0.97068685,0.0071958257,0.02211731
id19633,0.82452047,0.14387584,0.031603724
id23096,0.0062182304,0.027868772,0.96591306
id07547,0.003814941,0.8707398,0.12544528
id10136,0.045566987,0.005366752,0.9490663
id22645,0.9286821,0.008786072,0.0625318
id27376,0.83830315,0.017494755,0.14420214
id26458,0.026636463,0.96773905,0.0056244917
id07617,0.0015067171,0.9982127,0.00028058214
id11254,0.44488552,0.012360903,0.5427536
id25871,0.0017980116,0.99786526,0.00033666872
id26074,0.77786225,0.16185392,0.060283825
id24558,0.20530224,0.032077882,0.76261985
id26515,0.0051933113,0.9909118,0.003894948
id10532,0.7759486,0.060751114,0.1633003
id24063,0.0026599034,0.99704534,0.00029469634
id12872,0.012871087,0.5886358,0.3984931
id23564,0.0014090324,0.9345446,0.06404634
id20074,0.44794017,0.31270027,0.23935954
id00703,0.99906856,0.00065627473,0.0002752517
id07178,0.91653645,0.06682961,0.016633978
id00468,0.86805964,0.015981482,0.11595882
id08647,0.9369341,0.062788226,0.00027766288
id27338,0.8598685,0.04519592,0.09493556
id14958,0.00013645258,0.00046530945,0.99939823
id20954,0.46024433,0.4571377,0.08261803
id04495,0.01349873,0.98166925,0.004831975
id09676,0.50728244,0.46803054,0.024687052
id16643,0.90239567,0.0010235853,0.096580714
id22018,0.13037106,0.01521493,0.85441405
id09754,0.8534061,0.10484193,0.041752025
id15184,0.5949319,0.15253782,0.25253028
id06930,0.07572915,0.022631193,0.90163964
id19391,0.94652605,0.053083386,0.00039049578
id21111,0.0028614197,0.9743688,0.022769723
id19884,0.25624892,0.13208684,0.61166424
id00356,0.008804799,0.0021650603,0.9890301
id03227,0.995465,0.00024384042,0.0042911824
id24959,0.63745904,0.13037689,0.23216411
id23792,0.9533364,0.0011601527,0.045503467
id15765,0.06987734,0.049483575,0.88063914
id22342,0.9806416,0.007782726,0.011575704
id21764,0.07038179,0.9255901,0.0040281233
id08929,0.015640192,0.398052,0.5863078
id10860,0.01194885,0.96251357,0.025537597
id14842,0.00015925414,0.00018381875,0.9996569
id14149,0.004750874,0.9942972,0.0009519448
id04850,0.93668836,0.032317948,0.03099369
id03697,0.010337826,0.988326,0.0013361609
id20031,0.014291243,0.04021666,0.9454921
id10148,0.9601832,0.029041313,0.0107754795
id06233,0.23577864,0.02870763,0.7355137
id17614,0.17177264,0.013841191,0.8143862
id24548,0.7831899,0.06009378,0.15671635
id04717,0.026943505,0.95267564,0.020380905
id12557,0.049095236,0.9125276,0.038377192
id15563,0.9912594,0.008095019,0.0006455725
id19414,0.0011913921,0.998775,3.3591474e-05
id24538,0.1180884,0.03529309,0.84661853
id20701,0.0042932653,0.017105995,0.9786008
id16710,0.08407177,0.84512216,0.07080606
id00190,0.08539677,0.7656979,0.14890538
id12066,0.9987738,0.0007196333,0.0005066016
id21743,0.022833088,0.97390723,0.0032596304
id10746,0.023044229,0.0018835148,0.97507226
id23032,0.010816409,0.98679376,0.0023898613
id02466,0.7067682,0.027554303,0.26567754
id27963,0.002173559,0.0057728393,0.9920536
id05550,0.81324655,0.18189001,0.004863437
id07328,0.014803938,0.0019532265,0.9832428
id06158,0.7188698,0.0063591553,0.27477103
id15690,0.015631387,0.0861774,0.8981912
id17960,0.1211476,0.0075070835,0.87134534
id22487,0.98859036,0.008795279,0.0026143973
id25435,0.12991068,0.06248922,0.8076001
id06988,0.087891825,0.002144713,0.9099635
id19092,0.009202826,0.98856986,0.0022273208
id20677,0.7903616,0.20901288,0.0006255235
id27009,0.7191154,0.06267706,0.21820758
id14869,0.8145402,0.012650482,0.1728093
id06306,0.56325275,0.43645763,0.0002896197
id13101,0.88490236,0.00054886047,0.11454881
id25263,0.92109233,0.060005877,0.018901758
id01355,0.017781937,0.94886255,0.03335557
id04460,0.1314294,0.0015572847,0.86701334
id08358,0.9143963,0.08533011,0.0002736488
id22714,0.0075067887,0.032352023,0.96014124
id19504,0.620283,0.3582883,0.021428658
id25736,0.84954184,0.10754393,0.042914223
id24201,0.000584086,0.99927634,0.0001396043
id12920,0.8796477,0.1125088,0.007843542
id12770,0.006521021,0.9907765,0.0027025295
id20615,0.9986103,0.001070638,0.00031905496
id19427,0.022668853,0.025904328,0.95142686
id03006,0.9891117,0.008539329,0.0023489988
id00868,0.037413143,0.020441141,0.9421457
id19695,0.30027208,0.069848426,0.6298795
id06474,0.99245125,0.002317052,0.0052316664
id11108,0.00016695076,0.9978313,0.0020018183
id01017,0.011614647,0.0026682497,0.9857171
id10104,0.13666688,0.0013000809,0.86203307
id15930,0.995103,0.0033248498,0.0015721498
id05883,0.03376999,0.0052468497,0.96098316
id10209,0.002935734,0.0017459427,0.99531835
id14868,0.47591433,0.08969178,0.43439385
id27617,0.26094776,0.7183041,0.020748138
id14264,0.2322264,0.10709704,0.66067654
id07597,0.12128832,0.16668615,0.7120255
id17732,0.93324107,0.033837195,0.032921787
id13859,0.70077986,0.29476005,0.0044601364
id14976,0.0020545186,0.9971791,0.0007664088
id25226,0.027349103,0.03152249,0.94112843
id17268,0.10951719,0.22523023,0.6652526
id14936,0.00032567032,0.99911064,0.00056368625
id18615,0.77898324,0.21723017,0.0037865806
id26184,0.94159704,0.012652623,0.04575026
id11495,0.095630966,0.04860771,0.85576135
id05663,0.14719023,0.0058444557,0.8469653
id10335,0.6716751,0.078782275,0.24954267
id08480,0.51814973,0.042613972,0.4392363
id21511,0.8524841,0.068665296,0.07885063
id20988,0.9625292,0.035406694,0.0020641293
id19273,0.006829329,0.9914655,0.0017051842
id15420,0.37930295,0.022950424,0.5977466
id16016,0.06177046,0.9180282,0.020201424
id16084,0.03197466,0.03030991,0.9377154
id27093,0.014579761,0.0039837146,0.98143655
id24695,0.49571726,0.008001939,0.49628082
id03245,0.0017270531,0.9971192,0.0011537529
id26358,0.02910275,0.0071359766,0.96376127
id17966,0.7814525,0.15643342,0.06211409
id26651,0.71703184,0.06302083,0.21994734
id17275,0.9973126,0.002582831,0.00010456451
id21720,0.08603425,0.31802732,0.59593844
id22926,0.081194974,0.046946883,0.8718581
id12231,0.00205111,0.9961743,0.0017746154
id21026,0.026927195,0.042278536,0.93079424
id11675,0.025087196,0.005503259,0.9694095
id21890,0.4475353,0.10638537,0.4460793
id04050,0.033370838,0.0024396493,0.9641895
id24996,0.015257376,0.03080408,0.95393854
id00025,0.32708198,0.66917324,0.0037447629
id23916,0.073893,0.91624874,0.009858275
id21254,0.20421249,0.7811781,0.014609276
id13322,0.97946197,0.014143468,0.0063945455
id23928,0.16009526,0.0069111283,0.8329936
id14748,0.29487658,0.3560978,0.3490257
id26538,0.49742076,0.003248885,0.49933034
id27759,0.009093284,0.007850414,0.9830563
id19661,0.7811549,0.011726009,0.20711912
id17018,0.030095715,0.2994144,0.67048985
id05505,0.48351222,0.04479246,0.47169533
id16155,0.67357594,0.16303986,0.1633842
id06274,0.48097977,0.01313172,0.5058885
id13832,0.6715405,0.31945843,0.009001069
id14666,0.98966825,0.0084629,0.0018688357
id04489,0.02572062,0.0011162059,0.9731632
id19140,0.46171784,0.4557185,0.08256363
id14570,0.8493314,0.0013185963,0.14935002
id16079,0.96936774,0.014350194,0.016282097
id06866,0.6619005,0.009579541,0.32852
id12730,0.04760148,0.9502624,0.002136098
id09257,0.0048323637,0.0008219664,0.99434566
id02782,0.5554427,0.025451407,0.41910592
id10412,0.9997602,3.5825e-05,0.00020394968
id04988,0.001081036,0.9724316,0.026487377
id07728,0.3286905,0.65675414,0.014555352
id21947,0.79362977,0.2048841,0.001486139
id27700,0.90659577,0.090646684,0.0027575688
id18178,0.002496674,0.93947315,0.058030218
id25949,0.16190729,0.8355984,0.0024943587
id23008,0.028932093,0.0014765268,0.9695914
id09238,0.4005242,0.075155355,0.5243204
id12943,0.012622263,0.94630206,0.04107569
id02659,0.10285782,0.8435877,0.053554464
id03648,0.7482615,0.21205622,0.039682284
id03954,0.9852393,0.001799611,0.012961118
id07026,0.00981092,0.98656857,0.0036205587
id14228,0.027429966,0.90070474,0.07186531
id22647,0.035272893,0.0071706446,0.9575565
id23435,0.6218848,0.2800486,0.09806657
id08200,0.73445004,0.23500885,0.030541122
id23257,0.031965256,0.007342486,0.9606923
id02684,0.45984256,0.12838168,0.41177574
id05186,0.8109239,0.18650213,0.002574007
id25261,0.3636271,0.045643065,0.59072983
id24081,0.8669799,0.003975187,0.12904488
id27087,0.8358396,0.16002353,0.0041368795
id03533,0.7804591,0.041860748,0.1776801
id07998,0.8139774,0.14085905,0.04516358
id01240,0.07560686,0.8954336,0.028959554
id24927,0.09413845,0.9054812,0.0003803611
id15752,0.9360045,0.008200018,0.055795476
id26594,0.04447784,0.94428694,0.011235227
id20012,0.23489028,0.054889146,0.7102206
id15476,0.0046158344,0.8835975,0.11178668
id15624,0.98919517,0.0010860232,0.009718829
id02404,0.006669409,0.9931986,0.0001320035
id21944,0.36344317,0.13285281,0.503704
id24442,0.8292945,0.1478962,0.022809312
id26490,0.26531732,0.014741864,0.7199408
id21897,0.99964416,0.00014464644,0.00021120366
id05575,0.274763,0.02726505,0.69797194
id01874,0.14447907,0.80003667,0.055484317
id26617,0.808085,0.060656447,0.13125856
id13079,0.07944043,0.0030185524,0.917541
id02068,0.7896703,0.02922588,0.18110381
id27872,0.57740176,0.3210542,0.10154411
id08814,0.25514328,0.17823166,0.5666251
id12841,0.19596677,0.70799965,0.096033566
id06716,0.98852813,0.0008778832,0.010594021
id10115,0.5913076,0.011694348,0.3969981
id16121,0.26126075,0.7297284,0.009010882
id00985,0.48171732,0.28461984,0.23366287
id06063,0.9146409,0.037660867,0.04769828
id22076,0.04315693,0.013246636,0.9435964
id27589,0.12192892,0.71796954,0.16010152
id18996,0.13305648,0.8567257,0.010217892
id05801,0.028794587,0.0004676074,0.9707378
id06880,0.114338085,0.68293655,0.20272535
id25746,0.98433834,0.0009402614,0.01472141
id02569,0.96149486,0.013449471,0.025055697
id23368,0.013425995,0.032330915,0.9542431
id23186,0.23670399,0.4056406,0.35765544
id07484,0.36744177,0.0853416,0.54721665
id06951,0.17182802,0.8268085,0.001363479
id23972,0.3224318,0.0032253761,0.6743428
id25997,0.85568005,0.13392796,0.0103920465
id10863,0.43703184,0.05194929,0.5110189
id25454,0.98806936,0.0024442172,0.00948646
id09071,0.19929458,0.7502541,0.050451376
id15125,0.035336927,0.9542532,0.010409884
id22672,0.06504158,0.03490952,0.9000489
id27813,0.6967348,0.078384906,0.22488037
id03960,0.04380557,0.279608,0.6765864
id11526,0.08561462,0.8802446,0.03414075
id07872,0.16454451,0.004484477,0.830971
id09497,0.97287434,0.023887118,0.0032385334
id24222,0.008524105,0.015346697,0.9761292
id04272,0.78860927,0.0026452977,0.20874546
id02938,0.007265926,0.9886797,0.0040543303
id00269,0.27224392,0.17673182,0.55102426
id14925,0.0332473,0.0027076236,0.9640451
id17843,0.039608493,0.070933126,0.88945836
id20327,0.8094217,0.18984655,0.00073170353
id13986,0.5797894,0.012754037,0.4074566
id21777,0.13229635,0.00538893,0.8623147
id16285,0.4742784,0.5092409,0.016480746
id12045,0.07842654,0.2746419,0.6469315
id06237,0.9414657,0.0048285024,0.053705804
id20483,0.011481573,0.002077516,0.98644096
id21708,0.9339278,0.029827204,0.036245074
id05422,0.2077989,0.092370674,0.6998304
id14544,0.94679624,0.0018639193,0.051339865
id07488,0.026142009,0.9701493,0.0037087419
id19353,0.011536291,0.9884113,5.242268e-05
id16174,0.001150134,0.01616403,0.98268586
id21765,0.08645606,0.006220679,0.90732324
id21583,0.1467525,0.8300527,0.023194833
id11740,0.08116108,0.66570127,0.25313765
id23396,0.93810195,0.022053102,0.039844982
id16511,0.26876232,0.2641726,0.4670651
id11598,0.960397,0.029198278,0.010404719
id02804,0.9463729,0.0005187731,0.053108215
id07123,0.3337082,0.31086266,0.3554292
id13092,0.41700286,0.28319398,0.2998031
id13271,0.058516603,0.7886689,0.15281448
id06272,0.010108733,0.29959685,0.69029444
id06694,0.5686756,0.28597882,0.14534561
id04330,0.65681225,0.081813164,0.2613746
id20492,0.07320156,0.6467867,0.2800118
id14774,0.11064779,0.88157284,0.0077794185
id02457,0.0353057,0.9639081,0.0007862721
id09725,0.1675903,0.823705,0.008704743
id17116,0.071378015,0.5417894,0.38683257
id04106,0.2795408,0.66602874,0.054430474
id00557,0.9351768,0.011909042,0.052914135
id04683,0.009320391,0.0005093437,0.9901703
id12081,0.7228552,0.08566592,0.1914789
id22575,0.0007217953,0.99743974,0.0018384631
id05602,0.8168463,0.0775943,0.1055594
id21532,0.9592566,0.0059324466,0.034810938
id14584,0.84077936,0.15282309,0.0063975444
id20301,0.882809,0.0032775986,0.11391345
id15251,0.6235835,0.36113554,0.015280969
id20270,0.6283584,0.37091926,0.0007223024
id04738,0.8156269,0.019944193,0.16442886
id17962,0.34891844,0.023768673,0.62731296
id05003,0.086429045,0.0035194408,0.9100515
id23576,0.90968454,0.079728164,0.010587296
id25745,0.013770028,0.8812112,0.10501875
id17062,0.7794347,0.017854134,0.20271115
id27507,0.036439493,0.15371516,0.8098453
id23898,0.9581103,0.029598502,0.012291279
id15929,0.0048072366,0.9611539,0.03403885
id21330,0.31582657,0.013922695,0.6702508
id24990,0.9979354,0.00031459954,0.0017499425
id24185,0.16755486,0.08291089,0.7495343
id20455,0.98083067,0.008004146,0.01116518
id27952,0.5722378,0.31871322,0.10904901
id20592,0.8966767,0.00520088,0.09812246
id20616,0.6258752,0.20153038,0.1725945
id20591,0.1774969,0.026999013,0.7955041
id14177,0.39894527,0.23120123,0.36985353
id02169,0.17349121,0.00061964814,0.8258891
id09818,0.1712514,0.00022573816,0.8285229
id26864,0.03607797,0.96208507,0.0018369718
id12388,0.19996266,0.61105025,0.18898708
id11038,0.85346746,0.05370763,0.092824936
id12061,0.9908646,0.007119343,0.002016072
id04018,0.6969568,0.0025891678,0.30045402
id12405,0.2344624,0.5984305,0.16710705
id01878,0.90830034,0.025442967,0.06625672
id18897,0.00045473955,0.9993449,0.00020041819
id22682,0.5701816,0.39734098,0.032477383
id27115,0.03717091,0.9621876,0.0006415235
id05234,0.7516468,0.056604743,0.19174846
id23726,0.96196645,0.035213176,0.002820392
id22075,0.006137979,0.99190205,0.0019600077
id27216,0.9647858,0.017422361,0.017791852
id07109,0.65801656,0.33536357,0.006619894
id21292,0.36938298,0.5276025,0.10301456
id04158,0.0030037067,0.00054298807,0.9964533
id10534,0.8439051,0.1138282,0.04226672
id10989,0.16315925,0.78420085,0.052639943
id17817,0.39260468,0.0052379738,0.60215735
id14617,0.020176422,0.9685772,0.011246412
id01978,0.80862814,0.01940835,0.17196356
id14202,0.009868242,0.004737456,0.9853943
id12332,0.7633253,0.0037936356,0.2328811
id03649,0.0019215847,0.98438776,0.013690631
id21830,0.08364199,0.0015147051,0.9148433
id11278,0.4051554,0.58211744,0.012727224
id22343,0.9982986,0.00022712036,0.0014743578
id08160,0.99798536,0.0014152889,0.0005993713
id10506,0.8933042,0.059447132,0.047248647
id01006,0.893598,0.011850263,0.09455175
id07000,0.028578991,0.9642474,0.00717365
id15958,0.013696075,0.005620697,0.9806832
id27256,0.6262671,0.29758543,0.07614753
id00072,0.98102814,7.735308e-05,0.018894508
id08562,0.49729982,0.43521374,0.067486495
id24309,0.73774475,0.005973778,0.2562815
id07355,0.36713487,0.6248695,0.007995679
id18604,0.04348851,0.0028543666,0.95365715
id04076,0.07393936,0.8829608,0.04309984
id26925,0.0074826553,0.98059815,0.011919212
id14852,0.87627566,0.056417674,0.067306645
id05584,0.13241838,0.014188942,0.8533927
id22864,0.0036616772,0.9947778,0.0015605302
id05507,0.70114875,0.29484123,0.0040100086
id11434,0.007362792,0.98633444,0.0063027707
id08324,0.6630176,0.21794312,0.119039334
id23117,0.16217428,0.83059317,0.007232585
id16296,0.9924029,0.0027477308,0.004849411
id18924,0.24348865,0.7478536,0.008657756
id15909,0.9440231,0.0038319484,0.052145004
id25338,0.6604096,0.02109908,0.31849128
id25981,0.9325158,0.060119383,0.007364807
id14670,0.9707,0.0008770216,0.02842301
id12396,0.03661475,0.9479231,0.015462115
id19277,0.022417992,0.002450002,0.975132
id24809,0.15379263,0.34273544,0.503472
id20846,0.15538053,0.04881532,0.79580414
id11040,0.30393082,0.003536611,0.6925326
id06094,0.95373744,0.025041029,0.021221528
id22795,0.40959343,0.56687284,0.023533784
id04747,0.0056427587,0.13292693,0.86143035
id05432,0.035963036,0.0021438065,0.9618932
id25198,0.86955947,0.06307962,0.067360856
id00592,0.997886,0.00072399137,0.0013899807
id13221,0.089283265,0.9035398,0.0071769864
id23301,0.67710584,0.2402832,0.082610905
id21781,0.63983244,0.0006606338,0.35950688
id00642,0.0038184156,0.9954718,0.0007098345
id12760,0.16097467,0.011267176,0.82775813
id13666,0.37337407,0.027752465,0.59887344
id04997,0.8933737,0.050835725,0.055790562
id21906,0.8002792,0.17767292,0.02204787
id26072,0.006614289,0.9915901,0.0017956333
id19004,0.18919446,0.05349467,0.75731087
id11638,0.01714253,0.0001627077,0.9826948
id01941,0.900021,0.09212983,0.007849187
id18590,0.82583207,0.11753545,0.056632474
id01856,0.124757364,0.8665087,0.008733939
id04469,0.444663,0.37231845,0.18301855
id11732,0.4178415,0.01667464,0.56548387
id06824,0.030692205,0.071816444,0.8974914
id11941,0.01624073,0.98228604,0.0014732218
id06786,0.985603,0.0015232109,0.012873837
id22028,0.01154101,3.090429e-05,0.9884281
id14323,0.45937768,0.009549327,0.53107303
id11134,0.028407976,0.970548,0.0010440395
id09894,0.99546903,0.00086180156,0.0036691662
id19046,0.34392995,0.08116897,0.5749011
id26307,0.0028526322,0.9945604,0.0025869843
id22554,0.010125203,0.3510666,0.63880825
id16042,0.3490561,0.62692237,0.02402151
id19948,0.94398993,0.008758746,0.047251333
id02019,0.00069114345,0.9991862,0.00012264393
id02727,0.3489746,0.3331831,0.3178423
id08679,0.21333653,0.02281044,0.763853
id27436,0.09869872,0.0123075,0.8889938
id07161,0.25419313,0.4691826,0.27662426
id11869,0.0010604605,0.99692094,0.0020185288
id00076,0.8375046,0.0014364558,0.16105892
id00586,0.25617364,0.6847161,0.059110265
id14423,0.030701397,0.0036615185,0.9656371
id25611,0.24112763,0.7489449,0.009927538
id13872,0.74025637,0.17790166,0.08184203
id08102,0.00688159,0.9879389,0.0051795035
id03475,0.2328543,0.42510995,0.34203577
id07569,0.059434906,0.12831828,0.8122468
id04616,0.99006134,0.009395029,0.00054368225
id07266,0.9961619,0.0025035636,0.001334577
id16104,0.20219372,0.010322464,0.7874838
id05031,0.7898135,0.03963553,0.17055093
id12290,0.9844821,0.008951553,0.006566363
id26428,0.075963855,0.005146204,0.91888994
id07837,0.097110055,0.008788293,0.8941016
id19918,0.007429586,0.9910768,0.0014935235
id13067,0.13982514,0.71245325,0.14772166
id11540,0.020898627,0.76907974,0.21002164
id17215,0.5676612,0.04434828,0.3879905
id01745,0.25062996,0.0019829734,0.7473871
id00617,0.9176389,0.07095193,0.011409146
id02879,0.061289754,0.05686577,0.88184446
id22811,0.97658306,0.0060542254,0.0173627
id17744,0.0010659522,0.99877876,0.00015524986
id04341,0.12644944,0.8726109,0.00093955477
id08690,0.9993551,5.7661e-05,0.0005873093
id11565,0.96851707,0.0278086,0.0036743653
id09634,0.04417517,0.0053498116,0.95047504
id15427,0.4912143,0.30452725,0.20425841
id11484,0.09366606,0.005228363,0.9011056
id26859,0.9545475,0.02931296,0.016139535
id02880,0.96662796,0.009779882,0.023592195
id21584,0.030486293,0.121113725,0.8484
id14918,0.87146527,0.041095,0.087439686
id20117,0.41935778,0.54132724,0.03931501
id17002,0.3495652,0.034020662,0.6164141
id13158,0.16453734,0.40394658,0.43151608
id11457,0.22251661,0.0072842715,0.7701991
id22103,0.973684,0.023876037,0.0024400111
id27529,0.20805794,0.29413033,0.49781176
id25918,0.004372423,0.9945693,0.0010582708
id24611,0.0772222,0.8723111,0.050466646
id13996,0.022119075,0.9583147,0.01956627
id05259,0.9760611,0.00077051134,0.023168387
id13593,0.0067431084,0.0041081677,0.98914874
id18017,0.44648096,0.008377854,0.5451412
id04960,0.7281979,0.16794753,0.10385461
id13758,0.0018688668,0.003845394,0.99428576
id04492,0.6411682,0.25937027,0.09946163
id05023,0.013192105,0.00023604436,0.98657185
id05950,0.90733755,0.0077493647,0.084913075
id11006,0.9979923,0.00023669434,0.0017710327
id09643,0.06271791,0.30464122,0.6326409
id06055,0.0059952005,0.0061329557,0.9878719
id17368,0.008414339,0.6497443,0.3418414
id14176,0.0433425,0.032742515,0.923915
id27198,0.01467463,0.06355817,0.92176723
id05649,0.8827122,0.09528681,0.022001028
id25189,0.9981875,0.0008272838,0.000985201
id05589,0.39498368,0.113343626,0.4916727
id08042,0.9924355,0.004098922,0.003465516
id13680,0.02539741,0.24495901,0.7296436
id07827,0.0035757567,0.006236944,0.9901873
id18530,0.98272896,0.01590859,0.0013624576
id08813,0.55167496,0.3324731,0.11585199
id05914,0.33263218,0.003049721,0.6643181
id00488,0.02975235,0.95078987,0.019457709
id03668,0.7122075,0.11658554,0.17120694
id24088,0.001051248,0.99886376,8.50142e-05
id02988,0.3399603,0.2462743,0.4137654
id20364,0.99453145,0.0041095046,0.0013590535
id16851,0.13914822,0.006307812,0.854544
id20843,0.99068326,7.5598924e-05,0.009241161
id27424,0.64543295,0.042237308,0.31232977
id06862,0.99713373,0.0026649726,0.00020125833
id19411,0.0017177453,0.9981853,9.6997326e-05
id23789,0.8592259,0.00045271218,0.1403214
id23545,0.0022607439,0.9976165,0.00012276568
id05639,0.12079395,0.000951265,0.87825483
id07046,0.05304588,0.90884143,0.03811275
id23634,0.8667193,0.006926887,0.12635382
id05799,0.008340417,0.0054170885,0.98624253
id19418,0.2515203,0.0007256792,0.747754
id21189,0.00035159173,0.99926335,0.00038509365
id22281,0.90372586,0.07198963,0.024284558
id16127,0.295975,0.07046144,0.6335636
id05867,0.717263,0.03180908,0.25092793
id01211,0.3992379,0.5936527,0.007109393
id10078,0.019909447,0.11218665,0.8679039
id17157,0.29481697,0.700685,0.0044980515
id23293,0.92995656,0.02687153,0.043171935
id03589,0.65742284,0.22506008,0.11751714
id03387,0.11103972,0.073920146,0.8150401
id21470,0.9786137,0.013762404,0.007623904
id22763,0.107505076,0.14716688,0.74532807
id02601,0.087419145,0.56725913,0.3453217
id09923,0.69299513,0.042674895,0.26432997
id05935,4.1246472e-05,0.9998783,8.05053e-05
id14296,0.013250901,0.009204666,0.9775444
id04605,0.9873496,0.004235282,0.008415076
id08167,0.00046024183,0.00084235484,0.99869746
id12659,0.96952903,0.027866622,0.0026043726
id21553,0.9167012,0.04216656,0.04113222
id13510,0.014050068,0.9760055,0.009944471
id04734,0.0038841313,0.015194116,0.98092175
id17689,0.0017979546,0.00019334727,0.99800867
id08148,0.82037395,0.1591223,0.020503765
id14908,0.22410716,0.7717862,0.0041066334
id17238,0.19486782,0.14137673,0.6637555
id27146,0.17115207,0.023905523,0.80494237
id16670,0.9432009,0.038124137,0.01867498
id12023,0.7964597,0.12620774,0.07733261
id18129,0.4466099,0.0020013407,0.55138874
id07365,0.0027107922,0.9756503,0.021638898
id03073,0.14912923,0.51152915,0.3393416
id14824,0.00079598447,0.99862206,0.00058198074
id26339,0.999375,0.00049355207,0.0001314893
id16562,0.03745598,0.91542894,0.047115073
id22182,0.0030322832,0.9895499,0.0074178553
id27892,0.81725425,0.04215595,0.14058982
id23713,0.99489695,0.00062840333,0.0044746883
id00214,0.97369283,0.01117199,0.015135109
id21698,0.0099475,0.0058605797,0.9841919
id17685,0.09441112,0.094877854,0.810711
id24848,0.49970758,0.06509738,0.43519506
id01544,0.6543556,0.03611257,0.3095319
id12344,0.023375792,0.96252793,0.014096296
id00513,0.73215336,0.0009225375,0.26692414
id19448,0.9761286,0.0007080198,0.02316341
id11942,0.79564315,0.060181,0.14417589
id16370,0.44771725,0.5479801,0.0043026754
id06508,0.05979858,0.022091378,0.9181101
id20829,0.005161483,0.98992544,0.0049130647
id27450,0.9989115,0.00055376097,0.00053476007
id07362,0.110900804,0.7949569,0.09414229
id15120,0.5903129,0.12601155,0.28367558
id10568,0.98645014,0.0075941393,0.0059556877
id09623,0.75474536,0.073218256,0.1720364
id06139,0.8264049,0.16537085,0.008224251
id24022,0.483477,0.07772943,0.43879366
id02108,0.9856371,0.0023622352,0.012000654
id14950,0.122262456,0.010617242,0.8671203
id01142,0.03490447,0.008435764,0.9566598
id15655,0.6841444,0.014568788,0.30128682
id13975,0.047845624,0.9481456,0.004008748
id00160,0.18437515,0.7559028,0.059722003
id08273,0.31617975,0.23840396,0.44541624
id13642,0.038034804,0.17651552,0.7854497
id25452,0.27316606,0.14484762,0.5819863
id24806,0.14728768,0.0683166,0.78439575
id20664,0.0103124995,0.02085224,0.9688353
id13359,0.16946487,0.82953656,0.0009985381
id24579,0.8870779,0.04349285,0.06942919
id23389,0.8562225,0.077217385,0.06656011
id06502,0.5799215,0.009911654,0.41016686
id03083,0.9970207,0.0012560128,0.0017233184
id01694,0.40991047,0.013097057,0.57699245
id21872,0.3218586,0.5732377,0.104903676
id01860,0.002301665,0.0008429296,0.9968554
id18127,0.69566804,0.115040876,0.18929109
id01490,0.053097263,0.00030379716,0.94659895
id00183,0.9864737,0.006284614,0.007241719
id15458,0.9523151,0.03826017,0.009424751
id04289,0.8392278,0.04973309,0.111039154
id02129,0.021918206,0.014890075,0.9631917
id10271,0.51738936,0.07654583,0.4060648
id02982,0.103683464,0.8772492,0.019067371
id15036,0.03871119,0.9599605,0.0013282844
id15854,0.99965954,8.783782e-05,0.00025263408
id10252,0.039257515,0.0032491882,0.9574933
id24359,0.006026698,0.003846243,0.9901271
id18620,0.12468788,0.87479085,0.0005212882
id25768,0.00064860267,0.0019046519,0.9974468
id16604,0.97602516,0.014576904,0.009397932
id24942,0.80611247,0.0067439335,0.18714364
id12989,8.8303765e-05,0.99990696,4.767537e-06
id13841,0.84556895,0.031546712,0.122884355
id15481,0.007270847,0.054337773,0.9383914
id10600,0.027418688,0.0055325823,0.9670487
id18528,0.1934412,0.07872746,0.7278313
id16465,0.001460948,0.997997,0.00054207625
id14204,0.6511565,0.33945632,0.009387219
id05924,0.9359143,0.045640394,0.01844536
id16756,0.00091933034,0.26893154,0.73014915
id01167,0.55878294,0.10332798,0.33788913
id27624,0.005098106,0.99434364,0.00055819814
id13724,0.2379206,0.008225283,0.75385416
id03677,0.97367907,0.0036694326,0.022651495
id26463,0.20256615,0.097112015,0.70032185
id15623,0.79001445,0.024203604,0.18578199
id26379,0.0057093063,0.0002573376,0.9940334
id25294,0.05256904,0.052470345,0.89496064
id04100,0.30440792,0.2963995,0.3991926
id23831,0.73898464,0.04905269,0.21196264
id17334,0.99744093,0.0020846473,0.00047433568
id19506,0.001753906,0.00012253688,0.9981236
id18629,0.67872995,0.31940258,0.0018674526
id09105,0.2284082,0.003383077,0.76820874
id27735,0.8201724,0.08398853,0.095839
id22840,0.74136764,0.0017264391,0.25690597
id01465,0.052161828,0.28473085,0.66310734
id27750,0.723278,0.015681146,0.26104087
id20421,0.0043679797,0.00013060385,0.99550146
id23826,0.9322736,0.054763533,0.01296283
id23219,0.17972237,0.8103017,0.009975947
id06442,0.00129782,7.9159865e-05,0.998623
id07847,0.9125448,0.07886383,0.008591426
id16995,0.6072619,0.07799554,0.31474254
id07626,0.14323516,0.77578455,0.08098029
id21920,0.018049868,0.97758114,0.0043690163
id22340,0.90693265,0.034476552,0.0585908
id22108,0.7720273,0.1457642,0.08220849
id25661,0.7996689,0.017314518,0.18301663
id16284,0.9245558,0.026795818,0.0486484
id19900,0.9699552,0.027165096,0.0028796915
id20864,0.87938255,0.01951054,0.10110697
id26099,0.85096025,0.102253675,0.04678606
id00333,0.40242898,0.13430913,0.46326193
id27278,0.006119662,0.9830425,0.010837873
id16758,0.8053385,0.17570661,0.018954951
id25660,0.15583573,0.5890409,0.25512335
id05146,0.876002,0.023142217,0.1008558
id24812,0.49206302,0.011439273,0.49649772
id12003,0.836176,0.007309749,0.15651429
id04569,0.7513822,0.19196215,0.056655724
id08269,0.34478998,0.37224415,0.28296587
id06080,0.96710426,0.024278728,0.008617075
id09782,0.8567784,0.10751212,0.03570953
id19722,0.042622373,0.9559664,0.0014112471
id02781,0.4197101,0.101553634,0.4787363
id13385,0.9958943,0.00051967625,0.003585951
id24676,0.03036946,0.0037912552,0.9658393
id07628,0.8911389,0.08376421,0.025096895
id19363,0.006468915,0.0004907493,0.9930403
id27392,0.99892884,0.0010090411,6.212305e-05
id26486,0.7644813,0.056856383,0.17866232
id02440,0.8632373,0.042688824,0.09407388
id26878,0.8238461,0.031561587,0.14459227
id23044,0.9966669,0.0012749538,0.0020581747
id24170,0.47368276,0.3932858,0.13303143
id22332,0.76321304,0.0028284432,0.23395856
id27933,0.5943762,0.03189625,0.37372756
id17535,0.1464839,0.0021394382,0.8513767
id19700,0.001356138,0.9931511,0.005492752
id19809,0.043104086,0.34116566,0.6157302
id04484,0.15005034,0.031927314,0.8180223
id00481,0.074012235,0.612672,0.31331584
id27510,0.96498567,0.011797121,0.023217252
id04635,0.42210275,0.34147525,0.23642203
id26027,0.97157305,0.022368027,0.006058943
id09300,0.053479645,0.9432567,0.0032636805
id06381,0.13486254,0.00266849,0.862469
id18038,0.0016670298,0.00015045106,0.99818254
id22011,0.087580025,0.6415909,0.27082908
id10608,0.0050532166,0.98745453,0.0074922172
id23054,0.91613036,0.006906605,0.076963045
id13904,0.010358488,0.9831798,0.006461725
id13855,0.061563943,0.004202446,0.9342336
id17630,0.7063952,0.26434124,0.029263545
id08595,0.616497,0.088874504,0.2946285
id09532,0.7549719,0.049721662,0.19530644
id13176,0.29852775,0.04337133,0.65810096
id27237,0.0021765656,0.002516154,0.99530727
id16704,0.014512857,0.005080393,0.98040676
id20994,0.046182595,0.004136249,0.94968116
id17501,0.009304219,0.9882684,0.0024274052
id16509,0.13760169,0.08451548,0.7778829
id15081,0.3226536,0.092516944,0.58482945
id24414,0.786741,0.012891955,0.200367
id09220,0.023525681,0.057507403,0.91896695
id26514,0.023764735,0.0006520485,0.97558326
id14703,0.99700266,0.0012020459,0.0017952936
id19838,0.0472461,0.021864554,0.93088937
id23297,0.23534718,0.11207238,0.65258044
id17113,0.8339377,0.16025886,0.0058033504
id11693,0.81348896,0.00608012,0.18043093
id00847,0.19320555,0.79977787,0.0070165894
id00233,0.42774057,0.0048999013,0.56735957
id02776,0.808251,0.14459035,0.047158644
id10396,0.24869362,0.25221005,0.49909636
id18222,0.6185662,0.37196466,0.009469132
id13476,0.17891137,0.08763599,0.7334527
id08007,0.07184238,0.025323234,0.90283436
id12984,0.01810313,0.00056592777,0.98133093
id04174,0.0021724245,0.9952865,0.0025410913
id23874,0.0089551825,0.0007309467,0.9903139
id00595,0.008462605,0.991504,3.3396325e-05
id18041,0.9554686,0.02620949,0.018321969
id17403,0.5461841,0.39061075,0.0632051
id11741,0.9647687,0.028457068,0.006774227
id16928,0.32313854,0.09515862,0.5817029
id21913,0.0036604519,0.002037912,0.9943017
id05939,0.008802792,0.019449532,0.9717477
id12429,0.010188181,0.96612597,0.02368587
id04447,0.7680777,0.09781006,0.13411225
id15928,0.5976991,0.11217138,0.2901295
id13126,0.20985562,0.030454446,0.7596899
id03989,0.9300606,0.021310009,0.04862937
id08950,0.20681848,0.78795224,0.005229282
id26494,0.10497026,0.1625962,0.73243356
id09289,0.014769264,0.011244922,0.97398585
id16295,0.0042103636,0.9948207,0.0009689185
id01616,0.0011075747,0.9987172,0.000175293
id25251,0.119912624,0.08196129,0.7981261
id10354,0.5793485,0.13925287,0.28139862
id08559,0.7600089,0.22910161,0.010889516
id20385,0.9678554,0.004329307,0.027815334
id01760,0.79633236,0.0033380545,0.20032962
id04242,0.041524064,0.00455672,0.95391923
id05652,0.0689974,0.9267659,0.004236691
id05269,0.14232025,0.8168901,0.04078958
id11218,0.035562735,0.17324613,0.79119116
id19158,0.031089906,0.96875966,0.0001504479
id00927,0.25234553,0.006231083,0.7414234
id25636,0.20101008,0.024803948,0.77418596
id20727,0.053132713,0.017670311,0.92919695
id01645,0.45411366,0.5028508,0.043035567
id19931,0.69384474,0.1497144,0.15644094
id12473,0.009754637,0.9853512,0.0048941765
id00618,0.94931394,0.019999169,0.03068692
id27329,0.0016667981,0.010358821,0.9879744
id11553,0.99235415,0.0008755419,0.00677034
id10357,0.024956174,0.015206619,0.95983726
id11392,0.21843292,0.029414494,0.7521526
id03634,0.2243279,0.61527103,0.16040103
id15781,0.5078805,0.4719322,0.02018726
id11706,0.0046957447,0.05647853,0.9388257
id04248,0.98523176,0.0119833695,0.0027848303
id26011,0.7170034,0.047258567,0.23573807
id17478,0.10986103,0.13702291,0.7531161
id16179,0.15789999,0.79234886,0.049751166
id11340,0.99006957,0.0018301228,0.0081003215
id05629,0.55445206,0.119771995,0.32577592
id00266,0.09221081,0.0019857832,0.90580344
id18514,0.40775532,0.012703914,0.5795408
id05167,0.039072696,0.03997017,0.92095715
id08943,0.21020699,0.5305125,0.25928053
id14580,0.07102151,0.5030444,0.42593408
id24496,0.95172846,0.04668795,0.0015836052
id04884,0.024035662,0.44337654,0.5325878
id08011,0.01656758,0.14180633,0.8416261
id17807,0.04020603,0.0012423173,0.9585517
id05694,0.992463,0.0067159454,0.00082105893
id02907,0.011302825,0.9823648,0.006332415
id23235,0.7176746,0.0061270217,0.27619836
id26764,0.6302186,0.34852442,0.02125695
id12226,0.018981425,0.11754248,0.8634761
id15157,0.94243276,0.0069408966,0.050626338
id27127,0.073682785,0.003759804,0.9225574
id27723,0.044755872,0.042789087,0.912455
id10742,0.015221793,0.9832447,0.0015335057
id22951,0.16758165,0.009369619,0.8230488
id09429,0.7399489,0.06702719,0.19302389
id26058,0.0020641324,0.9896882,0.008247724
id27415,0.21161287,0.35385522,0.4345319
id06938,0.6404382,0.0010953919,0.35846645
id18702,0.43381363,0.20126103,0.3649253
id05229,0.93917954,0.03205176,0.02876874
id05219,0.027758962,0.0070074457,0.9652336
id26375,0.120496616,0.8316557,0.047847778
id19622,0.9589348,0.014821807,0.026243346
id13333,0.05806059,0.31405696,0.6278824
id25849,0.01839028,0.97131103,0.010298672
id06780,0.36115345,0.53326666,0.10557991
id01128,0.11817168,0.0029095106,0.8789188
id22697,0.003038456,0.0015402095,0.99542135
id03725,0.06291974,0.038889784,0.8981905
id06570,0.9120366,0.004346009,0.08361737
id07834,0.0075534685,0.0012373123,0.99120927
id08930,0.8214464,0.011106868,0.16744675
id03276,0.0021783565,6.39012e-05,0.99775773
id07367,0.18407463,0.7966473,0.019278074
id12250,0.8911898,0.040607665,0.068202585
id00461,0.5531,0.040019326,0.40688068
id17583,0.98640835,0.010926759,0.0026648587
id07331,0.04561194,0.21815753,0.73623055
id09844,0.38122684,0.069309115,0.54946405
id12595,0.38707915,0.5384057,0.07451515
id12911,0.00037241503,0.9991939,0.00043370892
id13334,0.5286684,0.06177312,0.4095585
id03231,0.30910143,0.18952309,0.5013755
id16441,0.018143598,0.004512071,0.97734433
id11427,0.12073342,0.010073137,0.8691935
id16919,0.9898751,0.0036312225,0.0064936937
id04388,0.077539586,0.06484943,0.857611
id09608,0.011288797,0.0069849,0.98172635
id14912,0.4918937,0.0035600443,0.5045462
id24621,0.1534916,0.7808375,0.065670885
id14904,0.038439173,0.14771038,0.81385046
id09209,0.073506095,0.009549605,0.9169443
id10425,0.9994312,0.00030273054,0.0002660756
id04915,0.77880627,0.056800433,0.16439328
id01417,0.16989014,0.8134278,0.016682113
id12318,0.5387105,0.37031186,0.09097765
id01184,0.12574205,0.7974391,0.07681882
id05349,0.03126708,0.10014736,0.8685856
id14718,0.016015572,0.0016201445,0.9823643
id20392,0.15023609,0.48564565,0.3641183
id10071,0.043584462,0.19936799,0.7570476
id24369,0.9981112,0.0007807093,0.0011081328
id22137,0.9855989,0.011554532,0.0028465774
id14478,0.020053571,0.0059031122,0.9740433
id10018,0.07825854,0.0071411226,0.9146004
id13357,0.05416634,0.8771174,0.06871632
id06093,0.03794488,0.07466164,0.8873935
id26039,0.018428745,0.0032311773,0.9783401
id05974,0.18755884,0.7984131,0.014028083
id09745,0.10608725,0.8902211,0.0036916323
id01255,0.012839399,0.97878796,0.0083726505
id25995,0.0034166293,0.9564522,0.04013114
id01205,0.38874826,0.18332319,0.4279286
id09735,0.09816471,0.8940824,0.007752895
id19431,0.14591703,0.8328079,0.021275062
id10226,0.9938736,0.00289846,0.0032278935
id22446,0.92881525,0.006918534,0.064266235
id10207,0.01433277,0.10038979,0.88527745
id02564,0.9943075,0.0037108185,0.0019816952
id15113,0.25515154,0.61034673,0.13450177
id20230,0.9088166,0.008690856,0.08249259
id18155,0.9898744,0.008683681,0.0014419182
id23722,0.0038165222,0.0027953421,0.9933881
id20241,0.99745506,0.0006625358,0.0018823681
id10580,0.032432646,0.0044804914,0.96308684
id09405,0.08802386,0.011699992,0.9002762
id16297,0.007913265,0.9884449,0.003641814
id27247,0.4590078,0.095501825,0.44549036
id26321,0.995824,0.0014057872,0.0027702642
id18503,0.07542662,0.00068073336,0.9238927
id04178,0.027514927,0.95438594,0.018099157
id22695,0.016176458,0.12563416,0.8581894
id04368,0.95575947,0.001260508,0.042980075
id20585,0.4758894,0.52089125,0.0032193668
id21615,0.75177306,0.07903474,0.16919222
id10830,0.012811185,0.9856232,0.0015656643
id22143,0.98734015,0.007143342,0.005516549
id21600,0.9944631,0.004489669,0.0010472412
id23773,0.9658361,0.021181272,0.012982647
id08505,0.99904144,4.0432344e-05,0.00091814424
id27152,0.9894477,0.008360161,0.002192178
id09817,0.048400845,0.42021668,0.5313825
id02355,0.13192931,0.32672176,0.54134893
id23629,0.50700074,0.006525197,0.48647407
id22194,0.8284967,0.12562774,0.04587557
id05592,0.514056,0.034411475,0.4515325
id02916,0.009617423,0.033025797,0.95735675
id22284,0.9539164,0.00829771,0.03778595
id14574,0.12716262,0.13680972,0.73602766
id16820,0.25072736,0.004923967,0.74434865
id04513,0.9983535,0.00058831304,0.0010582638
id05853,0.56824934,0.27280816,0.15894249
id23528,0.06184267,0.9155619,0.022595366
id06684,0.9703821,0.0031407895,0.026477082
id19793,0.990303,0.008206894,0.0014901245
id05567,0.10909229,0.0049404865,0.88596725
id01637,0.001212255,0.99708873,0.001699002
id24264,0.13240267,0.30847508,0.55912226
id08558,0.03959045,0.36004806,0.60036147
id01977,0.01531091,0.1894452,0.7952439
id14665,0.07498402,0.92473096,0.00028506623
id24485,0.7733714,0.2022722,0.02435635
id00331,0.3072293,0.47165745,0.22111322
id06004,0.14045429,0.046785496,0.81276023
id08168,0.13007845,0.28114,0.5887816
id02054,0.9985277,0.00022934693,0.0012429314
id27733,0.10431058,0.19973442,0.69595504
id26596,0.0068885237,0.9159458,0.077165686
id05275,0.078077324,0.5879891,0.3339336
id23093,0.9447869,0.0064071487,0.048805963
id13304,0.020847002,0.60853666,0.37061632
id09513,0.97987866,0.0055025527,0.014618777
id14943,0.968273,0.017167157,0.014559889
id10936,0.9389031,0.052920964,0.0081758825
id18771,0.7213461,0.15678805,0.12186589
id09708,0.95061564,0.02365558,0.025728796
id17204,0.6154291,0.23245786,0.15211307
id27515,0.013876985,0.98595226,0.00017075674
id04438,0.11396603,0.0021990447,0.8838349
id14306,0.22263163,0.77473545,0.0026329248
id10235,0.13627398,0.004307587,0.85941845
id19034,0.80407196,0.15117386,0.04475409
id27850,0.6995191,0.0064454763,0.2940354
id23316,0.7430076,0.21514982,0.041842554
id21265,0.70617545,0.0728462,0.2209784
id13944,0.009339641,0.0007332764,0.98992705
id00416,0.0042039696,0.98961854,0.006177485
id04702,0.8606138,0.011094454,0.12829176
id07679,0.05100486,0.30983046,0.6391647
id17063,0.004093233,0.9922857,0.0036210695
id25840,0.15726508,0.45643058,0.3863043
id16767,0.25452918,0.71022457,0.03524623
id10275,0.12580274,0.035260312,0.838937
id19913,0.75245184,0.102327034,0.14522114
id16158,0.008809698,0.97555023,0.015640026
id19914,0.07082573,0.0032296996,0.92594457
id09409,0.7237102,0.027796153,0.2484937
id14026,0.99051803,0.0022899276,0.0071920627
id27022,0.14625198,0.8458878,0.007860223
id06324,0.009093833,0.9307775,0.06012869
id22614,0.20247336,0.19242252,0.6051041
id02338,0.8448966,0.022802422,0.132301
id02862,0.1369138,0.8258445,0.037241694
id14818,0.27238443,0.3946069,0.33300874
id00648,0.13291217,0.6484493,0.21863854
id21812,0.14806277,0.03313055,0.81880665
id04567,0.005017365,0.9919842,0.0029985108
id20462,0.045044415,0.0012009646,0.95375466
id21110,0.023964208,0.0010395433,0.97499627
id27524,0.8637952,0.12578946,0.010415304
id10739,0.003142969,0.123871215,0.87298584
id25519,0.17241411,0.5460623,0.28152362
id09509,0.087857544,0.0064099324,0.9057325
id24062,0.3815926,0.57981414,0.038593315
id17909,0.47189623,0.0023347782,0.525769
id09896,0.29381707,0.00096708775,0.7052158
id11587,0.0015429455,0.9984147,4.2383926e-05
id09957,0.15528895,0.4135963,0.43111476
id02070,0.002839517,0.0016781623,0.9954823
id25658,0.91587293,0.04759434,0.03653278
id19870,0.218075,0.1821329,0.59979206
id11774,0.17302117,0.001383373,0.82559544
id21315,0.83746505,0.1612358,0.0012992199
id15873,0.6472949,0.34575605,0.006949078
id19302,0.0002530277,0.99932647,0.00042051967
id07239,0.4471689,0.48621872,0.066612385
id10178,0.9781244,0.0036251293,0.018250443
id00074,0.97906244,0.005400495,0.015537082
id21736,0.008218363,0.98169106,0.010090618
id25383,0.38789523,0.32202685,0.29007795
id01649,0.8095185,0.11619739,0.07428407
id15990,0.09408639,0.01793748,0.8879761
id04940,0.9863691,0.0017460497,0.011884874
id09041,0.7191835,0.22248666,0.058329828
id12499,0.74844354,0.14240186,0.10915463
id27324,0.1997777,0.797065,0.0031572473
id20396,0.30508766,0.6794129,0.015499463
id20065,0.98853475,0.006993108,0.00447215
id09659,0.1624793,0.004931792,0.8325889
id04632,0.060361143,0.00078211754,0.9388567
id17313,0.9083289,0.0051257997,0.08654534
id04995,0.77743304,0.08306135,0.13950561
id26559,0.95350695,0.025428116,0.02106495
id06974,0.20460401,0.2751463,0.52024966
id22141,0.86017585,0.11758062,0.022243574
id11508,0.038350623,0.0030071605,0.9586422
id09766,0.27648565,0.6848136,0.03870079
id24382,0.23135588,0.28592902,0.48271513
id12016,0.95695084,0.021455158,0.02159401
id07298,0.99250597,0.0010200746,0.0064739543
id17985,0.00587125,0.994024,0.000104788385
id09057,0.013855492,0.00017573206,0.9859688
id23310,0.0022934712,0.0005583727,0.9971482
id13265,0.9531365,0.0074112425,0.03945226
id25920,0.94993275,0.011401432,0.038665824
id15012,0.55111015,0.0018037715,0.44708607
id12939,0.0027936532,0.98785853,0.009347836
id13329,0.9269079,0.010216611,0.062875494
id11410,0.0026864412,0.99727243,4.1106345e-05
id08203,0.23404248,0.6550167,0.11094082
id09399,0.03701799,0.9607635,0.002218504
id24807,0.08368034,0.0091150515,0.9072046
id24976,0.95047665,0.0076047154,0.04191866
id19630,0.0015388464,0.0013152612,0.9971459
id00231,0.00662041,0.9932515,0.0001281043
id06157,0.0989674,0.88227075,0.018761853
id26817,0.009105117,0.002173714,0.9887212
id21083,0.032231286,0.0006573591,0.96711135
id27634,0.7544681,0.1820238,0.063508034
id12397,0.005237791,0.026860427,0.96790177
id02643,0.02265699,0.00046869103,0.9768743
id13731,0.085758924,0.90192443,0.012316663
id17953,0.017038982,0.0065908153,0.97637016
id10342,0.13146397,0.004632087,0.86390394
id19652,0.520402,0.38884506,0.09075297
id03505,0.1389497,0.8476959,0.0133544095
id27602,0.17599173,0.6233308,0.20067744
id13311,0.71123934,0.042165805,0.24659483
id20008,0.027350226,0.96764565,0.005004133
id14404,0.013917631,0.011897616,0.97418475
id09413,0.017712422,0.04017505,0.94211257
id01897,0.021559281,0.9540941,0.024346607
id14873,0.95912653,0.034439456,0.006434016
id25588,0.9977671,0.0010424403,0.001190495
id15549,0.72801256,0.1886805,0.083306946
id20796,0.14618184,0.007089266,0.8467289
id11138,0.3688389,0.23310415,0.39805698
id18398,0.0029215438,0.014309281,0.9827692
id01871,0.97393656,0.014676187,0.011387221
id15968,0.9675344,0.007093804,0.025371797
id18197,0.009836582,0.0010269694,0.98913646
id20939,0.006277257,0.00012601704,0.99359673
id20570,0.0285427,0.037975993,0.9334813
id00432,0.9858796,0.0052948734,0.00882555
id19537,0.06591237,0.9323807,0.0017069804
id12930,0.5893356,0.40958115,0.00108327
id26222,0.009177928,0.97994393,0.0108781345
id10623,0.99258965,0.0062320116,0.0011783364
id15460,0.101726815,0.8878463,0.010426883
id22824,0.95002717,0.04599739,0.003975454
id02968,0.6384675,0.0028234448,0.35870904
id19017,0.9406662,0.039236,0.020097813
id26743,0.0095273545,0.98683065,0.003642066
id04161,0.7489364,0.21670395,0.034359656
id08976,0.000117290314,0.9998752,7.55156e-06
id13339,0.0029609974,0.9944254,0.0026135969
id25051,0.9831281,0.0031447,0.013727288
id22649,0.9315481,0.055323575,0.013128348
id00040,0.022736035,0.83281714,0.14444683
id08855,0.81142795,0.10591146,0.082660556
id24622,0.54812664,0.074524365,0.37734902
id02301,0.93658733,0.02943906,0.033973616
id07047,0.59967333,0.038750134,0.36157653
id04423,0.99842167,0.00089327816,0.00068498834
id02790,0.65258265,0.31002727,0.037390135
id08754,0.09984254,0.89938754,0.0007699683
id20297,0.018766921,0.0023998872,0.9788332
id04307,0.320419,0.5279944,0.15158656
id18927,0.60190517,0.026226806,0.37186804
id27393,0.09603039,0.28995606,0.61401355
id15260,0.13143863,0.8024084,0.066153005
id03679,0.95287156,0.008229757,0.03889873
id17381,0.9967334,0.0032265699,4.0038143e-05
id13196,0.975369,0.018949963,0.00568103
id21493,0.08776369,0.40270975,0.50952655
id11088,0.082502656,0.265374,0.6521234
id15801,0.48442712,0.010036881,0.505536
id04647,0.7721897,0.052430358,0.17537989
id16900,0.006760804,0.9931722,6.6987806e-05
id17174,0.95234025,0.021462413,0.026197286
id23801,0.039583612,0.9299861,0.030430233
id11952,0.77719635,0.041803803,0.1809999
id02738,0.6259864,0.34379444,0.03021918
id05365,0.942784,0.007127058,0.050088923
id19666,0.025619537,0.88838506,0.08599543
id26638,0.07329623,0.13395146,0.7927523
id03032,0.7747071,0.057313155,0.1679798
id23471,0.9879499,0.006611474,0.0054386444
id26135,0.016529422,0.98285246,0.00061812723
id18224,0.0073699253,0.9925338,9.624444e-05
id10782,0.9612355,0.005278616,0.033485904
id08932,0.058253787,0.014628074,0.9271182
id23126,0.0018878464,0.05833685,0.9397753
id22273,0.9255887,0.04344407,0.030967185
id17427,0.9322801,0.054257743,0.013462076
id21258,0.98641056,0.012443381,0.0011461067
id06604,0.9694829,0.0106778415,0.019839315
id02180,0.78730905,0.15631402,0.05637693
id20505,0.57995963,0.39281943,0.027220963
id27466,0.5990991,0.009799672,0.3911012
id14249,0.07571926,0.36321476,0.561066
id15891,0.47197568,0.095470935,0.4325534
id25366,0.19088966,0.007902891,0.8012075
id13554,0.15411422,0.028294181,0.81759167
id09470,0.03128098,0.018957824,0.9497612
id15993,0.23026583,0.32696322,0.44277093
id07273,0.055031333,0.53928655,0.40568212
id10805,0.29106724,0.0026026815,0.7063301
id07990,0.33966547,0.14715488,0.51317966
id08107,0.26747707,0.028097704,0.7044252
id07612,0.7195357,0.27565435,0.0048099943
id10593,0.6509156,0.050252687,0.29883173
id00906,0.03166462,0.9677028,0.00063260394
id22316,0.21144544,0.011211558,0.777343
id04826,0.7078642,0.2814464,0.010689368
id13173,0.014690949,0.00012921756,0.98517984
id20075,0.31007242,0.01786724,0.6720604
id16427,0.9642375,0.0049414244,0.030821087
id21948,0.00551342,0.0012699479,0.99321663
id05957,0.65276194,0.2959175,0.051320616
id22982,5.6560446e-05,0.9998391,0.00010429094
id01672,0.14294836,0.0974609,0.75959074
id19463,0.0033378,0.034014747,0.96264744
id17555,0.19071189,0.67775893,0.13152924
id21387,0.00017269312,0.9997973,3.0033987e-05
id00011,0.25086227,0.72981834,0.019319417
id18538,0.87480193,0.0010518898,0.124146186
id14915,0.0002714543,0.99949926,0.00022932589
id13773,0.5025291,0.003308533,0.4941624
id26440,0.94900423,0.023021212,0.027974507
id18862,0.41067576,0.058907807,0.5304165
id02510,0.23395614,0.02805033,0.73799354
id26288,0.043396816,0.048146147,0.90845704
id01877,0.23481332,0.16819318,0.5969935
id17532,0.4726598,0.07797429,0.4493659
id22973,0.4993194,0.4964244,0.0042562145
id10254,0.25223207,0.08837981,0.6593881
id20420,0.057045326,0.9364243,0.0065303906
id16052,0.9622454,0.013945638,0.023808988
id19578,0.9891699,0.0018733446,0.008956712
id06318,0.47632208,0.17482246,0.3488554
id18751,0.99066895,0.0068211094,0.0025099826
id06756,0.17671745,0.011923622,0.811359
id00364,0.7415586,0.23607008,0.022371331
id10714,0.2491053,0.7128144,0.03808032
id27432,0.70199347,0.037236344,0.26077017
id02395,0.0021465488,0.99751663,0.0003367996
id00502,0.14396344,0.08514429,0.7708923
id22856,0.24016851,0.0080342535,0.75179726
id16391,0.0027326362,0.99720556,6.183528e-05
id18170,0.023698853,0.7913103,0.18499087
id19642,0.90981925,0.03168002,0.058500722
id15742,0.99875903,0.0002028445,0.0010381247
id18984,0.0009549805,0.00013149115,0.9989135
id22155,0.013163508,0.04929115,0.93754536
id13113,0.13671835,0.017927157,0.8453545
id03817,0.17997266,0.32953262,0.4904947
id13090,0.14513883,0.8297226,0.025138587
id23521,0.0076954137,0.9916598,0.0006447157
id21376,0.120875925,0.012181485,0.86694264
id21795,0.1752812,0.79461354,0.030105248
id03548,0.025388788,0.004054804,0.97055644
id05018,0.93468916,0.0064903395,0.058820505
id00085,0.8273368,0.17057462,0.002088496
id12163,0.6971468,0.18341844,0.11943483
id15341,0.4872609,0.03892017,0.4738189
id12896,0.36587209,0.512456,0.121672
id24019,0.8791097,0.040668346,0.08022198
id24981,0.9915533,0.0040219408,0.0044247424
id12456,0.48432693,0.2041383,0.3115348
id24590,0.06147933,0.0026631646,0.9358575
id01276,0.0076494287,0.99198735,0.00036320454
id04235,0.273878,0.041668113,0.6844539
id21844,0.10651831,0.099598184,0.7938835
id16876,0.0004886812,0.99945086,6.0470087e-05
id10137,0.030143194,0.065842554,0.9040143
id26435,0.14596772,0.0066107805,0.8474215
id15912,0.029208502,0.009599997,0.96119153
id09361,0.003010204,0.00022454503,0.99676526
id00071,0.8659554,0.011961928,0.12208259
id21006,0.99466264,0.0041813506,0.0011560421
id20942,0.51304936,0.08566251,0.40128812
id00137,0.65825653,0.03687018,0.3048733
id10494,0.54420817,0.25804484,0.19774702
id02933,0.86352646,0.10277853,0.033695042
id22661,0.015060258,0.86091477,0.124025024
id01024,0.87036324,0.06358124,0.06605556
id02183,0.15596941,0.27057615,0.57345444
id22883,0.14894418,0.82839364,0.022662181
id14780,0.054273263,0.94279814,0.002928643
id00543,0.07679451,0.07028348,0.852922
id21237,0.203048,0.020592647,0.7763593
id09864,0.111915156,0.6825883,0.20549655
id26171,0.006661503,0.0015045782,0.9918339
id08115,0.8159658,0.0685054,0.11552882
id18417,0.011965736,0.96528584,0.02274843
id27910,0.100684434,0.013064188,0.8862514
id16918,0.4549495,0.08324492,0.4618056
id10236,0.0017642721,3.5457695e-05,0.9982003
id22481,0.016756145,0.9727864,0.010457447
id25843,0.16416825,0.8273151,0.008516673
id24660,0.9930356,0.0020830515,0.0048813126
id09637,0.079138435,0.9147242,0.0061374116
id19022,0.06956532,0.0416482,0.8887865
id16809,0.009732137,0.0014311477,0.9888367
id13162,0.03871167,0.00097410154,0.9603142
id05384,0.031169875,0.9541195,0.014710641
id15361,0.004852553,0.00067064766,0.99447685
id03967,0.02965267,0.96839887,0.001948482
id03839,0.013135804,0.9836696,0.0031946527
id19644,0.71177995,0.017761184,0.27045885
id14817,0.015716268,0.0022890347,0.9819947
id04190,0.044171453,0.3236009,0.63222766
id19018,0.0016489364,0.99780935,0.0005417082
id23557,0.28899023,0.7098927,0.001117091
id25241,0.0894618,0.0029011536,0.907637
id01223,0.021006247,0.02047427,0.9585195
id07529,0.039230898,0.95392364,0.0068454966
id13517,0.29975724,0.002211587,0.6980311
id11759,0.8624145,0.02031754,0.11726802
id13741,0.028857287,0.010760642,0.96038204
id03305,0.17735358,0.016183032,0.8064634
id16474,0.0065807584,0.9933594,5.9806447e-05
id04156,0.6723286,0.008722523,0.31894892
id23223,0.38671377,0.5533008,0.05998543
id25193,0.106812686,0.005715524,0.8874718
id02100,0.99447095,0.001672903,0.003856076
id20032,0.084489375,0.64864296,0.26686767
id22179,0.0036086638,0.0025529503,0.99383837
id15359,0.9964798,0.0008336375,0.0026865862
id02571,0.0065350113,0.99291915,0.0005458431
id21450,0.99238515,0.0034822442,0.0041326554
id17293,0.68795866,0.24651687,0.065524526
id13056,0.4350244,0.15351292,0.4114627
id16833,0.42218277,0.056419,0.52139825
id25681,0.015823515,0.98143977,0.0027366632
id21263,0.010459545,0.00042280156,0.9891177
id02323,0.018925685,0.9773837,0.003690685
id16481,0.4244168,0.06001779,0.5155654
id05781,0.9352308,0.03334409,0.03142511
id14416,0.87533796,0.09623709,0.02842487
id20650,0.016723309,0.9732262,0.0100505
id04357,0.39490637,0.3486827,0.256411
id16663,0.0131375445,0.024166241,0.96269625
id18312,0.9679471,0.011551999,0.020500934
id24780,0.00019390642,8.942577e-05,0.9997167
id17348,0.04004285,0.0014978718,0.95845926
id22993,0.77604896,0.00040672583,0.2235443
id04847,0.14257768,0.04938367,0.80803865
id27880,0.0025643546,0.99725705,0.000178599
id21160,0.27514964,0.22530943,0.49954093
id03354,0.44501373,0.5465827,0.008403571
id11002,0.016236043,0.00039688958,0.9833671
id02425,0.47848555,0.0010025762,0.52051187
id14067,0.7633007,0.071491696,0.16520758
id05886,0.033320684,0.0005935571,0.9660858
id09256,0.60272324,0.0112778535,0.3859989
id11511,0.07427761,0.004927871,0.92079455
id09029,0.04615564,0.8557918,0.09805258
id22563,0.95524573,0.0061434438,0.038610794
id27838,0.5993744,0.012351097,0.38827446
id23184,0.21885203,0.7722426,0.008905354
id15335,0.73867345,0.23594798,0.0253786
id08607,0.97066283,0.0053351386,0.02400199
id26516,0.4545982,0.54238117,0.0030206747
id12417,0.078217946,0.8430432,0.07873889
id21758,0.9979923,0.0016498804,0.00035789493
id00729,0.009272906,0.9899136,0.00081350945
id25504,0.2898625,0.69626343,0.013874034
id00360,0.013686831,0.013225082,0.9730881
id05913,0.25449353,0.668702,0.07680446
id00089,0.44606605,0.5417021,0.012231882
id03511,0.9978103,0.0014986527,0.00069107756
id00449,0.0047083497,0.0018445735,0.9934471
id14504,0.37514466,0.5396828,0.085172534
id19106,0.9760391,0.021139303,0.0028215528
id19236,0.01158664,0.987867,0.00054637017
id12743,0.9299939,0.0014964369,0.06850965
id04662,0.12527077,0.031259064,0.8434702
id15139,0.45886666,0.07004294,0.47109047
id07233,0.18155146,0.5411365,0.27731207
id19160,0.87500346,0.094030425,0.030966097
id06867,0.0065879812,0.9928865,0.0005255806
id04236,0.014374337,0.97427815,0.011347518
id07591,0.15983565,0.037467528,0.8026968
id25815,0.017192915,0.00046741738,0.9823397
id10925,0.97277844,0.00048784088,0.026733752
id27774,0.96210164,0.037214264,0.0006841112
id16090,0.20824876,0.7702886,0.02146271
id24875,0.025058135,0.016780661,0.9581612
id03456,0.45075965,0.3658563,0.18338408
id07559,0.074345335,0.92226106,0.0033935644
id10513,0.013901799,0.95960796,0.026490262
id07094,0.8627714,0.13124692,0.005981722
id04111,0.16832905,0.007773498,0.8238974
id23356,0.9823058,0.004153565,0.0135406125
id04435,0.01311858,0.0007553989,0.986126
id23706,0.008223115,0.0007918076,0.9909851
id04655,0.3284534,0.007974354,0.66357225
id07661,0.13372041,0.40131488,0.46496472
id27176,0.21069185,0.47520512,0.314103
id13560,0.027861236,0.28858337,0.68355536
id18020,0.4993762,0.060202267,0.44042155
id16701,0.24257252,0.023157889,0.7342696
id19252,0.9645118,0.004144778,0.031343453
id00910,0.31654966,0.6607552,0.022695137
id12102,0.9570918,0.001693214,0.04121504
id15820,0.9395165,0.007876072,0.052607477
id10698,0.6221021,0.26242533,0.11547263
id15530,0.47130877,0.07418125,0.45450994
id10740,0.9995235,0.00014963269,0.00032685744
id24917,0.18234293,0.014817634,0.8028394
id07985,0.24368408,0.36829534,0.3880206
id15897,0.6623572,0.10966596,0.22797684
id07960,0.12928163,0.10962254,0.7610958
id15529,0.77531093,0.16944012,0.05524896
id17855,0.68236923,0.1357405,0.18189031
id24727,0.9892188,0.008726187,0.0020550562
id14835,0.72350454,0.032864917,0.24363059
id25557,0.104133375,0.34737024,0.5484964
id18605,0.0766029,0.03324402,0.8901531
id27760,0.9966039,0.0005300538,0.0028660423
id10042,0.009562836,0.012985316,0.97745186
id12074,0.022756895,0.97523344,0.0020097136
id19511,0.86482877,0.09092771,0.044243496
id21924,0.4141347,0.58011067,0.005754551
id13095,0.2807525,0.1876679,0.53157955
id11873,0.0015838299,5.699678e-06,0.99841046
id23651,0.016741844,0.9805977,0.0026604082
id09931,0.112851515,0.06837417,0.81877434
id05155,0.2181212,0.13790622,0.6439726
id17668,0.9972299,0.0025553892,0.00021472746
id03470,0.9631486,0.00086225686,0.03598915
id02208,0.9301327,0.06938879,0.00047855935
id07650,0.001816168,0.99793655,0.00024731198
id24472,0.99383134,0.0021777034,0.003990962
id21211,0.0031468396,0.96226364,0.034589525
id11030,0.83397925,0.15698712,0.0090336045
id00943,0.087507844,0.8988544,0.013637804
id19156,0.08398912,0.08571908,0.83029187
id22886,0.026964972,0.00045276532,0.9725823
id00992,0.0076097534,0.9898155,0.0025747993
id27547,0.95210755,0.034904487,0.012987966
id24073,0.93363667,0.053896405,0.012466909
id05452,0.81979316,0.022648212,0.1575586
id22492,0.001192775,0.9846882,0.014119003
id11981,0.995027,0.004348823,0.00062419067
id15552,0.0012648524,0.9530719,0.04566326
id04471,0.0050363257,0.0002928171,0.99467087
id09231,0.33025622,0.2990533,0.3706905
id12493,0.73831093,0.030290704,0.23139833
id24967,0.81309724,0.099787466,0.08711527
id05865,0.3766703,0.17153397,0.4517957
id04811,0.88900495,0.08563475,0.025360262
id19877,0.5461797,0.0007586285,0.45306167
id04024,0.0065714545,0.9657516,0.027676938
id00395,0.2003923,0.008275882,0.7913318
id22728,0.0469939,0.7756827,0.1773234
id01268,0.86244863,0.13187301,0.0056783757
id08896,0.39060232,0.010545439,0.5988523
id09971,0.43758556,0.043909565,0.5185049
id26606,0.031347256,0.0006341229,0.9680186
id27970,0.29435125,0.17337431,0.5322744
id25259,0.99334747,0.0050942632,0.0015582909
id13834,0.62585276,0.06400271,0.3101445
id19513,0.26378345,0.05247768,0.6837388
id16082,0.19589786,0.8012221,0.0028800673
id22180,0.001775068,0.007292441,0.99093246
id20498,0.87786615,0.008539807,0.11359408
id27595,0.03735573,0.0011815185,0.9614628
id08267,0.46957642,0.29369995,0.23672368
id12823,0.9960044,0.00085893,0.003136701
id18842,0.0054817777,0.99208134,0.0024368707
id17534,0.67077297,0.2847694,0.044457663
id05777,0.95349675,0.0016535223,0.044849772
id21689,0.9431404,0.03651596,0.020343661
id18114,0.28526628,0.70332515,0.011408517
id17707,0.08898901,0.0005993307,0.9104116
id22956,0.011155337,0.9885499,0.00029470233
id27834,0.0007592831,0.0007243182,0.9985164
id11377,0.019703591,0.9713162,0.008980234
id08333,0.7357598,0.2628975,0.0013427386
id07445,0.10621512,0.8157936,0.07799129
id22703,0.86003494,0.0096646305,0.13030034
id09468,0.09709769,0.68060416,0.22229816
id19397,0.011543429,0.0016308336,0.98682576
id07977,0.99010277,0.009518102,0.00037913414
id14555,0.014983549,0.0030546358,0.9819618
id02489,0.005362981,0.0013938526,0.99324316
id10445,0.836674,0.14852811,0.014797955
id02058,0.15278247,0.091979414,0.7552381
id23101,0.8432776,0.13586128,0.020861134
id18072,0.0048372005,0.47168732,0.5234755
id21085,0.040677745,0.00038886128,0.9589334
id16584,0.08691994,0.00083072216,0.9122493
id23136,0.0038799536,0.013752849,0.9823672
id17745,0.0032409984,0.07798338,0.9187756
id27391,0.98225886,0.0010374646,0.016703688
id17240,0.018030263,0.97866577,0.003303934
id11708,0.5632357,0.37301466,0.063749686
id08712,0.0037537909,0.9947349,0.0015113386
id23809,0.03719873,0.07137389,0.8914274
id07274,0.9926965,0.0043515307,0.002951962
id15625,0.0923458,0.525312,0.3823422
id22815,0.38708198,0.3962464,0.21667156
id23200,0.7124655,0.2591676,0.028366866
id04369,0.06479045,0.57222295,0.36298665
id04659,0.61000735,0.014219245,0.37577343
id05051,0.09332232,0.4544849,0.45219275
id07815,0.07691982,0.4092677,0.51381254
id27535,0.8348132,0.15763243,0.007554426
id11916,0.00981709,0.007954183,0.98222876
id07097,0.27335918,0.2244778,0.50216305
id24599,0.99093574,0.007857246,0.0012069857
id03434,0.012157872,0.0006735982,0.98716855
id01685,0.20100239,0.76349854,0.03549907
id23165,0.94231635,0.026300577,0.031383086
id08601,0.38308066,0.61563313,0.0012861915
id19593,0.99338067,0.004657613,0.0019617446
id04582,0.0606897,0.0010208554,0.93828946
id25659,0.7527751,0.21382058,0.033404365
id08590,0.018544303,0.0030412623,0.9784144
id21959,0.3628139,0.5956887,0.041497387
id21373,0.9792545,0.020054905,0.0006906253
id12581,0.0067397603,0.0018404791,0.9914198
id05240,0.29069254,0.5631247,0.1461828
id25188,0.03324561,0.0051826467,0.9615717
id15719,0.019200718,0.79552174,0.1852775
id17546,0.5806353,0.10225444,0.3171102
id18546,0.70861727,0.22378504,0.067597665
id16043,0.013615441,0.42848614,0.5578984
id05236,0.9834674,0.015784271,0.00074838905
id01665,0.9908847,0.007177701,0.0019375248
id12811,0.9772468,0.008106228,0.014646957
id11468,0.018215626,0.017993402,0.96379095
id20311,0.87113875,0.034909893,0.09395134
id04045,0.025748117,0.0014673983,0.9727845
id02671,0.07167462,0.38473567,0.5435897
id19889,0.09530436,0.52824384,0.3764518
id10371,0.008423978,0.76289606,0.22867997
id13583,0.15668751,0.2542708,0.5890417
id11070,0.9561234,0.03462684,0.009249773
id13087,0.026756626,0.9637416,0.009501775
id21670,0.02436907,0.008246382,0.9673845
id16432,0.059507623,0.93921995,0.0012724713
id13899,0.83002335,0.14416002,0.025816614
id02925,0.1393387,0.43715635,0.42350498
id27528,0.21784644,0.72315407,0.0589995
id15950,0.83381075,0.0140723875,0.15211686
id07604,0.8592712,0.002323616,0.13840514
id12682,0.9323054,0.0008064972,0.06688815
id16688,0.08300211,0.7191117,0.19788624
id24150,0.00059817196,0.9991854,0.00021646818
id04599,0.11908561,0.0129636135,0.8679508
id05609,0.14127082,0.8555118,0.0032174115
id27242,0.0038451818,0.000587558,0.99556726
id03464,0.48704964,0.08548325,0.42746714
id20129,0.001666216,1.0412613e-05,0.9983234
id07890,0.006593616,0.9782948,0.015111561
id24082,0.8558985,0.006276834,0.1378247
id18550,0.006640613,4.3520657e-05,0.9933159
id13345,0.41634566,0.12734689,0.4563075
id21162,0.23266865,0.74493456,0.022396777
id05896,0.047783304,0.10237861,0.8498381
id00549,0.03849669,0.036172032,0.9253313
id19986,0.047962494,0.004792438,0.94724506
id12287,0.24531959,0.018590555,0.7360898
id21149,0.14747286,0.00025706989,0.85227007
id15937,0.52545583,0.23454808,0.23999608
id18043,0.72639793,0.030858766,0.24274328
id19288,0.9119225,0.032875266,0.055202235
id16304,0.01034154,0.0076777767,0.9819807
id03605,0.5366358,0.071652114,0.39171213
id00126,0.19171268,0.27438155,0.5339058
id11734,0.7482806,0.07720461,0.17451485
id20670,0.00028182464,0.99366605,0.006052108
id02266,0.025579903,0.0010027583,0.97341734
id06651,0.008985761,0.9883456,0.002668631
id12969,0.95410657,0.007411077,0.038482353
id15664,0.41736597,0.23537587,0.34725815
id09699,0.41422218,0.4633853,0.12239251
id07426,0.15434518,0.03608945,0.80956537
id12040,0.0322132,0.96768034,0.00010649692
id22961,0.90932554,0.06317545,0.027498992
id23971,0.012974155,0.98680425,0.00022161714
id21433,0.63581634,0.13342772,0.23075595
id12028,0.010755919,0.9870398,0.0022043101
id15673,0.10160317,0.87264955,0.025747297
id18681,0.1848236,0.12825383,0.6869226
id21339,0.88877374,0.07781341,0.0334129
id23755,0.7812914,0.038732335,0.17997627
id10369,0.0076433267,0.027118474,0.9652382
id03917,0.8507729,0.032364145,0.116863
id17078,0.0025859643,0.7313489,0.26606515
id10873,0.8330086,0.07742407,0.08956736
id21158,0.78943336,0.009924377,0.2006423
id16491,0.9665709,0.013185552,0.020243537
id23930,0.00061932136,0.9971282,0.0022525052
id16048,0.5772147,0.40787837,0.014906888
id10070,0.95647424,0.021117661,0.022408051
id24962,0.43597716,0.0062721493,0.5577507
id27787,0.67367643,0.018279167,0.30804443
id16840,0.21717979,0.41280323,0.37001702
id01994,0.9843328,0.0049969093,0.010670279
id10756,0.029350426,0.0020375124,0.968612
id16697,0.034908008,0.027128376,0.9379636
id19603,0.038908355,0.95837057,0.0027210808
id03903,0.9934384,0.0038726756,0.0026888684
id20992,0.08439888,0.0028658162,0.91273534
id15687,0.027600797,0.9686845,0.0037146483
id19769,0.11063547,0.56909853,0.32026604
id06048,0.6824119,0.29639146,0.02119661
id25098,0.008669867,0.9910648,0.00026541646
id16091,0.78924435,0.10207046,0.1086852
id27192,0.8209658,0.06870968,0.11032456
id05897,0.25218743,0.061100166,0.6867124
id00828,0.8695206,0.11231374,0.018165674
id20605,0.9743434,0.007318204,0.018338405
id05872,0.08077915,0.85868084,0.06054001
id00761,0.99896944,0.00048020083,0.00055038603
id19573,0.3195011,0.033365313,0.6471336
id03081,0.26349887,0.052154735,0.68434644
id04887,0.05342125,0.0315744,0.9150044
id17700,0.0006767529,0.0105135245,0.98880976
id03250,0.31732574,0.6217964,0.060877807
id21027,0.0039979676,0.99513346,0.00086861046
id19567,0.07095738,0.9258329,0.003209686
id05661,0.18282261,0.122341104,0.69483626
id27405,0.8294855,0.16910876,0.0014058129
id01546,0.0106278835,0.9818347,0.0075374264
id02288,0.0025171696,0.99665713,0.00082575
id11057,0.14052993,0.018683234,0.8407869
id09191,0.0037391256,0.99478406,0.0014767951
id19074,0.0017370785,0.0008372251,0.9974257
id25012,0.9966433,0.0020313836,0.0013252551
id24857,0.02744655,0.9441891,0.028364401
id07557,0.04569827,0.69338673,0.26091504
id23072,0.99885714,0.00041025257,0.00073264923
id20317,0.10187359,0.8927269,0.005399551
id16642,0.8351701,0.009113674,0.15571626
id04211,0.085136294,0.12972859,0.78513515
id22871,0.023299173,0.97277874,0.003922121
id16178,0.00032490346,0.00039012718,0.9992849
id25172,0.01736124,0.010354238,0.9722845
id15654,0.953618,0.010460218,0.035921812
id26067,0.9689525,0.0026542714,0.02839325
id11955,0.057976272,0.05147169,0.89055204
id24939,0.13800111,0.014849498,0.8471494
id07378,0.990765,0.004359611,0.0048754113
id22455,0.39491278,0.43756306,0.16752419
id12850,0.021754537,0.045124266,0.9331212
id12403,0.996572,0.00027566793,0.003152338
id11593,0.031758547,0.6580485,0.310193
id27776,0.9189789,0.050666206,0.030354837
id14497,0.01161086,0.0013761478,0.98701304
id24628,0.09587816,0.1694793,0.73464257
id11283,0.037136756,0.023821551,0.93904173
id00459,0.6415589,0.35264987,0.0057912823
id11310,0.0069956467,0.9927423,0.0002620698
id05177,0.025574658,0.96258205,0.011843315
id22598,0.017962202,0.98145723,0.0005804929
id05214,0.615955,0.024699641,0.35934538
id22797,0.9064694,0.026654027,0.0668766
id15832,0.05576851,0.005611218,0.93862027
id00479,0.09868035,0.89782184,0.0034977272
id05840,0.067396715,0.8965571,0.036046192
id27489,0.00020085527,1.0764031e-05,0.9997884
id03281,0.001500518,0.99791795,0.0005815102
id27046,0.8827282,0.10455204,0.012719737
id09213,0.0018323074,0.0061554215,0.9920123
id18775,0.8401345,0.08135995,0.078505464
id09731,0.89880365,0.08811065,0.013085705
id25031,0.674732,0.14343305,0.18183492
id11945,0.047246277,0.2703815,0.6823722
id20286,0.95438814,0.043652453,0.001959384
id27960,0.022271879,0.02623578,0.95149237
id13206,0.052655227,0.0024319172,0.94491285
id09964,0.10438415,0.14026225,0.75535357
id16811,0.18568952,0.7875325,0.02677801
id08948,0.73045164,0.25010607,0.019442305
id17636,0.0005266088,0.00014728207,0.9993261
id14046,0.026920829,0.006063388,0.9670158
id22873,0.9398237,0.010326197,0.04985013
id09962,0.01096962,0.0068334173,0.982197
id26474,0.9748878,0.0019265894,0.023185588
id11898,0.017331712,0.9719721,0.010696139
id25477,0.9257723,0.002897209,0.07133046
id25457,0.8861393,0.0065465583,0.10731423
id26675,0.1818906,0.0024158717,0.81569356
id04422,0.034320366,0.07210829,0.8935714
id04237,0.11303368,0.7592157,0.1277506
id07049,0.16668265,0.8080109,0.025306456
id18211,0.48737177,0.39010808,0.122520134
id16033,0.38902122,0.27516294,0.33581585
id16680,0.9652146,0.007794125,0.02699123
id08977,0.07862946,0.697388,0.22398256
id18494,0.0007485173,0.9992231,2.8357983e-05
id07714,0.07725549,0.09194161,0.8308029
id01243,0.9560332,0.0036057662,0.040361017
id18562,0.003642991,0.99585474,0.00050230714
id03147,0.0067755217,0.0008398249,0.9923847
id24138,0.16041313,0.12410871,0.7154782
id21062,0.4315429,0.56365126,0.0048058094
id25053,0.013739055,0.03583869,0.9504222
id14390,0.29354504,0.029450443,0.6770045
id10122,0.31915107,0.00558662,0.6752623
id13160,0.51310444,0.1767851,0.3101105
id00780,0.057512853,0.9385912,0.003895975
id20996,0.8569618,0.005500998,0.13753724
id16008,0.8188114,0.13884987,0.042338733
id10522,0.05422379,0.8818315,0.0639447
id18498,0.07873593,0.0006341369,0.92063
id09341,0.025724547,0.9693272,0.004948285
id22456,0.78766835,0.0722773,0.14005439
id07592,0.012127846,0.98245025,0.0054219738
id25634,0.97145927,0.013251726,0.015288957
id15011,0.57457876,0.25400323,0.17141803
id14245,0.97062254,0.014725199,0.014652272
id21107,0.42418268,0.010546255,0.565271
id01881,0.7102697,0.2639258,0.025804479
id12772,0.1799825,0.3912208,0.42879674
id17589,0.9780667,0.019926654,0.0020067007
id24421,0.005373795,0.038027234,0.956599
id22088,0.13762352,0.027259463,0.83511704
id21687,0.044551406,0.05457886,0.9008697
id17810,0.0010991646,0.00012281114,0.99877805
id25153,0.0013409399,0.98905367,0.009605467
id18083,0.8785897,0.10938726,0.0120230485
id00655,0.152196,0.012881074,0.8349229
id13195,0.22132635,0.005457711,0.77321595
id23708,0.002986848,0.9759937,0.021019429
id17977,0.3104262,0.0012822717,0.68829155
id10501,0.010361176,0.983198,0.0064408495
id08697,0.08009366,0.83660287,0.08330344
id09269,0.0017689872,0.99747866,0.00075233664
id21153,0.983024,0.002866089,0.014109895
id06257,0.9810652,0.0065933536,0.012341442
id08366,0.60241586,0.2376513,0.15993287
id00263,0.65730184,0.33126584,0.011432356
id14445,0.71494365,0.044361345,0.24069504
id18864,0.01626162,0.046063077,0.9376753
id18427,0.4634454,0.12559628,0.41095832
id24348,0.26256144,0.0008537125,0.7365849
id17329,0.99891865,0.000695964,0.00038544735
id07519,0.1365442,0.81533444,0.0481214
id17995,0.004776012,0.01421522,0.98100877
id25329,0.9679352,0.029267032,0.0027977738
id14513,0.4897718,0.50676364,0.003464554
id10203,0.5592662,0.26232332,0.1784105
id25887,0.575043,0.010787165,0.41416982
id08186,0.14381222,0.033450004,0.82273775
id20535,0.046313126,0.9522335,0.0014534171
id06411,0.010477477,0.0046315663,0.984891
id11984,0.69484144,0.036250625,0.26890796
id16389,0.054613456,0.0240155,0.92137104
id23333,0.9971933,0.0004088402,0.0023979011
id19447,0.21545711,0.14871207,0.6358309
id01461,0.7879246,0.16458644,0.047489017
id25601,0.10650374,0.89194244,0.0015538736
id04803,0.13010904,0.850001,0.019889968
id19029,0.052286312,0.93763,0.01008363
id11507,0.068079256,0.6164489,0.3154719
id13246,0.0930717,0.07605501,0.8308733
id26927,0.7126768,0.029565772,0.25775746
id12423,0.99819314,0.00055672665,0.0012501623
id09601,0.008510606,0.9766125,0.014876898
id23100,0.113102265,0.80383223,0.08306554
id21939,0.9959001,0.00087974954,0.0032201775
id16139,0.0071533704,0.012672169,0.9801745
id27334,0.9624557,0.03612592,0.0014184184
id22326,0.04284213,0.0032114412,0.9539464
id18527,0.0015925016,0.012436912,0.98597056
id05072,0.012702272,0.0009048482,0.9863929
id21820,0.004473216,0.9949102,0.00061666564
id13960,0.8468434,0.14573129,0.007425356
id03958,0.7571628,0.023033502,0.2198037
id10849,0.68992954,0.24476895,0.06530155
id06252,0.99134105,0.0023846428,0.0062742694
id26045,0.99572265,0.00024310053,0.004034246
id04849,0.0006124923,0.99912566,0.0002618609
id05215,0.22995654,0.74185306,0.028190399
id22830,0.45449552,0.49384096,0.051663525
id21325,0.020115845,0.9400334,0.039850805
id09287,0.18933293,0.00075944624,0.8099077
id24354,0.10262817,0.8821763,0.015195525
id06784,0.0073590013,0.9876381,0.0050027966
id03848,0.3955863,0.3129908,0.29142287
id01410,0.27457958,0.36023298,0.36518738
id00874,0.47414926,0.0032170746,0.5226337
id00784,0.0028241342,0.00019580273,0.9969801
id19909,0.046922814,0.93182915,0.021248063
id18906,0.16803345,0.8131458,0.018820746
id18748,0.00020398469,0.0003284671,0.99946755
id04654,0.93135923,0.023734182,0.04490665
id07608,0.60225356,0.033402484,0.3643439
id10845,0.025162391,0.8282888,0.14654882
id10718,0.0003954757,6.2779436e-05,0.99954176
id19100,0.046151,0.9534985,0.00035050896
id10416,0.80495334,0.011638492,0.18340822
id02535,0.2581585,0.71389246,0.02794906
id23920,0.61126286,0.021109035,0.36762807
id16226,0.81843525,0.101128146,0.08043656
id09196,0.016344666,0.9834561,0.00019927761
id03368,0.10866244,0.2119748,0.6793628
id27373,0.21030308,0.07125511,0.7184418
id11497,0.306435,0.6716994,0.021865591
id07640,0.31934258,0.36163712,0.31902033
id22416,0.043794688,0.95598394,0.00022136813
id20303,0.012555713,0.98722976,0.000214524
id13811,0.018420523,0.010262392,0.9713171
id04365,0.023754904,0.8687928,0.1074523
id00199,0.015069047,0.038292784,0.9466381
id24884,0.9995961,6.130253e-05,0.00034263323
id06763,0.0036839144,0.8255363,0.17077976
id18275,0.5325317,0.021045424,0.44642293
id20971,0.68753654,0.28895906,0.023504363
id01581,0.005754697,0.010635881,0.98360944
id24805,0.015139273,0.007896195,0.97696453
id07950,0.01181629,0.8990981,0.08908566
id26346,0.005864412,0.004892016,0.98924357
id24046,0.93963885,0.018756956,0.041604217
id05548,0.013667293,0.9861839,0.00014884301
id17433,0.9561336,0.026638683,0.01722773
id18712,0.81386405,0.051195107,0.13494085
id21128,0.41124892,0.0018495751,0.5869015
id02906,0.37094367,0.25749815,0.37155822
id22201,0.003866677,0.9958103,0.00032300793
id08614,0.3167797,0.3586239,0.3245964
id22484,0.012317427,0.9846578,0.0030247977
id16291,0.066378936,0.92685556,0.0067655235
id26869,0.2611411,0.71195084,0.02690804
id18062,0.00072981196,0.99730694,0.0019632725
id27078,0.99840707,0.0008238853,0.00076903385
id02756,0.007103287,0.68032676,0.31257
id03454,0.0034926357,0.015372888,0.98113453
id02195,0.007258154,0.0062672095,0.98647463
id27418,0.031377573,0.9533252,0.015297261
id02733,0.9875782,0.004472943,0.007948835
id15677,0.995246,0.0010258483,0.0037280957
id08204,0.98763114,0.009105098,0.0032638202
id11529,0.74699754,0.2506374,0.0023650755
id14000,0.03971914,0.00683518,0.95344573
id11866,0.99843216,0.0013667287,0.00020111183
id14084,0.0076423855,0.9888709,0.0034867176
id17826,0.2219611,0.28518876,0.49285018
id07289,0.067990005,0.06826304,0.863747
id05102,0.6336916,0.03626171,0.33004665
id14779,0.69708955,0.063281216,0.23962922
id19144,0.030351343,0.96478313,0.0048655136
id12372,0.037469387,0.9571594,0.005371169
id05673,0.0004090315,0.99955213,3.8865826e-05
id07343,0.032705326,0.0013938767,0.9659008
id10390,0.018694285,0.8751789,0.10612688
id27323,0.10482281,0.111930445,0.78324676
id26483,0.20950615,0.029109288,0.7613846
id07690,0.51961756,0.4556326,0.024749868
id22766,0.52161026,0.0058301166,0.47255963
id10289,0.97413856,0.0034601071,0.022401338
id22243,0.16721585,0.78057796,0.05220619
id24509,0.2652573,0.7306202,0.004122575
id02407,0.0041083503,0.9899288,0.0059629017
id08746,0.56531864,0.03443438,0.40024695
id12854,0.29460165,0.69984615,0.0055522164
id25598,0.24874929,0.0030803937,0.7481703
id16973,0.53929985,0.11196304,0.3487371
id20066,0.0891381,0.2385464,0.67231554
id25966,0.08625464,0.90183175,0.011913559
id21599,0.06069617,0.010227696,0.92907614
id17112,0.9966115,0.0018429051,0.0015456126
id01775,7.9997444e-05,0.9997632,0.00015685655
id08484,0.15998897,0.11289712,0.7271139
id12094,0.008431213,0.99140865,0.00016013827
id25422,0.13820499,0.0051527466,0.8566423
id25063,0.019293876,0.96742284,0.013283314
id25508,0.018189581,0.0027685245,0.9790419
id01575,0.3201628,0.0065055974,0.67333156
id24368,0.036239747,0.8734658,0.09029453
id16823,0.066848196,0.9281658,0.0049860175
id22747,0.03826042,0.95640063,0.005338972
id19321,0.10783513,0.12572226,0.7664426
id08220,0.00023790757,0.99944663,0.0003154614
id12296,0.5234959,0.023278594,0.45322552
id11186,0.9862046,0.0076492243,0.006146078
id10551,0.0023467438,0.99634933,0.0013039429
id20839,0.78966093,0.09264096,0.117698126
id06118,0.9537286,0.0074214567,0.03884996
id06330,0.007768227,0.9508414,0.04139038
id02669,0.7426076,0.15435043,0.103042014
id14811,0.9490705,0.047367755,0.0035617375
id04728,0.9527911,0.0030251276,0.04418384
id16646,0.06347809,0.00026112268,0.9362608
id13018,0.0015190793,0.9975714,0.00090954854
id15248,0.97097427,0.024687843,0.004337933
id23476,0.035038397,0.90260184,0.06235974
id09208,0.0117881615,0.9867171,0.0014946614
id19351,0.94232637,0.051805586,0.0058680917
id02009,0.50142795,0.43456998,0.06400206
id00785,0.9099636,0.0034206621,0.08661576
id07975,0.617715,0.33189738,0.050387662
id17892,0.000973561,0.2582202,0.7408063
id03299,0.30382177,0.3657468,0.33043146
id15351,0.012109422,0.98081267,0.007077948
id11066,0.41377643,0.5518926,0.03433098
id20485,0.30866742,0.6825924,0.008740186
id13866,0.98805404,0.000600169,0.011345826
id17335,0.004571705,0.9933502,0.0020781497
id15220,0.1095539,0.8730356,0.0174105
id24047,0.51841563,0.31960574,0.16197868
id15180,0.089257285,0.782665,0.1280777
id16921,0.008503146,0.0016208856,0.989876
id17207,0.07436079,8.129435e-05,0.9255579
id15068,0.17327073,0.026073035,0.80065626
id22013,0.61569434,0.061388817,0.3229169
id11929,0.8452875,0.0043567745,0.15035564
id12540,0.002370791,0.9968172,0.0008120385
id12582,0.9412149,0.026312875,0.03247219
id05261,0.19238997,0.74700236,0.060607705
id08471,0.9944021,0.0050380845,0.000559844
id15209,0.36363316,0.47311985,0.16324697
id01148,0.97958803,0.009295761,0.011116156
id26519,0.5255742,0.089791484,0.3846343
id16510,0.80346704,0.053165592,0.14336738
id03888,0.008697375,0.9900214,0.0012811797
id27926,0.8342396,0.00031284164,0.16544753
id05359,0.59051305,0.0017269625,0.40776
id04274,0.99590474,0.0036949576,0.00040029283
id21013,0.24512114,0.06768394,0.6871949
id11443,0.44531047,0.18287891,0.37181062
id09956,0.7503791,0.19164795,0.057972994
id03138,0.29923904,0.6781827,0.022578273
id08516,0.98685455,0.0018807112,0.0112647405
id08608,0.0020537856,6.285359e-05,0.9978834
id04629,0.0038171657,0.009980618,0.98620224
id19808,0.96354485,0.030810248,0.005644939
id16578,0.10062642,0.04639606,0.8529775
id04607,0.001326925,0.9978568,0.0008162702
id22816,0.0026552342,0.996768,0.0005767863
id27913,0.967897,0.009915254,0.022187766
id00346,0.07438887,0.008375802,0.9172354
id02198,0.002827326,0.9967514,0.00042123778
id27303,0.9209997,0.07032897,0.008671337
id07033,0.27261356,0.0031156114,0.7242709
id03546,0.071320154,0.1599205,0.7687593
id14709,0.99574006,0.0030941882,0.0011657783
id25348,0.9749468,0.016773479,0.008279763
id19596,0.097467974,0.008115867,0.8944162
id12265,0.15372653,0.0018141444,0.8444593
id01054,0.9566815,0.00954062,0.033777885
id03002,0.00486946,0.0034251914,0.99170536
id25624,0.99152046,0.007342361,0.0011372218
id16202,0.97909343,0.0020340697,0.018872447
id08187,0.110073745,0.87125814,0.01866814
id24373,0.6834703,0.19101839,0.12551136
id06415,0.008813988,0.93846667,0.05271936
id09078,0.32874995,0.6683996,0.0028504825
id25989,0.7046846,0.111820504,0.18349491
id05431,0.1597593,0.4429949,0.39724582
id16557,0.3046741,0.60931677,0.08600919
id22749,0.9901444,0.005211895,0.0046437187
id00697,0.06878504,0.032030225,0.89918476
id22969,0.24552552,0.050657548,0.70381695
id07440,0.017292347,0.0029032761,0.9798044
id19872,0.19946997,0.028793538,0.7717365
id06054,0.63055974,0.36591056,0.003529738
id27862,0.54037267,0.015285241,0.44434208
id27186,0.7547335,0.15248075,0.092785746
id01617,0.032271337,0.012018131,0.9557105
id11922,0.003427917,0.9786652,0.017906912
id15003,0.053195152,0.89170027,0.055104572
id09458,0.010495634,0.014060437,0.9754439
id03568,0.99928,0.00043347396,0.00028659365
id27132,0.8840835,0.07541086,0.040505648
id24204,0.5182132,0.36840937,0.113377474
id24736,0.76055115,0.040293094,0.19915576
id06990,0.009714718,0.97968984,0.010595427
id24155,0.040003754,0.93232113,0.027675074
id22129,0.00068002933,0.00015462376,0.9991653
id00191,0.2946825,0.025852568,0.67946494
id05185,0.2913119,0.06921724,0.6394709
id13399,0.6878328,0.03570893,0.27645832
id20862,0.92134947,0.020742862,0.05790772
id06180,0.9620075,0.02800548,0.009987019
id27225,0.9365711,0.05579479,0.0076341107
id09447,0.10675801,0.86054856,0.03269344
id18125,0.99852306,0.00066557754,0.00081136037
id04010,0.013880223,0.031247605,0.9548722
id17932,0.99271214,0.002968726,0.0043190857
id17948,0.9946621,4.303267e-05,0.0052949116
id18545,0.018628836,0.068726376,0.9126448
id03389,0.4377728,0.5590443,0.0031828939
id02487,0.12791768,0.35095876,0.5211235
id04924,0.7326943,0.24878277,0.018522928
id23553,0.45313835,0.23023532,0.31662628
id16831,0.7617278,0.010900373,0.2273718
id01296,0.9997377,0.00022195425,4.039767e-05
id12033,0.02200885,0.7965021,0.18148908
id06913,0.0055198693,0.9755539,0.018926244
id15715,0.04336952,0.9555626,0.0010678594
id23432,0.046420746,0.018592246,0.934987
id01152,0.6885421,0.09279657,0.21866134
id16384,0.49832258,0.40880522,0.09287217
id04060,0.043179434,0.0034115806,0.95340896
id21604,0.9251222,0.07374576,0.0011320498
id11212,0.0015152748,0.0024504496,0.9960343
id26589,0.22840989,0.0119492775,0.7596409
id15858,0.8724285,0.020443907,0.10712761
id02814,0.10471881,0.81514585,0.08013533
id18347,0.71475655,0.010620246,0.2746232
id02517,0.6710198,0.00709108,0.32188913
id20800,0.8089895,0.115619704,0.075390846
id16428,0.6256253,0.23571078,0.13866393
id23844,0.9981645,0.0009145744,0.0009208996
id11149,0.007095137,0.90533817,0.0875667
id12505,0.030231878,0.9690233,0.0007448655
id10850,0.8124314,0.10152439,0.08604427
id05706,0.467276,0.029200677,0.5035233
id23216,0.053335756,0.76168966,0.18497457
id16618,0.08329473,0.007926793,0.9087785
id04283,0.04340308,0.9142894,0.04230748
id20374,0.017095894,0.0019121529,0.98099196
id07227,0.0024358928,0.994131,0.0034330946
id06396,0.9986493,0.00091893773,0.00043178748
id08884,0.9915263,0.0025048535,0.0059688487
id10983,0.99543875,0.0012228835,0.0033383125
id07296,0.09709961,0.8750343,0.027866144
id17683,0.030388074,0.038749374,0.9308626
id26473,0.0065820725,0.00068802206,0.9927299
id06454,0.0011680154,0.00026539803,0.99856657
id19166,0.98819774,0.00042066723,0.011381572
id08406,0.120807804,0.6043982,0.27479404
id25126,0.14016663,0.0034850156,0.8563484
id27593,0.9541777,0.0011133779,0.044708952
id24613,0.25491026,0.03230178,0.7127879
id26586,0.8184531,0.01837036,0.16317657
id25719,0.00412132,0.0029871375,0.99289155
id05015,0.808798,0.0077178725,0.18348415
id01594,0.8843647,0.05253214,0.06310311
id01522,0.044749826,0.029362218,0.925888
id06935,0.87780845,0.08271182,0.039479762
id01975,0.046637237,0.024887322,0.9284755
id20847,0.004871726,0.002724497,0.9924038
id24960,0.04477865,0.00223218,0.95298916
id27808,0.17739841,0.81541944,0.0071822084
id25463,0.9733463,0.021938028,0.0047156727
id11367,0.9011284,0.06337062,0.035501
id02273,0.11014357,0.43659538,0.45326105
id02167,0.81164,0.0009295542,0.18743043
id08352,0.0051983264,0.9940662,0.00073554757
id26928,0.22842765,0.5860928,0.1854795
id04224,0.76838416,0.22730754,0.004308284
id00462,0.2757429,0.7100353,0.014221766
id16591,0.06832205,0.77974343,0.1519345
id06982,0.00590957,0.9605865,0.033503924
id24880,0.007217525,0.9778256,0.014956927
id27479,0.010233838,0.19977881,0.7899874
id16556,0.9958046,0.0036356784,0.0005597161
id15231,0.38080475,0.04503762,0.57415766
id14694,0.9327096,0.031602964,0.035687502
id01114,0.855392,0.05249215,0.0921159
id18694,0.58247817,0.3410704,0.07645146
id25551,0.27066058,0.0020374483,0.72730196
id23478,0.8029176,0.052416462,0.14466597
id22780,0.710598,0.035453465,0.25394854
id06602,0.002472494,0.97599673,0.021530783
id05176,0.010417608,0.98887783,0.00070456765
id15450,0.106539905,0.009342525,0.8841176
id16956,0.065569,0.1477593,0.78667176
id23532,0.1157256,0.31768638,0.566588
id22688,0.0017419481,0.0004695003,0.99778855
id12898,0.4935577,0.468731,0.037711315
id21525,0.97120607,0.017757699,0.0110362535
id13576,0.13217491,0.0062936293,0.8615315
id07080,0.6472957,0.19950669,0.15319763
id25397,0.975853,0.0036360628,0.020510918
id08383,0.948253,0.042718098,0.0090288585
id08285,0.9646091,0.0018411579,0.033549745
id10323,0.072994806,0.027271029,0.8997342
id10441,0.15542011,0.79657894,0.048000928
id26298,0.07814863,0.02447403,0.8973773
id13531,0.20471261,0.7871117,0.008175694
id03191,0.48364577,0.022378676,0.49397555
id19771,0.12608829,0.8568042,0.017107498
id03275,0.9922357,0.0044446914,0.0033195976
id11616,0.00522707,0.011586326,0.9831866
id03117,0.0010891332,0.98312324,0.01578762
id08054,0.082275584,0.0036611136,0.91406333
id15303,0.267544,0.43526042,0.29719564
id02470,0.07362215,0.12618504,0.8001928
id01452,0.74077433,0.24821275,0.011012932
id11934,0.0007787279,0.985634,0.013587254
id00258,0.5521135,0.13138564,0.3165009
id27905,0.51997745,0.055974152,0.4240484
id23897,0.4100058,0.55860025,0.031393934
id02334,0.0027337826,0.9956892,0.0015770355
id07638,0.9945649,0.001173407,0.0042617265
id13181,0.6991689,0.07123132,0.22959979
id01284,0.9909019,0.0029494478,0.0061486224
id27402,0.9886177,0.0022592733,0.009123038
id14742,0.0023723058,0.00074327324,0.9968844
id12370,0.036282398,0.5948967,0.36882094
id19048,0.7108349,0.029055756,0.26010928
id08388,0.030996714,0.109489515,0.8595138
id19205,0.63454944,0.36422616,0.0012244005
id04851,0.012954634,0.0004729477,0.98657244
id16478,0.20714046,0.7280174,0.06484215
id06806,5.618947e-05,0.99992096,2.2828892e-05
id13659,0.09311957,0.82436883,0.082511656
id09861,0.015037768,0.5281033,0.45685893
id05986,0.00086883095,0.9991233,7.906395e-06
id15844,0.073502444,0.82333106,0.10316653
id05900,0.9398233,0.012427088,0.047749598
id20409,0.9827801,0.014825405,0.0023945011
id08751,0.04865245,0.95007336,0.0012741867
id22617,0.024403889,0.013072941,0.96252316
id13064,0.3061456,0.029082457,0.6647719
id14506,0.002717321,0.011142933,0.9861398
id05783,0.16030414,0.11542785,0.724268
id23139,0.2597086,0.020663887,0.7196275
id04770,0.99879044,0.00060294993,0.00060656725
id11775,0.99371934,0.004590704,0.0016899809
id12936,0.14270476,0.08603854,0.7712567
id20522,0.0752964,0.9227611,0.0019425458
id22929,0.94905716,0.003772884,0.047169957
id11357,0.085943945,0.3429512,0.5711049
id10028,0.07715434,0.91807115,0.004774496
id10617,0.90099764,0.012300581,0.08670172
id23988,0.99965835,0.00011193762,0.00022974022
id20434,0.8023595,0.14569992,0.051940598
id06611,0.0024995059,0.004500866,0.9929997
id18405,0.37042025,0.502037,0.12754273
id27427,0.83491665,0.10732163,0.05776174
id16168,0.00030181493,0.99952435,0.0001737795
id02139,0.08159826,0.91372734,0.0046744035
id18654,0.029713683,0.9653599,0.0049264347
id24598,0.7187607,0.12545434,0.15578495
id23360,0.0024733013,0.9958038,0.0017229647
id06220,0.17532618,0.80242157,0.022252265
id26411,0.9865469,0.0032579014,0.010195147
id27660,0.81433284,0.009092964,0.17657422
id07192,0.20658736,0.011977182,0.78143543
id18074,0.009540868,0.003056425,0.9874027
id11784,0.69047046,0.26011077,0.049418814
id04810,0.51835054,0.21757111,0.26407838
id01716,0.9702535,0.028096622,0.0016498311
id27584,0.6070507,0.022405349,0.37054396
id25409,0.23920834,0.15098144,0.60981023
id06430,0.82780087,0.0969151,0.07528398
id11135,0.9577294,0.041815743,0.0004548264
id27712,0.08715662,0.006377223,0.9064661
id27233,0.6430906,0.32311434,0.033795096
id13522,0.20764495,0.37959412,0.41276088
id11625,0.0045550023,0.00020975243,0.99523526
id03246,0.053880733,0.94436496,0.0017542837
id05341,0.68952894,0.3043527,0.0061183386
id22061,0.0055378983,0.001815774,0.99264634
id03170,0.8338995,0.09792374,0.068176754
id09768,0.105188236,0.12607913,0.76873267
id20721,0.795973,0.04107579,0.16295125
id14854,0.50712883,0.018005015,0.47486612
id01123,0.98639166,0.009461767,0.0041465536
id00842,0.9439311,0.0552284,0.00084047613
id11035,0.92397475,0.0050182743,0.071007006
id19301,0.0006023712,0.9990442,0.0003534583
id06409,0.080014,0.69954336,0.22044267
id09883,0.99028486,0.0007985788,0.008916576
id04218,0.8832305,0.07619565,0.04057381
id25171,0.0438377,0.0014089812,0.95475334
id13394,0.75308394,0.033906806,0.2130093
id14322,0.99755085,0.0010922849,0.0013569245
id17623,0.118518345,0.26172808,0.6197536
id16980,0.67534775,0.11029745,0.21435483
id22634,0.0105300015,0.005140522,0.98432946
id03773,0.9888506,0.003527727,0.0076217325
id20243,0.002641389,0.95643425,0.04092437
id12135,0.002546861,0.99319506,0.0042581162
id11727,0.9289293,0.03884676,0.032223847
id06460,0.45458022,0.49282822,0.05259158
id23515,0.8010035,0.1591193,0.03987722
id16908,0.032381803,0.605412,0.36220622
id10641,0.19429529,0.6623349,0.14336985
id22637,0.45290992,0.15138955,0.39570054
id19724,0.5537573,0.40582314,0.040419552
id12295,0.035000816,0.96047074,0.00452844
id18977,0.030199599,0.014053342,0.95574707
id27456,0.48674062,0.47269845,0.040560927
id02223,0.9834779,0.00096788275,0.015554285
id06374,0.102717586,0.0055009476,0.89178145
id13746,0.12796156,0.0010651393,0.87097335
id24107,0.6200682,0.10295612,0.27697572
id09075,0.00018632622,7.770299e-05,0.999736
id06741,0.35051915,0.0029136385,0.6465672
id25474,0.87674403,0.0011071039,0.12214887
id02497,0.9943551,0.00046303959,0.0051818797
id21878,0.9444192,0.047897737,0.0076829954
id23199,0.12236578,0.14177561,0.7358586
id12018,0.9986958,0.000788488,0.0005156904
id20722,0.0007302778,0.00014866698,0.99912107
id05372,0.046281192,0.94101536,0.012703416
id07964,0.6677001,0.2393836,0.09291625
id02393,0.056663726,0.0015400902,0.9417962
id10923,0.4836768,0.019392127,0.49693108
id01260,0.98174983,0.010240634,0.008009566
id09037,0.079718955,0.013483971,0.90679705
id01477,0.36467952,0.09326393,0.54205656
id11164,0.9679451,0.012116195,0.019938696
id20313,0.69023716,0.058205012,0.25155786
id20067,0.045987617,0.032062348,0.92195
id17248,0.99455184,0.0017432544,0.0037048836
id24557,0.039598197,0.0041794027,0.9562224
id26745,0.77707064,0.007056804,0.21587256
id16759,0.12378126,0.13092448,0.7452943
id22382,0.98159593,0.0041645556,0.014239499
id18404,0.0075663594,0.02678941,0.96564424
id23761,0.006507545,0.0005012654,0.9929912
id00511,0.74498665,0.22152892,0.03348447
id15560,0.90679425,0.08785513,0.005350632
id04834,0.9752169,0.0053284504,0.019454617
id26796,0.7679682,0.0754025,0.1566293
id14809,0.3368483,0.06281884,0.60033286
id15091,0.24957488,0.003468671,0.7469564
id14861,0.40364218,0.5568504,0.03950751
id21193,0.33083966,0.13012567,0.53903466
id20331,0.119283885,0.8626355,0.01808065
id17847,0.026991313,0.92835176,0.044656932
id00795,0.99858415,0.0012699392,0.00014593468
id22651,0.9629736,0.00935449,0.027671948
id22803,0.9472626,0.014722739,0.038014665
id01714,0.9647566,0.033873297,0.0013700675
id05350,0.042598993,0.0045764917,0.95282453
id08674,0.9863831,0.00394203,0.009674928
id04427,0.17533165,0.8213597,0.0033086936
id17815,0.0022065483,0.9977209,7.25786e-05
id22270,0.94705003,0.0033232535,0.049626723
id11183,0.13367139,0.0012502479,0.8650784
id00326,0.51272494,0.20819923,0.27907583
id00382,0.9980325,0.0017635247,0.00020397136
id11557,0.0032064181,0.004755382,0.99203825
id20271,0.98919713,0.0047016777,0.0061012157
id05133,0.9966986,0.0006703983,0.0026309981
id14597,0.25285065,0.74630666,0.00084266166
id21411,0.0017033075,0.9226454,0.075651236
id15375,0.11415898,0.007954416,0.87788653
id10172,0.063659504,0.004158556,0.93218195
id13524,0.51048154,0.47157177,0.01794675
id26331,0.93567675,0.058115363,0.0062078666
id20167,0.6437098,0.03200814,0.3242821
id03249,0.04439761,0.9543419,0.001260543
id15839,0.7704294,0.0128607415,0.21670994
id27200,0.044602666,0.9530093,0.002388051
id15847,0.0033057726,0.002021692,0.9946725
id07249,0.16869092,0.81554997,0.015759135
id19494,0.9325377,0.0030958687,0.06436644
id01388,0.009467941,0.59048504,0.40004706
id22045,0.069304705,0.0016645519,0.9290308
id09111,0.9780442,0.01943612,0.0025196513
id04011,0.07974973,0.8929225,0.027327765
id26410,0.00063972274,0.99932194,3.8299426e-05
id19614,0.4410956,0.45678827,0.1021162
id10183,0.08477882,0.8831869,0.03203428
id20388,0.06817553,0.0034919272,0.92833257
id16498,0.9247467,0.06597948,0.009273838
id18488,0.022716286,0.04485825,0.9324255
id11018,0.048346017,0.9353267,0.016327344
id16185,0.82542604,0.17142269,0.0031512862
id23501,0.9243409,0.07228298,0.0033761393
id02837,0.55971026,0.08795397,0.3523358
id05544,0.7736122,0.15377711,0.07261066
id22784,0.028793506,0.0019235731,0.96928287
id15404,0.003029766,0.0048868787,0.9920834
id13010,0.5344225,0.4618487,0.0037288016
id22169,0.012279745,0.94468266,0.043037612
id16438,0.016862001,0.1311834,0.8519546
id20464,0.8275287,0.048885148,0.12358613
id26306,0.9178387,0.034341015,0.04782024
id15995,0.76563823,0.05189239,0.1824694
id26068,0.41535127,0.25143713,0.33321163
id19348,0.021132171,0.83089286,0.147975
id04196,0.52966624,0.42609456,0.044239152
id13002,0.059441876,0.833637,0.10692112
id25650,0.33811048,0.027290463,0.63459903
id17598,0.15352057,0.81053454,0.035944887
id10079,0.35776234,0.4636159,0.1786218
id10094,0.26271933,0.37831992,0.35896075
id05918,0.9340556,0.025903922,0.04004045
id18747,0.9580573,0.010018307,0.031924397
id15571,0.2063227,0.7695212,0.024156148
id16113,0.13943362,0.047857776,0.8127086
id02316,0.52552587,0.17293024,0.30154392
id09545,0.99178666,0.0066788592,0.0015344055
id13878,0.25491476,0.016451858,0.7286334
id07476,0.93606937,0.04767756,0.016253032
id20103,0.20341203,0.011822602,0.78476536
id27367,0.2481174,0.02939326,0.7224893
id25668,0.30265835,0.012330247,0.68501145
id09680,0.99950737,0.00023020181,0.00026245485
id00500,0.059722032,0.1566685,0.78360945
id06110,0.8225669,0.006192668,0.17124043
id15804,0.031270403,0.9686458,8.3775114e-05
id03223,0.016014047,0.9764544,0.007531571
id02039,0.010752634,0.9735945,0.015652921
id09795,0.016336255,0.0067649283,0.97689885
id10808,0.24770565,0.42912787,0.3231665
id10134,0.006346402,0.83702636,0.15662727
id14361,0.82064503,0.038578603,0.14077638
id15881,0.30519494,0.008498484,0.6863066
id27120,0.05072032,0.031406935,0.9178727
id09860,0.32386884,0.114554904,0.56157625
id11959,0.0046763523,0.9866482,0.008675449
id25770,6.6621215e-05,0.9994728,0.00046061364
id24364,0.7426181,0.1661312,0.091250725
id22944,0.9985226,0.00045603278,0.001021333
id04345,0.9855857,0.014056346,0.0003579797
id05127,0.8183649,0.034969185,0.14666592
id01779,0.017544428,0.00015947265,0.9822961
id05559,0.99444294,0.0012700374,0.0042870343
id14474,0.99656934,0.002001763,0.0014288987
id13283,0.9382469,0.0068024057,0.054950733
id03301,0.73643285,0.021684406,0.24188271
id16939,0.028906005,0.96887535,0.0022186723
id01166,0.00047146698,0.9971866,0.0023419496
id16766,0.99634695,0.00041711688,0.0032359546
id04338,0.8484603,0.14709024,0.004449442
id12731,0.99841654,0.00016126376,0.0014222191
id08988,0.0045638504,0.9951325,0.0003036197
id08236,0.0010834824,0.99877554,0.00014100554
id03309,0.12327755,0.7718094,0.10491303
id16458,0.88220763,0.05830074,0.05949163
id02442,0.894536,0.09578594,0.009678039
id25767,0.02746678,0.0016893245,0.9708439
id17357,0.8759891,0.09531487,0.028696056
id08627,0.30407116,0.014954151,0.6809747
id19488,0.43224305,0.050704643,0.51705235
id18345,0.8768978,0.048347443,0.07475477
id10661,0.92520756,0.04899119,0.02580127
id01713,0.030243238,0.8904246,0.07933218
id26237,0.33343512,0.66207945,0.0044854404
id08062,0.8665065,0.078640625,0.054852825
id01497,0.00037580726,0.992187,0.007437192
id07590,0.92716306,0.043568976,0.029267982
id06299,0.020669108,0.006601017,0.97272986
id02770,0.0051238,0.0004115201,0.9944647
id19197,0.004263234,0.0021777896,0.99355894
id16572,0.8605871,0.068991646,0.070421256
id04518,0.001578967,0.9814648,0.0169562
id09316,0.20727456,0.76506346,0.02766196
id17533,0.07697216,0.012398357,0.9106295
id13494,0.14607818,0.0016477006,0.8522741
id10024,0.99198985,0.007845781,0.00016437536
id19896,0.7718231,0.14779516,0.08038176
id10956,0.97798616,0.021307498,0.0007063392
id08458,0.00024935903,0.99799806,0.0017525661
id09066,0.6723011,0.04532024,0.2823786
id26608,0.72289675,0.01650788,0.26059535
id20977,0.081011645,0.004019258,0.91496915
id21587,0.037534032,0.15256675,0.8098992
id19928,0.053184405,0.002043609,0.944772
id19077,0.010365636,0.9610052,0.02862916
id06865,0.03666518,0.0029652317,0.9603696
id15224,0.0022855264,0.0019334108,0.99578106
id09036,0.071510755,0.31921592,0.6092733
id04885,0.99835396,0.0015795665,6.647952e-05
id06619,0.002318636,0.99738616,0.00029522757
id20211,0.034561448,0.9262675,0.03917104
id23985,0.80086654,0.11649361,0.08263987
id17048,0.97716683,0.021728013,0.0011051656
id11272,0.9627872,0.0008161361,0.03639667
id16998,0.1286834,0.06465981,0.8066568
id16506,0.13571173,0.008630773,0.8556575
id11558,0.51460195,0.07007228,0.41532576
id04913,0.17285104,0.01285202,0.81429696
id10308,0.049170315,0.08729586,0.8635338
id15956,0.47866058,0.06266386,0.4586756
id21350,0.0028324316,0.99237436,0.0047932607
id09246,0.88694435,0.08424424,0.02881139
id00753,0.83865917,0.023506839,0.13783403
id08101,0.05601774,0.78920025,0.15478206
id26853,0.03706832,0.9487573,0.014174416
id22044,0.023827313,0.97328466,0.002888014
id27234,0.88791895,0.0010441283,0.111036874
id18357,0.060325745,0.8658819,0.07379236
id24187,0.9960919,0.0019615332,0.0019465563
id23934,0.23386401,0.04448754,0.7216485
id21378,0.59742135,0.39986658,0.002712104
id12777,0.06542827,0.19808038,0.7364914
id11493,0.18551087,0.0018851259,0.812604
id12824,0.035587367,0.3012103,0.6632023
id22565,0.0222335,0.9768957,0.00087079883
id02996,0.04312703,0.17450647,0.7823665
id26154,0.90609425,0.07365262,0.020253107
id22710,0.7759543,0.20295562,0.021089984
id19389,0.12056169,0.86890805,0.010530294
id19539,0.024982309,0.0054987934,0.9695189
id17345,0.085771084,0.9124742,0.0017546775
id16938,0.9673216,0.0038375824,0.028840857
id05670,0.7890283,0.20702858,0.0039431327
id12991,0.46623415,0.35563987,0.17812599
id26819,0.002079968,0.99784744,7.262007e-05
id02679,0.2801772,0.1215442,0.5982786
id11334,0.894802,0.06287939,0.042318657
id18553,0.6255256,0.30063385,0.073840536
id27899,0.9329096,0.06503124,0.002059161
id20569,0.00021879988,0.99973094,5.025376e-05
id00759,0.0030691503,0.9921995,0.0047313273
id13013,0.15904184,0.0026159384,0.83834225
id06798,0.96401703,0.031212846,0.004770146
id04524,0.0037284514,0.88414484,0.11212672
id19026,0.03269255,0.0016976619,0.9656097
id17376,0.009594795,0.0016644173,0.9887408
id21794,0.012324882,0.0060805595,0.98159456
id22720,0.053880367,0.03523323,0.9108864
id26054,0.0045736325,0.00026378702,0.9951626
id01050,0.16201374,0.26406395,0.57392234
id11917,0.9099201,0.0048119966,0.08526794
id12706,0.2735942,0.053683266,0.6727226
id18796,0.05392371,0.042744536,0.90333176
id10096,0.005973734,0.0007638926,0.99326235
id27514,0.21202467,0.66196036,0.126015
id22130,0.8862715,0.029105635,0.08462288
id23378,0.9819898,0.014585281,0.003424932
id27306,0.9856056,0.012838952,0.0015554529
id25914,0.03781995,0.087078355,0.87510175
id05461,0.9838763,0.010770832,0.005352861
id24782,0.74183285,0.16355646,0.09461073
id11890,0.00016735184,0.99977833,5.429866e-05
id23405,0.2798105,0.16508862,0.55510086
id15919,0.16075584,0.5810521,0.25819206
id08430,0.46357158,0.038762696,0.49766567
id16328,0.34795585,0.023492599,0.62855154
id16599,0.983666,0.004005219,0.012328785
id25407,0.05968042,0.282046,0.6582736
id10786,0.96275824,0.001037459,0.03620432
id08935,0.99182934,0.005978348,0.0021923452
id24742,0.9966907,0.00031187854,0.0029974366
id15921,0.6106034,0.32166943,0.06772718
id21816,0.07173633,0.041483667,0.88678
id06235,0.005191854,0.99452955,0.00027862648
id00527,0.9076811,0.083450764,0.008868149
id17349,0.08025951,0.027408317,0.8923322
id05356,0.99781764,0.0017218223,0.0004605647
id13287,0.29984593,0.66315573,0.03699835
id09044,0.856206,0.048504062,0.095289946
id09374,0.47106808,0.13707362,0.39185825
id25625,0.9383792,0.059906427,0.0017143576
id03201,0.3390194,0.514412,0.14656866
id02709,0.99377406,0.006036406,0.00018957042
id08914,0.030110646,0.012900227,0.95698917
id15753,0.86473805,0.013170235,0.122091725
id20125,0.4053808,0.5133656,0.08125364
id20784,0.9750343,0.019225163,0.0057405573
id26248,0.014420554,0.0061901696,0.97938925
id10016,0.59743226,0.037245795,0.36532193
id18793,0.74651897,0.07823766,0.17524342
id04562,0.27475002,0.070740506,0.6545095
id25106,0.03725658,0.006668889,0.95607454
id00536,0.9997869,0.00014660513,6.647858e-05
id01946,0.29000762,0.0027196866,0.7072727
id18369,0.04352042,0.916072,0.04040751
id07345,0.0022047204,0.9970661,0.0007292051
id27752,0.7703745,0.0024282902,0.22719721
id21463,0.008758301,0.98748666,0.003755055
id18922,0.13778907,0.0072976947,0.85491323
id17166,0.9642652,0.034853015,0.0008817506
id07458,0.54694784,0.39448294,0.05856924
id01801,0.007281178,0.0008354848,0.99188334
id10529,0.9783142,0.021449596,0.00023609398
id08774,0.62014073,0.16482234,0.21503694
id22292,0.069721214,0.03617357,0.89410526
id14044,0.95231926,0.018104663,0.02957609
id20234,0.014264036,0.9843143,0.0014216884
id26960,0.975354,0.00021994198,0.024426034
id20809,0.8455543,0.12322847,0.031217303
id20365,0.9788801,0.008085706,0.013034152
id09182,0.7600377,0.20764078,0.032321524
id27671,0.81519115,0.10245596,0.082352884
id26438,0.68405056,0.24874657,0.06720289
id22712,0.9075464,0.0910085,0.001445121
id13988,0.30067623,0.0017063826,0.6976174
id01727,0.94922155,0.0010459342,0.049732532
id27147,0.74579316,0.093899265,0.16030757
id23213,0.21372193,0.7809268,0.0053512543
id21969,0.033554092,0.91814405,0.048301857
id12062,0.95220333,0.022041395,0.025755305
id26579,0.12264968,0.8606573,0.016693054
id20568,0.7614939,0.09405358,0.14445253
id04399,0.7683135,0.08412781,0.14755869
id26756,0.014483613,0.9835064,0.0020100442
id04580,0.057543896,0.55606997,0.3863862
id16349,0.271311,0.56618744,0.16250157
id23583,0.0029226593,0.9964158,0.0006615603
id14643,0.99268454,0.0027944492,0.0045210132
id22604,0.43286788,0.2980614,0.26907077
id25973,0.005697909,0.9933312,0.0009709144
id07553,0.67982167,0.101122245,0.21905605
id05614,0.69208795,0.0775289,0.23038319
id15320,0.52650744,0.12767197,0.3458206
id01016,0.75144404,0.05960374,0.18895224
id11463,0.0023480866,0.99748534,0.00016657868
id18655,0.5147372,0.48078558,0.0044772606
id22527,0.008083823,0.04805094,0.94386524
id05458,0.008170824,0.9915705,0.00025862726
id08802,0.05060292,0.007526447,0.9418706
id11573,0.873252,0.03274734,0.094000705
id16935,0.06446526,0.12412851,0.8114062
id27417,0.004648347,0.00060370506,0.99474794
id27781,0.4456433,0.3472281,0.20712864
id21873,0.9861179,0.0019231803,0.011958934
id20624,0.007982839,0.00079865044,0.9912185
id19660,0.0008638987,0.99625933,0.0028767365
id03783,0.9450971,0.045930073,0.0089728655
id22172,0.044001963,0.6987794,0.25721863
id20709,0.9468336,0.05143735,0.0017290661
id12524,0.42706314,0.40037453,0.17256233
id27650,0.0007350827,0.99921834,4.6531557e-05
id09501,0.037450545,0.7893881,0.17316134
id20840,0.25233635,0.71823156,0.029432105
id09960,0.0582657,0.013170309,0.928564
id13916,0.19011031,0.0012348489,0.80865484
id00249,0.09016809,0.00040929887,0.90942264
id02540,0.8923846,0.0016106924,0.10600472
id23326,0.041597478,0.0020047112,0.95639783
id14632,0.9969357,0.0024005559,0.0006637164
id25512,0.8053815,0.0064863213,0.18813223
id10628,0.999077,0.0003885267,0.0005344745
id08490,0.0002302028,0.9997185,5.1302424e-05
id09084,0.97327316,0.0014739891,0.025252888
id27553,0.0015808651,0.99812144,0.00029769258
id20930,0.002824074,0.9968258,0.00035012956
id21337,0.20858656,0.083275154,0.7081383
id25537,0.0106764175,0.01627901,0.9730445
id27349,0.072281584,0.029788481,0.89792997
id25655,0.15851884,0.6526411,0.18884005
id26464,0.8744062,0.12213367,0.0034601167
id00599,0.5379094,0.0006974061,0.46139324
id06964,0.0670643,0.9280712,0.0048645027
id21875,0.38969165,0.023673825,0.5866345
id27488,0.90244997,0.012173289,0.08537673
id07980,0.0011838337,0.020003952,0.97881216
id12995,0.10777926,0.022030987,0.8701898
id08094,0.018169243,0.074557945,0.9072728
id02134,0.70892227,0.09586617,0.19521151
id14311,0.033130873,0.9189896,0.047879543
id06514,0.9830142,0.00032501787,0.016660795
id19775,0.02704788,0.06711705,0.9058351
id18618,0.021583166,0.90596473,0.07245213
id26593,0.9545303,0.0018196293,0.043650117
id11975,0.013311116,0.97602946,0.010659501
id07853,0.17872973,0.04412948,0.7771408
id16848,0.99865127,0.0011009831,0.00024778643
id11595,0.0005617965,0.9991551,0.00028314104
id24777,0.4270786,0.08378276,0.48913863
id07824,0.99595284,0.0021688656,0.0018783049
id23007,0.0036973115,0.001580315,0.99472237
id04805,0.025571961,0.13082017,0.84360784
id00504,0.96697694,0.025813268,0.0072097885
id24331,0.10867965,0.8536789,0.03764145
id03914,0.07078568,0.15452519,0.77468914
id16299,0.9994319,0.00044206477,0.00012599374
id05565,0.5959032,0.36293262,0.041164204
id27934,0.014252323,0.93026954,0.05547819
id17027,0.99444914,0.0014314352,0.0041194833
id02785,0.16955325,0.20932925,0.62111753
id16094,0.29237235,0.63973284,0.06789476
id22435,0.1720669,0.059740245,0.7681929
id10586,0.14856037,0.066994786,0.78444487
id06467,0.06828148,0.91682094,0.014897624
id18227,0.93542886,0.018334432,0.046236746
id02286,0.03791491,0.95362556,0.008459525
id07393,0.57433295,0.37749404,0.04817303
id11640,0.60369223,0.25380853,0.1424993
id15718,0.4037401,0.0061475486,0.5901123
id23756,0.00028304278,0.999608,0.000108934204
id14564,0.0014513709,0.0004597715,0.99808884
id24963,0.91906595,0.015771084,0.06516294
id03069,0.5387145,0.0009351282,0.46035036
id24648,0.49292803,0.5023508,0.004721249
id15920,0.81539345,0.05590541,0.12870114
id11255,0.9481926,0.006308886,0.045498434
id00544,0.56842023,0.34766003,0.08391977
id13211,0.8085174,0.005011755,0.1864709
id26285,0.23933206,0.5685721,0.1920958
id19879,0.18702547,0.09850973,0.7144648
id21440,0.9438733,0.012612233,0.043514464
id09539,0.012444963,0.0044101765,0.9831449
id10781,0.0016833679,0.9756055,0.02271113
id06557,0.042382754,0.02790127,0.929716
id16747,0.07366087,0.010049812,0.9162893
id14358,0.0059411065,0.9846723,0.009386602
id05250,0.95712864,0.004736061,0.038135312
id02390,0.10353014,0.01673765,0.8797322
id14790,0.9455208,0.03421061,0.02026857
id14355,0.46168154,0.3332199,0.2050986
id23157,0.94276315,0.0072104596,0.05002643
id20324,0.049340308,0.017246962,0.93341273
id01870,0.0019333968,0.9974438,0.00062285084
id01079,0.014439487,0.9807335,0.0048270468
id03392,0.98216474,0.015819002,0.002016212
id22758,0.84606475,0.018199107,0.1357362
id05599,0.8594794,0.004858173,0.13566236
id07189,0.009323994,0.0013711494,0.9893049
id13364,0.97841287,0.0062880167,0.01529915
id00902,0.10181023,0.8779352,0.020254659
id07164,0.4467635,0.5113676,0.041868933
id27290,0.5715369,0.16611512,0.26234803
id18931,0.7424575,0.25472257,0.0028199286
id22165,0.06424835,0.8632811,0.07247059
id14677,0.009566411,0.9894615,0.00097213296
id18987,0.32687655,0.017472582,0.65565085
id13143,0.0012685644,0.9984743,0.00025712792
id18589,0.8132856,0.06867606,0.11803835
id01635,0.0059670676,0.87003547,0.12399743
id02661,0.12336442,0.85772413,0.01891151
id12463,0.003384018,0.9954477,0.0011682815
id18461,0.84632915,0.011622785,0.14204805
id12709,0.8153746,0.031913098,0.15271233
id11957,0.16738267,0.8320971,0.0005202576
id13040,0.7183492,0.0459002,0.23575054
id03953,0.4196666,0.15784097,0.42249244
id02623,0.68755347,0.18486981,0.12757677
id21479,0.038737457,0.011128146,0.9501344
id06976,0.08519837,0.8859052,0.028896466
id18721,0.3777435,0.062572256,0.5596843
id12043,0.0096890405,0.00823108,0.98207986
id16526,0.016589127,0.9787022,0.0047087166
id03184,0.4226947,0.0012330447,0.5760723
id23194,0.617694,0.11848973,0.2638163
id17544,0.46483114,0.45171288,0.08345601
id17314,0.29709697,0.059354056,0.64354897
id17306,0.93847495,0.0069458243,0.05457925
id11044,0.025529444,0.037547573,0.936923
id22762,0.9483062,0.0041325046,0.047561318
id02797,0.5589146,0.04664959,0.3944358
id13340,0.003491031,0.0012515015,0.9952575
id08131,0.96204126,0.030694773,0.0072639454
id24181,0.0006148508,0.9989597,0.0004254613
id20359,0.18424422,0.11483901,0.7009168
id14736,0.00090463355,0.9986012,0.00049419166
id09362,0.7071154,0.2156161,0.0772685
id07987,0.024936829,0.0556548,0.9194084
id01664,0.03113835,0.96258307,0.0062785805
id00096,0.9947968,0.0016551145,0.003548133
id01475,0.010043628,0.0009176946,0.9890387
id04020,0.046853557,0.004667187,0.9484793
id09617,0.13552381,0.422765,0.44171116
id13098,0.6245204,0.021540591,0.35393903
id19010,0.002649384,0.99646026,0.00089041487
id12754,0.81421846,0.004046357,0.18173516
id25238,0.9600863,0.0044420892,0.035471644
id14896,0.2484789,0.0037907783,0.7477303
id16827,0.058932126,0.0022308182,0.938837
id11685,0.06620408,0.53826743,0.39552847
id10496,0.2277321,0.12520923,0.64705867
id08073,0.7978635,0.12712944,0.075007126
id08504,0.041001037,0.018450389,0.9405486
id25872,0.0029298137,9.962026e-05,0.9969706
id09498,0.98541856,0.013788418,0.0007930381
id23890,0.06116912,0.8538632,0.08496765
id15065,0.19193764,0.021535907,0.78652644
id11197,0.067561686,0.9207522,0.011686106
id02832,0.059999857,0.68141615,0.258584
id26969,0.9980957,0.0012766098,0.0006276689
id25442,0.015287577,0.0038985198,0.9808139
id09727,0.12130488,0.5893607,0.28933445
id18592,0.0018893009,0.0011427224,0.996968
id11442,0.9914316,0.007323253,0.0012451328
id22071,0.7021859,0.08039902,0.21741505
id09700,0.19821325,0.009925368,0.7918614
id20265,0.96796864,0.023262063,0.008769307
id23687,0.9878697,0.0060816817,0.0060486393
id01055,0.04680757,0.9519582,0.0012342179
id08519,0.90965134,0.05495445,0.035394218
id05922,0.09144052,0.9034751,0.0050844373
id02918,0.0026479878,0.99711883,0.00023322258
id14502,0.9927948,0.0065523298,0.00065288733
id01642,0.10345163,0.077529214,0.81901914
id21251,0.9612694,0.03825792,0.0004727496
id09673,0.27206624,0.050969932,0.6769638
id17837,0.042329554,0.026631568,0.93103886
id24245,0.9795776,0.0019132813,0.018509086
id15837,0.0751389,0.0014973249,0.92336375
id13077,0.098395966,0.020695796,0.88090825
id23079,0.49091622,0.47530547,0.03377834
id12938,0.21262458,0.09859061,0.6887848
id12144,0.004615365,0.07771015,0.9176745
id06882,0.9581698,0.0075826026,0.034247577
id06354,0.10696261,0.002913164,0.8901242
id23573,0.73372215,0.05269041,0.21358743
id13800,0.040820226,5.962404e-05,0.95912015
id26115,0.014324331,0.929725,0.055950712
id21179,0.032914896,6.889861e-05,0.9670162
id00125,0.9679401,0.014384813,0.017675113
id22600,0.2177425,0.7179196,0.06433792
id15726,0.022400634,0.0008496671,0.9767497
id08078,0.8825353,0.01801345,0.099451244
id20091,0.041640032,0.95788175,0.0004782509
id00026,0.9121439,0.05379858,0.03405744
id03698,0.9344551,0.04643183,0.019113073
id09198,0.9801383,0.0006388873,0.019222839
id12520,0.15943359,0.82385933,0.01670705
id16277,0.05157169,0.016316183,0.9321121
id17964,0.002900856,0.01992573,0.97717345
id24040,0.05138189,0.9313431,0.017275078
id17613,0.6518283,0.17732649,0.17084524
id00157,0.9310245,0.035195805,0.033779714
id10012,0.034078557,0.0072760386,0.9586454
id02419,0.00026566777,0.00019863887,0.9995357
id05562,0.963926,0.0010582895,0.035015713
id09049,0.030710401,0.9655097,0.0037799303
id24915,0.07437501,0.9248254,0.0007996169
id02808,0.04207268,0.006875706,0.9510516
id00167,0.98521984,0.011466633,0.0033135405
id13451,0.91332376,0.08539846,0.0012778288
id24775,0.8880296,0.031563364,0.08040709
id10240,0.14382543,0.8527663,0.003408288
id24597,0.5785675,0.050687402,0.37074512
id15364,0.009335184,0.9860474,0.0046174447
id13191,0.00478934,0.8530808,0.14212984
id09592,0.05162823,0.0122071635,0.9361646
id12083,0.09242845,0.5797565,0.3278151
id23492,0.11312279,0.80886656,0.0780107
id06816,0.052231602,0.0023094404,0.94545895
id16971,0.31355774,0.13363256,0.5528097
id05675,0.56582475,0.39400274,0.040172487
id23037,0.0021365222,1.897867e-05,0.9978445
id00399,0.7789377,0.01515331,0.20590898
id05925,0.016253408,0.0596703,0.9240763
id01834,0.99280554,0.0032700885,0.0039243433
id20350,0.00093721156,1.8963736e-05,0.9990438
id18961,0.21579678,0.284639,0.4995642
id02132,0.0019424233,0.996067,0.0019906675
id26609,0.3419658,0.603587,0.054447215
id16532,0.0206718,0.4390716,0.5402566
id23289,0.5755804,0.4236452,0.00077442575
id26621,0.99877197,0.0006153203,0.000612706
id03254,0.0039664824,0.9959448,8.8692315e-05
id04701,0.09290722,0.0025608537,0.9045319
id26600,0.010812842,0.98904705,0.00014015909
id16006,0.06391347,0.9175315,0.018555054
id25724,0.19309941,0.018354736,0.7885459
id27223,0.81954056,0.012849986,0.16760951
id14345,0.7768964,0.17170428,0.05139932
id27374,0.03247896,0.76405156,0.20346953
id21131,0.03426557,0.063271314,0.90246314
id12410,0.9721501,0.019477965,0.008371966
id15483,0.22093377,0.008887055,0.7701792
id15429,0.37078092,0.2144933,0.41472578
id25480,0.75650793,0.21053365,0.032958437
id11453,0.17773573,0.7151659,0.107098415
id20437,0.49943167,0.09311919,0.4074491
id08468,0.0016060321,0.9840411,0.014352889
id22181,0.877641,0.0897216,0.032637313
id18810,0.99118364,0.0041057803,0.0047105667
id17482,0.49940568,0.09185085,0.4087435
id22746,0.74936885,0.23063721,0.019993985
id03107,0.9820347,0.009952303,0.008012954
id02184,0.8344397,0.16177228,0.0037880128
id25068,0.9909195,0.0016691613,0.007411363
id19154,0.485772,0.08303547,0.43119255
id10358,0.39177883,0.44182485,0.16639629
id09126,0.5008619,0.013827779,0.48531032
id05936,0.7219919,0.2440683,0.033939816
id00020,0.008747457,0.9663821,0.024870442
id20771,0.342494,0.16136177,0.4961442
id00116,0.9077513,0.08955865,0.0026899988
id12424,0.94426227,0.001237914,0.054499745
id05755,0.05227081,0.0009914306,0.94673777
id27476,0.0036643115,0.99516547,0.0011702225
id02686,0.5584103,0.2778616,0.16372815
id10234,0.9148108,0.078677475,0.006511748
id05969,0.9642373,0.02235761,0.01340516
id14440,0.010272136,0.9885766,0.0011512741
id09937,0.2889745,0.054568294,0.65645725
id08238,0.003950814,3.1046082e-05,0.9960181
id11090,0.34958312,0.6459417,0.0044752653
id13183,0.00043855078,0.001112165,0.99844927
id25712,0.3503419,0.5112971,0.13836099
id22510,0.035092223,0.030759295,0.93414843
id19204,0.9479486,0.002775389,0.049276073
id05758,0.35094082,0.027561942,0.6214972
id27063,0.30324948,0.21475852,0.48199204
id11773,0.0090672895,0.0002634109,0.9906693
id11562,0.9662578,0.002140325,0.031601846
id16208,0.096441485,0.0027954106,0.90076315
id04036,0.02792384,0.25898373,0.7130924
id26159,0.93714875,0.026189014,0.03666221
id26777,0.39942294,0.44835886,0.15221824
id08501,0.7993596,0.14440155,0.056238852
id11216,0.001690908,0.99827015,3.8898244e-05
id03410,0.44847336,0.041982558,0.5095441
id04537,0.113543436,0.0029678151,0.8834888
id26628,0.53242934,0.03415955,0.43341118
id01586,0.04434642,0.95539904,0.00025448212
id13421,0.26298437,0.06119998,0.6758157
id26084,0.028977958,0.94880384,0.02221822
id05375,0.0147530865,9.538784e-05,0.98515147
id23212,0.9961246,0.0017116264,0.0021637625
id15980,0.95517504,0.0043464624,0.04047846
id11719,0.0015461848,0.9981078,0.00034605523
id13109,0.8439491,0.14772268,0.008328286
id07156,0.9991907,0.00033324494,0.00047607612
id04893,0.23569979,0.22811423,0.536186
id11749,0.8371362,0.012517168,0.15034665
id10526,0.75148445,0.004366893,0.24414869
id13477,0.96803486,0.027052617,0.004912515
id13761,0.10602794,0.0055768657,0.88839525
id04282,0.023238543,0.97648233,0.00027916997
