id,EAP,HPL,MWS
id02310,0.024730098,0.009841757,0.9654282
id24541,0.9844394,0.007575238,0.0079854345
id00134,0.006843969,0.9854461,0.0077099255
id27757,0.9848354,0.0075119715,0.007652655
id04081,0.9843278,0.0062549002,0.009417267
id27337,0.9839225,0.00782687,0.008250693
id24265,0.9845718,0.008049147,0.0073791035
id25917,0.0051152497,0.005706473,0.9891783
id04951,0.98365545,0.007916982,0.008427584
id14549,0.9842027,0.007983515,0.0078138225
id22505,0.0062937257,0.0061659697,0.9875403
id24002,0.006871138,0.9855009,0.0076279705
id18982,0.022112867,0.9682174,0.009669836
id15181,0.0063469345,0.986211,0.0074420883
id21888,0.98778546,0.005925438,0.0062891436
id12035,0.0064903344,0.006452416,0.98705727
id17991,0.018944044,0.010360226,0.97069573
id10707,0.9846564,0.0075032753,0.007840361
id07101,0.0064290985,0.006231296,0.9873396
id00345,0.0077095637,0.98539984,0.0068905917
id05912,0.98500186,0.007586972,0.0074112206
id13443,0.9845487,0.007672874,0.0077784965
id09248,0.011444214,0.005555719,0.98300004
id17542,0.0061577703,0.98719066,0.006651638
id06995,0.0063114623,0.006262346,0.9874262
id25159,0.98436195,0.007777021,0.0078610135
id25729,0.0067591243,0.98566365,0.007577256
id26949,0.98496836,0.007310335,0.0077212527
id27191,0.006078137,0.006084075,0.9878378
id07668,0.005709021,0.005637001,0.98865396
id02230,0.0053508393,0.0053665387,0.9892826
id15553,0.9831519,0.008539222,0.008308891
id25688,0.006637428,0.98604417,0.0073183198
id17545,0.98374885,0.008058144,0.008193038
id13929,0.110299334,0.013989646,0.875711
id12880,0.006753118,0.98574996,0.0074969516
id19282,0.9862307,0.0070392913,0.006730071
id14690,0.006911543,0.006620853,0.9864676
id17975,0.005915952,0.98716766,0.006916448
id08037,0.98435116,0.007656365,0.00799252
id15412,0.9889197,0.0046471846,0.006433102
id25032,0.9849961,0.0072749327,0.007729016
id27165,0.98411936,0.007684522,0.008196124
id03327,0.9842414,0.007883112,0.007875417
id18515,0.986283,0.0065873703,0.007129605
id21003,0.006958397,0.0066527296,0.98638886
id23855,0.006459783,0.986256,0.007284238
id20724,0.9836392,0.0081125125,0.008248317
id13303,0.98490125,0.0073098373,0.007788884
id16521,0.006485269,0.98628694,0.0072277784
id20775,0.98383456,0.008019592,0.008145882
id13029,0.985825,0.0072881687,0.006886835
id14660,0.9842903,0.0082457205,0.0074639507
id11028,0.0072127143,0.006631699,0.98615557
id14180,0.98556346,0.0067782653,0.007658312
id25860,0.98527366,0.0072840923,0.0074422797
id11910,0.0069525023,0.006531272,0.98651624
id08065,0.9331056,0.01156396,0.05533043
id22674,0.006019957,0.0059964876,0.9879836
id25018,0.012321917,0.007870624,0.9798075
id10892,0.006759224,0.9856782,0.0075625824
id10217,0.0068307067,0.9854593,0.007710029
id12996,0.9785756,0.00796116,0.013463271
id18262,0.98448676,0.007612684,0.007900493
id08606,0.0069228727,0.9851941,0.007883041
id17233,0.9850354,0.006888043,0.008076565
id00101,0.48719323,0.49125418,0.021552607
id12225,0.98041576,0.009696508,0.009887755
id01364,0.0064455317,0.9860042,0.0075503225
id24973,0.9878412,0.0062040947,0.0059547774
id25363,0.98414934,0.007836324,0.008014328
id10061,0.006305147,0.006292844,0.987402
id17673,0.9763682,0.0147964405,0.008835358
id13249,0.983133,0.004942028,0.0119249765
id10107,0.0067024785,0.006302547,0.9869949
id04403,0.9848059,0.007849214,0.0073449067
id25728,0.9853277,0.00749374,0.007178563
id16184,0.9886164,0.0061907996,0.0051928516
id03438,0.0062209326,0.006154464,0.98762465
id22923,0.0057586357,0.9875547,0.006686662
id08610,0.98477024,0.007600017,0.0076297624
id25355,0.0061790724,0.0061130514,0.9877079
id16916,0.9856797,0.007188144,0.0071322047
id12793,0.0072640283,0.9844806,0.008255374
id11859,0.0068108332,0.006751235,0.9864379
id02434,0.98396367,0.00786551,0.008170853
id27703,0.006221268,0.0061009377,0.9876778
id25212,0.007183601,0.9850567,0.007759744
id11308,0.005261207,0.005744547,0.9889943
id26094,0.98458177,0.0075247195,0.007893543
id22080,0.97839665,0.013072169,0.00853118
id03545,0.984533,0.0076428377,0.007824083
id23725,0.005275293,0.00598353,0.9887412
id12009,0.985706,0.007244714,0.0070493007
id24241,0.9836058,0.0068914928,0.009502709
id03596,0.0073444545,0.9847453,0.007910288
id10749,0.0072182897,0.9849921,0.0077896025
id22794,0.0062683485,0.006323684,0.9874079
id15482,0.93074614,0.05370185,0.015552006
id04833,0.9849738,0.007549801,0.007476432
id00397,0.0060135843,0.0060844696,0.9879019
id14691,0.006137889,0.0060074273,0.98785466
id05193,0.0064519634,0.0065599703,0.98698807
id19541,0.98469085,0.007437878,0.007871323
id22166,0.0061495616,0.006048312,0.9878021
id20744,0.006153975,0.006299912,0.98754615
id10392,0.0060725273,0.0060370495,0.98789036
id00770,0.9847248,0.0075331656,0.0077419938
id06018,0.98408705,0.007820538,0.008092463
id15678,0.006079519,0.0058580465,0.98806244
id08305,0.9820258,0.008930054,0.009044145
id08903,0.007903515,0.008194314,0.98390216
id14752,0.006409971,0.98632663,0.007263449
id12468,0.0068381014,0.9855632,0.007598713
id05085,0.0059614247,0.9870143,0.007024275
id21993,0.0055203857,0.0052521788,0.9892274
id15503,0.9834461,0.008458767,0.008095094
id03021,0.0076448177,0.9838268,0.00852841
id16123,0.044508524,0.9423861,0.013105402
id19383,0.985631,0.0072441637,0.007124892
id04186,0.98493737,0.007586475,0.007476155
id17954,0.005769258,0.0058201877,0.98841053
id12030,0.006200227,0.006574375,0.98722535
id13020,0.9863301,0.006691426,0.006978397
id25327,0.007308715,0.98475003,0.007941287
id16344,0.013941461,0.9735615,0.012497045
id12303,0.040022828,0.94535387,0.014623269
id15017,0.9838425,0.008122116,0.008035336
id22308,0.0064356904,0.006177067,0.98738724
id06536,0.0062813708,0.006190029,0.98752856
id19797,0.0042540063,0.9922842,0.0034618613
id06332,0.98404104,0.007843118,0.008115827
id22941,0.0061370144,0.0061490126,0.98771393
id13547,0.006097108,0.005880735,0.9880222
id06928,0.0063423137,0.006237891,0.9874198
id12521,0.98400646,0.007661162,0.008332372
id25716,0.9872582,0.005667655,0.007074205
id27116,0.006348933,0.006165627,0.98748547
id19941,0.0068911077,0.98547363,0.0076352125
id05711,0.0064917807,0.006230903,0.9872773
id02097,0.006084183,0.0060604634,0.9878554
id03563,0.006851429,0.98555726,0.00759125
id02295,0.0065478687,0.9870933,0.006358819
id08179,0.9835915,0.007931944,0.008476558
id05332,0.0064937132,0.98660725,0.0068990346
id15697,0.9848578,0.007541544,0.0076006926
id17026,0.96299857,0.025713213,0.011288255
id04243,0.9848867,0.0076009156,0.007512363
id13175,0.9841579,0.007913295,0.007928765
id05387,0.9693822,0.009512775,0.02110501
id19989,0.9846375,0.00773375,0.007628734
id25173,0.0057140593,0.0057252306,0.98856074
id08925,0.0067146616,0.98589635,0.0073890304
id03034,0.0056873932,0.9877983,0.006514263
id13272,0.007107284,0.9851174,0.007775393
id07956,0.006788684,0.006133065,0.9870783
id02648,0.008825038,0.008298456,0.9828765
id01778,0.006287241,0.0062261405,0.9874866
id12846,0.0062264074,0.006244676,0.9875289
id19001,0.9833649,0.0085327355,0.008102334
id05763,0.9849866,0.007389425,0.00762399
id15590,0.007620025,0.005981026,0.98639894
id04912,0.9836062,0.008328983,0.0080648465
id21201,0.9850817,0.0074118213,0.007506516
id13215,0.0052398774,0.005920189,0.9888399
id15612,0.005206527,0.98832023,0.006473303
id18501,0.005543556,0.004949839,0.9895066
id07223,0.9857378,0.007409518,0.006852684
id06707,0.007032745,0.006691061,0.9862762
id05238,0.006726918,0.9857687,0.007504418
id00935,0.0049907747,0.00604949,0.9889598
id00110,0.98542756,0.0071652825,0.0074071866
id17476,0.9840184,0.008365084,0.0076164957
id15170,0.98428404,0.007708358,0.0080076
id13397,0.98593915,0.0069892686,0.0070716552
id24283,0.9846289,0.0075766966,0.0077943387
id15234,0.97347665,0.017063275,0.009460118
id16884,0.0064851777,0.98627305,0.007241807
id07831,0.007051783,0.9860531,0.0068951594
id16038,0.98248553,0.0087957205,0.008718753
id03629,0.37275186,0.021029223,0.6062189
id21019,0.9835293,0.008223268,0.008247396
id21835,0.984878,0.00744656,0.00767544
id04480,0.006472192,0.98622245,0.007305361
id20838,0.0072893803,0.98502654,0.0076840976
id24195,0.9847702,0.0076372167,0.0075925984
id05448,0.98441285,0.007671815,0.007915344
id15957,0.006747501,0.98589236,0.0073601934
id19956,0.006695733,0.006339392,0.9869649
id15104,0.005756321,0.9881221,0.0061215907
id17559,0.983549,0.008040786,0.008410229
id16839,0.0071643936,0.98530537,0.0075302497
id14493,0.9857533,0.007001613,0.0072450624
id08833,0.9862089,0.006535616,0.0072554927
id15723,0.31050697,0.062672675,0.6268203
id02716,0.9845412,0.007672815,0.0077860365
id06689,0.006587049,0.9862348,0.0071781585
id18837,0.0061906697,0.0061785905,0.9876308
id04466,0.9844922,0.0075608627,0.007946964
id00686,0.9841425,0.007882319,0.007975234
id09010,0.0066507445,0.9860946,0.0072546517
id23353,0.9837933,0.007949081,0.008257669
id00066,0.20409176,0.77893305,0.016975196
id15724,0.0068973806,0.985408,0.0076945843
id23486,0.9866522,0.006124434,0.0072233975
id22258,0.0061930837,0.006755434,0.9870515
id02292,0.98512703,0.0072404593,0.007632527
id16356,0.0061434503,0.006071877,0.9877846
id00235,0.9846297,0.0076063573,0.007763957
id25522,0.0061511616,0.0057897787,0.9880591
id04204,0.0069848355,0.98531383,0.0077013657
id22016,0.4507389,0.012686973,0.5365741
id06480,0.006964018,0.9852595,0.007776514
id08718,0.005423784,0.005423784,0.98915243
id05251,0.0070729097,0.98515147,0.0077756615
id03359,0.98417944,0.0078060115,0.008014572
id16117,0.005807935,0.0059340643,0.98825794
id17000,0.007134139,0.9849845,0.007881364
id01730,0.007169303,0.9850181,0.007812663
id00630,0.98525757,0.007227289,0.0075151916
id18175,0.0063324827,0.0058508725,0.98781663
id00907,0.98508865,0.007397411,0.007513903
id18251,0.006700374,0.98572195,0.007577704
id25861,0.98369455,0.008120895,0.008184589
id00398,0.98530585,0.0070602153,0.007633912
id27573,0.9846756,0.0074377623,0.0078865895
id10022,0.0074261064,0.98409307,0.00848088
id15901,0.005881221,0.0060148137,0.9881039
id00451,0.0052295555,0.0059490553,0.9888214
id23129,0.006938511,0.9854929,0.007568548
id26498,0.007354458,0.98512405,0.0075215143
id14741,0.007006896,0.9855343,0.007458803
id18453,0.98561084,0.0069733085,0.0074158027
id08309,0.96958536,0.020853316,0.00956134
id00320,0.98438543,0.007574823,0.00803977
id07688,0.9843019,0.0078682145,0.007829889
id01556,0.0062831524,0.005908242,0.9878086
id00178,0.006008282,0.005996558,0.98799515
id18902,0.0063059903,0.006159912,0.98753405
id27002,0.98624736,0.006876343,0.006876343
id21418,0.9843045,0.0076485295,0.008046962
id23018,0.006218663,0.0065171025,0.9872642
id07032,0.9847331,0.007387523,0.007879352
id16195,0.111205414,0.013722447,0.8750722
id11202,0.005013532,0.9886302,0.0063562924
id09578,0.98189604,0.008990118,0.009113875
id26984,0.9845179,0.00763526,0.007846918
id19856,0.0069972253,0.9851356,0.007867192
id12086,0.0055644345,0.0060401363,0.98839545
id12052,0.00618322,0.0064107226,0.9874061
id17728,0.006179622,0.006024693,0.9877957
id24608,0.98501724,0.0075060246,0.0074767615
id21097,0.9861931,0.006991069,0.0068157953
id20179,0.0061954274,0.006379619,0.98742497
id15144,0.97876966,0.013691361,0.007538968
id00206,0.98447996,0.007487293,0.0080326935
id22285,0.0065173786,0.006176559,0.98730606
id06417,0.006623752,0.9859363,0.007440015
id00215,0.006526909,0.98585725,0.0076158405
id04201,0.9682418,0.007777719,0.02398047
id21771,0.98527706,0.0075447545,0.0071781944
id12451,0.009659028,0.9766261,0.013714846
id14250,0.007088491,0.9853953,0.007516242
id03433,0.0067940042,0.98592424,0.0072817877
id03303,0.004391212,0.005738417,0.98987037
id25901,0.97634476,0.015265765,0.008389492
id06945,0.9854983,0.0071588024,0.0073428964
id05664,0.98359865,0.008080552,0.008320789
id05741,0.98385924,0.007834014,0.008306754
id10652,0.9844209,0.007686876,0.007892254
id16300,0.9834976,0.008279408,0.008223003
id12319,0.9859118,0.0070991367,0.006989075
id07500,0.0072453357,0.98482823,0.007926422
id12478,0.9835353,0.008617964,0.007846745
id03076,0.005684723,0.006016003,0.98829925
id00969,0.0066172336,0.9859283,0.007454501
id23636,0.0056476756,0.98955923,0.00479312
id09791,0.0061816415,0.98715395,0.006664395
id05680,0.0069316323,0.98547775,0.0075906375
id03672,0.0064165113,0.98636925,0.0072142775
id04286,0.0069707753,0.9852528,0.0077764615
id23883,0.0062331315,0.0061364956,0.9876304
id11914,0.006923229,0.006869352,0.98620737
id20974,0.0072169565,0.98481023,0.007972856
id26125,0.9867854,0.0054108053,0.0078037847
id15543,0.98658895,0.005958856,0.007452215
id19471,0.98489946,0.007424938,0.007675607
id11503,0.9874042,0.0060458756,0.0065499307
id09321,0.0069322954,0.9855721,0.007495599
id25560,0.0062094256,0.0060655847,0.987725
id06726,0.19755436,0.034717515,0.76772815
id05709,0.98436916,0.007746758,0.0078841355
id09788,0.0038484375,0.0063822875,0.9897693
id05289,0.9839674,0.007781499,0.00825107
id11815,0.006746025,0.98567665,0.0075773555
id22422,0.98574156,0.00715358,0.0071048453
id25954,0.9851603,0.0073619145,0.0074778474
id13601,0.005029288,0.98980206,0.005168705
id05677,0.06179777,0.0124056805,0.9257965
id10498,0.007857893,0.9839712,0.008170916
id02665,0.98422474,0.007775937,0.007999303
id10114,0.0068501965,0.98537993,0.007769873
id26314,0.9837676,0.007910157,0.0083222175
id21240,0.98623997,0.006950555,0.0068094665
id15569,0.98405844,0.007927964,0.0080135865
id25928,0.1042399,0.015050215,0.8807099
id22706,0.0067125345,0.985584,0.0077034775
id20877,0.0073162564,0.98480386,0.007879918
id04318,0.9843585,0.007648949,0.0079925805
id18299,0.9893157,0.0052117715,0.005472567
id08126,0.0060367626,0.0061198636,0.9878434
id14293,0.0058820406,0.005876299,0.9882416
id12759,0.9841702,0.007760334,0.0080694705
id11983,0.023672702,0.008772719,0.96755457
id05580,0.005902053,0.005394913,0.988703
id25846,0.0069266795,0.98573583,0.007337497
id01939,0.98626536,0.0067566484,0.006977939
id26327,0.028692525,0.00900209,0.9623054
id11068,0.006082939,0.0062637865,0.9876533
id08404,0.9847172,0.0075257546,0.007757069
id27189,0.0068430863,0.98531896,0.007837979
id15119,0.0062984442,0.9863523,0.0073492597
id26525,0.9838958,0.008154348,0.007949909
id03618,0.012394661,0.9798338,0.007771544
id27220,0.9843508,0.007522954,0.008126313
id18777,0.0074276547,0.007312499,0.9852599
id20213,0.98662347,0.005489747,0.007886772
id20403,0.98445946,0.0077323513,0.0078082327
id03777,0.0065022795,0.0065532774,0.98694444
id10595,0.76969725,0.20582525,0.02447752
id13816,0.0063080583,0.005834,0.98785794
id05667,0.23376346,0.018607188,0.7476294
id24629,0.9843848,0.0078076404,0.0078076404
id20398,0.007832227,0.005646854,0.9865209
id14108,0.006342275,0.0062439474,0.98741376
id06196,0.007030582,0.98501045,0.007958916
id02800,0.98498833,0.0074911593,0.007520478
id18732,0.0068303454,0.9854072,0.0077625043
id11915,0.007114447,0.9851478,0.0077377576
id09739,0.98494464,0.0075791264,0.0074762106
id24672,0.98447317,0.007657314,0.007869583
id00414,0.006357832,0.0067021064,0.9869401
id16307,0.98542726,0.007158286,0.007414421
id14043,0.006559051,0.006591156,0.9868498
id00517,0.005697119,0.0057811867,0.9885217
id09744,0.984688,0.0077644167,0.0075476104
id19257,0.984534,0.007763203,0.0077027897
id15437,0.07358342,0.9101018,0.016314792
id16352,0.0069078747,0.0071480656,0.98594403
id18849,0.0067317965,0.006784594,0.98648363
id19434,0.007018784,0.98528004,0.0077011017
id17928,0.0061247437,0.0062090554,0.9876662
id16896,0.0069303163,0.006816212,0.98625344
id02135,0.015021954,0.973977,0.011001035
id15075,0.98432654,0.007626325,0.008047142
id27486,0.007252811,0.98488206,0.007865167
id19422,0.9822864,0.009945393,0.007768205
id09603,0.006274123,0.98735297,0.0063729268
id02133,0.0066072093,0.9863594,0.0070333383
id03441,0.9853307,0.007384791,0.007284514
id02398,0.006734278,0.985884,0.0073817256
id05152,0.006073621,0.0058580814,0.9880683
id17838,0.9839971,0.007966273,0.008036599
id25060,0.9849647,0.007638726,0.0073964805
id09998,0.0066946414,0.0065013543,0.986804
id01828,0.006825153,0.98562014,0.007554755
id25377,0.9862698,0.007032699,0.006697554
id22175,0.0067537557,0.9858431,0.0074030766
id02974,0.012969292,0.009675681,0.97735506
id26955,0.9838734,0.008004259,0.0081223715
id21091,0.9849445,0.0075865304,0.007468912
id12802,0.9852282,0.007220019,0.0075517506
id07432,0.0070311804,0.9850943,0.007874548
id18749,0.006183593,0.9865019,0.0073145702
id15030,0.0063054175,0.006250242,0.98744434
id17155,0.007132974,0.9848237,0.008043349
id08128,0.006375354,0.9867648,0.0068598236
id25706,0.007059099,0.98515004,0.007790852
id15645,0.9841633,0.0077830483,0.00805367
id04943,0.12443074,0.8577839,0.017785361
id27566,0.006101672,0.006101672,0.98779666
id11765,0.0053773373,0.0052836398,0.98933905
id13783,0.62731355,0.35086158,0.021824824
id00492,0.006623711,0.006482922,0.98689336
id27636,0.0058716605,0.0057021338,0.9884262
id04273,0.9847038,0.007592087,0.007704118
id02537,0.00640435,0.0062073083,0.9873883
id24349,0.9840792,0.008100305,0.007820476
id00023,0.0069106165,0.9853725,0.007716882
id23025,0.0060192854,0.98690903,0.007071703
id08722,0.98494476,0.007571729,0.0074835154
id02420,0.9843543,0.007876322,0.00776937
id10811,0.98450077,0.007583112,0.007916052
id04019,0.0062213046,0.006095019,0.9876837
id18334,0.9847703,0.0076223155,0.0076074433
id16781,0.98438996,0.0076716365,0.007938383
id08773,0.01845251,0.006976478,0.974571
id19214,0.9854556,0.0071515045,0.0073929434
id09589,0.0067079086,0.98586714,0.007424978
id24246,0.9843277,0.007648709,0.008023611
id23577,0.9843541,0.007891718,0.007754209
id09305,0.98211205,0.008974551,0.008913411
id16460,0.98441654,0.008813008,0.0067703775
id21115,0.985188,0.0073119653,0.007499998
id25996,0.98482865,0.0076004677,0.0075708367
id02551,0.006424208,0.0060232095,0.9875525
id19352,0.0060549774,0.0060196025,0.9879254
id03806,0.9344617,0.016686168,0.04885217
id26544,0.7234532,0.01618737,0.26035947
id18761,0.9837574,0.007871545,0.008371037
id24148,0.16995102,0.80743283,0.022616157
id16095,0.0064694663,0.9867704,0.0067601083
id18442,0.9850313,0.0074331863,0.00753551
id22596,0.006020203,0.005955879,0.98802394
id23002,0.985952,0.006578732,0.0074692545
id04797,0.9843831,0.007694091,0.007922838
id06610,0.0064789187,0.0062734536,0.9872476
id16173,0.9820777,0.008991783,0.008930526
id18292,0.0062922197,0.0064038034,0.987304
id27328,0.9859325,0.0070440387,0.0070234328
id01695,0.0065913643,0.98591775,0.007490908
id05761,0.9666649,0.008121826,0.025213197
id16354,0.98486185,0.007410167,0.007727962
id12207,0.006364584,0.9870238,0.0066116597
id05665,0.006206406,0.0065488727,0.9872447
id01911,0.98488575,0.007461177,0.0076530464
id19153,0.0063078776,0.0058623883,0.9878297
id10295,0.9844616,0.0075606275,0.00797782
id23038,0.98297715,0.008731639,0.008291204
id23783,0.007379681,0.9846488,0.007971549
id27879,0.98418695,0.0077984515,0.008014633
id19190,0.006625315,0.9861689,0.007205772
id05065,0.98500353,0.007274987,0.0077215284
id21296,0.0063885855,0.98688346,0.006727951
id13262,0.9777574,0.008295642,0.01394696
id10333,0.98541373,0.00717919,0.0074070822
id16677,0.0108557865,0.98007387,0.009070349
id01392,0.004738493,0.005448648,0.9898129
id27874,0.9823383,0.008641165,0.009020557
id02294,0.9860249,0.007990489,0.0059845997
id18298,0.013609551,0.8945481,0.09184235
id06997,0.9843997,0.007769728,0.007830666
id05243,0.0058310423,0.9892874,0.0048815436
id00860,0.007471788,0.984362,0.008166183
id26681,0.9847252,0.00772689,0.0075478954
id06020,0.0062025483,0.0062025483,0.98759496
id27683,0.9849877,0.007432857,0.0075794575
id17655,0.0070796097,0.9851222,0.0077982433
id08817,0.004817175,0.005501387,0.9896814
id11512,0.006427095,0.0065410696,0.9870319
id00478,0.0072418526,0.006478888,0.98627925
id02116,0.9849377,0.0075054187,0.007556901
id06746,0.98356885,0.008223599,0.008207553
id03863,0.984539,0.0066727553,0.008788319
id01802,0.0067487936,0.9860812,0.007170035
id11682,0.9840586,0.007943464,0.007997952
id04033,0.0064843446,0.9861464,0.007369283
id09286,0.0067988755,0.9856681,0.007533022
id12904,0.98407763,0.007782371,0.008139941
id07420,0.006240542,0.005919978,0.98783946
id22398,0.0073312945,0.98490256,0.0077661085
id00424,0.0059052636,0.0058193915,0.98827535
id20960,0.9843321,0.007589221,0.008078684
id10267,0.0058831894,0.9874698,0.0066470243
id19330,0.9332162,0.009550617,0.057233136
id00994,0.0064591807,0.98616415,0.007376616
id10785,0.985837,0.0068533737,0.0073096403
id00955,0.0064871535,0.9865736,0.00693934
id09757,0.006818284,0.98559016,0.007591503
id10030,0.0063884594,0.006747558,0.986864
id22952,0.006649505,0.006476468,0.98687404
id21955,0.006316612,0.0064160842,0.9872673
id07674,0.98607177,0.0073615327,0.0065666926
id13760,0.0064457213,0.9860332,0.0075211083
id18166,0.98445076,0.0076721106,0.007877094
id23498,0.98558193,0.007124537,0.00729349
id05296,0.98336166,0.0080471095,0.008591236
id26709,0.98455596,0.0074732606,0.007970798
id02853,0.98490137,0.0075787934,0.0075198147
id06800,0.007188094,0.0071391235,0.9856728
id14758,0.0070792846,0.98507696,0.00784371
id12356,0.9840065,0.007774213,0.008219228
id21492,0.98533106,0.00734165,0.0073273247
id27540,0.0064868443,0.0069866064,0.98652655
id07376,0.109321356,0.87262094,0.01805769
id15201,0.0069588306,0.98548746,0.007553738
id23388,0.0072038113,0.98493826,0.007857938
id13923,0.0066501764,0.9860103,0.0073395404
id00794,0.0071557947,0.98508424,0.0077599604
id23910,0.0060249097,0.0061437404,0.9878313
id02556,0.006090307,0.0060252342,0.98788446
id22151,0.0069169034,0.98530626,0.007776884
id11698,0.0060851406,0.98704636,0.0068684854
id11627,0.39102852,0.0193828,0.58958864
id06340,0.98521703,0.0071497736,0.0076332246
id05123,0.9831045,0.008715731,0.0081796795
id26620,0.006227824,0.0060185553,0.98775357
id04002,0.006465961,0.006334709,0.98719937
id26554,0.98576075,0.007015354,0.0072239223
id18012,0.006931231,0.006685257,0.98638356
id12964,0.0054352093,0.005262844,0.989302
id18965,0.011280824,0.13193808,0.85678107
id19082,0.0065777707,0.00568703,0.9877352
id26742,0.0057249097,0.005769811,0.9885053
id15442,0.0061919247,0.9868667,0.006941402
id16647,0.005488142,0.005283051,0.98922884
id11544,0.006447247,0.0063225464,0.98723024
id20581,0.008197584,0.0075078467,0.9842946
id13192,0.98645675,0.006850988,0.0066922856
id15814,0.006758588,0.0066929082,0.9865485
id26279,0.005021753,0.98831904,0.0066592414
id00240,0.9860591,0.007072516,0.006868319
id22836,0.9840321,0.007812468,0.008155477
id15085,0.006956844,0.9852061,0.007837082
id17495,0.98454505,0.007429517,0.008025384
id26762,0.0060049626,0.0055808667,0.98841417
id13685,0.9840176,0.007842931,0.0081394445
id16560,0.00513257,0.98865825,0.0062092263
id17184,0.0068772906,0.9854205,0.0077021997
id21635,0.984364,0.0076043047,0.008031747
id26751,0.98464394,0.008104954,0.007251057
id12351,0.98380023,0.007925884,0.008273872
id14872,0.98394805,0.008487916,0.007564067
id18372,0.9839124,0.008028063,0.008059483
id26851,0.98784095,0.00522437,0.006934697
id22659,0.9846673,0.0076438803,0.0076888
id04102,0.0058988915,0.005927765,0.98817337
id02353,0.0068836,0.9853618,0.00775457
id26721,0.98378396,0.007918016,0.00829801
id11171,0.98445886,0.0076946835,0.007846449
id13562,0.9811249,0.009350029,0.009525135
id26425,0.98630327,0.0066912444,0.0070055192
id26394,0.9865636,0.0070623276,0.006374054
id22187,0.9837092,0.0082408525,0.008049954
id00422,0.983949,0.0078961775,0.008154789
id22667,0.0071973796,0.9850204,0.007782223
id00911,0.9847075,0.007467115,0.00782547
id17291,0.01960598,0.13442487,0.8459692
id01915,0.0061136363,0.0060838573,0.98780245
id01434,0.093090385,0.8903615,0.01654818
id01584,0.01897055,0.005171088,0.97585833
id09266,0.9849924,0.0073462976,0.007661353
id17494,0.006578153,0.98586524,0.007556634
id24919,0.9845388,0.007583405,0.007877797
id21043,0.98418826,0.007874993,0.007936757
id17796,0.006629794,0.9858723,0.007497882
id02166,0.98379296,0.008265735,0.00794132
id17503,0.0067884023,0.005209934,0.98800164
id21203,0.9831612,0.008374138,0.0084645795
id25626,0.9840408,0.00783546,0.0081237545
id09836,0.984945,0.0075274953,0.0075274953
id24202,0.006426765,0.006592034,0.9869812
id27260,0.0053438544,0.0056996252,0.9889565
id23167,0.00650355,0.006359102,0.9871373
id10393,0.0062744915,0.986447,0.007278537
id01171,0.9841719,0.008180568,0.0076474994
id06380,0.98441446,0.0075455136,0.008040006
id22686,0.00673965,0.0065899584,0.98667043
id26250,0.006129751,0.0063614952,0.9875088
id09315,0.9724611,0.01885841,0.008680508
id00886,0.0055523356,0.98817444,0.0062732147
id03101,0.9847634,0.007848876,0.0073877503
id12367,0.9863208,0.007039935,0.00663929
id10770,0.9837884,0.008097911,0.008113743
id14949,0.006787753,0.9859796,0.0072325855
id14141,0.9844969,0.007770495,0.007732645
id25417,0.8473444,0.015687268,0.13696837
id26873,0.9837874,0.008019207,0.00819336
id10818,0.00513018,0.005706387,0.98916346
id15146,0.98378825,0.00807422,0.008137547
id23328,0.98499346,0.007375058,0.007631492
id16765,0.9807757,0.0109274015,0.008296908
id24383,0.9846268,0.0075177182,0.0078554535
id21304,0.98429173,0.007708418,0.007999848
id12551,0.006527871,0.9860025,0.0074696373
id23274,0.006161438,0.006059992,0.9877786
id08117,0.98409367,0.0077901017,0.008116261
id23961,0.9840522,0.0077442634,0.008203571
id13865,0.0067334464,0.98576224,0.007504369
id22807,0.0061320425,0.0059899944,0.98787796
id08951,0.0071066013,0.0069081634,0.9859852
id18684,0.9838806,0.007973112,0.008146263
id25179,0.984585,0.0076134433,0.0078016054
id27033,0.98434407,0.007671279,0.0079846615
id13977,0.0060522472,0.98748,0.0064677997
id19337,0.007012871,0.9854118,0.0075753196
id25764,0.0073429607,0.984545,0.008112058
id16106,0.006102392,0.0059843613,0.98791325
id05468,0.005818058,0.0061331037,0.98804885
id05241,0.9854422,0.0071793976,0.007378418
id10215,0.006437623,0.00587872,0.9876837
id23457,0.0060320413,0.0059327274,0.98803526
id02200,0.9837316,0.008003105,0.008265219
id13714,0.007225236,0.9849777,0.0077970996
id20332,0.006178851,0.0061487546,0.9876724
id18573,0.016055482,0.037039604,0.9469049
id08569,0.983912,0.007981157,0.008106843
id22767,0.0037707607,0.004408466,0.9918208
id25390,0.0061162743,0.987264,0.006619731
id09288,0.985912,0.0068205106,0.0072674896
id12381,0.9839362,0.007788855,0.008275014
id02895,0.006396234,0.0065033077,0.9871005
id25270,0.0058985823,0.0059797806,0.9881216
id14248,0.98474807,0.0075924285,0.0076594525
id12831,0.9855538,0.0071243336,0.0073218276
id18305,0.614927,0.016085993,0.36898702
id07805,0.9852732,0.008416749,0.0063100127
id14027,0.0057453243,0.0060920226,0.98816264
id02760,0.0058040037,0.0056419387,0.98855406
id24362,0.98395246,0.0077965935,0.008250944
id17065,0.0062219594,0.98682344,0.006954667
id26583,0.006602364,0.986599,0.006798654
id19664,0.9839664,0.007997203,0.008036347
id25145,0.98330635,0.008359031,0.008334578
id17858,0.0067665763,0.9857873,0.0074461596
id05148,0.007614989,0.00760013,0.9847849
id22928,0.9837961,0.00809007,0.008113806
id21549,0.0064399065,0.0064904154,0.98706967
id12649,0.0061541838,0.98661566,0.0072301873
id21597,0.98367894,0.008184459,0.008136643
id27945,0.98466575,0.0075548147,0.0077794213
id00243,0.98356473,0.008033067,0.008402154
id02745,0.98450756,0.007443759,0.008048622
id23550,0.006445871,0.006534604,0.98701954
id13023,0.0063851885,0.0062923376,0.98732245
id24796,0.014808241,0.009951497,0.9752403
id12284,0.00631237,0.9866043,0.0070833405
id02664,0.006726918,0.9857687,0.007504418
id23767,0.9841116,0.007874379,0.0080140205
id05859,0.02948039,0.95178074,0.018738877
id14350,0.006531801,0.98659617,0.0068720602
id01191,0.007025063,0.9851989,0.007776036
id17034,0.005875272,0.0060558566,0.9880689
id25292,0.006857464,0.98546255,0.0076799956
id22121,0.985081,0.0073757134,0.0075432532
id20872,0.9836554,0.008192261,0.008152355
id17720,0.9870566,0.006402198,0.0065412335
id22658,0.007066694,0.9852475,0.007685821
id09567,0.98418295,0.007700043,0.008116997
id16445,0.9851321,0.0074339467,0.0074339467
id08349,0.007202695,0.9847857,0.008011681
id27437,0.00617709,0.005467256,0.98835564
id03812,0.9848208,0.007519199,0.0076600183
id22304,0.9840164,0.007812343,0.008171291
id04449,0.0064217797,0.9862156,0.007362607
id15605,0.0053150505,0.0052788407,0.98940617
id01768,0.98540443,0.007012818,0.0075826645
id20019,0.0042742216,0.0074503883,0.9882754
id09593,0.006630133,0.9859227,0.0074471827
id23179,0.0067652357,0.006679892,0.98655486
id21279,0.9845303,0.0075611556,0.007908561
id06711,0.0060140816,0.0060023465,0.9879836
id14243,0.0068968595,0.9853336,0.0077695074
id04839,0.006096329,0.0060076783,0.98789597
id17220,0.006997813,0.98521835,0.007783787
id24177,0.98455775,0.0075025233,0.007939735
id20512,0.0062761777,0.0060475413,0.98767626
id14036,0.00666144,0.98575324,0.007585348
id25001,0.0061823875,0.0055798707,0.9882378
id06175,0.007295177,0.9848476,0.007857215
id24720,0.8444959,0.1340925,0.02141165
id08070,0.985854,0.0069072447,0.0072387303
id18934,0.9849735,0.0071759825,0.00785055
id01338,0.9850697,0.007268375,0.007661954
id19008,0.0067726974,0.9857159,0.007511349
id19632,0.0209634,0.719755,0.25928164
id26224,0.0063799266,0.0061475104,0.98747253
id08219,0.9851579,0.0072761276,0.0075659757
id24008,0.0059175384,0.0056852866,0.9883972
id12475,0.9852984,0.0075301966,0.007171343
id05766,0.00465337,0.99023587,0.005110727
id27386,0.0062699383,0.98669434,0.0070357267
id12476,0.00689121,0.98548836,0.0076204287
id08311,0.9841567,0.008022218,0.007821092
id04996,0.98798823,0.0055784616,0.006433322
id17350,0.006967251,0.9857169,0.007315891
id05546,0.11754148,0.8613936,0.021065023
id16504,0.007040437,0.9854284,0.00753119
id05782,0.006088846,0.006263749,0.9876474
id20560,0.9841732,0.007897977,0.007928888
id14171,0.0056134127,0.0060164346,0.9883702
id27461,0.006007361,0.007113048,0.98687965
id03581,0.0062608914,0.0065421634,0.9871969
id21847,0.006109095,0.0058578723,0.98803306
id11712,0.98588294,0.006934482,0.0071826084
id26738,0.015316897,0.016480846,0.96820223
id13668,0.9844507,0.0075090374,0.008040303
id15114,0.983817,0.007949272,0.00823371
id20130,0.53001785,0.019062355,0.4509198
id18331,0.014649072,0.009221026,0.97612995
id24465,0.9839537,0.007819479,0.008226817
id13539,0.9847769,0.0075409245,0.00768215
id27564,0.005219963,0.98797196,0.0068081147
id26043,0.00609857,0.006607018,0.98729444
id04965,0.00771577,0.008015301,0.9842689
id08645,0.005997116,0.0059156823,0.9880872
id26610,0.9863527,0.0067836936,0.0068636583
id21737,0.005105248,0.9901408,0.0047539696
id25784,0.0068053724,0.985647,0.007547587
id23030,0.98455274,0.007553947,0.007893311
id16450,0.0069976007,0.9851884,0.007814015
id02161,0.006178925,0.00613683,0.98768425
id25535,0.98512495,0.0074193883,0.0074557047
id16566,0.98497367,0.007557177,0.007469133
id05714,0.98454005,0.0076205335,0.007839435
id16524,0.9847109,0.0077192346,0.007569931
id23941,0.0064675473,0.9864777,0.0070548197
id00831,0.0063401726,0.00657345,0.9870864
id18145,0.9857194,0.0065836064,0.0076970155
id17227,0.98415655,0.007813456,0.008030054
id09417,0.9818211,0.009320186,0.008858711
id21307,0.98490924,0.007317039,0.00777375
id05650,0.006858735,0.9856451,0.0074961544
id23901,0.9830982,0.008211641,0.008690177
id05831,0.9840156,0.0077970936,0.00818726
id16708,0.0068601705,0.98585147,0.007288364
id02281,0.0072198,0.0056558284,0.9871243
id11599,0.9721315,0.0076728966,0.020195657
id18353,0.004552849,0.006528027,0.98891914
id07413,0.008390374,0.98314524,0.008464442
id15653,0.9851967,0.008165129,0.0066382033
id09715,0.0060271192,0.0057792678,0.9881936
id05108,0.6323082,0.34227255,0.025419325
id09537,0.9861341,0.0068957256,0.0069702
id27596,0.98625857,0.0066259173,0.0071155173
id24255,0.006164542,0.006523784,0.9873117
id05080,0.006042841,0.006084291,0.98787284
id09484,0.9841649,0.007844104,0.0079910075
id14864,0.006952413,0.0065439567,0.9865036
id26836,0.98112893,0.009914291,0.008956815
id07003,0.9857411,0.0070633343,0.007195615
id13750,0.0067533148,0.98577875,0.0074679423
id21799,0.006354866,0.006201597,0.9874435
id11285,0.98373336,0.008081658,0.008184912
id04735,0.95760024,0.009935071,0.032464694
id23049,0.006030834,0.006131791,0.9878374
id05826,0.5488713,0.4295537,0.021575013
id17916,0.0070667476,0.9852549,0.0076783774
id14081,0.8381667,0.014032461,0.1478008
id10527,0.006312566,0.006088547,0.9875989
id16059,0.006467054,0.9864025,0.0071304687
id25542,0.98365974,0.007863081,0.008477146
id05402,0.007041259,0.0074152956,0.9855435
id01927,0.98319244,0.007936472,0.008871085
id27656,0.98475474,0.0077045164,0.0075407545
id06708,0.0063438113,0.9866889,0.0069673145
id03524,0.0064663743,0.98629874,0.0072349263
id12297,0.9842865,0.007906603,0.0078068604
id03439,0.9645491,0.011185626,0.02426521
id04587,0.0070523643,0.9851718,0.0077758227
id25470,0.0072791157,0.9846005,0.008120441
id01212,0.0065533,0.9859845,0.00746221
id13932,0.9832076,0.007998843,0.008793593
id00124,0.014342122,0.007318089,0.9783398
id01592,0.9848505,0.0075562317,0.0075932182
id13461,0.9859184,0.0069754845,0.0071061198
id24681,0.0059735985,0.0059619425,0.98806447
id23245,0.006373891,0.006123728,0.9875024
id14073,0.9860671,0.006922244,0.0070106843
id05172,0.98476046,0.007482115,0.00775741
id21979,0.98427135,0.007921939,0.0078067407
id00328,0.98460823,0.00771843,0.0076733376
id26102,0.98436177,0.0077618444,0.00787638
id14867,0.006173263,0.0060834927,0.98774326
id27544,0.0066668577,0.9855919,0.007741246
id16228,0.98443717,0.007777615,0.0077852136
id16342,0.006585786,0.9860457,0.007368531
id24933,0.985669,0.0068857456,0.007445266
id04601,0.9847246,0.0073730447,0.007902402
id01599,0.0065908795,0.9858452,0.0075638634
id06238,0.98612136,0.0067293243,0.0071493513
id06826,0.05444947,0.8770552,0.06849531
id23307,0.9843155,0.0077312207,0.007953301
id13575,0.98647666,0.0066989595,0.0068244166
id24174,0.98472583,0.0075774426,0.00769677
id19534,0.007987007,0.9855952,0.00641774
id19602,0.0063725733,0.0063291593,0.98729825
id26962,0.0054885224,0.9873671,0.0071444144
id04448,0.026371181,0.9610005,0.012628344
id09786,0.006508945,0.9860285,0.007462543
id25240,0.985063,0.007654424,0.007282535
id14893,0.9834786,0.007954303,0.008567122
id24221,0.9837163,0.008018628,0.008265091
id04696,0.9844817,0.007709906,0.0078084087
id15153,0.00905109,0.9827799,0.008168998
id13882,0.0068052714,0.9856324,0.007562231
id17836,0.00617329,0.9867835,0.0070432373
id00574,0.0074525387,0.9847067,0.007840762
id02078,0.006684016,0.9852378,0.008078224
id21206,0.0082809,0.98463607,0.00708303
id20084,0.07175887,0.012756188,0.91548496
id26598,0.0062689255,0.006232301,0.9874988
id06838,0.006378484,0.006372257,0.98724926
id08786,0.0058969986,0.006246746,0.98785627
id09550,0.0059491433,0.0061800913,0.98787075
id10206,0.9835134,0.008271459,0.008215108
id21113,0.9845404,0.007635435,0.0078241415
id21151,0.8578263,0.1229046,0.019269109
id02692,0.9840321,0.007812468,0.008155477
id26446,0.006070011,0.006448885,0.98748106
id07377,0.13530733,0.84407145,0.02062127
id15998,0.98815596,0.0053083343,0.0065357415
id19637,0.98485154,0.0073524234,0.0077961013
id19735,0.006844431,0.9855126,0.007642975
id13739,0.9860724,0.0070726112,0.0068550105
id25175,0.98445195,0.007732292,0.007815802
id00563,0.007908736,0.007539203,0.9845521
id09982,0.98503083,0.007404204,0.007564999
id15459,0.0071898554,0.9849521,0.007858049
id20785,0.0063730436,0.0062558847,0.9873711
id07145,0.0061858767,0.005983859,0.9878303
id22204,0.0049442165,0.98934835,0.005707454
id09285,0.98448044,0.0076498967,0.007869641
id18157,0.0058700885,0.005968354,0.98816156
id12134,0.0060549774,0.0060196025,0.9879254
id23914,0.98499507,0.0074401754,0.007564725
id10483,0.9846401,0.008073323,0.0072865207
id07092,0.9858817,0.006222095,0.007896249
id14786,0.006124183,0.006300101,0.9875757
id25741,0.9850081,0.0073751677,0.007616715
id09050,0.0051504704,0.9892039,0.005645647
id04938,0.98443717,0.007538323,0.0080245035
id05901,0.005457876,0.005953467,0.9885887
id16975,0.0064027435,0.98617715,0.007420063
id08547,0.006305302,0.0062684654,0.9874263
id16355,0.9838499,0.0080040675,0.0081460085
id14568,0.98575956,0.0069811745,0.007259273
id25599,0.008279569,0.9844777,0.0072427564
id01670,0.006720297,0.9857607,0.0075190295
id23945,0.006991346,0.9843078,0.00870087
id17394,0.0065229507,0.0062914654,0.9871856
id06501,0.010727846,0.0074164625,0.9818557
id26234,0.0065926025,0.98610294,0.0073044756
id21280,0.0062267845,0.006184364,0.9875888
id20048,0.0068838843,0.006750738,0.9863653
id01216,0.98663217,0.006628427,0.006739388
id25320,0.984945,0.0075274953,0.0075274953
id22833,0.006156644,0.0058689765,0.9879744
id22056,0.0063801366,0.9894357,0.004184196
id02275,0.007268862,0.98513573,0.007595417
id26127,0.9856521,0.0071599195,0.007187943
id17011,0.0072673317,0.9849283,0.0078043262
id13847,0.98279357,0.008653616,0.008552798
id00013,0.0066099926,0.98581165,0.0075783934
id16463,0.9857178,0.0069876993,0.0072944956
id04845,0.0061871167,0.98706394,0.0067489254
id01787,0.018484,0.009087906,0.9724281
id08637,0.9847808,0.007431296,0.0077879312
id11414,0.0051116724,0.0054360353,0.9894523
id13177,0.0059752655,0.9854489,0.008575906
id24517,0.98336166,0.008237941,0.00840042
id26838,0.9845517,0.0075318413,0.007916461
id23081,0.0065412126,0.98608994,0.007368861
id16327,0.006795488,0.01186836,0.9813362
id27282,0.011100231,0.9808419,0.0080579035
id07489,0.0062745125,0.006311385,0.9874141
id01718,0.0066812825,0.006558456,0.98676026
id15441,0.82476115,0.15353699,0.021701872
id27736,0.0064035268,0.9862977,0.007298787
id16324,0.012527148,0.7811058,0.20636694
id12027,0.00567513,0.0057645,0.9885604
id24653,0.006641638,0.98570645,0.0076519474
id17541,0.98608035,0.0070176283,0.006902086
id22406,0.004502463,0.0050277687,0.99046975
id18356,0.9848505,0.007548856,0.0076006367
id04505,0.98232055,0.008632573,0.009046859
id04246,0.9844025,0.0076046023,0.007992937
id07368,0.98436123,0.00773158,0.007907203
id26185,0.005847878,0.0058765016,0.98827565
id08878,0.006131428,0.0060896566,0.9877789
id27691,0.0062995697,0.006207963,0.98749244
id18004,0.98703045,0.006715824,0.0062537263
id24426,0.98398364,0.0077892304,0.008227067
id14164,0.98341703,0.008190275,0.0083926935
id12653,0.00695131,0.9853843,0.007664401
id18060,0.98548186,0.0074220765,0.0070960405
id18556,0.98325825,0.00836679,0.008374965
id27371,0.006514867,0.006559555,0.9869256
id11989,0.008343668,0.9834179,0.008238412
id26095,0.9847788,0.0073950845,0.007826036
id24978,0.986086,0.006855105,0.007058908
id20322,0.98639685,0.0066853473,0.0069178008
id01954,0.98421824,0.007829223,0.007952514
id07434,0.9827937,0.00864517,0.008561155
id18144,0.00627482,0.006262576,0.9874626
id16250,0.006415321,0.98618627,0.0073984247
id17793,0.0061785155,0.006202698,0.9876188
id24067,0.01925483,0.023545481,0.9571997
id13891,0.006523429,0.0062186234,0.98725796
id07334,0.0061034146,0.9871143,0.0067823054
id15633,0.006644296,0.986101,0.007254699
id23239,0.9857742,0.0070017613,0.007224021
id10674,0.0064337826,0.0064715915,0.9870946
id22093,0.9837483,0.008034566,0.008217071
id08444,0.007102563,0.98542494,0.007472555
id03257,0.006136867,0.0061729313,0.9876902
id10040,0.98496616,0.0074545024,0.0075792917
id04902,0.00584247,0.0058310702,0.9883265
id01219,0.984437,0.0077472916,0.007815682
id01340,0.9825405,0.008542249,0.008917299
id05117,0.0063725803,0.9863355,0.007291943
id04908,0.0059448816,0.0059274905,0.98812765
id03626,0.006101889,0.0060662404,0.9878319
id01888,0.98326963,0.00816509,0.008565301
id17199,0.0067523876,0.006641213,0.9866064
id11200,0.9843179,0.008717969,0.0069641606
id27561,0.0067134206,0.0066093383,0.9866772
id20966,0.0070852777,0.9849486,0.0079661915
id10257,0.006884938,0.98555344,0.007561625
id21168,0.0069842013,0.98522437,0.007791439
id23363,0.005959868,0.006319512,0.9877206
id05321,0.9853747,0.006717665,0.007907619
id09928,0.00629429,0.0060768514,0.9876289
id18015,0.9834238,0.007992793,0.008583393
id02082,0.006998763,0.98535204,0.007649196
id19279,0.98410505,0.008188005,0.0077069565
id08541,0.0058425386,0.9873733,0.0067840847
id15249,0.007181944,0.9848295,0.007988598
id03609,0.0069839885,0.9851943,0.007821696
id22902,0.0060489955,0.0060371924,0.9879138
id17733,0.98400027,0.0078045903,0.008195132
id07554,0.0059201582,0.0062103337,0.9878695
id14120,0.98506653,0.0075578894,0.007375605
id21802,0.008245381,0.98328894,0.008465679
id15614,0.00681973,0.9857992,0.007381091
id19437,0.005996769,0.0059733894,0.9880299
id22698,0.98401666,0.007819979,0.008163318
id21841,0.006438804,0.9859373,0.0076239
id16177,0.98437524,0.007537849,0.008086932
id15887,0.00725544,0.00557926,0.98716533
id22629,0.97895914,0.006939788,0.014101139
id10346,0.9857577,0.0073019187,0.0069403755
id05154,0.9847695,0.007540868,0.0076895985
id22913,0.9060676,0.07401229,0.019920137
id10544,0.0059310105,0.9877493,0.0063196956
id08703,0.007086784,0.98419636,0.008716893
id12817,0.004392787,0.004414289,0.99119294
id25433,0.9857049,0.0070149563,0.0072801677
id25112,0.0062448275,0.0062022842,0.9875529
id05054,0.007163115,0.9851295,0.007707448
id02311,0.006144449,0.98698086,0.0068747397
id22160,0.00660368,0.9858326,0.0075637666
id17422,0.9844626,0.007582818,0.007954489
id18985,0.9855962,0.0071316003,0.0072722593
id21905,0.006863794,0.0067639826,0.9863722
id17474,0.83370095,0.017747868,0.1485512
id15236,0.0066941744,0.985772,0.007533816
id13964,0.9843602,0.0076939124,0.007945899
id15962,0.006897536,0.98543024,0.007672247
id20866,0.006457123,0.0057655615,0.9877773
id06625,0.0058811526,0.9813608,0.012758106
id09793,0.98520005,0.007240996,0.007558914
id17365,0.006897017,0.98535603,0.0077469563
id18463,0.0064849937,0.9862451,0.007269945
id20693,0.02354398,0.90885943,0.06759659
id08785,0.007337054,0.9847142,0.007948756
id06783,0.0071554137,0.98503184,0.007812773
id23178,0.006604712,0.0064454162,0.98694986
id13513,0.0072583207,0.98466814,0.008073553
id25361,0.8275766,0.016598662,0.15582481
id22319,0.0060284548,0.005559099,0.98841244
id14024,0.009818126,0.006156038,0.9840259
id24186,0.0071550305,0.98497903,0.007865942
id20965,0.98347855,0.010404805,0.006116669
id06242,0.006875363,0.0070178173,0.9861069
id25665,0.005870361,0.0059221834,0.98820746
id09706,0.9846889,0.007584561,0.007726605
id11026,0.0072311326,0.9848193,0.007949605
id04223,0.98461664,0.0074664257,0.007916983
id19674,0.006916003,0.985178,0.007906041
id23420,0.0063610743,0.006195543,0.9874434
id18059,0.0074311956,0.9857296,0.0068392553
id22576,0.97996885,0.011014797,0.009016392
id18495,0.005789394,0.9879935,0.0062171817
id14139,0.9865806,0.0066540227,0.006765412
id18313,0.0066323024,0.9862453,0.007122373
id27356,0.9846143,0.007591397,0.0077942233
id16035,0.0059794695,0.0059503443,0.9880702
id04182,0.98469675,0.0076366477,0.007666536
id15667,0.9839048,0.007796216,0.0082990285
id08713,0.9846506,0.007547324,0.0078021255
id25563,0.0067137326,0.9857599,0.0075263693
id17023,0.984729,0.00782564,0.007445433
id03014,0.0074584964,0.9845319,0.008009617
id23812,0.0060881693,0.9875377,0.006374119
id20057,0.9839892,0.008060112,0.007950664
id12385,0.9867627,0.007112205,0.0061251204
id24416,0.007006435,0.98546946,0.0075241514
id15672,0.0076845638,0.041259352,0.9510561
id13868,0.9839533,0.007811842,0.008234851
id21095,0.008075155,0.045715377,0.9462095
id05305,0.0055484753,0.9884522,0.0059993323
id15384,0.0057401564,0.0060215094,0.9882384
id14049,0.98414236,0.007983025,0.007874625
id23441,0.9841732,0.007897977,0.007928888
id12856,0.0059107635,0.005859041,0.98823017
id16055,0.0069913007,0.006782821,0.98622584
id24771,0.9838815,0.008027811,0.008090773
id14053,0.9844304,0.0075530084,0.008016616
id19547,0.005802399,0.0059168413,0.9882808
id03639,0.006870727,0.9854419,0.007687338
id14546,0.9846175,0.007481029,0.007901542
id13935,0.9845962,0.007510147,0.007893659
id20335,0.1658356,0.8207677,0.013396665
id07301,0.005892721,0.0060030795,0.9881042
id10186,0.9873029,0.0064477217,0.006249346
id00192,0.9850817,0.0074118213,0.007506516
id17851,0.98360157,0.007963072,0.0084353555
id08403,0.007122574,0.9853103,0.007567146
id06183,0.97461593,0.013619952,0.011764086
id24738,0.0057776324,0.9879139,0.0063084154
id15112,0.00534536,0.98826957,0.006385076
id19819,0.0062629967,0.006208192,0.9875288
id17722,0.006318165,0.0061718053,0.98751
id24273,0.009815091,0.93410146,0.05608346
id18939,0.0059286086,0.0057574385,0.988314
id16076,0.899267,0.08352242,0.017210597
id23158,0.0062862346,0.006385228,0.9873285
id12745,0.98384213,0.008004005,0.008153903
id22538,0.9769015,0.0067912554,0.016307293
id14975,0.049659226,0.9326645,0.017676309
id27537,0.9844849,0.0074508605,0.008064172
id06632,0.31717873,0.020148257,0.66267306
id08100,0.0056096585,0.98770916,0.0066811796
id00843,0.9841638,0.0077982685,0.00803796
id22159,0.008526221,0.006938541,0.9845352
id18672,0.9863456,0.0067571984,0.0068972046
id06916,0.48214746,0.48687902,0.030973528
id22212,0.9844876,0.0076350253,0.007877387
id00273,0.006384556,0.006390794,0.98722464
id26325,0.0055206474,0.9883086,0.006170767
id23683,0.0070650256,0.98501486,0.007920185
id14419,0.007012192,0.98531646,0.0076713613
id11931,0.0067012594,0.9858521,0.0074466495
id00568,0.0075380863,0.98440623,0.008055657
id12271,0.9842025,0.0078061945,0.007991313
id12622,0.9848467,0.007750516,0.00740282
id03156,0.0064188032,0.98672163,0.0068595237
id25592,0.9848214,0.007585582,0.0075929933
id24367,0.98435736,0.007626564,0.008016021
id16007,0.006553402,0.0064833807,0.9869632
id04785,0.0066919713,0.0068976576,0.9864104
id07888,0.006013334,0.0061259503,0.98786074
id13557,0.0070657856,0.9851208,0.007813478
id20726,0.9859764,0.006854343,0.007169273
id09580,0.984979,0.0076388363,0.007382155
id05173,0.0072116773,0.98505133,0.0077370005
id10394,0.006971563,0.9853642,0.007664245
id03926,0.0068638083,0.98541147,0.007724727
id07264,0.9844801,0.007634967,0.007885023
id01862,0.0073313504,0.9849101,0.0077585885
id20808,0.0065355687,0.9862018,0.0072625293
id26658,0.9848173,0.007294953,0.007887725
id04479,0.98476297,0.007622259,0.0076148193
id17445,0.0066157077,0.008645379,0.9847389
id04430,0.006282677,0.9867698,0.0069475016
id06052,0.98623335,0.0068160733,0.0069505083
id11485,0.0075783934,0.98581165,0.0066099926
id13060,0.98427135,0.007921939,0.0078067407
id20873,0.98222506,0.008640168,0.009134753
id21927,0.0062553063,0.98631626,0.0074283606
id02736,0.012123913,0.22150679,0.76636934
id11234,0.0578835,0.91926,0.022856444
id27894,0.9846873,0.0075255265,0.0077871922
id23208,0.008572645,0.96980196,0.021625416
id18470,0.794784,0.015375231,0.18984078
id23172,0.005466722,0.98922443,0.005308887
id08752,0.2144911,0.013096825,0.7724121
id14242,0.006241923,0.0057000103,0.9880581
id22908,0.005527636,0.005878394,0.98859394
id17454,0.005343102,0.0058396654,0.9888172
id23797,0.97986907,0.013130253,0.007000718
id03788,0.98539156,0.0070333024,0.007575164
id23682,0.0059242174,0.0064937845,0.987582
id07179,0.98545027,0.007313912,0.0072357655
id09746,0.007115407,0.98528063,0.0076039564
id26613,0.0064904974,0.006427422,0.98708206
id05142,0.9839811,0.007927341,0.008091591
id04825,0.006804615,0.9855373,0.007658109
id13691,0.9830959,0.008538736,0.0083654085
id14183,0.006257337,0.006142304,0.9876003
id19519,0.006210762,0.005851589,0.9879376
id26685,0.98628575,0.005386981,0.008327241
id07937,0.7224941,0.021647649,0.2558582
id10574,0.006978483,0.9853795,0.0076419427
id15310,0.0069179432,0.98545444,0.007627611
id27311,0.005995883,0.006120115,0.987884
id11590,0.98618084,0.0068893214,0.0069298064
id19798,0.00695647,0.98515314,0.007890414
id12201,0.006606543,0.98722345,0.0061700144
id12460,0.0051018577,0.005415011,0.9894832
id12019,0.9835308,0.008001472,0.008467762
id08046,0.9843842,0.007868872,0.007746876
id02989,0.007246929,0.0048180763,0.987935
id26905,0.005853792,0.0058366675,0.98830956
id09779,0.98384017,0.007788095,0.0083717415
id04359,0.98654723,0.0066278568,0.0068249046
id01526,0.9845562,0.0076804287,0.007763378
id22325,0.89689094,0.08734211,0.015766993
id27878,0.98563004,0.0072867274,0.0070832595
id06413,0.006470834,0.98601556,0.007513632
id12616,0.003964092,0.00692331,0.98911256
id05301,0.98500943,0.0074257664,0.007564835
id13258,0.0069781137,0.0057681357,0.9872537
id08789,0.006352398,0.98609656,0.00755103
id11776,0.006618188,0.98607045,0.0073113716
id21899,0.98373336,0.0080737695,0.008192909
id18108,0.007817918,0.005538324,0.98664373
id23585,0.9845999,0.007955599,0.007444457
id22122,0.00705007,0.0061732475,0.9867767
id22855,0.72887695,0.24981087,0.021312172
id19551,0.98418295,0.007700043,0.008116997
id18535,0.0066745253,0.98576224,0.0075632273
id15115,0.012716434,0.0062583135,0.9810253
id00678,0.98396,0.008251008,0.0077890432
id21876,0.009559127,0.98174566,0.008695188
id01553,0.9821207,0.008922197,0.008957119
id09456,0.9847103,0.0075477813,0.007741879
id01455,0.27811345,0.6950923,0.026794197
id02454,0.006630565,0.98598695,0.0073824967
id07911,0.011244878,0.0067080692,0.9820471
id13383,0.9846742,0.00772649,0.007599276
id19953,0.006076739,0.006312641,0.98761064
id10316,0.98829913,0.005278086,0.00642279
id01991,0.006060571,0.0060664928,0.98787296
id19176,0.98518527,0.0072338195,0.007580978
id06744,0.9852952,0.0074134273,0.007291368
id09999,0.982651,0.006336387,0.011012634
id11253,0.0062157107,0.006024474,0.98775977
id15089,0.0069730044,0.9855679,0.007459057
id16821,0.006324678,0.006112155,0.98756313
id08256,0.9839504,0.007950351,0.008099245
id14844,0.98687625,0.0057490626,0.0073747374
id25950,0.0069441544,0.9853317,0.0077241017
id11961,0.0072060334,0.9852421,0.0075518577
id00092,0.0057128225,0.0059403963,0.98834676
id13083,0.0063481606,0.0062864684,0.98736537
id25825,0.98397374,0.00795054,0.008075743
id03045,0.006055261,0.005973038,0.9879717
id19037,0.30181167,0.6758395,0.022348871
id24357,0.014755187,0.008742158,0.97650266
id24449,0.98772466,0.006221563,0.006053747
id22847,0.0060352916,0.98760265,0.0063621
id27720,0.9835503,0.008072267,0.008377452
id11619,0.98465997,0.0076887426,0.0076512913
id03129,0.985933,0.0072463835,0.006820656
id04264,0.007373328,0.98476243,0.007864212
id19748,0.0066600386,0.0068313056,0.98650867
id20851,0.0057519837,0.005905664,0.98834234
id13277,0.98479027,0.0073376205,0.007872118
id06419,0.0067530186,0.9857355,0.007511498
id00581,0.98558193,0.007124537,0.00729349
id08765,0.9840239,0.007804778,0.0081713535
id13492,0.0056682373,0.9873597,0.006972051
id12049,0.0072513437,0.98468286,0.008065794
id12700,0.9843343,0.007626385,0.008039352
id07697,0.98400706,0.0076686526,0.008324243
id00262,0.0057962057,0.9872259,0.006977917
id20969,0.0064306557,0.98276836,0.0108009195
id18465,0.006275164,0.0062081157,0.9875167
id10027,0.0057366206,0.98474044,0.009522965
id03007,0.0065728733,0.98411244,0.009314609
id23465,0.9868434,0.0065526064,0.0066039995
id09086,0.9819936,0.008757043,0.00924928
id08015,0.006917581,0.9854028,0.00767953
id04285,0.9802726,0.006808039,0.012919388
id04356,0.0071869283,0.0073001054,0.985513
id03554,0.9842486,0.007522173,0.008229282
id06922,0.9848721,0.0076156636,0.007512252
id15733,0.006513916,0.9858183,0.007667777
id24934,0.006026468,0.005886865,0.9880867
id05529,0.9849665,0.0074763764,0.007557122
id00298,0.006531183,0.9865028,0.006966001
id08158,0.98461527,0.007636016,0.0077486946
id15135,0.0059235487,0.00564126,0.9884352
id06574,0.98642635,0.0056961575,0.0078775
id20017,0.007191648,0.9851976,0.007610745
id14386,0.006269532,0.006136271,0.98759425
id24226,0.98490876,0.0075640623,0.0075272187
id24212,0.0070613096,0.0074801114,0.98545855
id14116,0.006020133,0.005967453,0.98801243
id14500,0.0059326226,0.0060496326,0.9880178
id22744,0.0066869883,0.0066739405,0.986639
id16163,0.9833529,0.008039183,0.008607956
id17883,0.98436356,0.0075968783,0.008039592
id04631,0.006515075,0.0065278127,0.98695713
id26517,0.005330889,0.0052175797,0.9894516
id12655,0.006800257,0.98586845,0.0073313215
id01505,0.006158656,0.98636895,0.0074724136
id00104,0.0057531255,0.0057083545,0.98853856
id20387,0.00635455,0.98643064,0.0072147264
id02843,0.005896389,0.0053844745,0.98871917
id04361,0.005937532,0.0061921705,0.9878703
id26813,0.9846443,0.007764072,0.007591628
id01466,0.007087494,0.9852566,0.007655928
id17090,0.013739982,0.9784159,0.007844111
id06691,0.0058313687,0.005791642,0.98837703
id09408,0.9850884,0.007382975,0.0075285914
id15285,0.98402035,0.007982035,0.007997641
id16283,0.9845275,0.0075096237,0.007962787
id12607,0.9843696,0.007845736,0.0077846795
id25965,0.0068801534,0.0063259266,0.98679394
id07268,0.0069918744,0.98534405,0.0076640886
id13529,0.0055826814,0.005681682,0.9887356
id11969,0.0071556317,0.9850618,0.00778255
id20299,0.0063595404,0.98624164,0.00739884
id08770,0.006377398,0.006541397,0.9870812
id20730,0.00652323,0.006248872,0.9872279
id06333,0.006911083,0.98543906,0.007649871
id27451,0.9831354,0.008308752,0.008555774
id12111,0.0069912546,0.0067894035,0.98621935
id06609,0.0061269794,0.0058464045,0.9880266
id12299,0.98434377,0.007663788,0.00799246
id23264,0.9844362,0.0076945066,0.007869288
id04222,0.98550504,0.007144883,0.0073501207
id17229,0.0071908943,0.9850944,0.0077147046
id24365,0.006471795,0.0064026457,0.9871256
id18294,0.0071224156,0.98528844,0.0075891796
id04493,0.98517925,0.0069838814,0.007836867
id27575,0.98428243,0.0076707983,0.008046782
id03801,0.98344743,0.008425801,0.008126788
id11611,0.0063056857,0.0062079253,0.98748636
id01632,0.00697752,0.0058527538,0.98716974
id06510,0.0050540348,0.005118606,0.9898274
id20431,0.009447343,0.0059700133,0.98458266
id23529,0.007713122,0.016012855,0.976274
id13951,0.005637283,0.005659347,0.9887034
id00803,0.003948283,0.9909572,0.0050945105
id06737,0.9887727,0.005704133,0.0055232393
id24288,0.98458743,0.00748811,0.007924483
id08385,0.9868806,0.006482838,0.006636575
id22859,0.0069650128,0.98540026,0.007634644
id22234,0.0065939017,0.98629725,0.0071088504
id10365,0.0071279868,0.98509675,0.00777523
id00865,0.0060148137,0.005881221,0.9881039
id19405,0.008765676,0.0063507822,0.9848835
id11246,0.0063157324,0.005589967,0.9880943
id19587,0.005892652,0.006014745,0.9880926
id24614,0.007018573,0.9852504,0.007731011
id23623,0.98496175,0.0073245787,0.0077136657
id15271,0.055639528,0.014707058,0.92965347
id20478,0.0059723603,0.006167963,0.98785967
id25277,0.9857611,0.0067928797,0.0074459617
id22004,0.98440284,0.0076120347,0.007985138
id16728,0.0063243257,0.9865442,0.007131493
id06907,0.006715431,0.9860093,0.0072753076
id11895,0.006149581,0.9868411,0.007009339
id13802,0.0066776983,0.98719454,0.006127801
id18459,0.0066755502,0.98591363,0.0074108397
id21371,0.98355305,0.008223467,0.008223467
id11408,0.0067732413,0.9857951,0.0074316896
id05442,0.98660547,0.007741644,0.0056528556
id21499,0.0056102397,0.0065782787,0.9878115
id18066,0.004706627,0.9908676,0.004425787
id23617,0.0059914016,0.005898514,0.98811007
id07725,0.0058620498,0.0054003727,0.9887376
id24627,0.9860118,0.0068814172,0.007106793
id19108,0.9846578,0.0078021823,0.0075400127
id11800,0.00619267,0.0058573796,0.98794997
id14588,0.9846178,0.007488341,0.007893832
id27474,0.9842711,0.007791506,0.007937424
id07924,0.98334324,0.008165701,0.008490985
id10772,0.9845464,0.0075834636,0.007870168
id19235,0.90725124,0.017619621,0.07512914
id13647,0.008344995,0.9826142,0.009040731
id08673,0.9862254,0.0067695836,0.007004966
id24850,0.0053162607,0.9886655,0.0060182326
id11764,0.984721,0.0074381055,0.007840876
id05197,0.983561,0.008223533,0.008215507
id23600,0.0064020343,0.006566667,0.9870313
id14699,0.006256384,0.9864861,0.007257532
id26801,0.005216641,0.0055098706,0.9892735
id25664,0.98497194,0.007389315,0.007638782
id07809,0.9723238,0.018391993,0.009284271
id13081,0.006458842,0.0064651533,0.987076
id11381,0.006563826,0.006831967,0.9866042
id14721,0.9854098,0.0066591194,0.007931102
id07800,0.9771846,0.0082503995,0.014564994
id13883,0.98462796,0.007824837,0.0075471504
id04488,0.9844057,0.0076867575,0.00790756
id03530,0.97964305,0.0088736545,0.011483362
id15823,0.0059156823,0.005997116,0.9880872
id11701,0.9847115,0.007629308,0.0076591684
id07806,0.007330002,0.9847289,0.007941116
id19036,0.0069091385,0.9851618,0.007929105
id20765,0.98522216,0.0072482335,0.0075296136
id26691,0.0044162343,0.004921857,0.9906619
id02642,0.0059322347,0.00611457,0.9879532
id06475,0.9847921,0.007592768,0.0076150447
id19019,0.98562455,0.007201794,0.007173717
id14616,0.006465072,0.006471388,0.9870635
id08537,0.9852034,0.00737663,0.007419979
id19126,0.005983312,0.0062765833,0.9877401
id01774,0.006478721,0.006303968,0.98721737
id08623,0.9847446,0.0074601076,0.0077952547
id17150,0.0062507386,0.006226369,0.9875229
id06325,0.0065175747,0.0061466587,0.98733574
id23161,0.005851089,0.0062957196,0.98785317
id09876,0.986285,0.006737017,0.006978078
id01551,0.8530522,0.037590463,0.10935741
id12334,0.006984095,0.98520935,0.007806553
id03577,0.007985118,0.0056900117,0.98632485
id20706,0.9840152,0.007789481,0.008195257
id23704,0.007136421,0.96529907,0.027564527
id10029,0.0070796637,0.98512965,0.0077906903
id19600,0.006825102,0.9856128,0.007562081
id22367,0.006565692,0.98592144,0.007512915
id12262,0.98372287,0.007979622,0.008297494
id09698,0.005133881,0.98891073,0.0059554065
id10919,0.9846748,0.007423244,0.007902002
id12508,0.0067677437,0.9859574,0.0072749243
id16206,0.0060808165,0.005645847,0.9882733
id25927,0.006654416,0.006706608,0.986639
id23189,0.0071540326,0.98484164,0.008004317
id00406,0.007061772,0.9855231,0.0074151424
id01257,0.008396172,0.9857481,0.0058557517
id15147,0.9841459,0.007737442,0.008116691
id24692,0.046071623,0.9399458,0.01398261
id02919,0.0066423765,0.9858161,0.007541514
id00339,0.0067918827,0.98561645,0.007591706
id20981,0.006810085,0.9853669,0.007823066
id00658,0.984945,0.0075274953,0.0075274953
id02255,0.006819119,0.006506849,0.9866741
id13282,0.98632634,0.006796775,0.0068768933
id13189,0.9848787,0.0076455213,0.00747571
id07267,0.9837854,0.007949017,0.00826567
id05272,0.98540753,0.0072142854,0.0073781586
id22653,0.9859241,0.008622039,0.005453806
id06894,0.006672838,0.0068511213,0.986476
id21657,0.9865193,0.007075816,0.006404965
id00430,0.0075515728,0.9842433,0.008205163
id21655,0.0062563876,0.0062931534,0.9874505
id04764,0.98861253,0.0054686773,0.0059188274
id08665,0.0059663854,0.006198004,0.9878356
id20985,0.0062688873,0.0062383525,0.9874928
id08095,0.005405141,0.98961055,0.004984315
id12015,0.9852578,0.007234352,0.007507858
id13210,0.33943015,0.634139,0.026430901
id24937,0.006118449,0.98665106,0.0072304467
id03675,0.0068844277,0.9854803,0.007635264
id26951,0.98709697,0.0062909,0.00661215
id06104,0.0062147486,0.0061784405,0.9876068
id20105,0.0064911963,0.98622483,0.0072840075
id20441,0.00605462,0.0060783173,0.98786706
id05660,0.9853162,0.0072701937,0.0074135857
id04078,0.0063043255,0.0064223926,0.98727334
id26101,0.005882243,0.0058421693,0.98827565
id10144,0.0074359016,0.98442924,0.0081349015
id15096,0.006630265,0.006464038,0.9869057
id11903,0.007684429,0.00628411,0.9860315
id24093,0.0057852548,0.0059630726,0.9882517
id06388,0.7186678,0.01513557,0.2661966
id01203,0.9852597,0.0073053604,0.0074349097
id18448,0.98451114,0.007672581,0.007816271
id10382,0.9873325,0.0062069576,0.006460521
id25109,0.0051612346,0.98837143,0.006467319
id15526,0.006072706,0.0060078213,0.98791945
id09411,0.0068220356,0.0070454674,0.9861325
id03937,0.9869472,0.0058343164,0.0072185043
id09740,0.0061618723,0.005989814,0.9878483
id11584,0.0061882827,0.006561711,0.98725003
id06135,0.98524475,0.0072767693,0.0074784886
id22666,0.98368526,0.007878657,0.008436073
id03104,0.98358536,0.007962939,0.008451708
id21763,0.98417205,0.008006689,0.007821214
id26344,0.006454177,0.0062190564,0.98732674
id11819,0.9848847,0.0076904977,0.0074248263
id20309,0.0070792306,0.98506945,0.007851314
id12751,0.98435146,0.007663848,0.007984721
id16205,0.9851247,0.007484883,0.007390461
id07347,0.008050919,0.0071606347,0.9847884
id20347,0.15473382,0.8158104,0.029455863
id05696,0.0063728876,0.0062802155,0.9873469
id04648,0.9815989,0.009200528,0.009200528
id19654,0.9856364,0.007062584,0.00730102
id03991,0.95665246,0.0072898795,0.036057677
id05523,0.0062279697,0.005995232,0.98777676
id27445,0.98374134,0.007871416,0.008387267
id27516,0.0068385056,0.9856215,0.0075400253
id13992,0.005955879,0.006020203,0.98802394
id02429,0.006938001,0.00667873,0.98638326
id01682,0.006674722,0.9857913,0.0075339633
id20561,0.9854393,0.0071026664,0.0074580833
id26906,0.9843066,0.0076934933,0.007999968
id01724,0.9851347,0.0072475905,0.0076176943
id25283,0.984471,0.0075977077,0.007931288
id06926,0.98722166,0.006145948,0.0066323876
id13887,0.9844295,0.007538264,0.008032281
id07530,0.9852513,0.00725553,0.0074931593
id13460,0.98455393,0.0074441093,0.008001978
id14695,0.0064027435,0.98617715,0.007420063
id08133,0.98812693,0.0049768426,0.0068961787
id06364,0.0070866714,0.006808533,0.9861048
id22368,0.006294237,0.98665655,0.0070492113
id04855,0.006459783,0.986256,0.007284238
id14016,0.0073247436,0.984984,0.007691273
id25801,0.006984042,0.98520184,0.007814121
id16241,0.0065735714,0.006321742,0.98710465
id01120,0.006647129,0.9865215,0.006831394
id00058,0.98697954,0.005260754,0.00775972
id24503,0.0065417616,0.0063219443,0.98713624
id03213,0.07340719,0.02265183,0.903941
id06040,0.98372924,0.008678789,0.0075919833
id26219,0.007031126,0.9850867,0.007882181
id23723,0.0070617213,0.98551595,0.007422333
id17565,0.98603314,0.0058346083,0.008132257
id02243,0.0063887537,0.9869094,0.006701898
id04802,0.9839934,0.007827435,0.008179084
id07148,0.006415686,0.006378205,0.9872061
id16071,0.98658514,0.0056582624,0.0077566197
id14810,0.9852106,0.007391105,0.007398327
id15386,0.9839555,0.007857768,0.00818676
id14768,0.98558205,0.0071314983,0.007286372
id05056,0.9840279,0.007958746,0.008013339
id27065,0.9847553,0.007570273,0.0076744836
id27245,0.9849577,0.007873456,0.0071688634
id25911,0.98431695,0.007830008,0.007852981
id10581,0.98348826,0.008368747,0.008143014
id21852,0.006296886,0.0066313804,0.98707175
id13922,0.980298,0.013996862,0.005705167
id21904,0.9815564,0.008417816,0.010025733
id25974,0.006002487,0.0059907753,0.9880067
id03323,0.0069133076,0.9857562,0.0073304866
id01385,0.9608809,0.029101219,0.0100179035
id20469,0.98387223,0.008339375,0.007788349
id04281,0.97826207,0.01263118,0.009106785
id17752,0.98421335,0.0076852557,0.008101409
id27768,0.9848717,0.0074902717,0.007638004
id15545,0.006667905,0.98574674,0.0075852983
id27853,0.0062462753,0.00597189,0.9877819
id10103,0.98414826,0.008204372,0.0076473155
id04374,0.0065979324,0.0065019876,0.9869001
id23102,0.0066807554,0.9857194,0.0075999172
id15727,0.0066122715,0.006272612,0.98711514
id22643,0.022998463,0.008585509,0.968416
id26174,0.006123842,0.006355364,0.9875208
id16776,0.0074301544,0.9846296,0.007940316
id11156,0.98429596,0.0076335394,0.0080705015
id18288,0.0063544405,0.0062681544,0.98737735
id21487,0.0040511964,0.0046538003,0.991295
id06888,0.98517483,0.0073836227,0.0074415333
id24094,0.9623416,0.008053981,0.029604435
id21383,0.985095,0.007928568,0.006976468
id10309,0.0074461913,0.0057991003,0.9867547
id09189,0.98541903,0.007130319,0.0074506504
id26844,0.23848298,0.023161948,0.7383551
id02103,0.0059461985,0.005707246,0.9883465
id13699,0.005870699,0.005864968,0.9882643
id05005,0.0063291593,0.0063725733,0.98729825
id19814,0.98440087,0.007574942,0.008024208
id24703,0.98625386,0.006849579,0.0068965633
id04594,0.0061004153,0.006306368,0.98759323
id13789,0.98384804,0.007934012,0.008217904
id01938,0.0052855825,0.9887368,0.005977663
id24274,0.0065587275,0.0056761056,0.9877652
id13727,0.98453325,0.007650307,0.007816446
id19335,0.0062452788,0.0061304676,0.9876242
id21064,0.0054912088,0.00569325,0.98881555
id04044,0.0071573984,0.985305,0.007537604
id01696,0.005719961,0.0056643733,0.9886157
id05601,0.0066739405,0.0066869883,0.986639
id13591,0.98492277,0.007476045,0.007601194
id09164,0.006379977,0.9865166,0.007103491
id16563,0.006148865,0.006160886,0.9876902
id00380,0.9835755,0.008111987,0.008312471
id04612,0.0063184304,0.006130017,0.98755157
id17341,0.0067133335,0.0066221748,0.9866645
id23426,0.00709421,0.98522764,0.0076781646
id02177,0.9870522,0.0062906146,0.006657203
id24279,0.006200505,0.0065298798,0.98726964
id07226,0.9849513,0.007608842,0.0074398452
id23305,0.98373294,0.008216943,0.008050147
id00684,0.19955915,0.023263365,0.7771775
id22025,0.0060135843,0.0060844696,0.9879019
id26143,0.98432136,0.008000088,0.0076785963
id12002,0.0057646963,0.9866651,0.0075701545
id04610,0.93131095,0.05261799,0.016071107
id27224,0.006109581,0.0057787886,0.9881116
id10716,0.006507835,0.98682356,0.006668673
id14057,0.98398745,0.007873385,0.008139195
id14982,0.98429227,0.0077234926,0.007984241
id00401,0.98382586,0.0079804575,0.008193679
id12248,0.98432136,0.0076785963,0.008000088
id04641,0.0069244965,0.0047591324,0.98831636
id01658,0.9869932,0.0066050016,0.006401787
id03153,0.0070106364,0.0069289603,0.9860604
id27961,0.62559235,0.017955882,0.35645175
id15984,0.9828713,0.008355333,0.008773433
id01789,0.98674166,0.006629163,0.006629163
id27264,0.005989851,0.0061558955,0.9878543
id05158,0.0064031687,0.006390675,0.98720616
id14265,0.020525876,0.009610894,0.96986324
id20696,0.97300065,0.0056076674,0.021391677
id01133,0.81085324,0.018089883,0.1710568
id24953,0.9841425,0.007890021,0.00796745
id11298,0.0061435597,0.006054222,0.9878022
id20917,0.98721343,0.0065742955,0.0062122727
id25275,0.005922528,0.98730046,0.0067769624
id00850,0.9872608,0.0063042454,0.006434866
id23225,0.006342763,0.9865259,0.0071313605
id15602,0.006360765,0.0062438315,0.9873954
id12160,0.98146456,0.012163272,0.0063721472
id25388,0.006925271,0.9855354,0.0075393664
id13837,0.0072868653,0.9846866,0.0080265375
id06804,0.0063669016,0.006249855,0.98738325
id19978,0.0062084366,0.98660374,0.0071878596
id27563,0.0064786,0.006322346,0.987199
id23762,0.02106753,0.9648298,0.014102693
id22734,0.0072614406,0.9850914,0.0076471725
id09094,0.9864444,0.0068175322,0.0067381063
id27270,0.0067531667,0.9857572,0.0074896878
id05043,0.0073244125,0.98493946,0.0077361213
id15290,0.006670081,0.98606837,0.007261547
id26333,0.9839803,0.007896429,0.008123254
id26111,0.98403835,0.008300155,0.00766141
id23029,0.007494678,0.0070543624,0.985451
id11837,0.9847251,0.00728715,0.007987753
id03497,0.9849621,0.007706139,0.007331738
id19290,0.9861665,0.0070045474,0.006828936
id08008,0.9852504,0.0077992585,0.006950366
id24949,0.006615569,0.9856802,0.00770423
id25023,0.00601478,0.005886934,0.9880983
id02205,0.006724257,0.9701019,0.023173887
id11041,0.9846837,0.007445091,0.007871266
id14395,0.0067323996,0.98560894,0.007658666
id01130,0.0058973697,0.9869543,0.0071484055
id21066,0.006236658,0.00557415,0.9881892
id17774,0.98408777,0.00784349,0.008068794
id24519,0.0059846453,0.00605519,0.98796016
id08460,0.007513346,0.006508612,0.98597807
id19897,0.006917789,0.98543245,0.00764982
id19028,0.9839977,0.0077589736,0.008243269
id01850,0.98312026,0.008357449,0.008522287
id22472,0.006540549,0.9859899,0.007469542
id10709,0.97963667,0.008969432,0.011393923
id17260,0.0058066044,0.96892136,0.02527205
id22262,0.9865285,0.00680481,0.0066666794
id00115,0.98448163,0.00770238,0.007816037
id17483,0.006231878,0.006336201,0.9874319
id10763,0.0064730044,0.004286759,0.9892402
id18014,0.006917633,0.9854103,0.0076720915
id20414,0.0058101504,0.006519782,0.98767006
id14244,0.00595093,0.98816746,0.0058815996
id24952,0.9854333,0.0071304217,0.0074362196
id08217,0.0065793386,0.006414388,0.9870063
id01578,0.0061604404,0.0062208953,0.9876187
id00641,0.9835991,0.008096354,0.008304558
id24982,0.9840186,0.007873635,0.008107721
id11192,0.98417515,0.007699982,0.008124863
id13759,0.0065462105,0.006610451,0.98684335
id26752,0.98412675,0.007859135,0.008014143
id06820,0.98443633,0.0077020256,0.007861608
id27298,0.9855342,0.0072647044,0.007201134
id20735,0.005456141,0.0053037885,0.98924005
id08390,0.0075954297,0.98417586,0.008228674
id18571,0.0063538924,0.0063538924,0.9872922
id05804,0.007252643,0.9848593,0.007888061
id11867,0.006090307,0.0060252342,0.98788446
id10286,0.98793435,0.0055185566,0.0065470506
id22020,0.98436826,0.0077090175,0.007922719
id25835,0.006447485,0.0062858406,0.98726666
id06583,0.984012,0.007919852,0.008068174
id21403,0.006918964,0.9855999,0.007481184
id26730,0.9844707,0.0075902897,0.007939034
id06873,0.9840605,0.007751896,0.008187634
id03552,0.9838313,0.007910669,0.008257988
id05607,0.0068839304,0.006744194,0.98637193
id26395,0.006184702,0.006172634,0.98764265
id02844,0.98447394,0.0076948013,0.007831257
id19710,0.0070179873,0.98516816,0.007813854
id17076,0.9794861,0.007953018,0.012560825
id14070,0.98303974,0.008455273,0.008504961
id17106,0.98415995,0.0077073863,0.008132677
id24689,0.98502016,0.0073107197,0.0076690544
id03718,0.0055672936,0.005529366,0.98890334
id03957,0.9851745,0.007354834,0.0074706557
id18995,0.0068305004,0.9854295,0.007739971
id11668,0.9832904,0.0083670635,0.008342586
id15721,0.9835129,0.008320063,0.00816711
id10379,0.006168142,0.9869239,0.0069079907
id15009,0.98425657,0.007867851,0.007875538
id11339,0.00631766,0.9864673,0.007214994
id18532,0.0055374713,0.9874557,0.0070068585
id16469,0.9856483,0.0066024456,0.007749254
id22464,0.0070179873,0.98516816,0.007813854
id06314,0.0058365674,0.0058708666,0.9882926
id27085,0.98482126,0.0076227104,0.0075560072
id14452,0.9841739,0.007677446,0.008148691
id14939,0.98548526,0.007214854,0.0072999
id20094,0.9849726,0.0074110003,0.0076164408
id23077,0.010106611,0.0071596648,0.9827337
id17527,0.9840305,0.007661349,0.008308199
id14895,0.9338348,0.056149643,0.010015594
id22577,0.006416439,0.006261685,0.9873219
id16111,0.008153263,0.9837648,0.008081917
id21649,0.0061777597,0.0063242614,0.987498
id22954,0.98473346,0.0075997333,0.007666822
id12624,0.0062145987,0.0062024733,0.987583
id05737,0.982933,0.008454354,0.008612686
id23937,0.0065346453,0.00643962,0.98702574
id06620,0.006328883,0.006416005,0.9872551
id18650,0.006330325,0.0061897244,0.98748
id09656,0.98492277,0.007476045,0.007601194
id10285,0.98433053,0.008197883,0.0074715493
id05729,0.0060896934,0.0061254795,0.9877848
id00102,0.006220482,0.006226559,0.987553
id26276,0.020751316,0.009683299,0.9695654
id12620,0.97498214,0.016038584,0.008979275
id17949,0.9854187,0.0074579273,0.0071233567
id15708,0.007265817,0.98472303,0.0080111725
id18300,0.8618831,0.02097433,0.1171426
id04039,0.9554699,0.037319932,0.0072101117
id12158,0.98474824,0.0073876367,0.007864099
id23197,0.0071276072,0.9850443,0.007828146
id25384,0.98574835,0.007091031,0.0071606184
id09070,0.0059658033,0.0062949937,0.9877392
id27734,0.9833031,0.008181332,0.008515551
id27332,0.98538625,0.007641995,0.006971719
id00973,0.9858919,0.0070506306,0.0070575187
id26625,0.9763391,0.013471912,0.010189014
id24578,0.006838303,0.98559237,0.0075693117
id05423,0.00695847,0.9854364,0.007605158
id19124,0.007058938,0.98512757,0.007813532
id00946,0.98428637,0.0077992394,0.007914327
id19229,0.0130973905,0.9783716,0.008530961
id05311,0.0074352934,0.9757352,0.016829489
id03289,0.9842845,0.007723432,0.007991979
id17758,0.0065404526,0.98597544,0.0074840346
id24336,0.006597666,0.985897,0.007505395
id00603,0.0058598104,0.0057802405,0.9883599
id26467,0.0068106083,0.006784056,0.9864053
id27835,0.009166348,0.053097546,0.93773615
id06861,0.007982448,0.0050591095,0.98695844
id23847,0.0063305916,0.0061478154,0.9875216
id06174,0.00685004,0.98535746,0.007792492
id10968,0.9837792,0.008003494,0.008217329
id10881,0.9853873,0.0073277433,0.007284933
id03204,0.0070586135,0.98508227,0.007859087
id21921,0.03382786,0.018230949,0.9479412
id06539,0.98332053,0.008213498,0.008465951
id08880,0.008470385,0.0086543355,0.9828753
id14725,0.006667989,0.00660964,0.98672235
id26107,0.0060374066,0.00601387,0.9879488
id07874,0.0070870146,0.98519003,0.007722991
id23638,0.98537314,0.007081413,0.0075454903
id13498,0.006328525,0.006472278,0.98719925
id18940,0.0064776703,0.006465031,0.98705727
id02120,0.98484105,0.00771272,0.00744628
id26663,0.98713195,0.006835622,0.006032415
id20127,0.0058991974,0.0058761984,0.9882246
id27922,0.005860853,0.0056033987,0.98853576
id15106,0.9771857,0.0093306955,0.013483594
id22158,0.0074100117,0.006786541,0.9858035
id17029,0.0074311257,0.98475826,0.0078106024
id02554,0.011978522,0.0072017657,0.98081976
id18454,0.0062634875,0.006130356,0.98760617
id09016,0.007971492,0.007386837,0.9846417
id02307,0.9856175,0.0071666637,0.0072158226
id01650,0.0062813708,0.006190029,0.98752856
id01254,0.0067596217,0.9857362,0.0075041708
id12921,0.006571748,0.006597469,0.98683083
id05721,0.006096329,0.0060076783,0.98789597
id05798,0.006373479,0.98647463,0.0071519124
id04417,0.0059974273,0.0058642207,0.9881384
id19620,0.9832326,0.008269098,0.008498326
id22680,0.006712886,0.98563564,0.0076513975
id21992,0.0067350655,0.0063023414,0.9869626
id22823,0.0072238436,0.9847879,0.007988262
id12750,0.06970613,0.70745283,0.22284101
id23220,0.0062430487,0.0064854063,0.98727155
id11851,0.076379515,0.016234372,0.9073861
id27438,0.9849476,0.007713555,0.007338793
id00797,0.0065657124,0.006546505,0.98688775
id08593,0.9882401,0.004876376,0.006883511
id01042,0.0058652028,0.005830937,0.9883039
id19898,0.22898774,0.7486254,0.022386836
id24615,0.006825519,0.006538446,0.986636
id18594,0.007114588,0.006755719,0.9861297
id08534,0.006274782,0.0062686577,0.9874566
id03889,0.98382646,0.008169714,0.0080038775
id04873,0.9855545,0.0071522226,0.0072932877
id08264,0.9848067,0.007563278,0.007630045
id10187,0.008297713,0.005067339,0.98663497
id14278,0.0063525303,0.006566995,0.9870805
id22528,0.006720592,0.98580396,0.007475429
id07416,0.005844058,0.98763007,0.0065258876
id02857,0.96900403,0.022766545,0.008229408
id03875,0.007051555,0.9850588,0.007889658
id24437,0.007272921,0.98472375,0.008003359
id24940,0.0072874897,0.9847711,0.0079414565
id15070,0.9870947,0.0064715925,0.0064337836
id14891,0.9842032,0.00784441,0.007952393
id02110,0.98610085,0.0069292444,0.006969965
id24405,0.0059159915,0.9871743,0.0069097434
id00373,0.005832599,0.0055818344,0.98858553
id12728,0.9853019,0.0074279713,0.007270088
id18958,0.98400426,0.0077363285,0.00825944
id17443,0.006739832,0.985734,0.0075261714
id03959,0.984833,0.0074316896,0.0077352854
id13218,0.11834451,0.038233694,0.84342176
id01980,0.9838187,0.008011634,0.00816965
id10697,0.9836406,0.00794009,0.00841923
id24816,0.011932716,0.007174225,0.9808931
id00088,0.0061370144,0.0061490126,0.98771393
id13846,0.0054126712,0.98809016,0.006497126
id17597,0.98548615,0.0070408494,0.0074730194
id09947,0.00672871,0.9860313,0.007240032
id12050,0.9851427,0.0063091773,0.008548162
id24060,0.0057917405,0.0058144084,0.98839384
id19942,0.98570734,0.0071463496,0.0071463496
id06541,0.22386792,0.74504817,0.031083932
id05746,0.98454124,0.007680312,0.007778438
id13577,0.054075018,0.92674726,0.01917776
id11877,0.006556353,0.98548096,0.007962718
id19491,0.8435578,0.06086889,0.09557335
id11352,0.0063676336,0.006135665,0.98749673
id12791,0.984132,0.007775204,0.008092833
id05282,0.005566193,0.0057260823,0.9887078
id26833,0.98615915,0.006808908,0.00703191
id00580,0.0060846843,0.0059786616,0.9879367
id01236,0.006260125,0.0066638687,0.987076
id05455,0.006362045,0.98663014,0.0070078406
id00069,0.0068259016,0.9857283,0.007445714
id01605,0.98355466,0.008451444,0.007993856
id17737,0.8647867,0.01717642,0.1180369
id11315,0.0059093144,0.0061028525,0.9879878
id24044,0.0074085672,0.0069801244,0.9856113
id18677,0.9842769,0.007723372,0.007999727
id17678,0.9849997,0.007346352,0.0076539316
id21528,0.9835293,0.008223268,0.008247396
id21985,0.9842575,0.0076406994,0.008101773
id12860,0.98238635,0.007087581,0.010526037
id08793,0.9840879,0.007851154,0.00806092
id09245,0.98532945,0.0072278157,0.007442701
id12523,0.0064904974,0.006427422,0.98708206
id07158,0.0065552657,0.98628026,0.0071644825
id03473,0.0064704046,0.9859502,0.007579458
id05999,0.98445433,0.007567959,0.007977761
id02469,0.98517174,0.007135495,0.0076927394
id16675,0.0056049945,0.0055776928,0.98881733
id20508,0.006674202,0.0066481815,0.98667765
id12669,0.98471594,0.0074890875,0.0077950275
id22277,0.006409862,0.006316652,0.9872735
id00355,0.006372257,0.006378484,0.98724926
id24427,0.00562399,0.98733574,0.0070403
id19241,0.9854656,0.0076500773,0.006884325
id26301,0.98504466,0.007579896,0.0073754415
id09404,0.005769526,0.9874917,0.0067386758
id14347,0.9844337,0.0076197106,0.007946492
id06898,0.9838352,0.007833823,0.008330922
id08750,0.9846297,0.0076063573,0.007763957
id13572,0.9806485,0.009996915,0.00935462
id08731,0.0066944193,0.98580813,0.007497394
id20124,0.98412675,0.007859135,0.008014143
id14276,0.005928037,0.0058532543,0.9882187
id13035,0.9846895,0.007673971,0.0076365913
id24056,0.006374081,0.0060940823,0.98753184
id21132,0.98340994,0.008351753,0.008238345
id21465,0.0049219793,0.0053584334,0.9897196
id27148,0.007452767,0.9847368,0.0078104325
id14482,0.9847081,0.0068388437,0.008453095
id17950,0.9849055,0.007388816,0.007705696
id15233,0.0070259096,0.98531765,0.007656402
id11794,0.006025662,0.0060197804,0.9879546
id27227,0.006812674,0.9857415,0.0074458136
id13093,0.0064103333,0.98638237,0.0072073317
id12869,0.00695847,0.9854364,0.007605158
id01256,0.9846309,0.008477232,0.0068919407
id00934,0.0124919275,0.0067126174,0.98079544
id00121,0.2865146,0.6898344,0.023650985
id11054,0.006668495,0.98583394,0.0074975905
id02573,0.00740176,0.005003393,0.98759484
id13626,0.21892788,0.017964115,0.763108
id25047,0.9840889,0.007897301,0.008013835
id04465,0.005905849,0.9874085,0.006685672
id09344,0.0066403733,0.006877976,0.98648167
id24254,0.007094792,0.98530847,0.007596749
id04266,0.0067081074,0.0064322515,0.9868596
id19734,0.0048979684,0.0053898823,0.9897122
id13127,0.98464495,0.007628792,0.0077262605
id27066,0.006049174,0.0060079633,0.9879429
id13629,0.006031761,0.00597898,0.9879893
id26484,0.98472816,0.007840933,0.0074308985
id02074,0.98559445,0.006858382,0.007547185
id24688,0.9847761,0.007504187,0.0077197454
id17455,0.0066864886,0.9856023,0.0077111474
id14980,0.98479307,0.0073807617,0.007826149
id15840,0.983561,0.008223533,0.008215507
id20440,0.006083346,0.0061972747,0.9877194
id25262,0.9839495,0.007911619,0.00813888
id20395,0.0072165043,0.98474854,0.008034885
id14332,0.00672828,0.98596823,0.007303478
id07118,0.00569254,0.005615242,0.9886922
id26424,0.98404336,0.007990021,0.007966648
id21308,0.0051348507,0.0057676323,0.98909754
id21688,0.0060377945,0.005949995,0.9880122
id09581,0.006663423,0.98604673,0.007289808
id27297,0.016704632,0.9737121,0.009583299
id20086,0.008451803,0.97594213,0.015606088
id03762,0.007325275,0.98409384,0.008580857
id10789,0.009756406,0.005696421,0.9845472
id18058,0.0075014257,0.0071230456,0.9853756
id01701,0.9842281,0.007670375,0.008101531
id17232,0.98563814,0.007223024,0.007138873
id23541,0.9854715,0.007242991,0.007285555
id20699,0.00716279,0.98508483,0.0077523896
id06657,0.0061021056,0.0060310136,0.9878669
id13807,0.0068718838,0.0065571973,0.9865709
id18344,0.943774,0.044205602,0.0120204035
id09363,0.006185183,0.00609524,0.98771954
id12470,0.0065853577,0.9859816,0.0074330955
id13430,0.98588276,0.0067211287,0.0073961476
id13549,0.0062168282,0.0058458755,0.9879373
id24423,0.9838583,0.00805904,0.008082684
id15402,0.9849996,0.007218344,0.007782059
id22070,0.55580485,0.41002494,0.03417023
id05977,0.9838658,0.0078111477,0.008323048
id18772,0.0052236654,0.0051376596,0.9896387
id11214,0.0082923975,0.98311853,0.008589112
id01263,0.98366976,0.008057496,0.008272774
id03187,0.98425657,0.007867851,0.007875538
id07817,0.98466694,0.007606645,0.0077264328
id08796,0.010235931,0.97892106,0.010843018
id02347,0.006374496,0.0060293605,0.98759615
id08989,0.0060367626,0.0061198636,0.9878434
id24462,0.98810405,0.0062178774,0.0056780525
id05147,0.0062520835,0.0060125706,0.98773533
id26389,0.006829563,0.9852943,0.0078761475
id12300,0.006861992,0.0070247194,0.98611325
id06273,0.98569787,0.0072872285,0.007014906
id27453,0.008210223,0.9858123,0.005977469
id19255,0.9847972,0.007467795,0.007735004
id22593,0.9844802,0.007642428,0.007877328
id07089,0.983611,0.007986511,0.008402551
id22379,0.0068972767,0.9853932,0.0077095116
id22024,0.983881,0.007697681,0.008421288
id25541,0.007075685,0.985538,0.007386345
id10216,0.0061602895,0.98663056,0.0072091455
id07493,0.9840905,0.007617054,0.008292493
id25552,0.0058305,0.0059396927,0.98822975
id21244,0.98440707,0.0077622016,0.007830725
id17278,0.0058615124,0.987682,0.0064564995
id14850,0.98433137,0.007906963,0.007761605
id21434,0.006305225,0.0062806434,0.9874142
id22924,0.9834736,0.008001007,0.008525349
id17321,0.98566145,0.0073512876,0.0069873002
id04319,0.9857142,0.0073660533,0.0069197663
id09823,0.005405091,0.98863536,0.005959565
id03485,0.0061572064,0.98710024,0.006742586
id12138,0.98539203,0.007040177,0.0075677736
id00196,0.0066125942,0.0062241023,0.9871633
id07822,0.0054799994,0.0057936884,0.9887263
id21775,0.003779432,0.004058701,0.99216187
id13407,0.98718774,0.005807313,0.0070049567
id12430,0.006542283,0.98625135,0.007206374
id23691,0.98610723,0.006902274,0.0069904597
id17641,0.006641836,0.98573583,0.007622342
id09125,0.006838303,0.98559237,0.0075693117
id18512,0.9831981,0.008220499,0.008581423
id01639,0.12449252,0.015777294,0.85973024
id06860,0.0068316157,0.0066149663,0.98655343
id25534,0.98384684,0.007903071,0.008250059
id13546,0.98421,0.0077986345,0.0079913745
id10032,0.9845382,0.007568604,0.0078931935
id05228,0.00591095,0.008718771,0.9853703
id24992,0.007026158,0.0066587315,0.98631513
id14168,0.98388845,0.007973176,0.008138376
id20747,0.98386604,0.008074858,0.008059103
id16986,0.9842188,0.007898343,0.00788293
id11226,0.98587614,0.00751991,0.006603972
id13998,0.98392016,0.008028125,0.0080516795
id15169,0.9856031,0.0072652125,0.0071316506
id00737,0.9860765,0.006683176,0.007240364
id24476,0.9860538,0.0070037474,0.006942461
id03044,0.9846599,0.0076363618,0.0077037746
id26746,0.9856364,0.007062584,0.00730102
id10776,0.98565817,0.007251441,0.0070903823
id06266,0.0060256966,0.0060139396,0.98796034
id13362,0.9832192,0.008632037,0.00814874
id09335,0.98340327,0.008541405,0.008055313
id15894,0.0071207546,0.98505867,0.007820618
id15866,0.9884664,0.0055107544,0.006022899
id25763,0.0065770973,0.006752824,0.9866701
id01091,0.0063739666,0.98655003,0.007076037
id11647,0.9851606,0.0074414257,0.007397951
id19671,0.0055980547,0.005843839,0.98855805
id18007,0.0060860775,0.0057509397,0.98816293
id01473,0.935894,0.04721378,0.016892232
id07169,0.006300289,0.006094535,0.9876052
id05484,0.006025484,0.006049067,0.9879254
id18452,0.9849621,0.007706139,0.007331738
id27490,0.9852583,0.007248499,0.007493212
id11050,0.9847002,0.0074743554,0.007825412
id07588,0.0063793478,0.0062376587,0.987383
id21194,0.98391956,0.007965646,0.008114825
id07282,0.006270201,0.006029993,0.98769975
id03652,0.9842663,0.007544378,0.008189346
id04009,0.006842401,0.9852203,0.007937324
id27188,0.91452754,0.072105065,0.013367436
id19554,0.93910223,0.012232594,0.048665162
id04072,0.98580986,0.0070569315,0.0071331467
id19023,0.98394793,0.008323744,0.0077283336
id08801,0.006137744,0.0060307966,0.9878314
id08893,0.006593578,0.0061940933,0.98721236
id03644,0.006086742,0.9873061,0.006607096
id00579,0.010872753,0.0065625366,0.98256475
id15631,0.9841576,0.007867061,0.007975357
id07828,0.9852424,0.007544489,0.007213076
id00411,0.0062976694,0.98623097,0.007471368
id26553,0.9851335,0.0072263787,0.007640035
id05221,0.0070953057,0.0065620854,0.9863426
id20958,0.9857691,0.0071119857,0.0071189343
id19691,0.9840428,0.007912369,0.008044823
id10400,0.9842424,0.0076480466,0.008109564
id16157,0.006575203,0.006075134,0.9873497
id26110,0.0062709604,0.9868552,0.006873864
id26270,0.0068776514,0.98547226,0.007650129
id04157,0.98476243,0.007555556,0.007682037
id24711,0.74126464,0.014172825,0.2445625
id05534,0.9842261,0.007929316,0.007844593
id21712,0.0081950985,0.98495764,0.006847261
id03280,0.0069950377,0.006251968,0.986753
id14997,0.0058606924,0.005630671,0.98850864
id21964,0.0062154173,0.006071437,0.9877131
id20963,0.0060370145,0.006078425,0.9878846
id08635,0.006871138,0.9855009,0.0076279705
id16390,0.9823259,0.0111387605,0.006535363
id16486,0.98529536,0.0074061924,0.0072984938
id14367,0.0063221864,0.006503792,0.98717403
id10560,0.98513204,0.0074630426,0.0074049644
id14106,0.985052,0.007572553,0.007375496
id09668,0.9838861,0.007895673,0.008218221
id18250,0.9853291,0.007213711,0.0074572493
id26648,0.98463666,0.0077791912,0.007584159
id27314,0.9861807,0.0068758777,0.006943354
id04581,0.006360997,0.0062075797,0.9874314
id06405,0.006774311,0.98595077,0.0072748754
id17908,0.0072231744,0.007118137,0.9856587
id07217,0.98574823,0.0062945867,0.007957103
id17285,0.006662963,0.006395206,0.9869419
id19589,0.9842859,0.00776883,0.007945299
id15916,0.9835993,0.0082964515,0.008104266
id26239,0.98540825,0.0072566858,0.0073350584
id20163,0.98436785,0.007693972,0.007938205
id22845,0.0065762647,0.0068784193,0.98654526
id11509,0.990163,0.005040958,0.0047960444
id26789,0.9859854,0.007099666,0.006914915
id24679,0.98373914,0.00798755,0.008273357
id19832,0.98478466,0.0073662973,0.007849045
id11724,0.9839781,0.00783496,0.008186948
id01539,0.9862996,0.006783328,0.006917118
id22039,0.95790386,0.032841753,0.0092544
id07621,0.0065225074,0.006358981,0.9871185
id16398,0.0073880325,0.98480105,0.007810942
id15932,0.026117833,0.010424526,0.96345764
id17054,0.006992291,0.9854028,0.007604899
id23487,0.98546195,0.0071306294,0.0074074445
id16099,0.005407485,0.988108,0.006484566
id25225,0.98477024,0.007600017,0.0076297624
id18173,0.24688691,0.72723716,0.02587598
id24856,0.98432195,0.0076936134,0.007984482
id14760,0.0058881575,0.0058082035,0.98830366
id25291,0.97510636,0.015869237,0.009024376
id16267,0.9853591,0.007291841,0.007349032
id07922,0.0061491607,0.006113236,0.98773766
id20870,0.02470264,0.9648273,0.010469975
id21780,0.009958692,0.009318853,0.9807225
id21309,0.98235065,0.008846195,0.008803107
id05849,0.88097787,0.10054057,0.018481584
id16246,0.0061193183,0.0061252965,0.98775536
id25081,0.0065912195,0.98589605,0.0075127217
id06468,0.9850601,0.0074189003,0.0075210263
id13842,0.0054641557,0.9877951,0.0067407466
id23976,0.0040605436,0.010089277,0.98585016
id25649,0.9846505,0.0078021246,0.007547323
id26815,0.0075160223,0.98440474,0.00807928
id09343,0.0061889514,0.006454373,0.98735666
id03120,0.9851885,0.0064527905,0.00835869
id16638,0.9876486,0.005982758,0.0063686124
id18625,0.0061424538,0.0062330933,0.9876244
id01679,0.94178784,0.012207823,0.0460044
id17137,0.0068368693,0.9853856,0.0077775097
id14684,0.006379696,0.0061834133,0.9874369
id01671,0.29103795,0.039140865,0.6698212
id27271,0.016665198,0.01097208,0.9723627
id16321,0.9838238,0.008257925,0.007918336
id07468,0.0069166925,0.9852762,0.007807083
id20777,0.0061596837,0.0063428124,0.98749745
id26036,0.9853129,0.0071714483,0.0075156135
id23135,0.0062201014,0.006287279,0.9874926
id07669,0.0060601016,0.0061435234,0.98779637
id00142,0.0066430573,0.9859171,0.0074398704
id12357,0.985201,0.007262248,0.007536808
id08890,0.009358327,0.9471468,0.043494895
id21379,0.005838731,0.9867298,0.007431475
id12099,0.98308796,0.0083816955,0.008530333
id06503,0.0063789575,0.006298486,0.98732257
id14408,0.9834726,0.008158804,0.008368613
id17370,0.9828515,0.009230278,0.0079182405
id25432,0.9838238,0.007918336,0.008257925
id10132,0.006486575,0.0060638925,0.9874495
id27069,0.0062620575,0.9864169,0.0073210862
id11515,0.98334646,0.008318655,0.008334918
id01323,0.9837143,0.007963983,0.008321767
id22520,0.006372455,0.0063476115,0.98727995
id03293,0.0065917852,0.0064642886,0.98694396
id19708,0.0066046705,0.006451673,0.98694366
id22346,0.9835767,0.0082316995,0.008191604
id27744,0.9838234,0.0079106055,0.008265991
id04004,0.978318,0.0064896573,0.015192405
id09476,0.9845174,0.0076203584,0.007862255
id01582,0.0063785627,0.0063599027,0.98726153
id23782,0.981153,0.007557326,0.011289632
id03403,0.006078065,0.006095898,0.98782605
id11119,0.006697277,0.98622894,0.007073734
id16681,0.09517212,0.88669276,0.018135116
id16399,0.9836285,0.008017912,0.008353609
id22630,0.9862358,0.0066973236,0.007066879
id27950,0.9822313,0.009369718,0.008398961
id00046,0.9848113,0.0074460558,0.0077426736
id25556,0.022361815,0.008035886,0.96960235
id16039,0.98352134,0.008263452,0.008215175
id09110,0.98475236,0.0077801053,0.0074674548
id19881,0.98383486,0.0080431225,0.008122054
id21735,0.9849427,0.0073963148,0.0076609664
id02023,0.98494893,0.0073675257,0.0076834923
id01230,0.0066938284,0.9857211,0.0075851013
id14916,0.006323916,0.0062319553,0.9874441
id04944,0.98511064,0.0074265297,0.0074628806
id04349,0.006748557,0.006241395,0.98701006
id22580,0.007395198,0.98479396,0.007810886
id00343,0.006405043,0.9874951,0.006099809
id14218,0.0069910833,0.9852326,0.007776302
id10546,0.98405695,0.007850907,0.008092215
id05627,0.00556189,0.0055293962,0.9889087
id13735,0.006965787,0.98550975,0.0075244596
id01525,0.006416557,0.0062434813,0.98734
id25242,0.98523027,0.007640785,0.0071289525
id17077,0.9855509,0.007400882,0.0070481915
id05672,0.95922714,0.028966151,0.0118066985
id22404,0.0065529165,0.98592675,0.007520296
id25704,0.007150198,0.98527557,0.0075742723
id00903,0.9839415,0.007903831,0.008154727
id15496,0.9850643,0.0073110475,0.0076245917
id09903,0.0060076783,0.006096329,0.98789597
id03419,0.98370224,0.008105115,0.00819265
id06647,0.0060860096,0.005762118,0.98815185
id16700,0.006898458,0.985562,0.00753957
id08983,0.9848872,0.007888284,0.007224572
id20782,0.9846966,0.0076143066,0.0076890294
id24494,0.95904374,0.0329612,0.007995088
id10495,0.0071451385,0.9855403,0.00731458
id21262,0.92241335,0.012506047,0.06508058
id25689,0.0064719967,0.006371658,0.9871564
id03705,0.0061359303,0.006324527,0.9875395
id01187,0.98543453,0.007694791,0.0068706754
id24649,0.14375858,0.8392761,0.01696534
id12629,0.0067420145,0.006241436,0.98701656
id15211,0.01800788,0.9679539,0.014038254
id13170,0.9868635,0.0062894123,0.0068471227
id14801,0.009973412,0.9831317,0.0068949014
id18525,0.98506665,0.007550513,0.007382812
id21963,0.9837726,0.008074092,0.008153326
id23746,0.006019317,0.0061021773,0.9878785
id18216,0.0049818596,0.00492863,0.99008954
id16493,0.0067982576,0.0066602603,0.9865415
id12987,0.0070527378,0.985224,0.007723257
id04814,0.98649806,0.006938809,0.00656312
id18602,0.98131514,0.0054708864,0.013213996
id23173,0.0074226107,0.98459077,0.007986662
id21165,0.983423,0.007634221,0.008942759
id26123,0.9847823,0.007467682,0.007750009
id22608,0.005899901,0.0057576047,0.9883425
id21139,0.9845174,0.0076203584,0.007862255
id21853,0.0067614703,0.9860058,0.0072327773
id24128,0.9848699,0.0077054175,0.0074247145
id15666,0.98464507,0.007718719,0.0076362467
id11552,0.004721526,0.98916245,0.0061160782
id17621,0.006330017,0.0062379683,0.987432
id20001,0.98515296,0.0073546735,0.007492411
id14166,0.0056496128,0.9879672,0.006383122
id24108,0.006204206,0.9868948,0.006901045
id19871,0.0067536095,0.9858218,0.0074246363
id22361,0.0058189183,0.005986068,0.988195
id21065,0.0070108734,0.9860937,0.0068954434
id20749,0.9839182,0.007911367,0.008170476
id20898,0.0060745506,0.98629135,0.007634089
id10398,0.009434047,0.0073688,0.9831971
id03578,0.0071329507,0.007084357,0.98578274
id25932,0.9852137,0.0072199134,0.007566404
id11133,0.0060433056,0.006007999,0.9879487
id15794,0.0061533065,0.986475,0.0073717386
id24479,0.984488,0.0076499553,0.00786202
id09563,0.006851277,0.9855354,0.007613354
id11279,0.00682615,0.98576415,0.007409716
id26680,0.9834342,0.008295059,0.008270793
id20529,0.027012452,0.008600039,0.96438754
id11761,0.9850643,0.0073110475,0.0076245917
id02337,0.007194521,0.98462915,0.00817638
id04890,0.006581741,0.006051553,0.9873667
id15707,0.006160701,0.0061787767,0.9876605
id26204,0.006385111,0.006304562,0.98731035
id15611,0.98389196,0.007849591,0.008258497
id17714,0.006797048,0.0068369913,0.986366
id15392,0.98440164,0.007589757,0.008008556
id14685,0.006555312,0.9862872,0.0071575395
id02508,0.7189254,0.2644779,0.016596684
id12406,0.98424053,0.007791264,0.007968243
id24096,0.0068576178,0.98548466,0.0076576998
id19837,0.9856351,0.0070281737,0.0073367474
id25565,0.0065217307,0.0064773005,0.98700094
id27598,0.9849058,0.0073960377,0.007698177
id26085,0.98477024,0.007600017,0.0076297624
id17400,0.0050750156,0.0058299094,0.9890951
id04501,0.98503554,0.007639275,0.0073251273
id02468,0.006097108,0.005880735,0.9880222
id07394,0.9838727,0.007973048,0.008154157
id18917,0.0069519826,0.9854796,0.007568446
id14083,0.9849096,0.007324191,0.0077661644
id22675,0.0062076184,0.0063548284,0.98743755
id27343,0.0062270844,0.0061365324,0.9876364
id23206,0.0050442843,0.006072696,0.9888831
id11105,0.0070471116,0.98539984,0.007553067
id21017,0.0060148835,0.0058698137,0.9881153
id13716,0.984853,0.0067338087,0.00841316
id00352,0.0069969557,0.98509765,0.007905396
id12173,0.0060953144,0.0061731893,0.9877315
id15008,0.0053451643,0.98919886,0.005455914
id23347,0.0067998217,0.006431658,0.98676854
id23939,0.004627317,0.005860913,0.9895118
id12090,0.9851643,0.0072548892,0.0075808163
id08307,0.007068108,0.9854446,0.0074873134
id21316,0.006539862,0.006610493,0.98684967
id16457,0.005520414,0.005247079,0.9892325
id23808,0.005911033,0.0058137104,0.98827523
id12826,0.8193648,0.16545112,0.0151840905
id16819,0.005729928,0.026872763,0.96739733
id15128,0.0062453886,0.98667765,0.007076952
id14953,0.007357559,0.98457754,0.008064931
id04083,0.98523986,0.007163917,0.00759622
id00773,0.0067085368,0.9859595,0.0073319976
id24585,0.007168107,0.007015748,0.9858161
id01362,0.0068231947,0.00687671,0.98630005
id04514,0.9825697,0.006850701,0.010579534
id19075,0.98385334,0.007750264,0.008396416
id06283,0.9833864,0.008047312,0.008566319
id19848,0.0071482607,0.9850086,0.007843166
id02566,0.00631131,0.98643863,0.0072500994
id26973,0.005707279,0.005940429,0.98835224
id09333,0.0062749353,0.006244371,0.9874807
id21745,0.006245391,0.0061126435,0.987642
id27167,0.007024527,0.98512375,0.007851748
id08481,0.0052943747,0.98844904,0.006256601
id19456,0.98586464,0.0070504355,0.0070849457
id01495,0.982239,0.008581428,0.009179595
id15069,0.00652398,0.0061346996,0.98734134
id18174,0.005967207,0.0060611763,0.9879716
id14450,0.0048839655,0.005337859,0.98977816
id04149,0.0067258724,0.98561543,0.0076587163
id10972,0.0062326426,0.00621441,0.987553
id05547,0.0066107213,0.9859203,0.0074690147
id17670,0.0063324077,0.98684067,0.006826935
id04740,0.9839664,0.007997203,0.008036347
id24842,0.0058643236,0.005979987,0.9881557
id26895,0.0068207355,0.0062712952,0.98690796
id15591,0.0056475163,0.004821151,0.98953134
id20895,0.0067794183,0.98573107,0.00748949
id11532,0.0059163007,0.0058932356,0.9881905
id16516,0.24119113,0.02022813,0.73858076
id14940,0.004968213,0.9893078,0.0057239654
id17152,0.9846155,0.0076584215,0.007726029
id12870,0.9856228,0.0068518845,0.0075253225
id17405,0.7223547,0.26290014,0.014745158
id22274,0.0062340056,0.98680466,0.0069613303
id08337,0.0065735714,0.006321742,0.98710465
id19549,0.0071510584,0.0064920653,0.98635685
id19195,0.98515666,0.0072477516,0.0075955787
id11564,0.9841425,0.007882319,0.007975234
id26771,0.0055740476,0.9881711,0.0062548416
id24955,0.0059019253,0.9877166,0.0063815033
id22140,0.9885971,0.0040009073,0.0074020396
id19920,0.0068828287,0.0069030225,0.9862141
id09807,0.006813167,0.98581284,0.007373988
id27426,0.9847846,0.0075631086,0.0076522604
id22006,0.9839595,0.007781436,0.008259064
id10604,0.98553306,0.0071381116,0.007328827
id11017,0.9855865,0.0070484467,0.0073650996
id14335,0.0064152447,0.0064466456,0.98713815
id08707,0.36576718,0.024522828,0.60971
id15869,0.006066886,0.0059962044,0.9879369
id20593,0.98461527,0.0074445736,0.0079402
id07428,0.9857012,0.0069399774,0.0073587666
id11527,0.0066130343,0.006158009,0.987229
id14901,0.98392904,0.0078040254,0.008266877
id19733,0.9831267,0.008580799,0.0082924655
id24677,0.009650875,0.9815361,0.008813002
id26656,0.007059144,0.006821942,0.9861189
id11707,0.98443496,0.007649543,0.007915523
id26218,0.0072466657,0.9850091,0.007744228
id19262,0.006561711,0.0061882827,0.98725003
id24905,0.5843624,0.021202415,0.39443526
id09170,0.9844593,0.0077172625,0.007823497
id05772,0.006239407,0.006100826,0.98765975
id25405,0.006444704,0.0067145335,0.9868408
id18491,0.006124408,0.0062635248,0.98761207
id07780,0.0065208552,0.0066106194,0.9868685
id01689,0.005587007,0.0049112933,0.98950166
id17498,0.0062148604,0.006160477,0.98762465
id19964,0.98360807,0.008151963,0.008240005
id14525,0.0061668684,0.006148828,0.98768425
id26363,0.005612651,0.005185787,0.98920155
id07108,0.006365236,0.006509823,0.9871249
id11692,0.98413444,0.007859197,0.008006384
id10891,0.0065169437,0.9862765,0.007206558
id16743,0.00689805,0.9855037,0.0075982544
id11556,0.9841562,0.0076473774,0.00819643
id09116,0.9863919,0.0068572313,0.00675092
id24015,0.0048399027,0.005652896,0.9895072
id00347,0.0054216427,0.0048504462,0.9897279
id06284,0.0060957526,0.006101708,0.98780257
id18794,0.0069462103,0.9856234,0.0074303956
id10702,0.0068836,0.9853618,0.00775457
id19239,0.006058429,0.0064177513,0.9875238
id26016,0.98452306,0.008033045,0.007443876
id26227,0.5511441,0.043656483,0.40519938
id05367,0.9856176,0.0072017433,0.007180675
id09568,0.0068333894,0.0063569914,0.9868096
id04660,0.9843375,0.007701252,0.00796125
id04744,0.006262153,0.006342159,0.9873957
id07251,0.98610246,0.006528532,0.007368955
id25977,0.0067591243,0.98566365,0.007577256
id06244,0.007154563,0.006968383,0.98587704
id24560,0.006231834,0.98646104,0.007307128
id05091,0.0064008003,0.005793947,0.98780525
id27248,0.011373112,0.97689277,0.011734133
id12528,0.21910584,0.75344974,0.027444405
id27322,0.98406583,0.008029314,0.00790483
id27213,0.0062088696,0.0061545386,0.9876366
id18588,0.984034,0.007866073,0.008099933
id14485,0.005125566,0.006600667,0.98827374
id27475,0.0067838747,0.0068370816,0.986379
id02280,0.008212173,0.98028576,0.0115021225
id24083,0.0067532654,0.98577154,0.0074751833
id02321,0.006460325,0.00623715,0.98730254
id10299,0.006025449,0.006054942,0.9879196
id27680,0.9843651,0.007626624,0.008008259
id17607,0.006597171,0.0066165277,0.9867863
id06661,0.0061004153,0.006306368,0.98759323
id23860,0.98376113,0.007941063,0.008297817
id26850,0.0070545687,0.9854798,0.0074656773
id16484,0.98675424,0.0066551934,0.006590518
id15302,0.006220063,0.0062933834,0.98748654
id21138,0.013725485,0.9783386,0.007935947
id02525,0.0033432278,0.0040882155,0.99256855
id12608,0.006629551,0.98583615,0.007534306
id23863,0.9760873,0.015426565,0.008486144
id01755,0.98442775,0.007907737,0.0076644416
id10567,0.7048979,0.024333209,0.27076894
id08445,0.017879648,0.009730494,0.9723899
id18146,0.0061869454,0.005812097,0.9880009
id22263,0.9849899,0.0072962306,0.0077138855
id13537,0.0064221933,0.0063349875,0.9872428
id19985,0.0077672433,0.008147954,0.98408484
id08053,0.0059797806,0.0058985823,0.9881216
id18959,0.006831371,0.9855552,0.0076135066
id06641,0.0073444545,0.9847453,0.007910288
id27291,0.006922766,0.9851789,0.007898331
id16124,0.0063471748,0.0064408355,0.987212
id18221,0.006391349,0.0062984074,0.98731023
id25670,0.9838246,0.00779558,0.008379788
id18472,0.98404473,0.007751772,0.008203509
id10302,0.13792753,0.013131893,0.84894055
id07721,0.007025962,0.98532504,0.0076489863
id22148,0.005683396,0.006248088,0.9880685
id04724,0.0068125753,0.9857272,0.0074602626
id03980,0.9847733,0.0074312394,0.0077954815
id11982,0.98434156,0.0076189972,0.008039411
id05566,0.006598003,0.9859474,0.0074546454
id13235,0.007017611,0.98511535,0.00786703
id24524,0.98470366,0.007584675,0.0077116443
id26783,0.004723108,0.004816263,0.99046063
id02220,0.0072402973,0.985105,0.0076547493
id17163,0.98213756,0.00864784,0.009214572
id21903,0.98357576,0.00830436,0.008119915
id13350,0.005996873,0.005956019,0.9880471
id07036,0.9849342,0.0072461152,0.00781963
id09150,0.9849519,0.007468968,0.0075791823
id22042,0.006251454,0.006112606,0.9876359
id19562,0.007083511,0.0072514913,0.985665
id05125,0.9835203,0.008336391,0.00814328
id19462,0.9839627,0.007842493,0.008194819
id02265,0.9849061,0.007690665,0.007403266
id11769,0.98615676,0.006509792,0.0073334654
id19021,0.98561,0.006959696,0.0074302945
id06166,0.9840815,0.00799033,0.00792815
id26800,0.9873319,0.0067047672,0.005963343
id21422,0.006516464,0.0063159736,0.98716754
id13116,0.003937659,0.99119043,0.004871866
id05996,0.98472244,0.0074672275,0.0078103184
id23318,0.9844765,0.0075533623,0.007970154
id20725,0.006410177,0.0062678033,0.98732203
id09210,0.980401,0.008318071,0.011280978
id25842,0.987312,0.0065174177,0.0061705676
id00767,0.98416543,0.0079520885,0.007882504
id05036,0.0068065627,0.9858194,0.007374037
id14853,0.006118728,0.006221156,0.9876601
id16946,0.006629718,0.006546084,0.9868242
id26804,0.006828875,0.9851951,0.007975971
id24061,0.006244979,0.0061782524,0.9875768
id19861,0.9846083,0.0076883393,0.007703371
id18210,0.9850071,0.007346407,0.007646518
id24313,0.007116339,0.0065112156,0.9863725
id15960,0.006078065,0.006095898,0.98782605
id14037,0.98372287,0.007979622,0.008297494
id17785,0.006471835,0.006396436,0.9871317
id19362,0.0059615234,0.0060435883,0.9879949
id10372,0.9843375,0.007701252,0.00796125
id03061,0.9791191,0.01170359,0.009177285
id27583,0.0059906347,0.006025839,0.9879836
id22055,0.98372155,0.007948502,0.00832996
id07920,0.006695486,0.98596525,0.0073392047
id16813,0.98476183,0.0075260955,0.0077120997
id03088,0.025321078,0.96607226,0.008606653
id03026,0.011527433,0.97861266,0.009859936
id09934,0.9842619,0.0075886794,0.008149419
id21452,0.98545545,0.007013181,0.007531397
id05576,0.0059976326,0.0058301603,0.98817223
id22391,0.0067998217,0.006431658,0.98676854
id10554,0.98601764,0.0071276864,0.0068546296
id03291,0.006522386,0.0063775205,0.9871001
id23280,0.98501414,0.007339289,0.007646573
id17777,0.0060428055,0.0060901996,0.987867
id24574,0.98578274,0.007119033,0.0070982073
id05459,0.37580952,0.59383523,0.030355237
id02724,0.9876871,0.0058501055,0.0064628413
id27678,0.98591864,0.007092256,0.0069891233
id21722,0.007183546,0.9850492,0.0077672647
id18139,0.0064625125,0.98860186,0.004935663
id16264,0.006836817,0.98537815,0.0077850497
id14537,0.9865254,0.006576133,0.006898462
id18814,0.98581403,0.0069475533,0.0072384365
id08331,0.0067721982,0.98564327,0.0075845025
id03963,0.98522854,0.007544383,0.0072270758
id07558,0.9848193,0.0074606733,0.0077200844
id26275,0.983001,0.008267149,0.00873185
id26188,0.007066588,0.9852327,0.007700732
id06789,0.98488384,0.0074030994,0.0077130557
id21788,0.006857566,0.98547727,0.0076651243
id13972,0.9856721,0.007090483,0.007237395
id08643,0.98424405,0.0076779933,0.008077961
id09642,0.006502157,0.98596257,0.0075352723
id14054,0.9874136,0.006087404,0.0064990204
id12216,0.9538004,0.008284288,0.03791538
id09211,0.007617545,0.9841539,0.00822849
id16903,0.0063366555,0.9865389,0.0071244934
id18976,0.006034914,0.0064241327,0.9875409
id01861,0.9842642,0.00785256,0.0078832945
id22745,0.0067582666,0.9855386,0.007703123
id03560,0.984943,0.0074035437,0.0076534906
id17799,0.984153,0.0077224,0.00812468
id12387,0.006760321,0.006438157,0.9868015
id09450,0.98323405,0.008391132,0.008374759
id18088,0.0063119987,0.0061778356,0.98751014
id21697,0.98412985,0.0077297622,0.008140373
id26128,0.0069440496,0.9853169,0.0077390857
id27462,0.006521813,0.006464744,0.98701346
id19394,0.9839371,0.0078040897,0.008258875
id19929,0.007325182,0.9850429,0.0076318756
id16056,0.78716856,0.019880343,0.19295105
id08756,0.00628588,0.0064412327,0.9872729
id09203,0.0060330937,0.98724306,0.0067238337
id14098,0.98436886,0.00773164,0.007899548
id24641,0.98517483,0.007448804,0.0073764157
id24507,0.0069381515,0.9854418,0.0076200687
id20161,0.98464346,0.0075620245,0.0077944538
id11710,0.007735004,0.007467795,0.9847972
id15751,0.0053794347,0.98779374,0.0068268576
id06617,0.98538035,0.0072991233,0.007320539
id19131,0.9840959,0.007858889,0.008045257
id02796,0.9856215,0.0073366463,0.0070418166
id15575,0.0071705463,0.98518896,0.0076404647
id21828,0.9838272,0.008058785,0.008114063
id15093,0.006903709,0.9853494,0.0077469037
id27867,0.26528627,0.023730166,0.7109836
id19315,0.006281105,0.0062322244,0.9874867
id19398,0.9841727,0.007851831,0.00797548
id01572,0.0067175613,0.98535943,0.007922956
id09781,0.9844801,0.007634967,0.007885023
id19278,0.10610153,0.2613247,0.6325738
id11852,0.006258702,0.005925619,0.9878157
id07067,0.006154464,0.0062209326,0.98762465
id08550,0.006616015,0.9857467,0.0076373275
id02634,0.9842994,0.0077084783,0.0079921
id02449,0.98490125,0.007505141,0.0075936094
id10359,0.9845136,0.008064407,0.0074220286
id00217,0.9849449,0.007556956,0.0074981465
id20848,0.0068476982,0.985983,0.007169321
id20229,0.9838685,0.007857073,0.008274445
id02211,0.0057580676,0.98745733,0.0067846626
id08435,0.0068239635,0.9825655,0.010610528
id23681,0.006385071,0.0063106827,0.9873043
id00571,0.23813827,0.020060053,0.7418017
id16280,0.006014328,0.005961699,0.988024
id15022,0.97965175,0.0076123755,0.012735887
id08040,0.032515742,0.009782083,0.95770216
id18087,0.98431695,0.007868335,0.00781473
id11280,0.9847066,0.007336997,0.00795646
id21543,0.9844667,0.007823556,0.007709788
id00245,0.9850315,0.007513467,0.007454997
id13745,0.0060139396,0.0060256966,0.98796034
id15734,0.9843471,0.0078073414,0.007845557
id22572,0.0069063576,0.9857275,0.007366153
id12741,0.0059807664,0.005734821,0.98828447
id16477,0.00689396,0.9849193,0.008186781
id26261,0.0058820075,0.0058820075,0.988236
id15867,0.984769,0.0075188037,0.007712156
id10479,0.984383,0.007537908,0.008079102
id17736,0.0065783802,0.006559136,0.98686254
id17768,0.005979435,0.005956123,0.98806447
id14172,0.9864631,0.006851032,0.006685796
id01972,0.0064418605,0.006189029,0.9873691
id10962,0.983772,0.007848633,0.00837934
id16692,0.9841193,0.007874441,0.008006261
id25471,0.0065611675,0.9862046,0.0072342358
id05603,0.0068774973,0.98545015,0.007672402
id15340,0.9831783,0.007828591,0.0089930715
id22971,0.9827946,0.0066544316,0.010550998
id06765,0.0061266664,0.9870118,0.006861541
id19864,0.98339427,0.008270457,0.008335324
id15834,0.0067894505,0.9862261,0.0069844783
id17395,0.006281447,0.0061780256,0.98754054
id02585,0.0065467055,0.9859547,0.0074985083
id13154,0.98450315,0.007650073,0.007846801
id12972,0.27642962,0.631519,0.09205138
id11103,0.9855665,0.007480931,0.006952596
id26062,0.0043814136,0.007956993,0.9876616
id07339,0.9818683,0.009203054,0.008928621
id06096,0.9838812,0.008004324,0.008114508
id22945,0.005464727,0.98789835,0.006636934
id10058,0.9842772,0.00773092,0.00799192
id06435,0.98457116,0.0076880497,0.0077407854
id12636,0.9836071,0.008296518,0.008096419
id25423,0.0064347084,0.006328764,0.9872365
id12990,0.0067514586,0.006777883,0.98647064
id24106,0.005667752,0.0060924976,0.98823977
id14481,0.0074921562,0.9841579,0.008349947
id03617,0.9873681,0.0050711045,0.007560767
id26055,0.9852461,0.00737695,0.00737695
id23712,0.9844757,0.007538618,0.007985729
id19441,0.005349813,0.9881274,0.0065228003
id17042,0.9852106,0.007398327,0.007391105
id09018,0.0073466804,0.98504376,0.007609556
id08879,0.0071145007,0.98515517,0.0077302638
id10841,0.0068972767,0.9853932,0.0077095116
id04776,0.00702501,0.9851914,0.0077835745
id26526,0.0064228633,0.0062313345,0.98734576
id14181,0.00722551,0.9850151,0.0077594155
id18396,0.9854349,0.007392788,0.0071723363
id05585,0.012892162,0.977252,0.009855847
id11546,0.0054882267,0.0052676774,0.9892441
id08027,0.016949706,0.97078216,0.012268173
id00659,0.9854779,0.007193694,0.007328417
id10937,0.0072658737,0.9847307,0.008003415
id01898,0.0049028583,0.9897334,0.0053637438
id23695,0.0060841474,0.0060663493,0.98784953
id07856,0.0072344583,0.9852722,0.0074933185
id25233,0.986086,0.007058908,0.006855105
id24052,0.010762284,0.8483007,0.14093703
id01698,0.0048747854,0.9898492,0.0052760495
id01356,0.007189078,0.9848455,0.007965358
id10430,0.006215157,0.9867077,0.0070771677
id04778,0.006385031,0.006316809,0.98729813
id24707,0.0059197973,0.9878093,0.0062708966
id04539,0.005741023,0.0058714305,0.9883875
id20011,0.9823161,0.008759919,0.008923973
id09950,0.007168974,0.98497283,0.007858214
id14397,0.98613065,0.006775547,0.007093781
id04457,0.9688229,0.020745553,0.01043152
id19469,0.00699603,0.9849673,0.008036669
id24230,0.006244955,0.98660916,0.007145906
id16719,0.9855445,0.0070619257,0.00739361
id20183,0.0069904434,0.98514235,0.007867246
id24531,0.0060843625,0.0060311207,0.98788446
id04934,0.98261124,0.008711357,0.008677395
id17230,0.058053214,0.015026233,0.9269206
id07561,0.9852739,0.0072983345,0.0074277604
id12282,0.0068819597,0.98512703,0.007991012
id14992,0.9839893,0.007958433,0.008052245
id02934,0.98456097,0.007870285,0.0075687785
id00189,0.9851458,0.0074923565,0.0073618055
id27941,0.0064728786,0.9863272,0.0071998932
id14642,0.006910355,0.98533523,0.0077543603
id23445,0.9856364,0.007062584,0.00730102
id21603,0.0066939564,0.00660306,0.986703
id21046,0.0065376996,0.98652333,0.0069389865
id02264,0.0071829986,0.98497415,0.007842891
id00409,0.9855968,0.007222721,0.0071805236
id00351,0.98417515,0.007699982,0.008124863
id14362,0.0069114435,0.98549044,0.007598152
id20757,0.9855383,0.0070826006,0.0073791374
id22764,0.9849948,0.0074256565,0.0075795124
id19264,0.005288044,0.005514829,0.98919713
id04506,0.062117323,0.011153348,0.9267294
id18505,0.98329663,0.008474017,0.008229356
id27354,0.006232529,0.006232529,0.987535
id22410,0.98501474,0.0073536416,0.0076316567
id14241,0.0069783265,0.98535746,0.0076641925
id18785,0.013710152,0.9772457,0.009044176
id16649,0.98385566,0.00792633,0.008217967
id16386,0.0067838165,0.98444587,0.008770341
id09051,0.0061732996,0.0060775913,0.9877491
id22296,0.984792,0.0076448484,0.0075631654
id08584,0.007352614,0.005844866,0.9868025
id22219,0.006192741,0.0058460175,0.98796123
id18790,0.0069717197,0.9853863,0.0076419953
id10922,0.0054957084,0.005844441,0.98865986
id15002,0.006657488,0.0062480266,0.98709446
id24862,0.0068111666,0.9855234,0.0076654833
id25845,0.004183494,0.005580245,0.9902363
id17586,0.9844477,0.008166893,0.007385382
id09390,0.0059504486,0.0059620813,0.9880875
id20069,0.9851673,0.007177395,0.007655234
id05953,0.004944354,0.9893759,0.005679812
id15583,0.006944676,0.98540574,0.007649613
id03482,0.0065693115,0.006965733,0.986465
id06243,0.008136329,0.9855641,0.00629956
id01116,0.0060586184,0.006386691,0.98755467
id17530,0.0067600654,0.9858009,0.007438994
id07552,0.0062324908,0.0062385807,0.9875289
id03131,0.0066420822,0.98577243,0.007585496
id23142,0.0059614875,0.006049457,0.98798907
id05540,0.98563683,0.0070763943,0.0072867773
id06292,0.98438466,0.007830547,0.0077847987
id26506,0.987346,0.006237425,0.0064165955
id19068,0.006435962,0.006135243,0.98742884
id21782,0.0064907814,0.0063839136,0.9871253
id24563,0.0066882223,0.98585784,0.0074539683
id21986,0.9856781,0.0070491014,0.0072728638
id04967,0.0066886568,0.0064261397,0.9868852
id11760,0.0077978373,0.008092647,0.98410946
id02483,0.98436946,0.0077694897,0.007861074
id15791,0.0063604144,0.0062986035,0.987341
id14256,0.006099733,0.0064174845,0.9874828
id18328,0.98589176,0.0070300037,0.007078225
id06213,0.006371756,0.98620796,0.0074202954
id00772,0.9841346,0.0076771397,0.0081882505
id01113,0.98629993,0.0068098805,0.006890153
id03972,0.9839718,0.00787326,0.008154978
id25386,0.007201032,0.9855202,0.0072788033
id09156,0.006918507,0.9855348,0.007546728
id22624,0.98593867,0.00709933,0.0069620167
id17789,0.0076619056,0.984102,0.008236096
id09039,0.0052311765,0.98816246,0.0066063716
id20538,0.009984786,0.006723136,0.9832921
id05501,0.0065868236,0.006248472,0.98716474
id27641,0.9873898,0.0062866244,0.0063235685
id05965,0.0060434113,0.005990528,0.987966
id23431,0.0077034775,0.985584,0.0067125345
id13075,0.0060964013,0.0059960266,0.9879076
id26190,0.0060849674,0.0059324116,0.98798263
id12196,0.9862781,0.00673697,0.0069848467
id21318,0.0069778548,0.9852908,0.0077313283
id11277,0.0084706955,0.06274344,0.92878586
id07193,0.9851217,0.007282969,0.007595309
id17105,0.006336661,0.006159722,0.9875036
id18263,0.9848214,0.007578178,0.007600412
id22875,0.0047242143,0.0055502006,0.9897256
id07157,0.0061914823,0.0060480568,0.9877604
id15051,0.9848444,0.0073595536,0.0077960445
id08871,0.0051400154,0.0057341014,0.9891259
id17036,0.0064346287,0.0063410583,0.98722434
id02783,0.005479906,0.0058105886,0.9887095
id26418,0.9841447,0.007714796,0.008140495
id15748,0.98544914,0.0076126875,0.006938203
id00820,0.0072828075,0.9850998,0.007617424
id27695,0.9847151,0.007195149,0.008089724
id27286,0.9854582,0.0074874167,0.007054414
id11680,0.005996908,0.00595024,0.98805285
id01070,0.0062839063,0.0057890057,0.98792714
id18486,0.0066289916,0.0066549364,0.9867161
id12389,0.0074692434,0.9849882,0.0075425426
id12544,0.0050762044,0.98932683,0.0055969404
id04692,0.98693323,0.0057775364,0.0072892397
id17342,0.9850499,0.007631929,0.007318084
id09640,0.0065417215,0.0063280826,0.9871302
id24300,0.005880524,0.0061327177,0.98798674
id13725,0.9854945,0.007061567,0.0074439477
id22633,0.98344696,0.007876749,0.008676299
id16653,0.9857753,0.007042915,0.007181824
id00184,0.9840581,0.007904768,0.008037096
id23872,0.9840561,0.007684028,0.008259875
id05095,0.07694574,0.010279597,0.9127747
id05757,0.0071194754,0.007036532,0.985844
id26883,0.9843449,0.0076937927,0.0079613095
id01868,0.98484105,0.00744628,0.00771272
id13053,0.006251454,0.006112606,0.9876359
id24443,0.9851269,0.008037972,0.006835074
id12795,0.006021036,0.9871961,0.0067828675
id05298,0.0056447233,0.0062787216,0.98807657
id07560,0.005810024,0.005576543,0.9886135
id10281,0.9854279,0.0071792933,0.0073927357
id07254,0.986381,0.0061828354,0.0074361064
id00837,0.0074143684,0.98445845,0.008127201
id04534,0.0058757886,0.0059683193,0.98815584
id16716,0.9845458,0.007568662,0.00788555
id04057,0.012569219,0.9753666,0.012064113
id14988,0.005748645,0.005517631,0.9887337
id05353,0.9867452,0.0064882822,0.006766541
id21250,0.0043486627,0.990866,0.004785409
id25963,0.0068647326,0.98554415,0.007591149
id10370,0.00577098,0.006488487,0.9877406
id26934,0.9813017,0.0061509977,0.012547294
id07649,0.005843454,0.0056636697,0.9884929
id21169,0.984762,0.007704573,0.00753345
id25824,0.98443496,0.007649543,0.007915523
id01154,0.023369735,0.9673752,0.009255078
id02523,0.98424834,0.007798938,0.007952758
id07677,0.9855482,0.0072082723,0.007243555
id24447,0.0062636365,0.006106601,0.9876297
id23036,0.006522223,0.006402321,0.98707545
id05424,0.9865551,0.0067060376,0.006738862
id18807,0.0061372714,0.006107378,0.98775536
id05894,0.007190076,0.9849823,0.007827654
id08494,0.6644712,0.026068047,0.3094608
id17181,0.9851726,0.0053651603,0.009462238
id24037,0.0067463224,0.9857202,0.00753342
id22495,0.9829658,0.008446384,0.008587778
id21717,0.98427886,0.0064594364,0.009261755
id00477,0.98402,0.008044636,0.007935399
id03167,0.006502446,0.0065278956,0.98696965
id08783,0.0061180913,0.006324641,0.9875573
id11954,0.9847221,0.007459937,0.007817945
id03029,0.9844637,0.007605075,0.007931229
id16359,0.9859212,0.006754291,0.0073245573
id02984,0.98420286,0.007821459,0.007975724
id24559,0.9844221,0.0077547445,0.007823201
id26880,0.005792295,0.005719225,0.9884885
id00656,0.98548514,0.006129149,0.008385738
id07825,0.0071240277,0.9855115,0.0073645385
id16525,0.007520753,0.98502433,0.007454943
id08849,0.8655671,0.11859495,0.01583794
id09260,0.006554293,0.9861339,0.007311842
id22233,0.98402685,0.00808407,0.007889095
id12191,0.0060786037,0.0060077854,0.9879136
id15505,0.0075867795,0.9840154,0.0083978
id15882,0.9113784,0.010144293,0.07847732
id10569,0.004782115,0.007930707,0.98728716
id26059,0.9860052,0.006888094,0.007106745
id13055,0.0072961613,0.0067610387,0.98594284
id05388,0.98413223,0.0077828025,0.008084935
id25199,0.007464609,0.9843771,0.008158337
id11813,0.0064280285,0.0063967183,0.9871752
id14866,0.5312207,0.021883314,0.44689605
id22247,0.0049820566,0.0039219335,0.991096
id08196,0.9823887,0.0086079165,0.009003417
id27246,0.006461052,0.98644984,0.007089151
id21926,0.0064135557,0.006708234,0.9868782
id01930,0.0069297603,0.0068960064,0.9861742
id26406,0.0059335222,0.0058988575,0.98816764
id07760,0.0073662973,0.98478466,0.007849045
id24815,0.006126521,0.0059206574,0.9879528
id22063,0.98415035,0.007920965,0.007928705
id21513,0.006951518,0.98541373,0.0076347482
id04006,0.9845658,0.007509915,0.007924309
id06177,0.013071885,0.9774204,0.009507722
id24010,0.9844337,0.0076197106,0.007946492
id16402,0.006429138,0.0062252516,0.98734564
id23894,0.9839056,0.0078114634,0.008282843
id18867,0.98259544,0.0091650095,0.008239565
id01691,0.006498367,0.9863506,0.0071510132
id11818,0.0071619153,0.98496455,0.007873511
id18481,0.005003619,0.005426076,0.9895703
id20137,0.9856307,0.0071109873,0.0072583235
id14630,0.006986082,0.9854896,0.007524306
id03058,0.005905028,0.005859075,0.9882359
id27857,0.5155967,0.46240366,0.021999681
id19345,0.005942028,0.9905511,0.00350681
id12726,0.98356044,0.008288027,0.0081515685
id06015,0.006851345,0.006640551,0.98650813
id26548,0.0057863165,0.0057806685,0.98843306
id20284,0.006071067,0.006276029,0.9876529
id17912,0.0060919793,0.006716917,0.9871911
id10287,0.9853448,0.007377689,0.0072775083
id03604,0.0064650774,0.986101,0.0074339956
id07423,0.0074121524,0.9841642,0.008423711
id01484,0.007004708,0.9852266,0.0077686636
id16904,0.98369586,0.007917307,0.008386878
id13187,0.006202397,0.006226672,0.9875709
id08507,0.0064911502,0.9862178,0.0072910725
id09599,0.98420346,0.007882807,0.007913661
id20460,0.006293933,0.9866088,0.007097221
id23743,0.0068513784,0.98555,0.007598611
id13914,0.0059877792,0.9875126,0.0064996723
id23108,0.98364484,0.008025879,0.0083293095
id20111,0.0045708334,0.9899211,0.0055080955
id00300,0.006798322,0.98558795,0.00761376
id25970,0.98376375,0.0082172,0.008019014
id24588,0.006244562,0.006244562,0.98751086
id04799,0.00691721,0.0067701824,0.9863126
id19685,0.005591254,0.006087056,0.9883217
id00628,0.006101562,0.0061194645,0.98777896
id10632,0.985016,0.0073968656,0.007587081
id24894,0.0072519686,0.98476774,0.007980301
id06843,0.0058222143,0.9877896,0.0063882098
id16211,0.9842009,0.007753002,0.008046115
id10730,0.97463703,0.015600446,0.009762511
id06399,0.005760279,0.98687226,0.007367509
id25138,0.98375523,0.007995487,0.00824929
id04372,0.65783787,0.059712686,0.28244942
id01057,0.98659384,0.006732549,0.0066736354
id07505,0.541019,0.4357836,0.023197403
id17331,0.9839394,0.007849969,0.008210645
id11306,0.016742658,0.007328626,0.9759287
id07490,0.007134412,0.98502225,0.007843275
id00721,0.007140285,0.9848708,0.007988934
id07538,0.9854154,0.0073136534,0.0072709257
id11289,0.006372376,0.0063599423,0.9872677
id25207,0.98451805,0.007480273,0.008001687
id03831,0.984268,0.0076931915,0.00803881
id05371,0.007042419,0.98570585,0.0072517917
id07405,0.006521683,0.98603034,0.0074479957
id25960,0.0072583775,0.9846759,0.008065737
id18497,0.004648133,0.0062303613,0.9891215
id24478,0.9850949,0.0073470618,0.007558107
id12431,0.007017611,0.98511535,0.00786703
id24080,0.006579544,0.0063833436,0.9870371
id11862,0.006377357,0.0065477462,0.9870749
id04798,0.98376805,0.007917888,0.008314098
id22638,0.0067782653,0.98556346,0.007658312
id16105,0.006517173,0.98631114,0.007171707
id05863,0.9858322,0.005884916,0.008282868
id11466,0.9841046,0.007936082,0.007959366
id06091,0.9842481,0.0077913245,0.007960526
id04214,0.0067462237,0.98570573,0.007548037
id21197,0.9285089,0.042420954,0.029070178
id06479,0.0061254795,0.0060896934,0.9877848
id21801,0.984586,0.0076806606,0.007733345
id00540,0.9845174,0.0076203584,0.007862255
id07102,0.98378026,0.008066273,0.00815339
id12012,0.0056525515,0.0058662547,0.98848116
id17850,0.0062575615,0.006106639,0.9876358
id12708,0.005789132,0.0052968655,0.98891395
id09277,0.0062939147,0.00613612,0.98757
id11482,0.0049100053,0.98924214,0.005847883
id15327,0.9843298,0.007701192,0.007968967
id17561,0.0076940316,0.9843755,0.007930519
id21966,0.984407,0.007838376,0.0077546258
id05742,0.98358756,0.008001934,0.008410559
id21441,0.98451823,0.00765019,0.007831609
id10819,0.0071134167,0.9850051,0.007881529
id00018,0.86042255,0.12185895,0.017718533
id17038,0.9843544,0.007868634,0.007776961
id14680,0.007379544,0.9855926,0.0070278705
id17760,0.00617944,0.0060540037,0.98776656
id14436,0.007440303,0.0065853093,0.9859744
id17180,0.006025733,0.0060081054,0.9879662
id19132,0.0064730607,0.9863549,0.007172025
id17497,0.006467234,0.9864299,0.007102867
id26284,0.005666574,0.0053336606,0.9889998
id04340,0.006617426,0.9859569,0.0074256537
id06427,0.00653515,0.98613864,0.0073261727
id08340,0.98558134,0.0076137087,0.006804919
id07167,0.0066691255,0.98592716,0.007403708
id02218,0.9844593,0.0077248034,0.007815859
id18406,0.98358214,0.008064649,0.008353215
id22134,0.005200376,0.005717076,0.9890826
id04983,0.0063123778,0.0061181667,0.98756945
id17767,0.9852174,0.0073408033,0.007441855
id15131,0.0072835605,0.98520166,0.0075147655
id11132,0.9841792,0.00779839,0.008022401
id10054,0.9858224,0.006846582,0.0073309783
id03797,0.00611457,0.0059322347,0.9879532
id17143,0.985576,0.0072366884,0.007187388
id19078,0.006186272,0.0059203017,0.9878934
id04919,0.98511755,0.0074848286,0.0073976284
id03272,0.006491024,0.9871622,0.0063468544
id15047,0.0062633744,0.0061482308,0.98758835
id23727,0.9842735,0.008078204,0.0076482883
id07221,0.98478353,0.007504244,0.0077122697
id13974,0.9604767,0.029460628,0.010062706
id24050,0.98837376,0.0059521724,0.005674059
id18119,0.98546773,0.0076277144,0.006904538
id05205,0.9853631,0.0071648136,0.007472086
id05233,0.0068462878,0.98577994,0.0073737423
id23556,0.98449594,0.007664973,0.007839084
id06323,0.985994,0.006794485,0.0072115324
id27903,0.0064786,0.006322346,0.987199
id15164,0.9846873,0.0077871922,0.0075255265
id14714,0.0070514455,0.9850435,0.007904962
id11585,0.0071884594,0.9847609,0.008050693
id09119,0.9832176,0.008448548,0.0083338255
id03135,0.9841948,0.00799906,0.007806134
id23385,0.9855968,0.007215671,0.0071875397
id18219,0.984174,0.007573196,0.008252802
id17596,0.007151813,0.9854981,0.007350069
id12235,0.00556641,0.005687295,0.98874635
id15394,0.9845703,0.0076282136,0.0078014894
id07727,0.9845254,0.0076353187,0.007839317
id02748,0.9838244,0.0079338215,0.008241817
id14913,0.0056703794,0.0056317486,0.9886979
id05257,0.0055497503,0.005770827,0.9886794
id23759,0.006497685,0.006291625,0.9872107
id08726,0.9846609,0.0074449186,0.007894178
id24493,0.98260224,0.008618199,0.008779601
id19945,0.98620087,0.0068894615,0.0069096745
id27893,0.98482066,0.0075118593,0.007667501
id04975,0.9795416,0.006836261,0.013622108
id14722,0.9841611,0.0077300076,0.008108894
id10320,0.006773093,0.9857735,0.0074533303
id09619,0.0068246457,0.98554695,0.0076283272
id07480,0.66734666,0.31584853,0.016804874
id00342,0.006840723,0.9859411,0.007218192
id08611,0.9867316,0.006475533,0.0067929304
id24284,0.006239851,0.0060301777,0.98772997
id20491,0.0066037774,0.9858471,0.0075491196
id18337,0.005937997,0.0061145346,0.9879475
id04781,0.98418623,0.0077756327,0.008038143
id11067,0.9839627,0.007842493,0.008194819
id19402,0.9844446,0.0077624978,0.00779288
id20009,0.006526205,0.0067597227,0.98671407
id08535,0.006095093,0.0062092408,0.9876957
id07495,0.0066199964,0.0070400713,0.9863399
id06262,0.006529282,0.006291425,0.9871793
id10898,0.98637205,0.006877212,0.006750784
id17778,0.0068672164,0.9859008,0.007232007
id07210,0.027602587,0.9621583,0.010239065
id04367,0.0071272245,0.9849914,0.007881418
id27713,0.19893613,0.015407871,0.78565603
id15428,0.006382179,0.9868571,0.006760702
id25427,0.9843101,0.0065357853,0.009154144
id09789,0.2814737,0.09936295,0.61916333
id07658,0.98565745,0.007062735,0.0072798175
id25453,0.0066124266,0.9861747,0.0072128545
id24495,0.9844668,0.007717321,0.007815919
id03270,0.006734313,0.98685235,0.006413387
id11879,0.9849877,0.007751625,0.0072606755
id24356,0.0062207454,0.0061844024,0.98759484
id22256,0.006347493,0.0063910326,0.9872615
id06050,0.0071685864,0.98491967,0.007911689
id09555,0.9844194,0.007641956,0.007938621
id23772,0.0070791766,0.98506194,0.007858925
id21930,0.9332227,0.009739054,0.057038244
id00823,0.0072600124,0.9848977,0.007842283
id23666,0.007051337,0.9850284,0.007920294
id08118,0.0067333747,0.0065517533,0.9867149
id21388,0.0058647636,0.9872652,0.006870008
id23312,0.98572046,0.0065900455,0.0076895105
id08545,0.005673927,0.005975329,0.98835075
id20351,0.02101838,0.74164736,0.23733427
id13536,0.0070856237,0.0069553643,0.985959
id27742,0.0069491887,0.9850835,0.007967283
id13343,0.0061667203,0.006172746,0.9876605
id11987,0.0067854985,0.9856521,0.007562382
id08921,0.0068771206,0.006763892,0.98635894
id09972,0.85413915,0.12606557,0.019795323
id26173,0.9837615,0.007948824,0.008289721
id07917,0.014962225,0.00827908,0.9767587
id01383,0.98632604,0.00677689,0.006897068
id26699,0.9845451,0.007553889,0.007900962
id11058,0.0032311731,0.0041126036,0.99265623
id20425,0.0072033117,0.98486996,0.0079267565
id20238,0.007586405,0.9839669,0.008446733
id21348,0.00620823,0.9875349,0.006256922
id09552,0.005629608,0.007013006,0.9873574
id25075,0.014440944,0.0052763345,0.98028266
id17749,0.0069576683,0.006756787,0.98628557
id18910,0.007086341,0.0068549155,0.9860588
id13534,0.006904538,0.98546773,0.0076277144
id22205,0.006726322,0.9856814,0.007592206
id23896,0.983661,0.008033853,0.00830508
id23616,0.9704171,0.011599573,0.017983323
id03537,0.98452663,0.0077555683,0.0077177905
id18147,0.98590535,0.007064511,0.0070301
id25408,0.9843126,0.0076560653,0.008031327
id09997,0.00686274,0.0069165654,0.9862207
id23357,0.006071768,0.0061613643,0.98776686
id21880,0.008731781,0.008275161,0.98299307
id21633,0.006718795,0.98554033,0.0077408412
id15976,0.0061974213,0.0060597723,0.9877428
id20266,0.0059808665,0.00571814,0.988301
id26726,0.98350453,0.008151105,0.008344403
id02958,0.0050814156,0.98937577,0.005542823
id25211,0.033965807,0.010035373,0.95599884
id24314,0.98447245,0.007634908,0.007892666
id21475,0.0058027324,0.0058596777,0.9883376
id22733,0.96765524,0.02105713,0.011287592
id14297,0.0066948105,0.9858657,0.007439483
id27627,0.0061478214,0.9865586,0.007293592
id03580,0.006601437,0.98549765,0.007900886
id08858,0.006786258,0.0064881532,0.98672557
id22512,0.0062872577,0.9865254,0.007187289
id05634,0.0060723843,0.006060535,0.9878671
id00105,0.0058876188,0.0058991294,0.98821324
id26635,0.9842419,0.007640578,0.008117483
id19324,0.0059448467,0.005933247,0.98812187
id00210,0.9843312,0.0075744055,0.008094471
id06809,0.9815865,0.010435619,0.00797786
id04074,0.006971616,0.9853716,0.0076568215
id27010,0.9851591,0.0073117507,0.0075291316
id00699,0.0066672545,0.024856672,0.9684761
id18549,0.62598884,0.02354843,0.35046276
id14089,0.98415715,0.007662335,0.008180445
id19792,0.006025503,0.9869643,0.007010214
id19935,0.0063903136,0.0064593293,0.9871504
id22960,0.0061539365,0.006306028,0.98754
id02471,0.00631123,0.0062989155,0.98738986
id07896,0.006304522,0.006391309,0.98730415
id20033,0.9881413,0.004962355,0.006896279
id15018,0.9845429,0.007509741,0.007947373
id19528,0.9844773,0.0075681354,0.007954608
id21621,0.98534733,0.0069510494,0.007701628
id14328,0.0063254563,0.98672056,0.006953942
id19524,0.984332,0.0078072217,0.007860775
id00219,0.98358583,0.007970723,0.008443462
id23229,0.0061727087,0.0061727087,0.98765457
id14357,0.9855262,0.0071450365,0.007328776
id21829,0.008375052,0.00643393,0.98519105
id02137,0.98169523,0.00921942,0.009085355
id23524,0.006516424,0.006322106,0.98716146
id12022,0.98436165,0.007884075,0.0077542686
id05255,0.98407245,0.007851031,0.008076553
id14605,0.98452157,0.007538969,0.007939444
id15329,0.009312666,0.0067801047,0.9839072
id06046,0.98570514,0.0070218127,0.0072730635
id16548,0.005720024,0.0056533837,0.9886266
id23369,0.006707567,0.0074755275,0.9858169
id17824,0.98398155,0.00795837,0.008060049
id17243,0.0062025855,0.006196531,0.9876009
id13185,0.0062034894,0.98678076,0.007015758
id27091,0.9845264,0.0077859196,0.0076877
id21817,0.006516584,0.006297613,0.9871858
id21912,0.9843167,0.0077918675,0.007891418
id24163,0.0068000345,0.00640053,0.9867994
id12484,0.0060081403,0.006019886,0.98797196
id15799,0.98411906,0.007859074,0.00802191
id22315,0.0069300155,0.9852479,0.007822121
id02608,0.0075282655,0.98504573,0.0074260402
id10057,0.98369986,0.008002847,0.0082973
id01709,0.98397416,0.008028566,0.007997266
id11153,0.006595694,0.9856023,0.007802044
id25154,0.9803949,0.009630244,0.009974829
id18207,0.0069393255,0.9856086,0.0074520833
id03370,0.007274103,0.9848837,0.007842172
id26760,0.9847766,0.0075262086,0.0076971673
id15099,0.9851816,0.007347709,0.00747071
id16341,0.00620236,0.0062327185,0.987565
id15572,0.9871104,0.0061995047,0.006690183
id24901,0.9839484,0.0077358894,0.008315623
id04528,0.9841124,0.0075949403,0.008292678
id26507,0.0061499593,0.005984075,0.987866
id26687,0.98355055,0.008080156,0.008369276
id27819,0.0063965577,0.0064530247,0.98715043
id17610,0.006635838,0.985808,0.0075561954
id03373,0.93471915,0.05039218,0.014888628
id05881,0.006454224,0.0052472474,0.98829854
id15875,0.0062320703,0.006305532,0.98746234
id18400,0.98414856,0.007805767,0.008045687
id23596,0.006551796,0.0067268466,0.9867214
id07006,0.0064468444,0.986205,0.0073481617
id25134,0.0060938722,0.986534,0.0073721795
id17393,0.98406506,0.007699121,0.008235787
id20155,0.0070595276,0.9852098,0.0077306926
id09536,0.007100071,0.98507917,0.00782078
id09155,0.005857795,0.98705566,0.007086581
id26482,0.98444253,0.007649602,0.007907856
id17001,0.006727066,0.9857903,0.0074826297
id08134,0.9873621,0.006467027,0.006170881
id10174,0.984368,0.008254429,0.007377576
id04760,0.98833346,0.0056738276,0.005992756
id04941,0.9839633,0.00785783,0.008178834
id01339,0.9854155,0.0072851414,0.007299384
id24710,0.98284334,0.008113868,0.009042839
id20408,0.9853725,0.0072351946,0.00739232
id04028,0.0062929224,0.0062929224,0.9874142
id07153,0.00593545,0.0055758394,0.98848873
id20098,0.0065984335,0.9860117,0.007389895
id24146,0.98886615,0.005019628,0.0061142463
id06276,0.005831892,0.0057023624,0.9884658
id18978,0.047320884,0.8963742,0.05630481
id04247,0.98576677,0.006859581,0.0073736436
id02020,0.006950892,0.98532504,0.007724049
id14299,0.0057926164,0.005663959,0.9885434
id27255,0.005942938,0.98780453,0.0062525216
id05751,0.0061781015,0.0062692673,0.98755264
id09428,0.98400384,0.007904332,0.0080917785
id06941,0.98572755,0.0070839603,0.0071884934
id25678,0.005758262,0.005786447,0.9884553
id27425,0.98441434,0.007846093,0.0077395523
id12619,0.98613226,0.0068153744,0.0070523494
id00530,0.006256617,0.006256617,0.9874867
id14683,0.98469204,0.0074597094,0.007848306
id14618,0.006682077,0.98591435,0.0074036117
id07599,0.98431015,0.007611318,0.008078503
id02786,0.9845682,0.0074296915,0.008002094
id21563,0.9833746,0.008134125,0.008491255
id26412,0.005916334,0.005887517,0.98819613
id18320,0.015061638,0.007434239,0.97750413
id02043,0.9857372,0.0068459907,0.0074167536
id03179,0.98562175,0.0070486986,0.0073294863
id17256,0.006870365,0.98538995,0.00773966
id07435,0.0062203677,0.006244714,0.98753494
id17659,0.9826403,0.006685953,0.010673694
id06828,0.008198945,0.9834974,0.008303698
id18636,0.007257151,0.007271339,0.9854715
id05216,0.9839236,0.007849843,0.008226565
id23156,0.119124696,0.021885732,0.8589896
id23861,0.9841488,0.007813395,0.008037837
id21416,0.005759943,0.0054961755,0.9887439
id02763,0.9824352,0.008786686,0.008778109
id12625,0.006008034,0.0060374415,0.9879545
id08033,0.00493335,0.004996379,0.9900703
id24105,0.98627055,0.0059221312,0.007807334
id09295,0.984762,0.007366128,0.007871892
id22062,0.0069217184,0.9840683,0.009010008
id21044,0.984142,0.007851586,0.008006444
id17419,0.0055030854,0.0054762806,0.98902065
id10969,0.98349863,0.008009028,0.008492327
id23066,0.91713095,0.013107747,0.06976123
id25667,0.9839856,0.0076984987,0.008315937
id14534,0.56106955,0.028443262,0.41048723
id26645,0.006566218,0.9860005,0.007433238
id03965,0.0059818546,0.0065186555,0.9874995
id25956,0.9845382,0.007568604,0.0078931935
id23707,0.982998,0.008218826,0.008783137
id18026,0.9161893,0.07099475,0.012815966
id10767,0.01087509,0.98181653,0.007308323
id18802,0.98488843,0.007765997,0.0073455223
id02940,0.19447784,0.78496796,0.020554189
id13403,0.9840078,0.0077970317,0.008195194
id10201,0.006354281,0.9863889,0.0072568175
id15333,0.0056762914,0.0055610687,0.9887627
id25619,0.006319586,0.0059483084,0.9877321
id18506,0.0062834793,0.98689586,0.006820652
id09835,0.0067259725,0.98563015,0.0076438864
id14828,0.9845487,0.007672874,0.0077784965
id26816,0.007080783,0.98528546,0.0076337545
id26134,0.0069118524,0.9855487,0.0075394684
id25064,0.983304,0.008205343,0.008490646
id14254,0.9870598,0.005535251,0.007404978
id09352,0.9858154,0.0069883913,0.0071961572
id21495,0.9853487,0.007164709,0.0074865846
id15349,0.00633554,0.00633554,0.9873289
id06759,0.006199168,0.9860934,0.0077074594
id20876,0.985946,0.007057906,0.0069961455
id14644,0.006046718,0.98754174,0.006411603
id16927,0.0062496993,0.006391662,0.9873586
id00417,0.007041716,0.98560745,0.007350885
id18892,0.0061830264,0.0064418996,0.9873751
id17500,0.007386491,0.98459554,0.008017961
id17676,0.0061851135,0.9867444,0.007070523
id03378,0.98424685,0.0077457954,0.008007297
id26891,0.98890823,0.005364508,0.0057272436
id15609,0.98490775,0.0074613434,0.007630828
id11270,0.8434908,0.014025391,0.14248386
id01141,0.006043128,0.006037229,0.9879197
id18738,0.9551853,0.011207608,0.0336071
id23964,0.005651931,0.0059754616,0.9883726
id08032,0.98682696,0.007804113,0.0053689242
id10410,0.0061376356,0.0060483846,0.98781395
id15738,0.98395836,0.007958183,0.0080835065
id22293,0.005785456,0.005928441,0.9882861
id23174,0.9843594,0.0076713986,0.007969206
id13041,0.006763849,0.98538995,0.007846202
id18377,0.0062319553,0.006323916,0.9874441
id24269,0.0067132865,0.9856944,0.0075923065
id19445,0.008217187,0.982802,0.008980855
id16449,0.0069094053,0.9851998,0.007890788
id11857,0.0057252944,0.0057029733,0.9885717
id14929,0.040432356,0.94898415,0.010583523
id16029,0.982371,0.009029671,0.00859936
id09091,0.9838875,0.007934331,0.008178203
id14431,0.006214158,0.9865491,0.0072367624
id15857,0.0064911037,0.98621076,0.0072981436
id26177,0.0059094196,0.0060851076,0.98800546
id07001,0.00536793,0.006058947,0.98857313
id00626,0.006256464,0.0062809507,0.9874626
id25160,0.0049644927,0.98856694,0.0064685987
id21474,0.006185476,0.006048093,0.9877664
id03155,0.9835681,0.007947261,0.008484637
id11858,0.0061190617,0.0061670537,0.98771393
id12413,0.0067083444,0.9859312,0.0073604835
id25656,0.0066417367,0.9857211,0.0076371296
id24322,0.9836625,0.00790159,0.008435878
id20603,0.9843373,0.007693733,0.007969027
id06878,0.9846731,0.007547496,0.007779479
id03535,0.9844488,0.0076123895,0.007938857
id11831,0.9857896,0.0070982566,0.007112134
id24685,0.98445946,0.0077323513,0.0078082327
id10426,0.006386577,0.006076287,0.98753715
id09024,0.0067453715,0.9855812,0.0076734223
id09728,0.3805936,0.01977093,0.5996355
id01065,0.0075095654,0.98451996,0.007970505
id14005,0.9853852,0.007178982,0.0074358564
id18534,0.0062453165,0.0061245207,0.9876302
id19862,0.14263272,0.021711165,0.83565617
id14707,0.9835235,0.008017056,0.008459433
id02248,0.0073795654,0.9846334,0.007987008
id20494,0.005859075,0.005905028,0.9882359
id27072,0.9847029,0.0075477245,0.0077493843
id20587,0.9816257,0.0103649385,0.008009405
id24134,0.0060506086,0.006736771,0.9872126
id22696,0.013234213,0.005866914,0.98089886
id23757,0.984337,0.007686221,0.007976811
id18828,0.9820899,0.008740813,0.009169242
id14040,0.006025839,0.0059906347,0.9879836
id09385,0.98318535,0.008349845,0.008464787
id16005,0.0067584193,0.98556083,0.0076807616
id12467,0.9632167,0.02364726,0.013136
id16209,0.9850456,0.007418791,0.0075356197
id01621,0.0064529637,0.9861775,0.007369516
id18081,0.98686224,0.006610578,0.0065271854
id06667,0.006560748,0.006334104,0.98710513
id07436,0.0060896203,0.0061373813,0.987773
id19498,0.0067945323,0.98600096,0.0072045443
id12123,0.984704,0.0076815817,0.0076143635
id17082,0.9838267,0.008347136,0.0078261085
id00313,0.00713303,0.98483145,0.008035561
id14281,0.0053915544,0.98615944,0.008449038
id14755,0.9846875,0.00753288,0.007779593
id17484,0.98399156,0.008219102,0.007789294
id00111,0.006636951,0.98597336,0.0073896074
id16542,0.03848381,0.010749369,0.9507668
id00458,0.0065893913,0.0068251695,0.9865855
id07682,0.005503712,0.98816776,0.0063285506
id02041,0.98643124,0.0068307696,0.0067380164
id26070,0.0052753105,0.005014112,0.98971057
id05271,0.9841621,0.0077526965,0.00808518
id18107,0.9848557,0.007302365,0.007841948
id01170,0.00423307,0.004501681,0.99126524
id23464,0.15643303,0.80783,0.035737034
id03879,0.6209321,0.34619185,0.03287607
id22473,0.0062083057,0.98658293,0.007208797
id20937,0.9827048,0.00888402,0.00841122
id16239,0.005730219,0.9874915,0.006778274
id02348,0.98445773,0.00764972,0.007892549
id19796,0.98322606,0.008124959,0.008648974
id06531,0.0057759588,0.0065963524,0.98762774
id02641,0.0065757325,0.98646533,0.0069589363
id01332,0.008340018,0.005788255,0.98587173
id24038,0.008057885,0.9837173,0.00822484
id23699,0.8656924,0.017127376,0.117180176
id07294,0.98473245,0.007540584,0.007726947
id00319,0.9849804,0.0074328026,0.007586807
id05699,0.9854586,0.007480112,0.00706131
id18863,0.98444253,0.007649602,0.007907856
id07745,0.0062431274,0.006472834,0.98728406
id02157,0.007372931,0.9847094,0.00791773
id00525,0.9830012,0.007630946,0.00936791
id14740,0.9839272,0.008114887,0.007957931
id01420,0.0067911725,0.9855134,0.0076954067
id17725,0.9829151,0.008242246,0.008842639
id07807,0.012097671,0.97999173,0.007910636
id11676,0.006998763,0.98535204,0.007649196
id06720,0.006299032,0.0062928833,0.9874081
id08048,0.006348355,0.00625604,0.9873956
id04185,0.033268802,0.7476424,0.21908881
id02077,0.9856382,0.007145848,0.007215974
id12968,0.006427136,0.006534727,0.98703814
id01945,0.981778,0.011187038,0.007034937
id06446,0.0067640566,0.98831135,0.004924585
id01072,0.9835065,0.007892626,0.008600897
id15124,0.019014934,0.007608066,0.973377
id14173,0.006877031,0.9853834,0.007739608
id27559,0.0059904577,0.006055155,0.9879544
id13722,0.98396987,0.0078272475,0.008202884
id09310,0.98399156,0.007789294,0.008219102
id23024,0.98453325,0.007650307,0.007816446
id24332,0.0066653765,0.98633575,0.006998911
id07699,0.9871618,0.0065037115,0.0063344683
id06837,0.006484251,0.98613214,0.0073835836
id07279,0.9849563,0.00767605,0.007367581
id16451,0.006200227,0.006574375,0.98722535
id17588,0.0073235766,0.98482704,0.007849382
id07018,0.9855252,0.0069795144,0.007495242
id12994,0.9845979,0.0075469203,0.007855223
id03703,0.9851023,0.007543416,0.0073542953
id01753,0.98449177,0.007553479,0.007954724
id02866,0.006234272,0.005954596,0.98781115
id21884,0.0070527913,0.98523146,0.007715778
id27543,0.0064208615,0.00654111,0.987038
id22149,0.005086819,0.9894611,0.005452033
id14595,0.983497,0.008174958,0.008328058
id12383,0.3318898,0.6526706,0.015439544
id27714,0.98377854,0.007980074,0.008241434
id17634,0.9853441,0.007242055,0.0074137957
id15906,0.005905129,0.0058420347,0.9882528
id09047,0.006020133,0.005967453,0.98801243
id02059,0.98620003,0.00795298,0.0058470047
id19107,0.9846132,0.007554411,0.007832365
id02385,0.0058367006,0.0058481116,0.98831517
id21312,0.98429316,0.007753729,0.00795312
id02215,0.0063496674,0.9866356,0.0070147263
id08928,0.004588168,0.005610572,0.9898013
id07099,0.984338,0.0077163116,0.007945719
id01935,0.9772086,0.014508566,0.008282893
id24757,0.98499554,0.007483901,0.007520533
id01848,0.0060208277,0.005852708,0.9881265
id06224,0.984633,0.0074884566,0.007878551
id15539,0.0066515394,0.98621243,0.00713606
id22907,0.0068115727,0.9855822,0.007606283
id12713,0.9840279,0.007958746,0.008013339
id15521,0.006939733,0.0064307516,0.9866295
id25539,0.98564345,0.007062635,0.0072939456
id23370,0.0061252234,0.0061312085,0.98774356
id15868,0.9841627,0.0077678575,0.008069409
id17808,0.3712305,0.015816623,0.6129529
id08241,0.006618985,0.9861892,0.0071918597
id27284,0.98382103,0.008314546,0.00786437
id20707,0.98453414,0.0077404943,0.007725391
id03823,0.0071973796,0.9850204,0.007782223
id00463,0.0067349533,0.98598284,0.0072822203
id07241,0.98415005,0.007874687,0.007975296
id05702,0.006623752,0.9859363,0.007440015
id18973,0.9851606,0.00739073,0.0074486965
id18662,0.986419,0.0065882793,0.0069926702
id06448,0.0061314646,0.006083749,0.9877848
id21002,0.0069296965,0.9852026,0.0078677265
id08753,0.9842754,0.00768574,0.008038871
id27832,0.0063518328,0.9860088,0.0076393588
id11341,0.006894586,0.98597115,0.0071343137
id11426,0.0048564416,0.0051595685,0.98998404
id15388,0.0035571428,0.0043497984,0.9920931
id12801,0.984156,0.009251561,0.0065924497
id02380,0.008523526,0.0062909937,0.9851855
id02777,0.0064982404,0.0062067225,0.98729503
id05412,0.0060905926,0.0059786257,0.9879308
id01303,0.9837545,0.007734365,0.008511145
id21665,0.9858782,0.007057421,0.007064317
id12973,0.0065089227,0.0065025697,0.9869885
id22046,0.984518,0.007839259,0.007642721
id24035,0.96751034,0.010176068,0.022313567
id15513,0.0070379474,0.98507994,0.007882128
id12302,0.98436683,0.00580204,0.009831125
id01751,0.9863318,0.006737337,0.006930867
id27003,0.98521686,0.005745003,0.009038159
id14689,0.0067019844,0.9859589,0.007339157
id11885,0.98468405,0.0074523673,0.007863586
id16558,0.9829912,0.010208465,0.006800304
id15785,0.8341918,0.14207461,0.02373363
id25382,0.0073439986,0.98468417,0.007971835
id19170,0.96124524,0.029700944,0.009053853
id22689,0.98567975,0.007174119,0.00714615
id03178,0.98594475,0.0069281473,0.0071271597
id22393,0.983362,0.008262114,0.008375849
id19215,0.006055296,0.0059672417,0.98797745
id27829,0.9842859,0.008117846,0.007596279
id11659,0.005737523,0.0055123367,0.98875016
id25831,0.007331238,0.98489505,0.007773638
id08781,0.9830015,0.008723332,0.008275231
id11550,0.97227424,0.017092202,0.010633537
id25478,0.0064686313,0.0059243673,0.987607
id09909,0.984478,0.007582937,0.007939093
id09009,0.0059448467,0.005933247,0.98812187
id12660,0.718738,0.014844272,0.26641768
id23033,0.004232789,0.0045678057,0.99119943
id25937,0.9838344,0.008011762,0.008153839
id10385,0.005981855,0.98749954,0.0065186555
id15288,0.006155387,0.006071804,0.98777276
id06403,0.98402774,0.008029004,0.007943215
id18342,0.0068217535,0.9860917,0.0070865774
id00497,0.0057570357,0.0059980736,0.9882449
id12156,0.98449826,0.0075314324,0.007970331
id26825,0.9851776,0.0072267023,0.00759574
id20140,0.006250928,0.0061962297,0.9875528
id06714,0.0064574485,0.0057153986,0.9878272
id06017,0.006238428,0.006256731,0.9875048
id14841,0.98476297,0.0076148193,0.007622259
id25646,0.0048453473,0.005501231,0.9896534
id09218,0.88312125,0.01593972,0.10093909
id21857,0.0065670693,0.98612833,0.007304664
id05750,0.005241701,0.0055743153,0.989184
id10507,0.0054696454,0.9878223,0.006708097
id09696,0.0076766075,0.006333132,0.9859903
id00835,0.0063723065,0.9862932,0.0073344796
id26717,0.006727657,0.0064321253,0.98684025
id17573,0.0064091436,0.006427948,0.9871629
id21144,0.008765896,0.9858704,0.00536372
id02305,0.9829827,0.008487872,0.008529419
id26035,0.6946013,0.2814677,0.02393098
id00878,0.9842125,0.0076702535,0.008117241
id08728,0.9846083,0.007703371,0.0076883393
id10579,0.0069379443,0.9854124,0.0076496648
id10720,0.9839434,0.008020479,0.00803616
id09163,0.006114035,0.0060192454,0.98786676
id16298,0.96797633,0.021322824,0.0107008675
id05342,0.9801711,0.0065657566,0.013263193
id24256,0.0057068127,0.0060217115,0.98827153
id12217,0.0055045187,0.98831254,0.006182855
id06159,0.9856293,0.007308101,0.0070625334
id24394,0.98621935,0.0069912546,0.0067894035
id20232,0.0058910237,0.006289361,0.9878196
id26856,0.9846592,0.007591743,0.00774904
id15108,0.9833968,0.008516362,0.008086788
id00751,0.9866389,0.0066479207,0.0067131594
id01784,0.98619413,0.0069231363,0.0068826894
id26419,0.984135,0.007959612,0.007905385
id23877,0.0062842946,0.98798823,0.005727506
id05019,0.9842238,0.0077456133,0.008030603
id23003,0.0060497373,0.0059153694,0.9880349
id22153,0.00679761,0.98548466,0.0077177607
id19726,0.006984466,0.98526174,0.007753782
id19033,0.9851858,0.0072479662,0.00756619
id00534,0.0059389407,0.0059563653,0.98810464
id07030,0.98430943,0.0078452565,0.0078452565
id08281,0.011284132,0.008040813,0.98067504
id00366,0.004481934,0.99077964,0.004738491
id25446,0.9853148,0.007080994,0.0076042195
id25008,0.9834287,0.00807127,0.008500021
id24142,0.0071472665,0.9848716,0.007981143
id25331,0.006478199,0.006383994,0.9871378
id16549,0.0066878945,0.0065393522,0.9867727
id12120,0.0070328317,0.98532563,0.0076415245
id07518,0.006983399,0.9851111,0.007905505
id24749,0.029156296,0.008614377,0.9622294
id23132,0.98076963,0.009586999,0.009643339
id05946,0.00626729,0.0064915433,0.98724115
id07427,0.9843407,0.0076041254,0.008055122
id14601,0.007161695,0.9849342,0.007904084
id26504,0.005916741,0.0058193244,0.98826396
id27199,0.9854154,0.0073136534,0.0072709257
id09610,0.9800156,0.011287561,0.008696835
id02071,0.98367256,0.007932598,0.008394874
id24431,0.9825479,0.008517325,0.0089348005
id20756,0.0070027397,0.0070852856,0.98591197
id06525,0.96986383,0.02064651,0.009489658
id11646,0.9839101,0.00790358,0.008186382
id26808,0.9844227,0.0075529497,0.008024386
id15122,0.9838039,0.008113871,0.008082238
id26052,0.0057201497,0.005631467,0.98864836
id06693,0.9838696,0.007880134,0.00825025
id13520,0.9844539,0.007560569,0.007985553
id04381,0.9847593,0.007452937,0.0077877613
id23315,0.9848459,0.006806484,0.008347628
id15685,0.9835412,0.008048578,0.008410162
id12974,0.00619775,0.0060070655,0.9877952
id22302,0.9850995,0.0072756964,0.007624864
id04848,0.98471075,0.007562541,0.0077267764
id05104,0.006020203,0.005955879,0.98802394
id17169,0.0070618237,0.98553026,0.007407958
id12736,0.0075603914,0.98443085,0.008008795
id24659,0.985338,0.007348875,0.0073130787
id24829,0.9842402,0.008490435,0.0072693494
id04164,0.007252699,0.9848669,0.007880422
id17795,0.98352015,0.00813533,0.008344536
id09104,0.006883912,0.9854065,0.007709616
id07833,0.0063602184,0.0063292384,0.9873105
id16733,0.9851464,0.00741955,0.007434055
id18630,0.005966673,0.0061500673,0.98788327
id16064,0.006031725,0.0059847864,0.98798347
id00561,0.00660657,0.986264,0.0071294676
id16627,0.98436904,0.007559917,0.008071101
id02162,0.9842333,0.007814066,0.007952637
id16092,0.0056450334,0.98813087,0.0062241214
id10710,0.0070300885,0.9849413,0.0080286125
id18885,0.98757637,0.0061541633,0.0062694177
id10689,0.0057870275,0.005658495,0.98855454
id00486,0.011783547,0.87082285,0.1173936
id02370,0.98604685,0.006928865,0.0070242463
id22279,0.98505986,0.007404422,0.0075357286
id16068,0.98330134,0.0070115323,0.009687133
id04053,0.0059450874,0.005893065,0.98816186
id09228,0.98503,0.007375331,0.0075946017
id04227,0.006794771,0.9860355,0.007169703
id13578,0.9856776,0.0072870785,0.0070353434
id18744,0.0045731068,0.006945969,0.9884809
id22966,0.0058431616,0.0057133813,0.98844343
id02979,0.9820004,0.0063756267,0.011623958
id26203,0.9821326,0.008715621,0.00915175
id21184,0.98289245,0.008595527,0.008511994
id19201,0.0050623817,0.0054099695,0.98952764
id20340,0.0074016885,0.98469615,0.007902174
id00692,0.006286313,0.0063728485,0.98734087
id17757,0.0065857656,0.006408126,0.9870061
id22771,0.0062752403,0.0061960784,0.9875287
id10753,0.0057208785,0.9878092,0.0064699557
id11899,0.98270863,0.0089537315,0.0083376495
id20961,0.9851092,0.0075508393,0.007339997
id06095,0.98448914,0.0077024386,0.007808468
id23625,0.9854849,0.0071937446,0.007321316
id03942,0.9839197,0.007973429,0.008106906
id19591,0.8130871,0.055277262,0.13163559
id19732,0.9848942,0.0075418227,0.00756395
id24912,0.0068773422,0.9854279,0.00769474
id15060,0.98405075,0.008021354,0.007927903
id08018,0.0058313594,0.9874107,0.0067578927
id02851,0.98443246,0.007589995,0.007977584
id02327,0.004854231,0.00464553,0.9905003
id22631,0.9845116,0.0077782036,0.00771014
id22240,0.98643726,0.006705236,0.0068575465
id05114,0.9891523,0.004791149,0.0060565793
id14979,0.0068243407,0.9855029,0.007672813
id25837,0.007588861,0.98428535,0.008125774
id17457,0.9877418,0.0062338347,0.0060243644
id23050,0.0062995316,0.0062139914,0.9874865
id06461,0.988107,0.0049428376,0.0069501256
id03154,0.9853511,0.007235037,0.007413848
id20285,0.98439795,0.007530665,0.008071338
id23166,0.0071480963,0.98498595,0.007865996
id11496,0.98678607,0.006565036,0.006648912
id09569,0.9827607,0.008594375,0.008644881
id11193,0.98644847,0.0069114096,0.0066401497
id26696,0.9848773,0.0074247704,0.007697954
id15363,0.006157287,0.9871132,0.006729517
id13046,0.9840739,0.007928088,0.007998076
id17653,0.0060326564,0.9871714,0.006795958
id18812,0.006287923,0.006118317,0.98759377
id23232,0.0068180817,0.98556095,0.00762099
id05290,0.040020656,0.9499295,0.010049869
id10667,0.9860421,0.0067881835,0.0071697505
id15546,0.0063122264,0.006141965,0.9875458
id05862,0.9851066,0.008301055,0.0065923766
id06225,0.0061960784,0.0062752403,0.9875287
id17617,0.0064117922,0.006017442,0.98757076
id00814,0.006274045,0.0063853064,0.9873406
id18898,0.005973038,0.006055261,0.9879717
id19395,0.0071483697,0.9850236,0.007827981
id19520,0.0052107223,0.98911655,0.005672781
id27501,0.005065019,0.005858336,0.9890767
id06327,0.005795438,0.0061451597,0.98805946
id00330,0.0067981193,0.9855585,0.007643331
id03792,0.98500997,0.0075206435,0.007469408
id09320,0.9850991,0.008423484,0.006477458
id04678,0.006446847,0.006384196,0.98716897
id11663,0.986167,0.0069772433,0.006855668
id24945,0.0060904147,0.006007714,0.98790187
id03046,0.007259957,0.98489016,0.007849885
id20236,0.9862114,0.006756279,0.007032283
id07869,0.9834627,0.008103141,0.008434165
id08152,0.0061431215,0.0061251502,0.98773175
id02910,0.006943575,0.9852496,0.0078068716
id26837,0.007301689,0.98476464,0.007933653
id24188,0.006992499,0.985432,0.007575475
id08748,0.009442302,0.09631149,0.8942462
id18608,0.14878576,0.77012306,0.08109114
id18773,0.011108876,0.98160577,0.0072853784
id21822,0.98455936,0.0075318995,0.007908794
id09721,0.34310356,0.02675611,0.63014036
id23152,0.9839379,0.007819354,0.008242768
id02249,0.006810654,0.98544925,0.0077401255
id14065,0.9844221,0.00776232,0.007815564
id01598,0.006072884,0.005978733,0.9879484
id06294,0.0059032976,0.0061504594,0.9879463
id19196,0.9854542,0.0071166605,0.0074291197
id06846,0.97938716,0.009019844,0.011593025
id02239,0.0063057235,0.0062019033,0.9874923
id20363,0.0059400303,0.005774166,0.98828584
id14986,0.008269936,0.9871808,0.004549287
id25864,0.0063114623,0.006262346,0.9874262
id22272,0.9852424,0.007213076,0.007544489
id06212,0.0043573705,0.004729881,0.9909128
id15497,0.008434762,0.9835324,0.0080328025
id12206,0.0061782524,0.006244979,0.9875768
id03109,0.88228637,0.09573361,0.021980021
id00812,0.0065354183,0.006321985,0.98714256
id04837,0.98573446,0.0071815266,0.0070840097
id14518,0.9835728,0.008033132,0.0083940225
id18095,0.9256725,0.061353564,0.012973934
id15831,0.0063091596,0.987066,0.0066248695
id12558,0.9866182,0.0065896097,0.0067921495
id27858,0.9850064,0.0073320675,0.007661462
id24074,0.9206025,0.068763144,0.010634366
id23039,0.9839894,0.008036535,0.007973994
id23415,0.0068178275,0.9855242,0.007658007
id00613,0.0062221107,0.0059662405,0.9878116
id11373,0.0058455556,0.0062713656,0.9878831
id00493,0.0068234643,0.9853763,0.007800255
id20781,0.0062284633,0.98689073,0.0068808286
id16367,0.98530966,0.0073128683,0.007377425
id09831,0.0072319685,0.98493314,0.00783491
id08016,0.0061775297,0.98746127,0.0063611893
id02860,0.013925425,0.90996283,0.07611175
id02382,0.8917733,0.016769791,0.09145693
id06900,0.0063918564,0.0062194467,0.9873887
id26499,0.9842478,0.007776119,0.007976088
id21696,0.0061357673,0.0073149223,0.9865493
id21364,0.0070266128,0.98637897,0.006594448
id02752,0.0064772186,0.006534398,0.9869884
id02765,0.9843609,0.007716491,0.00792266
id10307,0.9840642,0.007835646,0.008100182
id26542,0.006411261,0.0060997712,0.987489
id05416,0.98502433,0.007462227,0.0075134127
id03671,0.007059474,0.9852024,0.0077381865
id03740,0.006603972,0.98587614,0.00751991
id25818,0.9847749,0.0074676257,0.0077575236
id23290,0.98444194,0.0076346714,0.0079233125
id13438,0.0059857606,0.0058699856,0.9881443
id15502,0.98498094,0.007549856,0.0074691884
id18946,0.006061633,0.005892374,0.988046
id26357,0.005265899,0.0182992,0.9764349
id13701,0.98362535,0.00795549,0.008419099
id20217,0.006611439,0.98602736,0.0073612016
id12716,0.005891741,0.98793983,0.006168464
id03995,0.006251149,0.9866237,0.0071251057
id16808,0.98417515,0.007699982,0.008124863
id11082,0.9844222,0.0077774967,0.0078003155
id06832,0.0071544657,0.006981911,0.9858636
id11655,0.9882405,0.0057964996,0.0059630047
id12727,0.98524576,0.0073266905,0.0074275485
id14495,0.00599109,0.005950275,0.9880586
id15414,0.9846281,0.0075471513,0.007824838
id03844,0.9262179,0.022738928,0.051043183
id22810,0.006254819,0.0065422035,0.98720294
id05794,0.006183945,0.986558,0.0072580613
id01611,0.0060769636,0.0062759924,0.98764706
id11150,0.42452052,0.54085326,0.034626275
id27616,0.0070738113,0.0057229553,0.98720324
id09738,0.9836377,0.008049368,0.008312997
id23766,0.98638886,0.0066527296,0.006958397
id06124,0.005647516,0.0057870913,0.9885654
id00926,0.9832758,0.008598879,0.008125369
id11991,0.006178851,0.0061487546,0.9876724
id22681,0.98448133,0.007831316,0.0076873484
id00979,0.0067791194,0.9856877,0.007533171
id26300,0.0056086495,0.0058950596,0.9884963
id15518,0.66165954,0.016973702,0.3213668
id26839,0.9845712,0.00771814,0.0077106073
id16154,0.9847847,0.0075704986,0.0076447916
id12877,0.98457485,0.0075393775,0.007885783
id02816,0.0063922373,0.9864837,0.007124095
id13400,0.0059337607,0.005858906,0.98820734
id14369,0.010727236,0.93136674,0.057906006
id04073,0.9853094,0.0071086693,0.007581933
id04639,0.0066049327,0.9860196,0.0073755346
id09970,0.0066840593,0.006145629,0.98717034
id23994,0.9853027,0.007319962,0.007377373
id24728,0.007038967,0.98522276,0.0077383462
id11539,0.9839279,0.008028189,0.008043883
id18368,0.008306821,0.024024848,0.96766835
id07722,0.9841633,0.0077830483,0.00805367
id10355,0.00577156,0.9878399,0.0063885353
id02842,0.9854849,0.007321316,0.0071937446
id02826,0.98430127,0.0077765416,0.00792218
id14517,0.0065220133,0.98608035,0.00739763
id14833,0.0054025087,0.0064344606,0.98816305
id00491,0.98397845,0.007842618,0.00817896
id10784,0.005755344,0.98795444,0.0062902193
id27648,0.98395246,0.0077965935,0.008250944
id00372,0.9840809,0.0076992447,0.008219849
id12796,0.005920799,0.006102782,0.98797643
id06215,0.006468908,0.9866852,0.0068458864
id24722,0.0063299397,0.006250087,0.98741996
id02729,0.006434946,0.0062920223,0.98727304
id01783,0.0056620324,0.005165418,0.9891726
id03025,0.0058699856,0.0059857606,0.9881443
id03714,0.0073019713,0.98480266,0.007895314
id00173,0.018919569,0.97371113,0.0073693213
id09268,0.0059206574,0.006126521,0.9879528
id08738,0.0069433097,0.9852119,0.007844785
id18561,0.9837299,0.007956335,0.008313776
id04877,0.98424894,0.007852439,0.007898585
id15173,0.0058117444,0.987941,0.0062472816
id23020,0.006029548,0.0063436436,0.98762685
id04105,0.005673055,0.9881989,0.006128047
id27807,0.98470414,0.007621804,0.007674085
id08966,0.9831614,0.008456319,0.008382322
id15469,0.006994088,0.0063868742,0.98661906
id26904,0.9844244,0.007993115,0.007582524
id14258,0.9826026,0.00875392,0.008643489
id04371,0.0060547637,0.0060547637,0.9878905
id13963,0.9845695,0.008484986,0.0069455625
id19097,0.98509336,0.007176856,0.007729779
id00350,0.0057854895,0.005922689,0.9882918
id03571,0.9844295,0.0077396715,0.007830903
id05647,0.985044,0.00735386,0.0076021296
id03720,0.0070244195,0.9851087,0.007866977
id10208,0.98383236,0.0076972996,0.008470357
id04526,0.006976413,0.9850873,0.007936252
id23694,0.006636325,0.9858803,0.0074833124
id13795,0.98484993,0.00750475,0.0076452983
id04551,0.006779518,0.98574555,0.0074749864
id13292,0.98659295,0.0066216947,0.0067853457
id18196,0.24433915,0.6908937,0.064767145
id12175,0.9842882,0.0076334793,0.008078324
id09482,0.9842625,0.007753487,0.007984
id17574,0.0068655293,0.0065128603,0.9866216
id12316,0.005996371,0.98700005,0.007003625
id01875,0.006163974,0.005650859,0.98818517
id12688,0.0073147737,0.9846043,0.008080917
id12192,0.005812342,0.0061450545,0.9880426
id14713,0.00706456,0.0070232875,0.98591214
id05961,0.0061801276,0.005943371,0.98787653
id04556,0.036701694,0.013508393,0.94978994
id20641,0.9838731,0.00813825,0.007988639
id24624,0.0063348687,0.006440915,0.9872242
id20096,0.0061430484,0.006137052,0.98771995
id03013,0.005813576,0.98825234,0.0059340307
id06775,0.984286,0.007776421,0.007937544
id17068,0.9840714,0.007676646,0.008251941
id25344,0.0068714954,0.98555213,0.0075763986
id04523,0.98476994,0.007570385,0.0076596225
id00132,0.98434514,0.0077013117,0.00795354
id11631,0.005904208,0.005997186,0.9880986
id09022,0.0056757317,0.005659128,0.9886651
id10188,0.0058769346,0.005774532,0.9883485
id12752,0.9863495,0.006671983,0.0069785346
id02576,0.0059441165,0.006055437,0.98800045
id22768,0.9829827,0.008479588,0.008537753
id25350,0.016205018,0.008268635,0.9755264
id06560,0.98516256,0.0072195386,0.0076179095
id20366,0.9853151,0.0068698423,0.007815019
id10840,0.9842853,0.007746098,0.007968606
id18880,0.98641807,0.0067379265,0.0068440326
id11683,0.0063634594,0.9868494,0.00678711
id14734,0.005244082,0.0051226025,0.9896333
id15336,0.007210965,0.984954,0.007835076
id15319,0.98493016,0.0074834046,0.0075864196
id03829,0.0064220103,0.986251,0.007327007
id18451,0.9858434,0.0070022526,0.007154319
id11816,0.9829495,0.008250587,0.008799874
id21792,0.98523015,0.0072695585,0.0075003183
id26921,0.9842898,0.0076633682,0.008046842
id08664,0.9849005,0.0076382277,0.0074612885
id06944,0.005497787,0.9880684,0.0064338446
id20817,0.006138104,0.0059725395,0.98788935
id02759,0.9846156,0.0076659047,0.0077184876
id01449,0.006772065,0.98658687,0.0066410815
id26909,0.98544794,0.007414577,0.0071374956
id03113,0.0063675568,0.0061475867,0.9874849
id18364,0.007767373,0.0071696294,0.98506296
id21004,0.006397984,0.0062314915,0.98737055
id00305,0.0062340903,0.0059835687,0.98778236
id03374,0.0070602153,0.98530585,0.007633912
id18916,0.9859298,0.006774167,0.0072960644
id06535,0.0068115224,0.98557484,0.007613659
id25067,0.9839458,0.007819416,0.008234789
id27726,0.0064609176,0.9864293,0.0071098018
id21767,0.9846375,0.00773375,0.007628734
id17581,0.9845309,0.0075759427,0.007893136
id02354,0.98400515,0.0076462035,0.00834865
id16505,0.98485345,0.007388426,0.0077581424
id00573,0.98431504,0.0075668884,0.0081180865
id23256,0.9847749,0.0074676257,0.0077575236
id25798,0.006877393,0.98543525,0.0076872855
id10439,0.006357998,0.006676152,0.9869659
id00652,0.007064697,0.98496896,0.007966357
id17696,0.984195,0.0076402137,0.008164797
id22911,0.006469976,0.0066818777,0.9868482
id19382,0.006509782,0.006371415,0.9871188
id12258,0.23116933,0.74841315,0.020417508
id19349,0.0067858486,0.98570293,0.0075112497
id05653,0.9843695,0.007567307,0.008063227
id24532,0.004368046,0.005197324,0.99043465
id04344,0.9841993,0.008085486,0.0077152243
id26369,0.004471593,0.007034803,0.9884936
id07974,0.006354558,0.0062499326,0.9873955
id11844,0.0063131247,0.0060005407,0.98768634
id15836,0.9837186,0.007894329,0.008387072
id03278,0.00637427,0.006064578,0.98756117
id25245,0.98397875,0.008170979,0.007850283
id10690,0.0060067736,0.0062460564,0.9877472
id13618,0.9839729,0.0077436394,0.008283409
id05898,0.9854854,0.0072785458,0.007236023
id08866,0.08210268,0.9018562,0.016041165
id21212,0.006661567,0.0066032745,0.9867351
id14035,0.9837025,0.008136838,0.008160712
id27517,0.0062944023,0.0060591814,0.9876464
id22280,0.9859271,0.006840626,0.0072322004
id05488,0.9848269,0.00746802,0.0077050813
id07921,0.006324413,0.9865579,0.007117677
id26774,0.9786727,0.0067969277,0.014530303
id05200,0.0067255697,0.9855711,0.007703377
id07514,0.0047097295,0.9905529,0.0047374065
id26147,0.0068960343,0.005962195,0.9871418
id16015,0.005889997,0.0064625815,0.9876474
id05730,0.98438233,0.007671577,0.007946077
id10680,0.00599074,0.0060083163,0.9880009
id17677,0.98705596,0.0065668314,0.006377235
id11519,0.0068131536,0.006412878,0.98677397
id03255,0.9846156,0.0076659047,0.0077184876
id04658,0.9842452,0.00770053,0.008054339
id15449,0.006060427,0.006090092,0.9878495
id08702,0.0065859742,0.986074,0.007340014
id20255,0.58358854,0.37642533,0.03998611
id03108,0.0070395493,0.9853042,0.0076562976
id09118,0.0060854224,0.0058580115,0.98805654
id16335,0.98507476,0.0074480474,0.0074771983
id05595,0.98526645,0.0076112766,0.007122257
id06774,0.9847009,0.007488973,0.0078101475
id23750,0.006144208,0.005949358,0.98790646
id23246,0.98705894,0.006296804,0.0066442587
id06156,0.07604142,0.89612067,0.027837817
id01049,0.02757946,0.94876134,0.023659175
id22801,0.0070796097,0.9851222,0.0077982433
id14034,0.98426294,0.007768649,0.007968426
id01156,0.0066028936,0.98571515,0.007681964
id13489,0.98684794,0.006264793,0.0068872524
id18217,0.005370158,0.9832056,0.011424271
id02048,0.005720588,0.98775905,0.0065203686
id03684,0.9841726,0.007844166,0.00798327
id11208,0.0060326993,0.005824297,0.988143
id14453,0.9842315,0.0077456743,0.008022827
id03798,0.98611236,0.0068285614,0.0070590973
id19911,0.006985618,0.98542416,0.0075902245
id04907,0.0064527416,0.006440151,0.9871071
id11148,0.98409885,0.0077370717,0.008164
id23996,0.008714067,0.97146547,0.019820482
id19833,0.9850487,0.0072895447,0.007661791
id01932,0.9840037,0.007896617,0.008099684
id12137,0.9850579,0.007609665,0.0073324502
id20511,0.98185927,0.00922096,0.008919823
id09367,0.006623607,0.9859147,0.0074616815
id20856,0.0058475407,0.0059338287,0.9882186
id20704,0.9845011,0.007590524,0.007908327
id14526,0.0062907785,0.0066314214,0.98707783
id08881,0.0055253725,0.9881891,0.006285573
id04366,0.9846066,0.0074299816,0.0079634255
id05521,0.98432314,0.0077312808,0.0079456
id10588,0.0069366237,0.0068759248,0.98618746
id20689,0.98499346,0.007375058,0.007631492
id16667,0.00668659,0.9856172,0.007696218
id25279,0.98505634,0.0072967233,0.0076469006
id24194,0.0069782226,0.98534274,0.007679062
id27341,0.9848706,0.007446504,0.0076828813
id25695,0.9848744,0.0072527546,0.007872791
id01758,0.0141565455,0.94885427,0.03698921
id02431,0.0071947137,0.98561764,0.0071876915
id19940,0.00757888,0.006546176,0.98587495
id23926,0.9857867,0.006960944,0.007252387
id14343,0.9859806,0.006357857,0.0076615536
id06043,0.0063856184,0.0062255245,0.98738885
id05551,0.98444957,0.0076347305,0.00791564
id16698,0.0066985064,0.98544717,0.007854325
id26006,0.9828987,0.00841288,0.008688414
id16244,0.0072264643,0.9841835,0.008590024
id21129,0.9841873,0.0078137005,0.007998999
id14317,0.0061511956,0.0057841595,0.9880646
id16443,0.0057703904,0.0065899924,0.9876396
id00044,0.0066052494,0.006364625,0.98703015
id01365,0.006073299,0.9870515,0.0068752314
id12797,0.9795247,0.010142706,0.010332659
id21275,0.9838252,0.008217713,0.0079571055
id13801,0.005739268,0.006175401,0.9880853
id20770,0.0067659323,0.98569345,0.0075405757
id03078,0.9851633,0.007121511,0.0077152434
id21589,0.9829909,0.008496237,0.008512847
id25572,0.15434688,0.015224689,0.8304285
id10712,0.98480487,0.0074751494,0.0077199712
id25061,0.006832142,0.006538403,0.9866295
id03163,0.005113711,0.005039349,0.98984694
id12341,0.98595935,0.007058001,0.006982589
id25107,0.007175707,0.98493564,0.007888672
id21945,0.98454803,0.007642954,0.007808935
id14078,0.0062738094,0.0064225886,0.98730356
id06876,0.006131646,0.006054295,0.98781407
id05232,0.007589995,0.98443246,0.007977584
id07071,0.006498201,0.006212749,0.9872891
id10646,0.006655521,0.98583955,0.007504958
id25540,0.98550355,0.0071031293,0.007393303
id25607,0.006007679,0.987896,0.0060963295
id16479,0.98439026,0.007679134,0.007930638
id05998,0.0065979073,0.985933,0.0074691107
id20554,0.9843321,0.00781485,0.007853102
id27217,0.98452646,0.007778321,0.007695212
id20110,0.0061201444,0.98692447,0.006955379
id01990,0.007273655,0.9848231,0.007903192
id17080,0.6621247,0.31521863,0.02265666
id19120,0.9854575,0.0072428877,0.007299694
id08476,0.00647832,0.006365438,0.9871563
id03715,0.006585786,0.9860457,0.007368531
id27208,0.98248374,0.0088907,0.008625581
id04508,0.98407197,0.007835709,0.00809234
id11233,0.97706956,0.006184572,0.01674587
id14237,0.9827006,0.008510333,0.00878906
id12006,0.38199118,0.16427231,0.4537365
id22925,0.9811856,0.0073465467,0.011467799
id07141,0.9841055,0.007714489,0.008180016
id08449,0.006682755,0.0063394746,0.98697776
id16468,0.9846281,0.0075471513,0.007824838
id21415,0.0063865012,0.006088094,0.9875254
id09388,0.9847602,0.007474811,0.0077649863
id24767,0.0068376423,0.98549706,0.0076652784
id19247,0.98386127,0.007872376,0.008266308
id07068,0.97899055,0.010822629,0.010186796
id27597,0.98442155,0.007716967,0.00786149
id21380,0.9847504,0.00782581,0.007423814
id01178,0.006466399,0.0062674484,0.9872662
id15323,0.9847142,0.0074525955,0.007833168
id14784,0.98567516,0.0069805766,0.007344214
id07174,0.98444074,0.008079576,0.007479686
id06577,0.9852814,0.0073341145,0.007384422
id06582,0.9845038,0.00768002,0.007816213
id21088,0.0063552875,0.0061357403,0.98750895
id16436,0.0045230538,0.9901527,0.0053242575
id25443,0.98523176,0.007348083,0.0074201925
id16617,0.9849279,0.0073962035,0.0076758284
id21757,0.9859239,0.007154903,0.0069212387
id25902,0.0196437,0.008581697,0.9717746
id11238,0.4452739,0.5218504,0.03287566
id13861,0.007182723,0.9849363,0.007880977
id04171,0.0060429852,0.0060607144,0.9878963
id21483,0.007101732,0.0066260095,0.9862723
id12635,0.006540657,0.0064897574,0.9869696
id11666,0.0065288604,0.98615205,0.00731912
id21552,0.98341054,0.008039654,0.008549813
id13582,0.0065249386,0.98652256,0.0069525465
id06447,0.98432356,0.007746399,0.0079301
id22998,0.005985033,0.0059908805,0.9880241
id15616,0.006197458,0.006053894,0.9877486
id09613,0.004733763,0.9897911,0.0054751965
id09318,0.98569655,0.007430947,0.006872502
id07653,0.98429585,0.007522534,0.008181598
id21311,0.984141,0.0076547307,0.008204311
id21030,0.98466635,0.0077566686,0.007576985
id10363,0.007135816,0.9852161,0.00764814
id02624,0.9857015,0.0067725983,0.007525923
id21462,0.30387333,0.6682731,0.02785361
id24961,0.0067658327,0.985679,0.0075552063
id08598,0.117380634,0.014174852,0.86844456
id22701,0.98391175,0.007965582,0.008122689
id24954,0.0060119787,0.0063499142,0.9876381
id24432,0.9845087,0.007590583,0.007900669
id08123,0.0062512294,0.006148306,0.98760045
id08456,0.0067715794,0.0067123245,0.9865161
id02792,0.986498,0.0064676804,0.0070343264
id01034,0.23999572,0.7254718,0.034532484
id05336,0.006798221,0.98557323,0.0076285307
id16773,0.009241257,0.98305994,0.007698772
id20275,0.3335958,0.638954,0.027450144
id22357,0.0070147566,0.9856768,0.007308453
id08426,0.98414755,0.007775327,0.008077169
id26118,0.9848632,0.0074464483,0.00769033
id27377,0.005942168,0.006381245,0.9876766
id19738,0.0041443435,0.0052594463,0.9905962
id27211,0.9853027,0.0073271138,0.007370172
id20362,0.00634773,0.0063539324,0.98729837
id10769,0.4484841,0.015012761,0.53650314
id02037,0.0065417616,0.98713624,0.0063219448
id24338,0.98417634,0.0077225836,0.008101106
id21154,0.0074105565,0.98491365,0.0076757176
id15815,0.0062377364,0.0063669793,0.9873953
id03643,0.0066178297,0.0064017046,0.98698044
id24266,0.006965066,0.9854077,0.0076272497
id09707,0.0109928055,0.0071671386,0.9818401
id22786,0.9838995,0.007841989,0.00825856
id27783,0.010813544,0.0071893176,0.98199713
id13684,0.0061139627,0.006030942,0.98785514
id03721,0.9852208,0.0071010916,0.007678111
id00139,0.9847215,0.0063064797,0.008972072
id07113,0.9844036,0.008095066,0.007501349
id25748,0.98397416,0.008005079,0.00802073
id01901,0.0061379964,0.005989958,0.987872
id15688,0.986197,0.0067364164,0.007066601
id20660,0.9748522,0.0066719414,0.01847587
id03335,0.9847189,0.0076517495,0.0076293647
id05947,0.9855876,0.0073363935,0.007076041
id14528,0.9837171,0.008050018,0.008232875
id04437,0.98569274,0.0070767957,0.007230481
id10804,0.007045046,0.985111,0.0078439815
id17859,0.006371756,0.98620796,0.0074202954
id01631,0.0064420486,0.9864342,0.0071237376
id10949,0.79845816,0.17639643,0.025145395
id02613,0.9864628,0.006864424,0.0066727484
id21773,0.006971616,0.9853716,0.0076568215
id08523,0.006132612,0.0058976756,0.9879697
id08014,0.006284204,0.98604625,0.00766955
id08659,0.007209569,0.9847633,0.008027162
id17792,0.9849572,0.0073892046,0.007653602
id25612,0.0063418085,0.006317084,0.9873411
id27792,0.0050594853,0.9889615,0.005979022
id08889,0.9845558,0.007650482,0.0077937595
id17156,0.9832374,0.008180785,0.008581766
id04124,0.0065019876,0.0065979324,0.9869001
id05048,0.0069669513,0.9856745,0.0073585673
id18882,0.004980832,0.005133924,0.9898853
id03999,0.008841165,0.96846056,0.022698294
id04390,0.88969505,0.09216171,0.018143287
id06734,0.9849804,0.0074328026,0.007586807
id12623,0.9831803,0.00973335,0.007086384
id10904,0.0067464216,0.9857347,0.007518831
id23535,0.984814,0.0076301014,0.007555952
id08442,0.9831529,0.008801695,0.008045401
id25272,0.98469675,0.0076366477,0.007666536
id15926,0.006302754,0.9870272,0.0066700494
id07186,0.005874866,0.0051592975,0.9889658
id20674,0.006201094,0.0064355354,0.9873634
id13297,0.98406595,0.008021478,0.007912555
id08076,0.985285,0.0071922857,0.007522743
id10493,0.006761579,0.0062534385,0.986985
id19450,0.98412734,0.007913049,0.007959549
id21746,0.0056107473,0.98983216,0.0045570526
id22034,0.006930593,0.0067766607,0.9862927
id05074,0.94553864,0.039991576,0.014469852
id07348,0.006508674,0.0065405327,0.9869508
id01308,0.0060372287,0.9879196,0.0060431277
id06705,0.0059873965,0.006563037,0.9874495
id21444,0.9860519,0.006854868,0.007093215
id12010,0.007011664,0.9852423,0.007746062
id19949,0.007053372,0.98531264,0.007633965
id01125,0.005901772,0.005442279,0.9886559
id20380,0.9841275,0.007936267,0.007936267
id04880,0.9843566,0.007611677,0.008031687
id10095,0.0076640565,0.9863027,0.0060332366
id01379,0.004541141,0.98927003,0.0061888453
id11651,0.9839249,0.007880578,0.008194505
id24870,0.007025063,0.9851989,0.007776036
id11307,0.0061299787,0.006324565,0.98754543
id00731,0.0070726946,0.9851215,0.0078058564
id18806,0.98405576,0.00782029,0.008123877
id16899,0.9882416,0.005876299,0.0058820406
id12522,0.00654074,0.98601866,0.007440637
id20119,0.98387825,0.00789561,0.008226186
id26937,0.9854658,0.006824084,0.00771008
id27439,0.0067153834,0.98600227,0.0072823637
id27579,0.98533684,0.007234933,0.007428235
id13459,0.9837884,0.008105824,0.008105824
id11534,0.30911645,0.01124583,0.67963773
id19984,0.007120809,0.9850662,0.007813045
id06404,0.98117965,0.009377986,0.009442312
id23309,0.0071476,0.9849175,0.007934886
id19314,0.0066492134,0.98586756,0.007483216
id13300,0.007182334,0.984883,0.007934608
id09562,0.0070855278,0.006968868,0.98594564
id08036,0.0075968187,0.9843558,0.008047382
id03683,0.9859185,0.007099185,0.0069823004
id04784,0.9860427,0.006696012,0.0072613573
id08715,0.0058938432,0.0058138114,0.98829234
id08479,0.9845605,0.0074296333,0.008009849
id18360,0.98478556,0.0073807053,0.007833736
id26170,0.00623976,0.98675156,0.0070087034
id20424,0.98509353,0.006573004,0.008333435
id10361,0.8900678,0.092696875,0.017235337
id02335,0.0057645957,0.0056586224,0.9885768
id18664,0.0063581634,0.006650297,0.9869915
id11480,0.0062329066,0.0061723352,0.9875948
id13229,0.006515075,0.0065278127,0.98695713
id19658,0.006310643,0.0063912696,0.9872981
id01421,0.9853023,0.0072914213,0.007406245
id26050,0.0073118582,0.9851736,0.007514551
id27136,0.98535883,0.0076492485,0.006991979
id14688,0.006066584,0.9869235,0.0070099244
id24936,0.9840194,0.007904457,0.008076117
id09776,0.0068641687,0.98546326,0.007672504
id14765,0.0065517533,0.0067333747,0.9867149
id06704,0.006807917,0.0071765627,0.98601556
id06961,0.0060072467,0.006167747,0.98782504
id12725,0.004568974,0.98951834,0.005912691
id27875,0.00457506,0.004588484,0.9908365
id20750,0.0068556224,0.006984013,0.9861604
id19081,0.008276697,0.00854777,0.9831755
id05773,0.006298721,0.006341926,0.98735934
id04241,0.0059550996,0.006150138,0.9878947
id24438,0.0068503004,0.9853949,0.00775483
id09353,0.98419154,0.0077151633,0.008093323
id19446,0.006869948,0.98533016,0.00779989
id20203,0.007048243,0.007393712,0.98555803
id07711,0.017404566,0.9680534,0.014542059
id15758,0.98238325,0.008700835,0.008915872
id17665,0.0070414627,0.985572,0.007386599
id14167,0.986465,0.005877203,0.0076578353
id00687,0.0062037315,0.0060128625,0.9877834
id00735,0.006042841,0.006084291,0.98787284
id26443,0.006921444,0.006162074,0.9869164
id15242,0.9830236,0.008488225,0.008488225
id13474,0.0067384266,0.9855284,0.0077331928
id04409,0.98476994,0.007562996,0.007667106
id19438,0.08624616,0.022041956,0.89171183
id04101,0.8559203,0.11496283,0.029116875
id26992,0.98499906,0.0077896575,0.0072112945
id14645,0.00712777,0.98506683,0.0078054233
id26429,0.9858905,0.0075568277,0.0065526753
id05710,0.98559165,0.006831624,0.007576702
id07474,0.0062234635,0.005750145,0.9880264
id21067,0.965752,0.008003975,0.026244028
id20264,0.006998971,0.9853814,0.0076196017
id04991,0.0063835485,0.0065477057,0.9870688
id07054,0.03161144,0.92111915,0.047269385
id14413,0.006558155,0.006726803,0.986715
id21861,0.0059852074,0.0059618726,0.9880529
id12933,0.007156011,0.9851141,0.0077299415
id08074,0.0061083892,0.0059727184,0.9879189
id03176,0.9832175,0.00832569,0.0084568
id15239,0.0066365325,0.006489131,0.98687434
id05322,0.0059967795,0.9870672,0.006936035
id25957,0.0061133453,0.0061312816,0.98775536
id22789,0.005968045,0.005921602,0.98811036
id03435,0.5177152,0.016846323,0.46543851
id06122,0.0062481486,0.9871137,0.0066381423
id00869,0.9830866,0.008324582,0.008588833
id23400,0.0068708304,0.98545676,0.0076724533
id08127,0.9842976,0.0076634283,0.008039052
id08856,0.0061723352,0.0062329066,0.9875948
id01919,0.006547909,0.0063526523,0.98709947
id22051,0.9856331,0.006987099,0.007379847
id19791,0.98458457,0.007598584,0.007816855
id06679,0.006275693,0.006124333,0.98759997
id25385,0.006966347,0.98558897,0.0074446616
id04313,0.0061187656,0.006215122,0.98766613
id01389,0.0063855913,0.98642087,0.0071935495
id17264,0.008649765,0.0070735337,0.9842767
id23062,0.9845391,0.0075908173,0.007870111
id17008,0.007005657,0.98536,0.0076343324
id04746,0.0056257304,0.9866773,0.007696975
id11487,0.007000764,0.9856338,0.0073654526
id02111,0.9853731,0.007356317,0.007270613
id08911,0.7490529,0.022052344,0.22889483
id00845,0.9848487,0.0074536134,0.0076977303
id02409,0.00645009,0.005884356,0.98766553
id20141,0.0066878316,0.9858002,0.007511991
id06353,0.9846176,0.006601986,0.008780442
id14766,0.005884298,0.9866918,0.007423936
id05294,0.0061624064,0.98696965,0.0068679517
id12568,0.98491365,0.0074105565,0.0076757176
id27571,0.007058884,0.98512006,0.007821105
id20377,0.9842641,0.007837237,0.007898706
id24340,0.9844766,0.007443525,0.00807987
id05355,0.9810955,0.0068404227,0.012064079
id01246,0.9862205,0.0068426616,0.006936856
id17173,0.9848428,0.007512028,0.0076452424
id16338,0.9851319,0.007397736,0.007470333
id14712,0.0050758133,0.98925066,0.0056735496
id10590,0.006354168,0.006310879,0.98733497
id13157,0.0064225495,0.006279901,0.98729753
id23915,0.98437667,0.0078765,0.007746817
id05903,0.9849937,0.008741011,0.0062652472
id03661,0.91825104,0.008407393,0.07334153
id21177,0.9832234,0.008236783,0.008539842
id12025,0.0069243973,0.98541105,0.0076646092
id14031,0.9848208,0.007519199,0.0076600183
id21299,0.005852948,0.0059800553,0.988167
id00758,0.0067261527,0.006654286,0.9866196
id25034,0.9848712,0.0076604104,0.007468356
id01407,0.9837302,0.007964113,0.008305664
id24205,0.006243223,0.9863355,0.007421255
id22350,0.75472784,0.22468227,0.02058978
id05983,0.006262654,0.006262654,0.98747474
id23821,0.9848522,0.00809085,0.0070569646
id21960,0.0061901044,0.0062691914,0.98754066
id08108,0.98590535,0.007064511,0.0070301
id03232,0.006139233,0.0057898485,0.98807096
id12956,0.0065721683,0.0065337727,0.986894
id03217,0.0068859956,0.9857048,0.00740927
id08955,0.0071626273,0.9850624,0.0077749593
id22567,0.011144326,0.007956716,0.980899
id20367,0.9840359,0.007736577,0.008227504
id06319,0.96034986,0.028929338,0.010720745
id14239,0.985386,0.0072070863,0.007406874
id05013,0.9849231,0.0075053074,0.0075715627
id26491,0.0062049516,0.9870134,0.006781612
id23540,0.9849782,0.0076612425,0.0073605534
id25631,0.98539484,0.007081569,0.007523582
id01591,0.656557,0.30614847,0.03729449
id01193,0.9844968,0.0077175563,0.0077856854
id24819,0.00656545,0.98588514,0.007549411
id08308,0.9842328,0.007791203,0.007975966
id27567,0.006727061,0.006520091,0.98675287
id12998,0.005328394,0.005683135,0.98898846
id08315,0.007143637,0.98533326,0.0075231115
id16118,0.97145283,0.0066616745,0.021885492
id27505,0.98560214,0.007307899,0.007089979
id08529,0.0068864906,0.9857757,0.0073377937
id20249,0.007967577,0.98608243,0.005949983
id24343,0.011415538,0.005170571,0.9834139
id03631,0.006904538,0.98546773,0.0076277144
id00349,0.006833119,0.9858073,0.0073595587
id04969,0.0069116997,0.9855269,0.0075614215
id11856,0.9845227,0.007561097,0.007916228
id26020,0.984384,0.007884255,0.007731759
id07957,0.9836842,0.008010539,0.008305276
id03899,0.9842306,0.0077230087,0.008046358
id14650,0.98455274,0.007553947,0.007893311
id21807,0.98586977,0.0069547347,0.0071755014
id21685,0.98390317,0.007934458,0.0081623765
id06655,0.9866426,0.0068189017,0.00653849
id27764,0.9848832,0.0072669988,0.00784983
id02847,0.004503246,0.9896748,0.005821944
id07271,0.78402436,0.016383521,0.19959214
id15978,0.98445076,0.0076721106,0.007877094
id12075,0.015885089,0.008034464,0.9760804
id23611,0.9842817,0.0076558255,0.008062508
id05191,0.98467976,0.0075254682,0.007794741
id04303,0.005418662,0.0053975363,0.9891838
id12277,0.004900496,0.0048766257,0.99022293
id15582,0.98403096,0.0077896053,0.008179396
id02917,0.9838891,0.008020036,0.008090835
id25622,0.985251,0.0061999243,0.008549102
id16495,0.00545878,0.0067538717,0.98778737
id17839,0.006042408,0.006155569,0.98780197
id20373,0.007649425,0.9844197,0.007930875
id25342,0.9856866,0.0071741687,0.007139224
id13518,0.98347825,0.008087456,0.0084342975
id19958,0.984615,0.007621114,0.0077638417
id00228,0.005807139,0.005104803,0.98908806
id00367,0.006172109,0.006269305,0.9875586
id16274,0.007024903,0.98517644,0.007798673
id27969,0.007059687,0.9852321,0.0077082515
id18474,0.98463744,0.007621288,0.0077413064
id02892,0.0067913258,0.9855356,0.0076730675
id03838,0.0061255014,0.9868241,0.0070504085
id08960,0.0060790326,0.98701906,0.0069019143
id17320,0.016884817,0.009416189,0.97369903
id20922,0.006095898,0.006078065,0.98782605
id17364,0.004734829,0.0052512237,0.99001396
id06523,0.98339427,0.008327188,0.0082785385
id16232,0.0051952396,0.989071,0.005733783
id01886,0.0070520947,0.98513424,0.007813584
id18234,0.0076379194,0.9838994,0.0084626665
id26057,0.9850359,0.007332287,0.0076318206
id09436,0.0054986738,0.9882278,0.0062735532
id09543,0.006807196,0.98591113,0.0072816904
id15732,0.0060140816,0.0060023465,0.9879836
id22927,0.006157003,0.98706764,0.0067753647
id26551,0.0063904747,0.006434309,0.9871752
id11126,0.009551616,0.041510593,0.9489378
id02903,0.98288435,0.008587066,0.008528566
id24549,0.0070052375,0.985301,0.0076937485
id01618,0.006411049,0.9864926,0.0070963847
id22005,0.0061498513,0.0060015265,0.98784864
id02603,0.008136382,0.9836474,0.008216227
id22118,0.98452663,0.0077631446,0.007710258
id24985,0.98620737,0.006923229,0.006869352
id19044,0.9840647,0.007850969,0.008084381
id03296,0.0064384113,0.9868405,0.006721092
id17299,0.9849991,0.007997781,0.0070030913
id08251,0.98259324,0.00859291,0.008813883
id05491,0.98527867,0.0070876526,0.007633702
id17009,0.9843923,0.0078076995,0.0078000785
id07381,0.0066615385,0.9857678,0.0075706593
id07643,0.9847479,0.007570216,0.007681924
id24227,0.98479664,0.0074532195,0.007750122
id04099,0.9838127,0.008330731,0.007856627
id11393,0.0067277974,0.98589754,0.007374622
id19396,0.82792544,0.14171052,0.030364042
id15362,0.9840074,0.007789419,0.008203197
id00195,0.98525274,0.0073124464,0.0074348575
id02296,0.00689725,0.0067506474,0.9863521
id27754,0.98554987,0.0070275655,0.0074225883
id16471,0.0043055946,0.9906803,0.0050141253
id15237,0.0065149507,0.98693824,0.0065468396
id10099,0.0067985244,0.9856172,0.0075843018
id21647,0.986557,0.006544311,0.006898683
id13571,0.006739134,0.9856319,0.0076289847
id15137,0.00715481,0.9849487,0.007896485
id10965,0.006434469,0.006365719,0.98719984
id24918,0.007066322,0.9851956,0.0077381334
id01700,0.98415554,0.0077829864,0.008061474
id03901,0.0066131237,0.98531586,0.008070979
id24411,0.0069457344,0.98459387,0.008460374
id02597,0.06864466,0.91487473,0.016480627
id07981,0.007344514,0.006940078,0.98571545
id07429,0.0059790853,0.0060142223,0.9880067
id13354,0.98683935,0.00702303,0.006137571
id25693,0.9859321,0.0074182195,0.0066496483
id11305,0.0068194214,0.0064628073,0.9867178
id26634,0.9836939,0.007886425,0.008419686
id09180,0.018297466,0.0058368095,0.9758657
id19991,0.98522216,0.0072482335,0.0075296136
id05497,0.0068835663,0.0067967293,0.9863197
id08058,0.008115287,0.9830152,0.008869485
id06612,0.005935693,0.0065000122,0.98756427
id22846,0.0066814935,0.9858283,0.0074902284
id09588,0.98336643,0.008134059,0.008499483
id10337,0.0060204817,0.005909804,0.9880697
id05744,0.98414433,0.007707264,0.008148446
id19624,0.22971362,0.7403488,0.029937552
id00939,0.0068044616,0.9855151,0.007680405
id24424,0.005183893,0.0050097024,0.98980635
id14406,0.005991984,0.005801961,0.9882061
id08961,0.006578674,0.0065147416,0.9869066
id27004,0.3264637,0.0226986,0.65083766
id24072,0.97595096,0.015976321,0.00807272
id23738,0.0060617225,0.9870962,0.0068420526
id13676,0.005560634,0.00575398,0.98868537
id19636,0.008990835,0.009034843,0.9819743
id09466,0.9854553,0.007144522,0.007400164
id04434,0.00712108,0.98510367,0.007775285
id24016,0.9847105,0.007555158,0.0077343234
id09168,0.0061900667,0.0062752776,0.98753464
id24262,0.9844156,0.0074576153,0.008126848
id01441,0.9850798,0.007332614,0.0075875726
id20170,0.020926794,0.00797011,0.9711031
id02342,0.9854906,0.0071378043,0.007371578
id23334,0.0072091823,0.9856726,0.007118237
id09262,0.9843619,0.0077694296,0.007868693
id17822,0.98497355,0.007461842,0.0075645596
id14466,0.005617593,0.98717624,0.007206091
id14319,0.9857178,0.0072944956,0.0069876993
id02387,0.98512626,0.0072263256,0.007647443
id13617,0.98405683,0.008092214,0.007850906
id08025,0.9847815,0.0074458304,0.0077727414
id23364,0.9810503,0.010834813,0.0081148995
id01438,0.98674834,0.006270281,0.006981356
id05288,0.0063400352,0.9861015,0.0075584454
id24441,0.9549094,0.020110961,0.024979658
id18048,0.0068976125,0.0066984654,0.98640394
id27822,0.0073892046,0.9849572,0.0076536015
id23906,0.98410827,0.007767428,0.0081243105
id07059,0.006548594,0.006248712,0.9872027
id08357,0.98421115,0.007913723,0.007875175
id13619,0.006533899,0.0065530688,0.9869131
id27086,0.007005395,0.9853232,0.0076714135
id03789,0.9849162,0.007309948,0.007773805
id00177,0.00622033,0.006250777,0.9875289
id01552,0.9852529,0.007420352,0.007326744
id03027,0.0051266714,0.9884869,0.00638648
id15841,0.0074134786,0.9843403,0.00824614
id27214,0.013183819,0.9278745,0.0589417
id14095,0.0070792646,0.0059207263,0.98700005
id08434,0.007273543,0.98480797,0.007918522
id05532,0.00673008,0.0060741864,0.98719573
id06247,0.007369642,0.9852319,0.0073984866
id09916,0.006490619,0.9871006,0.0064087394
id18651,0.98320156,0.00844841,0.008349983
id26324,0.005812047,0.0052302764,0.9889577
id27363,0.0063761584,0.0067345654,0.9868893
id02302,0.00609524,0.006185183,0.98771954
id12845,0.0064257607,0.98682696,0.0067473054
id20294,0.006101562,0.0061194645,0.98777896
id04233,0.0069051445,0.005613843,0.98748106
id20000,0.006149581,0.9868411,0.007009339
id02527,0.00648408,0.006446199,0.9870697
id26763,0.0070592063,0.985165,0.0077757686
id15763,0.006958882,0.98549473,0.007546421
id10374,0.98342055,0.008071203,0.008508255
id00901,0.00723158,0.9848802,0.007888229
id22161,0.9851415,0.0071283104,0.0077301566
id15200,0.9837252,0.007871288,0.008403526
id15430,0.00554698,0.9881859,0.006267164
id27468,0.0066438075,0.0063643777,0.9869918
id02378,0.006624253,0.006401663,0.98697406
id23250,0.9844114,0.007634435,0.007954076
id18374,0.006172968,0.0061309137,0.9876961
id01146,0.012760253,0.98056793,0.0066718524
id24617,0.9827025,0.008695167,0.0086022625
id01754,0.007073762,0.9852702,0.007656033
id11383,0.0063971975,0.006353616,0.9872492
id24713,0.007134139,0.9849845,0.007881364
id26161,0.984916,0.0075272736,0.007556734
id12466,0.98415124,0.0076922793,0.008156464
id17409,0.9852294,0.0072482866,0.0075223185
id04066,0.98544794,0.007414577,0.0071374956
id16890,0.006997813,0.98521835,0.007783787
id03358,0.98478484,0.007607556,0.007607556
id19133,0.98400223,0.00785047,0.0081472695
id07358,0.0065039424,0.9862333,0.0072627612
id27773,0.0069437865,0.98527956,0.0077766725
id10699,0.0068933708,0.9857973,0.007309346
id08693,0.98400164,0.007835148,0.008163193
id11944,0.00737445,0.9849123,0.007713278
id02240,0.058351584,0.9226303,0.01901813
id23124,0.9839498,0.0075788684,0.008471369
id05465,0.98587704,0.007154563,0.006968383
id15540,0.005894316,0.9874069,0.0066987313
id16715,0.007114541,0.0067622755,0.9861232
id12563,0.0059619425,0.0059735985,0.98806447
id00583,0.006747306,0.98586386,0.007388787
id27730,0.0063586566,0.006573328,0.98706806
id00896,0.0061207195,0.0058977464,0.98798156
id15031,0.9853205,0.007178511,0.0075010066
id23271,0.0072189984,0.9850889,0.007692092
id17004,0.006268963,0.0062262546,0.9875048
id10247,0.0064842436,0.0064212293,0.9870946
id12055,0.9878726,0.0058683716,0.006259062
id22719,0.9852455,0.0073123924,0.0074420674
id06891,0.0069434694,0.98523456,0.007822014
id27281,0.98526645,0.0072840396,0.007449497
id23104,0.984277,0.008141589,0.0075813886
id14491,0.006783663,0.9853855,0.007830857
id24292,0.03296535,0.95635843,0.0106761865
id15777,0.007097009,0.0072866264,0.9856164
id22522,0.0061373813,0.0060896203,0.987773
id25136,0.0069368975,0.9852637,0.0077993637
id17735,0.0076506827,0.9836205,0.0087288255
id18869,0.004496724,0.99017376,0.005329573
id20815,0.0065295096,0.98625004,0.0072204536
id15238,0.9857618,0.007856833,0.006381325
id24454,0.0064957235,0.0065915766,0.9869127
id14402,0.0062873173,0.0062140683,0.98749864
id10985,0.98496664,0.0074983123,0.0075350152
id12747,0.9845858,0.0076581906,0.007756034
id11581,0.12269265,0.80397266,0.07333471
id07594,0.98627335,0.0069169346,0.006809697
id08240,0.9863918,0.0067443294,0.0068639303
id12773,0.1953571,0.1346608,0.66998214
id12838,0.9825813,0.008271694,0.009146993
id23322,0.007205014,0.9851028,0.0076922006
id22344,0.98392016,0.008020289,0.008059546
id12881,0.9834004,0.008174155,0.008425399
id20147,0.0061968677,0.006148643,0.9876545
id13261,0.67251635,0.30047438,0.027009336
id01842,0.006055084,0.006002099,0.9879428
id25884,0.9841462,0.007745003,0.008108771
id01643,0.97955406,0.0061280625,0.014317913
id26737,0.006529325,0.9862222,0.0072485087
id10558,0.09670818,0.3820217,0.5212701
id20458,0.006264194,0.006018336,0.9877175
id23965,0.018172588,0.512234,0.46959347
id26758,0.9851734,0.00730472,0.007521891
id27519,0.9877824,0.005014127,0.007203479
id20676,0.0045463583,0.9904066,0.0050471243
id10536,0.9832502,0.0083830785,0.008366722
id12652,0.98451996,0.0075095654,0.007970505
id00041,0.0063725733,0.0063291593,0.98729825
id16051,0.0492178,0.81955,0.1312322
id02396,0.0062326044,0.0062204436,0.987547
id00294,0.0068062916,0.0064503634,0.98674333
id07695,0.985239,0.007384104,0.0073768967
id12440,0.0077580307,0.9838781,0.008363892
id18373,0.9853221,0.007220708,0.0074571967
id16812,0.0063835285,0.9861022,0.007514293
id20901,0.0066296966,0.98585784,0.00751243
id12076,0.0058070146,0.0060916445,0.98810136
id19184,0.9845095,0.00761286,0.007877563
id08937,0.0058421507,0.98730767,0.006850205
id08181,0.0064800195,0.98645157,0.007068425
id10111,0.98467124,0.007372645,0.007956174
id24104,0.0062773856,0.98690194,0.0068206945
id24837,0.007482848,0.9848569,0.0076602995
id15659,0.9840814,0.00821183,0.007706771
id14673,0.98282295,0.008404021,0.008773001
id22539,0.0064904974,0.006427422,0.98708206
id22413,0.9852846,0.0075300913,0.007185263
id19433,0.0057735234,0.0060506,0.98817587
id11633,0.0061780256,0.006281447,0.98754054
id04727,0.006585434,0.0064580604,0.9869565
id26735,0.004522538,0.022688683,0.9727888
id17167,0.006573114,0.98607254,0.0073543536
id04188,0.9874069,0.0065116817,0.0060814214
id07861,0.006220868,0.98954517,0.0042339857
id05163,0.98642135,0.007054417,0.006524269
id14142,0.0057498016,0.987003,0.007247167
id16011,0.9808336,0.005958908,0.013207511
id24117,0.006025462,0.98695755,0.007017015
id06439,0.005922522,0.0058136433,0.98826385
id06481,0.006262691,0.006256579,0.9874807
id10069,0.98585594,0.0069546374,0.0071894294
id11204,0.00599416,0.0064057237,0.9876001
id15541,0.006209315,0.006083272,0.98770744
id11872,0.0048719817,0.0058481065,0.9892799
id21639,0.007456082,0.9822928,0.010251146
id19801,0.0064353,0.0062373076,0.9873274
id15798,0.98628706,0.0068632015,0.0068498095
id18282,0.006119574,0.0060838214,0.9877966
id27107,0.005636938,0.0057201185,0.988643
id23052,0.9834617,0.008079426,0.008458901
id19129,0.0067323493,0.9856016,0.0076660914
id08088,0.0066427668,0.985874,0.007483265
id26398,0.9842859,0.00776883,0.007945299
id06010,0.98669994,0.006393638,0.0069064233
id24813,0.9845853,0.0076283296,0.0077863852
id27399,0.0068327915,0.0064439364,0.98672324
id15776,0.9844102,0.0074867625,0.008103031
id25955,0.0061254795,0.0060896934,0.9877848
id19866,0.0061063394,0.98758733,0.0063063307
id00804,0.005786544,0.0057415133,0.988472
id03140,0.98497295,0.007425492,0.0076015815
id21261,0.28038967,0.6973679,0.022242406
id11754,0.984452,0.0077398485,0.0078081735
id07880,0.98597956,0.0070581464,0.0069623054
id25080,0.01096347,0.010772436,0.9782641
id09317,0.9835369,0.00817529,0.008287828
id15488,0.986074,0.0065859742,0.007340014
id19606,0.98469585,0.007562427,0.0077417656
id14247,0.006214786,0.0061724475,0.9876128
id21692,0.0053056604,0.98862326,0.0060711005
id24843,0.9839416,0.0079115555,0.0081467675
id11433,0.9845191,0.0077706706,0.007710199
id04705,0.0069306986,0.98534507,0.007724206
id04583,0.0053905714,0.9879073,0.0067021265
id21401,0.0052423296,0.0044883834,0.9902693
id20649,0.98172194,0.009112259,0.009165808
id02631,0.005567742,0.98801756,0.006414693
id19128,0.005166318,0.9893449,0.005488786
id27401,0.005326221,0.9885851,0.0060886783
id10015,0.98426205,0.007999606,0.007738355
id09875,0.0061618653,0.986883,0.0069550867
id07941,0.98420286,0.0076402747,0.008156893
id00882,0.98620087,0.0068961927,0.0069029303
id14143,0.98434407,0.007671279,0.0079846615
id02713,0.0063786027,0.006353735,0.9872677
id16462,0.92095643,0.06209313,0.01695047
id08522,0.98450285,0.0076426035,0.007854464
id07181,0.007352311,0.9848365,0.007811223
id20918,0.0062145987,0.0062024733,0.987583
id06178,0.005782234,0.0064821225,0.9877357
id08857,0.007331793,0.98496956,0.007698675
id23193,0.98257947,0.009075794,0.0083447
id19651,0.98345315,0.00807147,0.008475366
id09135,0.0065421243,0.0062669716,0.98719096
id16416,0.0074254917,0.98497295,0.0076015815
id03990,0.98492324,0.0075420453,0.0075346837
id09922,0.006391112,0.0063351863,0.9872737
id17688,0.21375488,0.018361207,0.7678839
id05846,0.98606735,0.006969728,0.0069629257
id22599,0.006857464,0.98546255,0.0076799956
id15087,0.98546433,0.0072288057,0.0073068775
id14711,0.0063847154,0.0063660378,0.98724926
id09969,0.0070119286,0.98527944,0.0077086217
id21377,0.0060827895,0.0062881475,0.98762906
id25247,0.9785633,0.013397523,0.008039185
id23590,0.020148423,0.9708054,0.009046201
id21390,0.006294625,0.0060239956,0.9876814
id21176,0.005364478,0.98890275,0.005732808
id27310,0.9850743,0.0073973034,0.0075284834
id03802,0.0069920816,0.006671891,0.986336
id19012,0.9850832,0.007247211,0.0076695452
id02414,0.0066041686,0.0065272273,0.9868686
id21814,0.0068119424,0.006589479,0.9865986
id00247,0.98427606,0.0077007716,0.00802319
id24584,0.9843544,0.007776961,0.007868634
id01109,0.0065296935,0.007192506,0.9862778
id07953,0.98462903,0.0077943397,0.0075766975
id02030,0.98482865,0.007556064,0.0076153274
id23912,0.004814583,0.005070336,0.9901151
id13856,0.9812182,0.008905298,0.009876538
id18661,0.0074641914,0.984322,0.008213838
id16595,0.006436077,0.006117405,0.98744655
id11387,0.0064229206,0.98639077,0.007186308
id12489,0.006068074,0.0058015166,0.98813045
id26079,0.9844616,0.0075606275,0.00797782
id05553,0.005892617,0.9880868,0.006020586
id09596,0.9841686,0.007722522,0.008108957
id23663,0.006938048,0.98542714,0.007634852
id25726,0.743214,0.022752065,0.234034
id18105,0.984042,0.0054860883,0.010471946
id23249,0.0254341,0.96518636,0.009379554
id19756,0.8190552,0.013381776,0.167563
id23981,0.006891721,0.9855614,0.0075469315
id11521,0.005929039,0.005685221,0.9883858
id17449,0.006656668,0.006370473,0.98697287
id15479,0.98431015,0.007611318,0.008078503
id13555,0.0062083816,0.0062326808,0.98755896
id01520,0.9439823,0.009928605,0.046089083
id03093,0.9878687,0.005816997,0.006314291
id09992,0.0049005807,0.9912076,0.0038918513
id06668,0.82841057,0.14985529,0.02173413
id19568,0.98460567,0.007839957,0.0075543537
id17963,0.9821207,0.008965869,0.008913489
id04142,0.9856155,0.006851834,0.00753262
id24508,0.9855478,0.0071731578,0.0072790068
id10791,0.986094,0.006922433,0.006983543
id01228,0.005131878,0.0073081283,0.98756
id24879,0.98485065,0.0073380703,0.007811335
id19795,0.006272458,0.0056722304,0.9880553
id02488,0.0063333265,0.006682797,0.9869839
id10204,0.98509616,0.0077828215,0.0071210256
id20878,0.9355092,0.050533373,0.013957443
id10163,0.0065862974,0.006327798,0.9870859
id26439,0.0060184826,0.006239924,0.9877416
id06268,0.98479867,0.00751903,0.0076823197
id05530,0.0065352167,0.006352734,0.9871121
id15914,0.006847313,0.9859276,0.0072251447
id21656,0.007108984,0.98535305,0.0075379713
id16473,0.0059214165,0.9871151,0.00696352
id11262,0.00595671,0.0058815656,0.98816174
id15332,0.006149453,0.0060659507,0.9877846
id01765,0.006214561,0.0062084943,0.98757696
id12527,0.982691,0.008831993,0.008477071
id16877,0.006043658,0.00594996,0.9880064
id19105,0.009056059,0.95586216,0.035081785
id19533,0.98477006,0.007652147,0.0075777825
id27557,0.0069770054,0.9851709,0.007852123
id19487,0.0061074877,0.006119428,0.98777306
id25958,0.00622701,0.006148456,0.9876245
id22331,0.98501647,0.0074113305,0.0075722802
id13674,0.9804433,0.009658976,0.009897693
id04688,0.985115,0.007297158,0.0075878436
id25663,0.006031477,0.0060255905,0.9879429
id00344,0.0066034845,0.98580337,0.0075931456
id11323,0.98457867,0.0077181985,0.007703139
id18670,0.0070234397,0.9849712,0.008005369
id23811,0.9844535,0.007993351,0.007553186
id27702,0.9838261,0.007988257,0.008185684
id09979,0.9852315,0.007333743,0.0074346974
id25040,0.0068848366,0.9855389,0.0075762966
id00083,0.9846334,0.007870864,0.007495776
id19751,0.98516595,0.0072975354,0.0075365403
id19385,0.0062875454,0.006177988,0.98753446
id22498,0.9850681,0.0072400263,0.00769193
id20381,0.9839504,0.007950351,0.008099245
id00428,0.006167927,0.00597816,0.9878539
id26942,0.0068592834,0.98572403,0.007416654
id10242,0.9857616,0.0071887416,0.007049699
id08136,0.0064107226,0.00618322,0.9874061
id00055,0.0060187383,0.0061976775,0.9877836
id15243,0.005023157,0.005415439,0.9895614
id13954,0.98397964,0.007873324,0.008147083
id26797,0.98435813,0.0076414803,0.008000387
id11384,0.007258492,0.98469144,0.008050125
id07965,0.0055322037,0.006022769,0.98844504
id19311,0.007944409,0.0059559005,0.98609966
id08841,0.9862199,0.0063160756,0.007463991
id14884,0.98544645,0.007450858,0.007102718
id10859,0.984993,0.0073606637,0.0076464084
id10460,0.88403237,0.10246543,0.013502206
id25236,0.9845084,0.007908385,0.0075831707
id19325,0.0070859897,0.9850476,0.007866489
id03265,0.0067992737,0.9857259,0.007474837
id08636,0.0071680304,0.98484325,0.00798871
id11848,0.007076243,0.98561573,0.007308
id20945,0.9848123,0.007475206,0.007712495
id04971,0.9826151,0.008891888,0.0084929885
id08496,0.9842187,0.007890633,0.007890633
id23091,0.0066605243,0.006758808,0.9865806
id06654,0.0059349323,0.98743767,0.0066273645
id10002,0.98514163,0.0072405664,0.0076177474
id16426,0.98205477,0.008740501,0.009204801
id12285,0.0072513437,0.98468286,0.008065794
id18466,0.985734,0.0070563885,0.007209631
id27110,0.9845903,0.0075468617,0.007862837
id07502,0.9848697,0.00728822,0.007842059
id02890,0.007219107,0.98510367,0.007677199
id19800,0.94361067,0.040836524,0.015552866
id19162,0.9883455,0.005684989,0.005969465
id23696,0.98436576,0.0075157247,0.008118505
id25580,0.98489386,0.0076083983,0.0074977586
id09671,0.006718348,0.9864375,0.0068441676
id21501,0.0064368197,0.9865965,0.006966662
id23983,0.0061017806,0.0060839304,0.9878143
id15163,0.0070559387,0.9856712,0.007272813
id03351,0.0065664556,0.9860362,0.0073972987
id07575,0.0057099587,0.9878513,0.0064387154
id12149,0.008941183,0.9851721,0.005886721
id10262,0.0078052743,0.98408645,0.00810828
id20055,0.5750605,0.40028247,0.024657005
id16660,0.98413426,0.007851523,0.008014204
id03200,0.24141736,0.17219655,0.5863861
id19508,0.0064674923,0.006099426,0.9874331
id03793,0.00698567,0.9854315,0.007582872
id19882,0.044621278,0.39122874,0.56415004
id16261,0.98390436,0.0079888925,0.008106779
id22519,0.0062025483,0.0062025483,0.98759496
id24023,0.0060845646,0.986953,0.0069623766
id04432,0.35543978,0.12289671,0.52166355
id06228,0.98617435,0.0066969064,0.0071288194
id20655,0.985146,0.007485044,0.007369
id10603,0.006520918,0.9859147,0.007564397
id05162,0.9848341,0.0074607856,0.007705137
id18462,0.0051658154,0.0055855783,0.98924863
id10034,0.0061949394,0.98638344,0.0074216155
id20090,0.0063176663,0.006250164,0.9874321
id10966,0.97274977,0.008358601,0.01889166
id10696,0.006604742,0.98599106,0.0074041877
id01326,0.0064924266,0.0070958035,0.98641175
id03613,0.986875,0.006533647,0.006591324
id01794,0.9839819,0.008028629,0.007989522
id26181,0.006305952,0.0061658933,0.98752815
id27587,0.9846222,0.0076062996,0.0077714846
id08364,0.9838712,0.0077731437,0.00835567
id24179,0.9843721,0.0076117967,0.008016141
id02284,0.9852476,0.0071709733,0.0075814575
id10671,0.984891,0.007395927,0.007713111
id08252,0.0051384605,0.9897929,0.0050686863
id15951,0.9843246,0.007853042,0.007822426
id21864,0.0063982937,0.0061832974,0.9874184
id04453,0.0070249564,0.98518395,0.0077911196
id12771,0.67669314,0.032974467,0.2903324
id09751,0.9853216,0.007471771,0.0072066146
id10572,0.010583994,0.98298395,0.0064320667
id13036,0.0063899085,0.0065223044,0.9870878
id00112,0.005591552,0.0060341116,0.98837435
id13299,0.0069899866,0.006969538,0.9860405
id00858,0.00654684,0.0065149507,0.98693824
id08297,0.0070309094,0.9850563,0.007912787
id11005,0.006150317,0.0059262654,0.98792344
id25101,0.0065657874,0.9859358,0.007498365
id26150,0.98397964,0.007873324,0.008147083
id13836,0.9844131,0.007679312,0.00790762
id07352,0.065900445,0.91552055,0.018578999
id08883,0.9758731,0.015051197,0.009075679
id09328,0.0049361577,0.98870087,0.006362959
id03934,0.0056045954,0.0056485524,0.9887469
id14064,0.0072047426,0.98506564,0.007729561
id06643,0.005561345,0.0056268997,0.98881173
id21558,0.98492855,0.0074106692,0.0076608565
id17053,0.006923738,0.0067964545,0.98627985
id06434,0.0063985633,0.006141431,0.98746
id16616,0.007093499,0.0068150926,0.98609143
id03306,0.0063046007,0.006378918,0.9873165
id07375,0.007059045,0.9851425,0.007798405
id07934,0.0066055357,0.006321539,0.98707294
id02202,0.98499733,0.0077064144,0.007296286
id03667,0.985747,0.0070221103,0.007230879
id27531,0.9829333,0.008479161,0.008587494
id00608,0.0069652726,0.985437,0.00759774
id18141,0.91223216,0.016036686,0.071731195
id00008,0.98450816,0.0075757676,0.007916111
id08845,0.9853731,0.007270613,0.007356317
id16610,0.984251,0.007663066,0.008085911
id07464,0.0063119605,0.0061838347,0.9875042
id02189,0.9846542,0.007459423,0.007886418
id17456,0.0066395635,0.006999093,0.9863614
id09421,0.0055203126,0.0062309457,0.9882487
id12813,0.006052967,0.006349653,0.9875974
id23428,0.0069031613,0.006862832,0.98623395
id01358,0.9835924,0.008167771,0.008239874
id02737,0.0057411296,0.9874411,0.00681776
id27430,0.0066444376,0.0072336295,0.98612195
id12857,0.0069062584,0.9857133,0.007380448
id01905,0.00646095,0.006141046,0.987398
id18314,0.98403233,0.007820104,0.008147519
id02216,0.9847702,0.0076372167,0.0075925984
id04034,0.0071705463,0.98518896,0.0076404647
id11461,0.0064464263,0.9861411,0.0074125496
id09397,0.97698945,0.015039013,0.0079715755
id25870,0.0071070665,0.9850873,0.0078055854
id11653,0.9268443,0.05634495,0.016810773
id10046,0.9861091,0.0067555774,0.0071353116
id27294,0.9845259,0.007657725,0.007816388
id09975,0.9840985,0.0077295164,0.008171973
id09133,0.0062580076,0.006035924,0.9877061
id08410,0.9851998,0.0072339266,0.0075662974
id19062,0.005422493,0.0056605693,0.988917
id26530,0.006330819,0.006112118,0.98755705
id09772,0.9841621,0.0077526965,0.00808518
id10360,0.9848107,0.007431522,0.007757806
id12530,0.0072088866,0.9846701,0.0081210155
id06013,0.0062391087,0.0061483816,0.98761255
id10525,0.98459756,0.0075395512,0.007862896
id25934,0.0069042286,0.98542356,0.0076721953
id10624,0.9847995,0.0075854133,0.007615102
id16000,0.006453306,0.0063532577,0.98719347
id01995,0.9858909,0.00697529,0.0071337335
id26809,0.005809417,0.0056803864,0.9885102
id06631,0.0064612753,0.9864839,0.007054864
id23869,0.0061015263,0.006125407,0.98777306
id06357,0.006526763,0.98583525,0.007638014
id02926,0.0062806043,0.006311346,0.98740804
id14130,0.98552716,0.0072010825,0.00727175
id12672,0.0067985244,0.9856172,0.0075843018
id21593,0.98422563,0.007814004,0.007960345
id06089,0.0069238762,0.9853369,0.007739243
id09878,0.0066350354,0.006713247,0.9866517
id06940,0.006845643,0.9856871,0.0074672475
id11312,0.0059256493,0.9868565,0.007217841
id25039,0.0077601774,0.0071280957,0.9851118
id25401,0.9859912,0.006881273,0.0071274955
id21772,0.0047587818,0.0050656963,0.99017555
id22915,0.0072516855,0.9847293,0.008019051
id01096,0.005894967,0.9875159,0.006589167
id15071,0.007169083,0.9849879,0.007843001
id01062,0.0058892746,0.0056195855,0.9884912
id09059,0.007134303,0.9850072,0.007858488
id16954,0.9850948,0.007558106,0.007347061
id11730,0.9842285,0.007677872,0.008093626
id26294,0.0064120176,0.0059824972,0.9876055
id00940,0.0061673014,0.9867894,0.0070432797
id08422,0.98598653,0.0069759665,0.0070375493
id14612,0.0065033883,0.0063838325,0.98711276
id11545,0.9850736,0.0073684584,0.0075579435
id24921,0.9873127,0.0065047056,0.0061826357
id18942,0.98540145,0.007306411,0.0072921547
id23652,0.009376563,0.0067142285,0.9839092
id07261,0.9834627,0.008434165,0.008103141
id11791,0.98560345,0.0071525774,0.007243961
id07207,0.9854365,0.0072781853,0.0072852965
id19774,0.98478717,0.007409605,0.0078032073
id06049,0.98463523,0.007824895,0.00753984
id13983,0.9867243,0.0064628497,0.0068128104
id27463,0.0063460004,0.0066246237,0.9870294
id09046,0.0061723352,0.0062329066,0.9875948
id25994,0.022544181,0.96942914,0.008026608
id02689,0.005769184,0.9874331,0.00679776
id14829,0.0073643457,0.9845238,0.008111883
id20759,0.0062984074,0.006391349,0.98731023
id27848,0.98558205,0.0071314983,0.007286372
id08225,0.006654677,0.006667687,0.98667765
id17637,0.0062327557,0.006196343,0.9875709
id15355,0.9835523,0.008143544,0.008304162
id13448,0.0058031618,0.0057861856,0.9884107
id01981,0.0062935497,0.98558587,0.008120634
id09107,0.98378503,0.008273743,0.007941255
id20630,0.9862723,0.007101732,0.0066260095
id10726,0.9831093,0.008622647,0.00826806
id03636,0.0064941053,0.0068390765,0.9866668
id01736,0.05702713,0.93076575,0.012207167
id23828,0.9854354,0.0071933838,0.0073711653
id27861,0.9789361,0.0077266046,0.013337344
id14983,0.97523177,0.0073880414,0.017380195
id04726,0.0066637546,0.9860957,0.007240505
id03313,0.3604163,0.02694382,0.6126399
id21981,0.0070157973,0.98582304,0.0071611614
id20082,0.98491424,0.007660745,0.007425049
id03502,0.98447,0.007575474,0.007954549
id04804,0.9837961,0.00809007,0.008113806
id20635,0.98623896,0.0067696767,0.0069913943
id09564,0.9833938,0.0075671924,0.009039072
id01354,0.98541045,0.0078387065,0.0067507913
id09441,0.0059281723,0.005830568,0.98824126
id07175,0.98561716,0.0069597466,0.0074230954
id15544,0.37468484,0.03180987,0.5935053
id25935,0.9606566,0.031550873,0.0077925166
id19230,0.006744012,0.9863453,0.0069106864
id00718,0.9622487,0.011268456,0.026482908
id00274,0.9840663,0.007982409,0.007951288
id16546,0.006723174,0.9861827,0.0070941555
id02136,0.0068847346,0.98552424,0.0075909956
id19618,0.006112792,0.987666,0.0062211934
id00503,0.0063046007,0.006378918,0.9873165
id11300,0.0066993725,0.9855746,0.0077260057
id21526,0.020564763,0.97027844,0.009156803
id07300,0.006732045,0.98555714,0.0077107945
id18782,0.006629551,0.98583615,0.007534306
id01883,0.9517547,0.03575067,0.012494637
id25235,0.9838344,0.008011762,0.008153839
id03747,0.006143378,0.006083676,0.987773
id07155,0.98462796,0.007824837,0.0075471504
id00565,0.98390883,0.007872757,0.008218411
id11232,0.98427165,0.007891057,0.007837298
id00722,0.005674809,0.0058207405,0.98850447
id19963,0.006132186,0.0059667807,0.98790103
id16866,0.9844219,0.007838494,0.007739612
id17280,0.08925177,0.8941778,0.01657049
id04309,0.9848942,0.00756395,0.0075418227
id23317,0.006987049,0.985626,0.0073870043
id25757,0.0067873206,0.98591673,0.007295968
id17088,0.0066364906,0.00649543,0.9868681
id19779,0.0063052624,0.00627455,0.98742014
id26845,0.007058938,0.98512757,0.007813532
id01923,0.9860535,0.0074627325,0.006483734
id09394,0.0065678796,0.98144597,0.01198617
id25978,0.7975896,0.01631273,0.18609771
id03898,0.04994704,0.93829906,0.01175391
id11967,0.005936655,0.0053738067,0.9886895
id14964,0.9856894,0.0069806776,0.0073299897
id06337,0.006226369,0.0062507386,0.9875229
id26501,0.0063187694,0.0060767015,0.9876045
id20513,0.98534495,0.0072988607,0.007356107
id05044,0.98637086,0.006924377,0.0067047854
id07951,0.0061251502,0.0061431215,0.98773175
id14796,0.9847083,0.0083383145,0.006953329
id09780,0.006773746,0.006394493,0.9868318
id13597,0.9839931,0.007819792,0.008187072
id26413,0.98421025,0.0076328744,0.008156953
id14007,0.007372645,0.98467124,0.007956174
id01799,0.9828196,0.0076295366,0.00955091
id24712,0.0053547486,0.0056062513,0.989039
id13156,0.99020797,0.0046714502,0.0051205745
id25468,0.006054692,0.006066529,0.9878788
id25877,0.98310226,0.008597362,0.008300362
id22485,0.006930437,0.9853079,0.007761722
id09229,0.0135015,0.008015012,0.97848344
id25687,0.005293551,0.005445609,0.98926085
id12266,0.006233761,0.006036071,0.9877302
id19723,0.98404455,0.0076390463,0.008316436
id03536,0.98373276,0.007863665,0.00840359
id24370,0.97677475,0.013583631,0.009641647
id10745,0.0063425424,0.98649144,0.007166017
id17620,0.98491514,0.007623437,0.0074614
id16290,0.006746373,0.98572755,0.0075261225
id04325,0.98228836,0.0077077686,0.010003858
id23332,0.006102993,0.0058864113,0.9880106
id15082,0.006818133,0.9855683,0.007613608
id21581,0.006882227,0.007952398,0.98516536
id17460,0.9838396,0.007918464,0.008241945
id17003,0.9843471,0.007822605,0.007830248
id15193,0.0070044957,0.9851967,0.0077988333
id08389,0.4334643,0.022849707,0.54368603
id19831,0.006119683,0.006066132,0.9878142
id25627,0.0051100533,0.0057510007,0.98913896
id14051,0.00668798,0.0065266765,0.98678535
id00942,0.9842606,0.0077006505,0.00803875
id09184,0.0069857733,0.98544604,0.0075681885
id21762,0.98438454,0.007845855,0.0077696084
id07390,0.9847826,0.007742448,0.0074749803
id25785,0.0074247145,0.9848699,0.0077054175
id17567,0.006306422,0.98663765,0.007055964
id13118,0.0068312692,0.98554045,0.007628277
id17508,0.006378484,0.006372257,0.98724926
id21192,0.0059908447,0.0059908447,0.9880183
id27884,0.006250928,0.0061962297,0.9875528
id08686,0.0072123273,0.98514014,0.0076475507
id01360,0.984489,0.007816096,0.007694919
id13689,0.0066492623,0.9858748,0.0074759666
id01772,0.0074703875,0.0073905685,0.9851391
id17507,0.00686668,0.98582375,0.0073095425
id17644,0.9827025,0.008593866,0.008703662
id00494,0.98573935,0.007259124,0.0070015136
id09881,0.0072721196,0.98461527,0.008112637
id02306,0.98516774,0.007448751,0.00738357
id06761,0.98566586,0.0071950657,0.0071390737
id15045,0.9864573,0.006817621,0.006725046
id05992,0.0060318657,0.005961593,0.98800653
id18245,0.9860135,0.0070171524,0.006969347
id01047,0.98751056,0.006287393,0.0062020184
id23601,0.006237581,0.00639174,0.98737067
id13140,0.9846281,0.0075471513,0.007824838
id05280,0.0076679634,0.98391867,0.00841339
id03728,0.005216074,0.005617933,0.989166
id15626,0.9871651,0.0060918187,0.0067430288
id03086,0.006317821,0.006225949,0.98745626
id27898,0.008681785,0.02439627,0.9669219
id05891,0.98440814,0.007567604,0.008024268
id02214,0.0064917416,0.006236953,0.9872713
id17274,0.9837962,0.008105888,0.0080979755
id09359,0.98502445,0.0074914335,0.007484121
id03320,0.984155,0.007767797,0.008077231
id26061,0.9845697,0.007605894,0.007824374
id02869,0.98423994,0.007610775,0.008149237
id21891,0.0071209176,0.9850812,0.0077979187
id06182,0.0063160304,0.9862128,0.0074712303
id13429,0.006654783,0.9857303,0.0076148594
id15943,0.0058864467,0.006097073,0.9880165
id13008,0.006930751,0.98535246,0.007716725
id08587,0.98505086,0.0073395623,0.007609611
id03346,0.9840883,0.007866506,0.008045195
id02052,0.006497082,0.006383873,0.987119
id00916,0.8893571,0.09618329,0.014459594
id11093,0.98518854,0.007163544,0.0076479265
id15190,0.9849714,0.007374893,0.007653712
id23076,0.9868679,0.0064890888,0.006642973
id25738,0.006836557,0.9853406,0.007822857
id21546,0.0065039922,0.006291585,0.98720443
id17764,0.9840872,0.00767677,0.008235972
id11990,0.98473346,0.0075997333,0.007666822
id21050,0.98405844,0.007927964,0.0080135865
id18324,0.98439735,0.007938443,0.0076642055
id20690,0.9206557,0.008920638,0.07042368
id19799,0.0061789616,0.006130877,0.98769015
id12658,0.98529565,0.0073629254,0.007341386
id03781,0.1818971,0.016318645,0.8017843
id04870,0.006245647,0.9867185,0.0070358985
id20596,0.0060861087,0.9872034,0.0067104446
id26849,0.9845897,0.007532132,0.007878205
id00600,0.006505396,0.9864538,0.007040884
id11902,0.9841642,0.007813516,0.008022279
id19219,0.98332953,0.0078758085,0.008794684
id14788,0.006695535,0.9859724,0.0073320945
id22482,0.007010755,0.9851146,0.0078747105
id15378,0.007025488,0.9852585,0.00771599
id14696,0.0070594205,0.9851949,0.0077456892
id17359,0.0067085265,0.0063701402,0.9869213
id16190,0.9846147,0.0079479525,0.0074373023
id21285,0.98410946,0.0077978373,0.008092647
id06812,0.98508865,0.007397411,0.007513903
id15579,0.0062507773,0.00622033,0.9875289
id26672,0.9838307,0.007895228,0.008274128
id09842,0.0055386284,0.9876621,0.006799336
id06045,0.9851004,0.0072970493,0.007602565
id21233,0.98422766,0.0076628844,0.008109444
id16227,0.98478484,0.0075853,0.0076298756
id17437,0.006287923,0.006118317,0.98759377
id02309,0.9842359,0.0076704356,0.008093687
id18232,0.005835789,0.006003423,0.9881608
id23419,0.0066635413,0.006308914,0.9870275
id11924,0.98446655,0.007831198,0.0077022617
id12263,0.9838017,0.007964691,0.0082335835
id16734,0.985336,0.007457302,0.0072067203
id07989,0.9864596,0.006594987,0.0069453176
id24633,0.0062571117,0.006178177,0.98756474
id19770,0.98423356,0.007937121,0.007829345
id05094,0.012191828,0.009786846,0.9780213
id07252,0.9842363,0.0076779327,0.00808579
id12536,0.9845761,0.007568895,0.007855048
id24324,0.9853449,0.007370488,0.007284619
id25546,0.0072388276,0.00689386,0.9858673
id24732,0.9838562,0.007788222,0.008355542
id07280,0.0061456286,0.9871703,0.006684059
id23268,0.98380315,0.008177503,0.008019336
id18050,0.0060961135,0.006042769,0.9878611
id19360,0.984865,0.007534238,0.0076007484
id00456,0.0068842215,0.98545086,0.007664919
id14069,0.0069377366,0.9853829,0.007679375
id24965,0.006738983,0.9856098,0.007651197
id13245,0.00657242,0.006495849,0.98693174
id22515,0.0068304488,0.9854221,0.0077474755
id11332,0.9853139,0.0071924967,0.007493635
id19876,0.006635511,0.0066419938,0.98672247
id18315,0.98302335,0.008446878,0.008529771
id05260,0.0045328033,0.9903509,0.0051163146
id14594,0.006998026,0.9852483,0.0077536763
id12867,0.98332167,0.008261775,0.0084165
id05902,0.007120427,0.98501337,0.007866216
id06390,0.40690413,0.019549178,0.5735467
id06005,0.0069208504,0.9858685,0.007210615
id24075,0.5774272,0.02551947,0.39705333
id12630,0.98401254,0.008021043,0.007966398
id26378,0.00672676,0.0065645217,0.98670876
id05535,0.007031396,0.9851245,0.007844089
id26702,0.0058760275,0.0059279003,0.988196
id25209,0.9849055,0.007388816,0.007705696
id19835,0.0065801144,0.0062972107,0.98712265
id09511,0.006957899,0.9853555,0.0076866634
id27364,0.9844318,0.007465024,0.008103208
id09695,0.9836759,0.008002653,0.008321442
id16165,0.9849086,0.0075862533,0.0075051966
id19503,0.0058527426,0.006014987,0.9881323
id13511,0.0059383847,0.006049598,0.9880121
id18752,0.0064844056,0.0063963556,0.98711926
id18278,0.9871315,0.006490822,0.0063777226
id27219,0.9848938,0.008028226,0.0070779687
id05454,0.006918252,0.98549837,0.007583387
id12347,0.00588683,0.0060323197,0.98808086
id10397,0.9828478,0.008756104,0.00839603
id18543,0.9822391,0.0087763565,0.008984481
id05210,0.9841335,0.007820907,0.0080455635
id23141,0.0067011127,0.9858306,0.007468335
id17139,0.9838223,0.007887455,0.008290233
id21399,0.9843373,0.007693733,0.007969027
id18728,0.14158027,0.016894909,0.84152484
id12170,0.0050965236,0.98941433,0.005489171
id02225,0.0069079227,0.9859509,0.007141138
id27210,0.0060969647,0.9870346,0.006868404
id01242,0.007344911,0.0068864417,0.9857687
id16587,0.0061633554,0.0057504927,0.9880861
id11144,0.0062389965,0.0061663096,0.9875947
id13709,0.9861195,0.006841961,0.007038498
id00841,0.0074006515,0.98455817,0.008041181
id09692,0.0064160842,0.006316612,0.9872673
id07635,0.98477846,0.0073878635,0.007833679
id11375,0.985324,0.007108775,0.0075672516
id05703,0.98541474,0.0072213863,0.0073638153
id02757,0.9844856,0.0075829956,0.007931406
id08216,0.00651625,0.98617154,0.0073121213
id09311,0.0067456225,0.0066735474,0.98658085
id11169,0.98420346,0.007867427,0.007929132
id23806,0.9850286,0.007332233,0.0076392214
id01253,0.006232831,0.0061843274,0.98758286
id27558,0.0074389535,0.9848333,0.007727738
id06695,0.98342174,0.008094893,0.008483375
id22654,0.006209767,0.9868152,0.006975014
id16201,0.9844222,0.0077850954,0.0077927024
id00873,0.9841405,0.0077980836,0.008061351
id07131,0.9851242,0.007361644,0.007514174
id11454,0.0075815693,0.98430043,0.008117966
id19481,0.9843093,0.007883656,0.007807042
id16409,0.0059941537,0.005441773,0.988564
id01686,0.98371106,0.007901981,0.008387008
id24068,0.9842642,0.007867913,0.007867913
id14825,0.9837713,0.008003429,0.008225291
id13611,0.9844801,0.007634967,0.007885023
id05586,0.98473495,0.007416451,0.007848648
id04497,0.98346984,0.008079493,0.008450716
id13912,0.004719522,0.98970866,0.0055718278
id09675,0.0056391573,0.0053286296,0.9890322
id23620,0.0071563344,0.98515856,0.0076851277
id05596,0.0064169844,0.0061771832,0.98740584
id09067,0.0066164853,0.006603575,0.9867799
id05445,0.006798221,0.98557323,0.0076285307
id16825,0.00627482,0.006262576,0.9874626
id21127,0.9841611,0.0077300076,0.008108894
id01740,0.006148344,0.0062451665,0.98760647
id12719,0.9843523,0.0076863407,0.007961369
id14137,0.006281899,0.006106489,0.9876116
id08909,0.0062033655,0.006071511,0.9877251
id24041,0.9844373,0.007053992,0.008508738
id14489,0.9844657,0.0076647378,0.007869524
id14961,0.0062986426,0.0063542463,0.9873471
id19923,0.9841036,0.008037468,0.007858951
id03339,0.0063498844,0.98666936,0.0069807973
id08864,0.0059279003,0.0058760275,0.988196
id19803,0.9841193,0.007874441,0.008006261
id09810,0.98434573,0.007723912,0.007930279
id23324,0.9854173,0.007095576,0.0074871057
id22050,0.0070717153,0.9849851,0.007943182
id11386,0.98362684,0.008892356,0.007480805
id14739,0.9838945,0.007911177,0.008194251
id02882,0.9848246,0.007409887,0.007765494
id11988,0.9852304,0.0072766626,0.007493
id18839,0.0067057223,0.9855459,0.0077484483
id08474,0.0064529637,0.9861775,0.007369516
id01060,0.0070639774,0.9848687,0.008067316
id06551,0.9854644,0.0072926204,0.007242939
id06210,0.0061374903,0.0060719135,0.9877906
id12349,0.0062881475,0.0060827895,0.98762906
id21813,0.0054839896,0.007000444,0.98751557
id13028,0.006840723,0.9859411,0.007218192
id10021,0.006516665,0.006285403,0.98719794
id07425,0.005858255,0.006044216,0.98809755
id24409,0.0069175297,0.9853955,0.007686976
id21183,0.9839581,0.007950413,0.008091403
id26178,0.9848792,0.007497647,0.007623159
id24033,0.985631,0.007124892,0.0072441637
id14793,0.0064294497,0.0061771055,0.98739344
id03053,0.9844147,0.0077774376,0.0078078774
id24285,0.9851525,0.007333155,0.00751439
id09137,0.9838891,0.008020036,0.008090835
id03185,0.9847697,0.0075482368,0.007682094
id21242,0.005592398,0.9885239,0.005883721
id17446,0.9814616,0.008726695,0.009811686
id00087,0.78956896,0.18580726,0.024623808
id11019,0.9835106,0.008087723,0.008401692
id18832,0.007511915,0.984828,0.0076600746
id19224,0.006127327,0.005789918,0.98808277
id17436,0.0069193547,0.006462157,0.98661846
id09895,0.006026502,0.0058811517,0.9880923
id20296,0.0062168837,0.006801292,0.9869818
id03074,0.006776385,0.9862526,0.0069710375
id09152,0.0062736818,0.98631966,0.0074066552
id15277,0.0059617334,0.0060084923,0.9880298
id07520,0.9845189,0.0076876413,0.007793468
id12928,0.006655861,0.9858899,0.007454211
id06197,0.008436046,0.00595873,0.9856052
id24099,0.98467654,0.0074523105,0.007871209
id17392,0.98521054,0.007369483,0.0074200328
id17303,0.9795271,0.007837697,0.012635168
id05682,0.98479927,0.007555839,0.007644905
id14339,0.98393905,0.007842305,0.008218664
id07873,0.006115062,0.005852153,0.9880328
id06939,0.007371372,0.98546314,0.007165541
id14827,0.0060513434,0.0056514996,0.98829716
id19768,0.005095381,0.98919255,0.005712131
id18080,0.98431504,0.0075668884,0.0081180865
id17384,0.9855829,0.0072296755,0.007187438
id12059,0.9852814,0.0073269554,0.0073916363
id27382,0.0060648625,0.0053626862,0.9885725
id23252,0.9869276,0.0058399015,0.0072324737
id14797,0.006325574,0.005971413,0.987703
id25826,0.0070601217,0.006684389,0.9862555
id27569,0.9844876,0.0076350253,0.007877387
id05079,0.98606086,0.0067552472,0.0071839043
id23749,0.98353577,0.008344668,0.008119584
id04852,0.006079693,0.005829679,0.98809063
id08920,0.9845338,0.0076802536,0.0077859783
id15229,0.007370172,0.0073271138,0.9853027
id11992,0.7182825,0.034694787,0.24702267
id21087,0.0033668538,0.0038601165,0.99277306
id22173,0.98487943,0.0075123073,0.0076082866
id26488,0.98707575,0.006421107,0.0065031443
id09378,0.07584655,0.012700013,0.9114534
id19280,0.9869104,0.006787529,0.0063020075
id00701,0.0061789616,0.006130877,0.98769015
id18252,0.9856765,0.007007907,0.0073155914
id19850,0.0043220753,0.0050827125,0.9905952
id00967,0.006497451,0.98621154,0.0072910264
id00670,0.984369,0.007739196,0.0078918375
id10795,0.0059274556,0.0059506553,0.98812187
id27312,0.0061521144,0.006600255,0.9872476
id10703,0.0058578025,0.0061209654,0.98802125
id25596,0.84259814,0.14013496,0.017266959
id00443,0.007547437,0.0068252026,0.98562735
id21638,0.0071710786,0.9852621,0.007566775
id15800,0.006228337,0.98687077,0.006900877
id23367,0.98438466,0.007800018,0.007815267
id03600,0.98534495,0.007363294,0.0072917365
id07147,0.98696506,0.0061804587,0.0068545183
id02654,0.007114286,0.9851254,0.007760285
id17965,0.006325546,0.9857714,0.00790308
id24304,0.9781762,0.012841498,0.008982337
id11626,0.980217,0.0095535675,0.010229482
id17604,0.0063362787,0.006219795,0.987444
id24725,0.9851744,0.007347655,0.0074779545
id08894,0.98382723,0.00808243,0.008090327
id01352,0.006497485,0.0063222265,0.9871803
id07907,0.98468614,0.0074961768,0.00781766
id02681,0.0060841474,0.0060663493,0.98784953
id23951,0.0068577207,0.98549944,0.0076428726
id11154,0.9870509,0.0065093343,0.0064397845
id13182,0.9859634,0.0068743625,0.0071621807
id04576,0.006648921,0.9858242,0.0075268606
id16318,0.986919,0.006246916,0.0068341466
id05472,0.006036799,0.006113927,0.9878493
id20567,0.98504937,0.0073038004,0.007646846
id21385,0.0072627794,0.0074641113,0.98527306
id09834,0.9846816,0.007591916,0.007726548
id02954,0.98474693,0.0075259814,0.0077270605
id15456,0.006627279,0.9864612,0.0069114985
id06958,0.98447895,0.007605193,0.007915877
id18053,0.007614062,0.0067588734,0.98562706
id05180,0.0068778563,0.98550165,0.007620531
id21648,0.98279303,0.00851945,0.00868748
id27095,0.006306983,0.98672545,0.0069675725
id16645,0.0067337896,0.98581254,0.0074536256
id22508,0.983778,0.007964499,0.00825754
id01151,0.005904994,0.0058647655,0.9882302
id03451,0.98453414,0.007717849,0.007748056
id20279,0.005881838,0.005910628,0.9882075
id17480,0.0068394043,0.98575103,0.0074096173
id08280,0.16504323,0.8145062,0.02045059
id19245,0.9867639,0.0070568663,0.0061791986
id20463,0.9847994,0.007578009,0.007622541
id01510,0.007479331,0.984394,0.00812667
id22724,0.005681025,0.005697693,0.9886213
id03386,0.0061623384,0.0059146993,0.98792297
id26858,0.98696697,0.00638289,0.006650131
id27612,0.98459756,0.0075395512,0.007862896
id14606,0.9844512,0.007516377,0.008032459
id09273,0.005841594,0.0059801238,0.9881783
id07736,0.0064833392,0.0065597636,0.98695695
id22879,0.9751172,0.0145058185,0.01037697
id01075,0.006450062,0.98669726,0.0068526585
id14038,0.006155511,0.98682845,0.007016097
id10294,0.9850737,0.007550567,0.007375659
id06738,0.08254094,0.36443922,0.5530199
id06932,0.007066322,0.9851956,0.0077381334
id20905,0.006689425,0.9860351,0.007275498
id03466,0.98891145,0.005271051,0.0058174534
id17100,0.98431426,0.007992221,0.0076935533
id00585,0.006072059,0.006113709,0.9878142
id05385,0.98445433,0.007567959,0.007977761
id21658,0.98402935,0.007759223,0.008211396
id25140,0.9841883,0.007882686,0.00792901
id14623,0.0062698084,0.98667395,0.007056223
id06925,0.9840509,0.007943402,0.008005704
id03102,0.9832865,0.0087685725,0.007944986
id15215,0.0067323996,0.98560894,0.007658666
id16162,0.0063798437,0.986496,0.0071241837
id12412,0.007114609,0.9851701,0.0077152974
id27708,0.9850729,0.007346898,0.007580113
id18508,0.9852744,0.0073340624,0.007391584
id19857,0.9848359,0.0075635025,0.007600524
id27904,0.98502386,0.007557562,0.007418627
id27345,0.006597271,0.005637437,0.9877653
id09516,0.9600478,0.025684543,0.014267706
id24277,0.98601824,0.0071137836,0.0068680346
id26935,0.0066873385,0.9857275,0.00758515
id08544,0.006116195,0.0066325865,0.9872512
id13779,0.9863499,0.006568545,0.0070815138
id17103,0.98619825,0.006567535,0.0072341887
id01771,0.98567826,0.0070559895,0.007265766
id08211,0.0061731157,0.0061071576,0.9877197
id06392,0.9827531,0.008362492,0.008884457
id25629,0.9840418,0.007866135,0.008092091
id15194,0.12029021,0.096467294,0.7832425
id23962,0.0062832697,0.9868629,0.0068538086
id14252,0.0061204717,0.005937961,0.98794156
id15381,0.98452663,0.0077631446,0.007710258
id17385,0.00691544,0.007024342,0.98606026
id22826,0.9845131,0.00796267,0.0075241947
id16485,0.0063723526,0.9863003,0.0073273736
id25744,0.9841562,0.0076473774,0.00819643
id09192,0.98446226,0.0079622585,0.0075754146
id08619,0.0069133574,0.9857633,0.0073233843
id27889,0.006001742,0.9878841,0.006114142
id10964,0.006047911,0.0062155654,0.9877366
id00821,0.98423195,0.007760821,0.008007176
id07120,0.9822488,0.00885392,0.008897258
id05347,0.98450434,0.0077478215,0.0077478215
id14047,0.031587098,0.954741,0.013671951
id24871,0.9846651,0.0075327083,0.00780224
id21417,0.6420923,0.020044107,0.3378636
id03784,0.9849807,0.007099361,0.00791991
id07389,0.006180001,0.986892,0.006928035
id16215,0.9832818,0.008424382,0.008293774
id10976,0.005868622,0.006216686,0.9879147
id00348,0.98411906,0.007859074,0.00802191
id04027,0.9869233,0.006413848,0.006662837
id21625,0.9835364,0.0083121415,0.008151369
id15117,0.0056124427,0.0061881877,0.98819935
id06776,0.031439926,0.9563439,0.012216237
id10947,0.984021,0.007751585,0.008227379
id11746,0.022527404,0.013012422,0.96446013
id27779,0.007856976,0.0054000155,0.98674303
id20789,0.009708937,0.008618458,0.9816726
id16187,0.0066875513,0.006590303,0.9867221
id23834,0.0058062267,0.987003,0.0071907686
id25848,0.007100985,0.985206,0.0076930067
id08777,0.98499554,0.0074912137,0.007513193
id17045,0.006174205,0.005931879,0.98789394
id01474,0.9813633,0.005524845,0.0131118065
id09396,0.006692319,0.98549885,0.0078088464
id22208,0.9843196,0.0076411813,0.008039232
id13813,0.0063371533,0.006082489,0.9875803
id23386,0.98637855,0.006870544,0.006750828
id02610,0.0076046614,0.98441017,0.007985197
id07647,0.0064088614,0.0064717545,0.98711944
id24025,0.08199021,0.9031528,0.014856982
id25573,0.9840316,0.0076763364,0.008291997
id23575,0.7016169,0.023156017,0.27522707
id08968,0.004080399,0.006215793,0.98970383
id09958,0.006548124,0.9861683,0.0072835903
id13648,0.9864311,0.0067314385,0.006837443
id00335,0.9841813,0.00767001,0.008148752
id18099,0.9838088,0.007941447,0.008249739
id24297,0.0044476744,0.008498097,0.9870543
id17751,0.0072473856,0.006683128,0.98606944
id02158,0.0054228157,0.98801035,0.006566765
id03039,0.9850997,0.008845,0.006055373
id09467,0.0064625447,0.005895718,0.98764175
id14903,0.98481345,0.007344963,0.007841612
id03331,0.9410387,0.04712689,0.011834367
id27366,0.0067456225,0.0066735474,0.98658085
id09199,0.006288183,0.005112257,0.98859954
id07681,0.006179257,0.0060834563,0.9877373
id11502,0.0067649772,0.98555434,0.007680711
id00140,0.9846818,0.0076067597,0.007711473
id20159,0.85608524,0.015451739,0.12846306
id02007,0.0062448275,0.0062022842,0.9875529
id08188,0.98437977,0.0076118563,0.0080083795
id04504,0.0052269828,0.0054724836,0.98930055
id22031,0.9851576,0.0072690235,0.0075733652
id17947,0.006299148,0.0062745893,0.9874263
id06267,0.9848578,0.007541544,0.0076006926
id14577,0.9840587,0.007974555,0.007966772
id27313,0.9842104,0.007813883,0.007975784
id16231,0.0065586953,0.98583305,0.007608219
id02587,0.9847922,0.0076001864,0.0076076128
id04379,0.005492312,0.9880488,0.0064588976
id13503,0.0071549197,0.98496383,0.007881198
id03887,0.984769,0.0075188037,0.007712156
id22338,0.9836315,0.008128309,0.0082402015
id20080,0.9841806,0.007874932,0.00794445
id22392,0.9841427,0.007936389,0.007920904
id03895,0.98547846,0.007271391,0.007250119
id17179,0.0069644395,0.98531914,0.0077164643
id23466,0.006191555,0.0060363268,0.9877721
id12592,0.0071353335,0.9851495,0.007715136
id16947,0.9845292,0.0075390274,0.007931757
id13870,0.00695493,0.0071477275,0.98589736
id10717,0.0061068996,0.006215196,0.98767793
id09418,0.9832561,0.008506832,0.008237056
id20753,0.9860717,0.007093357,0.006834951
id00114,0.006318619,0.00610034,0.987581
id00627,0.9837226,0.007971832,0.0083056
id07738,0.007174251,0.98473585,0.0080898935
id14516,0.25466645,0.72229606,0.023037486
id02107,0.007203534,0.98490036,0.007896097
id18378,0.0066655586,0.98636264,0.0069718156
id02751,0.00642131,0.006471673,0.987107
id26105,0.006100037,0.0063678613,0.9875321
id07659,0.0063035674,0.006541883,0.9871546
id07421,0.9838565,0.007949593,0.008193935
id00325,0.986906,0.0061861263,0.0069078654
id12253,0.9845564,0.0077406694,0.007702965
id23427,0.98395014,0.007934836,0.008115076
id06202,0.9855898,0.007229726,0.0071804724
id21320,0.0063547892,0.0062136455,0.9874315
id21994,0.9859799,0.007010064,0.007010064
id13903,0.0066403886,0.005911854,0.98744774
id13767,0.104432315,0.88099015,0.0145775685
id03750,0.0045472807,0.0048452844,0.99060744
id08666,0.006492174,0.0061707245,0.9873371
id12171,0.006118654,0.006233243,0.9876481
id26202,0.27033234,0.025046794,0.70462084
id16310,0.006170881,0.006467027,0.9873621
id02650,0.007135124,0.9860831,0.0067818398
id26558,0.9850229,0.0073824846,0.0075945477
id24794,0.98509604,0.0074119293,0.0074919784
id01299,0.9848632,0.0078343535,0.00730242
id19281,0.9838476,0.0077805514,0.008371805
id20504,0.0066055357,0.006321539,0.98707294
id15716,0.46319976,0.019053303,0.5177469
id08222,0.0060027675,0.0059444313,0.98805285
id12393,0.005917075,0.005763097,0.9883198
id26841,0.0054636206,0.9886633,0.005873069
id22947,0.0065457383,0.985809,0.007645274
id10817,0.9840493,0.007858517,0.008092153
id01486,0.9860597,0.0068884753,0.007051831
id00296,0.0055643357,0.9883779,0.006057751
id24189,0.0070057474,0.006658869,0.9863354
id20909,0.9836712,0.0081684245,0.008160451
id21079,0.9843386,0.0077389567,0.00792248
id02478,0.0061231907,0.0064610653,0.98741573
id03727,0.98411983,0.0076920334,0.008188128
id09794,0.98603284,0.006901754,0.0070654247
id08527,0.006740521,0.9858348,0.007424734
id18716,0.98501277,0.0073106647,0.00767649
id21733,0.006077628,0.0061673108,0.9877551
id08898,0.98661166,0.006380592,0.0070077097
id16571,0.005236725,0.005552732,0.98921055
id17780,0.988182,0.005617828,0.006200177
id11537,0.98389655,0.007988829,0.008114635
id23242,0.9841335,0.0080455635,0.007820907
id16749,0.0061734463,0.0060540405,0.9877725
id02226,0.98386097,0.008274382,0.007864689
id08369,0.0061166277,0.0065621836,0.98732114
id18013,0.07626651,0.87881106,0.044922426
id23454,0.9843888,0.0076417183,0.007969445
id03878,0.006910928,0.98541695,0.0076721436
id15129,0.0060265623,0.006835662,0.9871378
id21874,0.98022175,0.006617595,0.013160659
id24455,0.9839973,0.007997454,0.008005268
id03860,0.0070855524,0.9849867,0.007927697
id07622,0.0071060834,0.984951,0.0079429075
id18449,0.023554986,0.0066245534,0.9698205
id16952,0.9853622,0.007143847,0.0074940026
id08212,0.98415864,0.0076848282,0.008156526
id05513,0.0078799715,0.0053841793,0.9867359
id24536,0.98362195,0.007901265,0.008476821
id18070,0.9839131,0.0078038992,0.008282906
id03094,0.006843969,0.9854461,0.0077099255
id13815,0.0062542967,0.0066252355,0.98712045
id14023,0.0068052714,0.9856324,0.007562231
id14480,0.98696935,0.0064707706,0.006559846
id00059,0.98427,0.007745977,0.00798406
id16873,0.9836738,0.007955882,0.008370326
id23144,0.9852071,0.00723398,0.007558968
id02845,0.9843983,0.00769421,0.0079075005
id25492,0.011304859,0.006218795,0.98247635
id04097,0.006368178,0.98661727,0.0070145954
id25883,0.98386925,0.00787244,0.008258306
id23391,0.007190405,0.9850273,0.007782278
id27018,0.9839469,0.008210707,0.0078423675
id23614,0.0051627946,0.98867023,0.0061669997
id14309,0.0059055006,0.9873502,0.0067442935
id27746,0.0066818832,0.98588574,0.0074323732
id05057,0.9848647,0.0075121955,0.0076230466
id06246,0.9827459,0.0082650045,0.008989117
id00509,0.008185667,0.007028975,0.9847853
id19473,0.9848704,0.007690386,0.007439234
id07044,0.006107851,0.0060603186,0.98783183
id09871,0.0061082104,0.006001778,0.98789
id26870,0.98627615,0.0065873247,0.0071365205
id06125,0.006536487,0.9863404,0.00712306
id02829,0.98459864,0.007569068,0.007832249
id24935,0.98409647,0.007889653,0.008013897
id04557,0.0060730246,0.005955562,0.98797137
id01208,0.9849895,0.0072891065,0.007721419
id16235,0.006877548,0.9854575,0.00766497
id05135,0.0066117235,0.9860698,0.0073185097
id05892,0.0065869843,0.0062242625,0.98718876
id21207,0.9846295,0.007598931,0.007771542
id10722,0.98388946,0.009025982,0.0070845746
id17396,0.006138069,0.0059783407,0.9878836
id17755,0.9861468,0.006696719,0.0071565206
id18529,0.0071349335,0.0068082013,0.9860568
id18235,0.9837415,0.008105438,0.008153069
id20188,0.0061434144,0.0060777743,0.98777884
id13483,0.0057428796,0.0055499063,0.9887072
id16860,0.98625237,0.0069778473,0.0067697684
id11203,0.9847328,0.007555329,0.0077118725
id01104,0.98392206,0.007705523,0.008372438
id26195,0.007353915,0.98505133,0.0075947666
id19647,0.0061013796,0.006149234,0.9877494
id24377,0.004892294,0.0055762734,0.98953146
id07103,0.9851094,0.0073471703,0.0075434707
id27061,0.9842031,0.007836752,0.007960162
id06255,0.006699448,0.9865486,0.0067519923
id19483,0.006476468,0.006649505,0.98687404
id27936,0.006954832,0.98588353,0.0071616005
id21761,0.98475444,0.007719576,0.007526039
id06543,0.0070928643,0.9850407,0.007866435
id04779,0.0064977272,0.98625356,0.007248739
id05819,0.9855552,0.007229472,0.0072153662
id04670,0.9844125,0.008071457,0.0075160814
id22206,0.9837713,0.008003429,0.008225291
id18557,0.9838633,0.007918656,0.008218031
id24017,0.9851784,0.0069770585,0.007844518
id10305,0.98467386,0.0077491556,0.0075770426
id25879,0.9835203,0.008336391,0.00814328
id08243,0.0063444115,0.9867822,0.006873356
id11999,0.98483247,0.008138233,0.0070293117
id13392,0.006829981,0.98535466,0.007815333
id00681,0.0065109436,0.9863312,0.007157859
id03225,0.9869105,0.0063020084,0.00678753
id19684,0.0065358207,0.0062609324,0.9872033
id01944,0.98567975,0.007167116,0.007153131
id04903,0.005986204,0.005796364,0.9882174
id22131,0.98527193,0.007227394,0.0075006364
id17465,0.0062400703,0.0059951595,0.9877648
id02341,0.006393155,0.0060175546,0.9875893
id23306,0.039482094,0.95051086,0.010007039
id13543,0.0072492426,0.006428748,0.98632205
id05527,0.98442924,0.0074359016,0.0081349015
id13622,0.007004708,0.9852266,0.0077686636
id04807,0.0069135055,0.9857844,0.0073021166
id03763,0.006088846,0.006263749,0.9876474
id04860,0.006390914,0.006365998,0.9872431
id18552,0.98477757,0.007622372,0.0076000737
id05624,0.98129654,0.009315207,0.009388266
id10691,0.005848805,0.0057189,0.9884323
id12723,0.98123956,0.011268597,0.007491856
id14533,0.9866192,0.006752475,0.00662834
id07197,0.97556895,0.008382824,0.016048238
id08284,0.9849785,0.0073677474,0.0076537672
id13373,0.98470896,0.007787363,0.0075036753
id25880,0.9874269,0.00595228,0.006620823
id00879,0.9837024,0.008403331,0.007894199
id27931,0.006700275,0.98570734,0.0075924057
id20774,0.0060608573,0.006019567,0.98791957
id18642,0.007100878,0.98519117,0.0077079306
id26855,0.010685548,0.9741717,0.015142798
id08684,0.25485837,0.68927616,0.055865478
id01743,0.0057236613,0.9882897,0.0059866416
id09704,0.005346796,0.98853505,0.006118171
id00696,0.005412356,0.0055896183,0.988998
id08351,0.00699332,0.9855478,0.0074589043
id08495,0.98501563,0.007601911,0.00738243
id05141,0.005753381,0.0056641833,0.9885825
id08515,0.006636951,0.0064264745,0.98693657
id23509,0.0062447516,0.006214334,0.9875409
id20577,0.0067063016,0.006699756,0.98659396
id04217,0.006777434,0.006817262,0.9864053
id24430,0.0060422258,0.0061855125,0.9877722
id11995,0.0059562274,0.005962047,0.98808175
id10871,0.006071877,0.0061434503,0.9877846
id21988,0.0062827882,0.0059658764,0.98775136
id07248,0.98438174,0.0076566036,0.007961608
id22805,0.9850675,0.00749908,0.007433459
id18064,0.006435064,0.00627373,0.98729116
id02256,0.005249113,0.006100982,0.98864996
id18835,0.9886608,0.0050136875,0.0063255276
id06068,0.005097063,0.0063495943,0.9885533
id13355,0.007192444,0.9853067,0.0075009014
id15890,0.0072378647,0.984774,0.007988148
id11828,0.9843449,0.0076937927,0.0079613095
id14235,0.0062455023,0.0060948706,0.98765963
id07891,0.004569805,0.0057318197,0.98969835
id00426,0.007280934,0.9848465,0.0078725675
id00194,0.0059394212,0.00587596,0.9881846
id10086,0.0064114896,0.0060643507,0.98752415
id24683,0.005895156,0.005592333,0.9885125
id01217,0.98552036,0.007229217,0.0072504273
id09906,0.98487896,0.0074830153,0.0076380605
id04780,0.0061312816,0.0061133453,0.98775536
id15682,0.0046494,0.9903577,0.004992951
id27193,0.9855461,0.0071034366,0.0073504276
id01574,0.00582607,0.005730147,0.9884438
id26894,0.006878784,0.0055597397,0.98756146
id08143,0.014565587,0.97056705,0.014867379
id05756,0.006979413,0.9855108,0.007509786
id14803,0.0060901637,0.0060486738,0.9878612
id01103,0.0064428053,0.98655,0.0070072715
id17451,0.98183376,0.008954502,0.009211721
id10497,0.21429092,0.7245829,0.06112616
id23770,0.9407015,0.04753748,0.011761012
id01731,0.5486487,0.058195382,0.39315596
id24021,0.0070355125,0.9847392,0.008225347
id24904,0.98423195,0.007760821,0.008007176
id16795,0.005967348,0.0060376893,0.98799497
id27308,0.0064644963,0.0065598874,0.98697567
id16671,0.983311,0.008173413,0.008515619
id10035,0.9847795,0.006700508,0.008520012
id12143,0.9844595,0.007777792,0.007762615
id14087,0.9834418,0.008016391,0.0085417405
id02962,0.0075533623,0.9844765,0.007970154
id17035,0.0067218044,0.0063330773,0.9869451
id07600,0.37600762,0.027518634,0.59647375
id08201,0.0061905943,0.0061905943,0.9876188
id04623,0.98642296,0.006672479,0.0069044847
id07245,0.007140784,0.98493963,0.007919581
id01334,0.9831097,0.010259671,0.006630613
id23105,0.9862491,0.0066908766,0.0070600756
id19744,0.0054185106,0.006390804,0.9881907
id22884,0.98450017,0.0075683114,0.007931523
id01936,0.007281381,0.98490685,0.0078117815
id21910,0.006509838,0.9861638,0.0073263594
id10801,0.006722185,0.9860377,0.0072400784
id02629,0.0061670537,0.0061190617,0.98771393
id11940,0.0055200094,0.9881944,0.0062856064
id12664,0.037713792,0.009378542,0.9529077
id06308,0.006624542,0.0063583283,0.98701715
id21510,0.98219544,0.009215114,0.008589432
id20043,0.006461831,0.006005469,0.9875327
id01014,0.98611915,0.008399332,0.0054815854
id04968,0.0062038274,0.9868346,0.006961541
id17552,0.008257024,0.9837165,0.008026464
id25395,0.0059394557,0.005870259,0.9881903
id25931,0.98400164,0.007835148,0.008163193
id21548,0.006427787,0.0064340667,0.98713815
id07443,0.0062321476,0.0062933066,0.98747456
id01215,0.005342888,0.98877764,0.0058794864
id20060,0.0068313195,0.9855478,0.007620888
id17279,0.9846519,0.007748983,0.0075991037
id20214,0.0065667876,0.98608595,0.0073472746
id08809,0.0068058176,0.006519574,0.9866746
id17098,0.98445135,0.007694625,0.007854054
id10146,0.9847556,0.0076147625,0.0076296492
id24986,0.9809529,0.00956074,0.009486338
id19690,0.97981447,0.007778983,0.012406526
id14487,0.9862395,0.0067895423,0.006970945
id26146,0.98354197,0.008064319,0.008393759
id01942,0.0061310246,0.0061550206,0.98771393
id03843,0.98454106,0.0077936435,0.0076653245
id02026,0.98625714,0.006606524,0.007136383
id10903,0.98339254,0.008425331,0.008182076
id07340,0.9868254,0.0062402273,0.006934336
id25682,0.006707469,0.9858025,0.0074900324
id13830,0.9841498,0.007859319,0.0079908855
id08319,0.2685518,0.015043767,0.7164045
id25558,0.9572427,0.0080426615,0.034714673
id07084,0.9785387,0.006876106,0.0145851765
id00203,0.007074445,0.98536533,0.0075601814
id23804,0.98655486,0.0060583986,0.0073867487
id06863,0.00587541,0.0060323887,0.9880922
id11191,0.9853522,0.0073131844,0.0073346416
id00846,0.0068708304,0.98545676,0.0076724533
id17290,0.005882767,0.9873989,0.006718331
id00047,0.006406787,0.98679984,0.0067934003
id27631,0.9855729,0.0070621287,0.007364997
id15793,0.0064158062,0.0063596643,0.9872246
id03142,0.006385502,0.006243677,0.98737085
id24825,0.98428315,0.007685801,0.008031088
id12069,0.0061079958,0.006036835,0.9878552
id23009,0.9846752,0.0074304994,0.0078942925
id06793,0.006925475,0.98556435,0.007510194
id18638,0.984623,0.0076584797,0.007718546
id02966,0.98434603,0.0077314605,0.00792254
id20346,0.0044159996,0.004974749,0.9906093
id16855,0.984074,0.007966896,0.007959118
id16350,0.0067254677,0.9855562,0.007718321
id25092,0.0066618333,0.9858114,0.007526763
id16132,0.9859861,0.00706509,0.006948766
id15977,0.006328883,0.006416005,0.9872551
id26922,0.0065241354,0.006110929,0.98736495
id20054,0.0065532774,0.0065022795,0.98694444
id14375,0.97593236,0.007824199,0.016243458
id23372,0.98565215,0.007166915,0.007180927
id20360,0.006515924,0.9861222,0.0073619094
id25380,0.006892376,0.9856551,0.0074524353
id07295,0.006317782,0.0062319944,0.98745024
id20349,0.9858167,0.007133196,0.007050093
id17177,0.0068506277,0.0067444188,0.9864049
id07041,0.98125064,0.007100157,0.0116491625
id27459,0.0063501,0.98670286,0.0069470303
id24144,0.006008282,0.98799515,0.005996558
id13748,0.0065716202,0.006616698,0.9868117
id08295,0.98438746,0.007611916,0.008000625
id00744,0.0064314436,0.0068328776,0.9867357
id19662,0.0065290937,0.9861872,0.0072837295
id13027,0.006410177,0.0062678033,0.98732203
id21785,0.0065717055,0.006603873,0.98682445
id13431,0.9859617,0.006598099,0.007440207
id21455,0.00702501,0.9851914,0.0077835745
id25429,0.006810137,0.9853744,0.00781549
id16944,0.9872398,0.005734356,0.00702588
id01458,0.006282506,0.986743,0.006974504
id15684,0.0066108652,0.9859418,0.007447327
id00970,0.9856521,0.0072019957,0.007145949
id12185,0.0062012495,0.006410606,0.9873882
id15050,0.0392219,0.9497958,0.010982314
id05062,0.0061431215,0.0061251502,0.98773175
id13150,0.0064617624,0.98655826,0.0069800112
id02821,0.006878112,0.9855382,0.0075836936
id05545,0.98432314,0.0077312808,0.0079456
id03523,0.98370475,0.007932857,0.008362418
id02098,0.0064961812,0.006521607,0.9869822
id26788,0.9841351,0.007913111,0.007951843
id22116,0.0070745503,0.98537993,0.0075455424
id16175,0.9839006,0.007865007,0.008234411
id24957,0.01347856,0.82659197,0.15992948
id10844,0.0072242366,0.98484147,0.007934272
id11758,0.9846828,0.0074305567,0.007886648
id05134,0.9066542,0.0163166,0.077029236
id15865,0.006851481,0.98556465,0.007583897
id08591,0.005214996,0.9889616,0.0058234325
id26318,0.007393149,0.0071238223,0.98548305
id05612,0.98429143,0.0077008917,0.0080076605
id14561,0.9862462,0.0071084825,0.006645275
id07666,0.005836734,0.0058424366,0.9883208
id01297,0.98481953,0.007712552,0.007467964
id10688,0.005914089,0.00626485,0.98782104
id15377,0.0067794183,0.98573107,0.00748949
id23377,0.011870414,0.9767251,0.011404523
id05797,0.00635392,0.9863328,0.0073133167
id06241,0.0061330236,0.0067952713,0.9870717
id10766,0.9858596,0.007260009,0.0068803546
id03928,0.98462164,0.007584043,0.007794281
id04429,0.0063114623,0.006262346,0.9874262
id24846,0.0062869727,0.006268581,0.98744446
id19784,0.0061660074,0.0062876213,0.9875464
id02452,0.9833678,0.008165905,0.008466357
id02600,0.98372674,0.0077871974,0.008486006
id27487,0.005917108,0.0057575046,0.98832536
id12323,0.98351973,0.008119452,0.008360845
id00487,0.0066479645,0.0067066513,0.9866454
id06032,0.98504937,0.0073038004,0.007646846
id05211,0.9864753,0.006646818,0.0068779318
id16523,0.98509556,0.0073758224,0.0075286464
id08800,0.9866711,0.006960388,0.0063685253
id08791,0.006650255,0.0063643362,0.9869854
id10429,0.0050570075,0.0055000614,0.98944294
id20801,0.9840587,0.007990145,0.007951225
id14055,0.0063914275,0.0062861955,0.9873224
id09462,0.007266044,0.9847538,0.007980188
id06725,0.006739981,0.98575574,0.00750432
id01749,0.9845926,0.0076209405,0.0077864435
id22054,0.005508442,0.98805153,0.00644002
id07244,0.006421995,0.006365799,0.98721224
id12562,0.98423773,0.0077079954,0.008054278
id13838,0.9837566,0.008193103,0.008050341
id22535,0.006785046,0.98558635,0.0076286322
id01099,0.007053162,0.98528326,0.0076636155
id02190,0.0061920504,0.98688674,0.0069212364
id25921,0.003521042,0.0048173955,0.99166155
id16075,0.9840333,0.007843056,0.008123691
id20465,0.98402345,0.007797156,0.008179334
id06556,0.0064466055,0.006421473,0.98713195
id09360,0.0065403655,0.0065339818,0.9869256
id09042,0.006429245,0.9863984,0.007172341
id08846,0.006726671,0.9857325,0.007540874
id21274,0.00719646,0.0059835794,0.98682
id05841,0.9846219,0.0073363655,0.0080417
id20361,0.9848422,0.0072313007,0.007926533
id07499,0.98114353,0.006565856,0.012290616
id19466,0.9863482,0.006645962,0.007005838
id16550,0.0065399725,0.985903,0.0075569237
id24512,0.98229873,0.008751213,0.008949998
id14444,0.9858985,0.007016334,0.0070851888
id11395,0.9844893,0.007725039,0.007785626
id14907,0.006811986,0.0065830885,0.9866049
id19393,0.00621665,0.0058743213,0.987909
id26780,0.98467445,0.007614135,0.0077114156
id03132,0.0064963875,0.0064900466,0.9870136
id17709,0.98430943,0.0078452565,0.0078452565
id19739,0.9838892,0.008067166,0.008043567
id08470,0.9838793,0.007926522,0.008194125
id22312,0.0057009673,0.9872593,0.0070397547
id20391,0.98643225,0.006492561,0.007075192
id05295,0.0067878966,0.00721158,0.9860005
id08129,0.006507366,0.00674021,0.98675245
id10615,0.006554142,0.0063711307,0.98707473
id09506,0.9834746,0.008016658,0.008508723
id22557,0.98460823,0.0076733376,0.00771843
id04181,0.006956897,0.98521364,0.007829492
id22457,0.0069414712,0.984951,0.0081074815
id00340,0.006951742,0.0066398797,0.98640835
id18205,0.006073096,0.0059440103,0.98798287
id03861,0.007273261,0.9847698,0.007956971
id20546,0.9793874,0.014204075,0.006408533
id17226,0.0064040776,0.006249621,0.9873463
id10376,0.0058460254,0.98699826,0.007155709
id17734,0.0067856493,0.98567396,0.0075404267
id09703,0.007033562,0.9854279,0.0075385445
id16311,0.006984783,0.9853064,0.0077088326
id06524,0.0067203953,0.9857751,0.007504467
id01082,0.0072118947,0.985081,0.007707069
id01940,0.20217456,0.017113939,0.78071153
id04146,0.0064781494,0.98616683,0.007355057
id03891,0.98434407,0.007671279,0.0079846615
id14421,0.9853199,0.0068497793,0.007830337
id19027,0.98420775,0.0077303746,0.008061903
id19813,0.0067722485,0.9856506,0.0075771553
id05827,0.0063709673,0.006579626,0.9870494
id03326,0.0064966343,0.006452375,0.987051
id10089,0.0069631115,0.9851312,0.007905665
id06827,0.9823362,0.009064691,0.008599056
id01209,0.9854833,0.0071307835,0.0073859347
id08812,0.0065984316,0.0064267237,0.98697484
id25906,0.98615694,0.007269295,0.0065736766
id25553,0.9837736,0.0073587345,0.008867664
id10193,0.00614502,0.005817988,0.988037
id15438,0.98485005,0.0075120833,0.0076378365
id04821,0.0075588347,0.98422813,0.008213054
id26592,0.0061721844,0.0062571494,0.9875707
id20195,0.0067581446,0.0067581446,0.98648375
id00378,0.0065024435,0.0074915783,0.98600596
id15052,0.9851816,0.0073548877,0.0074634184
id09519,0.9847466,0.007511294,0.0077421647
id04579,0.016941935,0.0079716025,0.9750865
id08274,0.98528856,0.007327009,0.0073844753
id26223,0.0075458097,0.984453,0.008001158
id01914,0.98466474,0.0075253537,0.0078098606
id05244,0.98426974,0.0077384156,0.007991859
id14467,0.9850376,0.0073825945,0.0075798417
id23284,0.058399495,0.0111975605,0.93040293
id20634,0.005628095,0.0063154907,0.9880564
id14659,0.9841455,0.0077298856,0.008124619
id23659,0.0070720436,0.98503083,0.007897143
id16902,0.98388314,0.0078342045,0.008282655
id20509,0.9846661,0.007569587,0.0077642445
id08019,0.0067261527,0.006654286,0.9866196
id26180,0.0061915917,0.00603047,0.9877779
id01487,0.006323166,0.9863633,0.007313543
id22898,0.00682362,0.98539877,0.0077776136
id24005,0.9843838,0.0077242116,0.007891957
id00118,0.0061677657,0.98686373,0.006968549
id17435,0.0066842046,0.0070875585,0.9862282
id22574,0.98333836,0.00833485,0.008326715
id23882,0.006390914,0.006365998,0.9872431
id02618,0.9852872,0.007456932,0.007255794
id06847,0.007135869,0.9852234,0.007640732
id15448,0.0062925722,0.006348122,0.9873593
id20383,0.0065804766,0.98621345,0.0072060972
id18722,0.0073513496,0.9847077,0.007940945
id24353,0.9850531,0.007447884,0.0074989707
id22196,0.98474693,0.0075259814,0.0077270605
id13239,0.006208907,0.0061485684,0.9876425
id14507,0.00632162,0.98708564,0.0065927315
id04619,0.006773999,0.006357372,0.9868686
id00176,0.98428,0.0076259645,0.00809405
id14700,0.9846585,0.00756214,0.007779364
id10930,0.98488647,0.007623215,0.0074903844
id03830,0.006072884,0.005978733,0.9879484
id01840,0.0059962757,0.0060551194,0.9879486
id18025,0.007316872,0.9848867,0.0077963793
id21361,0.9838012,0.007949145,0.008249676
id21999,0.0069230325,0.98521686,0.00786016
id20472,0.006042913,0.0060724914,0.9878846
id01282,0.98383474,0.007826173,0.008339057
id05687,0.0050245677,0.0061023585,0.98887306
id19713,0.9843018,0.007822245,0.007875901
id18634,0.985952,0.006948526,0.007099426
id18322,0.005051918,0.0045684865,0.9903796
id25178,0.98529565,0.00733422,0.0073701194
id13911,0.006868462,0.9860796,0.0070519727
id02688,0.9836841,0.008746457,0.0075694267
id24097,0.98427874,0.007929739,0.0077915667
id05621,0.00716963,0.985063,0.0077673737
id09435,0.0056484905,0.005615491,0.98873603
id22564,0.98434603,0.0077314605,0.00792254
id26044,0.9842036,0.007905937,0.007890511
id24724,0.005929006,0.0056907437,0.98838025
id13568,0.0054279417,0.0056276545,0.9889444
id11196,0.9853,0.007206457,0.0074935295
id04842,0.0064649493,0.006490252,0.9870448
id03445,0.9846714,0.00750339,0.007825183
id08194,0.0071178353,0.007265314,0.98561686
id19747,0.032959722,0.009910811,0.9571295
id06540,0.007569874,0.9847035,0.0077267196
id13171,0.9855402,0.007145138,0.0073145796
id23807,0.0062397034,0.006053637,0.98770666
id12408,0.0062443404,0.98651206,0.007243562
id18388,0.006541029,0.006433334,0.9870257
id16219,0.006179146,0.0061011957,0.98771966
id11022,0.027480623,0.96071744,0.011801967
id12514,0.006635425,0.006654893,0.98670965
id07322,0.9841803,0.007844227,0.007975541
id04600,0.006324147,0.0061957734,0.9874801
id15608,0.004859883,0.0054215915,0.98971856
id19223,0.0058118147,0.006235167,0.987953
id18680,0.98423994,0.007610775,0.008149237
id23359,0.9847984,0.0073448503,0.007856822
id07332,0.006293802,0.98658836,0.007117897
id11424,0.006059069,0.006312753,0.98762816
id01916,0.98520285,0.0073335296,0.007463579
id23814,0.9832056,0.008204522,0.008589872
id05821,0.0060211364,0.005801791,0.9881771
id15471,0.98534054,0.0071436903,0.007515825
id06742,0.0061787018,0.0061726714,0.9876486
id16393,0.005715502,0.9868809,0.007403636
id14430,0.006330439,0.006171729,0.9874978
id15086,0.98666054,0.006500409,0.0068390328
id13673,0.005608455,0.9884621,0.0059294966
id11456,0.98536485,0.007421195,0.0072139725
id08475,0.98566544,0.0072302804,0.0071042962
id02793,0.0075851115,0.00476522,0.9876496
id03576,0.98620087,0.006916426,0.006882737
id10747,0.98313594,0.008539084,0.008325001
id17875,0.02428058,0.9623366,0.013382846
id20045,0.0072459495,0.9849117,0.007842394
id25448,0.013451038,0.97959787,0.0069511
id11715,0.6620642,0.017938767,0.31999704
id22739,0.0068154475,0.01184524,0.98133934
id07457,0.9839662,0.008067798,0.007966023
id27357,0.98549676,0.007110021,0.007393252
id01139,0.9240756,0.057677556,0.018246792
id00407,0.0047417274,0.0057363966,0.98952186
id20956,0.9843002,0.0077311005,0.007968727
id13702,0.98649675,0.0067516374,0.0067516374
id00327,0.9854154,0.0073136534,0.0072709257
id24372,0.006938203,0.98544914,0.0076126875
id03983,0.006694322,0.98579377,0.0075119417
id15264,0.008681937,0.982166,0.009152061
id09679,0.9831692,0.008357865,0.0084729185
id20899,0.98370475,0.008362418,0.007932857
id21494,0.0071164537,0.9854256,0.00745798
id02513,0.0071209176,0.9850812,0.0077979187
id21834,0.0064830473,0.0066044615,0.9869125
id23463,0.0068698954,0.98532265,0.007807451
id26529,0.98851234,0.004930399,0.0065572816
id22078,0.98284507,0.007933668,0.009221209
id08063,0.006327527,0.9774513,0.016221149
id18690,0.006917737,0.98542506,0.007657237
id03908,0.98381144,0.008042932,0.00814569
id00876,0.985187,0.0072763423,0.007536701
id19633,0.98508114,0.0073829205,0.007535891
id23096,0.0063184304,0.006130017,0.98755157
id07547,0.0067097233,0.9861339,0.007156427
id10136,0.0060238475,0.0063191056,0.98765707
id22645,0.984379,0.0075969975,0.008024029
id27376,0.0060787816,0.005978697,0.9879425
id26458,0.006937528,0.9853533,0.007709199
id07617,0.006950471,0.9852653,0.007784158
id11254,0.9852774,0.0071852105,0.007537393
id25871,0.0069171647,0.9853436,0.0077392953
id26074,0.017741876,0.9667834,0.015474737
id24558,0.0063060657,0.0061479667,0.9875459
id26515,0.006649649,0.9859321,0.0074182195
id10532,0.980821,0.0093928855,0.0097861495
id24063,0.0067207394,0.98582554,0.0074537243
id12872,0.006998501,0.9853152,0.007686349
id23564,0.007097512,0.9856862,0.0072163255
id20074,0.9814736,0.00968803,0.008838297
id00703,0.98388904,0.008012208,0.00809874
id07178,0.9844147,0.0077698464,0.007815505
id00468,0.017128281,0.007593209,0.9752785
id08647,0.98400277,0.007865823,0.008131377
id27338,0.98298025,0.006507862,0.01051185
id14958,0.00620823,0.006256922,0.9875349
id20954,0.910902,0.012253868,0.07684413
id04495,0.006591074,0.9858743,0.0075345975
id09676,0.006251193,0.9866306,0.007118202
id16643,0.985224,0.0074637393,0.0073122326
id22018,0.0050603976,0.004833383,0.9901062
id09754,0.98358315,0.008320658,0.008096222
id15184,0.18497391,0.79122627,0.023799816
id06930,0.006107851,0.0060603186,0.98783183
id19391,0.9847482,0.007599847,0.0076519772
id21111,0.0052863746,0.00582867,0.9888849
id19884,0.0061766375,0.0065047448,0.98731863
id00356,0.0062038046,0.006001201,0.987795
id03227,0.9832244,0.008984716,0.0077908244
id24959,0.9852513,0.00725553,0.0074931593
id23792,0.98424906,0.007883173,0.007867792
id15765,0.006453306,0.0063532577,0.98719347
id22342,0.98367923,0.008411343,0.007909446
id21764,0.0070200884,0.98546314,0.00751676
id08929,0.0060834186,0.0061852564,0.9877313
id10860,0.00711407,0.9850955,0.00779042
id14842,0.0061194645,0.006101562,0.98777896
id14149,0.0058741844,0.9869216,0.0072042323
id04850,0.98421293,0.007677751,0.008109323
id03697,0.007020037,0.98545593,0.0075240484
id20031,0.0064397436,0.006515653,0.98704463
id10148,0.9844969,0.007732645,0.007770495
id06233,0.006429216,0.0062131803,0.9873576
id17614,0.012207943,0.980271,0.0075210957
id24548,0.984726,0.007592258,0.007681753
id04717,0.0060864273,0.98725504,0.0066585713
id12557,0.0063782637,0.98625165,0.00737007
id15563,0.9844812,0.007679844,0.007838966
id19414,0.006649793,0.9859535,0.007396679
id24538,0.006210513,0.0058914917,0.987898
id20701,0.0058114952,0.0062898644,0.98789865
id16710,0.0062340056,0.98680466,0.0069613303
id00190,0.0067741186,0.98592275,0.007303141
id12066,0.9838441,0.007849209,0.008306626
id21743,0.007087334,0.98523444,0.0076782177
id10746,0.009379477,0.008326002,0.98229456
id23032,0.0072095124,0.9847556,0.008034943
id02466,0.9844669,0.00773241,0.00780067
id27963,0.00598461,0.00606107,0.9879543
id05550,0.98386496,0.00816206,0.0079729855
id07328,0.006453266,0.006359425,0.9871873
id06158,0.98529947,0.0075081754,0.007192391
id15690,0.008200917,0.0071042357,0.98469484
id17960,0.005560479,0.006746634,0.9876929
id22487,0.9840381,0.0077744625,0.008187448
id25435,0.006553402,0.0064833807,0.9869632
id06988,0.0064964695,0.0064774654,0.98702604
id19092,0.006674623,0.9857767,0.0075485804
id20677,0.98515356,0.007191326,0.007655127
id27009,0.9849508,0.007175817,0.007873401
id14869,0.0077478215,0.0077478215,0.98450434
id06306,0.98514265,0.0075954706,0.0072618183
id13101,0.9853205,0.0077014184,0.0069780652
id25263,0.9742915,0.007511808,0.018196728
id01355,0.0075591374,0.98426753,0.008173376
id04460,0.0060136206,0.006078568,0.9879078
id08358,0.9841732,0.007905693,0.007921149
id22714,0.006404467,0.0061892625,0.9874063
id19504,0.9853935,0.0075456463,0.0070608435
id25736,0.97860783,0.0109780375,0.010414116
id24201,0.0070515005,0.98505116,0.007897306
id12920,0.98505986,0.007404422,0.0075357286
id12770,0.0071416064,0.9850531,0.007805315
id20615,0.9847826,0.0074749803,0.007742448
id19427,0.0061805905,0.005868835,0.98795056
id03006,0.98299885,0.008546234,0.008454921
id00868,0.005426414,0.005907598,0.988666
id19695,0.0064904564,0.006433661,0.98707587
id06474,0.9840965,0.0080060745,0.007897361
id11108,0.007052631,0.9852091,0.0077382396
id01017,0.0058421693,0.005882243,0.98827565
id10104,0.006199766,0.005683672,0.9881165
id15930,0.9843246,0.007837719,0.007837719
id05883,0.0066009243,0.0060514365,0.98734766
id10209,0.006688066,0.0065140245,0.9867979
id14868,0.27089038,0.029725265,0.6993844
id27617,0.9836156,0.008120243,0.008264244
id14264,0.98724294,0.006176164,0.006580916
id07597,0.0064211884,0.006490538,0.9870883
id17732,0.98428,0.0076259645,0.00809405
id13859,0.98488647,0.0074977023,0.0076157744
id14976,0.004940441,0.9895588,0.005500706
id25226,0.005994866,0.006288704,0.98771644
id17268,0.0062920223,0.006434946,0.98727304
id14936,0.006944676,0.98540574,0.007649613
id18615,0.0062640714,0.98673415,0.0070017385
id26184,0.98396,0.0077890432,0.008251008
id11495,0.007028724,0.0072589247,0.98571235
id05663,0.006322386,0.006472317,0.98720527
id10335,0.0038534096,0.007032349,0.9891143
id08480,0.9830824,0.008809664,0.00810792
id21511,0.98458695,0.007480797,0.007932222
id20988,0.983544,0.008328456,0.008127586
id19273,0.0070656775,0.9851057,0.007828634
id15420,0.007818962,0.0073309042,0.98485017
id16016,0.006121211,0.98709655,0.0067821834
id16084,0.006002311,0.0060199215,0.98797774
id27093,0.006144457,0.0059090666,0.98794645
id24695,0.0058202203,0.005763659,0.98841614
id03245,0.0068507134,0.9854543,0.0076949457
id26358,0.0066118645,0.0063337786,0.9870544
id17966,0.98495877,0.0074471706,0.0075940527
id26651,0.98438543,0.007574823,0.00803977
id17275,0.98408115,0.007897238,0.0080216015
id21720,0.0063982164,0.0061953114,0.9874065
id22926,0.006173042,0.006119024,0.9877079
id12231,0.0070384326,0.9851479,0.007813693
id21026,0.007079897,0.0067953854,0.9861247
id11675,0.005184091,0.0059377877,0.9888781
id21890,0.9848262,0.0077276826,0.0074461685
id04050,0.0063669016,0.006249855,0.98738325
id24996,0.005528912,0.0056489822,0.9888221
id00025,0.007315463,0.98469704,0.007987524
id23916,0.0065766755,0.9856438,0.007779548
id21254,0.08650567,0.89855343,0.014940961
id13322,0.9838428,0.0080825575,0.008074668
id23928,0.006824861,0.00663429,0.98654085
id14748,0.006321661,0.0065863384,0.987092
id26538,0.97740835,0.0077070156,0.014884706
id27759,0.006624951,0.0062969266,0.98707813
id19661,0.98474765,0.007555443,0.007696941
id17018,0.005872719,0.006487823,0.9876395
id05505,0.0051127886,0.0052187233,0.9896685
id16155,0.98454016,0.007831784,0.00762798
id06274,0.0060325274,0.0058526387,0.98811483
id13832,0.98398143,0.007751273,0.008267318
id14666,0.98490345,0.0073456345,0.007750963
id04489,0.006054295,0.006131646,0.98781407
id19140,0.006386387,0.006105847,0.98750776
id14570,0.9871683,0.0060091186,0.0068225353
id16079,0.98464525,0.0076736263,0.0076811234
id06866,0.0065371185,0.0060635842,0.98739934
id12730,0.0072053927,0.98515445,0.0076401974
id09257,0.005875892,0.0059509645,0.9881732
id02782,0.006371698,0.0064657205,0.9871626
id10412,0.9839961,0.00790427,0.008099621
id04988,0.007678235,0.98427504,0.008046721
id07728,0.98384225,0.008145945,0.008011826
id21947,0.98428947,0.0076558855,0.008054702
id27700,0.985532,0.007364692,0.0071033346
id18178,0.006778468,0.98559284,0.0076286825
id25949,0.0059796637,0.9871378,0.0068825507
id23008,0.0067351065,0.006296228,0.9869687
id09238,0.98597544,0.0068342844,0.007190301
id12943,0.00648467,0.9861959,0.007319446
id02659,0.0063907458,0.98625356,0.0073557035
id03648,0.98488647,0.0074977023,0.0076157744
id03954,0.984403,0.0074940217,0.00810297
id07026,0.006844072,0.98546094,0.0076949974
id14228,0.0063739666,0.98655003,0.007076037
id22647,0.0062035853,0.0060362536,0.9877601
id23435,0.98513633,0.007283077,0.007580601
id08200,0.0055291085,0.98789203,0.0065788147
id23257,0.0061143925,0.0059610982,0.9879245
id02684,0.9838943,0.008202255,0.007903452
id05186,0.48921654,0.49546686,0.015316612
id25261,0.005807563,0.005997769,0.9881947
id24081,0.98434436,0.007678776,0.007976871
id27087,0.98415005,0.007874687,0.007975296
id03533,0.9836397,0.008192129,0.008168164
id07998,0.7748224,0.01464185,0.21053573
id01240,0.0067090145,0.9860297,0.007261262
id24927,0.006845743,0.9857015,0.0074527864
id15752,0.9830583,0.008243447,0.008698314
id26594,0.0069718235,0.985401,0.0076271975
id20012,0.006378245,0.006409465,0.9872123
id15476,0.006281974,0.0060946466,0.98762333
id15624,0.98334414,0.008189667,0.008466154
id02404,0.006485223,0.98627996,0.0072347885
id21944,0.9856865,0.0071952166,0.007118338
id24442,0.9845782,0.007650656,0.0077711367
id26490,0.9868706,0.0062956023,0.0068338113
id21897,0.9847473,0.0075406977,0.0077119856
id05575,0.20493431,0.015395366,0.77967036
id01874,0.0070181475,0.9851907,0.0077911727
id26617,0.984562,0.00759841,0.00783961
id13079,0.006582693,0.006871708,0.9865456
id02068,0.9849134,0.0065653874,0.00852117
id27872,0.9841797,0.007813639,0.008006751
id08814,0.013052509,0.008112405,0.9788351
id12841,0.0064041615,0.9863955,0.007200392
id06716,0.9846378,0.007658595,0.007703602
id10115,0.9877286,0.00599494,0.00627651
id16121,0.007423301,0.9846824,0.00789435
id00985,0.9869029,0.0063887117,0.0067084017
id06063,0.49136028,0.48374248,0.024897208
id22076,0.006324031,0.006213838,0.9874621
id27589,0.006944571,0.9853909,0.0076644523
id18996,0.007190732,0.98507214,0.007737164
id05801,0.005974082,0.0058814622,0.9881444
id06880,0.9317806,0.021510532,0.046708833
id25746,0.9846445,0.0077564963,0.0075990465
id02569,0.9856037,0.00718759,0.007208678
id23368,0.006072059,0.006113709,0.9878142
id23186,0.0065936972,0.0061760847,0.98723024
id07484,0.0068568224,0.006810109,0.9863331
id06951,0.006505612,0.9855236,0.0079708425
id23972,0.007833539,0.0064436924,0.9857228
id25997,0.98446614,0.007679726,0.007854172
id10863,0.985427,0.007634851,0.0069380472
id25454,0.983409,0.008190208,0.008400824
id09071,0.0074576433,0.98345846,0.009083914
id15125,0.0072385943,0.9848733,0.007888173
id22672,0.006629163,0.006629163,0.98674166
id27813,0.006738374,0.0067779724,0.98648363
id03960,0.006130766,0.006196979,0.98767227
id11526,0.006826885,0.98587036,0.0073027527
id07872,0.96983474,0.007289979,0.022875248
id09497,0.98568326,0.007001115,0.0073156413
id24222,0.0058133057,0.0059802937,0.9882064
id04272,0.9858759,0.0075714896,0.006552578
id02938,0.007274381,0.9849214,0.0078042713
id00269,0.0068103787,0.005853739,0.98733586
id14925,0.0062695686,0.006130318,0.9876001
id17843,0.006267999,0.006379153,0.98735285
id20327,0.9851035,0.007433731,0.0074628266
id13986,0.007480727,0.006979617,0.9855397
id21777,0.005425809,0.0050524743,0.98952174
id16285,0.009371842,0.98245394,0.008174268
id12045,0.98438287,0.007686579,0.007930579
id06237,0.9845931,0.0076433043,0.0077636684
id20483,0.0059679756,0.0059331097,0.9880989
id21708,0.9851091,0.0073399963,0.0075508384
id05422,0.98539364,0.0073780543,0.0072282874
id14544,0.98503846,0.0075355647,0.0074259853
id07488,0.0061423793,0.9866484,0.0072092754
id19353,0.0070603206,0.9853205,0.007619131
id16174,0.0062628067,0.0062383907,0.9874988
id21765,0.0067921495,0.0065896097,0.9866182
id21583,0.0068906946,0.9854146,0.0076946355
id11740,0.0067833974,0.05299206,0.9402245
id23396,0.9800535,0.0101680225,0.009778492
id16511,0.9842541,0.0077307387,0.00801518
id11598,0.9829113,0.008314974,0.00877379
id02804,0.98479605,0.0074386722,0.007765269
id07123,0.07787016,0.8138065,0.10832339
id13092,0.0061425655,0.0062149726,0.9876424
id13271,0.0038468854,0.9913044,0.004848693
id06272,0.0060020634,0.006060964,0.987937
id06694,0.0060534147,0.006276141,0.9876704
id04330,0.98728585,0.006397435,0.0063167308
id20492,0.0071199327,0.984945,0.007935107
id14774,0.00639786,0.9863877,0.0072144126
id02457,0.0055973227,0.9874639,0.0069388226
id09725,0.006498094,0.9863092,0.007192735
id17116,0.007324799,0.9849914,0.0076838234
id04106,0.0064417045,0.0062131025,0.9873452
id00557,0.9845017,0.0076053687,0.007892902
id04683,0.0056766593,0.0054966365,0.98882675
id12081,0.98328227,0.008342517,0.008375169
id22575,0.0072867502,0.9846712,0.008042104
id05602,0.021793349,0.008952711,0.96925396
id21532,0.984451,0.007679608,0.007869407
id14584,0.98402685,0.00808407,0.007889095
id20301,0.9851296,0.007297266,0.00757315
id15251,0.985014,0.007774577,0.0072114044
id20270,0.006824698,0.9855544,0.0076209395
id04738,0.9845166,0.0075980597,0.007885316
id17962,0.0060719503,0.0061315373,0.9877965
id05003,0.006629206,0.006622736,0.98674804
id23576,0.98421097,0.007852135,0.007936939
id25745,0.006586211,0.9861093,0.0073045227
id17062,0.9841934,0.007760517,0.008046053
id27507,0.0058474387,0.005951135,0.98820144
id23898,0.9839718,0.00787326,0.008154978
id15929,0.007326371,0.9852028,0.0074708704
id21330,0.006137114,0.005167968,0.9886949
id24990,0.9837204,0.007925241,0.008354389
id24185,0.005933213,0.005950621,0.98811615
id20455,0.9836374,0.0080415085,0.008321116
id27952,0.9850675,0.00749908,0.007433459
id20592,0.9844812,0.007838966,0.007679844
id20616,0.0036728373,0.004451973,0.99187523
id20591,0.7728408,0.01925345,0.20790575
id14177,0.984503,0.007854465,0.0076426044
id02169,0.98630655,0.0068099257,0.0068834736
id09818,0.006354558,0.0062499326,0.9873955
id26864,0.03057221,0.958065,0.011362805
id12388,0.0072109094,0.9849464,0.007842671
id11038,0.98478854,0.0077727973,0.0074386154
id12061,0.9836047,0.008025552,0.008369738
id04018,0.007612894,0.006911341,0.9854758
id12405,0.026177986,0.9605037,0.01331828
id01878,0.9844446,0.00779288,0.0077624978
id18897,0.006978118,0.98532796,0.0076939594
id22682,0.0075374907,0.98432845,0.008134069
id27115,0.007083883,0.9847547,0.008161466
id05234,0.004196459,0.0044366745,0.99136686
id23726,0.98418856,0.0076625794,0.008148813
id22075,0.006649649,0.9859321,0.0074182195
id27216,0.9843621,0.007792227,0.0078456765
id07109,0.007416564,0.98475,0.007833454
id21292,0.9374967,0.05220999,0.010293313
id04158,0.005979015,0.0060259094,0.9879951
id10534,0.9845798,0.007488052,0.007932165
id10989,0.006622337,0.9857256,0.0076520955
id17817,0.0061101625,0.005684185,0.9882057
id14617,0.0070930277,0.98506343,0.007843602
id01978,0.9845244,0.0076055443,0.007869993
id14202,0.006038178,0.0058867955,0.9880751
id12332,0.0071220263,0.0057171234,0.9871608
id03649,0.007500991,0.9843567,0.008142249
id21830,0.9856657,0.0072161756,0.007118188
id11278,0.008050101,0.0053364024,0.98661345
id22343,0.98391056,0.007919035,0.008170413
id08160,0.9853022,0.0072843037,0.0074134804
id10506,0.9859657,0.0069486224,0.0070856716
id01006,0.9835117,0.008368946,0.008119386
id07000,0.007043901,0.9849509,0.008005205
id15958,0.006318506,0.0061181285,0.9875634
id27256,0.983458,0.00829526,0.008246798
id00072,0.9845055,0.0075241365,0.007970389
id08562,0.9876379,0.005609254,0.0067528496
id24309,0.006505867,0.0060052034,0.9874889
id07355,0.03486511,0.95390946,0.011225478
id18604,0.005904689,0.0059162327,0.9881791
id04076,0.006712027,0.9855095,0.0077784876
id26925,0.0071413876,0.98502296,0.007835624
id14852,0.9845154,0.0075684288,0.007916169
id05584,0.006425718,0.0067538526,0.9868204
id22864,0.006791275,0.9855282,0.007680507
id05507,0.98385805,0.008027619,0.008114317
id11434,0.023822172,0.90269285,0.07348502
id08324,0.006541071,0.9860686,0.0073903217
id23117,0.8215093,0.15992895,0.018561773
id16296,0.98472553,0.0075626546,0.0077118156
id18924,0.98513186,0.0073905145,0.0074776313
id15909,0.9848193,0.0072311326,0.007949605
id25338,0.45141947,0.023901004,0.5246795
id25981,0.9841425,0.007882319,0.007975234
id14670,0.98427224,0.0076259044,0.0081018945
id12396,0.006791933,0.9856237,0.0075843516
id19277,0.006325978,0.0059079877,0.987766
id24809,0.9855339,0.0071800654,0.007286017
id20846,0.006200702,0.0064982795,0.987301
id11040,0.005791642,0.0058313687,0.98837703
id06094,0.98499554,0.007483901,0.007520533
id22795,0.0067975577,0.98547715,0.007725241
id04747,0.0053400313,0.005445354,0.9892146
id05432,0.005512244,0.0057542603,0.98873353
id25198,0.9850131,0.007317811,0.0076689995
id00592,0.9847015,0.0075036185,0.0077949134
id13221,0.0055608074,0.9877512,0.0066879923
id23301,0.0062391465,0.006142417,0.98761845
id21781,0.0063616093,0.0061119287,0.9875265
id00642,0.006707957,0.9858743,0.0074177845
id12760,0.98507476,0.0074480474,0.0074771983
id13666,0.98734206,0.005679217,0.0069787377
id04997,0.9840201,0.007736453,0.0082434565
id21906,0.9837883,0.00808211,0.008129605
id26072,0.0062799538,0.98634213,0.007377947
id19004,0.005671423,0.006414024,0.98791456
id11638,0.006675693,0.0064262236,0.98689806
id01941,0.9839595,0.007781436,0.008259064
id18590,0.9854085,0.007285089,0.0073064636
id01856,0.8777216,0.10187688,0.020401547
id04469,0.98653466,0.00650593,0.0069594253
id11732,0.0064864215,0.006087482,0.9874261
id06824,0.006434429,0.0063718986,0.98719364
id11941,0.007371488,0.9845167,0.008111824
id06786,0.98395514,0.007850095,0.008194756
id22028,0.0065297605,0.0062185833,0.98725164
id14323,0.36416838,0.02223069,0.61360097
id11134,0.007330455,0.9847897,0.007879806
id09894,0.9839712,0.007857893,0.008170916
id19046,0.9826147,0.0064800787,0.010905208
id26307,0.006655521,0.98583955,0.007504958
id22554,0.006041377,0.0063251285,0.98763347
id16042,0.9856366,0.0072938944,0.007069485
id19948,0.9848068,0.0075706686,0.0076225987
id02019,0.007038753,0.9851928,0.0077683968
id02727,0.88554245,0.10021384,0.0142437415
id08679,0.0064091845,0.0064217146,0.98716915
id27436,0.00666863,0.0065141516,0.98681724
id07161,0.98764867,0.006178702,0.006172672
id11869,0.08270404,0.8972205,0.020075439
id00076,0.0068112356,0.0066925534,0.9864962
id00586,0.00552048,0.98827875,0.0062007844
id14423,0.55896425,0.023003718,0.41803208
id25611,0.006455583,0.98657787,0.0069665303
id13872,0.9855756,0.0077184727,0.006705925
id08102,0.007203256,0.9848623,0.007934441
id03475,0.9854107,0.0069991793,0.0075901207
id07569,0.006580477,0.0062424513,0.9871771
id04616,0.9842023,0.0077985735,0.007999121
id07266,0.9845078,0.00756837,0.007923842
id16104,0.98613775,0.00590978,0.007952478
id05031,0.6900499,0.036804184,0.2731459
id12290,0.984203,0.007829102,0.00796794
id26428,0.9857614,0.0070428164,0.0071957633
id07837,0.005730212,0.0058147684,0.988455
id19918,0.0062137167,0.986479,0.007307261
id13067,0.0064398004,0.98608994,0.0074702995
id11540,0.0070189433,0.9853023,0.007678747
id17215,0.010230738,0.0055950433,0.98417425
id01745,0.0059337947,0.0058532204,0.988213
id00617,0.98351246,0.008151171,0.008336325
id02879,0.006948042,0.0071685966,0.98588336
id22811,0.98421985,0.0076628234,0.008117301
id17744,0.00735721,0.9845308,0.008111941
id04341,0.0064282436,0.98624474,0.0073269606
id08690,0.9838346,0.008027428,0.008137931
id11565,0.9823545,0.0094721,0.00817344
id09634,0.006179731,0.0060071745,0.9878131
id15427,0.9852792,0.007094581,0.007626255
id11484,0.007871495,0.00741628,0.98471224
id26859,0.9847029,0.0075477245,0.0077493843
id02880,0.98358446,0.008247859,0.0081677055
id21584,0.0067525627,0.0066154925,0.98663193
id14918,0.9851677,0.0074560274,0.007376362
id20117,0.0057598935,0.98777044,0.006469702
id17002,0.0063872533,0.0059710424,0.9876417
id13158,0.8494875,0.023039527,0.12747301
id11457,0.0058467872,0.0060619107,0.9880913
id22103,0.98487943,0.0075123073,0.0076082866
id27529,0.006118691,0.006227197,0.98765415
id25918,0.006710004,0.9861751,0.007114915
id24611,0.0055837757,0.9879642,0.0064520407
id13996,0.0064513106,0.9859249,0.0076238043
id05259,0.98485655,0.0074682445,0.0076752724
id13593,0.006580074,0.006303325,0.98711663
id18017,0.007064724,0.006036881,0.9868984
id04960,0.005009371,0.98974085,0.0052497755
id13758,0.0063347886,0.0064534256,0.98721176
id04492,0.98432034,0.0072133667,0.0084662875
id05023,0.0062752776,0.0061900667,0.98753464
id05950,0.98456687,0.0075319572,0.007901136
id11006,0.983691,0.007979363,0.008329701
id09643,0.0053192624,0.0064225234,0.9882582
id06055,0.006967444,0.006325371,0.9867072
id17368,0.006208907,0.0061485684,0.9876425
id14176,0.0066352957,0.0066742883,0.9866904
id27198,0.007041726,0.006386568,0.9865717
id05649,0.98511016,0.0073903515,0.007499405
id25189,0.9844765,0.0075533623,0.007970154
id05589,0.98479503,0.0074169035,0.007788044
id08042,0.98413223,0.0077828025,0.008084935
id13680,0.006275542,0.006148156,0.98757625
id07827,0.006573123,0.0063895816,0.9870373
id18530,0.98315144,0.008292674,0.008555912
id08813,0.9864385,0.0064862655,0.007075237
id05914,0.00599081,0.0059966636,0.98801255
id00488,0.0066623692,0.98589075,0.007446941
id03668,0.9860237,0.0071416656,0.0068346187
id24088,0.0069645965,0.98534137,0.0076940637
id02988,0.007577042,0.9846738,0.007749155
id20364,0.98455054,0.0075097987,0.007939678
id16851,0.0055631264,0.005308372,0.98912853
id20843,0.98486245,0.0074246586,0.0077128876
id27424,0.98672163,0.0065646074,0.0067137224
id06862,0.9840057,0.0077590365,0.00823529
id19411,0.006845192,0.98562217,0.0075326706
id23789,0.9837884,0.008113743,0.008097911
id23545,0.006441507,0.9863513,0.0072071045
id05639,0.007107031,0.0068481276,0.9860449
id07046,0.006636615,0.9859234,0.0074399184
id23634,0.9857429,0.0069267293,0.0073303874
id05799,0.0069038514,0.0067637106,0.9863325
id19418,0.0067535127,0.00647579,0.98677075
id21189,0.006903969,0.9853866,0.0077094603
id22281,0.9840258,0.007850658,0.00812363
id16127,0.9851962,0.0073693753,0.0074344305
id05867,0.0058948,0.0056523895,0.9884528
id01211,0.007875781,0.9842868,0.0078374185
id10078,0.006037934,0.0059269355,0.98803514
id17157,0.98360157,0.007963072,0.0084353555
id23293,0.97427386,0.009430952,0.016295226
id03589,0.9860306,0.007134744,0.0068346667
id03387,0.0062115085,0.0066965944,0.9870919
id21470,0.9846681,0.0074377055,0.007894235
id22763,0.006262654,0.006262654,0.98747474
id02601,0.94591755,0.040876437,0.013205998
id09923,0.9838194,0.008113999,0.008066595
id05935,0.0069458047,0.98556596,0.007488235
id14296,0.0061841,0.0062692286,0.9875466
id04605,0.98380786,0.007918209,0.008273935
id08167,0.0060431994,0.00602552,0.9879313
id12659,0.98414004,0.0077828644,0.008077107
id21553,0.9853893,0.0071092458,0.00750153
id13510,0.00716086,0.9848194,0.0080197835
id04734,0.00634266,0.006183644,0.9874737
id17689,0.0059835687,0.0062340903,0.98778236
id08148,0.98744804,0.0067318003,0.005820201
id14908,0.007209907,0.98480946,0.007980639
id17238,0.0049194554,0.022155387,0.9729252
id27146,0.006342237,0.0062500103,0.9874078
id16670,0.98456323,0.0076505397,0.0077862106
id12023,0.98524386,0.0075077517,0.0072483933
id18129,0.9852387,0.007427495,0.0073337965
id07365,0.006964805,0.9853709,0.007664297
id03073,0.00815407,0.007022387,0.9848236
id14824,0.00668198,0.98590004,0.0074179787
id26339,0.983977,0.0078120306,0.008210959
id16562,0.007361536,0.9851097,0.007528754
id22182,0.006818133,0.9855683,0.007613608
id27892,0.98545724,0.0073211105,0.007221698
id23713,0.9827104,0.008720749,0.0085687945
id00214,0.9840276,0.008044698,0.007927716
id21698,0.006103203,0.0058522224,0.98804456
id17685,0.0045274994,0.0053139003,0.9901586
id24848,0.9843321,0.007837779,0.007830129
id01544,0.98583657,0.0071612597,0.007002204
id12344,0.006504127,0.98626125,0.007234651
id00513,0.9846066,0.0078093996,0.0075839274
id19448,0.9854473,0.0071235634,0.0074290675
id11942,0.98556256,0.0074371956,0.007000258
id16370,0.9862059,0.006574003,0.00722013
id06508,0.006718167,0.0068707704,0.98641104
id20829,0.006745068,0.9855368,0.007718169
id27450,0.9839558,0.007865448,0.0081787715
id07362,0.0059770276,0.006356303,0.9876667
id15120,0.021203196,0.008701774,0.97009504
id10568,0.98487616,0.0073958156,0.0077280747
id09623,0.9835609,0.008207486,0.008231567
id06139,0.051393576,0.9330315,0.015574976
id24022,0.092531085,0.01464412,0.8928248
id02108,0.984039,0.0076689017,0.008292059
id14950,0.006570892,0.0067267166,0.9867024
id01142,0.0061248555,0.006191004,0.98768413
id15655,0.949956,0.008529453,0.04151458
id13975,0.006971616,0.9853716,0.0076568215
id00160,0.005994866,0.98771644,0.006288704
id08273,0.00563209,0.0056101326,0.9887578
id13642,0.006112718,0.0062332805,0.98765403
id25452,0.96483994,0.026027907,0.009132194
id24806,0.0057460014,0.0059748963,0.9882791
id20664,0.006712678,0.0067192367,0.9865681
id13359,0.0057414514,0.98653257,0.0077259676
id24579,0.98486507,0.007548968,0.007585918
id23389,0.9857486,0.007622441,0.0066289622
id06502,0.0058038435,0.0056693982,0.9885267
id03083,0.9847333,0.007584903,0.00768181
id01694,0.9846369,0.007591571,0.0077716
id21872,0.05065174,0.9240649,0.025283435
id01860,0.0060719866,0.006125589,0.98780245
id18127,0.98417515,0.008124863,0.007699982
id01490,0.0062700533,0.0060534514,0.9876765
id00183,0.98404956,0.007866196,0.008084255
id15458,0.005513667,0.005497537,0.9889888
id04289,0.98055273,0.011304782,0.008142529
id02129,0.0063944478,0.0058165276,0.98778903
id10271,0.9855666,0.0070828036,0.0073505803
id02982,0.006773438,0.98582363,0.0074029304
id15036,0.006476541,0.98592204,0.0076014795
id15854,0.9843755,0.0076940316,0.007930519
id10252,0.006402362,0.0065158983,0.98708177
id24359,0.0060032518,0.0058641857,0.98813254
id18620,0.0066743274,0.98573303,0.007592604
id25768,0.0065099443,0.0063467333,0.98714334
id16604,0.9852583,0.007248499,0.007493212
id24942,0.98579574,0.0070293187,0.0071749627
id12989,0.007107121,0.9850948,0.0077980263
id13841,0.98492825,0.0076683387,0.0074034333
id15481,0.0065423627,0.0062305853,0.987227
id10600,0.006348239,0.006274279,0.98737746
id18528,0.00624293,0.006504311,0.9872528
id16465,0.0069847307,0.985299,0.0077163065
id14204,0.0595128,0.9270811,0.013406141
id05924,0.9854204,0.00716523,0.00741437
id16756,0.0065233493,0.006230705,0.9872459
id01167,0.98573655,0.0069402265,0.0073231854
id27624,0.0071063037,0.98498154,0.007912186
id13724,0.98346496,0.008174691,0.008360379
id03677,0.98532397,0.007312975,0.0073631373
id26463,0.9867894,0.0067536402,0.0064569674
id15623,0.9840806,0.007866445,0.008052993
id26379,0.0060723484,0.006066421,0.9878613
id25294,0.0060437988,0.0059269005,0.9880293
id04100,0.005875925,0.9872141,0.0069100223
id23831,0.98698,0.0066307643,0.006389211
id17334,0.9837155,0.007995163,0.0082893325
id19506,0.0063486258,0.0062136846,0.98743767
id18629,0.9862045,0.0066385074,0.0071569392
id09105,0.005152643,0.004259195,0.9905882
id27735,0.9841807,0.007882626,0.007936696
id22840,0.98751724,0.006052476,0.0064302557
id01465,0.004380342,0.008199556,0.98742014
id27750,0.98494416,0.00744706,0.0076087867
id20421,0.006473809,0.006093471,0.9874328
id23826,0.9839357,0.008036097,0.008028253
id23219,0.9847975,0.0074750935,0.007727457
id06442,0.006258081,0.0060242177,0.98771775
id07847,0.98440856,0.007575001,0.008016438
id16995,0.98745316,0.0065183495,0.006028488
id07626,0.40485898,0.46225056,0.13289045
id21920,0.0074629826,0.98416257,0.008374484
id22340,0.98462707,0.0075250654,0.007847788
id22108,0.022759162,0.0094967,0.9677442
id25661,0.98466635,0.007576985,0.0077566686
id16284,0.014452638,0.00924967,0.9762977
id19900,0.98389304,0.00787263,0.008234347
id20864,0.9848505,0.007585806,0.0075636148
id26099,0.61542124,0.022614608,0.36196417
id00333,0.0058573796,0.00619267,0.98794997
id27278,0.007177234,0.9851453,0.007677523
id16758,0.90065056,0.023629414,0.07572006
id25660,0.008372458,0.9829639,0.008663571
id05146,0.0062090927,0.0061188024,0.9876721
id24812,0.0061256974,0.006054331,0.98781997
id12003,0.9851099,0.00737593,0.0075140656
id04569,0.006107859,0.9868689,0.0070232404
id08269,0.98523605,0.0072341925,0.0075297197
id06080,0.98452395,0.0075907004,0.007885375
id09782,0.9822689,0.009315335,0.008415705
id19722,0.00654775,0.986112,0.0073402966
id02781,0.005905062,0.0058533894,0.98824155
id13385,0.98453367,0.0076727564,0.007793585
id24676,0.8342939,0.012557231,0.15314887
id07628,0.9837001,0.008289204,0.008010669
id19363,0.006373815,0.0061356267,0.9874906
id27392,0.9847237,0.007496463,0.007779879
id26486,0.9845935,0.0077107814,0.007695736
id02440,0.9820084,0.009561685,0.008429921
id26878,0.98401815,0.007858268,0.008123566
id23044,0.98416245,0.007760273,0.008077292
id24170,0.012753294,0.9790766,0.008170066
id22332,0.19965279,0.013015112,0.7873321
id27933,0.9874047,0.006051786,0.0065435404
id17535,0.006107524,0.006113491,0.98777896
id19700,0.0064639375,0.9859271,0.007608945
id19809,0.007214803,0.9854782,0.0073069804
id04484,0.0062205573,0.0062144855,0.987565
id00481,0.005866092,0.0056800623,0.9884538
id27510,0.9839506,0.007965896,0.008083443
id04635,0.007825371,0.00555444,0.9866202
id26027,0.984869,0.0077280183,0.0074029877
id09300,0.0067894505,0.9862261,0.0069844783
id06381,0.0058381367,0.0056035267,0.98855835
id18038,0.006221526,0.006059625,0.9877188
id22011,0.9854676,0.007095938,0.007436479
id10608,0.006991137,0.9852401,0.00776877
id23054,0.0077072717,0.0062232795,0.98606944
id13904,0.005050161,0.9890686,0.005881217
id13855,0.0047455565,0.005900176,0.98935425
id17630,0.014592015,0.97804195,0.007366043
id08595,0.005966923,0.006108425,0.98792464
id09532,0.9857932,0.0067534135,0.0074534793
id13176,0.007216175,0.0071181874,0.9856656
id27237,0.006276362,0.0060182614,0.98770535
id16704,0.0070466725,0.006652138,0.9863012
id20994,0.005460743,0.0063967365,0.98814255
id17501,0.0063543706,0.9864028,0.007242759
id16509,0.006148494,0.0062209703,0.98763055
id15081,0.026731089,0.009090356,0.96417856
id24414,0.008185491,0.008011507,0.98380303
id09220,0.006161107,0.0061131613,0.9877257
id26514,0.006747348,0.006419529,0.98683316
id14703,0.98435426,0.0077617853,0.007884015
id19838,0.00593789,0.0061323643,0.98792976
id23297,0.9851461,0.007383408,0.007470441
id17113,0.98426574,0.007648228,0.008086032
id11693,0.9858274,0.0064822473,0.007690345
id00847,0.9834102,0.008311074,0.008278673
id00233,0.9554234,0.007765219,0.036811378
id02776,0.9820811,0.00917812,0.008740735
id10396,0.98548746,0.007553738,0.0069588306
id18222,0.9843923,0.0078076995,0.0078000785
id13476,0.0065480713,0.006328042,0.9871239
id08007,0.006341183,0.005450451,0.98820835
id12984,0.00605519,0.0059846453,0.98796016
id04174,0.0054885377,0.98833454,0.0061769583
id23874,0.006256694,0.0062444857,0.9874988
id00595,0.0067982716,0.9855806,0.007621142
id18041,0.9822391,0.008984481,0.0087763565
id17403,0.004669137,0.9906845,0.004646394
id11741,0.9845259,0.007657725,0.007816388
id16928,0.94197524,0.009696908,0.048327863
id21913,0.006060391,0.0060960064,0.98784363
id05939,0.0061195013,0.0060956436,0.98778486
id12429,0.006712987,0.9856505,0.0076365825
id04447,0.0079449965,0.007806559,0.98424846
id15928,0.9859298,0.006894297,0.0071759387
id13126,0.006650748,0.0062906556,0.9870586
id03989,0.9863073,0.007320273,0.006372398
id08950,0.006757396,0.9854116,0.007831065
id26494,0.0061905193,0.006202623,0.9876068
id09289,0.0057090875,0.0065903985,0.9877005
id16295,0.006838405,0.98560697,0.0075546545
id01616,0.006949026,0.9850605,0.007990473
id25251,0.0060898024,0.00610767,0.9878025
id10354,0.52931035,0.4496588,0.02103082
id08559,0.0066556674,0.9858612,0.0074831676
id20385,0.98472136,0.0074453754,0.007833226
id01760,0.98453486,0.0070546907,0.008410442
id04242,0.009061696,0.005083151,0.98585516
id05652,0.0067084883,0.9859524,0.0073391087
id05269,0.9859051,0.007002691,0.0070921583
id11218,0.0064394143,0.0065664207,0.98699415
id19158,0.0059444946,0.9870989,0.006956608
id00927,0.007038779,0.0068022604,0.9861589
id25636,0.015605479,0.088854656,0.8955399
id20727,0.98112077,0.0065528923,0.01232639
id01645,0.9842448,0.008062206,0.007693011
id19931,0.013937422,0.9780434,0.008019236
id12473,0.006648133,0.9857074,0.0076444857
id00618,0.98448414,0.007553421,0.0079624355
id27329,0.006274123,0.0063729268,0.98735297
id11553,0.9843157,0.007738777,0.007945539
id10357,0.0059275934,0.0059275934,0.9881448
id11392,0.006808548,0.006121049,0.9870704
id03634,0.18889804,0.78929406,0.021807889
id15781,0.9844729,0.0076498375,0.00787727
id11706,0.005910184,0.005956538,0.98813325
id04248,0.98373324,0.008065888,0.008200912
id26011,0.008469567,0.0058666975,0.9856638
id17478,0.006318506,0.0061181285,0.9875634
id16179,0.97865736,0.013411904,0.0079307845
id11340,0.9847659,0.007918184,0.007315974
id05629,0.61793315,0.3567602,0.025306664
id00266,0.005864856,0.0049242564,0.9892109
id18514,0.006321006,0.006689365,0.9869897
id05167,0.0062004263,0.0065425625,0.98725706
id08943,0.98593235,0.006721467,0.00734613
id14580,0.006069743,0.9874374,0.006492834
id24496,0.9835526,0.008159468,0.008287961
id04884,0.0065522674,0.0066554504,0.9867923
id08011,0.0057631303,0.005911334,0.98832554
id17807,0.0061978954,0.005983786,0.9878183
id05694,0.98477757,0.007629819,0.0075926557
id02907,0.009101211,0.98244864,0.008450188
id23235,0.9841797,0.007813639,0.008006751
id26764,0.9842019,0.0077833533,0.008014755
id12226,0.0065970863,0.006629377,0.98677355
id15157,0.983718,0.008105244,0.008176795
id27127,0.006318619,0.00610034,0.987581
id27723,0.005948455,0.006295103,0.98775643
id10742,0.006797967,0.98553646,0.007665585
id22951,0.006044739,0.0067368117,0.9872185
id09429,0.006301616,0.0058852355,0.9878132
id26058,0.0064333747,0.98703194,0.0065346863
id27415,0.9810974,0.009349768,0.009552814
id06938,0.98580116,0.0072242185,0.0069746547
id18702,0.9848987,0.007698121,0.0074032107
id05229,0.9849917,0.007331958,0.007676326
id05219,0.0059620813,0.0059504486,0.9880875
id26375,0.02314193,0.4205437,0.55631435
id19622,0.98524356,0.0072413157,0.007515085
id13333,0.028003069,0.9605157,0.011481219
id25849,0.007301633,0.984757,0.007941343
id06780,0.9854219,0.0073566814,0.0072214394
id01128,0.00550858,0.0054497225,0.98904175
id22697,0.0063606487,0.0062620365,0.98737735
id03725,0.9861596,0.0071566137,0.0066837394
id06570,0.98482186,0.007359385,0.007818738
id07834,0.0061498513,0.0060015265,0.98784864
id08930,0.005324209,0.0054985844,0.98917717
id03276,0.0064295656,0.006159147,0.9874113
id07367,0.0062144203,0.98659074,0.0071947877
id12250,0.98518133,0.0073333695,0.007485313
id00461,0.5648339,0.019902166,0.41526398
id17583,0.98454845,0.0076579,0.007793702
id07331,0.008690177,0.9830982,0.008211641
id09844,0.0058037667,0.0066475556,0.9875487
id12595,0.0062697562,0.0061006397,0.98762965
id12911,0.006831826,0.9856208,0.007547387
id13334,0.9803425,0.007543713,0.012113825
id03231,0.0066524115,0.9863418,0.0070057926
id16441,0.0070855278,0.006968868,0.98594564
id11427,0.007092353,0.0069755814,0.9859321
id16919,0.98485017,0.0073309042,0.007818962
id04388,0.0066686724,0.0065078344,0.9868235
id09608,0.0057387794,0.0062598772,0.9880013
id14912,0.985082,0.007477253,0.007440832
id24621,0.007198624,0.9851907,0.0076106912
id14904,0.0061710756,0.0064357296,0.9873932
id09209,0.0051349946,0.0057397,0.98912525
id10425,0.98416346,0.0077906544,0.008045809
id04915,0.33925804,0.023199804,0.6375421
id01417,0.0062257,0.98645294,0.007321354
id12318,0.9842414,0.00786773,0.007890815
id01184,0.7423719,0.020351827,0.23727632
id05349,0.006238505,0.0062446003,0.9875169
id14718,0.0063184304,0.006130017,0.98755157
id20392,0.19766793,0.01757618,0.7847559
id10071,0.0029871976,0.0037688036,0.993244
id24369,0.98422587,0.007632996,0.008141167
id22137,0.9835988,0.008088448,0.008312669
id14478,0.0061546136,0.0061968304,0.9876486
id10018,0.007946552,0.007612331,0.98444116
id13357,0.0071699554,0.9851077,0.0077223456
id06093,0.0065835244,0.006746234,0.98667026
id26039,0.0062391837,0.006136458,0.9876244
id05974,0.0065046293,0.9863375,0.0071579046
id09745,0.078582875,0.91026765,0.011149503
id01255,0.0062895417,0.987848,0.0058624973
id25995,0.007004174,0.98515147,0.007844303
id01205,0.9853221,0.007220708,0.0074571967
id09735,0.0057512023,0.9872435,0.0070053525
id19431,0.0075904066,0.98448586,0.007923665
id10226,0.9854365,0.007271081,0.007292414
id22446,0.9832514,0.008133107,0.008615477
id10207,0.0047154953,0.005454068,0.98983043
id02564,0.9854981,0.006189379,0.0083124675
id15113,0.98569936,0.007063035,0.0072375946
id20230,0.98383224,0.008233838,0.007933885
id18155,0.9844072,0.0077773784,0.007815446
id23722,0.00658593,0.006383302,0.98703074
id20241,0.9843985,0.0077017294,0.007899785
id10580,0.006161328,0.006077665,0.987761
id09405,0.020675741,0.0071383705,0.9721859
id16297,0.005342549,0.9887149,0.0059426087
id27247,0.006572586,0.0064706877,0.9869567
id26321,0.98556864,0.007159313,0.0072720563
id18503,0.006319254,0.006000504,0.98768026
id04178,0.006662995,0.9859833,0.007353688
id22695,0.006427013,0.0065537742,0.98701924
id04368,0.98401266,0.007981974,0.008005393
id20585,0.98418033,0.007967756,0.007851891
id21615,0.9874795,0.0050469725,0.0074735247
id10830,0.0070928093,0.9850331,0.0078740595
id22143,0.98569345,0.00716022,0.0071462486
id21600,0.98432606,0.0076188776,0.0080550015
id23773,0.98453176,0.0075981766,0.007870052
id08505,0.98380154,0.0078106374,0.008387779
id27152,0.98499876,0.007324854,0.007676381
id09817,0.011994921,0.9754713,0.012533795
id02355,0.98803514,0.0059269355,0.006037934
id23629,0.98433983,0.0075892806,0.008070862
id22194,0.9833767,0.008189938,0.008433427
id05592,0.006079762,0.00581837,0.98810184
id02916,0.006230784,0.0065107034,0.9872585
id22284,0.9849812,0.00750575,0.0075130835
id14574,0.0063660378,0.0063847154,0.98724926
id16820,0.0062939147,0.00613612,0.98757
id04513,0.9841033,0.007851277,0.008045318
id05853,0.9843981,0.007915227,0.0076866983
id23528,0.0063469345,0.986211,0.0074420883
id06684,0.9852459,0.007420299,0.00733385
id19793,0.9843895,0.0076566637,0.007953898
id05567,0.98455614,0.007770963,0.0076729315
id01637,0.0071817753,0.98480636,0.00801185
id24264,0.0057672323,0.0061692363,0.9880635
id08558,0.0072024125,0.98474705,0.00805058
id01977,0.008949418,0.9803186,0.010731992
id14665,0.0062622796,0.986452,0.0072856853
id24485,0.7939779,0.1828064,0.023215707
id00331,0.9855827,0.0074373474,0.006979922
id06004,0.0060621523,0.005807187,0.9881307
id08168,0.006804666,0.9855447,0.0076506916
id02054,0.984042,0.007873822,0.008084194
id27733,0.0069714966,0.006710973,0.9863175
id26596,0.006925424,0.98555714,0.0075174766
id05275,0.0143204,0.9759044,0.009775205
id23093,0.98378396,0.007918016,0.00829801
id13304,0.00559092,0.0061464235,0.9882627
id09513,0.9845267,0.0077328794,0.0077404357
id14943,0.9831093,0.00826806,0.008622647
id10936,0.98693395,0.0063640047,0.0067020645
id18771,0.9849731,0.007432747,0.007594163
id09708,0.98421335,0.0076852557,0.008101409
id17204,0.98591113,0.0067213224,0.007367525
id27515,0.0064403135,0.98616856,0.0073910705
id04438,0.9634439,0.009371769,0.027184397
id14306,0.9845789,0.007473435,0.007947665
id10235,0.0068113245,0.006679582,0.9865091
id19034,0.9869739,0.00674831,0.006277843
id27850,0.10880042,0.01405368,0.87714595
id23316,0.0069034845,0.006816396,0.9862801
id21265,0.9847677,0.007474867,0.0077574668
id13944,0.0067921057,0.006596005,0.98661184
id00416,0.0069127097,0.985671,0.007416255
id04702,0.9840804,0.007858764,0.008060859
id07679,0.0070487494,0.9856289,0.0073223854
id17063,0.0068440204,0.9854535,0.0077024577
id25840,0.0071712886,0.9843292,0.0084994985
id16767,0.16012907,0.81573784,0.02413312
id10275,0.0062090554,0.0061247437,0.9876662
id19913,0.0037936484,0.99201125,0.0041950876
id16158,0.006923981,0.98535174,0.0077242586
id19914,0.0060852133,0.0058922344,0.98802257
id09409,0.8421849,0.0692659,0.08854918
id14026,0.9831049,0.008447579,0.008447579
id27022,0.0064152745,0.9861792,0.0074056
id06324,0.007001265,0.9857043,0.007294396
id22614,0.0061644237,0.0065427986,0.98729277
id02338,0.98451686,0.0076054856,0.007877622
id02862,0.009368653,0.9840397,0.0065916707
id14818,0.006206683,0.006504548,0.9872888
id00648,0.004645897,0.005742522,0.9896116
id21812,0.0066169943,0.006527143,0.98685586
id04567,0.006591797,0.98598236,0.007425846
id20462,0.0071298336,0.006555494,0.98631465
id21110,0.0077793063,0.0075694723,0.9846512
id27524,0.012794244,0.98030376,0.0069019767
id10739,0.0062397034,0.006053637,0.98770666
id25519,0.98563135,0.0072088805,0.007159769
id09509,0.0049082604,0.005235031,0.9898567
id24062,0.09341405,0.88834584,0.018240035
id17909,0.98591775,0.006948284,0.007133927
id09896,0.0077885534,0.005426677,0.98678476
id11587,0.005950349,0.98710656,0.0069430885
id09957,0.005346959,0.989531,0.005122073
id02070,0.006227271,0.006106825,0.9876659
id25658,0.98512137,0.007275858,0.007602727
id19870,0.96646655,0.00848496,0.025048517
id11774,0.09531517,0.026898008,0.8777868
id21315,0.9868059,0.006400572,0.0067934417
id15873,0.9839721,0.007880955,0.00814702
id19302,0.0069703497,0.98519266,0.007836974
id07239,0.0071782474,0.9852843,0.007537446
id10178,0.98398143,0.007950601,0.008067923
id00074,0.9850054,0.00731061,0.0076839323
id21736,0.0072820988,0.98500395,0.0077139963
id25383,0.006220629,0.98661244,0.0071668955
id01649,0.98216355,0.008913878,0.008922587
id15990,0.005830679,0.0049436036,0.98922575
id04940,0.98469657,0.007606874,0.0076965415
id09041,0.9845636,0.007763436,0.0076729897
id12499,0.9842114,0.008906333,0.006882281
id27324,0.006084191,0.9868924,0.0070234076
id20396,0.9790052,0.0138831735,0.0071116355
id20065,0.98403174,0.0078048403,0.008163443
id09659,0.9861669,0.006848975,0.0069840592
id04632,0.006490903,0.0063653574,0.98714375
id17313,0.98442197,0.0077471733,0.007830843
id04995,0.9848129,0.0073377895,0.00784927
id26559,0.9871067,0.006497001,0.006396274
id06974,0.006219174,0.006435418,0.9873454
id22141,0.9848285,0.0075413194,0.007630214
id11508,0.006147777,0.0063367374,0.98751545
id09766,0.18046562,0.8016156,0.017918756
id24382,0.0069829733,0.9860136,0.0070034615
id12016,0.9845554,0.0074659614,0.007978581
id07298,0.98481005,0.0074170167,0.0077729668
id17985,0.0064797057,0.98640376,0.007116565
id09057,0.0059336247,0.005881702,0.9881847
id23310,0.006287961,0.006112382,0.9875997
id13265,0.9835513,0.008103871,0.008344799
id25920,0.98615426,0.006902604,0.0069431677
id15012,0.92914075,0.016934915,0.053924266
id12939,0.0068246457,0.98554695,0.0076283272
id13329,0.9835925,0.0082077505,0.008199738
id11410,0.0056957067,0.9873121,0.006992169
id08203,0.98316944,0.008448133,0.00838239
id09399,0.0057677804,0.987193,0.007039282
id24807,0.00592115,0.0060438337,0.988035
id24976,0.98455465,0.0076057776,0.007839551
id19630,0.0062269727,0.0061544264,0.98761857
id00231,0.005899301,0.98727745,0.006823289
id06157,0.006857258,0.9854329,0.0077098226
id26817,0.0066888663,0.0063950387,0.98691607
id21083,0.0063360464,0.006256117,0.9874078
id27634,0.9865744,0.0067455783,0.0066800243
id12397,0.0057245204,0.0058374265,0.98843807
id02643,0.0072193355,0.0066833175,0.98609734
id13731,0.0057837404,0.987993,0.006223253
id17953,0.006245054,0.0061662714,0.9875887
id10342,0.057403494,0.014792913,0.9278036
id19652,0.97415805,0.009691237,0.016150715
id03505,0.0049747727,0.988681,0.006344217
id27602,0.9545588,0.03461734,0.010823904
id13311,0.005630477,0.00589493,0.9884746
id20008,0.9854219,0.0073566814,0.0072214394
id14404,0.005962529,0.0058758236,0.9881616
id09413,0.0063626585,0.005948051,0.9876893
id01897,0.0064984127,0.98635757,0.0071440833
id14873,0.9854702,0.007165592,0.0073642298
id25588,0.9843119,0.0076411213,0.008047023
id15549,0.12642106,0.054826234,0.8187527
id20796,0.0058468217,0.00605603,0.98809713
id11138,0.0061641075,0.0065937764,0.9872421
id18398,0.006077847,0.006131501,0.98779064
id01871,0.984177,0.0077376864,0.008085303
id15968,0.9834306,0.008110792,0.008458634
id18197,0.005819792,0.0058368673,0.98834336
id20939,0.0061912257,0.0060892906,0.98771954
id20570,0.0066606905,0.005769979,0.9875693
id00432,0.98472613,0.0076219738,0.007651806
id19537,0.0066622724,0.9858764,0.0074613914
id12930,0.9846452,0.0077036596,0.0076511772
id26222,0.007154975,0.98497146,0.007873567
id10623,0.9834228,0.008458567,0.008118653
id15460,0.0069576893,0.9853258,0.007716517
id22824,0.98387355,0.008019909,0.008106525
id02968,0.92728317,0.010774486,0.06194236
id19017,0.9867449,0.0064819464,0.0067731496
id26743,0.0069838814,0.98517925,0.007836867
id04161,0.98468864,0.0077341516,0.0075771566
id08976,0.0067713894,0.98552555,0.0077030207
id13339,0.007039285,0.98526716,0.0076934844
id25051,0.9854899,0.0071169185,0.007393201
id22649,0.98411196,0.007897486,0.007990578
id00040,0.006952443,0.98554486,0.007502714
id08855,0.98248255,0.0089254845,0.0085919425
id24622,0.9839048,0.008043694,0.008051554
id02301,0.98587626,0.0071825595,0.00694121
id07047,0.007271903,0.0071801674,0.9855479
id04423,0.98436075,0.0075524743,0.008086812
id02790,0.9853639,0.0075823525,0.0070537394
id08754,0.0065925554,0.98609585,0.0073115597
id20297,0.0063649104,0.0065605445,0.9870745
id04307,0.007120809,0.9850662,0.007813045
id18927,0.0057467967,0.0058372957,0.9884159
id27393,0.005488768,0.0061351345,0.9883761
id15260,0.98523057,0.0072837737,0.007485687
id03679,0.986464,0.00673824,0.006797724
id17381,0.9837208,0.007932986,0.008346237
id13196,0.98551625,0.007068622,0.0074150907
id21493,0.0061556054,0.006036545,0.9878078
id11088,0.0062200245,0.0062994934,0.98748046
id15801,0.9849658,0.007432692,0.007601526
id04647,0.0067999926,0.0064067445,0.9867933
id16900,0.0043463716,0.9903439,0.005309707
id17174,0.98464507,0.0076362467,0.007718719
id23801,0.006327798,0.9870859,0.0065862974
id11952,0.9851526,0.0073403204,0.0075070565
id02738,0.9848044,0.00787223,0.007323408
id05365,0.98450017,0.0075683114,0.007931523
id19666,0.0074030436,0.98487645,0.007720533
id26638,0.006652233,0.0060687684,0.98727894
id03032,0.951431,0.03892661,0.009642402
id23471,0.98420703,0.007715285,0.008077657
id26135,0.0067983726,0.9855952,0.007606384
id18224,0.0070535294,0.98533463,0.0076118032
id10782,0.9876381,0.006437326,0.005924554
id08932,0.0061524697,0.0065428773,0.9873046
id23126,0.006378997,0.006292377,0.98732865
id22273,0.0058101877,0.9876764,0.006513459
id17427,0.98653567,0.006712457,0.006751904
id21258,0.98433983,0.0075892806,0.008070862
id06604,0.98442996,0.0075456323,0.008024445
id02180,0.9849458,0.0072038663,0.007850328
id20505,0.0068053724,0.985647,0.007547587
id27466,0.9852614,0.0075815637,0.0071570813
id14249,0.0059832158,0.016846022,0.9771707
id15891,0.007275782,0.9860736,0.006650603
id25366,0.0059568114,0.005864459,0.9881787
id13554,0.0062624235,0.0062992247,0.9874384
id09470,0.0064924085,0.006134894,0.9873727
id15993,0.0061998274,0.006638465,0.9871617
id07273,0.9849363,0.0074252156,0.0076385057
id10805,0.007023946,0.0060079,0.9869681
id07990,0.004601594,0.0046376847,0.99076074
id08107,0.004378583,0.008598001,0.9870235
id07612,0.9846005,0.00775615,0.0076433616
id10593,0.9852542,0.0076858737,0.0070598456
id00906,0.006740128,0.9857773,0.007482531
id22316,0.007042319,0.0072658663,0.98569185
id04826,0.98499435,0.00740393,0.007601747
id13173,0.0060607856,0.006031264,0.98790795
id20075,0.9847763,0.0077122133,0.007511521
id16427,0.9849759,0.007310391,0.007713776
id21948,0.006083124,0.0062334654,0.98768336
id05957,0.9841425,0.007882319,0.007975234
id22982,0.0071279323,0.98508924,0.0077827666
id01672,0.94787765,0.04257206,0.009550268
id19463,0.0061884806,0.006529959,0.9872816
id17555,0.017351221,0.9726556,0.009993203
id21387,0.007258833,0.9847377,0.008003471
id00011,0.0064529846,0.9871443,0.0064027673
id18538,0.9844745,0.0077400254,0.007785509
id14915,0.0064469366,0.9862191,0.0073339287
id13773,0.020116528,0.00871987,0.9711636
id26440,0.025187839,0.01194446,0.9628677
id18862,0.0056822044,0.0054912698,0.9888265
id02510,0.98672616,0.006773021,0.0065008416
id26288,0.005852948,0.0059800553,0.988167
id01877,0.9869999,0.006585724,0.0064143464
id17532,0.0063129026,0.0060355905,0.9876515
id22973,0.9838648,0.008170032,0.0079652015
id10254,0.0058765016,0.005847878,0.98827565
id20420,0.0068257037,0.9856997,0.0074746385
id16052,0.9840477,0.008139693,0.007812591
id19578,0.98483354,0.0074462234,0.007720196
id06318,0.0059377053,0.0071273535,0.9869349
id18751,0.9845713,0.0074733766,0.007955368
id06756,0.006172597,0.006190707,0.98763674
id00364,0.96201396,0.028880587,0.009105447
id10714,0.005266438,0.00572225,0.9890113
id27432,0.98304653,0.0083649885,0.008588484
id02395,0.007011078,0.9851599,0.0078290645
id00502,0.982342,0.008777277,0.008880741
id22856,0.006708485,0.006376325,0.9869152
id16391,0.006138157,0.9869335,0.0069283266
id18170,0.00757896,0.98492306,0.0074979807
id19642,0.98432165,0.0076861014,0.007992281
id15742,0.9837025,0.008160712,0.008136838
id18984,0.006372613,0.0063230214,0.9873044
id22155,0.006372534,0.0063353046,0.9872922
id13113,0.006325978,0.0059079877,0.987766
id03817,0.98653376,0.0064932294,0.006973025
id13090,0.9799339,0.011352947,0.008713111
id23521,0.007168365,0.98488927,0.007942409
id21376,0.0067266305,0.0065836543,0.9866897
id21795,0.00603585,0.98769397,0.0062701646
id03548,0.00646628,0.006285722,0.987248
id05018,0.9847319,0.00751852,0.0077496124
id00085,0.9693431,0.017667659,0.012989205
id12163,0.006999545,0.986425,0.006575464
id15341,0.00649048,0.005465532,0.98804396
id12896,0.0063486993,0.98648524,0.0071659717
id24019,0.9837204,0.008354389,0.007925241
id24981,0.98405576,0.00782029,0.008123877
id12456,0.16709857,0.34589076,0.4870107
id24590,0.0061705676,0.0065174177,0.987312
id01276,0.0062924703,0.98637956,0.0073279627
id04235,0.049426325,0.017511984,0.9330617
id21844,0.0054903105,0.0058558313,0.98865384
id16876,0.00675277,0.98569924,0.007547987
id10137,0.0063296687,0.006292689,0.98737764
id26435,0.006085143,0.005903685,0.9880112
id15912,0.0039915903,0.00585328,0.9901551
id09361,0.0061665704,0.006196755,0.9876366
id00071,0.98464334,0.007948184,0.007408523
id21006,0.98423773,0.0077079954,0.008054278
id20942,0.9866741,0.006819119,0.006506849
id00137,0.98588294,0.0071826084,0.006934482
id10494,0.96642846,0.023564471,0.010007099
id02933,0.98453397,0.007770788,0.0076952707
id22661,0.006387179,0.9866661,0.0069467714
id01024,0.0070877434,0.006658319,0.9862539
id02183,0.0070668,0.9852622,0.0076709385
id22883,0.005602718,0.9884157,0.0059815603
id14780,0.006916534,0.9852537,0.0078298105
id00543,0.0061227246,0.0065367296,0.98734057
id21237,0.98493737,0.007586475,0.007476155
id09864,0.0061471644,0.987417,0.0064358846
id26171,0.006031264,0.0060607856,0.98790795
id08115,0.9845143,0.0075462786,0.007939385
id18417,0.006750511,0.9863322,0.0069173467
id27910,0.006502029,0.0065915347,0.9869064
id16918,0.98291564,0.008834012,0.008250302
id10236,0.005985726,0.0058756866,0.9881386
id22481,0.9862071,0.006950324,0.006842569
id25843,0.9079166,0.07312949,0.018953944
id24660,0.98398596,0.007835022,0.008179022
id09637,0.0061902124,0.98659384,0.0072159204
id19022,0.0065916055,0.007454694,0.98595375
id16809,0.0059007206,0.005619521,0.9884798
id13162,0.006547419,0.006427054,0.9870255
id05384,0.005485748,0.98783225,0.006682012
id15361,0.0063362396,0.006225833,0.9874379
id03967,0.0067723487,0.9856652,0.0075624823
id03839,0.005764828,0.9876515,0.00658364
id19644,0.9844089,0.0075824047,0.008008616
id14817,0.0063540502,0.006329278,0.9873167
id04190,0.33600807,0.6260621,0.03792986
id19018,0.0065342537,0.98600334,0.0074623525
id23557,0.98561656,0.007279515,0.0071039437
id25241,0.0052674217,0.0055364077,0.9891962
id01223,0.006714618,0.0064322096,0.9868532
id07529,0.0066190306,0.98619604,0.007184889
id13517,0.98523104,0.0073051476,0.007463793
id11759,0.98355955,0.008111855,0.008328587
id13741,0.006599576,0.006254459,0.987146
id03305,0.007873567,0.007154975,0.98497146
id16474,0.0069851503,0.9853582,0.007656717
id04156,0.00711238,0.007063926,0.9858237
id23223,0.006271587,0.9869538,0.0067745834
id25193,0.0058167265,0.005395376,0.9887879
id02100,0.9845041,0.0075021144,0.007993762
id20032,0.0064327125,0.9869304,0.006636909
id22179,0.0060716583,0.00617933,0.98774904
id15359,0.98475546,0.0075850743,0.0076595102
id02571,0.0068379994,0.98554856,0.007613456
id21450,0.98450434,0.0077629685,0.007732704
id17293,0.985699,0.0072517414,0.007049251
id13056,0.9869261,0.006820861,0.0062530646
id16833,0.006494666,0.006753384,0.986752
id25681,0.0074436427,0.9844921,0.008064232
id21263,0.006447801,0.0062372293,0.987315
id02323,0.006483497,0.9860175,0.007498986
id16481,0.9842263,0.007875296,0.007898403
id05781,0.9857438,0.006839354,0.007416803
id14416,0.49836552,0.48161936,0.02001516
id20650,0.006198728,0.9869867,0.006814622
id04357,0.005509901,0.006176825,0.98831326
id16663,0.0062393327,0.006112681,0.987648
id18312,0.9870596,0.006309119,0.006631299
id24780,0.006197641,0.0060245837,0.98777777
id17348,0.0062245415,0.006542403,0.98723304
id22993,0.9847189,0.0076442813,0.00763682
id04847,0.0059437985,0.006108567,0.98794764
id27880,0.0066423765,0.9858161,0.007541514
id21160,0.0062007415,0.006491978,0.9873073
id03354,0.9869004,0.0065401983,0.0065593873
id11002,0.0062871263,0.006244295,0.9874686
id02425,0.006055084,0.006002099,0.9879428
id14067,0.9838949,0.007918909,0.008186256
id05886,0.02256571,0.008026432,0.96940786
id09256,0.9821832,0.006894979,0.010921732
id11511,0.00649233,0.0061468147,0.98736084
id09029,0.0059605245,0.98782945,0.0062100817
id22563,0.0053138183,0.0055093323,0.9891768
id27838,0.9830185,0.008697962,0.00828346
id23184,0.9841649,0.007844104,0.0079910075
id15335,0.98528016,0.007255742,0.007464165
id08607,0.9848357,0.007534014,0.00763027
id26516,0.9843395,0.0077920477,0.007868514
id12417,0.0061968737,0.9866915,0.0071116914
id21758,0.9836749,0.007847859,0.008477276
id00729,0.0057826345,0.98780406,0.0064133066
id25504,0.0050272318,0.9893973,0.005575517
id00360,0.0059396597,0.005836163,0.98822415
id05913,0.005481377,0.98800933,0.0065092957
id00089,0.0064730607,0.9863549,0.007172025
id03511,0.9847446,0.0074601076,0.0077952547
id00449,0.006042263,0.006179513,0.98777825
id14504,0.006828749,0.9861395,0.00703177
id19106,0.9836986,0.007971637,0.008329765
id19236,0.006669509,0.9859839,0.007346514
id12743,0.9848577,0.00733096,0.0078113913
id04662,0.0053842566,0.0059365937,0.9886792
id15139,0.00675347,0.006482075,0.98676443
id07233,0.006485815,0.98637,0.0071441736
id19160,0.0059549925,0.0061680707,0.9878769
id06867,0.006936633,0.98522615,0.0078372415
id04236,0.0068780095,0.9855236,0.007598407
id07591,0.006047393,0.006300588,0.98765206
id25815,0.006114428,0.0059553143,0.9879303
id10925,0.9870814,0.0060027246,0.0069158436
id27774,0.98434234,0.007515546,0.00814213
id16090,0.0054883384,0.98829865,0.0062130317
id24875,0.0061375275,0.0060660234,0.9877965
id03456,0.012672585,0.0068163485,0.980511
id07559,0.00738701,0.9846647,0.007948357
id10513,0.0064546964,0.9864423,0.0071029565
id07094,0.9843546,0.007845617,0.00779978
id04111,0.0064852876,0.0062612505,0.9872535
id23356,0.98447245,0.007634908,0.007892666
id04435,0.006522629,0.006340497,0.9871369
id23706,0.005808799,0.0057861526,0.988405
id04655,0.0054084305,0.00534542,0.9892462
id07661,0.005395346,0.005822377,0.9887823
id27176,0.9829659,0.008791433,0.008242672
id13560,0.0058197584,0.005842536,0.9883377
id18020,0.01635674,0.008552319,0.975091
id16701,0.03483202,0.009834422,0.95533353
id19252,0.98455614,0.007770963,0.0076729315
id00910,0.006099966,0.9865565,0.0073436056
id12102,0.9839415,0.007903831,0.008154727
id15820,0.98546904,0.0069180457,0.007612841
id10698,0.98473346,0.0075997333,0.007666822
id15530,0.004647685,0.0053599104,0.9899924
id10740,0.9842929,0.0077461577,0.007960889
id24917,0.006877708,0.0066791354,0.98644316
id07985,0.006388628,0.006721429,0.98688996
id15897,0.006317482,0.98643947,0.007243029
id07960,0.006324375,0.0061597982,0.9875158
id15529,0.0049829152,0.0047177295,0.99029934
id17855,0.0048339176,0.9892492,0.0059168586
id24727,0.9849055,0.007388816,0.007705696
id14835,0.9836211,0.008345392,0.008033527
id25557,0.0044349697,0.0074781217,0.98808694
id18605,0.006764837,0.0067384634,0.98649675
id27760,0.9848172,0.007409831,0.0077730236
id10042,0.0064909435,0.0063591837,0.9871499
id12074,0.0067011127,0.9858306,0.007468335
id19511,0.019437723,0.95970863,0.020853633
id21924,0.0138048595,0.97633886,0.0098562585
id13095,0.98764855,0.0061606267,0.006190781
id11873,0.0065723783,0.0065021543,0.9869255
id23651,0.005713703,0.98753417,0.0067521404
id09931,0.0059108986,0.005836332,0.98825276
id05155,0.006917438,0.006737428,0.9863452
id17668,0.9842615,0.007723252,0.008015241
id03470,0.98409605,0.007866569,0.008037406
id02208,0.9838349,0.008050983,0.008114127
id07650,0.0069849933,0.985336,0.0076790093
id24472,0.98332214,0.008286019,0.008391883
id21211,0.007387637,0.9847483,0.007864099
id11030,0.98516774,0.0074124685,0.0074197105
id00943,0.0066414885,0.9856843,0.007674225
id19156,0.006365759,0.006428229,0.98720604
id22886,0.0067263264,0.0066285147,0.98664516
id00992,0.007065514,0.985083,0.007851422
id27547,0.98442024,0.0076643834,0.007915404
id24073,0.9846364,0.0075767543,0.0077867894
id05452,0.9833462,0.008286222,0.008367538
id22492,0.006850092,0.985365,0.0077849454
id11981,0.9834105,0.007930485,0.008659048
id15552,0.0079968255,0.98392004,0.008083192
id04471,0.0059789447,0.0060376185,0.98798347
id09231,0.0070413877,0.013155044,0.97980356
id12493,0.985088,0.0072049065,0.007707124
id24967,0.8180184,0.016439028,0.1655426
id05865,0.005297488,0.005672286,0.9890302
id04811,0.98175836,0.008858146,0.009383517
id19877,0.0067789434,0.0065960926,0.98662496
id04024,0.006648282,0.98572946,0.0076222927
id00395,0.0072454577,0.0069475044,0.98580706
id22728,0.0072133937,0.9852858,0.007500742
id01268,0.98487234,0.0075859744,0.0075416556
id08896,0.9816004,0.006757606,0.011641939
id09971,0.98302054,0.010178906,0.0068005077
id26606,0.006528676,0.0063836705,0.98708767
id27970,0.9868749,0.00660421,0.006520897
id25259,0.9835523,0.007954898,0.00849279
id13834,0.033626627,0.0124980435,0.95387536
id19513,0.0068575013,0.0067117433,0.98643076
id16082,0.005837862,0.987547,0.006615164
id22180,0.006096329,0.0060076783,0.98789597
id20498,0.9847328,0.0077118725,0.007555329
id27595,0.006324375,0.0061597982,0.9875158
id08267,0.9849965,0.007721474,0.007282044
id12823,0.983604,0.008009886,0.008386096
id18842,0.007523548,0.98442847,0.0080479765
id17534,0.9836933,0.008049823,0.008256829
id05777,0.9840305,0.007661349,0.008308199
id21689,0.9844219,0.007838494,0.007739612
id18114,0.0072759665,0.9851361,0.0075880056
id17707,0.0068232105,0.0059107663,0.98726606
id22956,0.0063208053,0.985995,0.007684145
id27834,0.006003217,0.005869882,0.9881269
id11377,0.00615483,0.9867193,0.0071257963
id08333,0.984444,0.007846329,0.0077096107
id07445,0.98426896,0.008015302,0.0077157705
id22703,0.9853313,0.007108827,0.0075599207
id09468,0.005761146,0.9879852,0.006253665
id19397,0.0061137453,0.0060661673,0.98782
id07977,0.9835134,0.008263386,0.008223135
id14555,0.0061854036,0.006059846,0.98775476
id02489,0.0064471276,0.0063409787,0.9872119
id10445,0.9844117,0.00840939,0.0071788975
id02058,0.0062497384,0.006385463,0.9873648
id23101,0.98387975,0.0077808057,0.008339439
id18072,0.005220514,0.0067032725,0.9880762
id21085,0.006215122,0.0061187656,0.98766613
id16584,0.006026433,0.0058925827,0.988081
id23136,0.0064521693,0.0065282257,0.9870196
id17745,0.005978803,0.0060611055,0.9879601
id27391,0.5997778,0.017674895,0.3825473
id17240,0.006548217,0.98618233,0.007269482
id11708,0.9855999,0.006918964,0.007481184
id08712,0.006951154,0.9853622,0.007686716
id23809,0.006000094,0.0063870666,0.98761284
id07274,0.98451185,0.0077403192,0.0077478806
id15625,0.004447699,0.0046293936,0.9909229
id22815,0.984467,0.0077550984,0.007777851
id23200,0.9846708,0.0074887443,0.007840476
id04369,0.0055377735,0.005987761,0.9884745
id04659,0.9837039,0.008378761,0.0079173725
id05051,0.0062840204,0.0067351894,0.9869808
id07815,0.0071500917,0.9852609,0.007588967
id27535,0.9843621,0.007822725,0.007815088
id11916,0.0059969435,0.0059444667,0.9880586
id07097,0.13141918,0.8410654,0.027515445
id24599,0.9835686,0.008167573,0.00826385
id03434,0.006144386,0.0059205513,0.98793507
id01685,0.98603916,0.0072189094,0.0067419186
id23165,0.9828327,0.008730356,0.0084369965
id08601,0.005431502,0.98766214,0.0069064107
id19593,0.9843238,0.007761545,0.007914629
id04582,0.006306406,0.0060944976,0.98759913
id25659,0.9845036,0.0076725227,0.007823849
id08590,0.006061493,0.0059152995,0.9880232
id21959,0.9811291,0.010667691,0.0082032
id21373,0.9850087,0.0073968107,0.007594438
id12581,0.0065224264,0.006371334,0.98710626
id05240,0.98547137,0.007292672,0.00723592
id25188,0.006049245,0.005996311,0.9879545
id15719,0.006564473,0.9857384,0.0076971636
id17546,0.91490084,0.010693083,0.074406125
id18546,0.9860004,0.006624183,0.007375391
id16043,0.009263733,0.016766265,0.97397
id05236,0.9839331,0.007743326,0.008323617
id01665,0.98385507,0.007773016,0.008371868
id12811,0.98356664,0.008080289,0.008353083
id11468,0.005480154,0.0057656304,0.9887542
id20311,0.9860583,0.006841536,0.0071001914
id04045,0.0062025483,0.0062025483,0.98759496
id02671,0.005961663,0.0060201674,0.98801816
id19889,0.0067543867,0.9859352,0.007310369
id10371,0.01742064,0.3582006,0.6243788
id13583,0.0059185065,0.0064875237,0.98759395
id11070,0.9861687,0.0067165163,0.0071148686
id13087,0.007017719,0.9851305,0.007851801
id21670,0.006675985,0.0063827233,0.9869413
id16432,0.0071607474,0.9848039,0.008035337
id13899,0.9844773,0.0075681354,0.007954608
id02925,0.0065173544,0.9863387,0.0071439464
id27528,0.0062772594,0.98688215,0.0068405694
id15950,0.98291725,0.008562231,0.008520526
id07604,0.98562336,0.0070970594,0.0072795656
id12682,0.98502964,0.007360938,0.007609447
id16688,0.9841579,0.008415436,0.007426596
id24150,0.006976791,0.9851406,0.007882613
id04599,0.007086625,0.00681514,0.9860983
id05609,0.0076043047,0.984364,0.008031747
id27242,0.006427259,0.006515735,0.98705703
id03464,0.06189386,0.9263309,0.01177522
id20129,0.0060489955,0.0060371924,0.9879138
id07890,0.0071625183,0.98504746,0.00779004
id24082,0.98485446,0.0077354535,0.0074101114
id18550,0.006405005,0.006105733,0.9874893
id13345,0.006011528,0.006424284,0.98756415
id21162,0.9861011,0.007163181,0.0067357607
id05896,0.0063367374,0.006147777,0.98751545
id00549,0.0060930056,0.00654962,0.9873574
id19986,0.006495556,0.0066172043,0.9868872
id12287,0.0055826195,0.005692727,0.98872465
id21149,0.0062214895,0.0060655107,0.987713
id15937,0.0069680414,0.9858287,0.007203286
id18043,0.98426396,0.007821945,0.007914147
id19288,0.009171503,0.0075369067,0.98329157
id16304,0.005233144,0.0062327455,0.98853415
id03605,0.98260236,0.008979032,0.008418561
id00126,0.008439352,0.017056286,0.97450435
id11734,0.11623942,0.019286156,0.8644745
id20670,0.006292806,0.98739594,0.0063112685
id02266,0.006484121,0.0064399475,0.9870759
id06651,0.0073202252,0.9853381,0.0073417025
id12969,0.9851091,0.0073399963,0.0075508384
id15664,0.9272498,0.06150314,0.011247137
id09699,0.78495777,0.026676793,0.18836543
id07426,0.0064967563,0.00643362,0.9870696
id12040,0.0058556763,0.98669857,0.007445768
id22961,0.9884384,0.005752543,0.0058089956
id23971,0.0071346825,0.9840981,0.0087672435
id21433,0.98585784,0.0070572747,0.0070848963
id12028,0.006936527,0.985211,0.007852443
id15673,0.008358887,0.98425,0.007391114
id18681,0.0060236985,0.006343681,0.98763263
id21339,0.01007571,0.98164433,0.008279962
id23755,0.9864029,0.0070473994,0.0065496815
id10369,0.006440191,0.0064464835,0.9871133
id03917,0.925078,0.013667686,0.061254315
id17078,0.0077973427,0.984047,0.008155601
id10873,0.9845025,0.007627688,0.007869817
id21158,0.9847172,0.0075257546,0.007757069
id16491,0.9849363,0.0074252156,0.0076385057
id23930,0.007086693,0.98514533,0.007768023
id16048,0.005953605,0.98764664,0.006399773
id10070,0.98431396,0.0076860413,0.008000027
id24962,0.9849214,0.007274381,0.0078042713
id27787,0.9614889,0.009334502,0.029176565
id16840,0.0058870455,0.98908246,0.0050305417
id01994,0.9845227,0.007561097,0.007916228
id10756,0.0058938097,0.0058194585,0.98828673
id16697,0.0063041667,0.0064473664,0.9872485
id19603,0.0077685514,0.9832899,0.008941549
id03903,0.9838927,0.007864943,0.008242389
id20992,0.00841992,0.0059357355,0.98564434
id15687,0.006669939,0.9860474,0.007282697
id19769,0.0068901223,0.9853328,0.007777093
id06048,0.00494433,0.9903378,0.0047179125
id25098,0.007024903,0.98517644,0.007798673
id16091,0.90122825,0.08731567,0.011456122
id27192,0.0045584613,0.9901382,0.0053034225
id05897,0.9264089,0.014842974,0.058748115
id00828,0.0052661714,0.9889613,0.005772473
id20605,0.9853592,0.0073132357,0.007327534
id05872,0.98536336,0.007464795,0.0071718157
id00761,0.9837569,0.007863857,0.008379212
id19573,0.47349906,0.4808382,0.045662742
id03081,0.006275693,0.006124333,0.98759997
id04887,0.0055012363,0.005810464,0.9886883
id17700,0.0061375997,0.0060542584,0.98780817
id03250,0.9843119,0.008047023,0.0076411213
id21027,0.006767066,0.9858586,0.0073743304
id19567,0.98418766,0.007983393,0.007828981
id05661,0.006463786,0.0066689686,0.98686725
id27405,0.004518633,0.99111885,0.004362535
id01546,0.0064913803,0.98625284,0.007255816
id02288,0.006667159,0.9856365,0.007696368
id11057,0.0064899647,0.006509006,0.98700106
id09191,0.0068836515,0.98536927,0.00774706
id19074,0.0061662337,0.0062511167,0.9875826
id25012,0.98388696,0.007918846,0.008194189
id24857,0.0050533377,0.9887249,0.0062217843
id07557,0.0042550336,0.0051576733,0.9905873
id23072,0.9843844,0.0077620232,0.007853519
id20317,0.9790556,0.011668595,0.009275799
id16642,0.9841046,0.007936082,0.007959366
id04211,0.0061551305,0.006113198,0.98773164
id22871,0.007430956,0.9847357,0.007833339
id16178,0.0060311207,0.0060843625,0.98788446
id25172,0.0063612657,0.00616555,0.98747313
id15654,0.9868045,0.0065204324,0.0066750604
id26067,0.9839383,0.007826996,0.008234725
id11955,0.010197667,0.004969946,0.9848324
id24939,0.0062038777,0.005989562,0.9878066
id07378,0.98491526,0.00746869,0.007615997
id22455,0.010456002,0.98062664,0.00891733
id12850,0.017635887,0.95074,0.03162413
id12403,0.9842104,0.007975784,0.007813883
id11593,0.006564175,0.98665667,0.006779161
id27776,0.9848942,0.0075344616,0.0075713405
id14497,0.006066957,0.005984575,0.9879485
id24628,0.006641213,0.0067523876,0.9866064
id11283,0.00597189,0.0062462753,0.9877819
id00459,0.98180205,0.009485282,0.0087126875
id11310,0.00654074,0.98601866,0.007440637
id05177,0.0067340354,0.9858484,0.0074175904
id22598,0.0070115584,0.9852274,0.007761088
id05214,0.009122775,0.006100863,0.9847764
id22797,0.9628101,0.008313685,0.028876273
id15832,0.01168345,0.9698279,0.018488664
id00479,0.006472376,0.9862506,0.007277088
id05840,0.006841107,0.9859964,0.0071624205
id27489,0.0058031618,0.0057861856,0.9884107
id03281,0.0066427668,0.985874,0.007483265
id27046,0.9836083,0.0079398295,0.008451905
id09213,0.0063429275,0.0061417753,0.98751533
id18775,0.9847703,0.0076223155,0.0076074433
id09731,0.9797824,0.006512078,0.013705528
id25031,0.006554427,0.006328001,0.9871176
id11945,0.9812369,0.009619708,0.009143404
id20286,0.9849284,0.0076608555,0.0074106683
id27960,0.0057457997,0.0060097976,0.9882444
id13206,0.005681682,0.0055826814,0.9887356
id09964,0.009900998,0.008370108,0.98172885
id16811,0.01252191,0.9802733,0.007204786
id08948,0.98536414,0.007192863,0.0074429633
id17636,0.0062332805,0.006112718,0.98765403
id14046,0.006379464,0.0062195244,0.987401
id22873,0.9784667,0.0058409474,0.015692364
id09962,0.006049245,0.005996311,0.9879545
id26474,0.9837961,0.008121734,0.008082174
id11898,0.0072049065,0.985088,0.007707124
id25477,0.9852213,0.007227023,0.0075516985
id25457,0.9847429,0.007423757,0.007833396
id26675,0.006631746,0.006242129,0.9871261
id04422,0.005945122,0.005887347,0.9881676
id04237,0.9824324,0.007822653,0.009744962
id07049,0.00671524,0.9859812,0.007303574
id18211,0.9838733,0.0078035835,0.008323112
id16033,0.006527823,0.9859953,0.00747688
id16680,0.9847439,0.007445546,0.007810489
id08977,0.009289606,0.98435056,0.0063597555
id18494,0.0062805386,0.9864339,0.007285552
id07714,0.0063894996,0.0065858886,0.9870246
id01243,0.9841351,0.007913111,0.007951843
id18562,0.0065097455,0.9861497,0.007340578
id03147,0.006380497,0.0060586566,0.98756087
id24138,0.98565084,0.0072726626,0.007076495
id21062,0.9843882,0.0076268027,0.007985019
id25053,0.0051592975,0.005874866,0.9889658
id14390,0.006089106,0.006221342,0.98768955
id10122,0.9857062,0.0073876055,0.0069062086
id13160,0.0054261307,0.98861444,0.0059594386
id00780,0.006562563,0.9854516,0.007985843
id20996,0.98441017,0.0076046614,0.007985197
id16008,0.9830595,0.00867288,0.008267641
id10522,0.0052079093,0.98954844,0.005243632
id18498,0.0055514257,0.0054706982,0.98897785
id09341,0.0068563186,0.98626053,0.006883153
id22456,0.9716094,0.0097226845,0.018667901
id07592,0.006635936,0.9858225,0.007541563
id25634,0.98381907,0.008145753,0.008035144
id15011,0.98452467,0.0076129767,0.007862313
id14245,0.98332214,0.008391883,0.008286019
id21107,0.9860983,0.00681514,0.007086625
id01881,0.023371777,0.017166082,0.95946217
id12772,0.0067545315,0.9859564,0.00728914
id17589,0.98476505,0.0074166777,0.007818287
id24421,0.0068077254,0.007204449,0.98598784
id22088,0.004215919,0.0046711564,0.99111295
id21687,0.0055187265,0.005551158,0.9889301
id17810,0.0058526043,0.006038386,0.98810905
id25153,0.007218564,0.9850295,0.0077519547
id18083,0.9758448,0.016905509,0.0072496985
id00655,0.0063543627,0.0062803323,0.98736525
id13195,0.0067592026,0.0066026263,0.9866382
id23708,0.007303253,0.98497546,0.0077213086
id17977,0.63636893,0.028124407,0.33550665
id10501,0.0073640533,0.9844847,0.008151264
id08697,0.984148,0.007790532,0.008061413
id09269,0.0068911077,0.98547363,0.0076352125
id21153,0.98405856,0.008005765,0.00793571
id06257,0.9844138,0.007876798,0.007709374
id08366,0.0056844214,0.006068788,0.98824674
id00263,0.98726535,0.006600374,0.006134227
id14445,0.0056966003,0.0058716927,0.9884317
id18864,0.0059629036,0.0058134072,0.9882237
id18427,0.005841933,0.005922353,0.9882357
id24348,0.020695126,0.0076319207,0.97167295
id17329,0.9847114,0.00762186,0.0076666507
id07519,0.0056597027,0.9878005,0.006539774
id17995,0.005857167,0.0062288353,0.987914
id25329,0.9833439,0.008181672,0.008474424
id14513,0.9804595,0.011571767,0.0079687005
id10203,0.009597709,0.9828247,0.0075775986
id25887,0.98605835,0.006637524,0.0073041455
id08186,0.9854972,0.0071239243,0.007378829
id20535,0.0066872886,0.9857202,0.007592505
id06411,0.0060029062,0.005921394,0.9880757
id11984,0.98557645,0.0069935233,0.0074300417
id16389,0.006979719,0.98555404,0.0074662394
id23333,0.98344976,0.008222603,0.008327657
id19447,0.9856568,0.0070420685,0.007301171
id01461,0.9849812,0.0075204237,0.007498423
id25601,0.0065621315,0.98634946,0.0070884298
id04803,0.98550004,0.0074658305,0.0070340764
id19029,0.006018614,0.98679906,0.007182265
id11507,0.0063016517,0.0058795246,0.98781884
id13246,0.008232202,0.006207927,0.9855599
id26927,0.006483917,0.0064712656,0.9870449
id12423,0.9842695,0.0077308593,0.007999666
id09601,0.0062461165,0.9867927,0.0069612456
id23100,0.006280682,0.006299109,0.98742026
id21939,0.98419774,0.0076851337,0.008117119
id16139,0.0065023624,0.006540574,0.9869571
id27334,0.9839252,0.00788828,0.008186508
id22326,0.006209462,0.006059699,0.98773086
id18527,0.005955844,0.0060260496,0.98801816
id05072,0.006318051,0.006189801,0.9874922
id21820,0.007374172,0.98487514,0.00775074
id13960,0.98444444,0.007823379,0.0077322335
id03958,0.98441076,0.0076195328,0.007969622
id10849,0.9850172,0.0074621723,0.0075206985
id06252,0.9852985,0.007171344,0.0075301975
id26045,0.9829145,0.008388404,0.008697042
id04849,0.007279518,0.9846549,0.008065565
id05215,0.9850327,0.0072681014,0.0076991683
id22830,0.9851988,0.0072127567,0.0075884885
id21325,0.0066482318,0.98572206,0.007629683
id09287,0.006107634,0.0060957167,0.98779666
id24354,0.9813526,0.012257272,0.0063901143
id06784,0.0064351703,0.9863437,0.007221139
id03848,0.006708984,0.0063025067,0.98698854
id01410,0.0069420314,0.0070651383,0.98599285
id00874,0.007162755,0.006794818,0.98604244
id00784,0.006155931,0.005984039,0.98786
id19909,0.006999438,0.98544717,0.0075534293
id18906,0.0063618273,0.9865963,0.007041901
id18748,0.006102249,0.0060076425,0.9878901
id04654,0.98161626,0.009245725,0.0091380095
id07608,0.9870552,0.0067818994,0.0061629405
id10845,0.006315244,0.9870535,0.006631258
id10718,0.0064224317,0.0062982105,0.9872794
id19100,0.006314007,0.9858969,0.0077891476
id10416,0.98352665,0.008087855,0.008385436
id02535,0.006856947,0.9853883,0.007754778
id23920,0.38554764,0.020503238,0.59394914
id16226,0.005907288,0.987649,0.006443687
id09196,0.0077442634,0.9840522,0.008203571
id03368,0.0071966643,0.98492247,0.007880867
id27373,0.004980461,0.0061741183,0.9888454
id11497,0.9868226,0.006701309,0.0064761303
id07640,0.9857553,0.007139722,0.0071049444
id22416,0.006692878,0.9855811,0.0077260565
id20303,0.007031289,0.98510945,0.007859304
id13811,0.006907319,0.0062646666,0.98682797
id04365,0.007067275,0.98532844,0.007604325
id00199,0.00613839,0.0059263366,0.9879353
id24884,0.9841336,0.0076621515,0.008204249
id06763,0.007086639,0.9851378,0.007775554
id18275,0.9849295,0.007446949,0.007623548
id20971,0.9842363,0.00808579,0.0076779327
id01581,0.00603669,0.0061317547,0.98783153
id24805,0.006750565,0.0059457286,0.98730373
id07950,0.006281772,0.98662776,0.00709043
id26346,0.08335045,0.63605213,0.28059745
id24046,0.98463523,0.00753984,0.007824895
id05548,0.006284812,0.9861416,0.0075735305
id17433,0.98428375,0.0077008316,0.008015422
id18712,0.9854294,0.007313757,0.0072568418
id21128,0.0064651947,0.006452579,0.98708224
id02906,0.0056236577,0.006134303,0.98824203
id22201,0.0074130595,0.98428464,0.008302232
id08614,0.00681973,0.9857992,0.007381091
id22484,0.005270232,0.9887578,0.005971955
id16291,0.903363,0.07974853,0.01688849
id26869,0.97316724,0.016516898,0.010315844
id18062,0.0071478207,0.984948,0.007904194
id27078,0.98446965,0.0075680767,0.007962318
id02756,0.006552564,0.0066104084,0.986837
id03454,0.006274084,0.006379114,0.9873468
id02195,0.006036509,0.0061615827,0.98780185
id27418,0.0069126603,0.9856639,0.0074234474
id02733,0.9844446,0.00779288,0.0077624978
id15677,0.98414904,0.007821031,0.008029994
id08204,0.9852342,0.0071919146,0.007573954
id11529,0.98355305,0.008207421,0.008239544
id14000,0.005865069,0.005853625,0.9882813
id11866,0.9842166,0.0077607,0.008022705
id14084,0.006602993,0.98572993,0.00766709
id17826,0.006073272,0.005915229,0.98801154
id07289,0.0055196984,0.005376061,0.9891043
id05102,0.98471266,0.0074235294,0.007863815
id14779,0.0061313184,0.0061074146,0.98776126
id19144,0.0056116194,0.9880544,0.0063340073
id12372,0.0069743586,0.9857593,0.0072663636
id05673,0.006553252,0.9859773,0.007469446
id07343,0.0061845523,0.0061966437,0.9876188
id10390,0.0073534767,0.9849926,0.0076538767
id27323,0.004937412,0.005144134,0.9899185
id26483,0.006448242,0.98545593,0.008095809
id07690,0.9855994,0.0073795947,0.0070210593
id22766,0.013156006,0.00792516,0.97891885
id10289,0.9841239,0.007767551,0.008108588
id22243,0.004941954,0.98889565,0.0061623845
id24509,0.0075315493,0.9845136,0.007954901
id02407,0.01458398,0.9755961,0.009819948
id08746,0.0056677186,0.006098415,0.9882339
id12854,0.9862504,0.0067170733,0.0070325607
id25598,0.0064651533,0.006458842,0.987076
id16973,0.00624908,0.005525575,0.98822534
id20066,0.006077112,0.006251678,0.98767126
id25966,0.007045743,0.9852085,0.0077457963
id21599,0.985052,0.007375496,0.007572553
id17112,0.9844657,0.0076647378,0.007869524
id01775,0.0069714068,0.985342,0.0076865586
id08484,0.006926381,0.007380298,0.98569334
id12094,0.006970933,0.98527515,0.0077538877
id25422,0.006258081,0.0060242177,0.98771775
id25063,0.0066806064,0.9856974,0.007622045
id25508,0.0063854237,0.0062558064,0.98735875
id01575,0.006365074,0.006535135,0.98709977
id24368,0.0064519634,0.0065599703,0.98698807
id16823,0.0063180597,0.98652965,0.007152311
id22747,0.0068931733,0.9857691,0.0073377443
id19321,0.0053877574,0.0062560136,0.98835623
id08220,0.0069099353,0.9852754,0.007814704
id12296,0.6773079,0.020076929,0.3026152
id11186,0.98477453,0.0074603343,0.0077650994
id10551,0.0062992065,0.9864717,0.007229132
id20839,0.98472923,0.0074527096,0.007818002
id06118,0.9845734,0.0075099734,0.007916636
id06330,0.0071915407,0.98518294,0.0076255095
id02669,0.9854483,0.00829583,0.0062559084
id14811,0.9840663,0.007951288,0.007982409
id04728,0.98538727,0.0073420685,0.007270718
id16646,0.0064181667,0.005994085,0.98758775
id13018,0.0065268893,0.9868175,0.0066556204
id15248,0.98364633,0.008280661,0.008073056
id23476,0.007195092,0.9847073,0.008097563
id09208,0.006578684,0.98594487,0.0074764974
id19351,0.9838202,0.007849018,0.008330795
id02009,0.9793696,0.012280379,0.008349993
id00785,0.98485756,0.00751948,0.007622991
id07975,0.0071768006,0.9860482,0.0067749806
id17892,0.007432471,0.9849365,0.0076310504
id03299,0.0042207246,0.005472702,0.99030656
id15351,0.007154755,0.9849411,0.00790414
id11066,0.9871895,0.0060209953,0.006789448
id20485,0.007634696,0.985407,0.0069582625
id13866,0.98420066,0.0076104715,0.0081888
id17335,0.006283143,0.98684305,0.00687378
id15220,0.9862752,0.007053372,0.00667148
id24047,0.9848577,0.007526828,0.007615552
id15180,0.0069790017,0.9854528,0.0075682397
id16921,0.0057563893,0.0061097187,0.9881339
id17207,0.005967418,0.0060259793,0.98800665
id15068,0.98969394,0.0051580565,0.0051479917
id22013,0.9847035,0.0075772703,0.0077191764
id11929,0.012550539,0.00589382,0.98155564
id12540,0.007574942,0.98440087,0.008024208
id12582,0.010032613,0.98222995,0.007737476
id05261,0.0058424035,0.9883152,0.0058424035
id08471,0.9845851,0.0076208822,0.007793992
id15209,0.006592178,0.98603934,0.007368483
id01148,0.98598653,0.0069759665,0.0070375493
id26519,0.007016721,0.007030439,0.98595285
id16510,0.98489326,0.0074685235,0.007638172
id03888,0.0071554137,0.98503184,0.007812773
id27926,0.012521019,0.005358992,0.98212
id05359,0.9846731,0.007547496,0.007779479
id04274,0.982939,0.008372245,0.00868877
id21013,0.009295254,0.94814163,0.042563125
id11443,0.0055186367,0.005567354,0.988914
id09956,0.9848797,0.00753435,0.0075860308
id03138,0.9857691,0.0071328515,0.0070981085
id08516,0.9840041,0.008083882,0.007912057
id08608,0.0062454278,0.0061067133,0.98764783
id04629,0.006502196,0.0065660058,0.9869318
id19808,0.98412746,0.0079440195,0.00792852
id16578,0.006324527,0.0061359303,0.9875395
id04607,0.006844379,0.98550516,0.007650384
id22816,0.0058722314,0.98755753,0.0065701683
id27913,0.98633856,0.0053662667,0.008295218
id00346,0.006544268,0.0059411926,0.9875145
id02198,0.0069042286,0.98542356,0.0076721953
id27303,0.9845638,0.0077105495,0.007725624
id07033,0.006191115,0.006107047,0.98770183
id03546,0.011835986,0.9757963,0.01236772
id14709,0.9838627,0.007903199,0.008234093
id25348,0.9849739,0.0074983677,0.0075277165
id19596,0.4563559,0.017868485,0.5257756
id12265,0.006300513,0.0060591437,0.9876403
id01054,0.98422563,0.007814004,0.007960345
id03002,0.0063057626,0.006195888,0.98749834
id25624,0.98458415,0.0075837546,0.007832134
id16202,0.98221165,0.008724839,0.009063541
id08187,0.009587269,0.9807973,0.009615399
id24373,0.9842592,0.0076706177,0.008070201
id06415,0.0062921015,0.0064224713,0.98728544
id09078,0.0068670465,0.9849141,0.008218778
id25989,0.0071759867,0.0068876133,0.9859364
id05431,0.02902242,0.009417601,0.96156
id16557,0.006630613,0.9859941,0.0073753437
id22749,0.9847221,0.007459937,0.007817945
id00697,0.0062816357,0.006148118,0.9875702
id22969,0.006437214,0.0059418334,0.987621
id07440,0.007032699,0.006697554,0.9862698
id19872,0.005967698,0.005979365,0.98805296
id06054,0.984482,0.0075166123,0.008001394
id27862,0.0074097696,0.0058558886,0.9867344
id27186,0.98268676,0.008918626,0.008394654
id01617,0.0048462935,0.005307041,0.98984665
id11922,0.0069592395,0.98554534,0.0074953954
id15003,0.006137782,0.98687315,0.006989061
id09458,0.0062922593,0.006397593,0.9873102
id03568,0.98471075,0.007562541,0.0077267764
id27132,0.98459923,0.0075838706,0.00781697
id24204,0.98539495,0.007619706,0.0069854106
id24736,0.9860257,0.007086103,0.0068882373
id06990,0.0071134167,0.9850051,0.007881529
id24155,0.011335235,0.95480746,0.033857286
id22129,0.006379888,0.0061534797,0.98746663
id00191,0.0060724556,0.0060487813,0.98787874
id05185,0.98659813,0.0065766177,0.006825257
id13399,0.007504154,0.986697,0.0057987613
id20862,0.984853,0.0073812115,0.0077657183
id06180,0.9841197,0.007905263,0.00797505
id27225,0.98447454,0.0077551575,0.007770319
id09447,0.98635685,0.0071510584,0.0064920653
id18125,0.98430365,0.007633599,0.008062688
id04010,0.0059105605,0.0058932696,0.9881962
id17932,0.981607,0.009281825,0.009111193
id17948,0.98421097,0.007936939,0.007852135
id18545,0.006304992,0.0063173184,0.9873777
id03389,0.9853504,0.007582248,0.007067432
id02487,0.006036364,0.0061855502,0.9877781
id04924,0.9850023,0.0074329674,0.0075647803
id23553,0.0059850677,0.0059850677,0.98802984
id16831,0.98527807,0.0071992623,0.00752269
id01296,0.98401904,0.007889031,0.008091904
id12033,0.0066031893,0.0066745044,0.98672235
id06913,0.006910408,0.98534274,0.0077468515
id15715,0.9690207,0.019664697,0.011314563
id23432,0.04163524,0.010288201,0.94807655
id01152,0.98392004,0.008075302,0.008004638
id16384,0.98376316,0.008241305,0.007995551
id04060,0.0061999075,0.006625598,0.9871745
id21604,0.98484695,0.0074100546,0.0077429535
id11212,0.0062207454,0.0061844024,0.98759484
id26589,0.0061615827,0.006036509,0.98780185
id15858,0.98495847,0.007432637,0.007608897
id02814,0.0066741793,0.98571116,0.0076147118
id18347,0.9851164,0.007340051,0.0075435243
id02517,0.0062369136,0.006498043,0.98726505
id20800,0.98444146,0.0076197707,0.0079387985
id16428,0.98662204,0.007028344,0.00634958
id23844,0.98373866,0.007833053,0.008428296
id11149,0.0070868535,0.9851677,0.007745475
id12505,0.006485269,0.98628694,0.0072277784
id10850,0.93486613,0.052459016,0.012674881
id05706,0.98332894,0.008449504,0.008221593
id23216,0.0033854728,0.005152157,0.99146235
id16618,0.0062267845,0.006184364,0.9875888
id04283,0.0068374374,0.9854675,0.007695049
id20374,0.0059792255,0.0059909155,0.9880299
id07227,0.006738324,0.9855135,0.007748194
id06396,0.984583,0.0075541795,0.007862779
id08884,0.98433036,0.0077162515,0.00795342
id10983,0.98415864,0.0076848282,0.008156526
id07296,0.0052718786,0.9890667,0.0056614266
id17683,0.005345865,0.00435891,0.99029523
id26473,0.0065350947,0.0063712527,0.9870936
id06454,0.006078389,0.0060428777,0.98787874
id19166,0.98445857,0.007861786,0.007679667
id08406,0.045627538,0.94485265,0.00951979
id25126,0.0063361633,0.00623793,0.9874259
id27593,0.9851361,0.0072759665,0.0075880056
id24613,0.0110164145,0.0069547533,0.98202884
id26586,0.9852101,0.0071567087,0.0076331706
id25719,0.006328764,0.0064347084,0.9872365
id05015,0.0065755136,0.0060281404,0.9873963
id01594,0.98461473,0.007606242,0.0077790185
id01522,0.006066601,0.0060429494,0.9878905
id06935,0.9848505,0.0075562317,0.0075932182
id01975,0.0065087574,0.006527854,0.9869634
id20847,0.005921255,0.006026259,0.9880525
id24960,0.0060047326,0.0056189327,0.9883763
id27808,0.007086423,0.98510784,0.0078057484
id25463,0.9837482,0.008026723,0.008225098
id11367,0.98498833,0.007527827,0.0074838465
id02273,0.005489452,0.006011347,0.9884992
id02167,0.98414856,0.007805767,0.008045687
id08352,0.0065040807,0.9862543,0.007241669
id26928,0.005206461,0.98830765,0.0064858757
id04224,0.9846006,0.007748579,0.0076508303
id00462,0.94168955,0.045887433,0.012423012
id16591,0.0073785204,0.984494,0.008127496
id06982,0.006791275,0.9855282,0.007680507
id24880,0.007416337,0.9847198,0.007863872
id27479,0.0069435863,0.0068426146,0.98621374
id16556,0.98374903,0.008073898,0.008177053
id15231,0.98453367,0.007793585,0.0076727564
id14694,0.9836073,0.008468419,0.0079243295
id01114,0.9840855,0.008132061,0.0077824327
id18694,0.3627757,0.036033846,0.60119045
id25551,0.98480636,0.007533789,0.007659906
id23478,0.0062654605,0.005817283,0.98791724
id22780,0.9843609,0.007716491,0.00792266
id06602,0.009424494,0.9822014,0.008374137
id05176,0.006630517,0.98597986,0.0073896563
id15450,0.006526931,0.0066491673,0.9868239
id16956,0.006184888,0.0061427522,0.9876724
id23532,0.0063391845,0.9869326,0.006728286
id22688,0.006126022,0.006001671,0.9878723
id12898,0.9837337,0.008153004,0.008113292
id21525,0.984833,0.0074316896,0.0077352854
id13576,0.9871688,0.00645945,0.006371738
id07080,0.0057357606,0.98363185,0.010632422
id25397,0.98412275,0.0077448185,0.008132368
id08383,0.02458236,0.9671875,0.00823004
id08285,0.9847527,0.0074747535,0.0077725146
id10323,0.9844099,0.007123017,0.008467057
id10441,0.0056781587,0.987158,0.007163859
id26298,0.78901064,0.018411351,0.19257805
id13531,0.7900443,0.18960917,0.020346507
id03191,0.9848282,0.007652599,0.007519256
id19771,0.0066061076,0.98619497,0.0071989284
id03275,0.9844742,0.0077098473,0.007815978
id11616,0.006726889,0.006545443,0.98672765
id03117,0.0069449856,0.9854497,0.0076052607
id08054,0.0054791197,0.0059533394,0.98856753
id15303,0.98655254,0.0063367435,0.00711069
id02470,0.0060182246,0.0062824567,0.9876993
id01452,0.9845249,0.0076204166,0.0078546405
id11934,0.00716208,0.9849872,0.007850659
id00258,0.013784526,0.9720488,0.014166648
id27905,0.9787661,0.008534402,0.012699544
id23897,0.0069584176,0.985429,0.007612532
id02334,0.0063111307,0.9864106,0.0072782687
id07638,0.9845775,0.007451561,0.007970972
id13181,0.0054817484,0.005476398,0.98904186
id01284,0.9852248,0.007391212,0.0073839976
id27402,0.9840041,0.007912057,0.008083882
id14742,0.005950135,0.0060143974,0.9880355
id12370,0.9816026,0.008736476,0.009660957
id19048,0.98526025,0.0073914775,0.0073482953
id08388,0.0055206134,0.006176759,0.98830265
id19205,0.98569286,0.007223425,0.007083711
id04851,0.0059516407,0.005762897,0.9882855
id16478,0.9855193,0.007151967,0.0073287245
id06806,0.006668544,0.98584116,0.007490326
id13659,0.0029382329,0.0047136596,0.99234813
id09861,0.8692346,0.10771386,0.023051487
id05986,0.007025488,0.9852585,0.00771599
id15844,0.0066323024,0.9862453,0.007122373
id05900,0.9842179,0.0078063165,0.007975846
id20409,0.9846525,0.007643766,0.007703717
id08751,0.0049482305,0.9901516,0.004900143
id22617,0.0062699053,0.006077001,0.98765314
id13064,0.0055426853,0.0051061613,0.98935115
id14506,0.0064217546,0.0064029684,0.9871753
id05783,0.10904363,0.012386128,0.87857026
id23139,0.0064469273,0.006371818,0.98718125
id04770,0.9840156,0.0077970936,0.00818726
id11775,0.9842064,0.0077002263,0.008093445
id12936,0.0062678033,0.006410177,0.98732203
id20522,0.005357065,0.98850095,0.0061419043
id22929,0.98369217,0.008010604,0.008297235
id11357,0.98530895,0.007263044,0.007428025
id10028,0.0069135055,0.9857844,0.0073021166
id10617,0.0055107544,0.006022899,0.9884664
id23988,0.9833649,0.008102334,0.0085327355
id20434,0.0059849974,0.005996698,0.9880183
id06611,0.0063357353,0.0063048746,0.98735934
id18405,0.62983435,0.35468787,0.015477728
id27427,0.98735505,0.0068706335,0.005774364
id16168,0.0069916644,0.9853145,0.0076938537
id02139,0.5448911,0.43230903,0.022799939
id18654,0.00709346,0.98512346,0.007783037
id24598,0.9826012,0.008576213,0.008822566
id23360,0.0067332485,0.9857333,0.00753352
id06220,0.006322712,0.9862925,0.0073847845
id26411,0.98409504,0.007828243,0.008076738
id27660,0.9845634,0.007658016,0.0077786124
id07192,0.0058597447,0.0057914765,0.9883488
id18074,0.006072023,0.0061196466,0.98780835
id11784,0.00572526,0.9876008,0.0066739256
id04810,0.021916708,0.0071431613,0.9709401
id01716,0.9844067,0.0075454544,0.008047798
id27584,0.9836842,0.0050521838,0.011263624
id25409,0.005350558,0.005418918,0.9892306
id06430,0.9863921,0.006837172,0.0067707277
id11135,0.9843471,0.0078073414,0.007845557
id27712,0.9847266,0.00554378,0.009729637
id27233,0.983943,0.007973618,0.008083381
id13522,0.98540556,0.007026537,0.0075678774
id11625,0.00579197,0.005775026,0.98843306
id03246,0.0069542285,0.9848357,0.008210102
id05341,0.00750153,0.98635197,0.0061465334
id22061,0.0058767023,0.0058139116,0.9883094
id03170,0.9815433,0.008899554,0.009557156
id09768,0.0060736905,0.005846718,0.9880796
id20721,0.9884094,0.00588304,0.0057076085
id14854,0.98476285,0.0075925426,0.007644622
id01123,0.98443604,0.0076869945,0.0078769745
id00842,0.9834489,0.008174558,0.008376589
id11035,0.9863257,0.006917301,0.0067570615
id19301,0.006554897,0.9862248,0.0072202682
id06409,0.9865615,0.006686463,0.0067520803
id09883,0.9845722,0.007487994,0.007939852
id04218,0.9864043,0.0067115636,0.0068841563
id25171,0.0064595304,0.0063593844,0.9871811
id13394,0.0061020697,0.0060368706,0.9878611
id14322,0.98389775,0.0078114015,0.008290869
id17623,0.0059189545,0.0064124274,0.98766863
id16980,0.98569703,0.007308603,0.006994379
id22634,0.0057139634,0.0057419324,0.9885441
id03773,0.98389524,0.008170285,0.007934393
id20243,0.0074150707,0.98455167,0.008033278
id12135,0.0067928797,0.9857611,0.0074459617
id11727,0.98469526,0.007540299,0.007764474
id06460,0.006437299,0.98666996,0.0068927384
id23515,0.98275787,0.008461107,0.008780992
id16908,0.008716752,0.063112706,0.92817056
id10641,0.9863339,0.006632898,0.007033156
id22637,0.005681946,0.006501672,0.9878164
id19724,0.98534435,0.0072491327,0.0074065607
id12295,0.007322214,0.98464376,0.00803403
id18977,0.005862098,0.006357037,0.9877808
id27456,0.9848942,0.00756395,0.0075418227
id02223,0.9849358,0.007267387,0.0077967686
id06374,0.0060551194,0.0059962757,0.9879486
id13746,0.0066300128,0.006501777,0.9868682
id24107,0.006107378,0.006137272,0.98775536
id09075,0.006300101,0.006124183,0.9875757
id06741,0.9868129,0.0061915866,0.0069954623
id25474,0.98625344,0.006816212,0.0069303163
id02497,0.9836161,0.008191933,0.008191933
id21878,0.98430365,0.007633599,0.008062688
id23199,0.0058548143,0.006627899,0.9875173
id12018,0.9841891,0.0076700714,0.008140863
id20722,0.0064171776,0.00614728,0.9874356
id05372,0.006274045,0.9873406,0.0063853064
id07964,0.9852299,0.0072624614,0.0075076455
id02393,0.0061117,0.0063987547,0.9874895
id10923,0.0071539264,0.0070567844,0.9857893
id01260,0.9863987,0.006777389,0.0068238773
id09037,0.0059802937,0.0058133057,0.9882064
id01477,0.98726153,0.0063536954,0.0063847946
id11164,0.9841501,0.007882381,0.007967511
id20313,0.98459345,0.007680719,0.0077258563
id20067,0.006112718,0.0062332805,0.98765403
id17248,0.9835222,0.007993592,0.008484242
id24557,0.0058145067,0.0057748947,0.9884106
id26745,0.014832044,0.011217703,0.97395027
id16759,0.006410684,0.006189224,0.9874001
id22382,0.9849991,0.0076688905,0.007332013
id18404,0.0066647553,0.0061278804,0.98720735
id23761,0.0062079253,0.0063056857,0.98748636
id00511,0.007095002,0.9853377,0.007567356
id15560,0.98661,0.006544662,0.006845364
id04834,0.98459136,0.007832191,0.0075764074
id26796,0.98469526,0.007540299,0.007764474
id14809,0.0060566803,0.005739953,0.98820335
id15091,0.6633489,0.020849712,0.31580144
id14861,0.005743681,0.98787993,0.0063763275
id21193,0.8905472,0.020378744,0.08907404
id20331,0.0060555576,0.9870558,0.006888703
id17847,0.0074968603,0.9847759,0.0077272877
id00795,0.9840302,0.0077744,0.008195382
id22651,0.9850152,0.0073680216,0.0076167695
id22803,0.98451173,0.0077630267,0.007725215
id01714,0.9842488,0.007625723,0.008125471
id05350,0.0057413834,0.005809061,0.9884496
id08674,0.9853631,0.0071648136,0.007472086
id04427,0.00615058,0.9870013,0.006848079
id17815,0.0067982716,0.9855806,0.007621142
id22270,0.9838238,0.007918336,0.008257925
id11183,0.006379503,0.0062134913,0.987407
id00326,0.9876985,0.0063008843,0.0060006147
id00382,0.9840858,0.0077900393,0.008124125
id11557,0.0064281886,0.006371938,0.98719984
id20271,0.9841711,0.008481553,0.0073473435
id05133,0.90589976,0.014303312,0.07979695
id14597,0.009058172,0.9825889,0.0083529325
id21411,0.0075550433,0.9846956,0.007749327
id15375,0.0060901637,0.0060486738,0.9878612
id10172,0.0058262004,0.005707935,0.9884659
id13524,0.984089,0.007998199,0.007912741
id26331,0.9839729,0.007911807,0.008115265
id20167,0.0061787395,0.006166683,0.9876546
id03249,0.006747306,0.98586386,0.007388787
id15839,0.98520166,0.0072835605,0.0075147655
id27200,0.0064472584,0.9862684,0.0072843293
id15847,0.0063119605,0.0061838347,0.9875042
id07249,0.006496375,0.9860482,0.0074554076
id19494,0.98367804,0.008248643,0.008073316
id01388,0.021180835,0.35982445,0.6189947
id22045,0.00598053,0.00577393,0.9882455
id09111,0.9816865,0.009094151,0.009219337
id04011,0.0056535094,0.005697851,0.98864865
id26410,0.006924707,0.98545516,0.0076201716
id19614,0.98443466,0.0075015854,0.008063761
id10183,0.006878921,0.9856541,0.007466998
id20388,0.0065610716,0.0062851217,0.9871538
id16498,0.9842808,0.00764088,0.008078263
id18488,0.0067448686,0.0067845047,0.98647064
id11018,0.0053282506,0.98992807,0.0047436743
id16185,0.9842862,0.0077840197,0.007929799
id23501,0.98492706,0.007374561,0.007698343
id02837,0.0066867704,0.006706389,0.98660684
id05544,0.98564494,0.00723013,0.0071249926
id22784,0.0062346687,0.0058913482,0.987874
id15404,0.0061197914,0.0060484936,0.9878318
id13010,0.9845105,0.0076426626,0.007846859
id22169,0.0068776514,0.98547226,0.007650129
id16438,0.0060669202,0.005990386,0.98794264
id20464,0.0073862514,0.005161473,0.98745227
id26306,0.9846948,0.0075255833,0.0077796504
id15995,0.007288947,0.0067807883,0.98593026
id26068,0.0075819474,0.0042158705,0.98820215
id19348,0.4719788,0.35040253,0.17761871
id04196,0.98628265,0.0070327907,0.006684573
id13002,0.007027463,0.9855355,0.0074369907
id25650,0.0064231902,0.9864322,0.007144624
id17598,0.0073684584,0.9850736,0.0075579435
id10079,0.9856243,0.006959797,0.0074159037
id10094,0.0068399454,0.98582906,0.007331028
id05918,0.9874787,0.0067123156,0.005809025
id18747,0.9836134,0.008041312,0.008345326
id15571,0.0058348477,0.98703706,0.0071280915
id16113,0.006460128,0.0062674885,0.98727244
id02316,0.98569804,0.007021762,0.007280117
id09545,0.9848578,0.0076006926,0.007541544
id13878,0.65854275,0.023317615,0.31813964
id07476,0.9841111,0.007851339,0.008037529
id20103,0.0060848254,0.0059554907,0.9879596
id27367,0.0063724946,0.0063414546,0.98728603
id25668,0.006535176,0.0063589006,0.98710597
id09680,0.9838934,0.0078803245,0.008226312
id00500,0.006742505,0.9870884,0.00616917
id06110,0.9853522,0.0073203305,0.007327482
id15804,0.0063847313,0.986288,0.007327283
id03223,0.0072597335,0.9848599,0.007880366
id02039,0.007077635,0.98484737,0.008075023
id09795,0.006172783,0.0061607384,0.9876665
id10808,0.0061894944,0.0063672885,0.98744327
id10134,0.0067591243,0.98566365,0.007577256
id14361,0.980518,0.010609117,0.00887291
id15881,0.0063665113,0.0063108006,0.9873227
id27120,0.006127672,0.005733973,0.9881384
id09860,0.98601973,0.006761566,0.007218767
id11959,0.006641836,0.98573583,0.007622342
id25770,0.0070591522,0.9851575,0.0077833063
id24364,0.0041474407,0.9903688,0.0054837456
id22944,0.9835235,0.008017056,0.008459433
id04345,0.9841145,0.007737195,0.0081482
id05127,0.011698143,0.005807991,0.9824939
id01779,0.006466517,0.006249228,0.98728424
id05559,0.9845761,0.007568895,0.007855048
id14474,0.9850766,0.007261331,0.007662008
id13283,0.98462254,0.0076211723,0.0077563236
id03301,0.9859352,0.0068607535,0.007204064
id16939,0.0065289075,0.9861591,0.0073120287
id01166,0.0071416604,0.9850606,0.0077977558
id16766,0.98394287,0.007965834,0.008091277
id04338,0.9836682,0.00801041,0.008321377
id12731,0.98353976,0.008017189,0.008443067
id08988,0.006850817,0.98546916,0.007680047
id08236,0.0070791766,0.98506194,0.007858925
id03309,0.9861091,0.0074195513,0.0064714476
id16458,0.98436886,0.007899548,0.00773164
id02442,0.98405,0.007881579,0.008068485
id25767,0.006150388,0.00591477,0.9879348
id17357,0.0068944898,0.9859574,0.007148162
id08627,0.0063408986,0.0064596506,0.9871995
id19488,0.0056860014,0.0057924883,0.98852146
id18345,0.9844222,0.0077850954,0.0077927024
id10661,0.011477707,0.0064889067,0.98203343
id01713,0.007471848,0.9843699,0.008158277
id26237,0.9857383,0.007402289,0.0068593826
id08062,0.0068272734,0.9859264,0.0072463346
id01497,0.0071621356,0.9849948,0.007843056
id07590,0.98359203,0.008264046,0.008143874
id06299,0.006378045,0.006440635,0.9871813
id02770,0.0066509116,0.0062662847,0.98708284
id19197,0.006311539,0.006250203,0.98743826
id16572,0.98447245,0.007634908,0.007892666
id04518,0.0072735986,0.9848155,0.007910852
id09316,0.9841106,0.00902801,0.0068614446
id17533,0.0061911885,0.0060952036,0.9877136
id13494,0.98572505,0.006872701,0.00740219
id10024,0.9840734,0.007897177,0.008029376
id19896,0.98455644,0.007480565,0.00796302
id10956,0.9852105,0.007427282,0.007362289
id08458,0.006817572,0.9854872,0.0076952027
id09066,0.01953725,0.0063738623,0.9740889
id26608,0.9846234,0.007451908,0.007924772
id20977,0.74386305,0.028133318,0.22800367
id21587,0.0063428017,0.9846069,0.009050223
id19928,0.0065598874,0.0064644963,0.98697567
id19077,0.011217807,0.9787266,0.010055577
id06865,0.005886865,0.006026468,0.9880867
id15224,0.006238695,0.006214372,0.987547
id09036,0.006496328,0.98604107,0.007462638
id04885,0.98401064,0.007865886,0.008123505
id06619,0.006804666,0.9855447,0.0076506916
id20211,0.0067583174,0.985546,0.007695662
id23985,0.98739517,0.0060932385,0.0065116044
id17048,0.98350155,0.008063989,0.008434498
id11272,0.9870375,0.006120845,0.006841646
id16998,0.0063552875,0.0061357403,0.98750895
id16506,0.0068031866,0.006903576,0.9862932
id11558,0.0066946414,0.0065013543,0.986804
id04913,0.0051997006,0.00584618,0.98895407
id10308,0.0065106247,0.0062428904,0.9872465
id15956,0.007165592,0.0073642298,0.9854702
id21350,0.007099471,0.98499596,0.00790458
id09246,0.97704417,0.012456307,0.010499511
id00753,0.9849625,0.007338904,0.00769862
id08101,0.006067529,0.9870772,0.0068552974
id26853,0.0070810467,0.9853221,0.0075968546
id22044,0.0067728464,0.98573756,0.007489539
id27234,0.98474586,0.0074893152,0.007764873
id18357,0.004529922,0.98972136,0.00574877
id24187,0.9838582,0.008043314,0.008098487
id23934,0.799608,0.016131943,0.18426007
id21378,0.007011717,0.98524976,0.0077385586
id12777,0.004797568,0.005691692,0.9895107
id11493,0.00588317,0.005685483,0.98843133
id12824,0.0063121505,0.006153899,0.9875339
id22565,0.0072303177,0.9866334,0.0061362907
id02996,0.006056443,0.005779098,0.9881645
id26154,0.9825335,0.008584001,0.008882472
id22710,0.9837173,0.008057885,0.00822484
id19389,0.006999231,0.98541796,0.0075827683
id19539,0.0062377364,0.0063669793,0.9873953
id17345,0.006010108,0.9873308,0.0066590826
id16938,0.9844038,0.0076343757,0.007961785
id05670,0.98424584,0.007715589,0.00803863
id12991,0.9842951,0.0074348883,0.008269954
id26819,0.007211184,0.984984,0.0078047668
id02679,0.0068551516,0.0070520667,0.98609275
id11334,0.98414165,0.008022095,0.007836263
id18553,0.9838658,0.0078111477,0.008323048
id27899,0.98532945,0.0070810993,0.007589495
id20569,0.007133642,0.984916,0.007950385
id00759,0.006749868,0.98623824,0.0070119007
id13013,0.98420286,0.007821459,0.007975724
id06798,0.9838017,0.007964691,0.0082335835
id04524,0.0071006645,0.98516154,0.0077378657
id19026,0.013044286,0.0077814963,0.9791742
id17376,0.0058547463,0.005674615,0.9884707
id21794,0.006148605,0.006202884,0.9876485
id22720,0.0054825773,0.0072561456,0.9872613
id26054,0.006598597,0.0064018285,0.9869996
id01050,0.0070872335,0.98618305,0.0067297453
id11917,0.98347396,0.008271127,0.008254988
id12706,0.9839425,0.0079425275,0.008115014
id18796,0.0057119504,0.006092227,0.98819584
id10096,0.0060081403,0.006019886,0.98797196
id27514,0.9861166,0.0072194766,0.0066638957
id22130,0.98448735,0.007885082,0.007627571
id23378,0.9834103,0.0082786735,0.008311075
id27306,0.98387325,0.007996446,0.008130307
id25914,0.006010997,0.006512143,0.9874769
id05461,0.9839295,0.0078116534,0.008258812
id24782,0.98499566,0.007513194,0.0074912147
id11890,0.006918354,0.9855129,0.0075687016
id23405,0.014815246,0.53099805,0.4541867
id15919,0.004747913,0.005406425,0.98984563
id08430,0.015942119,0.009244629,0.9748132
id16328,0.0059439396,0.006084896,0.9879711
id16599,0.98491365,0.0074105565,0.0076757176
id25407,0.0074838516,0.9840275,0.0084886
id10786,0.98442197,0.007830843,0.0077471733
id08935,0.98451716,0.0076129185,0.007869935
id24742,0.98433167,0.007776782,0.007891539
id15921,0.98489296,0.0074539487,0.0076531023
id21816,0.005778057,0.0062353783,0.9879865
id06235,0.007066641,0.9852401,0.007693273
id00527,0.984489,0.007816096,0.007694919
id17349,0.0058705644,0.0058877883,0.9882417
id05356,0.983914,0.007819164,0.008266752
id13287,0.007011664,0.9852423,0.007746062
id09044,0.9844889,0.007687407,0.007823733
id09374,0.98852414,0.005597863,0.005877979
id25625,0.039484035,0.94131994,0.01919606
id03201,0.0057516503,0.98828506,0.005963274
id02709,0.9840661,0.0077141803,0.008219725
id08914,0.0063949972,0.006695358,0.9869096
id15753,0.35622343,0.019195192,0.6245814
id20125,0.00781659,0.9835902,0.008593232
id20784,0.98399866,0.0077741505,0.008227192
id26248,0.0063894177,0.00659868,0.9870119
id10016,0.014038405,0.008498109,0.9774635
id18793,0.9847482,0.0076519772,0.007599847
id04562,0.0071644993,0.98531985,0.007515667
id25106,0.006131501,0.006077847,0.98779064
id00536,0.98413944,0.007767674,0.008092894
id01946,0.007287129,0.0070285248,0.98568434
id18369,0.0065853577,0.9859816,0.0074330955
id07345,0.0066302293,0.985937,0.0074327597
id27752,0.9856451,0.0071458984,0.0072089816
id21463,0.006918098,0.98547643,0.007605467
id18922,0.006730759,0.0069376375,0.9863316
id17166,0.0065727895,0.98506147,0.008365778
id07458,0.0069783265,0.98535746,0.0076641925
id01801,0.0063782847,0.0064032483,0.98721844
id10529,0.98401445,0.0077742757,0.008211271
id08774,0.0049269698,0.00531693,0.98975605
id22292,0.005501701,0.0057264534,0.98877186
id14044,0.983225,0.008481678,0.008293294
id20234,0.007266044,0.9847538,0.007980188
id26960,0.9841425,0.007882319,0.007975234
id20809,0.0038436155,0.99239814,0.0037582465
id20365,0.9841767,0.0077301306,0.008093201
id09182,0.19205943,0.7879432,0.019997312
id27671,0.9846378,0.007658595,0.007703602
id26438,0.98567593,0.0073298896,0.0069942293
id22712,0.9850819,0.007448102,0.007469954
id13988,0.0061323643,0.00593789,0.98792976
id01727,0.9838696,0.007880134,0.00825025
id27147,0.9808881,0.009653925,0.009457961
id23213,0.0067995708,0.985769,0.0074314927
id21969,0.005728408,0.98814386,0.006127706
id12062,0.9854105,0.007102459,0.007487054
id26579,0.98178804,0.008105156,0.010106751
id20568,0.0064564096,0.98670423,0.006839336
id04399,0.007049814,0.0062092994,0.9867409
id26756,0.19145057,0.77762234,0.030927062
id04580,0.006303243,0.006592853,0.9871039
id16349,0.004750798,0.99044704,0.004802108
id23583,0.006817212,0.98543525,0.007747579
id14643,0.98430866,0.0077614253,0.00792998
id22604,0.010318082,0.009626905,0.98005503
id25973,0.0067197513,0.98568064,0.0075996183
id07553,0.0046105906,0.0046286355,0.9907608
id05614,0.007544368,0.9871527,0.0053029447
id15320,0.010457708,0.006838269,0.98270404
id01016,0.0064600487,0.006279665,0.98726034
id11463,0.0068044616,0.9855151,0.007680405
id18655,0.004689247,0.990105,0.0052057514
id22527,0.0060786037,0.0060077854,0.9879136
id05458,0.0067337416,0.98580545,0.0074608545
id08802,0.00640187,0.006592199,0.98700595
id11573,0.9846524,0.007430327,0.007917272
id16935,0.0071693687,0.0068410593,0.9859896
id27417,0.006038968,0.005756799,0.98820424
id27781,0.98516047,0.0073763086,0.007463258
id21873,0.9839225,0.00782687,0.008250693
id20624,0.006137162,0.006125187,0.98773766
id19660,0.007286117,0.9845856,0.008128251
id03783,0.98374134,0.007871416,0.008387267
id22172,0.0066345977,0.9865867,0.0067786803
id20709,0.98385787,0.00813018,0.008011954
id12524,0.9843089,0.0077766017,0.007914509
id27650,0.006739534,0.9856904,0.007570065
id09501,0.006703684,0.9862089,0.0070874193
id20840,0.9842025,0.007991313,0.0078061945
id09960,0.0057453243,0.0060920226,0.98816264
id13916,0.0061374903,0.0060719135,0.9877906
id00249,0.005922522,0.0058136433,0.98826385
id02540,0.9843976,0.007671696,0.007930696
id23326,0.0063806474,0.0060351784,0.9875842
id14632,0.9846451,0.0076437085,0.007711186
id25512,0.006166585,0.98571175,0.008121671
id10628,0.98432434,0.007791928,0.007883776
id08490,0.006890018,0.9853178,0.0077921785
id09084,0.9852453,0.0072981226,0.007456615
id27553,0.0070321453,0.98522943,0.0077383993
id20930,0.006984783,0.9853064,0.0077088326
id21337,0.0059946817,0.006319291,0.98768604
id25537,0.0065547894,0.0062729744,0.9871722
id27349,0.98500085,0.0076241004,0.007375113
id25655,0.0065373885,0.98647636,0.006986251
id26464,0.9842297,0.007700409,0.0080699595
id00599,0.9841488,0.007813395,0.008037837
id06964,0.011018229,0.9802742,0.008707629
id21875,0.9851598,0.0078904675,0.0069497265
id27488,0.9844949,0.0076276297,0.007877447
id07980,0.006143958,0.005989923,0.98786616
id12995,0.0052446653,0.005977909,0.98877746
id08094,0.006056374,0.0057903305,0.9881533
id02134,0.983362,0.008262114,0.008375849
id14311,0.006435079,0.98632973,0.0072351536
id06514,0.9842859,0.007596279,0.008117846
id19775,0.006286818,0.00629296,0.9874202
id18618,0.008870068,0.9821202,0.009009751
id26593,0.9846124,0.0075323055,0.007855338
id11975,0.007155903,0.9850992,0.007744937
id07853,0.0055924943,0.0058666095,0.98854095
id16848,0.9846859,0.007488859,0.007825297
id11595,0.0071279323,0.98508924,0.0077827666
id24777,0.98239833,0.008633257,0.008968404
id07824,0.98469836,0.007437934,0.0078637
id23007,0.006632028,0.006199868,0.98716813
id04805,0.0055758394,0.00593545,0.98848873
id00504,0.9813072,0.009611007,0.009081764
id24331,0.007004389,0.9851816,0.00781396
id03914,0.0060997712,0.006411261,0.987489
id16299,0.9840911,0.007737011,0.008171911
id05565,0.9857602,0.0073735947,0.0068662376
id27934,0.006287214,0.98651856,0.0071942615
id17027,0.9838344,0.008011762,0.008153839
id02785,0.9783943,0.008836417,0.012769323
id16094,0.97871965,0.01228422,0.008996109
id22435,0.0061253333,0.0061133816,0.98776126
id10586,0.004927949,0.0051192543,0.98995274
id06467,0.006625128,0.9861411,0.0072337696
id18227,0.98520166,0.0075147655,0.0072835605
id02286,0.0068634446,0.9853593,0.007777302
id07393,0.006704697,0.9853952,0.007900064
id11640,0.9843443,0.007164399,0.008491334
id15718,0.013095564,0.007713536,0.9791909
id23756,0.0064469366,0.9862191,0.0073339287
id14564,0.005962529,0.0058758236,0.9881616
id24963,0.9838605,0.007857009,0.008282463
id03069,0.9871378,0.0060797636,0.006782467
id24648,0.98490816,0.0074759335,0.007615942
id15920,0.3585329,0.056269508,0.5851976
id11255,0.984937,0.007454282,0.0076087313
id00544,0.0081608,0.9827529,0.009086265
id13211,0.98528767,0.007269983,0.0074423854
id26285,0.98648363,0.0067779724,0.006738374
id19879,0.54242015,0.021520158,0.4360597
id21440,0.008769204,0.005950948,0.9852798
id09539,0.006196116,0.0062691537,0.98753476
id10781,0.007106194,0.9849663,0.007927532
id06557,0.0063608037,0.006237775,0.9874014
id16747,0.0061188024,0.0062090927,0.9876721
id14358,0.0072930106,0.9845552,0.008151848
id05250,0.9863376,0.0067111095,0.006951243
id02390,0.9849857,0.007781949,0.0072323545
id14790,0.9824578,0.008616933,0.00892526
id14355,0.98680955,0.0070709903,0.006119432
id23157,0.9838551,0.008234031,0.007910861
id20324,0.0043787058,0.0047068493,0.99091446
id01870,0.0069862874,0.9855186,0.007495192
id01079,0.006661588,0.9857751,0.007563326
id03392,0.9846848,0.007848249,0.007466943
id22758,0.9853238,0.0073703295,0.007305835
id05599,0.010673415,0.0067119463,0.9826147
id07189,0.005819492,0.00588809,0.9882924
id13364,0.9841282,0.0076996144,0.00817222
id00902,0.006690291,0.9852002,0.008109533
id07164,0.017956186,0.7695047,0.2125391
id27290,0.011579237,0.0063697314,0.982051
id18931,0.9842938,0.00778408,0.00792212
id22165,0.98167926,0.010365505,0.007955274
id14677,0.0066308514,0.9860295,0.007339683
id18987,0.025497094,0.00739837,0.96710455
id13143,0.007280654,0.98480856,0.007910796
id18589,0.9866746,0.005959373,0.0073660337
id01635,0.007017503,0.9851002,0.00788229
id02661,0.0073804227,0.9847478,0.007871779
id12463,0.007107284,0.9851174,0.007775393
id18461,0.98641056,0.0062254327,0.007364062
id12709,0.9826264,0.008805578,0.0085680615
id11957,0.0069383066,0.9854638,0.0075979466
id13040,0.98667896,0.0063128476,0.0070081875
id03953,0.363271,0.016062653,0.6206663
id02623,0.9882579,0.0064539583,0.005288184
id21479,0.0056847567,0.0060101664,0.9883051
id06976,0.0068115727,0.9855822,0.007606283
id18721,0.98455614,0.007770963,0.0076729315
id12043,0.006864424,0.0066727484,0.9864628
id16526,0.006984255,0.9852319,0.007783894
id03184,0.0062997225,0.006183911,0.9875164
id23194,0.98434675,0.007883956,0.0077693104
id17544,0.9895546,0.005441909,0.0050035394
id17314,0.006303848,0.006497605,0.98719853
id17306,0.9834964,0.008352487,0.008151038
id11044,0.9661574,0.008457432,0.025385207
id22762,0.98694426,0.00673494,0.006320715
id02797,0.0061209677,0.006821768,0.98705727
id13340,0.0062341993,0.005966168,0.98779964
id08131,0.98474765,0.007555443,0.007696941
id24181,0.006877031,0.9853834,0.007739608
id20359,0.984407,0.0077546258,0.007838376
id14736,0.0067135845,0.98573816,0.007548285
id09362,0.9808636,0.010286333,0.0088500725
id07987,0.006324337,0.006165779,0.98750985
id01664,0.0045738625,0.98961025,0.0058158822
id00096,0.98365533,0.008144397,0.008200263
id01475,0.0063416124,0.0063478085,0.9873106
id04020,0.0062037315,0.0060128625,0.9877834
id09617,0.9855312,0.0070825494,0.0073862937
id13098,0.9844344,0.007634613,0.007930993
id19010,0.0067529683,0.9857282,0.0075187813
id12754,0.9845227,0.007561097,0.007916228
id25238,0.9866366,0.0068122046,0.006551233
id14896,0.0056432243,0.0055774786,0.9887793
id16827,0.0065684365,0.006134425,0.9872972
id11685,0.005170238,0.0057006204,0.9891291
id10496,0.0062780227,0.0057554147,0.9879666
id08073,0.14844564,0.015478647,0.8360757
id08504,0.0067072995,0.006551925,0.98674077
id25872,0.0060093906,0.0058131353,0.9881775
id09498,0.9848861,0.0074757664,0.0076381164
id23890,0.0062512364,0.9866375,0.0071113026
id15065,0.006421432,0.006452863,0.9871257
id11197,0.009226245,0.824862,0.1659118
id02832,0.86885524,0.076515175,0.054629553
id26969,0.9845701,0.0076207663,0.00780911
id25442,0.004842882,0.0050407206,0.9901164
id09727,0.00684163,0.0070864344,0.9860719
id18592,0.0059847864,0.006031725,0.98798347
id11442,0.9846274,0.00753242,0.0078401305
id22071,0.9840052,0.0077514607,0.008243332
id09700,0.005783062,0.005374637,0.98884225
id20265,0.9852632,0.007192127,0.0075446484
id23687,0.984073,0.00787407,0.00805293
id01055,0.0073897536,0.9850305,0.0075797867
id08519,0.98553145,0.0073790858,0.0070894705
id05922,0.98485047,0.0076080626,0.007541488
id02918,0.0059051486,0.9872914,0.006803425
id14502,0.9854635,0.007179552,0.0073569915
id01642,0.24500263,0.018177684,0.7368197
id21251,0.98409617,0.0076918486,0.008211953
id09673,0.006161107,0.0061131613,0.9877257
id17837,0.014030767,0.95523334,0.030735929
id24245,0.9847847,0.0075704986,0.0076447916
id15837,0.0072672763,0.00492209,0.9878106
id13077,0.006422035,0.0063596247,0.9872184
id23079,0.9821482,0.010360333,0.0074914745
id12938,0.0056346576,0.0061223395,0.98824304
id12144,0.006214636,0.006196456,0.98758894
id06882,0.9847317,0.0075111804,0.007757183
id06354,0.006410334,0.0062435204,0.9873462
id23573,0.9841046,0.0076994295,0.008196001
id13800,0.0059052636,0.0058193915,0.98827535
id26115,0.0047659506,0.0055016703,0.9897323
id21179,0.00629296,0.006286818,0.9874202
id00125,0.98493415,0.0073674154,0.0076983985
id22600,0.01631693,0.010965372,0.97271764
id15726,0.006918071,0.0066465493,0.98643535
id08078,0.779674,0.20028573,0.020040257
id20091,0.0070324107,0.9852666,0.0077009974
id00026,0.9844208,0.007523489,0.008055776
id03698,0.98449206,0.007443642,0.008064231
id09198,0.98458177,0.007893543,0.0075247195
id12520,0.027720341,0.7072783,0.26500133
id16277,0.009985438,0.006658235,0.98335636
id17964,0.006397356,0.006329002,0.98727363
id24040,0.02142769,0.96752614,0.011046197
id17613,0.9846416,0.0075104935,0.007847904
id00157,0.9839806,0.0075643174,0.008455104
id10012,0.013833347,0.007813032,0.9783536
id02419,0.0062630726,0.006196154,0.9875408
id05562,0.9842036,0.007905937,0.007890511
id09049,0.0070649153,0.9849995,0.007935545
id24915,0.006481386,0.9866595,0.006859092
id02808,0.0066687996,0.9868423,0.0064889207
id00167,0.9842902,0.007670859,0.008038991
id13451,0.98519576,0.007333477,0.0074708173
id24775,0.98498094,0.007549856,0.0074691884
id10240,0.007065189,0.9850376,0.007897198
id24597,0.9851567,0.0068286094,0.0080147
id15364,0.007005448,0.9853306,0.0076639834
id13191,0.007065189,0.9850376,0.007897198
id09592,0.0072576134,0.00720817,0.9855342
id12083,0.004424798,0.008791171,0.986784
id23492,0.9849438,0.007623659,0.007432526
id06816,0.0062880726,0.0060946094,0.9876173
id16971,0.98453957,0.007854757,0.007605661
id05675,0.9834262,0.008294992,0.008278808
id23037,0.0057081287,0.0057923594,0.98849946
id00399,0.9866862,0.0051123374,0.008201467
id05925,0.006411261,0.0060997712,0.987489
id01834,0.98347753,0.00807167,0.008450781
id20350,0.005748458,0.0055498756,0.98870164
id18961,0.98480606,0.0076748794,0.0075190864
id02132,0.007223278,0.98471075,0.008066022
id26609,0.0074016885,0.98469615,0.007902174
id16532,0.007225783,0.9850523,0.007721911
id23289,0.9840661,0.007928026,0.008005828
id26621,0.98407733,0.0077747726,0.008147892
id03254,0.006870572,0.9854197,0.0077097192
id04701,0.0068047,0.0057189506,0.9874764
id26600,0.006719602,0.9856587,0.0076217456
id16006,0.007610775,0.98423994,0.008149237
id25724,0.006435456,0.0062131407,0.98735136
id27223,0.9843585,0.007648949,0.0079925805
id14345,0.9840879,0.007851154,0.00806092
id27374,0.007872313,0.9838534,0.008274319
id21131,0.005829261,0.0061509167,0.98801976
id12410,0.984368,0.007701491,0.0079304585
id15483,0.94911546,0.011092972,0.039791588
id15429,0.9880896,0.0061935456,0.005716917
id25480,0.98370874,0.00825696,0.008034243
id11453,0.007444101,0.96739745,0.025158487
id20437,0.0072786496,0.9854994,0.0072220066
id08468,0.015199528,0.97021174,0.014588723
id22181,0.9853918,0.0074431724,0.007165022
id18810,0.98517686,0.0072125965,0.007610584
id17482,0.97260904,0.0058401,0.021550778
id22746,0.98560613,0.007379645,0.0070142536
id03107,0.9841498,0.007859319,0.0079908855
id02184,0.9850234,0.007396921,0.007579732
id25068,0.9831451,0.008472711,0.008382183
id19154,0.9840573,0.00786626,0.008076429
id10358,0.98448944,0.007755275,0.007755275
id09126,0.005670535,0.005604471,0.988725
id05936,0.98608273,0.006775218,0.007142093
id00020,0.007045261,0.9851411,0.00781364
id20771,0.98545015,0.007221646,0.0073282104
id00116,0.006390607,0.9862322,0.007377125
id12424,0.0063778437,0.006471956,0.9871502
id05755,0.006191151,0.0061011217,0.9877077
id27476,0.007242473,0.985401,0.007356525
id02686,0.98404306,0.007927841,0.008029128
id10234,0.98455447,0.007598352,0.007847209
id05969,0.9841164,0.007775081,0.0081085265
id14440,0.006523544,0.98631173,0.007164711
id09937,0.0059416085,0.9875836,0.0064747976
id08238,0.006322026,0.006529081,0.98714894
id11090,0.69183904,0.2841382,0.02402276
id13183,0.0061485306,0.0062149353,0.9876365
id25712,0.0063786753,0.9863153,0.0073060486
id22510,0.006125187,0.006137162,0.98773766
id19204,0.98465216,0.0076139625,0.0077338647
id05758,0.9842943,0.007883536,0.007822186
id27063,0.98548484,0.0071867234,0.0073284684
id11773,0.0061256248,0.0060660955,0.9878083
id11562,0.984033,0.0078353975,0.008131627
id16208,0.0066443407,0.006284595,0.98707104
id04036,0.9855999,0.0065061157,0.007893993
id26159,0.9845752,0.007546746,0.007878089
id26777,0.96462876,0.024613284,0.0107579995
id08501,0.98538744,0.007306307,0.007306307
id11216,0.0068785683,0.98560363,0.0075178314
id03410,0.9853939,0.00736366,0.0072424207
id04537,0.0064049666,0.006111662,0.9874834
id26628,0.9844211,0.007884552,0.0076943883
id01586,0.006623607,0.9859147,0.0074616815
id13421,0.006522467,0.0063651553,0.9871124
id26084,0.0064781015,0.9861596,0.007362189
id05375,0.0062141824,0.00626904,0.9875168
id23212,0.98523176,0.007348083,0.0074201925
id15980,0.98413426,0.007851523,0.008014204
id11719,0.0070922067,0.9849494,0.007958423
id13109,0.98558235,0.007272158,0.0071454435
id07156,0.9837462,0.007964241,0.008289591
id04893,0.9772366,0.014680009,0.008083355
id11749,0.006548394,0.0062791063,0.9871725
id10526,0.0064639538,0.006643141,0.9868929
id13477,0.98448855,0.007672405,0.007839025
id13761,0.9856383,0.0071878424,0.007173817
id04282,0.0061830604,0.9864168,0.0074001546
