id,EAP,HPL,MWS
id02310,0.016449882340891397,0.0502290135041508,0.9333211041549577
id24541,0.992962185135547,0.0033291935511263887,0.003708621313326575
id00134,0.005174387183347146,0.9840793964096449,0.010746216407007812
id27757,0.9610647732063404,0.030978570452207612,0.007956656341452
id04081,0.2135695955013396,0.7456499347408417,0.040780469757818544
id27337,0.9845595688239274,0.004401380908291762,0.011039050267780829
id24265,0.9732297902532299,0.019635203529778402,0.007135006216991851
id25917,0.01756654297644402,0.19651819718838887,0.7859152598351671
id04951,0.9959905597495264,0.0018898907944623084,0.0021195494560112996
id14549,0.9849391945680119,0.007238590115202092,0.00782221531678607
id22505,0.012994018340704105,0.049768357914340255,0.9372376237449557
id24002,0.0047898358187442635,0.9935223256758459,0.0016878385054099002
id18982,0.20999131574119476,0.7555314748357623,0.03447720942304289
id15181,0.03532336141208659,0.9583814463988422,0.006295192189071242
id21888,0.9724524463159728,0.01222043865359035,0.015327115030436857
id12035,0.015562590461604457,0.010837779288725197,0.9735996302496703
id17991,0.8666804529205926,0.09092260631785708,0.04239694076155025
id10707,0.9967768972756387,0.0014209703601236415,0.0018021323642376868
id07101,0.0963495227595612,0.037112023070036596,0.8665384541704022
id00345,0.23750244837274073,0.7444553093986189,0.018042242228640367
id05912,0.914371625292474,0.02380881279206432,0.06181956191546173
id13443,0.9678158553766695,0.014400143741472294,0.017784000881858227
id09248,0.5229243156738169,0.03343782420898592,0.4436378601171972
id17542,0.18498657521278403,0.7520442001508949,0.0629692246363211
id06995,0.013133982651858623,0.006142311157444632,0.9807237061906968
id25159,0.9484984656515315,0.011438034710716694,0.04006349963775173
id25729,0.028011907039272636,0.9559240932461495,0.016063999714578007
id26949,0.9773674673185503,0.010606563921778094,0.012025968759671674
id27191,0.03316512621545331,0.007245847049761578,0.9595890267347852
id07668,0.08905908810350252,0.0048595798617286495,0.9060813320347689
id02230,0.04813406528548851,0.2938563541999386,0.658009580514573
id15553,0.989481731016666,0.0017168804134003123,0.008801388569933701
id25688,0.0029619278794673107,0.994891040266358,0.00214703185417454
id17545,0.9389648281331993,0.050415497761094955,0.010619674105705725
id13929,0.05348896841263452,0.03786133916562428,0.9086496924217411
id12880,0.012778218912392067,0.9798350046398219,0.0073867764477860325
id19282,0.9168314251412132,0.043350154778593664,0.039818420080193234
id14690,0.01603542453924937,0.016616151493416637,0.9673484239673341
id17975,0.22623407207165622,0.768335488529685,0.005430439398658844
id08037,0.9645604977314781,0.002341513761677819,0.033097988506844166
id15412,0.7756905006936204,0.009296188580821577,0.215013310725558
id25032,0.14163525352058232,0.07213454598601915,0.7862302004933985
id27165,0.980174993263333,0.012212743425597979,0.007612263311068997
id03327,0.9747250510171338,0.010991165894383852,0.014283783088482488
id18515,0.9427847399346375,0.013498992609943784,0.043716267455418754
id21003,0.03160357578403203,0.005206962966345416,0.9631894612496226
id23855,0.003085322729049927,0.9808182186653748,0.016096458605575216
id20724,0.9707504166281166,0.013586293533308464,0.01566328983857487
id13303,0.8112110385945639,0.044125600272837365,0.14466336113259867
id16521,0.005701600922271534,0.9776688855680967,0.016629513509631717
id20775,0.9916718678591543,0.003408059799927806,0.004920072340917898
id13029,0.9514562290270502,0.017491101029412717,0.031052669943537215
id14660,0.8684579367193482,0.11218761515747129,0.019354448123180386
id11028,0.010080733728728818,0.005793578643462153,0.984125687627809
id14180,0.986558856266038,0.005622694320090375,0.007818449413871715
id25860,0.9913449117604672,0.003165515338298495,0.005489572901234194
id11910,0.057383109070818436,0.02504954230224702,0.9175673486269346
id08065,0.03520723978103771,0.05483388261527133,0.9099588776036909
id22674,0.006476596077258503,0.00948478282281937,0.984038621099922
id25018,0.09532572063709831,0.011190023690677576,0.8934842556722242
id10892,0.0038855435195974068,0.9938145253691594,0.0022999311112433373
id10217,0.04649788142292505,0.9455354118797848,0.007966706697290162
id12996,0.8389268851583944,0.024341943245140562,0.13673117159646506
id18262,0.9461521492786212,0.03835944478909266,0.015488405932286047
id08606,0.005205972922392086,0.9929376843279853,0.0018563427496226252
id17233,0.8092893498871857,0.03474099567687538,0.15596965443593902
id00101,0.04884536429551023,0.9396898809982909,0.011464754706198963
id12225,0.9212389664571359,0.01970041883511888,0.059060614707745145
id01364,0.011105634572789727,0.9838760144473542,0.0050183509798560596
id24973,0.9452851950206175,0.0063774722812707015,0.04833733269811187
id25363,0.7673968503823668,0.014009914998065087,0.21859323461956795
id10061,0.042400570450181724,0.013421937764910765,0.9441774917849075
id17673,0.05088071783609876,0.815831097473406,0.1332881846904954
id13249,0.8810241304674513,0.013469754382634147,0.1055061151499146
id10107,0.057081874412012186,0.026473352709591457,0.9164447728783963
id04403,0.9553337946393993,0.003349050189410506,0.04131715517119009
id25728,0.9183507825394828,0.05223369708550169,0.02941552037501554
id16184,0.9204336725710272,0.03843911679674022,0.041127210632232576
id03438,0.04199174845377456,0.005883163959431266,0.9521250875867943
id22923,0.004094986550711185,0.9944681564093731,0.001436857039915498
id08610,0.9875096252022196,0.005352418561294924,0.007137956236485459
id25355,0.030440509365109017,0.035165910807121475,0.9343935798277695
id16916,0.9301877034306212,0.05724343899614755,0.012568857573231356
id12793,0.028931898055181187,0.9511817042117575,0.019886397733061292
id11859,0.3682911537486542,0.01644200870340166,0.6152668375479441
id02434,0.9950005198871762,0.0022703102931891767,0.0027291698196346852
id27703,0.022988454155166885,0.005020389398839751,0.9719911564459934
id25212,0.005450152099536313,0.9438195671150388,0.05073028078542479
id11308,0.023439662665036175,0.05885821024398034,0.9177021270909836
id26094,0.9802989049081631,0.008629526288889832,0.011071568802946997
id22080,0.9432437735675916,0.03735252091685659,0.019403705515551747
id03545,0.9862073208593104,0.006919503426186739,0.006873175714502848
id23725,0.024582147921994167,0.016532277987040996,0.9588855740909648
id12009,0.7611536056018046,0.06264717649287471,0.17619921790532067
id24241,0.16331467632766974,0.08761550660571964,0.7490698170666107
id03596,0.0034260632998108745,0.9942282553907296,0.002345681309459668
id10749,0.019072803538267267,0.9692732486524703,0.011653947809262538
id22794,0.015075820333601535,0.021967821195189523,0.962956358471209
id15482,0.02989551921461326,0.9089703414063677,0.06113413937901902
id04833,0.5615467926651478,0.4122881382568127,0.026165069078039477
id00397,0.010427665098273807,0.003670565687313068,0.9859017692144131
id14691,0.024279409969073414,0.037264632975301255,0.9384559570556253
id05193,0.06045711708852455,0.03894509676886176,0.9005977861426138
id19541,0.9860192857207752,0.0032151209083470323,0.010765593370877666
id22166,0.01937027790673782,0.007566928320312601,0.9730627937729496
id20744,0.009126225909184705,0.005413890423830877,0.9854598836669843
id10392,0.005316449133047772,0.006082400564812827,0.9886011503021394
id00770,0.9782311221844366,0.007751533121093828,0.014017344694469492
id06018,0.9245476226940256,0.07276491416753537,0.002687463138438987
id15678,0.07472483345110112,0.021837976998363616,0.9034371895505352
id08305,0.9710718266473605,0.014941505466008625,0.013986667886630954
id08903,0.03450600544979029,0.014667058269655796,0.9508269362805538
id14752,0.040344175832419664,0.8047522017089779,0.15490362245860262
id12468,0.005312137674697863,0.992004920449392,0.0026829418759100644
id05085,0.029591087289967143,0.9644957182019774,0.005913194508055473
id21993,0.039291676901844846,0.01483494791073146,0.9458733751874236
id15503,0.933582137324534,0.04710522578821113,0.01931263688725484
id03021,0.013923099109600798,0.9645312054812126,0.02154569540918654
id16123,0.955213792230903,0.03584479644451305,0.00894141132458407
id19383,0.9561071114627953,0.027987186286370067,0.015905702250834697
id04186,0.9785629959377055,0.005956082890766579,0.01548092117152794
id17954,0.005485328689529016,0.004712277002897604,0.9898023943075734
id12030,0.08403060679667923,0.14382866634644223,0.7721407268568786
id13020,0.9013454202470881,0.060818794172607986,0.037835785580303836
id25327,0.009808509960293253,0.9505376939912131,0.03965379604849369
id16344,0.06847600374432679,0.20787601950030235,0.723647976755371
id12303,0.151312519081687,0.836961743825353,0.01172573709296007
id15017,0.9272394219217758,0.06787244616013852,0.004888131918085756
id22308,0.02862852922441627,0.0192950937250933,0.9520763770504905
id06536,0.009821647640804485,0.007808642535566002,0.9823697098236296
id19797,0.015948153379258322,0.9732297943071481,0.010822052313593521
id06332,0.914288401569977,0.01928590745447282,0.06642569097555029
id22941,0.04823636673027385,0.24018828525931984,0.7115753480104064
id13547,0.042551473120433905,0.043831580275222416,0.9136169466043437
id06928,0.01659639339187808,0.004371259423362002,0.97903234718476
id12521,0.9435505593754192,0.025791312579536582,0.030658128045044267
id25716,0.7642006056749368,0.012214977640209526,0.2235844166848537
id27116,0.026163110685195126,0.006316308248943877,0.967520581065861
id19941,0.011543707496999345,0.9812880825844963,0.007168209918504426
id05711,0.007544972714603683,0.004249381650791886,0.9882056456346044
id02097,0.02057856015131205,0.016804152240554808,0.9626172876081331
id03563,0.0018962888816917468,0.9961495537957008,0.001954157322607346
id02295,0.06140168711736423,0.9283669257699818,0.010231387112653855
id08179,0.9956838739522947,0.0018480106768607291,0.0024681153708445854
id05332,0.03921374074037386,0.9526134870639662,0.008172772195659988
id15697,0.7936598123859588,0.0171945227045806,0.18914566490946064
id17026,0.10297829878566526,0.02372978134300401,0.8732919198713307
id04243,0.9574928882570349,0.04032025291394254,0.002186858829022484
id13175,0.9476191869177054,0.012741135722837612,0.03963967735945706
id05387,0.7471412746708781,0.0530793759572262,0.19977934937189565
id19989,0.9353834380909997,0.0523847334225279,0.01223182848647239
id25173,0.024679706456361916,0.03932294938991057,0.9359973441537276
id08925,0.0529819715543112,0.9390998888002197,0.007918139645469177
id03034,0.014536688313704768,0.9774586127990175,0.008004698887277648
id13272,0.01607295715536561,0.9584854185414422,0.025441624303192228
id07956,0.19357225808934567,0.024232049863592543,0.7821956920470619
id02648,0.05996377933553358,0.010339307718648128,0.9296969129458184
id01778,0.028367638316297718,0.023014587543731296,0.948617774139971
id12846,0.010366922018314228,0.018831236468631538,0.9708018415130544
id19001,0.9349222872949257,0.0089536379537328,0.0561240747513416
id05763,0.9446879545273231,0.023183114682153665,0.032128930790523244
id15590,0.025810733585991893,0.009026894262281756,0.9651623721517264
id04912,0.9533938322002828,0.033672304422346054,0.012933863377371
id21201,0.9319803650930377,0.019329952975905614,0.04868968193105653
id13215,0.9288702436535226,0.003392650105084773,0.06773710624139269
id15612,0.03806984121684722,0.9517899008294679,0.010140257953684858
id18501,0.09238492218451493,0.017762680652275355,0.8898523971632097
id07223,0.9222511595322929,0.021292696982653,0.05645614348505399
id06707,0.0349127224632297,0.08620924156245624,0.878878035974314
id05238,0.003401413871241001,0.9927099539238442,0.003888632204914832
id00935,0.022704757995788465,0.042236045018291056,0.9350591969859204
id00110,0.9630652331010238,0.011961283606845568,0.024973483292130703
id17476,0.548664907575128,0.412720503169147,0.03861458925572508
id15170,0.9783241013713656,0.014821178553020101,0.006854720075614412
id13397,0.11078922753564611,0.740942849058683,0.14826792340567094
id24283,0.9554329099289258,0.03289044278731225,0.011676647283761868
id15234,0.9670920309069919,0.01047713361670984,0.022430835476298202
id16884,0.06200391438909966,0.7453240120218197,0.1926720735890806
id07831,0.19396202461625553,0.7892217238669104,0.016816251516834177
id16038,0.9696614677354057,0.0187909723989551,0.011547559865639323
id03629,0.9699560700111961,0.02016320566486051,0.00988072432394332
id21019,0.8829872075009808,0.009431338892011164,0.107581453607008
id21835,0.43389881291500787,0.3025891437257967,0.26351204335919554
id04480,0.019899055242516575,0.9758641128448824,0.00423683191260116
id20838,0.05968652078464628,0.9183515181734985,0.02196196104185541
id24195,0.9397722317355708,0.013674469188195286,0.046553299076233935
id05448,0.9809059406191932,0.013488512048655118,0.005605547332151597
id15957,0.00685313976514644,0.9868866616591495,0.006260198575704046
id19956,0.011198706264854745,0.005480524947128032,0.9833207687880173
id15104,0.02724590980164417,0.07851873580016745,0.8942353543981884
id17559,0.9521352052529877,0.03971799099077255,0.008146803756239924
id16839,0.14506949934547972,0.7673189196420921,0.08761158101242816
id14493,0.933578329795616,0.009694437869028183,0.056727232335355884
id08833,0.3667569649445802,0.015941141278554484,0.6173018937768653
id15723,0.03718888574659742,0.038083889668229086,0.9247272245851734
id02716,0.976776859732232,0.00252584652373684,0.02069729374403119
id06689,0.04768053152319877,0.9447881967457907,0.007531271731010482
id18837,0.031191502848636553,0.004557290205845586,0.9642512069455178
id04466,0.9735195690117631,0.010702391097834949,0.015778039890402044
id00686,0.965089591728844,0.01026536570264558,0.024645042568510543
id09010,0.015526427538704162,0.9752296977788772,0.009243874682418688
id23353,0.9879500368163027,0.004103809587190246,0.007946153596507114
id00066,0.9393554793768608,0.050960444261153065,0.009684076361986026
id15724,0.05767623271733198,0.9338180753815702,0.008505691901097751
id23486,0.030941552020714108,0.005873085979823928,0.963185361999462
id22258,0.01685786751890832,0.016548704119269387,0.9665934283618224
id02292,0.9429834984089694,0.02493211169316942,0.03208438989786112
id16356,0.05627730852974469,0.026151261381902546,0.9175714300883528
id00235,0.9420379918926756,0.006125436546170438,0.05183657156115408
id25522,0.04719534242652834,0.01058176174822109,0.9422228958252505
id04204,0.01590795159761902,0.9811317111807312,0.0029603372216498204
id22016,0.3949479317942431,0.08079733493871853,0.5242547332670384
id06480,0.02471485643640063,0.9678905578483737,0.007394585715225646
id08718,0.07830602058160394,0.018971588788685118,0.9027223906297109
id05251,0.006445149624144549,0.9901758399036608,0.00337901047219479
id03359,0.8836922968964488,0.03959088746543127,0.07671681563811987
id16117,0.019215925754599555,0.015060322489453019,0.9657237517559475
id17000,0.002214942997304523,0.9961667873865653,0.0016182696161303176
id01730,0.007017190549652643,0.9907507247556385,0.0022320846947086704
id00630,0.9825235187983207,0.012987374897927137,0.004489106303752326
id18175,0.0970174915053381,0.02069326204978398,0.8822892464448778
id00907,0.7142155146413651,0.24963486238364538,0.03614962297498947
id18251,0.006697209434914622,0.9912105738227294,0.002092216742355907
id25861,0.9015958925323712,0.0568531958630906,0.041550911604538276
id00398,0.9520578514936677,0.016970989165813414,0.030971159340518882
id27573,0.9959483043937141,0.0016447865828659852,0.002406909023420116
id10022,0.02322774767260023,0.8168782275044628,0.15989402482293696
id15901,0.01468082251281915,0.0035444271059499955,0.9817747503812307
id00451,0.06854493785227138,0.05318970485703963,0.8782653572906889
id23129,0.01066700244510816,0.9875431933904912,0.0017898041644005011
id26498,0.06913886954904253,0.9125017497944057,0.018359380656551936
id14741,0.007812975403170845,0.9907256374305659,0.001461387166263294
id18453,0.07506581643496633,0.024504450888785487,0.9004297326762482
id08309,0.9350734990033556,0.05567364679162045,0.009252854205023907
id00320,0.9803343085296956,0.01499661722799209,0.004669074242312229
id07688,0.3672232665641556,0.05916895271280026,0.5736077807230441
id01556,0.026780904020272268,0.007780292212676423,0.9654388037670514
id00178,0.28857130626732624,0.04190820579694405,0.6695204879357296
id18902,0.0068577249697185936,0.0065045992059633555,0.9866376758243182
id27002,0.9163248241808628,0.0752917810703222,0.008383394748815155
id21418,0.9598484207074323,0.024880718999494848,0.015270860293072943
id23018,0.8104541504174105,0.042028522209062634,0.14751732737352685
id07032,0.9085544321962717,0.005025759853151006,0.08641980795057728
id16195,0.9044175597330486,0.030638307636609626,0.06494413263034189
id11202,0.05752079353969572,0.9382384151499342,0.004240791310370097
id09578,0.9742491694237247,0.007315830574349277,0.018435000001925897
id26984,0.6677716864990149,0.23550812592379416,0.09672018757719107
id19856,0.0025302596386569793,0.9952667977311244,0.002202942630218601
id12086,0.12476684637741693,0.034882520252167766,0.8403506333704154
id12052,0.03946308616238927,0.14530663621153395,0.8152302776260767
id17728,0.006824350195180849,0.004752559656637842,0.9884230901481813
id24608,0.7809803491758627,0.08910566123031338,0.12991398959382408
id21097,0.15563009250463422,0.42177598204136946,0.4225939254539964
id20179,0.0047845611550135034,0.00529515664875243,0.9899202821962341
id15144,0.5890467585446888,0.38149740961105,0.029455831844261256
id00206,0.9946980069090207,0.0018950315135618232,0.003406961577417484
id22285,0.03986858500939684,0.03613432566839943,0.9239970893222038
id06417,0.048411208992073254,0.9401114329937492,0.011477358014177506
id00215,0.014315074919489388,0.9825925841462639,0.0030923409342466265
id04201,0.4883945364457915,0.03884340771729303,0.4727620558369156
id21771,0.9452600028694256,0.039718185131167184,0.015021811999407397
id12451,0.01745982272095078,0.7379520876847364,0.24458808959431294
id14250,0.018712765587965467,0.92658640543485,0.054700828977184514
id03433,0.015522160004870191,0.969097827253995,0.015380012741134869
id03303,0.020537302220740995,0.024504088228324856,0.954958609550934
id25901,0.36981783210911034,0.36863439977226686,0.2615477681186229
id06945,0.9247548734581269,0.01311676468847994,0.06212836185339307
id05664,0.9775192929099024,0.007015974487453715,0.015464732602644023
id05741,0.9928789973192195,0.0016749051858277503,0.0054460974949526635
id10652,0.9795418039412066,0.005392232194125081,0.015065963864668455
id16300,0.9914996327486759,0.002719728763771876,0.005780638487552175
id12319,0.9694047141471824,0.015417398887494512,0.015177886965323125
id07500,0.01030651202545398,0.9867406566273812,0.002952831347164805
id12478,0.8674265808053496,0.08504512191992714,0.04752829727472317
id03076,0.02648777824612545,0.007979989533318516,0.965532232220556
id00969,0.03495058268906911,0.9477600526745357,0.017289364636395146
id23636,0.029557864652752185,0.947938723853481,0.022503411493766858
id09791,0.03564889914173819,0.4193498296472884,0.5450012712109733
id05680,0.005244174326917867,0.9790192331392003,0.01573659253388198
id03672,0.017167898443880593,0.9303728121671414,0.05245928938897801
id04286,0.0027417868474965217,0.9738681660770911,0.023390047075412267
id23883,0.012875643627730304,0.01765441714831294,0.9694699392239567
id11914,0.03118962223100733,0.012171726105201144,0.9566386516637916
id20974,0.0033308605089419434,0.9948597152077562,0.0018094242833018076
id26125,0.19898291045733257,0.0127139520879342,0.7883031374547333
id15543,0.8808219373028868,0.03211376174674675,0.08706430095036644
id19471,0.9811292607709611,0.012954195701083316,0.005916543527955607
id11503,0.932065301606076,0.05388515697210793,0.014049541421815932
id09321,0.03145953608771072,0.9345778122406911,0.033962651671598086
id25560,0.004331982776743335,0.0065429412882810605,0.9891250759349757
id06726,0.7857668421386209,0.15425951079395558,0.05997364706742345
id05709,0.9810540582856084,0.002964270006064807,0.0159816717083267
id09788,0.04733778389947553,0.6411437109577279,0.3115185051427965
id05289,0.9828482601068093,0.012056329239578374,0.00509541065361236
id11815,0.023795721808653327,0.9699288455395213,0.006275432651825322
id22422,0.9751252811245558,0.0063683896318196265,0.01850632924362471
id25954,0.9384311772693895,0.027053070999390916,0.03451575173121966
id13601,0.9196068174429235,0.060496790036782995,0.019896392520293557
id05677,0.8494263833387422,0.025704258315634193,0.1248693583456237
id10498,0.027845135152075057,0.9636900985541238,0.008464766293801045
id02665,0.9645998108653409,0.023421481681740918,0.011978707452918139
id10114,0.012307059937606352,0.9687437661944882,0.01894917386790553
id26314,0.984639618146654,0.011800091473069865,0.003560290380276186
id21240,0.04868873043371131,0.05785330765306807,0.8934579619132207
id15569,0.9890941883747824,0.003470569215912782,0.0074352424093048234
id25928,0.7472111370379908,0.04107659798132344,0.21171226498068577
id22706,0.008135243894785463,0.9881748450951582,0.00368991101005641
id20877,0.0014499161287417496,0.9955557028403869,0.0029943810308714017
id04318,0.9748758186133105,0.00793841507567218,0.01718576631101738
id18299,0.810963455595602,0.10374996303322642,0.08528658137117152
id08126,0.008913309687387025,0.017981447520975843,0.9731052427916371
id14293,0.07299745555365184,0.015411813203644447,0.9115907312427038
id12759,0.9862762016242902,0.002728613270526819,0.010995185105182903
id11983,0.13680520048665082,0.030166678486710664,0.8330281210266386
id05580,0.287215897584294,0.0700223790611499,0.6427617233545563
id25846,0.544805908126799,0.4143211496481004,0.04087294222510057
id01939,0.934437882353202,0.02205642818664087,0.04350568946015718
id26327,0.7729330489016596,0.0735573469646627,0.1535096041336778
id11068,0.005104564292611748,0.0031468686014688987,0.9917485671059193
id08404,0.9026290076363462,0.011043712605311787,0.08632727975834202
id27189,0.07681652216839016,0.9179097616329224,0.005273716198687445
id15119,0.005149336810374541,0.9848338177833266,0.010016845406298991
id26525,0.984932369698415,0.0038869654147818916,0.011180664886803094
id03618,0.1912424591117405,0.650911999925216,0.15784554096304346
id27220,0.9503938949392599,0.04183493496324794,0.0077711700974921
id18777,0.037640983182748826,0.024531830239491906,0.9378271865777593
id20213,0.9387446865559618,0.022961277082860082,0.038294036361178126
id20403,0.9676280700803545,0.004437935417792204,0.027933994501853483
id03777,0.009096769807273388,0.09089439940245382,0.9000088307902727
id10595,0.1216565067543406,0.8472507765933986,0.031092716652260627
id13816,0.23688275213551296,0.04678342987214556,0.7163338179923416
id05667,0.01820672315032705,0.014521786118590594,0.9672714907310823
id24629,0.9779595262920387,0.010377402202241117,0.011663071505720185
id20398,0.10599165717696678,0.04576286686099805,0.8482454759620351
id14108,0.004875840310110456,0.0029885714298426985,0.992135588260047
id06196,0.002119719958692483,0.9959140782501023,0.0019662017912052284
id02800,0.9484196877996834,0.020554965868030264,0.031025346332286256
id18732,0.0025786282443862776,0.9928762578898052,0.004545113865808615
id11915,0.007433145459081199,0.9891805631115205,0.003386291429398217
id09739,0.9575298526677787,0.03461459850180486,0.007855548830416342
id24672,0.9655437834577881,0.0031198023211338704,0.03133641422107804
id00414,0.012419533548301505,0.008185589550221523,0.9793948769014769
id16307,0.9556903128594011,0.008599447455282695,0.03571023968531611
id14043,0.5916069149953777,0.011281683494538145,0.3971114015100842
id00517,0.008034285271563248,0.010284710283330216,0.9816810044451066
id09744,0.9922013764065912,0.004152768004702225,0.0036458555887066806
id19257,0.9957781939771866,0.002252827564435688,0.0019689784583777196
id15437,0.08568651838541595,0.8900592678099603,0.024254213804623823
id16352,0.11259602761855268,0.03486189370566317,0.8525420786757841
id18849,0.07626596634952554,0.025814377962341307,0.8979196556881333
id19434,0.002607176209509314,0.995937032420728,0.0014557913697627678
id17928,0.029742447144432933,0.0541147369666307,0.9161428158889363
id16896,0.01373313507126842,0.02765351956364874,0.9586133453650829
id02135,0.09753989689892831,0.7804270480940957,0.12203305500697605
id15075,0.9954439722527787,0.0022024523995996933,0.00235357534762154
id27486,0.004975581741425556,0.9916419986212985,0.0033824196372758777
id19422,0.956546912011316,0.035916829266398324,0.007536258722285756
id09603,0.26977740526264987,0.7035829642704032,0.026639630466946847
id02133,0.019305259157480208,0.9714945176835449,0.009200223158974763
id03441,0.9414959063969948,0.0037604147169373256,0.05474367888606777
id02398,0.01127639257111097,0.9870975474669854,0.0016260599619035694
id05152,0.018594798082375713,0.00947919174942206,0.9719260101682023
id17838,0.2155420640936889,0.019365686935588926,0.7650922489707221
id25060,0.9583323834931168,0.005310543171222122,0.036357073335661065
id09998,0.020346628037332594,0.008590750810090086,0.9710626211525774
id01828,0.06838286047732164,0.9001578843256526,0.0314592551970259
id25377,0.6243495165047114,0.029689119799706752,0.34596136369558195
id22175,0.01375362955935499,0.9832657457611143,0.002980624679530771
id02974,0.03076024565952835,0.06574871899252997,0.9034910353479417
id26955,0.990666311894955,0.005662283771566513,0.0036714043334784654
id21091,0.9276173044125556,0.008017166701395781,0.06436552888604842
id12802,0.9402939671184338,0.04650931458793691,0.013196718293629313
id07432,0.013295275552990411,0.9675368957982988,0.019167828648710875
id18749,0.06703798260456167,0.9201500541510912,0.012811963244347007
id15030,0.00802797447131147,0.017133411858144588,0.974838613670544
id17155,0.01151952951404898,0.9766561357964711,0.011824334689479842
id08128,0.009554665954032999,0.9318599446860685,0.05858538935989842
id25706,0.016494056565129082,0.974001496702815,0.009504446732056014
id15645,0.9942369488685127,0.0027587286228189776,0.0030043225086683776
id04943,0.21048660455043566,0.7760030942899699,0.013510301159594479
id27566,0.010724698524443372,0.008552859208591574,0.980722442266965
id11765,0.029488098369555363,0.06959992142767123,0.9009119802027735
id13783,0.6483431677622027,0.12591223644306104,0.2257445957947363
id00492,0.01711532488113107,0.018040200406672077,0.9648444747121968
id27636,0.284219591017678,0.023704246077865813,0.6920761629044562
id04273,0.9301054716448831,0.04180114084728934,0.02809338750782744
id02537,0.05252415657612549,0.06352728152934527,0.8839485618945292
id24349,0.9923469313732137,0.0027936098191856874,0.004859458807600658
id00023,0.006042276680102444,0.9826783598706631,0.011279363449234405
id23025,0.08755748228255474,0.9069136774483647,0.005528840269080673
id08722,0.964513441559623,0.01772107434064372,0.017765484099733206
id02420,0.9932825442807643,0.004033100181303104,0.0026843555379326115
id10811,0.9565726188938038,0.015609266834067952,0.027818114272128176
id04019,0.02902884503274955,0.011426541320511352,0.959544613646739
id18334,0.9882023088926708,0.007952892723631796,0.0038447983836974965
id16781,0.9846607063035847,0.0076719475035404916,0.007667346192874871
id08773,0.3528277443672166,0.3320394699176951,0.31513278571508824
id19214,0.9237316077433059,0.058401068870771025,0.01786732338592309
id09589,0.0015413019095979771,0.9971008105244004,0.0013578875660017018
id24246,0.9678275301832052,0.029153071055025178,0.0030193987617697163
id23577,0.6109422151639585,0.377912598250261,0.011145186585780436
id09305,0.9387261594176878,0.01139584393089542,0.04987799665141678
id16460,0.5380255259517105,0.09473883125900139,0.3672356427892883
id21115,0.9468591475102461,0.011532646787081048,0.04160820570267281
id25996,0.3352342273134521,0.07567245044115888,0.5890933222453892
id02551,0.005720893592303952,0.00786396432029888,0.9864151420873972
id19352,0.008854532636071201,0.007980908782881229,0.9831645585810476
id03806,0.1238402418492185,0.17867502633610954,0.6974847318146719
id26544,0.8545793036071558,0.0085782952760975,0.1368424011167468
id18761,0.9557911243964872,0.016698881248098242,0.027509994355414683
id24148,0.047643855302324296,0.9462008192461172,0.006155325451558495
id16095,0.027224491677852142,0.9558782020540436,0.01689730626810426
id18442,0.9374546399754643,0.03137859536444919,0.031166764660086617
id22596,0.007647614091496933,0.006595279221437402,0.9857571066870657
id23002,0.10312026572533876,0.013117109851657288,0.883762624423004
id04797,0.9914134988315803,0.00416963304669648,0.0044168681217234
id06610,0.06398462242033219,0.012012945085533753,0.9240024324941342
id16173,0.32755490593006464,0.5602123113781613,0.11223278269177425
id18292,0.014401682861966698,0.04101803415376552,0.9445802829842679
id27328,0.9804368254223225,0.009588709146172334,0.009974465431505274
id01695,0.00798427197008057,0.9895594312197616,0.0024562968101578177
id05761,0.55230748436721,0.03663579141621703,0.411056724216573
id16354,0.9833322614269687,0.0052055458504713225,0.011462192722559784
id12207,0.17990418450471557,0.770520811910142,0.04957500358514245
id05665,0.03690379826114388,0.01010227773045817,0.952993924008398
id01911,0.9865384242447056,0.0058616366891175616,0.007599939066176864
id19153,0.032820888497025504,0.005871736394297785,0.9613073751086767
id10295,0.9602515500234099,0.011903930493312877,0.02784451948327722
id23038,0.8976009156137056,0.04059012954550101,0.06180895484079351
id23783,0.015069674783442594,0.9714916020062117,0.013438723210345747
id27879,0.9873733204805354,0.007887502750981398,0.004739176768483208
id19190,0.002528306636752459,0.9961452498869503,0.0013264434762973835
id05065,0.95391460788172,0.017385840837862845,0.028699551280417193
id21296,0.06697516788446874,0.9299829702186815,0.003041861896849753
id13262,0.07910194608374048,0.06518973919670638,0.8557083147195531
id10333,0.8611687118197802,0.05235840770064229,0.08647288047957757
id16677,0.11926635626454019,0.8574927875726469,0.023240856162812913
id01392,0.08606643418370723,0.02304637704633919,0.8908871887699537
id27874,0.9766684574146502,0.0110863248319944,0.01224521775335533
id02294,0.20342909593316785,0.7495309301555639,0.04703997391126831
id18298,0.010371249880758764,0.008812022915813008,0.9808167272034282
id06997,0.9938717037237534,0.0021864313892488306,0.0039418648869976045
id05243,0.2432332859723034,0.5802798109213755,0.1764869031063211
id00860,0.01495565833267044,0.7649185076769931,0.2201258339903365
id26681,0.983943555870701,0.004971786874616854,0.011084657254682008
id06020,0.09627555203221827,0.003611585155972322,0.9001128628118094
id27683,0.9646688064606809,0.0075023566001495125,0.027828836939169745
id17655,0.013532673769454795,0.9766418625078077,0.009825463722737373
id08817,0.04412560450650103,0.013109663639981917,0.942764731853517
id11512,0.010596357838153521,0.04310031051111808,0.9463033316507286
id00478,0.0322542759226281,0.03863422938372069,0.9291114946936512
id02116,0.9766504192608723,0.010640823020334356,0.012708757718793384
id06746,0.9731368891435476,0.010641976569571545,0.01622113428688082
id03863,0.6450439212104964,0.2968588713421138,0.05809720744738994
id01802,0.09965116628064204,0.7018656796677418,0.19848315405161626
id11682,0.8196769338373164,0.10914616056874123,0.07117690559394235
id04033,0.01667581576351297,0.9806773066504425,0.00264687758604436
id09286,0.03664959080274849,0.910156915257586,0.05319349393966558
id12904,0.9905895872636907,0.005235732392477739,0.004174680343831463
id07420,0.00948226315897779,0.010738732919672662,0.9797790039213495
id22398,0.001808983651776793,0.9963320344596384,0.0018589818885848752
id00424,0.01021694963145271,0.006031948481003481,0.9837511018875439
id20960,0.9755819225957063,0.01494041550345358,0.009477661900840007
id10267,0.04425235675662866,0.9531836396461746,0.0025640035971968
id19330,0.25136118619491704,0.022169144600860266,0.7264696692042228
id00994,0.005728708008143952,0.9792139370740907,0.01505735491776533
id10785,0.939185681770902,0.02173780116658518,0.03907651706251274
id00955,0.04032358981934928,0.9385244876087462,0.02115192257190444
id09757,0.002631349891249552,0.991545643177614,0.005823006931136553
id10030,0.08148198090062773,0.050742901667988255,0.8677751174313841
id22952,0.01864429001613008,0.024807475969291566,0.9565482340145784
id21955,0.0077361543531251,0.011658388244056087,0.9806054574028189
id07674,0.7704019222033774,0.16359404907977051,0.06600402871685203
id13760,0.008291877347657442,0.9889097480512511,0.0027983746010914463
id18166,0.9921080066117584,0.0029903859432659175,0.004901607444975708
id23498,0.8744630750493212,0.04916518155654017,0.0763717433941387
id05296,0.9914120143660043,0.004387015006060555,0.004200970627935024
id26709,0.9587150584842269,0.01628108338218932,0.025003858133583686
id02853,0.9564003758020726,0.0337887300340076,0.009810894163919908
id06800,0.29763283994040934,0.031734316088582785,0.6706328439710079
id14758,0.012285768029869812,0.9796908296301325,0.008023402339997673
id12356,0.9952800478058491,0.0021487202066407425,0.0025712319875102556
id21492,0.95207938664501,0.03822363784879551,0.009696975506194354
id27540,0.11284679260224169,0.03514101099440014,0.8520121964033581
id07376,0.1403643413636007,0.4672585291022638,0.39237712953413556
id15201,0.1876682320532464,0.781450588907913,0.030881179038840734
id23388,0.0029483758179837533,0.9914010417384155,0.005650582443600825
id13923,0.00286001268789781,0.9958597058435782,0.0012802814685238001
id00794,0.0027209355459926676,0.9902807306652509,0.006998333788756448
id23910,0.03279052619656044,0.007307860032876796,0.9599016137705628
id02556,0.06924740727916504,0.09422552873011623,0.8365270639907187
id22151,0.0027613500559275903,0.9955597948591643,0.0016788550849079853
id11698,0.010154191882555568,0.9763022710012625,0.01354353711618194
id11627,0.6990216071036303,0.057982489587476045,0.24299590330889367
id06340,0.9759102519628677,0.01444628728126369,0.009643460755868603
id05123,0.9884313212882083,0.0032939229116369646,0.008274755800154838
id26620,0.005611229609162977,0.004065694579079602,0.9903230758117575
id04002,0.014909190941660082,0.051903735174764126,0.9331870738835758
id26554,0.5748978085636332,0.0795900673636596,0.3455121240727074
id18012,0.061210726963802815,0.02318089768445321,0.9156083753517439
id12964,0.5552956680852172,0.03429470760191281,0.41040962431286987
id18965,0.015510450549037907,0.40129270351589685,0.5831968459350653
id19082,0.03410800517337989,0.013730686090518923,0.952161308736101
id26742,0.05251768487606372,0.0063566274877381885,0.9411256876361982
id15442,0.06561680173435969,0.9317578279186056,0.002625370347034726
id16647,0.513207375926874,0.011443170208440904,0.47534945386468497
id11544,0.09552679664928365,0.0180828660129712,0.8863903373377452
id20581,0.11345833542573924,0.029062483599381586,0.8574791809748792
id13192,0.819966365171363,0.0336951390154116,0.14633849581322533
id15814,0.03139519618878473,0.028822592181737897,0.9397822116294774
id26279,0.04244596569279426,0.9275998987208836,0.029954135586322053
id00240,0.96824647637472,0.015344610019741375,0.016408913605538627
id22836,0.9885959924367758,0.002485554602695169,0.008918452960528974
id15085,0.002620070113422457,0.9886734325823958,0.00870649730418167
id17495,0.6884477342654208,0.016812882209662667,0.2947393835249165
id26762,0.13932022934314914,0.18315961268832365,0.6775201579685273
id13685,0.9963941370037079,0.0015120147646752067,0.002093848231616857
id16560,0.013219622196411013,0.9822034525731296,0.004576925230459288
id17184,0.0017333786867494761,0.9903180310696483,0.00794859024360219
id21635,0.9924190258429559,0.0023951683363350545,0.00518580582070911
id26751,0.8653036044382273,0.10020180583643035,0.03449458972534246
id12351,0.9725412742097505,0.011408773493607968,0.01604995229664158
id14872,0.6327136893282566,0.054517631505519894,0.3127686791662237
id18372,0.9736850992215376,0.010711516200597971,0.015603384577864369
id26851,0.5421137392326623,0.04420373057314405,0.41368253019419376
id22659,0.3236140221166494,0.6602957398265707,0.016090238056779893
id04102,0.011440751928387128,0.005503911666368307,0.9830553364052446
id02353,0.001556751914216366,0.9964278288505282,0.0020154192352553326
id26721,0.9926572611229934,0.002137883193358359,0.005204855683648309
id11171,0.9633508290928697,0.0034598291446645037,0.03318934176246575
id13562,0.8260823978478643,0.1582208537000946,0.015696748452041113
id26425,0.7699985615892421,0.01927018157732686,0.21073125683343114
id26394,0.7571973445607236,0.187198073803307,0.05560458163596937
id22187,0.9265748222094082,0.05608415082447985,0.017341026966111873
id00422,0.9825761633730575,0.012004108127411671,0.005419728499530916
id22667,0.00695942768545603,0.9913957210048477,0.0016448513096960834
id00911,0.9233754071314476,0.015226422950687983,0.06139816991786446
id17291,0.09083937517595081,0.08175586042351116,0.8274047644005381
id01915,0.03588588852720235,0.09627095615341776,0.8678431553193798
id01434,0.039044610272471775,0.024943655639951882,0.9360117340875764
id01584,0.40847911301258477,0.024543516742901995,0.5669773702445131
id09266,0.9120118430426476,0.07795743518187258,0.010030721775479904
id17494,0.002974060203513676,0.9919929010687812,0.005033038727705117
id24919,0.6618896138738413,0.04948017087182642,0.2886302152543323
id21043,0.12985667510251478,0.0036313615169161545,0.866511963380569
id17796,0.002875933684443209,0.9951162080671588,0.0020078582483979974
id02166,0.792053161421778,0.0040969715763860895,0.20384986700183583
id17503,0.8139256881985394,0.03999691697446379,0.14607739482699672
id21203,0.9764542205858752,0.007822586140463867,0.015723193273660913
id25626,0.9950127578177305,0.0023917508075719926,0.002595491374697613
id09836,0.9836350474852786,0.005669415650980986,0.01069553686374056
id24202,0.02862773665123789,0.025993379448093098,0.9453788839006692
id27260,0.08652493819556946,0.020803195733707074,0.8926718660707234
id23167,0.007992222979200374,0.006047170571707569,0.985960606449092
id10393,0.004597534678914303,0.993591650571518,0.0018108147495677059
id01171,0.9681122027201917,0.018219857117461016,0.013667940162347339
id06380,0.9861985327374868,0.0068973618687405225,0.006904105393772711
id22686,0.022638412296952747,0.009237506680328564,0.9681240810227187
id26250,0.08258323624438403,0.02030667915715565,0.8971100845984604
id09315,0.0914534259384478,0.29073682178225885,0.6178097522792932
id00886,0.04039090658476296,0.7813342956986751,0.17827479771656202
id03101,0.9850054287440039,0.008377098063324427,0.006617473192671627
id12367,0.7524002276624164,0.009850621158900404,0.23774915117868314
id10770,0.978339554634585,0.010243806650797367,0.011416638714617582
id14949,0.010088672185997549,0.9809321807359077,0.008979147078094687
id14141,0.9277785196145181,0.05862813098542763,0.013593349400054322
id25417,0.33236130902720823,0.6442774350271682,0.023361255945623504
id26873,0.860760827145899,0.06711165965689837,0.07212751319720259
id10818,0.04485445854150827,0.01792212172496018,0.9372234197335315
id15146,0.9756064577463389,0.00636951834686433,0.018024023906796863
id23328,0.9824442662372391,0.005919384404894117,0.011636349357866633
id16765,0.11886888594429414,0.8456747273368784,0.035456386718827476
id24383,0.981686365919535,0.002737813657087694,0.015575820423377476
id21304,0.9935054684502661,0.0016337547883841772,0.004860776761349692
id12551,0.01679574755500277,0.9755017415026723,0.007702510942324953
id23274,0.015708440810308033,0.008013832959210444,0.9762777262304815
id08117,0.9880605990416471,0.005014835191011983,0.006924565767340981
id23961,0.9830801250984919,0.00317876972700203,0.01374110517450609
id13865,0.013482773137776148,0.9841072461560552,0.0024099807061686417
id22807,0.050094662608400654,0.010502143448467074,0.9394031939431322
id08951,0.05494575196776123,0.04277196826102045,0.9022822797712184
id18684,0.9880820986229809,0.003511223990515251,0.008406677386503894
id25179,0.5774988016694564,0.3746004877616867,0.04790071056885691
id27033,0.9845690910947318,0.002142655073412915,0.013288253831855395
id13977,0.026224426170326037,0.9377559666882538,0.03601960714142003
id19337,0.005815309091186603,0.9895323561480961,0.004652334760717272
id25764,0.018224629113838386,0.9784126297652685,0.003362741120892994
id16106,0.051392995055971946,0.005109825662839609,0.9434971792811884
id05468,0.17474549908260772,0.021161845474825757,0.8040926554425666
id05241,0.8184456249217792,0.006727439992225873,0.17482693508599506
id10215,0.27550256194925143,0.09045311039529653,0.634044327655452
id23457,0.019439940880165655,0.006633736163711804,0.9739263229561225
id02200,0.9955736292639392,0.0018820896757221282,0.0025442810603386982
id13714,0.05015297120993597,0.9441635812235418,0.005683447566522232
id20332,0.004496788119132285,0.005271784761251004,0.9902314271196168
id18573,0.02512647270005364,0.11816499477310777,0.8567085325268387
id08569,0.9194768637114962,0.001997408632410543,0.07852572765609332
id22767,0.017384523707778068,0.9390034224112528,0.043612053880969254
id25390,0.046786050116041616,0.9429225347173764,0.010291415166581818
id09288,0.9847620567895031,0.006029146776703634,0.00920879643379316
id12381,0.9845076268678051,0.004920861219346975,0.010571511912847938
id02895,0.011793730563749919,0.008019745945076939,0.9801865234911732
id25270,0.017549766535127978,0.004187484074904728,0.9782627493899672
id14248,0.8796310024132312,0.022432714953409198,0.09793628263335952
id12831,0.9871099581615039,0.0035578600612958056,0.009332181777200193
id18305,0.9631617577572861,0.007646039855038665,0.02919220238767518
id07805,0.5899999697687145,0.38302138449835815,0.026978645732927284
id14027,0.016248658246727533,0.02530714482498424,0.9584441969282882
id02760,0.4269587723810953,0.041300485129581496,0.5317407424893232
id24362,0.9855252380096685,0.011441709013441374,0.0030330529768900515
id17065,0.013599398077464664,0.98188152145237,0.004519080470165388
id26583,0.09238166144800594,0.8705141376777417,0.03710420087425243
id19664,0.9959235958449655,0.0018357237778797947,0.0022406803771546978
id25145,0.9502998384448909,0.03063062866961872,0.019069532885490494
id17858,0.0068790522018951665,0.9900737288532708,0.00304721894483408
id05148,0.03623809728089321,0.7505877671646987,0.2131741355544082
id22928,0.9020636650649914,0.08506524606627221,0.01287108886873631
id21549,0.053993611413057335,0.004270336859305047,0.9417360517276376
id12649,0.009508556004970534,0.9887571584558577,0.0017342855391717532
id21597,0.9888874834542002,0.004198323695624452,0.006914192850175333
id27945,0.9667229968970558,0.01724503634330363,0.016031966759640543
id00243,0.9925619254843316,0.0036014076835007543,0.0038366668321675314
id02745,0.9926697407513814,0.005212436638633612,0.002117822609985166
id23550,0.014523535519033346,0.008676444593851541,0.9768000198871151
id13023,0.04379541168007674,0.007932686679421206,0.948271901640502
id24796,0.12436534775854623,0.014883517000701044,0.8607511352407528
id12284,0.04173775291874749,0.9409362765461691,0.017325970535083363
id02664,0.0015146136526797212,0.9934818837248806,0.005003502622439696
id23767,0.9354366814182037,0.01035460672517529,0.054208711856620975
id05859,0.30319204009456474,0.6462685426310244,0.050539417274410914
id14350,0.06704047837785282,0.31619455170099137,0.6167649699211558
id01191,0.08601872249398891,0.7939303259172374,0.12005095158877355
id17034,0.7638477820110067,0.027883690184704706,0.2082685278042887
id25292,0.17725569851724793,0.7699920004655059,0.05275230101724624
id22121,0.9769354636997255,0.001930434668574928,0.021134101631699584
id20872,0.9903549618304627,0.006161283978114391,0.003483754191423053
id17720,0.009139749759756724,0.9764345240772407,0.01442572616300257
id22658,0.041155457269076344,0.954193812492269,0.004650730238654604
id09567,0.9852230929824694,0.005555813249366147,0.009221093768164582
id16445,0.9838663085124515,0.00713774998566796,0.008995941501880534
id08349,0.09628313015522764,0.7314159946669196,0.17230087517785278
id27437,0.2223173943577885,0.08092715271713802,0.6967554529250736
id03812,0.9913535946542866,0.0035727944901201313,0.005073610855593265
id22304,0.9455036183772431,0.036819439186900504,0.0176769424358564
id04449,0.026052213478076663,0.9695824762664529,0.004365310255470378
id15605,0.05952922211279097,0.07675933254754702,0.8637114453396619
id01768,0.9822798706970085,0.011098270236704793,0.006621859066286755
id20019,0.045260053343278886,0.899589859646681,0.05515008701003998
id09593,0.0021399051164565307,0.9953034666503734,0.002556628233170183
id23179,0.14305634488011437,0.03568243167193064,0.821261223447955
id21279,0.9931095007063201,0.0022647213553797915,0.004625777938300232
id06711,0.009761823801539697,0.012847612206704478,0.9773905639917557
id14243,0.0025944860896139036,0.9953045284587148,0.0021009854516712114
id04839,0.008052581594115541,0.012363262102460158,0.9795841563034243
id17220,0.005759439822810473,0.9893215951378255,0.00491896503936396
id24177,0.9241860487723504,0.02013044259140273,0.055683508636246846
id20512,0.03777474826940816,0.037815758339597036,0.9244094933909948
id14036,0.002685870251211069,0.9936657311628063,0.0036483985859826307
id25001,0.3346492430147672,0.016211198709027298,0.6491395582762056
id06175,0.013445616071443666,0.9654384534637402,0.021115930464815993
id24720,0.018746885527591142,0.9716196486326665,0.009633465839742323
id08070,0.9864283565784248,0.0056913188374200846,0.007880324584155086
id18934,0.9593589175007131,0.025598649724972014,0.015042432774314909
id01338,0.988972331513542,0.005757489893011278,0.005270178593446569
id19008,0.0035865790241485923,0.973023960403157,0.023389460572694327
id19632,0.046346360980721236,0.32634661783359625,0.6273070211856825
id26224,0.007925321409687398,0.003062706585120486,0.9890119720051921
id08219,0.9605854973801823,0.004484386119097695,0.03493011650072013
id24008,0.006738035206744762,0.004699431322144316,0.988562533471111
id12475,0.34077329248222116,0.6224045407352017,0.036822166782577326
id05766,0.2510967287485435,0.7098397881730829,0.039063483078373505
id27386,0.05791228054341873,0.9360432376530626,0.006044481803518564
id12476,0.0018599285589117418,0.9965118038072526,0.0016282676338357776
id08311,0.9498859435669685,0.04598116076717279,0.004132895665858791
id04996,0.9299379145771671,0.058632099352154396,0.011429986070678551
id17350,0.06974166855570972,0.7035660303481462,0.22669230109614397
id05546,0.03406172349689439,0.9619257437923895,0.0040125327107161145
id16504,0.01794497409242148,0.9726272381141097,0.009427787793468917
id05782,0.008323869022786432,0.004712504550171914,0.9869636264270417
id20560,0.901504617708162,0.017850289293337606,0.08064509299850026
id14171,0.03434034716481942,0.15735021277326602,0.8083094400619145
id27461,0.06731443046590271,0.037929889216552666,0.8947556803175446
id03581,0.05926939580775563,0.03180154908752049,0.9089290551047239
id21847,0.014229678585845791,0.014753749355265123,0.971016572058889
id11712,0.975044861300108,0.005981108608067576,0.018974030091824398
id26738,0.04377851050594468,0.1360712092600745,0.8201502802339808
id13668,0.9792007280801451,0.005390243785877437,0.015409028133977494
id15114,0.9955696812642737,0.0017136937058825595,0.002716625029843778
id20130,0.7915719109312411,0.03978355300502772,0.16864453606373114
id18331,0.9110327499939197,0.0071940877924250015,0.08177316221365527
id24465,0.9898829807960186,0.00648517491883019,0.0036318442851513335
id13539,0.9596345979260498,0.012494339049445259,0.027871063024504962
id27564,0.35892448804428334,0.5986068926630437,0.042468619292672906
id26043,0.06217834315971465,0.004606135337527499,0.9332155215027579
id04965,0.0267489157841866,0.026797806805639986,0.9464532774101734
id08645,0.014513589520951114,0.014700518266519984,0.9707858922125289
id26610,0.7773439262040825,0.01897058416640228,0.20368548962951527
id21737,0.23949767357623125,0.7248876363322827,0.03561469009148616
id25784,0.00409754413213899,0.977043511163489,0.018858944704371973
id23030,0.9869926236627492,0.006547551719838374,0.00645982461741252
id16450,0.003709799055459378,0.9807564955718622,0.015533705372678473
id02161,0.5290582349772552,0.03194329628317103,0.43899846873957377
id25535,0.9596162042961774,0.014863569151816733,0.0255202265520058
id16566,0.8677264522414292,0.003242537698798113,0.12903101005977274
id05714,0.9934405582698068,0.003981075398555248,0.002578366331637918
id16524,0.9376037535846686,0.01402689389076609,0.04836935252456537
id23941,0.015247808161311648,0.974886394893285,0.009865796945403502
id00831,0.009796674259682038,0.02035086884556586,0.9698524568947521
id18145,0.1749243743893261,0.05528006947179438,0.7697955561388796
id17227,0.9906916959852747,0.002913451138726765,0.006394852875998502
id09417,0.9544425630324196,0.012478744445515439,0.03307869252206491
id21307,0.9270364844345752,0.05167463341512772,0.021288882150296923
id05650,0.016376179395034447,0.976309970303469,0.007313850301496647
id23901,0.9235448802626817,0.06813916253761951,0.008315957199698935
id05831,0.9477659933225892,0.025587632960449715,0.02664637371696103
id16708,0.03548490290119881,0.9583843156475363,0.006130781451264894
id02281,0.02960203105561297,0.012384149732270831,0.9580138192121161
id11599,0.2439335677714833,0.2345895691043977,0.521476863124119
id18353,0.08228302129003497,0.7907355968451034,0.12698138186486177
id07413,0.40095340303497545,0.5755215032740493,0.023525093690975392
id15653,0.021983905112460362,0.9649879296705633,0.013028165216976197
id09715,0.009217263744399283,0.005889742835668628,0.9848929934199322
id05108,0.08268817547423436,0.9129340308817353,0.004377793644030345
id09537,0.2594392973692136,0.03910196222933857,0.7014587404014478
id27596,0.9657780412063109,0.020601789212041893,0.013620169581647211
id24255,0.023372409535552138,0.030662121861526993,0.945965468602921
id05080,0.010059206686445655,0.0072442075304073586,0.9826965857831471
id09484,0.9866837787361512,0.0031055613379375926,0.010210659925911053
id14864,0.04343094878298607,0.02202239897625589,0.9345466522407581
id26836,0.9668169870130691,0.01759727976385499,0.015585733223076083
id07003,0.9755730336796319,0.017921830971981464,0.006505135348386794
id13750,0.0035420978743045573,0.9950709894640556,0.0013869126616398158
id21799,0.050446301111946305,0.07791604912144402,0.8716376497666096
id11285,0.9967969808909538,0.0014344501563257873,0.0017685689527203949
id04735,0.6681820669668428,0.12388146146448613,0.20793647156867107
id23049,0.004610815170007905,0.007221926537104766,0.9881672582928872
id05826,0.4730201930307794,0.43941694810869103,0.08756285886052959
id17916,0.04855609973259664,0.9417324955615081,0.009711404705895226
id14081,0.02380557315495094,0.00532525964786525,0.9708691671971837
id10527,0.15880830717114217,0.01651220400380867,0.8246794888250492
id16059,0.012431906054244426,0.9740225593004657,0.01354553464528994
id25542,0.9952153221360731,0.002148673470366103,0.0026360043935606675
id05402,0.023038739954248582,0.02769931802484247,0.9492619420209089
id01927,0.27586182156324385,0.6449604735635202,0.07917770487323607
id27656,0.5447493172644642,0.03992934294561849,0.4153213397899173
id06708,0.14898437912890672,0.8261415025314467,0.02487411833964654
id03524,0.09779364443940876,0.8803610150729576,0.02184534048763353
id12297,0.41147973934919363,0.2694859980978114,0.31903426255299494
id03439,0.8599678705296919,0.03247987429648529,0.1075522551738229
id04587,0.0038177544819862513,0.9926325409471061,0.0035497045709076435
id25470,0.004354965643009461,0.9861482184782535,0.00949681587873722
id01212,0.027323260034417957,0.9665495079272274,0.006127232038354617
id13932,0.9760025426826694,0.010886245796866735,0.013111211520463852
id00124,0.06475273809766066,0.0114214774153915,0.9238257844869477
id01592,0.9240367617242405,0.006856683969616434,0.06910655430614299
id13461,0.8825991832031047,0.08674501426638098,0.030655802530514396
id24681,0.0491040963502923,0.17808042473419328,0.7728154789155145
id23245,0.10296950592792319,0.010345107431068772,0.886685386641008
id14073,0.7044298427003559,0.02427791157851702,0.271292245721127
id05172,0.9325583372853201,0.0042490678533407,0.06319259486133928
id21979,0.921014609326808,0.04971843533488055,0.02926695533831141
id00328,0.9848942441988121,0.0020721717814366557,0.01303358401975134
id26102,0.9947976910509498,0.002098361288789908,0.003103947660260338
id14867,0.050236566695974386,0.004581722253004998,0.9451817110510206
id27544,0.008575405199807339,0.9861426529734989,0.005281941826693844
id16228,0.9703107970226578,0.014829746710409267,0.01485945626693286
id16342,0.02716261602197388,0.9625302064002962,0.010307177577729958
id24933,0.9734852661657315,0.013295858206970523,0.013218875627297918
id04601,0.9313779217637833,0.026098208876594385,0.04252386935962246
id01599,0.016743367489774497,0.9771226581954258,0.006133974314799866
id06238,0.9585297210586003,0.032737667453323745,0.008732611488075947
id06826,0.02379618415498886,0.6443108272308812,0.33189298861413
id23307,0.992461195754204,0.0026067070845366123,0.004932097161259373
id13575,0.915233939493108,0.011310655527136993,0.07345540497975482
id24174,0.7095103130832857,0.023736830841881124,0.2667528560748331
id19534,0.0504941168381206,0.7440548017395279,0.2054510814223514
id19602,0.015197230100707797,0.005837868979991972,0.9789649009193002
id26962,0.004504799002536225,0.9849858484576272,0.010509352539836717
id04448,0.06925273932043402,0.9238440622565856,0.006903198422980318
id09786,0.01620520053546989,0.9372827940516473,0.04651200541288271
id25240,0.7395274462804741,0.22324213309533686,0.03723042062418914
id14893,0.9911293911674336,0.005505922290550652,0.003364686542015878
id24221,0.993634416017907,0.0033858110175357795,0.002979772964557114
id04696,0.910733146767505,0.013742480837974939,0.07552437239451994
id15153,0.013840104238897259,0.8274263264294132,0.1587335693316896
id13882,0.0024397146916941403,0.9960795186690867,0.00148076663921919
id17836,0.012328457748971157,0.9606699414125044,0.02700160083852459
id00574,0.008487780204662499,0.9859840325743013,0.005528187221036257
id02078,0.0033595766411188576,0.971084931720216,0.025555491638665016
id21206,0.09487174030918456,0.8657437519583162,0.039384507732499345
id20084,0.7931171511680623,0.011454987477961205,0.1954278613539765
id26598,0.01235657855630591,0.01007126931352946,0.9775721521301646
id06838,0.054026480946675226,0.0158580014547063,0.9301155175986184
id08786,0.028542308111160684,0.013499572896856644,0.9579581189919828
id09550,0.029886190430650866,0.018700365961642013,0.9514134436077071
id10206,0.9760340016936104,0.010355285850946196,0.013610712455443444
id21113,0.9591871094787183,0.010584229337373454,0.030228661183908177
id21151,0.04293341913519878,0.9481521172732479,0.008914463591553342
id02692,0.9951317353915408,0.0030775890203490336,0.0017906755881101702
id26446,0.2590484288286622,0.0624754781265315,0.6784760930448063
id07377,0.09234057450223963,0.895272618298588,0.012386807199172421
id15998,0.9243811464662454,0.007685597299168955,0.06793325623458561
id19637,0.9826966724522187,0.0024894636839711466,0.014813863863810228
id19735,0.002682821378359627,0.9883743906733193,0.008942787948321138
id13739,0.4324482631629949,0.06152659781400121,0.506025139023004
id25175,0.9627124838901214,0.009747453739788752,0.027540062370089914
id00563,0.03828913181557333,0.03675530443690971,0.9249555637475171
id09982,0.9803827531294858,0.003000947171228147,0.016616299699286
id15459,0.0042420495470811385,0.9943224267586487,0.001435523694270213
id20785,0.004397050526997912,0.0042418833899193886,0.9913610660830828
id07145,0.028326859404432924,0.013024836338919148,0.9586483042566479
id22204,0.005431190968273189,0.9875859306641557,0.006982878367570951
id09285,0.9471964507408648,0.010946830621391842,0.04185671863774329
id18157,0.028994980510510363,0.022453097186933117,0.9485519223025565
id12134,0.009415093506171965,0.01033904293883974,0.9802458635549883
id23914,0.9920183394195835,0.0019152469934385337,0.00606641358697785
id10483,0.9695569497436458,0.025335467598255695,0.005107582658098546
id07092,0.7908417087786955,0.011864660977407737,0.19729363024389665
id14786,0.08156234240811891,0.011005835353964767,0.9074318222379163
id25741,0.9798169156507348,0.003279629380245033,0.01690345496902005
id09050,0.007640718041845261,0.9812011641518028,0.011158117806352048
id04938,0.9713538961946124,0.0039512583471039055,0.024694845458283758
id05901,0.185916248305942,0.057838936264497896,0.75624481542956
id16975,0.02303995876264087,0.9455561649238761,0.031403876313483146
id08547,0.019487118261388037,0.02509237813153153,0.9554205036070805
id16355,0.9387977029223546,0.014090351199909678,0.04711194587773567
id14568,0.8843518784008673,0.021177620350749462,0.0944705012483834
id25599,0.08469750915738947,0.8444464122032442,0.07085607863936635
id01670,0.060873694517861045,0.9302081644384802,0.00891814104365869
id23945,0.004563266666324729,0.9926570217249446,0.0027797116087305423
id17394,0.013383508451555176,0.01787109627923467,0.9687453952692101
id06501,0.1672958697880749,0.11853601445589315,0.714168115756032
id26234,0.004266958550084963,0.9908081344209789,0.004924907028936151
id21280,0.014112281602545528,0.006877533555590905,0.9790101848418636
id20048,0.010027919238006036,0.030908399415127928,0.9590636813468661
id01216,0.8980529866688828,0.0742479824364841,0.027699030894633263
id25320,0.9425871508822568,0.004936507400961079,0.0524763417167821
id22833,0.007162705637451536,0.008190177159078835,0.9846471172034695
id22056,0.3790250098191073,0.6011520933598458,0.019822896821046817
id02275,0.0027239519424721924,0.9834346443330129,0.013841403724514803
id26127,0.9592289730273441,0.006671858126981817,0.034099168845674224
id17011,0.020466007921017052,0.9601188224210335,0.019415169657949403
id13847,0.9699983036772815,0.01018960798703528,0.019812088335683372
id00013,0.0052435040522502575,0.9900809406808972,0.0046755552668524296
id16463,0.9291435660499654,0.05113326311726557,0.01972317083276908
id04845,0.04493349352365773,0.7854935428860544,0.16957296359028784
id01787,0.17187314841201945,0.06783310667377727,0.7602937449142034
id08637,0.9652628229261117,0.022851897773745623,0.011885279300142828
id11414,0.02370206623089796,0.021643536004309495,0.9546543977647926
id13177,0.09939207214675726,0.6701473786098167,0.23046054924342615
id24517,0.9187839582616949,0.004571256671440798,0.07664478506686435
id26838,0.9508075459149715,0.01987635830400441,0.02931609578102407
id23081,0.005080200637690182,0.985901223652624,0.009018575709685754
id16327,0.025882537755636734,0.7371535900440848,0.23696387220027865
id27282,0.008079214593219638,0.9842614016511562,0.007659383755624286
id07489,0.06629017700675092,0.25659743754005854,0.6771123854531905
id01718,0.009787131847021664,0.005666172647359075,0.9845466955056194
id15441,0.9581579987867151,0.015226408322581758,0.026615592890703216
id27736,0.01294431162112039,0.9468813820966533,0.04017430628222638
id16324,0.010330270690057397,0.5048863069957247,0.48478342231421795
id12027,0.10065073220158335,0.03948471727073425,0.8598645505276823
id24653,0.029088372580460826,0.9574445498747712,0.013467077544768035
id17541,0.10497930288732472,0.018350278086015432,0.8766704190266598
id22406,0.11327981540515956,0.7538018960177781,0.13291828857706223
id18356,0.9400452030014204,0.020734446965427533,0.03922035003315209
id04505,0.4429688269218201,0.535221632484098,0.021809540594081966
id04246,0.9083119554323578,0.0616520317973917,0.030036012770250538
id07368,0.8102443976448728,0.017892214314262397,0.17186338804086496
id26185,0.01680376601075063,0.004198778526333082,0.9789974554629162
id08878,0.041757209625528556,0.03422242722798765,0.9240203631464838
id27691,0.009457719435490784,0.02429203588807652,0.9662502446764327
id18004,0.9226426921775931,0.030008586702238087,0.0473487211201688
id24426,0.9055026234430901,0.0670516430986971,0.02744573345821294
id14164,0.96262485459731,0.009782739533904777,0.027592405868785183
id12653,0.0019366748185147256,0.9910921745108765,0.006971150670608816
id18060,0.4925686778401162,0.10451481030953068,0.40291651185035304
id18556,0.8679122368312098,0.10090981459086683,0.03117794857792338
id27371,0.015746387663387373,0.08231060886001385,0.9019430034765987
id11989,0.034269734644709525,0.8942255973385436,0.07150466801674708
id26095,0.9809357968166246,0.006432894477876211,0.012631308705499182
id24978,0.1476512430886913,0.0875670814169808,0.764781675494328
id20322,0.2745272991167502,0.06225448294517886,0.6632182179380709
id01954,0.973228752267475,0.014015262692957242,0.012755985039567758
id07434,0.9220667558813943,0.02994873189263514,0.047984512225970645
id18144,0.006760805039821498,0.028238619854145906,0.9650005751060327
id16250,0.04715019687307873,0.9384380874887229,0.01441171563819825
id17793,0.005905949772443778,0.011997330989841898,0.9820967192377144
id24067,0.5344418814662881,0.04889229399583874,0.4166658245378732
id13891,0.0063299024939525595,0.004312616802172891,0.9893574807038745
id07334,0.005044558932430696,0.9918015796064839,0.003153861461085398
id15633,0.012627579423333842,0.9487658867651148,0.03860653381155132
id23239,0.9288005108502403,0.02050267290737347,0.05069681624238636
id10674,0.048339691095930865,0.1531892230536801,0.7984710858503891
id22093,0.893462648106383,0.04590952652818199,0.060627825365435054
id08444,0.03741285007586024,0.7978830177553974,0.1647041321687425
id03257,0.022042395388586742,0.01230769087040434,0.9656499137410088
id10040,0.9392516532699933,0.036164017995901826,0.024584328734104884
id04902,0.01740844938972018,0.0037093686485713323,0.9788821819617085
id01219,0.9627102402090102,0.018599855599784006,0.018689904191205697
id01340,0.9904012145001677,0.004025920954465557,0.005572864545366718
id05117,0.016214916092921812,0.9739906400304732,0.009794443876605061
id04908,0.010936132622875768,0.004304108347657383,0.9847597590294669
id03626,0.012220153943478125,0.011885193048045231,0.9758946530084767
id01888,0.99543606250043,0.0019243468935075585,0.002639590606062462
id17199,0.01849942680476883,0.010268958367429849,0.9712316148278014
id11200,0.7930104941976073,0.17044235743517053,0.03654714836722231
id27561,0.738698237083581,0.023268946422388893,0.23803281649403019
id20966,0.001749232470488134,0.9965324964373838,0.0017182710921279216
id10257,0.0032703659493691574,0.9918296400190906,0.004899994031540358
id21168,0.04006921626150018,0.9458291269558381,0.014101656782661695
id23363,0.02874255696929467,0.008651223869665358,0.96260621916104
id05321,0.8238292135810689,0.01183704725233036,0.1643337391666008
id09928,0.03141013106377362,0.006665467617236166,0.9619244013189903
id18015,0.9966432970700886,0.0014846634376643145,0.001872039492247237
id02082,0.021512607712676674,0.966640898836387,0.011846493450936293
id19279,0.9568062322364571,0.03299769777791855,0.010196069985624315
id08541,0.018728098835730234,0.9789576298357243,0.0023142713285455286
id15249,0.008305102853105942,0.9814140072899699,0.010280889856924089
id03609,0.08779144890329892,0.8737095625605197,0.038498988536181285
id22902,0.014494092938599613,0.00919701777534665,0.9763088892860539
id17733,0.9816648364395021,0.009648908682168339,0.008686254878329525
id07554,0.02791904551603224,0.2710251885554696,0.7010557659284983
id14120,0.5411606170890637,0.037919077885263254,0.4209203050256732
id21802,0.02425446990032674,0.9676204244647751,0.008125105634898256
id15614,0.005225094086903836,0.9848097332761747,0.009965172636921482
id19437,0.008021547352367344,0.0068480117951350465,0.9851304408524977
id22698,0.942138584064407,0.030276598577924987,0.02758481735766809
id21841,0.014094505820593392,0.9722131309179236,0.013692363261482855
id16177,0.9172808994128294,0.056191284958674904,0.026527815628495547
id15887,0.07969674106539328,0.017754959385470868,0.9025482995491358
id22629,0.6896527218114015,0.03464205234607596,0.27570522584252266
id10346,0.9597669523972859,0.01632820160011624,0.023904846002597884
id05154,0.9695416694189268,0.01856970171827499,0.01188862886279803
id22913,0.3261125617585638,0.6602170244923756,0.013670413749060412
id10544,0.04028882448072891,0.7536427029624441,0.20606847255682711
id08703,0.12083481366393783,0.8557209785236732,0.023444207812388786
id12817,0.1449367340664262,0.0226624070960307,0.8324008588375432
id25433,0.9779883185759793,0.01013433012571898,0.011877351298301657
id25112,0.007689721246122646,0.014929097419090516,0.9773811813347868
id05054,0.003579840431515364,0.9550502861612002,0.04136987340728443
id02311,0.030877644234046646,0.8661413167221785,0.10298103904377469
id22160,0.005914160161280332,0.9756106636047951,0.018475176233924456
id17422,0.9817274746323909,0.006545471979103536,0.01172705338850564
id18985,0.9336098818564811,0.01584084903471637,0.05054926910880254
id21905,0.014241914593201975,0.006702879515156072,0.9790552058916421
id17474,0.9693347520459835,0.009847759945714454,0.02081748800830215
id15236,0.0029134476485304706,0.9902509144779854,0.006835637873484079
id13964,0.9747615145789646,0.007179090604537186,0.018059394816498146
id15962,0.03008339552370382,0.954921591614197,0.01499501286209933
id20866,0.07433356664780887,0.023134585221728947,0.9025318481304623
id06625,0.0789590845676024,0.03818025131117939,0.8828606641212181
id09793,0.16328158472966536,0.028277787795853482,0.8084406274744811
id17365,0.0018286194009537913,0.9934947241996595,0.004676656399386758
id18463,0.0034305981857620242,0.9928435433852323,0.003725858429005706
id20693,0.09464411710469996,0.6450501597363627,0.26030572315893735
id08785,0.010931999072696603,0.9641367621153043,0.02493123881199901
id06783,0.0049013970341126424,0.9828153523591082,0.012283250606779287
id23178,0.020189925252525148,0.006335209848193776,0.9734748648992811
id13513,0.01800314865543089,0.9653313223910803,0.01666552895348865
id25361,0.013781887774691056,0.00924793293385089,0.976970179291458
id22319,0.3276121853122177,0.06631694830740659,0.6060708663803758
id14024,0.12394449708741305,0.07192610374834793,0.8041293991642391
id24186,0.012248110707961557,0.9690154925874511,0.018736396704587252
id20965,0.9722031757492728,0.011715614984922868,0.0160812092658043
id06242,0.07989602662310755,0.023997764980426627,0.8961062083964657
id25665,0.012063149076908149,0.39452483557589635,0.5934120153471956
id09706,0.8376042728670885,0.03517048148951209,0.1272252456433994
id11026,0.029542779694889023,0.9618963032820617,0.008560917023049322
id04223,0.9881745883458352,0.007599959969196641,0.004225451684968178
id19674,0.006744951101334045,0.9763025163774898,0.01695253252117632
id23420,0.02619834290150287,0.08530921786763737,0.8884924392308597
id18059,0.067999665097357,0.924467514608638,0.007532820294004996
id22576,0.9731387722832221,0.013844112532875132,0.013017115183902677
id18495,0.0019004647492962647,0.9962232541146172,0.0018762811360864876
id14139,0.9878699522572228,0.0062991361480007075,0.005830911594776594
id18313,0.026645294918654448,0.9649812891596837,0.00837341592166176
id27356,0.9574375904554127,0.0038445712794767458,0.038717838265110625
id16035,0.027193207708875997,0.007157076263627852,0.9656497160274963
id04182,0.9087764265847412,0.06513905890692821,0.02608451450833048
id15667,0.9945535778045558,0.001974203844675183,0.0034722183507690163
id08713,0.9634096939126309,0.014866042278842109,0.02172426380852705
id25563,0.0018454711114907919,0.9963306218700949,0.0018239070184143506
id17023,0.9610074495922615,0.028713839475079085,0.010278710932659483
id03014,0.0016390782794604016,0.9919728960573413,0.006388025663198396
id23812,0.052671456910505156,0.9392810523243822,0.008047490765112795
id20057,0.8086835740497728,0.013740310490996988,0.1775761154592303
id12385,0.9306745304459267,0.029701815733311897,0.039623653820761405
id24416,0.06127459818627863,0.9346375726778716,0.0040878291358496886
id15672,0.00524490560606631,0.9632544695482181,0.03150062484571566
id13868,0.9960932074171857,0.001789083612258588,0.00211770897055587
id21095,0.04286631006487687,0.28888070784894493,0.6682529820861782
id05305,0.08104645686339483,0.7499171354802534,0.16903640765635186
id15384,0.066052089160354,0.048264592131164165,0.8856833187084818
id14049,0.015229163082876496,0.0035595916642203913,0.981211245252903
id23441,0.9561451727052245,0.02759222160459091,0.01626260569018467
id12856,0.018176938805946306,0.005292072165465071,0.9765309890285887
id16055,0.010894742623324655,0.013896971945193447,0.975208285431482
id24771,0.9501532260258273,0.036462226980099155,0.013384546994073529
id14053,0.9665271550736686,0.02318350571862971,0.01028933920770164
id19547,0.00954861892413219,0.04295677635849685,0.9474946047173709
id03639,0.04389362243861325,0.9263369532171694,0.029769424344217373
id14546,0.9068246735290595,0.08313250250045535,0.010042823970485146
id13935,0.9674563798065512,0.008557282624426973,0.02398633756902192
id20335,0.2585060774175345,0.7219901249664973,0.0195037976159681
id07301,0.21420770067318698,0.10607018699420186,0.6797221123326112
id10186,0.9860446735124273,0.002305503507770134,0.011649822979802472
id00192,0.9349864667838211,0.019771784366735816,0.045241748849443125
id17851,0.9930650985702509,0.0022589247440615466,0.004675976685687436
id08403,0.014997752679028463,0.9061901399208224,0.07881210740014928
id06183,0.1094380654012305,0.0712240769874082,0.8193378576113614
id24738,0.9064748794784736,0.07161288924509442,0.021912231276431916
id15112,0.5111263450211747,0.39476252850875393,0.09411112647007124
id19819,0.006996968388725035,0.006048591024101799,0.9869544405871731
id17722,0.018443194614927924,0.009089704385819377,0.9724671009992528
id24273,0.004030265323514342,0.9336899884414963,0.062279746234989296
id18939,0.017663903140136463,0.00919454759038641,0.9731415492694773
id16076,0.07608112793300954,0.9014900550708312,0.02242881699615931
id23158,0.01138430946159358,0.025605653751501745,0.9630100367869047
id12745,0.9136001215352685,0.0396425560639378,0.0467573224007938
id22538,0.26260717407377465,0.059259627723445805,0.6781331982027795
id14975,0.11962150807055659,0.8713640640300703,0.00901442789937312
id27537,0.9783994781267724,0.014334249733995733,0.00726627213923174
id06632,0.05200513439451891,0.01421049402993078,0.9337843715755504
id08100,0.019369008997738905,0.9779093357336192,0.0027216552686418686
id00843,0.9961562216876161,0.0019271028828401625,0.0019166754295438361
id22159,0.014892727323120887,0.00614624855790698,0.9789610241189721
id18672,0.9872907314740569,0.002495850141281677,0.010213418384661499
id06916,0.5074489218276248,0.263511083436247,0.22903999473612832
id22212,0.8177320751228214,0.008739985023738071,0.17352793985344042
id00273,0.021139061703046438,0.022528381547352275,0.9563325567496013
id26325,0.045482771527009115,0.9473798709260912,0.007137357546899654
id23683,0.01269866376422699,0.9793819710207442,0.00791936521502882
id14419,0.0061692852081676125,0.9879477724876748,0.005882942304157509
id11931,0.0018964199432196225,0.9966895638426823,0.001414016214098024
id00568,0.014773081904558328,0.9792293398937255,0.0059975782017161125
id12271,0.9817650550820256,0.01427196094815095,0.003962983969823445
id12622,0.9877993049272824,0.008944206485160412,0.003256488587557272
id03156,0.057476695203732504,0.7391581068527726,0.20336519794349484
id25592,0.981439779734704,0.015031344190994965,0.0035288760743010937
id24367,0.8491167874357919,0.015318099943420704,0.13556511262078758
id16007,0.011347239706705495,0.01475802438407222,0.9738947359092224
id04785,0.7834768043178465,0.023042880587249757,0.19348031509490374
id07888,0.01723276280609943,0.015099335582554779,0.9676679016113459
id13557,0.10573749572189106,0.8710579477920626,0.023204556486046333
id20726,0.986596445266792,0.0029286059198292912,0.01047494881337869
id09580,0.9914128771074455,0.004758727730406934,0.003828395162147591
id05173,0.17851322960579724,0.8039403257505696,0.017546444643633037
id10394,0.0070534592165895135,0.988814932775575,0.004131608007835421
id03926,0.005067760919966195,0.9897446771485663,0.005187561931467535
id07264,0.9831933563955572,0.014029892034629139,0.0027767515698137292
id01862,0.022873072388412283,0.9583503187808813,0.01877660883070639
id20808,0.03158880976795015,0.9446588486617437,0.02375234157030613
id26658,0.91113235895782,0.0161262780309357,0.07274136301124436
id04479,0.9340593590100842,0.016739772852978615,0.04920086813693711
id17445,0.5135182924462326,0.4576529252093265,0.028828782344440796
id04430,0.009864006608360386,0.9834249957241356,0.006710997667504089
id06052,0.9019335078871105,0.010451046354053216,0.0876154457588362
id11485,0.9036022165684781,0.06142661581487168,0.03497116761665015
id13060,0.2950614231288815,0.06657016064465907,0.6383684162264596
id20873,0.8955455553316582,0.017373383676824224,0.08708106099151748
id21927,0.06351495483229626,0.9221277282882956,0.014357316879408312
id02736,0.3021128458179219,0.3952581763896331,0.302628977792445
id11234,0.5916888280550985,0.023749683093959816,0.38456148885094166
id27894,0.9934213592795041,0.0022876964138261856,0.004290944306669752
id23208,0.05729703850594992,0.38388633004462247,0.5588166314494276
id18470,0.595029249271499,0.22178823016234145,0.18318252056615966
id23172,0.1991872029748307,0.7835773788462038,0.017235418178965567
id08752,0.607742092986328,0.049903232222385095,0.34235467479128684
id14242,0.07643832748633737,0.016001611229885356,0.9075600612837773
id22908,0.9103161806589019,0.01396371702425905,0.07572010231683896
id17454,0.0786162364618055,0.06705285006075228,0.8543309134774422
id23797,0.59641643662717,0.3901946368628344,0.013388926509995618
id03788,0.9290010892678235,0.03449115688996578,0.0365077538422107
id23682,0.2001075213794024,0.01057326548462667,0.789319213135971
id07179,0.9695502354862519,0.010772032027542849,0.019677732486205402
id09746,0.03382939938551183,0.9508646896437856,0.015305910970702663
id26613,0.05667721244925912,0.054942426411379315,0.8883803611393615
id05142,0.9925973559357026,0.0016910049830126809,0.005711639081284747
id04825,0.008288925327963952,0.9865919394069378,0.005119135265098138
id13691,0.6807340829642337,0.020912271258393293,0.2983536457773731
id14183,0.012511220394706812,0.004214441725309221,0.9832743378799841
id19519,0.010374354272268422,0.009090495038954422,0.9805351506887773
id26685,0.9312041088310015,0.003942979970407267,0.06485291119859132
id07937,0.06848263695338394,0.5592612152864069,0.37225614776020904
id10574,0.003505677840520605,0.9941495550727996,0.0023447670866798068
id15310,0.005267732502952406,0.9914580648665323,0.0032742026305152576
id27311,0.006506926172378173,0.004720796100828904,0.988772277726793
id11590,0.32752776194777977,0.026920730227395162,0.645551507824825
id19798,0.0032099896069634607,0.9861074942171737,0.01068251617586291
id12201,0.2530034393124382,0.7051277453860422,0.041868815301519556
id12460,0.18200192309992946,0.08932630096709707,0.7286717759329736
id12019,0.9667117370601448,0.020409768012129306,0.012878494927725847
id08046,0.7731212947459806,0.14392341976950013,0.08295528548451918
id02989,0.028641697406165033,0.04870635615138345,0.9226519464424516
id26905,0.007434602645661604,0.007061767846468584,0.9855036295078697
id09779,0.9926789601115271,0.004025804302562042,0.003295235585910871
id04359,0.9254949027745982,0.03909854376741862,0.03540655345798312
id01526,0.9672381651419045,0.030387014024593813,0.0023748208335017313
id22325,0.1288959115304473,0.8600222417141764,0.011081846755376256
id27878,0.7721841500530032,0.051288018519933504,0.17652783142706335
id06413,0.0036932290651651755,0.9938617980174559,0.00244497291737893
id12616,0.02547175366676503,0.9570675551479955,0.017460691185239637
id05301,0.9333067044008597,0.03699391815128614,0.029699377447854034
id13258,0.09732476817441718,0.02884983153071024,0.8738254002948725
id08789,0.23325109289409032,0.6210619321242662,0.14568697498164354
id11776,0.006907240866411823,0.9915673910429526,0.0015253680906357424
id21899,0.9847111574993838,0.00995606801578386,0.00533277448483242
id18108,0.2563336640205692,0.017042518508937635,0.7266238174704932
id23585,0.43949161393304004,0.3921252253870709,0.16838316067988915
id22122,0.291228214401795,0.013337794445520681,0.6954339911526843
id22855,0.9319008649589858,0.05284756305946299,0.015251571981551245
id19551,0.9848946755269355,0.006944469415978232,0.008160855057086318
id18535,0.0020637153214409535,0.9953258377290762,0.0026104469494828367
id15115,0.10856293083978204,0.03154683314243751,0.8598902360177806
id00678,0.9891762394504712,0.007113779394656739,0.0037099811548720347
id21876,0.1811074570739775,0.7864002171923608,0.03249232573366186
id01553,0.9536103971826928,0.01624794427505301,0.030141658542254233
id09456,0.9784469029151973,0.01033411456381095,0.011218982520991749
id01455,0.01271707562843063,0.9699139713922463,0.017368952979323116
id02454,0.009689046342046764,0.9728147676758269,0.017496185982126263
id07911,0.06997600068304574,0.004221305574143677,0.9258026937428105
id13383,0.9539088401757555,0.03823956542508141,0.00785159439916302
id19953,0.5622017591926325,0.007061330719169553,0.4307369100881981
id10316,0.7823459343961026,0.16662425794273195,0.051029807661165466
id01991,0.35487179530221635,0.027650629152444577,0.6174775755453391
id19176,0.9714419733836634,0.0244055223007426,0.004152504315594003
id06744,0.38519250271663014,0.03533655840426476,0.5794709388791051
id09999,0.3055520844763979,0.014917204415412862,0.6795307111081892
id11253,0.022607230185578895,0.04103975591667758,0.9363530138977436
id15089,0.005997843392070632,0.9795333338054285,0.014468822802500928
id16821,0.024520815504568524,0.02755787859003034,0.947921305905401
id08256,0.995503030147521,0.0023085919035749137,0.002188377948904183
id14844,0.4277091294334539,0.032576087848039885,0.5397147827185061
id25950,0.0026639627971053537,0.9689304264930844,0.028405610709810455
id11961,0.004885980034415295,0.9809688931903953,0.014145126775189499
id00092,0.005566943120272187,0.004304489248193119,0.9901285676315347
id13083,0.01719629256743364,0.0353820103236971,0.9474216971088694
id25825,0.9922393837844644,0.002485836008137428,0.005274780207398268
id03045,0.011258982363838333,0.006273212822468136,0.9824678048136937
id19037,0.41738555281790024,0.5629458682963863,0.01966857888571357
id24357,0.1010312374002482,0.031723304920737605,0.8672454576790142
id24449,0.5396453945537005,0.43554084899937,0.024813756446929514
id22847,0.02789307243680423,0.9365605827091643,0.03554634485403145
id27720,0.9882723006356577,0.008952364352625322,0.0027753350117169723
id11619,0.9315408348199474,0.06030390043161482,0.008155264748437788
id03129,0.9871892517812969,0.004495244655830957,0.008315503562872216
id04264,0.019427430556623243,0.9677868541986965,0.012785715244680168
id19748,0.0588321281112952,0.017102548663833088,0.9240653232248718
id20851,0.06562062307768153,0.01382059912422942,0.9205587777980889
id13277,0.9742399223922371,0.009058607250254756,0.016701470357508224
id06419,0.015199653223760367,0.9818710661363719,0.0029292806398675975
id00581,0.9719501246382222,0.010260232244092693,0.017789643117685217
id08765,0.9569647723356485,0.002730216038856073,0.04030501162549534
id13492,0.09947563283976835,0.8773300036622051,0.023194363498026387
id12049,0.018019288200299702,0.9773508104307967,0.004629901368903565
id12700,0.9754542855143304,0.02151663449292793,0.0030290799927416585
id07697,0.9928919581799092,0.004324156232083983,0.0027838855880068
id00262,0.032877293622765195,0.9628315260505179,0.004291180326717019
id20969,0.028689268384933454,0.6980988754752269,0.2732118561398397
id18465,0.005468023475490258,0.009297912393890858,0.9852340641306189
id10027,0.01186734847431806,0.9590541910469869,0.029078460478694924
id03007,0.04879370032080315,0.39013463824658284,0.561071661432614
id23465,0.7257914277600157,0.033664354752707765,0.24054421748727656
id09086,0.9637193574148676,0.01708532819834247,0.019195314386789883
id08015,0.010391077224168268,0.9776641973144262,0.011944725461405467
id04285,0.23009987743265242,0.0468754892300018,0.7230246333373458
id04356,0.0141997761474722,0.02481588979541834,0.9609843340571094
id03554,0.9386599240732455,0.04186131880598103,0.01947875712077354
id06922,0.8366142818472491,0.03321929646674251,0.13016642168600853
id15733,0.009229793129151809,0.9879655708742509,0.002804635996597423
id24934,0.0273537955344856,0.004648321618499896,0.9679978828470145
id05529,0.9798291848647945,0.006224568869758039,0.013946246265447411
id00298,0.002367892532911757,0.9718194025426722,0.02581270492441596
id08158,0.9146047622018275,0.02743210654698443,0.057963131251187947
id15135,0.18902159892191117,0.04012563611616311,0.7708527649619257
id06574,0.8297156127191111,0.03095023813177962,0.13933414914910933
id20017,0.019833535976034402,0.9681303283555572,0.012036135668408509
id14386,0.006303732582212442,0.005175224549798823,0.9885210428679887
id24226,0.8047789732975068,0.15492326176083296,0.04029776494166034
id24212,0.010962166197339467,0.9262934505259007,0.06274438327675975
id14116,0.004920524190835389,0.0049573599978993185,0.9901221158112653
id14500,0.038615377733253325,0.009998536483900254,0.9513860857828464
id22744,0.02202476084090419,0.047140349891473914,0.9308348892676218
id16163,0.9739138020628578,0.002946757971626773,0.023139439965515412
id17883,0.989406330777121,0.0031102982284347976,0.007483370994444158
id04631,0.0054090801914341005,0.003665446967574318,0.9909254728409916
id26517,0.06814838633592449,0.04040738999242914,0.8914442236716463
id12655,0.005849555571099546,0.9732648833781341,0.020885561050766263
id01505,0.01897416020005,0.9744664768400741,0.006559362959875807
id00104,0.04454265536736059,0.016071218505451266,0.9393861261271881
id20387,0.002403971953628184,0.9920368868022968,0.00555914124407505
id02843,0.7210449455070856,0.006405403520946974,0.2725496509719675
id04361,0.048388053899608444,0.012244227465498162,0.9393677186348934
id26813,0.9949320206336271,0.002087401687507608,0.002980577678865478
id01466,0.00949820658348808,0.6519361791077489,0.33856561430876303
id17090,0.11540796884485632,0.8520819815002229,0.03251004965492094
id06691,0.022646675071577707,0.05019693935220363,0.9271563855762186
id09408,0.6344674013117867,0.2417754983267676,0.12375710036144574
id15285,0.9817476719223279,0.004114166285449684,0.014138161792222529
id16283,0.9739394829519266,0.013350417977748216,0.012710099070325259
id12607,0.9647795891098442,0.021469667985424407,0.013750742904731425
id25965,0.10215057371510991,0.02762596333353642,0.8702234629513537
id07268,0.011463451628818646,0.9834379718911803,0.005098576480001207
id13529,0.022642741044722834,0.01945036934033726,0.95790688961494
id11969,0.0026364236950727634,0.9920000714578205,0.005363504847106614
id20299,0.01651598546603035,0.9357871911270089,0.047696823406960645
id08770,0.02197569518068347,0.02307958072785142,0.954944724091465
id20730,0.18952611122180818,0.024637976137901363,0.7858359126402904
id06333,0.013201712796847115,0.9837945071769594,0.003003780026193624
id27451,0.9350886463992558,0.022693572726976162,0.04221778087376818
id12111,0.05839209622951324,0.013689168591878168,0.9279187351786087
id06609,0.10128713030380546,0.009272686001383429,0.8894401836948113
id12299,0.9699094358682038,0.007851404201245336,0.02223915993055094
id23264,0.9031203316191172,0.019744154604392803,0.0771355137764899
id04222,0.9227211410203284,0.06424948584009664,0.013029373139574885
id17229,0.011063954072821323,0.9772344283741167,0.011701617553062066
id24365,0.014343095160091787,0.021799154207358878,0.9638577506325494
id18294,0.009820076396111273,0.9814636021757879,0.008716321428101028
id04493,0.9799324562023897,0.015152117720936336,0.004915426076674021
id27575,0.9739238856296212,0.011011498175246924,0.015064616195131776
id03801,0.9369235051561773,0.01056176315779307,0.052514731686029624
id11611,0.04384379432486171,0.006166727086846964,0.9499894785882912
id01632,0.14901344643074432,0.009912877338702891,0.8410736762305528
id06510,0.5435048715946069,0.15821020710478312,0.29828492130060985
id20431,0.73269265957562,0.013515806289610261,0.2537915341347697
id23529,0.15830910976026485,0.27775168107425946,0.5639392091654757
id13951,0.009269517032802137,0.038610962030422594,0.9521195209367752
id00803,0.009452019977411656,0.9879292400400413,0.002618739982547029
id06737,0.9328778729676412,0.014293064074605445,0.052829062957753276
id24288,0.9940957955564192,0.0023878124484912793,0.0035163919950893445
id08385,0.32780673820579775,0.6412571445236754,0.030936117270526763
id22859,0.005752319594893156,0.9908998499213764,0.0033478304837305174
id22234,0.028554484126055334,0.9194946503316705,0.05195086554227402
id10365,0.0037903449725831067,0.99209301639429,0.004116638633126856
id00865,0.022167036670728044,0.006554060324039339,0.9712789030052326
id19405,0.100057596796743,0.004669855327482917,0.8952725478757741
id11246,0.030409727914748056,0.013590435539949656,0.9559998365453022
id19587,0.0038691095743279614,0.0048794439658608356,0.9912514464598112
id24614,0.02770304440677015,0.9659250567839025,0.006371898809327249
id23623,0.9166998650561955,0.06589784285565362,0.017402292088150927
id15271,0.20693545165733643,0.02732804823570024,0.7657365001069633
id20478,0.006552432381840869,0.01208666929213504,0.981360898326024
id25277,0.9566888088474282,0.020473873918444248,0.022837317234127436
id22004,0.934154568374403,0.010256634339379556,0.0555887972862174
id16728,0.0034137227965743947,0.9944189190453866,0.0021673581580388766
id06907,0.2635084205428937,0.6741752671542781,0.062316312302828226
id11895,0.013221938216273604,0.9790298235419729,0.007748238241753535
id13802,0.28898743271998945,0.6971660835372522,0.013846483742758485
id18459,0.013237197078207124,0.979055291942632,0.007707510979161052
id21371,0.9794560594178909,0.007481013449144543,0.01306292713296451
id11408,0.0305904241505188,0.9513278900843756,0.0180816857651056
id05442,0.13940170582305395,0.8390235240709516,0.02157477010599432
id21499,0.06210067152453824,0.36254512730775373,0.5753542011677081
id18066,0.15766069302277852,0.8195045272705265,0.022834779706694928
id23617,0.030901863803622327,0.01692540718698678,0.952172729009391
id07725,0.019847227034493414,0.013477856436039368,0.9666749165294672
id24627,0.8946462048598504,0.01239690748548821,0.09295688765466154
id19108,0.9322969537906868,0.059926397495802745,0.007776648713510412
id11800,0.024666513388416543,0.004051569956242048,0.9712819166553414
id14588,0.9327464024071119,0.00390797047913691,0.06334562711375127
id27474,0.9292151137424223,0.0445411227442045,0.026243763513373226
id07924,0.9892143178355999,0.004146447154770698,0.0066392350096294355
id10772,0.9359927287902993,0.009564002901487146,0.05444326830821351
id19235,0.12015397216226976,0.07742342021873942,0.8024226076189908
id13647,0.3901681150285776,0.1485155769148057,0.4613163080566168
id08673,0.8218701330493547,0.007167202057731632,0.17096266489291365
id24850,0.05422055921767967,0.9398919724838932,0.0058874682984271995
id11764,0.9927273818731769,0.0022352138381271404,0.005037404288695937
id05197,0.42181833689365605,0.4177621484126749,0.16041951469366908
id23600,0.08758755683474324,0.01584041328658015,0.8965720298786766
id14699,0.02592541132215495,0.9699701591902372,0.004104429487607712
id26801,0.14008995491654924,0.024246211159892908,0.8356638339235578
id25664,0.4923486707100393,0.4829919124911744,0.024659416798786214
id07809,0.9821861518921391,0.005385287202002166,0.012428560905858742
id13081,0.011214903105793542,0.018661877528586782,0.9701232193656196
id11381,0.028823789107179087,0.02650454055265877,0.9446716703401621
id14721,0.40022314133254316,0.2890035925664205,0.31077326610103645
id07800,0.95004269644628,0.028743995812803538,0.021213307740916437
id13883,0.6609797292506364,0.2939575028317228,0.045062767917640724
id04488,0.9145837644073129,0.00696097084351659,0.07845526474917053
id03530,0.14668718638307193,0.48906394310211365,0.36424887051481447
id15823,0.10292383470600237,0.0037840875605414164,0.8932920777334562
id11701,0.1367655215372216,0.0190560091455034,0.8441784693172749
id07806,0.004058139496065289,0.9842431543260601,0.011698706177874687
id19036,0.00416878356147511,0.9921565852587625,0.0036746311797624075
id20765,0.9682014878737126,0.026254845735360577,0.005543666390926678
id26691,0.0669500827962149,0.04157873812078323,0.891471179083002
id02642,0.06793180109035594,0.014733998571050776,0.9173342003385934
id06475,0.20364589409682854,0.6911443049312869,0.10520980097188463
id19019,0.38438401901651287,0.15207499523036774,0.4635409857531195
id14616,0.020272240495110696,0.017624683624142108,0.9621030758807473
id08537,0.9550669109193585,0.03666287860990617,0.008270210470735385
id19126,0.036648128971817684,0.0466239668111098,0.9167279042170725
id01774,0.007947875080239263,0.0053989527333697,0.986653172186391
id08623,0.9471218127058558,0.0272992732419646,0.02557891405217949
id17150,0.0047926204515051345,0.0032408572218849243,0.9919665223266099
id06325,0.017944431389485194,0.0559609450719519,0.9260946235385629
id23161,0.016311301656631992,0.023509876701275644,0.9601788216420923
id09876,0.13690284325540567,0.05801241457092722,0.805084742173667
id01551,0.8409410252154242,0.07217459063290776,0.08688438415166787
id12334,0.0017636614769308112,0.9961266439438141,0.0021096945792551665
id03577,0.1422785096461397,0.014784324570892841,0.8429371657829674
id20706,0.9809140488856087,0.003021160403651089,0.01606479071074011
id23704,0.005789320318788339,0.9898051903347703,0.004405489346441318
id10029,0.0025734901638122037,0.9899095292447142,0.007516980591473582
id19600,0.008255826859029081,0.974206151045057,0.017538022095913798
id22367,0.044307509707445236,0.9434458380033756,0.012246652289179129
id12262,0.9908873014498677,0.005084225937736644,0.0040284726123956515
id09698,0.08864708382245258,0.8943622849538242,0.01699063122372313
id10919,0.9908866231873242,0.005386848582209314,0.003726528230466429
id12508,0.017647038133411206,0.9673335208438051,0.015019441022783861
id16206,0.1080665084164532,0.07334452615914365,0.8185889654244032
id25927,0.019983189105513277,0.018810430361650612,0.9612063805328361
id23189,0.009836360025633279,0.9853057463867421,0.004857893587624794
id00406,0.02992987461749725,0.9415050612614053,0.0285650641210973
id01257,0.06191593737029164,0.7044522258716859,0.23363183675802254
id15147,0.9968495299893223,0.0015979600789374645,0.0015525099317403837
id24692,0.5522946401092983,0.4160786685680402,0.03162669132266131
id02919,0.004477719846473217,0.9898621579958907,0.005660122157636
id00339,0.012434078338804519,0.9568939573542572,0.030671964306938398
id20981,0.009025104226340985,0.988190330560396,0.0027845652132630306
id00658,0.9639645162145792,0.003958691886198443,0.032076791899222294
id02255,0.017651092865894363,0.014816737067973146,0.9675321700661325
id13282,0.9730508833978947,0.005888690048411122,0.021060426553694236
id13189,0.7331775616893123,0.16695670529814258,0.09986573301254524
id07267,0.9947390407302525,0.0018662690451447213,0.0033946902246027332
id05272,0.8625514045223128,0.007745263616913693,0.12970333186077349
id22653,0.9252116054583496,0.019824210191519028,0.054964184350131326
id06894,0.04098721802537104,0.015571186959715856,0.9434415950149132
id21657,0.17444281348390162,0.8136852239553487,0.011871962560749846
id00430,0.012321475080357788,0.7333658415339065,0.2543126833857358
id21655,0.013773712921019109,0.05350159692954153,0.9327246901494394
id04764,0.7184812312422846,0.03544084220800564,0.2460779265497097
id08665,0.011554811605496618,0.0052955307341648016,0.9831496576603386
id20985,0.0047853601752144564,0.0051080061736843525,0.9901066336511012
id08095,0.5348942245761573,0.4457883279061786,0.01931744751766402
id12015,0.9702965786910156,0.01976759317720619,0.009935828131778174
id13210,0.12354934759439813,0.8268145370075453,0.04963611539805673
id24937,0.325295013019468,0.6142609465299158,0.060444040450616264
id03675,0.003423845470766045,0.991261294538907,0.0053148599903269774
id26951,0.7754359930406711,0.08175997008972757,0.14280403686960133
id06104,0.02648957183002377,0.01204604294764394,0.9614643852223324
id20105,0.007761077225764244,0.9864315486587167,0.0058073741155190645
id20441,0.005160811764308667,0.004741057543888783,0.9900981306918025
id05660,0.8526209604720358,0.04094198225095719,0.10643705727700709
id04078,0.01176301940303344,0.04661311419587309,0.9416238664010934
id26101,0.046051521828207036,0.03126784887578887,0.922680629296004
id10144,0.004401843130916814,0.9841576139351866,0.011440542933896649
id15096,0.011191431754404414,0.02194067471568706,0.9668678935299085
id11903,0.5416056975040492,0.015800929704027238,0.4425933727919235
id24093,0.01131184861248526,0.011036435180998453,0.9776517162065164
id06388,0.24881766418609721,0.6232677404886134,0.12791459532528932
id01203,0.9640633345247577,0.010788704566981333,0.025147960908261074
id18448,0.9908578393128463,0.0024310697789872125,0.006711090908166572
id10382,0.6940639295055208,0.08444463084809141,0.2214914396463878
id25109,0.05523709151633407,0.23592293845628812,0.708839970027378
id15526,0.008172755001763312,0.003363040960821769,0.988464204037415
id09411,0.16317681986221558,0.045288080931463554,0.7915350992063209
id03937,0.03795357992300666,0.056912180105614864,0.9051342399713785
id09740,0.033862962399239194,0.016866563619015236,0.9492704739817457
id11584,0.07670153184760378,0.4435837594385467,0.4797147087138496
id06135,0.9434682148948179,0.05108700509726802,0.005444780007913937
id22666,0.9775787595335736,0.018235461198108215,0.004185779268318124
id03104,0.9966268406568242,0.0015261628398679364,0.0018469965033078978
id21763,0.9635408015653372,0.01632632641492767,0.020132872019735168
id26344,0.028712084857605753,0.03336159358107683,0.9379263215613174
id11819,0.9597466860341608,0.022943851060173215,0.017309462905665932
id20309,0.005485021176537468,0.9827914208713289,0.011723557952133522
id12751,0.9856609487121853,0.00485001238350827,0.009489038904306484
id16205,0.07011985665112457,0.04917379324196145,0.880706350106914
id07347,0.016925483474290147,0.00902529369880022,0.9740492228269096
id20347,0.134626307202155,0.8615749094517562,0.003798783346088747
id05696,0.12225120314285652,0.015741959536546817,0.8620068373205967
id04648,0.934325588835152,0.041412414938834755,0.024261996226013077
id19654,0.9094208351952201,0.0668938551500247,0.023685309654755272
id03991,0.09939315069418586,0.028553111228394937,0.8720537380774193
id05523,0.07495077201737263,0.02036282654175011,0.9046864014408773
id27445,0.9910080512889547,0.005225715589770832,0.0037662331212744743
id27516,0.054757917390336176,0.9219916561586686,0.02325042645099525
id13992,0.005677232445761673,0.003066207569543865,0.9912565599846944
id02429,0.008350914546478619,0.0026443232633735813,0.9890047621901477
id01682,0.003812317033935663,0.9869846704099782,0.00920301255608609
id20561,0.9842975848381444,0.0035825773076391064,0.012119837854216399
id26906,0.950372123003607,0.026547526549609318,0.023080350446783846
id01724,0.7614762655475199,0.16523439162900586,0.07328934282347432
id25283,0.9459490825883136,0.0212754590272672,0.03277545838441918
id06926,0.3144598514112051,0.6181463456430418,0.06739380294575298
id13887,0.9878986346021723,0.007747543045958748,0.004353822351869055
id07530,0.9569574910903207,0.02446195759178205,0.018580551317897237
id13460,0.9915120197570885,0.0033778153840717125,0.005110164858839692
id14695,0.002742543570041349,0.9947399637090057,0.002517492720952887
id08133,0.09726824185639775,0.012883779047237403,0.8898479790963649
id06364,0.021252097370838642,0.5620857463259152,0.416662156303246
id22368,0.008949824046728063,0.9776454075225137,0.013404768430758158
id04855,0.005038250007013427,0.9885087540072602,0.006452995985726212
id14016,0.12175843005643748,0.7726485265606471,0.10559304338291552
id25801,0.010726388325515358,0.9852908140177765,0.003982797656708267
id16241,0.07790442215207864,0.009634917660072776,0.9124606601878487
id01120,0.06944100446629249,0.7162758780584626,0.21428311747524478
id00058,0.8228954754832252,0.07818324500896057,0.09892127950781442
id24503,0.0490528595499268,0.04246865303270994,0.9084784874173633
id03213,0.10073814190722137,0.8675439402519215,0.0317179178408571
id06040,0.9873089984248333,0.004010779063470619,0.008680222511696015
id26219,0.07268861450078495,0.8011786780089923,0.12613270749022257
id23723,0.010181574247104672,0.9247843662655635,0.06503405948733194
id17565,0.9097665542663446,0.011254701164035277,0.0789787445696201
id02243,0.031690102462234436,0.48728782079181265,0.4810220767459528
id04802,0.9902333624155213,0.004434871426957996,0.00533176615752074
id07148,0.013179202048518204,0.004739288338367771,0.982081509613114
id16071,0.9534844426509073,0.029205459446746882,0.01731009790234574
id14810,0.9700556333797762,0.004450309554593181,0.025494057065630675
id15386,0.9534754193948519,0.0387518814174742,0.00777269918767399
id14768,0.9559727512629825,0.007975876276225471,0.0360513724607921
id05056,0.9934185990648458,0.001772959429644473,0.004808441505509812
id27065,0.6661108493229166,0.0247936398250761,0.3090955108520073
id27245,0.9075721084002616,0.059764667936631134,0.03266322366310743
id25911,0.98588306244228,0.0063127795609956225,0.00780415799672459
id10581,0.979558795640772,0.010105893879220642,0.010335310480007426
id21852,0.30998196736853945,0.2724705096204407,0.41754752301101977
id13922,0.41778402122471603,0.5399436939042751,0.04227228487100877
id21904,0.08120473036806124,0.6136929678132108,0.305102301818728
id25974,0.02483532876037916,0.005156935756854475,0.9700077354827663
id03323,0.18662743052184447,0.6443310152369818,0.1690415542411737
id01385,0.5414758026117488,0.3540111075156908,0.10451308987256035
id20469,0.9542454437138621,0.026853759987506536,0.01890079629863134
id04281,0.21385572900843466,0.36977100448191974,0.4163732665096457
id17752,0.9576516976280933,0.03303633422394996,0.009311968147956583
id27768,0.8516698117465342,0.019818452389938235,0.12851173586352757
id15545,0.002745360123219788,0.9919916973379209,0.005262942538859292
id27853,0.038153723332272564,0.02277332241541701,0.9390729542523105
id10103,0.9723038674867275,0.0026715991630106573,0.025024533350261842
id04374,0.012059471151571289,0.007303352673759099,0.9806371761746695
id23102,0.05832383081998418,0.8827260794344602,0.058950089745555705
id15727,0.015621076753783212,0.04395465538820083,0.940424267858016
id22643,0.29315156950561194,0.11741349506766308,0.5894349354267251
id26174,0.013760478882479414,0.04553619775993424,0.9407033233575863
id16776,0.007467206960948071,0.9795722818420597,0.012960511196992139
id11156,0.9938337822243246,0.0026515985718150764,0.003514619203860368
id18288,0.035789193276555706,0.040976544426539946,0.9232342622969043
id21487,0.1810738351644863,0.02416574899751569,0.794760415837998
id06888,0.06027276204560147,0.018218323653470717,0.9215089143009277
id24094,0.7879754550683304,0.016323723858578883,0.1957008210730906
id21383,0.1326618183188438,0.8586329123777994,0.008705269303356925
id10309,0.03089971581293131,0.009658748977902342,0.9594415352091664
id09189,0.37503165446225767,0.06034617773082831,0.5646221678069141
id26844,0.01210518928331507,0.01977719459036968,0.9681176161263152
id02103,0.010382509691455667,0.011842223753828408,0.9777752665547159
id13699,0.03002569239376207,0.027625817054826914,0.9423484905514109
id05005,0.00939453223579151,0.01534469865834381,0.9752607691058647
id19814,0.9331315374744245,0.03211672618324007,0.03475173634233547
id24703,0.9505754346866142,0.045348178721343065,0.004076386592042764
id04594,0.017735026597700966,0.028910853017538606,0.9533541203847604
id13789,0.9571293474184831,0.03937962515253171,0.003491027428985226
id01938,0.1351299514194144,0.8444638028231121,0.020406245757473525
id24274,0.6341372873289517,0.019608493970300473,0.3462542187007478
id13727,0.974605445267035,0.017655224451785856,0.007739330281179307
id19335,0.01960820531145173,0.005834629166314596,0.9745571655222336
id21064,0.017817582531644876,0.013839784256596654,0.9683426332117585
id04044,0.006072104008534894,0.9695277945064118,0.024400101485053154
id01696,0.04641910022906433,0.021405056760624763,0.9321758430103109
id05601,0.07331483608718474,0.024930112402533854,0.9017550515102813
id13591,0.9379404016166218,0.013114448329283424,0.04894515005409462
id09164,0.026904163556110205,0.9672856013378163,0.005810235106073559
id16563,0.011882482784105796,0.01826608861215241,0.9698514286037418
id00380,0.9831224300308248,0.0038532484667275174,0.013024321502447882
id04612,0.011557785144436946,0.0253602241064765,0.9630819907490866
id17341,0.053014220387768055,0.01733330559038806,0.9296524740218439
id23426,0.011691135490738363,0.984444807528329,0.003864056980932586
id02177,0.9819389466691895,0.006702285019116225,0.011358768311694278
id24279,0.006009095302189557,0.005171013515451935,0.9888198911823586
id07226,0.9731656044846095,0.019764897245417027,0.007069498269973455
id23305,0.24165854564353145,0.015614180445507556,0.742727273910961
id00684,0.1364160513833592,0.13608399630226176,0.727499952314379
id22025,0.009096018783284202,0.006401186312259611,0.9845027949044561
id26143,0.9944324412811629,0.003135925802657097,0.0024316329161801044
id12002,0.032077836058959745,0.8750967706871104,0.09282539325392997
id04610,0.7560141953998512,0.2305446515585987,0.013441153041550242
id27224,0.043785106261613416,0.005666706476966986,0.9505481872614197
id10716,0.04653843787461099,0.927935537530956,0.02552602459443303
id14057,0.9885558676330146,0.00422161415945305,0.007222518207532278
id14982,0.9888939163051471,0.0023252414842741937,0.008780842210578614
id00401,0.9624142234297278,0.010573290236423147,0.027012486333848982
id12248,0.9669107207465876,0.02610205281252479,0.0069872264408876944
id04641,0.9452453088920524,0.015534834395899574,0.03921985671204808
id01658,0.7959814760302891,0.0070431560794269495,0.19697536789028403
id03153,0.05896483973848616,0.036441829229091525,0.9045933310324222
id27961,0.8234827710437981,0.032611582142745205,0.14390564681345674
id15984,0.9873493527801492,0.0061268545486299055,0.006523792671220771
id01789,0.47989457053334655,0.5004039068191053,0.019701522647548073
id27264,0.006041620449954949,0.012506096917612789,0.9814522826324322
id05158,0.0076171543443064125,0.006457853614380232,0.9859249920413133
id14265,0.3770050364261259,0.13554438930105597,0.48745057427281824
id20696,0.42182522678001216,0.04290779962919156,0.5352669735907964
id01133,0.7730850384227692,0.051276233504480594,0.17563872807275022
id24953,0.975570534375994,0.011040889342618055,0.01338857628138806
id11298,0.06068127672465685,0.025273428490471678,0.9140452947848715
id20917,0.34726817518969566,0.5970665387340202,0.05566528607628407
id25275,0.05643651071391399,0.9137018492770317,0.029861640009054252
id00850,0.9628236545633089,0.003617933390992985,0.03355841204569819
id23225,0.016549529858837186,0.9812314892991535,0.0022189808420092507
id15602,0.023401367057945936,0.018306090670091646,0.9582925422719625
id12160,0.060282548737659175,0.6070514530619152,0.3326659982004257
id25388,0.016070721713889527,0.971019262156865,0.012910016129245533
id13837,0.05935399616850281,0.9311806297614565,0.009465374070040677
id06804,0.007847758556670668,0.051323815965469186,0.9408284254778603
id19978,0.08731430262921185,0.9069987650716189,0.005686932299169331
id27563,0.007180180547308036,0.006559854078761475,0.9862599653739306
id23762,0.39873363247839744,0.5869640781354499,0.014302289386152576
id22734,0.01388617287912669,0.9795267158942129,0.006587111226660504
id09094,0.5205654035723573,0.20716788709578432,0.27226670933185837
id27270,0.015507287040065387,0.9765687356943132,0.00792397726562142
id05043,0.020301188610571196,0.9560610585767866,0.023637752812642084
id15290,0.18384521333709586,0.8119049023919168,0.004249884270987264
id26333,0.9539734817841525,0.003765392440653556,0.04226112577519397
id26111,0.24900605574067838,0.6409805591195098,0.11001338513981172
id23029,0.018047595752480515,0.009029683133359195,0.9729227211141603
id11837,0.947968019788894,0.023689394937189048,0.028342585273916903
id03497,0.6903563790259776,0.01194838797699253,0.29769523299703005
id19290,0.9623588943592088,0.018320953797475847,0.01932015184331533
id08008,0.932925486956904,0.012004503779155806,0.05507000926394007
id24949,0.0050790985739659796,0.9869186355844264,0.008002265841607648
id25023,0.00972920830010779,0.015573103375395437,0.9746976883244969
id02205,0.00666273076034352,0.9850997362171826,0.008237533022473936
id11041,0.9866952570184868,0.0024113861368275998,0.010893356844685594
id14395,0.0024098844113046533,0.9952438367357552,0.0023462788529400704
id01130,0.11438386905799135,0.7390859666761264,0.1465301642658822
id21066,0.07171764575101351,0.08774147207079913,0.8405408821781875
id17774,0.9565560744039155,0.040998790908649003,0.0024451346874353607
id24519,0.007917556321314273,0.005708939196257827,0.9863735044824278
id08460,0.8837415872724023,0.016177471308462196,0.10008094141913546
id19897,0.008353509919751903,0.9449904305706783,0.046656059509569706
id19028,0.9775809965362302,0.01153703188101481,0.010881971582754954
id01850,0.989755416632855,0.0049247866292019835,0.005319796737943065
id22472,0.0037610590755072135,0.9941594924336016,0.0020794484908911916
id10709,0.09542821914378927,0.5263188154834395,0.37825296537277125
id17260,0.06473294833884151,0.47479195876737357,0.460475092893785
id22262,0.9667248053681716,0.01174229187664429,0.021532902755184
id00115,0.9795807131066533,0.016634973908341955,0.003784312985004688
id17483,0.014729691563727753,0.014280398428393683,0.9709899100078786
id10763,0.6958000247355298,0.047835559678262723,0.2563644155862073
id18014,0.0017165136263621132,0.991595247382954,0.006688238990684039
id20414,0.33876461444569006,0.012877404844029505,0.6483579807102805
id14244,0.872408109056608,0.10636063432077829,0.021231256622613805
id24952,0.9662337617225236,0.0024728813563472396,0.031293356921129264
id08217,0.08590594837733155,0.03428958996013504,0.8798044616625335
id01578,0.008972329463788497,0.008124485192360763,0.9829031853438508
id00641,0.9356193665588372,0.06023788593250311,0.0041427475086597805
id24982,0.9939060161701481,0.003760499328630149,0.0023334845012216903
id11192,0.9897936787199472,0.007952676703299414,0.002253644576753542
id13759,0.033558777053837266,0.061183646767761904,0.9052575761784009
id26752,0.9564475491556803,0.036685770926806256,0.00686667991751353
id06820,0.978108951654824,0.0070403254392127045,0.014850722905963391
id27298,0.20740013131797844,0.668991902540088,0.1236079661419335
id20735,0.032534341207482775,0.012760337728640473,0.9547053210638766
id08390,0.02416225514281316,0.9515836322419136,0.024254112615273365
id18571,0.07903959513097622,0.006602073115052938,0.9143583317539707
id05804,0.005025258994999638,0.9872688828599968,0.007705858145003632
id11867,0.01866954159221576,0.00774762955608488,0.9735828288516993
id10286,0.9389513985929808,0.00456722015037502,0.05648138125664401
id22020,0.9897689184079796,0.00289918307857196,0.007331898513448378
id25835,0.006586009629064545,0.003336831008297966,0.9900771593626374
id06583,0.9293807578984628,0.04005246196776798,0.030566780133769327
id21403,0.005230708322552135,0.9929336299067736,0.0018356617706743762
id26730,0.9767176715387966,0.009319652714891264,0.013962675746312197
id06873,0.9810133980401269,0.004105974457265915,0.014880627502607264
id03552,0.993485441312711,0.00355237416847491,0.0029621845188140777
id05607,0.031299944715213586,0.05186053200948484,0.9168395232753017
id26395,0.010997135721512497,0.006865467808044353,0.9821373964704431
id02844,0.5119708711889605,0.3882683203762433,0.09976080843479629
id19710,0.024878223443931643,0.9269753447824031,0.048146431773665475
id17076,0.8491264483317469,0.01061417130559059,0.14025938036266244
id14070,0.9889438723520037,0.004521372618170939,0.006534755029825351
id17106,0.954227361675764,0.013988695583488324,0.031783942740747535
id24689,0.9797356397486573,0.0058459282910670075,0.014418431960275733
id03718,0.05153780494274062,0.0122081966386886,0.9362539984185707
id03957,0.8675864939983853,0.04375270477940395,0.0886608012222108
id18995,0.01988334623824182,0.977670102870987,0.0024465508907712714
id11668,0.89118253545788,0.03984169711972386,0.06897576742239611
id15721,0.9884317602567457,0.005877055879581997,0.005691183863672335
id10379,0.10101150387796887,0.8917291891790189,0.0072593069430123
id15009,0.946685994012671,0.0186226969783406,0.03469130900898851
id11339,0.021429494876740483,0.9740894177465246,0.004481087376734755
id18532,0.018275053433668944,0.9732074210110652,0.00851752555526593
id16469,0.9570101866844988,0.017443290901372893,0.02554652241412826
id22464,0.03247821882588041,0.9653120043425942,0.002209776831525418
id06314,0.023255186503531595,0.010741158706451596,0.9660036547900167
id27085,0.9467346094929249,0.005450803949972803,0.0478145865571024
id14452,0.951807921384308,0.009106653798506264,0.03908542481718564
id14939,0.9617621847365444,0.027536966520702807,0.010700848742752673
id20094,0.8464554710723731,0.10552667255935984,0.04801785636826717
id23077,0.8653691923846893,0.07906915491194544,0.055561652703365244
id17527,0.9896342462286756,0.005636695990370333,0.004729057780954181
id14895,0.9369743521782071,0.04487454098608602,0.01815110683570688
id22577,0.01689202666574808,0.006514042325189857,0.976593931009062
id16111,0.022709146162376688,0.9731825711829618,0.0041082826546616135
id21649,0.07623056490958519,0.07375683632561879,0.850012598764796
id22954,0.9755172816129634,0.014907094625100089,0.009575623761936481
id12624,0.01202064663131174,0.031302514734997754,0.9566768386336905
id05737,0.9771584984434769,0.008520300287405264,0.014321201269117722
id23937,0.07119729070236182,0.015458807460913096,0.9133439018367251
id06620,0.005701840324231153,0.007717521270361656,0.9865806384054071
id18650,0.028244930792230106,0.04340101920106829,0.9283540500067016
id09656,0.9797733327694026,0.0058569842226307775,0.01436968300796655
id10285,0.9394976022045828,0.03563273903695336,0.024869658758464017
id05729,0.021729939328622473,0.007533590248056706,0.9707364704233207
id00102,0.01646552877220854,0.1533306608256584,0.8302038104021332
id26276,0.026192748039201078,0.4638816665472196,0.5099255854135794
id12620,0.9243890270333949,0.06737654221937317,0.008234430747231848
id17949,0.8460502275451123,0.025555060297483386,0.12839471215740447
id15708,0.05265980943050766,0.9424877997666231,0.0048523908028693065
id18300,0.04693133664217474,0.01672362039580389,0.9363450429620213
id04039,0.5937088452364896,0.12375908123814786,0.2825320735253626
id12158,0.9726435273030163,0.019577211662070895,0.007779261034912958
id23197,0.004916952239821128,0.9705546122098813,0.024528435550297604
id25384,0.8153152545570593,0.13245538301576087,0.05222936242717988
id09070,0.028697484138937888,0.17886855350733322,0.792433962353729
id27734,0.9360336403657543,0.004369320287238338,0.05959703934700733
id27332,0.34813359223196433,0.5788208951364676,0.0730455126315679
id00973,0.9724843346419461,0.0196477177351034,0.00786794762295054
id26625,0.19756840113795637,0.7767422662476228,0.025689332614420777
id24578,0.013347377616369933,0.9815254672911853,0.005127155092444712
id05423,0.014240028200580098,0.976145518925555,0.009614452873864886
id19124,0.004512889960724817,0.9874246940948012,0.008062415944474167
id00946,0.9878619409488801,0.0028921270261295915,0.009245932024990257
id19229,0.9307388789967854,0.06063521328336225,0.008625907719852452
id05311,0.12991435173419438,0.8469141085646112,0.023171539701194333
id03289,0.9681786110485254,0.026100744111076893,0.005720644840397728
id17758,0.004095016315624965,0.986920525221475,0.008984458462900018
id24336,0.004524482643160845,0.9791835289271522,0.016291988429686825
id00603,0.027046500751917148,0.025797044040521418,0.9471564552075613
id26467,0.03463773229152349,0.06059304593435796,0.9047692217741184
id27835,0.025368736641541836,0.05195061531576902,0.9226806480426892
id06861,0.06306669209383094,0.13748888905752804,0.799444418848641
id23847,0.006206517150575799,0.0036951122089454573,0.9900983706404787
id06174,0.02549012844502287,0.9582069333645418,0.01630293819043548
id10968,0.97680459599268,0.0075367467187132985,0.015658657288606773
id10881,0.9661223863385662,0.02159953798360899,0.012278075677824737
id03204,0.006899598670654597,0.9732797360595141,0.019820665269831454
id21921,0.4966036949783311,0.4575000261057011,0.04589627891596778
id06539,0.9792382150995389,0.010388742416185625,0.01037304248427544
id08880,0.04108683947206447,0.20540397424634427,0.7535091862815914
id14725,0.03893481584361494,0.01749879535681242,0.9435663887995727
id26107,0.008984499921332177,0.006469036295329631,0.9845464637833381
id07874,0.017690985589471957,0.9787904989729135,0.0035185154376145764
id23638,0.9424715103386009,0.008798448230814547,0.04873004143058473
id13498,0.014221699817868284,0.010495355323607427,0.9752829448585243
id18940,0.00912821242866332,0.012557028074306332,0.9783147594970304
id02120,0.8823186258538487,0.10173343225404652,0.015947941892104838
id26663,0.9055694018440623,0.014395541786774943,0.08003505636916275
id20127,0.0042561635076094765,0.012706543794392606,0.983037292697998
id27922,0.08055671025569444,0.01820406230293003,0.9012392274413756
id15106,0.8799953896925559,0.047278946756796454,0.07272566355064758
id22158,0.0076481353121841044,0.007941777154457777,0.9844100875333581
id17029,0.019992547346746152,0.977942884323989,0.0020645683292647415
id02554,0.9354474489481509,0.014753652588217743,0.049798898463631266
id18454,0.01234036442724709,0.024475014958815842,0.9631846206139371
id09016,0.05889929397220801,0.013659161671233235,0.9274415443565588
id02307,0.9872446927974965,0.00461345299103295,0.008141854211470512
id01650,0.01671787309833939,0.009056023110650268,0.9742261037910104
id01254,0.005244449640257649,0.9815648123787599,0.0131907379809824
id12921,0.015719412782396254,0.006086958515209394,0.9781936287023943
id05721,0.01840891130165613,0.004919967052975199,0.9766711216453686
id05798,0.019399684853452337,0.9544220296405492,0.026178285505998475
id04417,0.012793415574706847,0.005114295348333801,0.9820922890769593
id19620,0.9643620489339834,0.019349698827930258,0.01628825223808632
id22680,0.0571521645471826,0.9368299895001504,0.00601784595266686
id21992,0.07504228788120966,0.006211577108298165,0.9187461350104923
id22823,0.08685276084292154,0.9109241522412836,0.002223086915794648
id12750,0.7828357263584969,0.08750892793944207,0.129655345702061
id23220,0.01048391332439859,0.006257933578181434,0.9832581530974198
id11851,0.16278412573850712,0.11888214107230047,0.7183337331891926
id27438,0.9370122491913271,0.02622997545828564,0.03675777535038726
id00797,0.5016653074767131,0.05046812874680114,0.4478665637764858
id08593,0.8481672932907516,0.012418534278172456,0.13941417243107604
id01042,0.013375266242704601,0.10919505240112454,0.8774296813561708
id19898,0.31129847880032285,0.6690254833808296,0.019676037818847504
id24615,0.025020600262851706,0.0600633262258655,0.9149160735112827
id18594,0.03102069299430762,0.015392022443179982,0.9535872845625124
id08534,0.010621290152658256,0.013533378324781844,0.97584533152256
id03889,0.9686241746053521,0.026534030034015586,0.004841795360632326
id04873,0.9595483425782082,0.02295893914148751,0.017492718280304364
id08264,0.9924454406635156,0.00473190485998002,0.002822654476504337
id10187,0.5772694046146094,0.04506684996741341,0.37766374541797726
id14278,0.031086070538759943,0.04862052355939529,0.9202934059018447
id22528,0.0018479418144239212,0.9960240625707387,0.002127995614837294
id07416,0.02837676751236715,0.61266331180574,0.358959920681893
id02857,0.41225788617314907,0.5463925497534808,0.04134956407337005
id03875,0.03354874124473291,0.9437796501968291,0.022671608558438115
id24437,0.0029370728032036223,0.980161538678995,0.016901388517801378
id24940,0.08571030625458606,0.8396320236538533,0.07465767009156067
id15070,0.2696483090744286,0.056970241198604214,0.6733814497269672
id14891,0.9701494082553639,0.021957943025458494,0.007892648719177693
id02110,0.9608604634733418,0.027903895415589804,0.011235641111068423
id24405,0.017632623102335702,0.7553150459804724,0.22705233091719199
id00373,0.018908612356690193,0.009742753980843075,0.9713486336624666
id12728,0.9906776172874557,0.0018229869796112731,0.007499395732933105
id18958,0.989541563466083,0.0028154350621828607,0.0076430014717342384
id17443,0.004647794829562726,0.9888499375248652,0.006502267645572212
id03959,0.9928680585395553,0.003444234793306463,0.0036877066671381644
id13218,0.2562936862740808,0.12473758090722051,0.6189687328186988
id01980,0.9261907340295508,0.0406872419796455,0.03312202399080378
id10697,0.9950309329268642,0.002131396023994937,0.0028376710491410198
id24816,0.9098659145811131,0.05718050836144775,0.03295357705743899
id00088,0.020436496856957233,0.06945230261886423,0.9101112005241785
id13846,0.02112064564382096,0.9726308912248972,0.006248463131281935
id17597,0.9419485926090598,0.02357297832095166,0.03447842906998853
id09947,0.010537199728559456,0.9854788066778994,0.003983993593541209
id12050,0.7147602903571887,0.04718518635923956,0.23805452328357174
id24060,0.004587549348693326,0.006911922229585943,0.9885005284217208
id19942,0.9814403748804671,0.005443396521385481,0.013116228598147383
id06541,0.24832208774814254,0.7425207357518225,0.009157176500034966
id05746,0.9686681244607768,0.02890031873818604,0.0024315568010372674
id13577,0.24115296146608023,0.28983600210447497,0.46901103642944475
id11877,0.023869503605497933,0.9636681326268902,0.012462363767611917
id19491,0.1475083000113171,0.123954882326145,0.728536817662538
id11352,0.007479169817774046,0.005376512742995343,0.9871443174392306
id12791,0.9544895259714671,0.01333841726456294,0.03217205676397001
id05282,0.03570764063501498,0.015438694405982107,0.9488536649590029
id26833,0.2819829716136283,0.6671462691943717,0.050870759192
id00580,0.010665968245004799,0.004956030030786768,0.9843780017242083
id01236,0.021673296568618224,0.013432093555223353,0.9648946098761584
id05455,0.06555448000849863,0.9249704287524092,0.009475091239092152
id00069,0.01563504297295993,0.9794563115820484,0.004908645444991821
id01605,0.9945858475230631,0.0015107403754740767,0.003903412101462731
id17737,0.6794974565959925,0.10040892727757403,0.2200936161264335
id11315,0.01264753626510549,0.012587688267879036,0.9747647754670155
id24044,0.39263963399050483,0.31814306838924433,0.28921729762025095
id18677,0.9790281928051965,0.0050179393052162055,0.015953867889587223
id17678,0.8084466360866019,0.009508776403544425,0.18204458750985353
id21528,0.9866651986192162,0.009004582948173107,0.004330218432610526
id21985,0.8701705704341135,0.10955886775425382,0.020270561811632698
id12860,0.8117243501697028,0.12843796600815252,0.05983768382214469
id08793,0.986836535728272,0.005949758764786388,0.007213705506941677
id09245,0.9929046326002602,0.003920321254798798,0.003175046144941012
id12523,0.021229200331857316,0.015109753991222838,0.9636610456769198
id07158,0.0627848235971378,0.9217776402706053,0.015437536132256843
id03473,0.017875140282427576,0.9647079489393597,0.017416910778212683
id05999,0.9915755497518157,0.0030014599652182393,0.0054229902829659084
id02469,0.880425362835236,0.01689508199990607,0.10267955516485786
id16675,0.03272687930127603,0.011418095614445605,0.9558550250842783
id20508,0.009889190871674534,0.007758425787132093,0.9823523833411933
id12669,0.9742954399215433,0.015638880979621926,0.010065679098834938
id22277,0.040721267522957606,0.024752734508926406,0.9345259979681161
id00355,0.013361971080713094,0.016872379465536328,0.9697656494537507
id24427,0.021412961968534285,0.9728940493611449,0.0056929886703208496
id19241,0.4204901979368096,0.5641083965347422,0.01540140552844816
id26301,0.18069835111727084,0.5843806679673992,0.2349209809153299
id09404,0.03680240234260537,0.9530891595481195,0.01010843810927511
id14347,0.9871458309261418,0.0031163597387598337,0.009737809335098433
id06898,0.9891914935986406,0.003928386196943404,0.006880120204415992
id08750,0.7871352146096094,0.01688260594493728,0.19598217944545332
id13572,0.9619863905567004,0.0159477375023409,0.02206587194095866
id08731,0.0023041262053303878,0.9924527464664731,0.005243127328196478
id20124,0.9506093974821859,0.010135099214434475,0.039255503303379645
id14276,0.005774732382015481,0.013770635939784719,0.9804546316781999
id13035,0.966437241047632,0.011876260800764543,0.02168649815160361
id24056,0.03359142626792643,0.01275620173101466,0.953652372001059
id21132,0.9897163402796186,0.007339475493281501,0.002944184227099856
id21465,0.046727359687510635,0.013065595890301897,0.9402070444221874
id27148,0.04145281011134278,0.9532556538532403,0.005291536035416985
id14482,0.3504666320745182,0.029000658216454978,0.620532709709027
id17950,0.9633975568529981,0.017799824269998415,0.018802618877003578
id15233,0.006719226199643039,0.9912766091452098,0.0020041646551470474
id11794,0.059795145176422426,0.013243502413361669,0.926961352410216
id27227,0.04430411157692743,0.9264849456274004,0.02921094279567231
id13093,0.027769139078113663,0.9633857033145792,0.00884515760730717
id12869,0.007160402846523224,0.9874694225258608,0.005370174627615941
id01256,0.9601910205828865,0.02361127625518196,0.01619770316193138
id00934,0.08111670367796528,0.04061325521358648,0.8782700411084483
id00121,0.09964573496738528,0.8718446967950997,0.02850956823751519
id11054,0.010017824718321555,0.9724227174817942,0.017559457799884243
id02573,0.8167298567725151,0.012362532982167425,0.1709076102453175
id13626,0.0987974283280527,0.04166106689031413,0.8595415047816333
id25047,0.9123069985009578,0.059666699463831754,0.0280263020352105
id04465,0.015320120102514299,0.9831088171146817,0.001571062782804064
id09344,0.02736367309869302,0.12303745259587193,0.849598874305435
id24254,0.001596041847102082,0.9961016647064106,0.0023022934464873262
id04266,0.012032138682359556,0.0061480956188665874,0.9818197656987738
id19734,0.5933437691405721,0.07556856864574397,0.331087662213684
id13127,0.9820742097531009,0.003826237791813064,0.01409955245508619
id27066,0.023659754801792037,0.023736160553605553,0.9526040846446024
id13629,0.00739635343730976,0.003715688495962776,0.9888879580667275
id26484,0.8454062963854189,0.05507694665903932,0.09951675695554196
id02074,0.2383585907594817,0.010627160861926837,0.7510142483785915
id24688,0.9745982372748282,0.015135542113154883,0.010266220612016997
id17455,0.006227059444814965,0.9903238616662391,0.0034490788889459593
id14980,0.9528816932827395,0.010604592875183798,0.036513713842076724
id15840,0.9934902636361617,0.0015512516514962506,0.004958484712342108
id20440,0.012576986924868139,0.0033918909936640753,0.9840311220814678
id25262,0.9739299966234471,0.010066011243920966,0.0160039921326318
id20395,0.0018875951610321125,0.9964819675418183,0.0016304372971495727
id14332,0.0201601330313368,0.9686828755723724,0.011156991396290722
id07118,0.6039622063780735,0.057350956907933334,0.33868683671399324
id26424,0.9934531404470311,0.003207257927367233,0.0033396016256014645
id21308,0.1285986481506585,0.3695512484912384,0.5018501033581031
id21688,0.038586407816688525,0.01580530129744422,0.9456082908858674
id09581,0.007703234692364365,0.9874173128140821,0.004879452493553532
id27297,0.9591127759620709,0.017828937284697147,0.023058286753231936
id20086,0.0442380586212234,0.7164424637887381,0.23931947759003852
id03762,0.05253406575366789,0.9186126973651852,0.02885323688114676
id10789,0.6807307736403151,0.014262850612458904,0.30500637574722606
id18058,0.04355981632830115,0.1283933156231467,0.8280468680485521
id01701,0.9754078464282625,0.015022026315018639,0.009570127256718809
id17232,0.13840982315026418,0.8209306057369914,0.04065957111274449
id23541,0.8571380038066203,0.01876633810455341,0.12409565808882621
id20699,0.05777543839851808,0.9396969916405046,0.0025275699609773033
id06657,0.011048822931834987,0.07870090114375115,0.9102502759244139
id13807,0.1285992054841288,0.03260350552620764,0.8387972889896635
id18344,0.12808158106839795,0.8392656341656893,0.03265278476591282
id09363,0.019747210586742236,0.023968277036546783,0.9562845123767111
id12470,0.005576621659799972,0.9911673407893604,0.003256037550839535
id13430,0.9741614424363135,0.01627501682254801,0.009563540741138363
id13549,0.011610384918387503,0.005654109120371591,0.9827355059612409
id24423,0.9685501205609516,0.015111358002659694,0.016338521436388805
id15402,0.9530421408408374,0.01827759397186313,0.028680265187299405
id22070,0.25852887971884275,0.735740491962073,0.0057306283190843655
id05977,0.9907429561692987,0.0029633321009221885,0.006293711729779153
id18772,0.2349422502212848,0.01044519284426169,0.7546125569344535
id11214,0.047698680924268905,0.9459210923943773,0.006380226681353962
id01263,0.8952889166063435,0.01829642906849914,0.08641465432515749
id03187,0.9384288811836661,0.05068327482840504,0.010887843987928834
id07817,0.9778704859864051,0.012253802308833599,0.009875711704761305
id08796,0.09475467801929599,0.8938901564076408,0.01135516557306323
id02347,0.04822785012197181,0.023509327358091397,0.9282628225199367
id08989,0.010384798890733772,0.009888167709830495,0.9797270333994357
id24462,0.9189476821873429,0.04456127181552148,0.036491045997135645
id05147,0.04960106314353893,0.02641678988760747,0.9239821469688536
id26389,0.16552159333131578,0.7814859666879013,0.05299243998078307
id12300,0.04883379673204878,0.01988973038666527,0.931276472881286
id06273,0.9541730260844304,0.011762733724731049,0.034064240190838486
id27453,0.2651981523011504,0.6763868731941114,0.058414974504738135
id19255,0.8109231891077942,0.1196106421707603,0.06946616872144559
id22593,0.9124611670056044,0.03279559278722345,0.05474324020717215
id07089,0.988092487854218,0.007217595104061952,0.004689917041719981
id22379,0.00888905075356524,0.9857882196846404,0.00532272956179443
id22024,0.9832917755878503,0.011503764481611849,0.00520445993053785
id25541,0.07117756571942124,0.8898315003904089,0.038990933890169804
id10216,0.16818087983472438,0.8285667232538914,0.0032523969113842904
id07493,0.9898131539435657,0.006154998490869903,0.004031847565564309
id25552,0.7993658854465384,0.0211943344134924,0.17943978013996903
id21244,0.9074793703303042,0.014405724846479213,0.07811490482321665
id17278,0.031010233251645564,0.9575140964852438,0.011475670263110676
id14850,0.9388430715436644,0.055172142849850926,0.005984785606484484
id21434,0.025260468414193698,0.09380038877927348,0.8809391428065328
id22924,0.9833098477703693,0.005660549366303352,0.011029602863327338
id17321,0.9766713114627185,0.006175270443263879,0.01715341809401755
id04319,0.9532007350124295,0.021066084505211163,0.025733180482359227
id09823,0.04093314415030755,0.9480014776018418,0.01106537824785076
id03485,0.016864832597444958,0.9662548038984962,0.01688036350405897
id12138,0.731991759458182,0.23300497841605144,0.03500326212576673
id00196,0.029577388201130213,0.05146394044498632,0.9189586713538834
id07822,0.07511577931895141,0.03599175357407714,0.8888924671069715
id21775,0.035433736819967164,0.03812326041185604,0.9264430027681768
id13407,0.8949084525376704,0.014350866099406417,0.09074068136292324
id12430,0.003443128173454099,0.993904539057908,0.0026523327686378806
id23691,0.9910042056359646,0.005283053027618985,0.0037127413364165195
id17641,0.02600935029570463,0.9641936429332538,0.009797006771041606
id09125,0.006113097502199598,0.9589832933407014,0.03490360915709889
id18512,0.9197627889324266,0.028825814267685934,0.051411396799887585
id01639,0.08334387244238266,0.07338713275961067,0.8432689947980067
id06860,0.008687611021384632,0.0061902240206356774,0.9851221649579798
id25534,0.9594617472810569,0.0366999171276465,0.0038383355912967026
id13546,0.9897029458625624,0.0032856906927654188,0.007011363444672146
id10032,0.9797543377069335,0.0036526182654722473,0.016593044027594255
id05228,0.022990541101231252,0.020648911654501258,0.9563605472442676
id24992,0.012661674714952153,0.010090764971517315,0.9772475603135305
id14168,0.991238845715977,0.0014811134237130974,0.007280040860309804
id20747,0.9220649141154458,0.0037506621617836642,0.07418442372277065
id16986,0.9929562430516093,0.003519657456827039,0.0035240994915635595
id11226,0.5623191332553584,0.4213674404601002,0.01631342628454146
id13998,0.9737764346976434,0.0038551669421829824,0.02236839836017357
id15169,0.9759933264034742,0.0029512081931470425,0.0210554654033786
id00737,0.9760243534555227,0.003723834311835274,0.020251812232641997
id24476,0.9168814664204256,0.015142397547490048,0.0679761360320844
id03044,0.9733402325287456,0.009294119479445091,0.017365647991809285
id26746,0.9449775601487556,0.019357457965605278,0.0356649818856391
id10776,0.9484754193122579,0.004437465692706395,0.04708711499503573
id06266,0.03689406705664474,0.005841157806836899,0.9572647751365183
id13362,0.8919959141846261,0.10394685869895662,0.004057227116417249
id09335,0.9909020617589007,0.003639500956847905,0.005458437284251285
id15894,0.05305804327971768,0.9211371220565179,0.025804834663764396
id15866,0.13197141155930037,0.01656614833461177,0.8514624401060878
id25763,0.03555234034428905,0.06566438459759175,0.8987832750581193
id01091,0.00803797544977005,0.9880662230901052,0.003895801460124756
id11647,0.9630175334543013,0.02332270372244183,0.013659762823257047
id19671,0.038005697944821545,0.194267902396651,0.7677263996585275
id18007,0.01603317513667365,0.031088232990983136,0.9528785918723433
id01473,0.9443915060967147,0.024257643106597948,0.031350850796687285
id07169,0.014778459416573101,0.02039225566737928,0.9648292849160477
id05484,0.004677344217359192,0.0051947662845060905,0.9901278894981348
id18452,0.9589537504391039,0.027682210253584007,0.01336403930731209
id27490,0.933082168120521,0.036334168922663605,0.030583662956815316
id11050,0.972080981923516,0.016129265585611827,0.011789752490872073
id07588,0.01475924128688412,0.006244983099529938,0.9789957756135859
id21194,0.9936723620785461,0.0037321172501310006,0.002595520671322768
id07282,0.00622447247293653,0.0035658364335392177,0.9902096910935244
id03652,0.9839663620232256,0.001775107682036208,0.014258530294738283
id04009,0.003516821478628199,0.9821612908619022,0.014321887659469613
id27188,0.934750738650495,0.0245620181328526,0.04068724321665238
id19554,0.8928670367062239,0.03862150702413878,0.0685114562696373
id04072,0.9577551112516205,0.003944337869117488,0.03830055087926206
id19023,0.9025922882036207,0.053678116737891995,0.043729595058487176
id08801,0.016583235740067814,0.019675674063486873,0.9637410901964454
id08893,0.24335966957004082,0.034009973557016786,0.7226303568729424
id03644,0.02912883069750105,0.9664411081492195,0.004430061153279597
id00579,0.7698284305205726,0.047238481070900444,0.18293308840852707
id15631,0.9546779175378163,0.015344302788345195,0.02997777967383843
id07828,0.9520681583692254,0.04232334869653852,0.0056084929342360475
id00411,0.04135432898440968,0.9529867610708878,0.0056589099447025394
id26553,0.6991845675981048,0.059461369606588016,0.24135406279530708
id05221,0.013501044648699913,0.0047571976228622985,0.9817417577284379
id20958,0.9867335748218486,0.007866614649465985,0.005399810528685334
id19691,0.9575853191347922,0.0022159438098474826,0.04019873705536041
id10400,0.9938539563974825,0.002681535411141668,0.0034645081913758386
id16157,0.0121715887250878,0.007029611361322428,0.9807987999135896
id26110,0.00883940619940646,0.9895307621719991,0.0016298316285944267
id26270,0.14101811022564104,0.8401769422467842,0.01880494752757478
id04157,0.9938416505169223,0.004080469247250098,0.0020778802358277343
id24711,0.044492943234620226,0.014128789884486364,0.9413782668808933
id05534,0.1442766372021441,0.022759678352689345,0.8329636844451667
id21712,0.06862019373567532,0.8892671328291707,0.042112673435154055
id03280,0.02365609730188176,0.01019976921155253,0.9661441334865657
id14997,0.05516221079135449,0.0026657096151584607,0.9421720795934871
id21964,0.0075872323544172796,0.0024446071201685926,0.9899681605254141
id20963,0.007818665963383615,0.0038604552846644015,0.988320878751952
id08635,0.03898946979229,0.9175731454485814,0.0434373847591285
id16390,0.22280932261011477,0.7268553848469973,0.05033529254288798
id16486,0.3167209764214934,0.02941350323324739,0.6538655203452592
id14367,0.012270762642744234,0.26789180480536456,0.7198374325518913
id10560,0.9928367839486588,0.002487845333681611,0.00467537071765956
id14106,0.5397040854014663,0.03079938471524329,0.4294965298832903
id09668,0.9837858022209086,0.008077521576655498,0.008136676202436025
id18250,0.9402105396798419,0.030881393820840403,0.02890806649931758
id26648,0.9694526456936019,0.0029897475952211598,0.027557606711176845
id27314,0.9645436879604126,0.010006966399583645,0.025449345640003864
id04581,0.10770506607710456,0.01956778959078789,0.8727271443321075
id06405,0.14236465115182284,0.8425676456633687,0.01506770318480846
id17908,0.012851072628569915,0.008047479206322528,0.9791014481651076
id07217,0.8631475136823261,0.038199065756457214,0.09865342056121675
id17285,0.05544686068685321,0.007747899090079632,0.9368052402230672
id19589,0.9410747785111196,0.041715706303454766,0.017209515185425486
id15916,0.920539031575935,0.016130897151457994,0.06333007127260716
id26239,0.9708711381607485,0.010280967651939707,0.01884789418731167
id20163,0.9912889587912386,0.0026085903014161052,0.006102450907345281
id22845,0.027683910639572623,0.2143629070365002,0.757953182323927
id11509,0.8026013422041306,0.07198523064477598,0.12541342715109347
id26789,0.9914989234270001,0.004534795152594197,0.003966281420405593
id24679,0.9648196233804613,0.02731503852398898,0.007865338095549804
id19832,0.9612748274244924,0.009126884186305199,0.029598288389202483
id11724,0.9584083804594287,0.013044017914376156,0.028547601626195164
id01539,0.9534866208977874,0.009656983418701134,0.03685639568351145
id22039,0.19516869168581544,0.28950030002926086,0.5153310082849238
id07621,0.016973284288547556,0.004819943197857855,0.9782067725135946
id16398,0.1237089903679317,0.8608196772785909,0.01547133235347743
id15932,0.40889882026342383,0.059044792385373385,0.5320563873512028
id17054,0.012526225691180162,0.9757699642512323,0.01170381005758762
id23487,0.9142360354150474,0.010167199646338422,0.07559676493861431
id16099,0.01743952946956531,0.9637291326983127,0.01883133783212192
id25225,0.9784968319621254,0.0074000138431134605,0.014103154194761195
id18173,0.18054526308480662,0.7787937845822994,0.040660952332894046
id24856,0.9853509575526387,0.00607223355669216,0.008576808890669196
id14760,0.017016270605941523,0.2174051278354063,0.7655786015586521
id25291,0.15533541125784056,0.8350442370099248,0.009620351732234638
id16267,0.7522183450943213,0.018956090049047813,0.22882556485663083
id07922,0.03131380623198453,0.008959888292661275,0.9597263054753542
id20870,0.5409670939682605,0.12044744094682527,0.33858546508491427
id21780,0.1047661304052523,0.4915157215067122,0.40371814808803547
id21309,0.9155596305290955,0.026112452651784947,0.05832791681911969
id05849,0.7216602641275296,0.22539688850555448,0.05294284736691581
id16246,0.01742046606320435,0.01540787282053113,0.9671716611162645
id25081,0.005596371864321378,0.9895242573652894,0.004879370770389243
id06468,0.9096275743130509,0.06667489399473474,0.02369753169221424
id13842,0.0952183942065519,0.8896201049631913,0.01516150083025679
id23976,0.031303840225513045,0.017687126961972936,0.9510090328125141
id25649,0.9899969957729273,0.0017807044895812598,0.008222299737491385
id26815,0.017470442601738828,0.9457644938223759,0.036765063575885375
id09343,0.02126108661453985,0.01470636695966257,0.9640325464257975
id03120,0.8923507511321047,0.007204576373763739,0.10044467249413162
id16638,0.9859549842293901,0.0035332739959360935,0.010511741774673752
id18625,0.005936215109253392,0.006027457607098714,0.988036327283648
id01679,0.16504555827489253,0.04110189094071125,0.7938525507843962
id17137,0.008184103374474973,0.9891531109888336,0.002662785636691293
id14684,0.013240443261421424,0.019998655698704095,0.9667609010398744
id01671,0.07142985155310351,0.4488966904639132,0.47967345798298344
id27271,0.6708882788329551,0.014728375839136066,0.31438334532790896
id16321,0.9947644096359007,0.0018246905577555055,0.003410899806343779
id07468,0.0017083719228622816,0.9969911577719079,0.0013004703052297976
id20777,0.015329509551128492,0.026368860769708298,0.9583016296791631
id26036,0.9550458621136014,0.010192960881631952,0.03476117700476655
id23135,0.0074049047817233695,0.006901426285711279,0.9856936689325653
id07669,0.008558086134162559,0.05729280646709347,0.9341491073987439
id00142,0.0017083414468935325,0.9955213857421459,0.0027702728109605876
id12357,0.9586651369054338,0.021738519480233413,0.01959634361433277
id08890,0.010510792057652825,0.5735820216671595,0.4159071862751877
id21379,0.04604900934530161,0.9476483449864446,0.0063026456682538255
id12099,0.9474549701599699,0.011157427009867358,0.041387602830162865
id06503,0.08511476002842057,0.1280646265171675,0.786820613454412
id14408,0.029603505619719597,0.9656821645361274,0.004714329844152813
id17370,0.2426800484996045,0.6998730397926021,0.05744691170779343
id25432,0.9946444173694242,0.0031333704093177857,0.0022222122212580265
id10132,0.1747691936763816,0.02933997579622417,0.7958908305273942
id27069,0.005021148694044315,0.9894168669546689,0.00556198435128693
id11515,0.910534234234173,0.0446508728000081,0.04481489296581872
id01323,0.9949156999710459,0.0031430312216336165,0.001941268807320603
id22520,0.010520353118801501,0.01574903292379957,0.973730613957399
id03293,0.017804221169215175,0.004526930728018574,0.9776688481027663
id19708,0.07221860538455091,0.05826242969168665,0.8695189649237623
id22346,0.962833315957265,0.028978125891663948,0.008188558151070982
id27744,0.9880186925818055,0.004157805924377328,0.007823501493817046
id04004,0.9508995043387634,0.018115376764904812,0.03098511889633194
id09476,0.9727402710351329,0.01880771906489444,0.008452009899972596
id01582,0.029290836949096722,0.08147097026113312,0.8892381927897702
id23782,0.09521288805604207,0.03097022429639713,0.8738168876475607
id03403,0.008908034913533227,0.016624363931334388,0.9744676011551324
id11119,0.030177006661183222,0.9630326485394762,0.006790344799340577
id16681,0.9656632777427758,0.01948338028672774,0.01485334197049633
id16399,0.9963644002584754,0.0015765120071605195,0.0020590877343639406
id22630,0.8776409379908201,0.06042235902209373,0.06193670298708615
id27950,0.9535143152103036,0.01110077907454549,0.03538490571515087
id00046,0.9751828396038434,0.008124482498048433,0.016692677898107973
id25556,0.04919949782314317,0.04114537391318429,0.9096551282636727
id16039,0.991874842783081,0.0026987077874256575,0.0054264494294932455
id09110,0.9923266312629664,0.002828492357526888,0.004844876379506665
id19881,0.9741636910737368,0.01623576618936059,0.009600542736902747
id21735,0.9770574238986398,0.015912461096079245,0.007030115005280955
id02023,0.9662108504250262,0.022581033049420014,0.01120811652555378
id01230,0.011565382846446048,0.970035901387167,0.018398715766387057
id14916,0.007937264696562061,0.02035229250336112,0.9717104428000768
id04944,0.947983795587541,0.04070676957479151,0.011309434837667573
id04349,0.11595893283248046,0.09170477048118691,0.7923362966863327
id22580,0.007380384598645596,0.9625307330378744,0.030088882363480056
id00343,0.6218969584591194,0.32620486117421005,0.05189818036667039
id14218,0.004957586765889066,0.9722626553580859,0.022779757876025146
id10546,0.9906672121385541,0.006410168828963725,0.00292261903248222
id05627,0.041751027517278015,0.008341511876752656,0.9499074606059693
id13735,0.00277494520248682,0.9946264703370777,0.0025985844604352925
id01525,0.028737980670412815,0.04902858202148407,0.9222334373081031
id25242,0.8226117917718937,0.056732614226163394,0.12065559400194299
id17077,0.6726176509825986,0.26140130719520616,0.06598104182219518
id05672,0.9455609938423668,0.02524980121150074,0.0291892049461323
id22404,0.06140504611210593,0.9330852307193394,0.005509723168554828
id25704,0.014717498311383952,0.9469529966246522,0.03832950506396398
id00903,0.9705579567125279,0.02762986884704898,0.0018121744404231606
id15496,0.9891875537821712,0.005770128106841626,0.005042318110987301
id09903,0.06922515371561494,0.005803016832101575,0.9249718294522836
id03419,0.9930192224988388,0.0017367484956676835,0.0052440290054934615
id06647,0.2597092418029654,0.07469584894889156,0.665594909248143
id16700,0.007453599629446196,0.9844024393440429,0.008143961026510953
id08983,0.8442498925325364,0.029978586375833883,0.1257715210916298
id20782,0.9334694852913682,0.02784442797332056,0.0386860867353113
id24494,0.9402758427213984,0.054551238407179806,0.005172918871421664
id10495,0.010756002722604381,0.823467758256931,0.1657762390204645
id21262,0.20987882198314295,0.017937854137973094,0.7721833238788839
id25689,0.007519586314234167,0.006524114762777585,0.9859562989229882
id03705,0.05403958277391013,0.08231653593612075,0.863643881289969
id01187,0.2659651349060193,0.7109244548141295,0.023110410279851362
id24649,0.5508081736914625,0.39637737546170915,0.05281445084682847
id12629,0.01570389263136481,0.013201144449823309,0.9710949629188119
id15211,0.015849133288144628,0.9743042072012945,0.009846659510560896
id13170,0.33569678337002934,0.047849461964029366,0.6164537546659412
id14801,0.1853520691471866,0.7631105415406207,0.05153738931219267
id18525,0.9526858982278485,0.012210226848383236,0.035103874923768326
id21963,0.9696956280935206,0.02753883406275632,0.002765537843723032
id23746,0.0216912963978976,0.011856750672786584,0.9664519529293158
id18216,0.04789472679557767,0.04112164772031708,0.9109836254841052
id16493,0.043450528527424294,0.007257527424458759,0.949291944048117
id12987,0.04379278128665979,0.9207630700911463,0.0354441486221938
id04814,0.2970084565588659,0.6333773228703773,0.06961422057075674
id18602,0.2357099395503658,0.01796261093496164,0.7463274495146727
id23173,0.00480050597185839,0.989909737941678,0.005289756086463618
id21165,0.17690697007816394,0.3848115982339239,0.4382814316879122
id26123,0.9884619669833394,0.0030962707241996824,0.008441762292460893
id22608,0.013084216740328003,0.011885342422345365,0.9750304408373267
id21139,0.9663303207986621,0.00213869518209655,0.03153098401924127
id21853,0.019364798526828892,0.9722463562582513,0.008388845214919893
id24128,0.8983940698479213,0.03477963594190835,0.06682629421017026
id15666,0.960046735865383,0.015508788595157339,0.024444475539459647
id11552,0.03869954060234484,0.9430736844206101,0.01822677497704506
id17621,0.023170982873030602,0.041900709846623675,0.9349283072803458
id20001,0.8520622130486116,0.055371867222174825,0.09256591972921342
id14166,0.3529474803998191,0.64129506623762,0.0057574533625609
id24108,0.036413120129410434,0.954374120535095,0.009212759335494551
id19871,0.013920914300803076,0.9624247944191522,0.02365429128004484
id22361,0.09724212931321682,0.06261441599696588,0.8401434546898174
id21065,0.14337142011638884,0.7770745920619968,0.07955398782161421
id20749,0.9858557699307424,0.00888803003141532,0.005256200037842324
id20898,0.0022754189418419204,0.9959996848053004,0.001724896252857639
id10398,0.03430649087821514,0.10856216815448218,0.8571313409673027
id03578,0.38591892920129495,0.06418828207079559,0.5498927887279095
id25932,0.40799773089825137,0.02512676162563343,0.5668755074761153
id11133,0.037888745330955674,0.04524543239936084,0.9168658222696835
id15794,0.2507852713927933,0.6804721597928771,0.0687425688143297
id24479,0.9782485155066423,0.014614692822396332,0.007136791670961421
id09563,0.0032829323072095773,0.993534963978258,0.0031821037145324913
id11279,0.020696256832829267,0.9655428958825483,0.013760847284622412
id26680,0.9627350996498636,0.01249589986875819,0.02476900048137815
id20529,0.35669258935647213,0.03283388219638241,0.6104735284471454
id11761,0.9282915820601783,0.04017764888433974,0.031530769055481966
id02337,0.0036142306472992615,0.9939478284622761,0.00243794089042451
id04890,0.03803446575928429,0.009271105545372667,0.952694428695343
id15707,0.011047212323310997,0.005956581140942939,0.982996206535746
id26204,0.019335715952255233,0.0433063128420483,0.9373579712056965
id15611,0.994806856727258,0.002402750430239545,0.0027903928425024285
id17714,0.059874319201997164,0.07184613611312633,0.8682795446848766
id15392,0.9897845865037288,0.004952321861301631,0.005263091634969517
id14685,0.16503123501544897,0.809025926141713,0.025942838842838167
id02508,0.3007646083118194,0.6710867204760331,0.028148671212147366
id12406,0.9622452887848428,0.01729450508695298,0.020460206128204247
id24096,0.005484781549853598,0.9913219403150175,0.0031932781351290264
id19837,0.9906272244803761,0.0038733305918847165,0.005499444927739224
id25565,0.02545477639329117,0.019763383112401212,0.9547818404943076
id27598,0.9929824234107915,0.0030458113019130335,0.003971765287295509
id26085,0.9600479247453116,0.009868939594800136,0.0300831356598883
id17400,0.0246899335370343,0.026318829359073936,0.9489912371038918
id04501,0.9462184215851462,0.007779473889867784,0.04600210452498588
id02468,0.010299460603439508,0.016314463940473478,0.973386075456087
id07394,0.9219917070160555,0.045993499879556206,0.032014793104388345
id18917,0.003754582303797564,0.9922973950284348,0.003948022667767584
id14083,0.9338692796360206,0.054363607811104706,0.011767112552874702
id22675,0.04657439097368556,0.1890722923354542,0.7643533166908603
id27343,0.017598851630397906,0.013786374798718299,0.9686147735708838
id23206,0.048361447324284705,0.459289382661048,0.49234917001466744
id11105,0.006840210515377755,0.9859009495554888,0.0072588399291333705
id21017,0.005073684754111053,0.004489625848567275,0.9904366893973218
id13716,0.5614900513045264,0.059283503749302836,0.3792264449461708
id00352,0.008690591519453963,0.9722847994405242,0.019024609040021817
id12173,0.1758232323727873,0.026562142307592823,0.7976146253196199
id15008,0.2955374133588482,0.6128849822008477,0.09157760444030423
id23347,0.04618827821251426,0.011206093328898306,0.9426056284585873
id23939,0.04772842339846885,0.31570552291651305,0.6365660536850182
id12090,0.9363431788201773,0.026724773424215278,0.03693204775560749
id08307,0.032706932827781726,0.9320234663177678,0.035269600854450564
id21316,0.05905008107219857,0.030903191780058695,0.9100467271477427
id16457,0.055992503352291306,0.014635912744872383,0.9293715839028364
id23808,0.005970901210215281,0.006636992728768404,0.9873921060610162
id12826,0.04888621433297702,0.9462389507082742,0.004874834958748781
id16819,0.0937385933610295,0.5698866227514847,0.33637478388748565
id15128,0.05646061384204095,0.9398609390919829,0.0036784470659761404
id14953,0.015157902515451606,0.9607393378118283,0.02410275967272015
id04083,0.9317378896084394,0.016712840461531434,0.051549269930029236
id00773,0.024698166180214445,0.969011009044284,0.006290824775501485
id24585,0.019474667153570192,0.015443447756633042,0.9650818850897968
id01362,0.03703388528912574,0.02167526015910541,0.9412908545517689
id04514,0.8530606257316404,0.08180223445564289,0.06513713981271668
id19075,0.9946109726903456,0.002633384047955904,0.0027556432616985503
id06283,0.9501580015031381,0.0305400629000599,0.019301935596802114
id19848,0.004329450392548101,0.9940756622197329,0.0015948873877189521
id02566,0.03615408060687492,0.9445961162922044,0.019249803100920688
id26973,0.0588476089631795,0.007075204357125131,0.9340771866796953
id09333,0.005952772244011082,0.003917595074389776,0.9901296326815993
id21745,0.017531562275388615,0.02871056898834196,0.9537578687362694
id27167,0.03625411403692835,0.9525935778504753,0.011152308112596307
id08481,0.05581249689462954,0.9240999811628577,0.020087521942512686
id19456,0.966076567326158,0.026036060618421567,0.007887372055420429
id01495,0.3837878295928691,0.5901269486792574,0.02608522172787347
id15069,0.1728612181874337,0.056226457256503964,0.7709123245560624
id18174,0.010302449987735277,0.004772796253862032,0.9849247537584026
id14450,0.02823847759211081,0.20651291191805568,0.7652486104898335
id04149,0.036381066064332224,0.9578466255197133,0.005772308415954479
id10972,0.01765268942178985,0.004336214117079278,0.9780110964611308
id05547,0.00938957378600449,0.9466482812847025,0.043962144929293206
id17670,0.010758035393371577,0.971582425467708,0.017659539138920564
id04740,0.8999775617596141,0.014315688715507844,0.08570674952487795
id24842,0.032327254952335724,0.01478697007627605,0.9528857749713883
id26895,0.32661349623490316,0.031957410715557744,0.6414290930495391
id15591,0.12462951837583122,0.014204266810325963,0.8611662148138429
id20895,0.0519826249771092,0.9421806612023301,0.005836713820560715
id11532,0.004332666725436576,0.01635921823262774,0.9793081150419357
id16516,0.039714622587391175,0.017304142006044992,0.942981235406564
id14940,0.01131529467749774,0.949609837723479,0.03907486759902339
id17152,0.9692995770281302,0.013638123658176848,0.017062299313693147
id12870,0.014970470068779248,0.9543826500310676,0.030646879900153273
id17405,0.8228223428034842,0.08441049056140054,0.09276716663511544
id22274,0.00611788210955737,0.982345330860443,0.011536787029999752
id08337,0.03406769107617126,0.009575500899945816,0.9563568080238829
id19549,0.0613071136499567,0.016461673925026447,0.9222312124250169
id19195,0.9850040868023857,0.007388311845871578,0.0076076013517427776
id11564,0.9931714210150812,0.004226560918654845,0.0026020180662640817
id26771,0.006358891607633656,0.040062559940488504,0.9535785484518778
id24955,0.046645340414287195,0.9237079487799137,0.029646710805799288
id22140,0.9438165670494881,0.005055485856763454,0.051127947093748405
id19920,0.08054088937248806,0.018907855278945684,0.9005512553485662
id09807,0.012816902305409383,0.9118764868106385,0.075306610883952
id27426,0.9824675051435209,0.003685627668555559,0.013846867187923393
id22006,0.9951937720140032,0.0018529577285171666,0.0029532702574797814
id10604,0.9728583799588446,0.00808361291684717,0.019058007124308166
id11017,0.916612214254273,0.061078925132378274,0.022308860613348813
id14335,0.0042334131959676025,0.00353009163815318,0.9922364951658792
id08707,0.9721075236412241,0.015210253023899584,0.01268222333487641
id15869,0.01329947798906412,0.011942275198238856,0.974758246812697
id20593,0.9642799542285241,0.02520447045142034,0.010515575320055448
id07428,0.9430643692406082,0.04507483230022968,0.011860798459162023
id11527,0.039220284606865594,0.02780310444945173,0.9329766109436828
id14901,0.9756798522660949,0.002690170766401124,0.02162997696750419
id19733,0.9866318648728726,0.0018172411259984556,0.01155089400112886
id24677,0.1279273894469222,0.8582355073037502,0.013837103249327704
id26656,0.015405167369495973,0.009419640398802664,0.9751751922317015
id11707,0.9889060390928319,0.003574042537630136,0.007519918369537972
id26218,0.017996730194637885,0.9725114243451353,0.009491845460226874
id19262,0.018151023192134557,0.011065551986919681,0.9707834248209458
id24905,0.09039579964444443,0.7115508187546759,0.1980533816008796
id09170,0.9671742468501153,0.009698863510709936,0.023126889639174593
id05772,0.023413628547600405,0.0255198707126118,0.9510665007397879
id25405,0.05318458014834046,0.049681615952308876,0.8971338038993506
id18491,0.023078140326747806,0.004507127588493957,0.9724147320847584
id07780,0.16773076939972267,0.44586614299057836,0.38640308760969905
id01689,0.018872293649966974,0.030270183196135027,0.9508575231538979
id17498,0.009447593563807885,0.005860626878847507,0.9846917795573447
id19964,0.9726322672168516,0.019100072970052798,0.00826765981309559
id14525,0.01825200668325603,0.012017985248150021,0.969730008068594
id26363,0.019406480631741056,0.015950481505289705,0.9646430378629692
id07108,0.03398967685997236,0.03549586983693023,0.9305144533030973
id11692,0.9939213682295889,0.0024767173604367657,0.0036019144099743924
id10891,0.02503195214207518,0.5587210362603257,0.41624701159759925
id16743,0.02261605769934711,0.9160072065792001,0.06137673572145279
id11556,0.9928784719397276,0.0034173643596505207,0.0037041637006218924
id09116,0.9480894247256276,0.02306536756042633,0.028845207713946032
id24015,0.14387682552192474,0.4341275752165857,0.42199559926148966
id00347,0.06852528297726321,0.053064919782445694,0.8784097972402912
id06284,0.05158731373183925,0.007177962082678165,0.9412347241854826
id18794,0.011835369100100638,0.9557270671839296,0.032437563715969654
id10702,0.002724624715477877,0.9913648075966878,0.0059105676878342134
id19239,0.15659786328481728,0.026474520010118557,0.8169276167050642
id26016,0.967549142816284,0.016917206309375037,0.015533650874341056
id26227,0.11091179804243323,0.13200908651049653,0.7570791154470704
id05367,0.904624563158675,0.02712043913704755,0.06825499770427745
id09568,0.036958236998557104,0.2740957898121146,0.6889459731893284
id04660,0.9924433816681598,0.0034443850495010126,0.0041122332823390695
id04744,0.9435993746819687,0.015352815573133383,0.041047809744897794
id07251,0.20142890411646341,0.7550077753705007,0.04356332051303587
id25977,0.022654813655919044,0.9640352309348587,0.013309955409222345
id06244,0.04952082896453485,0.025978489238076347,0.9245006817973888
id24560,0.13374353498405214,0.8443098106850232,0.02194665433092455
id05091,0.10192234628119042,0.215006086727751,0.6830715669910585
id27248,0.17813573768549926,0.7771936638823048,0.04467059843219609
id12528,0.22356492276045922,0.5870670748603019,0.18936800237923895
id27322,0.9858069208265838,0.011129234299896842,0.00306384487351921
id27213,0.06082266462900604,0.013259600899279661,0.9259177344717142
id18588,0.990801793814393,0.0033009702283273725,0.005897235957279485
id14485,0.023944374822405298,0.13564954177103128,0.8404060834065635
id27475,0.04513222760077506,0.5394643358087795,0.41540343659044554
id02280,0.20942432600970065,0.5480125460884862,0.24256312790181334
id24083,0.021277255004058086,0.965880189828059,0.012842555167882946
id02321,0.005458029836099665,0.0032778175937411545,0.9912641525701592
id10299,0.0056229594945768424,0.005678346032175441,0.9886986944732477
id27680,0.9541498755451389,0.04129142981227568,0.00455869464258533
id17607,0.007337567059225498,0.026884889689107343,0.9657775432516672
id06661,0.03301710079636385,0.07282183026846187,0.8941610689351742
id23860,0.9912963127489638,0.001647405048102762,0.0070562822029333495
id26850,0.002866116575883559,0.9900333298606266,0.007100553563489853
id16484,0.9281729382391978,0.008022249118613605,0.06380481264218878
id15302,0.08878197714220504,0.02668041863413202,0.8845376042236629
id21138,0.4499130948728804,0.5384989728589624,0.01158793226815722
id02525,0.08832384179702789,0.8333527445691145,0.07832341363385757
id12608,0.005760368444510013,0.9757328717155146,0.018506759839975368
id23863,0.029842561233924876,0.010569654073013518,0.9595877846930617
id01755,0.9645320867511508,0.006162978306582555,0.0293049349422667
id10567,0.7891437392258814,0.01676055007281047,0.1940957107013082
id08445,0.19312793492822652,0.5398205390295585,0.2670515260422149
id18146,0.015592255841623767,0.059570827502031756,0.9248369166563444
id22263,0.8983511446314497,0.010707443482106584,0.09094141188644374
id13537,0.005699176106307979,0.0029386808295531895,0.9913621430641387
id19985,0.8603182197547476,0.010869626791478966,0.12881215345377342
id08053,0.03587016894038873,0.016528950513699806,0.9476008805459114
id18959,0.005830871010279039,0.989891292593869,0.004277836395852046
id06641,0.0059007365491798025,0.9922701087074502,0.001829154743369862
id27291,0.003927155571031378,0.9824123417280443,0.013660502700924379
id16124,0.008930184989698987,0.005893698978797996,0.9851761160315031
id18221,0.012351559564315329,0.003751991693028993,0.9838964487426557
id25670,0.9924964944060463,0.004257134584867938,0.0032463710090858775
id18472,0.978400421252628,0.0023657232026784336,0.01923385554469347
id10302,0.26594875152371505,0.019073820342207462,0.7149774281340775
id07721,0.020088629978001666,0.9752137742963023,0.004697595725695869
id22148,0.03340207401446081,0.011758285346543966,0.9548396406389953
id04724,0.002500286844624596,0.9954790380224902,0.0020206751328852037
id03980,0.9704748670231588,0.021557027534040766,0.007968105442800381
id11982,0.9465521303123777,0.03724613201797837,0.016201737669643966
id05566,0.004175036036256614,0.9935914940338108,0.002233469929932556
id13235,0.05020685055914833,0.9236878687600486,0.02610528068080315
id24524,0.899788845035585,0.03479444855248355,0.06541670641193147
id26783,0.017477575478281514,0.0036876979878985566,0.97883472653382
id02220,0.043953309547106974,0.9302519759250906,0.0257947145278025
id17163,0.9650771706760934,0.008458933694918819,0.026463895628987703
id21903,0.9348043590079137,0.044252570669041986,0.02094307032304424
id13350,0.004984954761691007,0.004199782528251463,0.9908152627100575
id07036,0.9662704988533126,0.007135571413995232,0.026593929732692062
id09150,0.9782488001092744,0.008277099880468888,0.013474100010256658
id22042,0.009620401175450008,0.017450094238535836,0.9729295045860141
id19562,0.15663227232691893,0.030115968542956558,0.8132517591301246
id05125,0.9502911002911476,0.04047483115644067,0.009234068552411745
id19462,0.994729245994515,0.002419251129943894,0.002851502875541164
id02265,0.9423990323769869,0.05114784397640392,0.006453123646609334
id11769,0.4821266714639456,0.5050604370696876,0.012812891466366898
id19021,0.974788274131863,0.008141185334130057,0.01707054053400706
id06166,0.9954163335452387,0.0023320115665312756,0.0022516548882299393
id26800,0.975939486566607,0.013047757995976194,0.011012755437416838
id21422,0.014707547240870984,0.012255216023554392,0.9730372367355746
id13116,0.02370183213239278,0.9675791633211308,0.008719004546476556
id05996,0.9840194022824219,0.00733198939534478,0.008648608322233246
id23318,0.9874596801538122,0.00838347526939024,0.0041568445767974005
id20725,0.008146573719209637,0.008985635400903882,0.9828677908798865
id09210,0.9824266835938728,0.009183015248266315,0.008390301157860987
id25842,0.44652543838324416,0.4808660320369211,0.07260852957983477
id00767,0.8364053696064356,0.023327028867083797,0.14026760152648052
id05036,0.012891158021669727,0.9789414565952571,0.008167385383073187
id14853,0.04218896604283482,0.011753123906465497,0.9460579100506997
id16946,0.014567852853416823,0.009083747043048967,0.9763484001035342
id26804,0.016113335650494484,0.9818142270966602,0.0020724372528452438
id24061,0.029095429251467863,0.022566114091130542,0.9483384566574017
id19861,0.9850077798916951,0.007958338626581763,0.007033881481723243
id18210,0.9772984378613537,0.004760147097065927,0.01794141504158034
id24313,0.05202510178679709,0.007090311121886968,0.9408845870913161
id15960,0.08270066560625218,0.04232951993594678,0.8749698144578011
id14037,0.9913881952407263,0.004229004247736157,0.00438280051153741
id17785,0.012433080186825542,0.021281834287992657,0.9662850855251817
id19362,0.16946467746104688,0.008938141502973262,0.8215971810359799
id10372,0.9781853376529714,0.01672527296811864,0.0050893893789098815
id03061,0.2523752775886488,0.7413392624709161,0.006285459940435139
id27583,0.01204722707743017,0.011382883276927182,0.9765698896456425
id22055,0.9933398848145057,0.0031018259547600027,0.00355828923073418
id07920,0.0174122202774185,0.9809376936405136,0.0016500860820679337
id16813,0.9486191529709872,0.009810519068540016,0.04157032796047272
id03088,0.40603670924385943,0.2736518719156931,0.3203114188404476
id03026,0.16744376950000225,0.7949851436030265,0.03757108689697111
id09934,0.9954739889038792,0.0024018057934847947,0.0021242053026359104
id21452,0.9865912684933908,0.005609087205050383,0.0077996443015587585
id05576,0.00934189394150436,0.06540861927011773,0.9252494867883779
id22391,0.012339647110461987,0.01878359331661989,0.9688767595729182
id10554,0.8118517432260701,0.02089870736433162,0.16724954940959832
id03291,0.02246578025430351,0.05670538912472586,0.9208288306209707
id23280,0.9469173647023627,0.0028057499018119317,0.05027688539582545
id17777,0.005085501440441857,0.0049013951734558775,0.9900131033861023
id24574,0.8956120033695089,0.07195506150124562,0.0324329351292455
id05459,0.040546418102393636,0.9206099084854823,0.03884367341212414
id02724,0.2057456121208346,0.0393815149604387,0.7548728729187266
id27678,0.9753768672570456,0.013617893789876467,0.011005238953077978
id21722,0.012718967011564695,0.9698998639925472,0.017381168995887958
id18139,0.863378109836647,0.03223897693400665,0.10438291322934624
id16264,0.01871413399572353,0.9785998827883327,0.0026859832159437844
id14537,0.9152924561359177,0.045175656548870485,0.03953188731521178
id18814,0.9701061844088127,0.017365895163001,0.012527920428186458
id08331,0.0932614710215065,0.9023430786612061,0.0043954503172874354
id03963,0.9938662875179143,0.0019304161424176854,0.004203296339668031
id07558,0.9816166988186104,0.004194238832760832,0.014189062348628748
id26275,0.8537932107243756,0.008400052870774596,0.1378067364048499
id26188,0.09045654666008666,0.8941235014345954,0.015419951905317836
id06789,0.2999289066264851,0.27505389376933603,0.425017199604179
id21788,0.010072969877651753,0.988097570059551,0.0018294600627973313
id13972,0.9657992558176116,0.016562794201390472,0.01763794998099782
id08643,0.9740948763245839,0.017259546861732596,0.008645576813683456
id09642,0.005497591089950937,0.9878830540873613,0.006619354822687583
id14054,0.9564719425277207,0.02147057537074851,0.022057482101530905
id12216,0.02918240375006639,0.008277594551086054,0.9625400016988476
id09211,0.014404259132781403,0.9786892717549012,0.006906469112317573
id16903,0.006618097319379093,0.9820992385398313,0.011282664140789581
id18976,0.0067846691166758176,0.010156804710474629,0.9830585261728495
id01861,0.966170541666542,0.01856311250893721,0.015266345824520775
id22745,0.03668248954915465,0.9439589126853116,0.019358597765533798
id03560,0.9904221251627415,0.005186451943487599,0.004391422893770752
id17799,0.9935334002780761,0.0019693214402940313,0.004497278281629705
id12387,0.03488938111337385,0.049439432966615536,0.9156711859200106
id09450,0.962690567972501,0.007953626050394274,0.029355805977104864
id18088,0.02625461020194695,0.03102940499044259,0.9427159848076104
id21697,0.97406709795121,0.005914844027147832,0.020018058021642113
id26128,0.004764033597047766,0.9928250751319553,0.0024108912709968336
id27462,0.011323701606055296,0.0061984173487335354,0.982477881045211
id19394,0.9946687022480493,0.0024345361922553425,0.0028967615596953876
id19929,0.0337828248286525,0.9616497722225802,0.004567402948767269
id16056,0.05078766793177327,0.5519184830078016,0.39729384906042503
id08756,0.01617366463351735,0.009271930561363243,0.9745544048051196
id09203,0.0077312471984802705,0.9769020843279166,0.015366668473603197
id14098,0.9935409318739585,0.0039558121623117564,0.0025032559637297638
id24641,0.9665548625933813,0.020382162207003708,0.013062975199614942
id24507,0.0019319877464021292,0.9930745881367022,0.004993424116895541
id20161,0.9498634975657487,0.04476455316957402,0.00537194926467724
id11710,0.03229864994913543,0.02200746879869523,0.9456938812521694
id15751,0.08342799467342299,0.902121369883691,0.014450635442885941
id06617,0.10283406113705178,0.04702577272892316,0.850140166134025
id19131,0.9670541392051331,0.0053212093778827385,0.027624651416984225
id02796,0.9035036279024097,0.0673228885518176,0.029173483545772844
id15575,0.019783551162682732,0.9658849064608026,0.01433154237651483
id21828,0.9816194887150361,0.0111950155175188,0.0071854957674452186
id15093,0.03925707480128018,0.9558979851571037,0.004844940041616273
id27867,0.2589625991820273,0.19834727705586333,0.5426901237621095
id19315,0.0332813370102085,0.010009554391607252,0.9567091085981841
id19398,0.892639549390985,0.08229610557177532,0.025064345037239602
id01572,0.006165075892862184,0.9848104336743532,0.009024490432784745
id09781,0.9450018844726505,0.04829808884161123,0.006700026685738197
id19278,0.7187682161073164,0.15501804061633626,0.1262137432763472
id11852,0.02227116965208528,0.007032544001962456,0.9706962863459524
id07067,0.005419138480779102,0.004819105885780983,0.9897617556334399
id08550,0.008211510452417364,0.9890598227353535,0.0027286668122292433
id02634,0.9393733318494804,0.01584471329920948,0.044781954851310174
id02449,0.9571512764643105,0.014782998152383032,0.02806572538330641
id10359,0.9660792732896235,0.025952543620047647,0.007968183090328809
id00217,0.8867697350196603,0.053891579034740525,0.05933868594559918
id20848,0.012844952401861945,0.9847071287761024,0.002447918822035565
id20229,0.987631225046254,0.0053881191290385995,0.006980655824707525
id02211,0.7596340144430977,0.14880166958946997,0.09156431596743224
id08435,0.23120121841490757,0.7235572477711325,0.045241533813959955
id23681,0.04297828833220504,0.01746338810387295,0.9395583235639221
id00571,0.14229560281728254,0.014252756936050697,0.8434516402466669
id16280,0.004040253971960758,0.004429555969686006,0.9915301900583533
id15022,0.49391621935765234,0.05473174241726586,0.4513520382250819
id08040,0.04032403682587809,0.011311006439559576,0.9483649567345624
id18087,0.954981884599531,0.03310925600020224,0.011908859400266737
id11280,0.9442368119886264,0.04637526030860149,0.009387927702772211
id21543,0.940124706469724,0.033637171351438726,0.026238122178837125
id00245,0.9598046509358804,0.006110527917171394,0.03408482114694817
id13745,0.00449166099464388,0.003271405691307556,0.9922369333140485
id15734,0.9794795216866335,0.013135796541990765,0.007384681771375756
id22572,0.008686445872874426,0.9824786556182387,0.008834898508886914
id12741,0.01017022243353696,0.007166124771597066,0.9826636527948659
id16477,0.1604089463955449,0.8244226205477386,0.015168433056716314
id26261,0.006165367472196118,0.03939356673586206,0.9544410657919419
id15867,0.9375361339765884,0.019748661220572904,0.042715204802838753
id10479,0.9723089473589899,0.011359296556081177,0.016331756084928834
id17736,0.009074419256437304,0.00648211227981029,0.9844434684637525
id17768,0.007526004874285411,0.006911935794467993,0.9855620593312465
id14172,0.9642600517120024,0.018847662204252876,0.016892286083744885
id01972,0.00905296398802676,0.0063639896620475336,0.9845830463499257
id10962,0.9754395636092587,0.01176492397132575,0.012795512419415615
id16692,0.9664746278600062,0.01167650018774977,0.02184887195224416
id25471,0.0030252095204970106,0.9924430470213346,0.004531743458168499
id05603,0.014804617271384197,0.9758730194087387,0.009322363319877059
id15340,0.31272436361054,0.058858113173757734,0.6284175232157023
id22971,0.8200236925104074,0.016682923967425198,0.16329338352216746
id06765,0.004391609018872186,0.9939783513153324,0.0016300396657952822
id19864,0.9861124396837331,0.004191338013470786,0.009696222302796131
id15834,0.04751039582142108,0.9405364984875428,0.011953105691035937
id17395,0.022737852920785614,0.014537759549765975,0.9627243875294486
id02585,0.011960464260601461,0.9466369242876311,0.04140261145176735
id13154,0.9600383041985809,0.03712189547822856,0.0028398003231905615
id12972,0.07155971408263154,0.6380860997763178,0.29035418614105074
id11103,0.7420377940151469,0.021434643133129525,0.23652756285172344
id26062,0.03213573363323123,0.5496645192753921,0.4181997470913768
id07339,0.9928563313625757,0.003951963590435107,0.0031917050469892783
id06096,0.9895123570992709,0.008661441719287108,0.0018262011814421716
id22945,0.0856472118462331,0.9087088271486434,0.005643961005123467
id10058,0.9899687122633191,0.004811719447422389,0.005219568289258412
id06435,0.9843445297600707,0.0024598317600736143,0.013195638479855557
id12636,0.06782094368081074,0.020234667615846597,0.9119443887033427
id25423,0.003959910135566809,0.004262163900340294,0.9917779259640929
id12990,0.045869056873294595,0.17675780069393207,0.7773731424327734
id24106,0.02979027918825482,0.4892904186554069,0.4809193021563383
id14481,0.00954939024273847,0.9733222422435002,0.017128367513761348
id03617,0.09399794832209009,0.031395042885514764,0.8746070087923951
id26055,0.9951391660573836,0.0015844713748277646,0.003276362567788627
id23712,0.96531924228534,0.009127097662969572,0.02555366005169031
id19441,0.036829556392348924,0.957505676500947,0.005664767106704083
id17042,0.9644260619302818,0.017804090951749223,0.017769847117969046
id09018,0.013067596316162049,0.9851788124660844,0.0017535912177534595
id08879,0.0024030130866711714,0.9962206642300521,0.001376322683276647
id10841,0.0026983067672200186,0.9957864117050238,0.001515281527756059
id04776,0.011571049104053568,0.9832642948321322,0.0051646560638144035
id26526,0.005854657056919498,0.005579206950501825,0.9885661359925788
id14181,0.03133151627580343,0.5966905490915179,0.37197793463267886
id18396,0.8562367369556325,0.0053533545233038415,0.13840990852106355
id05585,0.4611629560759372,0.523640150306223,0.015196893617839737
id11546,0.04161210533609757,0.025805897988826716,0.9325819966750757
id08027,0.007858944079103461,0.9841542996482635,0.007986756272632957
id00659,0.1903142205020096,0.05606988687200905,0.7536158926259815
id10937,0.016703557748008368,0.9775788032487066,0.005717639003285005
id01898,0.057993765997915774,0.9336713504977407,0.008334883504343596
id23695,0.005838419164404537,0.003977088828999276,0.9901844920065963
id07856,0.024886336460216433,0.7846092099955037,0.1905044535442801
id25233,0.8078380315191186,0.009798288720263405,0.18236367976061807
id24052,0.043929671455899905,0.08854319371264566,0.8675271348314544
id01698,0.01986127518891318,0.9756513315997217,0.004487393211365231
id01356,0.035380093415076634,0.9584324528293395,0.006187453755583852
id10430,0.05699330145973043,0.9394936322724727,0.0035130662677969413
id04778,0.027539962893473883,0.00865323084361361,0.9638068062629125
id24707,0.03035127736900066,0.9649959992713827,0.004652723359616653
id04539,0.278741887498633,0.04934227646350399,0.6719158360378632
id20011,0.9585870097519229,0.012644990131096413,0.02876800011698079
id09950,0.0075922644919196435,0.9879389578081262,0.004468777699954238
id14397,0.9903013704703808,0.004622415831216443,0.00507621369840284
id04457,0.017717647422292825,0.9478297861056745,0.034452566472032764
id19469,0.028119333508228934,0.9467529144831041,0.02512775200866693
id24230,0.04775813106541661,0.23859922252040763,0.7136426464141759
id16719,0.9696396795062325,0.025298485679913905,0.005061834813853558
id20183,0.02525628700413316,0.9703090355740562,0.0044346774218106365
id24531,0.018745805482249085,0.006105497469443366,0.9751486970483075
id04934,0.9684799428922996,0.017680718360821447,0.013839338746878966
id17230,0.03087576786967474,0.026242410526001573,0.9428818216043238
id07561,0.784850389673419,0.18476742030962837,0.030382190016952682
id12282,0.04788821426432184,0.9410209117574138,0.011090873978264486
id14992,0.5891013712129761,0.35841770122101924,0.052480927566004684
id02934,0.8125799806161688,0.059821367932312304,0.1275986514515188
id00189,0.9894515068142985,0.005313122199055737,0.005235370986645768
id27941,0.003826849976457143,0.994091400495923,0.002081749527619906
id14642,0.00782366904043806,0.9687019744639456,0.02347435649561643
id23445,0.9638195030146446,0.009937846773143714,0.02624265021221165
id21603,0.014566551739373816,0.006355134281879763,0.9790783139787463
id21046,0.003578105896095386,0.9935798872690252,0.0028420068348792393
id02264,0.008681556038140343,0.9784182011509732,0.012900242810886284
id00409,0.8970822320650392,0.014076951366924082,0.08884081656803669
id00351,0.8864154188673612,0.02341394657767313,0.09017063455496574
id14362,0.0016618768168504903,0.99673032298397,0.0016078001991795983
id20757,0.9448376330084037,0.00823854282051883,0.046923824171077336
id22764,0.9670589020370574,0.02589245191337482,0.007048646049567942
id19264,0.024403053468298352,0.07301548022195062,0.9025814663097511
id04506,0.6375452002436796,0.10493571124252035,0.2575190885138002
id18505,0.9520361353081207,0.041062379581871936,0.006901485110007459
id27354,0.03218086343517249,0.014797011079943457,0.953022125484884
id22410,0.9830762774306279,0.005197964280900427,0.011725758288471708
id14241,0.014103266247986907,0.982605445863067,0.0032912878889461866
id18785,0.2774137386670858,0.6979413374994903,0.024644923833423805
id16649,0.948584437065239,0.038724460654724964,0.012691102280036072
id16386,0.016225675613349314,0.9795310480998014,0.00424327628684923
id09051,0.0180306489387173,0.005300476103512296,0.9766688749577704
id22296,0.9511647158724159,0.025609689876202137,0.023225594251381855
id08584,0.18395191147933232,0.03802203396492918,0.7780260545557385
id22219,0.06804605795415729,0.015278658776721021,0.9166752832691217
id18790,0.001936758023534692,0.9966196815397825,0.001443560436682679
id10922,0.029841761045299182,0.5140653319694021,0.45609290698529886
id15002,0.10485666815149806,0.007184781719420108,0.8879585501290819
id24862,0.01312786276950211,0.9837189683247687,0.00315316890572912
id25845,0.9178798083190084,0.04254969446344624,0.0395704972175453
id17586,0.15844766778524463,0.7291575935426754,0.11239473867208005
id09390,0.003920841474764426,0.004189374055955834,0.9918897844692797
id20069,0.882793051554567,0.10221124644605786,0.01499570199937519
id05953,0.02046122516446522,0.9698419062315335,0.009696868604001185
id15583,0.009603411220461088,0.9861965605891093,0.004200028190429677
id03482,0.03823686936875221,0.024049424924910294,0.9377137057063375
id06243,0.024762929972645807,0.8145310404927498,0.16070602953460447
id01116,0.019636754583136733,0.14744739595502798,0.8329158494618353
id17530,0.006968917177431428,0.9860064584685667,0.007024624354001917
id07552,0.023398577337357868,0.021331478837279046,0.9552699438253631
id03131,0.009154609822205407,0.9850335039053574,0.005811886272437045
id23142,0.004264226972869947,0.004630876585891234,0.9911048964412389
id05540,0.9299328937927069,0.03854014424232952,0.03152696196496353
id06292,0.9431406815201491,0.039920997355421775,0.016938321124429133
id26506,0.6888227164330702,0.2719568178563003,0.03922046571062942
id19068,0.030241778455276584,0.006277766246557823,0.9634804552981655
id21782,0.020743736822201646,0.012496437188717749,0.9667598259890806
id24563,0.0034856073944785023,0.9873534065427229,0.009160986062798613
id21986,0.913151821955259,0.06853488875585788,0.018313289288883105
id04967,0.07185845048840775,0.08705948867466744,0.8410820608369247
id11760,0.059621828314406836,0.040105378818769244,0.900272792866824
id02483,0.9909153164142291,0.005009702190609885,0.004074981395161064
id15791,0.01354524393943405,0.006777750350451921,0.979677005710114
id14256,0.032812518732386595,0.011531733927763202,0.9556557473398503
id18328,0.9816176381563264,0.007361758059623862,0.011020603784049801
id06213,0.007979141943746944,0.9799682534047403,0.012052604651512774
id00772,0.9529199162943753,0.029550632669006913,0.017529451036617825
id01113,0.5623393190265155,0.39681658921258467,0.0408440917609
id03972,0.9638872427981975,0.029340503274573316,0.006772253927229243
id25386,0.03165712335058749,0.9170797903283214,0.051263086321091
id09156,0.06610593275839506,0.90268989075119,0.031204176490414855
id22624,0.1435798782643646,0.6912223978929781,0.16519772384265718
id17789,0.0046729465425810225,0.9820399367287874,0.01328711672863151
id09039,0.012205642821209534,0.9815507604145599,0.0062435967642305
id20538,0.28359390533490125,0.18617655288930837,0.5302295417757905
id05501,0.06579998768394345,0.005922401844516537,0.92827761047154
id27641,0.9384276620742905,0.015745641089903454,0.04582669683580608
id05965,0.04991205447197932,0.0361525901519406,0.9139353553760801
id23431,0.19889652866988258,0.6794629570786526,0.12164051425146476
id13075,0.029885968556508387,0.01529697398543921,0.9548170574580526
id26190,0.13569293451556072,0.009599212758700846,0.8547078527257385
id12196,0.5223063659568482,0.01235726839463829,0.4653363656485136
id21318,0.015469598954423259,0.9768756507064591,0.0076547503391177375
id11277,0.09932980912000726,0.8504713611558673,0.050198829724125565
id07193,0.9771234905682975,0.00827926841558633,0.01459724101611611
id17105,0.045137377730531385,0.21132506936847872,0.7435375529009898
id18263,0.8091238553856156,0.010777263432302819,0.18009888118208156
id22875,0.024091360406801078,0.012086570030140747,0.9638220695630582
id07157,0.00510849222838474,0.0027327096775694453,0.9921587980940458
id15051,0.8078020264339504,0.03959656337708229,0.15260141018896728
id08871,0.46649116124821777,0.1473793795428049,0.3861294592089773
id17036,0.0058333047261814866,0.013491969914938177,0.9806747253588805
id02783,0.00987517396016915,0.02507627971484498,0.9650485463249858
id26418,0.982326913375907,0.0030854822553483983,0.01458760436874458
id15748,0.9809867179735624,0.005701922011636146,0.013311360014801363
id00820,0.04703318303764502,0.9415339271439178,0.01143288981843708
id27695,0.556742973445064,0.39703693499697695,0.04622009155795919
id27286,0.33457751989840834,0.6322542038478559,0.03316827625373573
id11680,0.005361910154281916,0.01345139952990774,0.9811866903158103
id01070,0.041458818531098764,0.01746545974806514,0.9410757217208362
id18486,0.011818935357066658,0.013652570412221081,0.9745284942307123
id12389,0.005139728617323756,0.9864974998778017,0.008362771504874657
id12544,0.007931419730078463,0.9852561896186179,0.006812390651303435
id04692,0.9552872036178619,0.013259323011967212,0.03145347337017097
id17342,0.9758308831229285,0.006114580508226073,0.018054536368845388
id09640,0.02941174348518994,0.058683991983234846,0.9119042645315751
id24300,0.02240309531558214,0.01125561348114996,0.966341291203268
id13725,0.16643844498094648,0.007363437436983772,0.8261981175820697
id22633,0.9948157610273672,0.0027778334909957917,0.0024064054816370388
id16653,0.9489611465023172,0.017072813456705704,0.03396604004097714
id00184,0.9590704727024463,0.013924758272653012,0.027004769024900618
id23872,0.991658689246136,0.005302797037141748,0.00303851371672239
id05095,0.4838431469998354,0.019086422498440357,0.4970704305017243
id05757,0.044237080173816404,0.024987731865700778,0.9307751879604829
id26883,0.9905640768316287,0.005667719756168324,0.0037682034122029614
id01868,0.8898848678917359,0.015118153942511769,0.0949969781657524
id13053,0.007859620219287586,0.003803345334182683,0.9883370344465296
id24443,0.8424595727380532,0.13387017869937778,0.023670248562569114
id12795,0.004108771997300776,0.9944832469345755,0.0014079810681237729
id05298,0.023629671968970277,0.007561904874684393,0.9688084231563453
id07560,0.23905785686593153,0.031504309293365826,0.7294378338407027
id10281,0.18966500840580078,0.013765093304706467,0.7965698982894927
id07254,0.9165003571659402,0.008580663680442751,0.07491897915361707
id00837,0.140512757069112,0.8132682939778931,0.046218948952994804
id04534,0.012781160406844301,0.023008806293652075,0.9642100332995037
id16716,0.9050599834683393,0.024133669869185664,0.0708063466624751
id04057,0.28520200659232114,0.5515145740461738,0.16328341936150528
id14988,0.10902476460656699,0.01187051439621933,0.8791047209972137
id05353,0.869064351777292,0.07673981464740921,0.054195833575298696
id21250,0.673486613486294,0.3148362438459733,0.011677142667732685
id25963,0.007475500221434617,0.9871676255993689,0.005356874179196571
id10370,0.012388075966254911,0.03806168758399038,0.9495502364497547
id26934,0.6551348933389695,0.026981362180833312,0.3178837444801973
id07649,0.019842682769188602,0.025348954109104545,0.9548083631217069
id21169,0.9785006026501619,0.005000701751371202,0.016498695598466763
id25824,0.988555847588015,0.0024814832571274682,0.008962669154857529
id01154,0.021115835973646895,0.9683711318919195,0.01051303213443361
id02523,0.9670674538542499,0.005058528633914398,0.02787401751183582
id07677,0.9673286219323888,0.021552248446529736,0.011119129621081641
id24447,0.005389877128859933,0.0032782928731541028,0.9913318299979861
id23036,0.059392186196031746,0.007697835704681964,0.9329099780992864
id05424,0.9052004303478624,0.07893686817901507,0.01586270147312257
id18807,0.025356585538516434,0.015652660688958434,0.9589907537725251
id05894,0.00805859656791641,0.9585857862611654,0.033355617170918186
id08494,0.4707105267588038,0.1564293621692139,0.3728601110719824
id17181,0.8031274112466761,0.011534717800979226,0.18533787095234483
id24037,0.003173305408994835,0.9952994388430013,0.0015272557480038268
id22495,0.9270896859680734,0.028669893291374798,0.044240420740551685
id21717,0.6615986010386764,0.1272892918150636,0.21111210714626003
id00477,0.2977586331509798,0.6150122966282721,0.08722907022074826
id03167,0.013462527418362284,0.010094787629830406,0.9764426849518073
id08783,0.033871491868395574,0.10905224859048464,0.8570762595411197
id11954,0.9922698936926518,0.003480227130669658,0.004249879176678547
id03029,0.9912361209532549,0.0025338689090335627,0.006230010137711674
id16359,0.9247042558533711,0.04491359269999133,0.03038215144663759
id02984,0.9934860320732429,0.0029898752011547577,0.0035240927256022397
id24559,0.9769439885181861,0.015436900933572029,0.007619110548241925
id26880,0.005715974454401738,0.00552978751322286,0.9887542380323754
id00656,0.17850409461389466,0.020079317990975964,0.8014165873951294
id07825,0.008547223470740392,0.9672351202777615,0.02421765625149814
id16525,0.004488898609967251,0.9932412146227523,0.0022698867672803933
id08849,0.9009970415073737,0.0456650182657769,0.05333794022684938
id09260,0.04235897899942845,0.948104902280259,0.009536118720312516
id22233,0.9503569948642039,0.004170761069621753,0.045472244066174165
id12191,0.004426526951498259,0.004007166209858641,0.9915663068386431
id15505,0.002448044693465782,0.9872950070802916,0.010256948226242759
id15882,0.86744497754291,0.024131522861209537,0.10842349959588059
id10569,0.05392493693284702,0.22542400962784748,0.7206510534393056
id26059,0.9851296922297731,0.007442335867904156,0.007427971902322862
id13055,0.039723605938406695,0.01262163548511971,0.9476547585764736
id05388,0.9933785152782577,0.0033233585420975416,0.0032981261796446383
id25199,0.006871289123985119,0.9883964207933496,0.004732290082665367
id11813,0.00944557707631774,0.00514110201214398,0.9854133209115382
id14866,0.07732951313811788,0.08293511849477393,0.8397353683671083
id22247,0.7449060884387488,0.01770832973835869,0.23738558182289243
id08196,0.48353099475340533,0.475142775775177,0.041326229471417564
id27246,0.022062880326235018,0.9674206360853049,0.010516483588460003
id21926,0.014767021460449368,0.016210398036602663,0.969022580502948
id01930,0.07178222944911151,0.021032316328598925,0.9071854542222896
id26406,0.02269323232115884,0.031608060907670994,0.9456987067711703
id07760,0.11568803986039057,0.8765603175407981,0.007751642598811287
id24815,0.06500760258055484,0.03178579693702444,0.9032066004824206
id22063,0.9614866637622281,0.022079643341742162,0.01643369289602957
id21513,0.021715345782513273,0.9600836394661386,0.018201014751348207
id04006,0.9684193656408245,0.0034164113504932528,0.028164223008682186
id06177,0.8628524708769729,0.11948597485191043,0.017661554271116545
id24010,0.939992764873816,0.021575877202103303,0.0384313579240805
id16402,0.005892584794999775,0.005287162034902259,0.9888202531700979
id23894,0.9890509558279212,0.00844895313110369,0.0025000910409750544
id18867,0.9824915213301906,0.005248073627761336,0.012260405042048126
id01691,0.002518262197803661,0.9956020838475584,0.0018796539546378172
id11818,0.05252393248037785,0.8745511477952702,0.0729249197243519
id18481,0.0757580955032935,0.09412317124040648,0.8301187332563001
id20137,0.9755183293012387,0.01017994126214367,0.014301729436617507
id14630,0.16010002174257065,0.8069867707895648,0.03291320746786464
id03058,0.04551937338217448,0.09930356330934335,0.8551770633084822
id27857,0.12206925102912837,0.8463350430087192,0.03159570596215256
id19345,0.24478715964080192,0.7396442130145399,0.015568627344658288
id12726,0.21657050176599307,0.05454228350068132,0.7288872147333257
id06015,0.01973528471904901,0.047810636909661496,0.9324540783712894
id26548,0.03153357973125283,0.0637969050028367,0.9046695152659104
id20284,0.07307632412452748,0.011906652515333911,0.9150170233601386
id17912,0.12492393551092404,0.024735182393875628,0.8503408820952003
id10287,0.9667309358781193,0.00894089602041005,0.024328168101470583
id03604,0.0020525118827240834,0.9946709095593927,0.0032765785578830224
id07423,0.038584222783133365,0.09791136150188642,0.8635044157149803
id01484,0.016136408947255133,0.9707228148329975,0.013140776219747465
id16904,0.946727254772163,0.049910929139811336,0.0033618160880257274
id13187,0.004386134331522384,0.006312936077153366,0.9893009295913243
id08507,0.008482729764455917,0.9900879854402603,0.0014292847952837027
id09599,0.9904582010572944,0.002731474978978541,0.006810323963726847
id20460,0.009861659817698536,0.9798379036056644,0.01030043657663706
id23743,0.007403925414793615,0.9865659353877323,0.0060301391974742265
id13914,0.008219763199667397,0.9871355358261894,0.00464470097414328
id23108,0.9837445629501342,0.009327094654307526,0.006928342395558295
id20111,0.23434201837922392,0.7579771003037148,0.007680881317061275
id00300,0.0037332841016336016,0.9887874714638142,0.00747924443455218
id25970,0.7917334931587529,0.1199118352675294,0.08835467157371786
id24588,0.0054412098960714035,0.005116755692552377,0.9894420344113763
id04799,0.20363953582446565,0.10317073604327774,0.6931897281322567
id19685,0.039307390763471825,0.3571808254182634,0.6035117838182649
id00628,0.008164141253689835,0.00840203416675353,0.9834338245795566
id10632,0.938986960170824,0.02197148290391163,0.03904155692526457
id24894,0.017360187534245685,0.9777501089640309,0.004889703501723528
id06843,0.41481119067750294,0.5756018715644118,0.009586937758085147
id16211,0.990267758014517,0.007437576461640689,0.002294665523842263
id10730,0.12546520701233854,0.8698031550142523,0.004731637973409183
id06399,0.14346961250433507,0.8430776536940714,0.013452733801593633
id25138,0.981708373281244,0.009969602593301857,0.008322024125454233
id04372,0.05448988358375117,0.29188608073917455,0.6536240356770743
id01057,0.7572382311382033,0.009720859288412162,0.2330409095733846
id07505,0.2061683028689338,0.7849614093684785,0.00887028776258766
id17331,0.9964117141319541,0.001535151054868444,0.00205313481317767
id11306,0.3263871275152518,0.07630894163781023,0.597303930846938
id07490,0.002321586294687471,0.9954635237684937,0.0022148899368186954
id00721,0.003493136473202887,0.9510442284912356,0.045462635035561444
id07538,0.8247970926407465,0.06382994936231304,0.11137295799694061
id11289,0.06601358241883923,0.010410202295260141,0.9235762152859007
id25207,0.9933986000562771,0.003211093311347037,0.003390306632375832
id03831,0.9950059907703753,0.00174516663179308,0.0032488425978315382
id05371,0.28388294619731186,0.7074155274461235,0.008701526356564666
id07405,0.016402915603958818,0.9613689745309605,0.022228109865080618
id25960,0.009478817341031254,0.9862611834616184,0.004259999197350364
id18497,0.022750164210769794,0.8803583799054114,0.0968914558838189
id24478,0.9839022662489564,0.011216438337794012,0.004881295413249639
id12431,0.008940397159838416,0.9863187841529936,0.00474081868716799
id24080,0.06177591381028472,0.009447882226858734,0.9287762039628564
id11862,0.008411630457083244,0.012051040283033313,0.9795373292598833
id04798,0.9927205085707436,0.00308813972346642,0.004191351705790104
id22638,0.032924264877174564,0.9594834159426556,0.007592319180169839
id16105,0.039995818496251306,0.949050154808121,0.010954026695627507
id05863,0.035159970065465104,0.02178494498473939,0.9430550849497955
id11466,0.9767142496058894,0.014286794299152484,0.00899895609495824
id06091,0.9688122664364618,0.0060399695838542,0.025147763979684056
id04214,0.0026064000339568187,0.9937031053261165,0.003690494639926546
id21197,0.9069644776901814,0.03828970315003061,0.054745819159787934
id06479,0.01974394976830421,0.014910768313054122,0.9653452819186417
id21801,0.97671212110563,0.003000552067137537,0.020287326827232426
id00540,0.9901804921530691,0.007158542148809384,0.0026609656981214985
id07102,0.9822582433192559,0.009870336187662788,0.007871420493081276
id12012,0.008008591033946789,0.007339526668065193,0.9846518822979881
id17850,0.024109033896011538,0.007435900541370028,0.9684550655626184
id12708,0.09857603472509384,0.0323354148128523,0.8690885504620538
id09277,0.14353057166178784,0.05105872061873929,0.805410707719473
id11482,0.4688203961879079,0.40157617851101424,0.12960342530107796
id15327,0.9035573496295314,0.04329212878810007,0.053150521582368486
id17561,0.00467639714011539,0.8784668765018764,0.11685672635800817
id21966,0.6856586713018324,0.025055747248727403,0.28928558144944017
id05742,0.9961600382950345,0.0019286530268760322,0.0019113086780893336
id21441,0.979200223863559,0.00846798355245101,0.012331792583989988
id10819,0.040176997488623495,0.9466927354112209,0.013130267100155515
id00018,0.20957103955149892,0.7748135962056812,0.015615364242819884
id17038,0.9626074333174106,0.028941678230961092,0.008450888451628247
id14680,0.010611439708075978,0.986377127990931,0.0030114323009931185
id17760,0.017099111424216683,0.022340428286215297,0.960560460289568
id14436,0.5481899491929818,0.13838606040027981,0.3134239904067385
id17180,0.007104701733123967,0.0031020924369551087,0.989793205829921
id19132,0.03210547283235771,0.9563122148072764,0.011582312360365892
id17497,0.0030999454723046214,0.9945575821875798,0.002342472340115469
id26284,0.05712044377866981,0.29114084073372465,0.6517387154876054
id04340,0.005558395696442098,0.9904682820260476,0.003973322277510099
id06427,0.0027212470593533894,0.9951401716042447,0.0021385813364018552
id08340,0.9283726699766025,0.04558804770291696,0.026039282320480587
id07167,0.007587643852915722,0.9878128640515514,0.004599492095532698
id02218,0.9582022054270476,0.003752094408392665,0.03804570016455974
id18406,0.4284807819879139,0.5504365574988773,0.021082660513208888
id22134,0.5691976827908991,0.05791100243058039,0.37289131477852056
id04983,0.019671083738714176,0.006803961897650231,0.9735249543636356
id17767,0.9487751238420364,0.039649947443241136,0.011574928714722441
id15131,0.0050482307411700835,0.9835644199280755,0.011387349330754321
id11132,0.9779379979495829,0.011421222315965778,0.010640779734451305
id10054,0.9418820290775369,0.03429350024435784,0.023824470678105114
id03797,0.011342000511878501,0.013535078292078529,0.9751229211960429
id17143,0.9609825248785876,0.017078943480476665,0.021938531640935798
id19078,0.007381664754720789,0.006176154282032002,0.9864421809632472
id04919,0.9654247078315044,0.028724584007859103,0.005850708160636572
id03272,0.09366437752251607,0.8796380594944883,0.026697562982995637
id15047,0.017940774360028517,0.017204316406388507,0.9648549092335829
id23727,0.4273606164508283,0.09172299994117396,0.48091638360799766
id07221,0.9865806439754127,0.007539709897903693,0.005879646126683741
id13974,0.1758240610577176,0.7952512382272717,0.028924700715010764
id24050,0.9805627452204743,0.009885629457707955,0.009551625321817891
id18119,0.8921394013095469,0.015045278815433934,0.09281531987501919
id05205,0.9475690547837599,0.026798515168319045,0.025632430047921165
id05233,0.042332440764112536,0.9559212481745794,0.0017463110613080792
id23556,0.9427617920357532,0.008403961290270712,0.04883424667397623
id06323,0.9811504691174322,0.005641452767642826,0.013208078114925078
id27903,0.014596246101832605,0.033967543546027656,0.9514362103521397
id15164,0.9749714328898034,0.015129078237374315,0.009899488872822318
id14714,0.0030705989888479526,0.993935220584013,0.0029941804271389756
id11585,0.00309552995071696,0.9931319751937234,0.003772494855559776
id09119,0.9850320601832752,0.005430004115306126,0.009537935701418823
id03135,0.9497748351139627,0.04031401763649741,0.009911147249539887
id23385,0.943195315346486,0.03491563697698515,0.021889047676528807
id18219,0.9685050539228212,0.004553455784431395,0.026941490292747457
id17596,0.04436700827654772,0.9458771410179746,0.009755850705477652
id12235,0.35437917430944127,0.03979367445162123,0.6058271512389376
id15394,0.9935654192770929,0.001996276019296602,0.00443830470361051
id07727,0.9911292162940649,0.002714351578386257,0.006156432127548782
id02748,0.994841950213119,0.002525869276448553,0.002632180510432365
id14913,0.00924171174949575,0.00523512743335147,0.9855231608171527
id05257,0.10538240357374319,0.0064127911248446174,0.8882048053014123
id23759,0.008636151707844,0.011583479395466898,0.9797803688966891
id08726,0.9573806292868772,0.026769581819533466,0.015849788893589338
id24493,0.9541163791087922,0.03189431887213586,0.013989302019071944
id19945,0.04643425691672016,0.9453041077856494,0.00826163529763049
id27893,0.47994894134181054,0.1467569003405732,0.37329415831761614
id04975,0.14230020533069923,0.018899080538014385,0.8388007141312864
id14722,0.9081935676946954,0.059518770305198886,0.03228766200010578
id10320,0.006870883411165196,0.9465438733547359,0.046585243234099
id09619,0.005679885376949124,0.9896990775599437,0.004621037063107122
id07480,0.2563781846260052,0.7251903905346897,0.018431424839305006
id00342,0.12078518679176314,0.8595299433864468,0.019684869821790088
id08611,0.9567263196064707,0.017851796382671724,0.02542188401085748
id24284,0.013202155282466876,0.003965198357136135,0.9828326463603969
id20491,0.1588695252228311,0.7115141190404851,0.1296163557366837
id18337,0.012947206175427647,0.018110591848948476,0.968942201975624
id04781,0.9547453660703534,0.008402624540898662,0.03685200938874782
id11067,0.9817283358039219,0.010522047104670884,0.007749617091407157
id19402,0.971202951341651,0.014156556749369487,0.014640491908979593
id20009,0.023390124478601563,0.013509582413262182,0.9631002931081362
id08535,0.020327541978890556,0.012907857065413185,0.9667646009556962
id07495,0.035139401246825214,0.03388727273024644,0.9309733260229283
id06262,0.017275212412974306,0.02030070335392496,0.9624240842331008
id10898,0.8802625765229115,0.04098049926054013,0.07875692421654838
id17778,0.003102254991692365,0.9940277541456555,0.0028699908626521045
id07210,0.05394524392665998,0.909146664894465,0.036908091178874926
id04367,0.009439529635155494,0.937035421191436,0.053525049173408536
id27713,0.06982015522608702,0.02495799409850956,0.9052218506754035
id15428,0.013340017732767903,0.9616672225712443,0.02499275969598771
id25427,0.8742348239372347,0.03337300487344157,0.09239217118932369
id09789,0.7960969068174004,0.1590869990723822,0.04481609411021727
id07658,0.9495102992067302,0.03791508377983734,0.012574617013432461
id25453,0.011691184946080097,0.9658627554370568,0.02244605961686307
id24495,0.9818236729898489,0.009906446714447865,0.008269880295703184
id03270,0.07371894416229427,0.8900973764267862,0.03618367941091964
id11879,0.008744475256526855,0.9832033525397648,0.00805217220370837
id24356,0.01208216669338643,0.025897378176317196,0.9620204551302963
id22256,0.020253876984734687,0.0318918904992438,0.9478542325160214
id06050,0.010250939943320237,0.9794580968953258,0.010290963161353738
id09555,0.6851302244112487,0.01958301844047839,0.2952867571482728
id23772,0.010960340046905536,0.9864552761869806,0.002584383766113929
id21930,0.07682469104215431,0.03245214565184913,0.8907231633059965
id00823,0.010046343979499973,0.9444754889349303,0.045478167085569704
id23666,0.004733870198795123,0.9921702428879402,0.003095886913264596
id08118,0.006606282577229725,0.006821981897568154,0.986571735525202
id21388,0.010605951205056974,0.954709630160969,0.03468441863397402
id23312,0.9145059454895137,0.003177601513122504,0.08231645299736373
id08545,0.04806890820531694,0.06726362219906452,0.8846674695956186
id20351,0.07006650786766158,0.1386514296492139,0.7912820624831245
id13536,0.1796090953205661,0.02506847103050515,0.7953224336489287
id27742,0.028425104759006666,0.95387449175859,0.017700403482403374
id13343,0.01961045527096396,0.009754747669486865,0.9706347970595492
id11987,0.00730273842246328,0.9674801773955725,0.02521708418196433
id08921,0.5423240052413997,0.02572013036425063,0.4319558643943496
id09972,0.5482933654458809,0.41480416950578325,0.036902465048335664
id26173,0.9878088075168673,0.0019839966007224475,0.010207195882410283
id07917,0.07622499836401479,0.7519536216355525,0.17182138000043268
id01383,0.9898877779844593,0.005367189183532806,0.004745032832007862
id26699,0.9190911929036212,0.06288902619235466,0.01801978090402427
id11058,0.05391063811485785,0.02334706423129584,0.9227422976538462
id20425,0.006029120885229991,0.9882941086973651,0.005676770417404782
id20238,0.008770315435384979,0.9807547621681264,0.010474922396488518
id21348,0.06965291478937803,0.48488299932971773,0.4454640858809043
id09552,0.05536128796879679,0.019376264553303883,0.9252624474778994
id25075,0.8108455157915457,0.03897862392321347,0.1501758602852409
id17749,0.018074145852451453,0.016226070940028342,0.9656997832075203
id18910,0.09388897202347694,0.007932525532045332,0.8981785024444777
id13534,0.03737006812765119,0.9466396539469103,0.015990277925438466
id22205,0.014845344224759234,0.9819825957661709,0.0031720600090699835
id23896,0.9803657531199721,0.010645590554048798,0.008988656325979248
id23616,0.5454883560645352,0.04683184178387079,0.40767980215159405
id03537,0.9434814649551743,0.023014206553497576,0.03350432849132819
id18147,0.05107281826481076,0.9423985002023162,0.006528681532873074
id25408,0.9862705984702457,0.006750589545989255,0.006978811983765132
id09997,0.20022970282623884,0.0476732123449909,0.7520970848287704
id23357,0.014474881213142726,0.009463362904698276,0.9760617558821589
id21880,0.9163110706248725,0.010152565114476628,0.07353636426065087
id21633,0.07502037033052338,0.9177967997404175,0.0071828299290591585
id15976,0.026915130356259073,0.04483191045812295,0.928252959185618
id20266,0.005021456875581706,0.003411208400853353,0.9915673347235651
id26726,0.9197284018711661,0.06936706078353347,0.010904537345300405
id02958,0.16675122138518728,0.8268445973123774,0.006404181302435372
id25211,0.12835024128475128,0.023356762665987265,0.8482929960492616
id24314,0.9745866360462109,0.02109598775887566,0.004317376194913337
id21475,0.006543670908466156,0.005527364292200295,0.9879289647993336
id22733,0.36520670412729395,0.6202726739782882,0.014520621894417675
id14297,0.00233687612278875,0.9941466740670393,0.0035164498101720836
id27627,0.3851926922709726,0.6081008010476496,0.0067065066813778145
id03580,0.01930924047779205,0.9773034265429539,0.0033873329792541225
id08858,0.006806315641502144,0.009324601198282585,0.9838690831602152
id22512,0.01179228843639433,0.9850544224412492,0.003153289122356427
id05634,0.05533105725857754,0.07063465658874862,0.8740342861526739
id00105,0.01547288816452979,0.015293007538957534,0.9692341042965128
id26635,0.9695973013225484,0.011385192652955485,0.019017506024496256
id19324,0.005094569854660707,0.002961906330933748,0.9919435238144056
id00210,0.758482097856677,0.046903849905584,0.19461405223773906
id06809,0.9688953574455548,0.006881509075291947,0.024223133479153357
id04074,0.003563609242063264,0.9931009032414249,0.003335487516511832
id27010,0.9646813415541464,0.018694277469860857,0.01662438097599265
id00699,0.03292718929684022,0.0691680774994534,0.8979047332037065
id18549,0.15552748229559002,0.096068966959195,0.748403550745215
id14089,0.9587919514687695,0.025252571460759366,0.015955477070471003
id19792,0.012500729390858376,0.9833303192533922,0.004168951355749444
id19935,0.019822499683120432,0.032864162965476125,0.9473133373514034
id22960,0.007867549300453568,0.021173778138828484,0.970958672560718
id02471,0.014059400815654335,0.00369892230766073,0.982241676876685
id07896,0.011112354119007043,0.010004252099776465,0.9788833937812166
id20033,0.9593553761215239,0.012719890081444966,0.027924733797031184
id15018,0.9921819377100124,0.003167824948585484,0.004650237341402236
id19528,0.9883807852292619,0.004274689634694598,0.007344525136043525
id21621,0.19777565629663577,0.03500034052232218,0.7672240031810421
id14328,0.1651058836601205,0.8000197976870294,0.034874318652850116
id19524,0.9921271494337282,0.003159108676282897,0.004713741889988893
id00219,0.9955732929518875,0.001615920942688003,0.002810786105424729
id23229,0.022654664838822555,0.008431895728005241,0.9689134394331722
id14357,0.9718533480810085,0.007519362292932142,0.020627289626059375
id21829,0.02042837952039858,0.008673554168266179,0.9708980663113352
id02137,0.9028593646413484,0.027765589258186306,0.06937504610046533
id23524,0.09097740996239445,0.005709613620405087,0.9033129764172004
id12022,0.9854694778049843,0.0047146967560773405,0.009815825438938379
id05255,0.8365961473758411,0.014506189378236986,0.14889766324592182
id14605,0.9798980033072683,0.0036465966403191603,0.016455400052412594
id15329,0.1062202461759495,0.21582933766526585,0.6779504161587846
id06046,0.9180919257457338,0.03867326968147702,0.043234804572789214
id16548,0.07861678177809912,0.013823328243552287,0.9075598899783487
id23369,0.0588015770928209,0.04614267893218655,0.8950557439749927
id17824,0.9787911884389974,0.005226052183990472,0.015982759377012105
id17243,0.017682473101449072,0.005938726712765784,0.976378800185785
id13185,0.020936078197601328,0.9774576503174554,0.001606271484943345
id27091,0.9577547159678738,0.02270858793287087,0.01953669609925535
id21817,0.022082340503886244,0.005906458608326241,0.9720112008877875
id21912,0.9524053786231873,0.03659179700618798,0.011002824370624805
id24163,0.032733308742256814,0.05247606687582848,0.9147906243819148
id12484,0.005898284338372254,0.005077799469049967,0.9890239161925778
id15799,0.8599352197290774,0.012624169981427768,0.1274406102894948
id22315,0.009528769089430896,0.9798403615929001,0.010630869317668908
id02608,0.054428165467722965,0.936877081897434,0.00869475263484295
id10057,0.9827772703795875,0.012644983521689012,0.004577746098723417
id01709,0.9868467594831187,0.004207301872032227,0.008945938644849155
id11153,0.006060153875641074,0.9899783495083759,0.003961496615983042
id25154,0.15032827512054833,0.7458627386164788,0.10380898626297286
id18207,0.0040157668974012154,0.9931821857061565,0.0028020473964422707
id03370,0.024702439405360682,0.9636811870166634,0.011616373577976008
id26760,0.8334176433372804,0.05789652541444886,0.10868583124827073
id15099,0.9655085441724712,0.008693882140560355,0.02579757368696832
id16341,0.01083591722636801,0.010389864914925568,0.9787742178587066
id15572,0.9144363786635878,0.011099491941162113,0.07446412939525014
id24901,0.9959201807333248,0.0015030400245252017,0.0025767792421500313
id04528,0.9349250989681842,0.0379644102487099,0.02711049078310579
id26507,0.017770710419115116,0.005630884287712762,0.9765984052931721
id26687,0.9771226799584138,0.01285184885635798,0.010025471185228218
id27819,0.06075021091273569,0.06037200866984181,0.8788777804174225
id17610,0.01147432212075926,0.9826793656283446,0.005846312250896028
id03373,0.40927407993076537,0.46080638769725096,0.12991953237198384
id05881,0.06996173418420551,0.006791155376824884,0.9232471104389697
id15875,0.023299288649926503,0.05988487617709291,0.9168158351729805
id18400,0.9282441213710423,0.06106077628795086,0.010695102341006823
id23596,0.06486221920955458,0.046625692076106125,0.8885120887143393
id07006,0.0028659864204839485,0.995482449801965,0.001651563777551001
id25134,0.012160406577162716,0.9849005524788514,0.0029390409439858096
id17393,0.9945455882604732,0.002885718057296768,0.0025686936822301013
id20155,0.16918071988273925,0.8232355061403229,0.007583773976937926
id09536,0.004726637657625606,0.9916338448255795,0.003639517516794843
id09155,0.19923359875234062,0.77204819852795,0.028718202719709377
id26482,0.9920538230664795,0.0032121109886979215,0.004734065944822555
id17001,0.016013923867489274,0.9591737821625312,0.02481229396997943
id08134,0.8510856573009659,0.013168419305972685,0.13574592339306146
id10174,0.9651966419455601,0.01676463134128369,0.018038726713156112
id04760,0.9077883496016724,0.017106023828646847,0.07510562656968062
id04941,0.9942755616851107,0.0030134054948609706,0.0027110328200283538
id01339,0.9524002946994476,0.032913814737057824,0.014685890563494468
id24710,0.5380796475068057,0.04141094486232108,0.42050940763087336
id20408,0.9525830948447426,0.011267770355935293,0.03614913479932208
id04028,0.03303133049142901,0.09474826137934081,0.8722204081292303
id07153,0.04479207041812855,0.02734537964079071,0.9278625499410806
id20098,0.009853507781718653,0.9859442981508708,0.004202194067410442
id24146,0.28904938196862484,0.028523050610237785,0.6824275674211374
id06276,0.14132709872227248,0.02506298061740789,0.8336099206603197
id18978,0.048617543629491576,0.9139742905876674,0.03740816578284092
id04247,0.4409069845967361,0.5048458598577841,0.054247155545479944
id02020,0.005739826882687775,0.9910188153346197,0.0032413577826925586
id14299,0.005838920232950054,0.00370906466914603,0.9904520150979039
id27255,0.7547709896658158,0.22099665959372894,0.024232350740455377
id05751,0.006879965481787118,0.005541068601055797,0.987578965917157
id09428,0.9904004427865938,0.0024747580728535466,0.007124799140552602
id06941,0.9473094562320269,0.04487332510092523,0.007817218667047742
id25678,0.005329999982487507,0.0026556782794090942,0.9920143217381033
id27425,0.9838016652613883,0.00794348220488927,0.008254852533722356
id12619,0.19228677683732898,0.7825186195012299,0.025194603661441037
id00530,0.00679355214208046,0.007372763685125247,0.9858336841727943
id14683,0.9878440899871872,0.00781726681528787,0.004338643197525017
id14618,0.003028782710852037,0.9946464363470164,0.0023247809421315124
id07599,0.991444549503978,0.004174441406322469,0.0043810090896994015
id02786,0.9495162456224593,0.03460409487624933,0.01587965950129139
id21563,0.9765073514440197,0.013870881790076945,0.00962176676590346
id26412,0.006655649199176294,0.005981967000625866,0.9873623838001979
id18320,0.6016741889686805,0.07978961911805782,0.3185361919132616
id02043,0.8354599085565743,0.030037766276649554,0.13450232516677632
id03179,0.4404657589911176,0.5447856126885737,0.014748628320308705
id17256,0.004956236008637924,0.9924748735833838,0.002568890407978186
id07435,0.008564262239968024,0.019190502512497702,0.9722452352475341
id17659,0.3484615782825197,0.06850031220327103,0.5830381095142092
id06828,0.009551245561977258,0.983867769140769,0.006580985297253689
id18636,0.034744015514983954,0.022955736110149203,0.9423002483748669
id05216,0.9844491015316745,0.0021891850908337908,0.013361713377491612
id23156,0.5977704682971121,0.20173219469090467,0.20049733701198333
id23861,0.9812786044522314,0.011698812623411372,0.007022582924357298
id21416,0.03553050858814599,0.009235662391061767,0.9552338290207922
id02763,0.9652177122733062,0.009207954662932933,0.025574333063760824
id12625,0.01017093418292478,0.052537641791304414,0.9372914240257708
id08033,0.21149375811191093,0.03568892296942952,0.7528173189186596
id24105,0.2921532819608619,0.6690509849934156,0.03879573304572248
id09295,0.9745016911129019,0.001520307970501065,0.023978000916596933
id22062,0.23746423357821886,0.7437775304819298,0.018758235939851323
id21044,0.9797772684743076,0.0018874239644511223,0.01833530756124132
id17419,0.6943147518028289,0.019341681883957206,0.28634356631321395
id10969,0.9957202189615424,0.0019206698397571283,0.0023591111987005787
id23066,0.08517633970449887,0.26189671812498705,0.6529269421705141
id25667,0.9773517109189781,0.00844881184411837,0.014199477236903452
id14534,0.9587872157622078,0.016703312716636505,0.024509471521155818
id26645,0.19719939815061643,0.7743561047281865,0.028444497121197145
id03965,0.021345259370916487,0.03170119870696612,0.9469535419221173
id25956,0.9902745258293525,0.00413006453820771,0.005595409632439752
id23707,0.9943793822635325,0.002938219122778358,0.0026823986136892213
id18026,0.9297061716467182,0.037478794772073866,0.03281503358120795
id10767,0.014067596272136294,0.9618862385684339,0.02404616515942974
id18802,0.22252065565562232,0.7683646339097987,0.009114710434579058
id02940,0.0791238786709593,0.8784496639465317,0.04242645738250909
id13403,0.9459739708034453,0.05043356100102451,0.0035924681955301027
id10201,0.0029813513668170964,0.9956089845233758,0.0014096641098071715
id15333,0.08122932079555746,0.019549499482333428,0.8992211797221091
id25619,0.04400611967208345,0.018906203231505908,0.9370876770964106
id18506,0.0027503664755168826,0.9948879203974441,0.002361713127039076
id09835,0.0026901115493228062,0.9953124086973262,0.001997479753351035
id14828,0.3967487280510826,0.11805940859236963,0.4851918633565479
id26816,0.008950570950622433,0.9716588621044935,0.019390566944883975
id26134,0.013233397321165491,0.9849532219286573,0.001813380750177232
id25064,0.7771771486139535,0.02045673088585995,0.2023661205001866
id14254,0.9179845532776439,0.041033883630114835,0.04098156309224121
id09352,0.08294212477020291,0.09014013884209161,0.8269177363877055
id21495,0.9528477275458107,0.03697787747981582,0.010174394974373347
id15349,0.007697727391779198,0.017561128864918042,0.9747411437433028
id06759,0.015435978989141046,0.9801057036721654,0.004458317338693451
id20876,0.9493599459599412,0.0051987597293690424,0.045441294310689856
id14644,0.05199275838863213,0.9220381460345128,0.025969095576854985
id16927,0.006732502076692875,0.015077707848455505,0.9781897900748516
id00417,0.013088392210804612,0.945659232318255,0.04125237547094043
id18892,0.03808470008401911,0.039074477534304916,0.9228408223816761
id17500,0.012134981848124305,0.9844206967450025,0.0034443214068730953
id17676,0.04193931999705444,0.9258202747428061,0.032240405260139424
id03378,0.9967703985491604,0.0015489830048400855,0.001680618445999422
id26891,0.8646767460984924,0.015052426023883873,0.12027082787762376
id15609,0.970570573944698,0.02479717303343863,0.004632253021863324
id11270,0.8302913929396964,0.018388898585567418,0.15131970847473622
id01141,0.03637374085801427,0.035945512095364625,0.9276807470466211
id18738,0.11519303953560264,0.018818125299592533,0.8659888351648048
id23964,0.018040249009239527,0.16158056975200147,0.820379181238759
id08032,0.07839366694767069,0.015050374791573186,0.9065559582607561
id10410,0.018050781091627135,0.028292882279499217,0.9536563366288735
id15738,0.9593845543732646,0.01603765495617922,0.024577790670556324
id22293,0.12757015538077207,0.00566201365936074,0.8667678309598672
id23174,0.9693895472180085,0.024005832486114608,0.006604620295876924
id13041,0.01346137178141969,0.8397324995140092,0.1468061287045713
id18377,0.19431573802528276,0.033131002743184576,0.7725532592315326
id24269,0.006673336859834108,0.9806346372893084,0.01269202585085747
id19445,0.07784124806053368,0.6867820918909299,0.23537666004853636
id16449,0.027838021995440745,0.9234964575619522,0.04866552044260711
id11857,0.06905305877325839,0.028270085350188396,0.9026768558765533
id14929,0.018944719320260893,0.9614774631256673,0.01957781755407169
id16029,0.17202154995572624,0.35432710037983506,0.4736513496644387
id09091,0.9803558149464128,0.0027160655721936216,0.016928119481393576
id14431,0.0036706202122916334,0.9932188426791734,0.0031105371085350915
id15857,0.0893427883866006,0.8196965645648968,0.09096064704850272
id26177,0.018123376824681178,0.011785974610499851,0.9700906485648189
id07001,0.020691178136656586,0.31904785378658884,0.6602609680767545
id00626,0.04546866618646406,0.004390219839689596,0.9501411139738463
id25160,0.39007416785582794,0.41381307407363616,0.19611275807053577
id21474,0.014597367475314205,0.0032847015522806345,0.9821179309724051
id03155,0.9963872405579449,0.0016440710548109867,0.001968688387244179
id11858,0.005366914705230371,0.010020160686317035,0.9846129246084526
id12413,0.08946473753919867,0.9089368225484923,0.0015984399123089316
id25656,0.004227493248942708,0.9930318149618128,0.002740691789244472
id24322,0.9249027868534714,0.04243381856416457,0.03266339458236391
id20603,0.9132620756618554,0.02178180885948755,0.06495611547865715
id06878,0.9264883476370651,0.06512152830574051,0.008390124057194356
id03535,0.975632607444321,0.009780336163658773,0.014587056392020226
id11831,0.29550695067092336,0.008355679785614354,0.6961373695434623
id24685,0.9503415002177324,0.015015958276370941,0.034642541505896636
id10426,0.06523754235833813,0.05927392359935929,0.8754885340423025
id09024,0.010003981793506376,0.9869300071195445,0.003066011086949252
id09728,0.0674422140892279,0.011737655136826921,0.9208201307739452
id01065,0.005924885028501036,0.9861047328704571,0.007970382101041795
id14005,0.9482499997552666,0.021488109208668088,0.030261891036065327
id18534,0.029911149797387095,0.026883493672403596,0.9432053565302093
id19862,0.40169720990540575,0.06626519605599604,0.5320375940385982
id14707,0.9842432590012142,0.007515406772766345,0.008241334226019319
id02248,0.0027858885569093396,0.9889731117763313,0.008240999666759499
id20494,0.046253324378586834,0.06487804081908391,0.8888686348023292
id27072,0.9916779516791655,0.006318940050790306,0.0020031082700442296
id20587,0.937550818928894,0.05784368367679053,0.004605497394315322
id24134,0.06301693920630297,0.04796005878349952,0.8890230020101976
id22696,0.1507320557907679,0.024912890120492488,0.8243550540887395
id23757,0.9343103359588508,0.011993765313290477,0.05369589872785879
id18828,0.8481782213417415,0.12696611425951074,0.024855664398747774
id14040,0.06091111571271578,0.006020920521653676,0.9330679637656306
id09385,0.9707048954264993,0.006170844196362032,0.023124260377138703
id16005,0.0024530143737071684,0.9952566886791784,0.002290296947114471
id12467,0.16812738426328971,0.42194824246462515,0.40992437327208503
id16209,0.9554840166443924,0.013343473900395197,0.031172509455212456
id01621,0.0073699111381673055,0.9897341507704259,0.0028959380914068984
id18081,0.03323167494978176,0.019676105870111083,0.9470922191801071
id06667,0.016087316030152746,0.0047211913194167,0.9791914926504305
id07436,0.011027808867002794,0.012227087352490772,0.9767451037805065
id19498,0.04557317418370156,0.946357953555707,0.008068872260591525
id12123,0.9701354028462198,0.024403991413918146,0.005460605739862033
id17082,0.9168810860467651,0.021835105075447163,0.06128380887778762
id00313,0.008041953284721173,0.970312254503568,0.021645792211710934
id14281,0.03117622710973041,0.11530506207753505,0.8535187108127344
id14755,0.1686949578237249,0.02624752757142684,0.8050575146048483
id17484,0.9199331583032365,0.029734367543009278,0.050332474153754275
id00111,0.002775767571455688,0.995801923264737,0.001422309163807265
id16542,0.03535935092212086,0.044743129777235054,0.919897519300644
id00458,0.09120769530246428,0.018972657794028062,0.8898196469035078
id07682,0.023893358455252964,0.9721815829169301,0.003925058627816844
id02041,0.10619825293881706,0.7398229979532673,0.15397874910791565
id26070,0.749589341455147,0.008809884297420347,0.24160077424743254
id05271,0.9775737321461626,0.013384268987385444,0.009041998866452027
id18107,0.7318514958019647,0.06961959317377246,0.19852891102426287
id01170,0.05257079834038485,0.1438810347088561,0.803548166950759
id23464,0.15631285696529937,0.8072172038106603,0.03646993922404025
id03879,0.15448415882026428,0.7882017524804661,0.05731408869926956
id22473,0.004375272188221121,0.9917354107541805,0.0038893170575983946
id20937,0.9735322232591223,0.0117402803412476,0.014727496399630278
id16239,0.02390749389249282,0.9271561188661972,0.048936387241309866
id02348,0.9540238615752735,0.009270503990359308,0.03670563443436712
id19796,0.9956428928503657,0.0017064556594409129,0.0026506514901933516
id06531,0.01976650076076941,0.01503842359810971,0.965195075641121
id02641,0.15656937014821604,0.824589588075884,0.01884104177589996
id01332,0.6879487597103812,0.011596686182659443,0.3004545541069593
id24038,0.029376603404584548,0.9396852069849757,0.030938189610439867
id23699,0.8252464672123888,0.013048092927632485,0.16170543985997862
id07294,0.7915241810398892,0.1899868503499839,0.018488968610126815
id00319,0.9711244531674873,0.020670698917835295,0.008204847914677585
id05699,0.9132602223601639,0.07693284322232763,0.009806934417508366
id18863,0.967499528260233,0.013992636135255511,0.018507835604511597
id07745,0.06384775939922507,0.036509949039979145,0.8996422915607959
id02157,0.01753889773887783,0.9736977361956088,0.008763366065513466
id00525,0.19945201888339156,0.15464284463247635,0.6459051364841322
id14740,0.948280845978025,0.00964324566582569,0.042075908356149355
id01420,0.006724206185895716,0.9907709987255261,0.0025047950885782205
id17725,0.9932323858212732,0.0017330359400921486,0.005034578238634771
id07807,0.2343955560098341,0.7255872243272663,0.04001721966289948
id11676,0.008428543085936697,0.9819599813312648,0.009611475582798446
id06720,0.011302818929766072,0.003162217765144438,0.9855349633050895
id08048,0.007741421146806893,0.020589595235832966,0.9716689836173601
id04185,0.07455342282450099,0.015664898027854965,0.9097816791476441
id02077,0.8666718946510555,0.024040288003162307,0.10928781734578229
id12968,0.028790549089330614,0.025715358020032754,0.9454940928906366
id01945,0.8957811373796241,0.040043404803464695,0.06417545781691128
id06446,0.7946075634239508,0.18831230202468296,0.01708013455136628
id01072,0.98783166208495,0.006547970875615387,0.005620367039434725
id15124,0.8153636757348944,0.015967031135185345,0.16866929312992032
id14173,0.004771418158350146,0.993650932125976,0.0015776497156736883
id27559,0.031434555958078786,0.006526432760636746,0.9620390112812844
id13722,0.9408965048355192,0.034451914213384775,0.024651580951096094
id09310,0.918192725132766,0.01639939746443107,0.06540787740280309
id23024,0.9845027049056297,0.010070619759384144,0.005426675334986228
id24332,0.03769803971672991,0.9468853932266381,0.015416567056631962
id07699,0.8910230655766946,0.028286122001268257,0.0806908124220372
id06837,0.028913611155197753,0.9614469244543921,0.009639464390410241
id07279,0.9813266066287565,0.0034111911549299977,0.01526220221631353
id16451,0.21011701542267422,0.030576731258300786,0.759306253319025
id17588,0.005196995071981181,0.9424920790225596,0.05231092590545927
id07018,0.9840100896291454,0.004335746319371787,0.011654164051482915
id12994,0.7747055345150471,0.0888550741456595,0.1364393913392935
id03703,0.8863590598776295,0.02543664939855948,0.08820429072381084
id01753,0.9467412086957261,0.01904391499863638,0.03421487630563752
id02866,0.03495411097440341,0.008226692814868751,0.9568191962107279
id21884,0.0018718995251129525,0.9967476195638265,0.0013804809110604965
id27543,0.11496579904081838,0.013439170937783683,0.8715950300213979
id22149,0.047858381035718156,0.3908710653347887,0.5612705536294932
id14595,0.9814491141005527,0.013346450474406565,0.005204435425040699
id12383,0.6915262313958328,0.28921902759893264,0.01925474100523453
id27714,0.9837339297395599,0.007589618225380487,0.008676452035059713
id17634,0.9638209825213272,0.023112537535269137,0.013066479943403611
id15906,0.004443424686358346,0.0035481000717327055,0.9920084752419089
id09047,0.008977763438943902,0.004230616321712847,0.9867916202393433
id02059,0.9158933242574725,0.04317594830197635,0.04093072744055103
id19107,0.9709554702364328,0.013933848387183975,0.015110681376383253
id02385,0.05300630148537639,0.009780420667129787,0.9372132778474939
id21312,0.9921182983278014,0.004312573371782802,0.0035691283004158853
id02215,0.014762062663519447,0.9800744306318581,0.00516350670462263
id08928,0.13485918566430757,0.7082494592615685,0.15689135507412405
id07099,0.9865503350763372,0.0031804358696374472,0.010269229054025464
id01935,0.9404304573635677,0.04613707537268697,0.013432467263745423
id24757,0.13300659220721092,0.8477463608293367,0.019247046963452433
id01848,0.061420624155944466,0.020763591749648293,0.9178157840944072
id06224,0.9941368993375297,0.002842001667313315,0.003021098995157019
id15539,0.05431168254763462,0.8225354746993992,0.12315284275296613
id22907,0.012043052831585122,0.9805373978028256,0.00741954936558936
id12713,0.9927981915334206,0.0022730028695336305,0.004928805597045692
id15521,0.06364290747385565,0.09258625427623322,0.8437708382499112
id25539,0.9547365799468209,0.01655466615808468,0.028708753895094287
id23370,0.005775053543345214,0.008227742150981128,0.9859972043056737
id15868,0.7873243484163874,0.04417801710211345,0.16849763448149904
id17808,0.0230357824292537,0.01069961386723418,0.9662646037035121
id08241,0.0925746247815966,0.8876937658523274,0.019731609366075858
id27284,0.9753921931014999,0.014591051242254988,0.010016755656245071
id20707,0.9626425385584276,0.008867247221813264,0.028490214219759016
id03823,0.03072452994347493,0.9467826205549384,0.022492849501586597
id00463,0.013706839211622164,0.9688609908463987,0.017432169941979235
id07241,0.9868947358234527,0.009517242428221979,0.003588021748325236
id05702,0.005558514872174318,0.990402979076364,0.004038506051461734
id18973,0.976607582459879,0.010957393059164986,0.012435024480956158
id18662,0.9514894743441263,0.022406398504508627,0.026104127151365068
id06448,0.017708768754364904,0.05497593227495297,0.9273152989706821
id21002,0.0016098352373550924,0.9872940289070058,0.011096135855639256
id08753,0.9633057584268774,0.02753321816320983,0.00916102340991275
id27832,0.017528054666763177,0.9648377482945206,0.017634197038716333
id11341,0.3347176795943593,0.6582510900696746,0.007031230335966216
id11426,0.04459034600243926,0.1712354898941553,0.7841741641034056
id15388,0.04354475513475938,0.009263162417955707,0.947192082447285
id12801,0.9674777950770057,0.023808712471715586,0.008713492451278823
id02380,0.3769162230792247,0.01776454879766992,0.6053192281231055
id02777,0.04142996753035507,0.014466767074170543,0.9441032653954744
id05412,0.019923306826164486,0.007987044151426414,0.9720896490224091
id01303,0.977886061446193,0.00906663579369554,0.013047302760111483
id21665,0.9920942145048858,0.002978654284340754,0.004927131210773573
id12973,0.021735557104256193,0.005283961674871168,0.9729804812208727
id22046,0.987296346583523,0.002646144498156012,0.01005750891832106
id24035,0.031057652169118877,0.007462209636950677,0.9614801381939305
id15513,0.005608270548913284,0.9910424302561786,0.003349299194907996
id12302,0.19170549895930275,0.03290731251236455,0.7753871885283327
id01751,0.7007538003111276,0.08994375158314374,0.20930244810572876
id27003,0.780104749803123,0.015340206892049077,0.20455504330482782
id14689,0.0021603796544046993,0.9955593219119406,0.0022802984336545685
id11885,0.9798410496692124,0.013299105976398279,0.006859844354389381
id16558,0.9030785315810005,0.052541893958322594,0.044379574460676884
id15785,0.2100098514081468,0.778787781946558,0.011202366645295255
id25382,0.004158796387196346,0.9908921063008768,0.0049490973119268354
id19170,0.9483212774439252,0.033220966068402,0.018457756487672856
id22689,0.9827191915947757,0.013590101127807215,0.0036907072774169736
id03178,0.38441969777650403,0.5957396246152391,0.019840677608256946
id22393,0.922386472612299,0.015112267647293566,0.06250125974040746
id19215,0.1450865326657703,0.05297306308846466,0.8019404042457651
id27829,0.9102810479782347,0.02020672054169848,0.06951223148006669
id11659,0.09298277751916756,0.015086381253591638,0.8919308412272408
id25831,0.009087600733652142,0.9545384115027313,0.036373987763616535
id08781,0.9300583059566214,0.019856123202956752,0.05008557084042197
id11550,0.04919274767384284,0.942071886524712,0.008735365801445174
id25478,0.07783935753238624,0.0061171777706232455,0.9160434646969905
id09909,0.9710260483129254,0.02009143362443424,0.008882518062640414
id09009,0.01748284767634966,0.007770304220650319,0.974746848103
id12660,0.3278167080090704,0.022822344544233437,0.6493609474466961
id23033,0.25653698716825485,0.07346364843397483,0.6699993643977704
id25937,0.936122386772137,0.04347406450068186,0.02040354872718118
id10385,0.1565502163473252,0.8388854800414289,0.004564303611245951
id15288,0.01599713482211104,0.012413815670131924,0.971589049507757
id06403,0.99451224386383,0.00241051535581097,0.003077240780359169
id18342,0.009030840311931963,0.9865905553109824,0.004378604377085743
id00497,0.030962457732274653,0.015912208902996376,0.953125333364729
id12156,0.9867581013013199,0.007548519219678594,0.005693379479001443
id26825,0.9657876999251879,0.016998097535002803,0.017214202539809258
id20140,0.0762489772158353,0.012220872004295502,0.9115301507798693
id06714,0.9228148747581781,0.012664823087468972,0.0645203021543531
id06017,0.016387277957353598,0.028649838367126493,0.9549628836755198
id14841,0.9858526729655388,0.006731001494106314,0.007416325540354854
id25646,0.01777185748615814,0.0536295109421617,0.9285986315716802
id09218,0.8960553333745976,0.04956099116894516,0.05438367545645718
id21857,0.0335854272453852,0.963336955844495,0.00307761691011984
id05750,0.34193472742796815,0.02251410947267585,0.635551163099356
id10507,0.2371090086374543,0.6452810177000664,0.11760997366247943
id09696,0.01914714005038869,0.06778438219066786,0.9130684777589435
id00835,0.15319435791270997,0.8299940978534044,0.01681154423388552
id26717,0.14896144741832795,0.07152041334782226,0.7795181392338497
id17573,0.025685205631035758,0.03209230249143681,0.9422224918775275
id21144,0.29997860968648216,0.6817079917539524,0.018313398559565403
id02305,0.9941508997887274,0.0026440175662507826,0.0032050826450217545
id26035,0.21589074897389307,0.6935046893250019,0.09060456170110513
id00878,0.9919000049344014,0.0017587920771076398,0.006341202988490965
id08728,0.9205245702567031,0.025254770589062395,0.05422065915423465
id10579,0.037195357463038085,0.9468936628243653,0.015910979712596612
id10720,0.7743415648371214,0.01477627133632775,0.21088216382655098
id09163,0.004202164470840212,0.006444151331480603,0.9893536841976792
id16298,0.17901503585026587,0.817200020057773,0.003784944091961122
id05342,0.925436587493995,0.012727485094418962,0.06183592741158595
id24256,0.025412223286898267,0.04624049147802041,0.9283472852350814
id12217,0.02564358567948937,0.9585251219556459,0.015831292364864566
id06159,0.831552795458416,0.028472864512632087,0.13997434002895182
id24394,0.928742234085533,0.005784196269940225,0.06547356964452669
id20232,0.019662237250581308,0.058017790416543986,0.9223199723328748
id26856,0.9904877063593442,0.00515946267521476,0.004352830965440905
id15108,0.17188964329554166,0.4367826631360997,0.3913276935683588
id00751,0.258589818891455,0.05037182014791069,0.6910383609606344
id01784,0.982240544198007,0.009316228355246101,0.008443227446747012
id26419,0.7759793170807102,0.043041060147126206,0.18097962277216345
id23877,0.11273390233351104,0.8654655664397402,0.02180053122674879
id05019,0.984252382209827,0.004465812672356683,0.011281805117816193
id23003,0.016132781653796353,0.006642686444716099,0.9772245319014875
id22153,0.04441177693054988,0.8979174373643765,0.05767078570507356
id19726,0.005887449680635598,0.9876806651444174,0.006431885174946955
id19033,0.9781177087167745,0.0044624955928713635,0.01741979569035407
id00534,0.010594519434485462,0.008942462702936966,0.9804630178625777
id07030,0.9438640251195021,0.012373131305055686,0.04376284357544224
id08281,0.1612083679059362,0.5502046523872913,0.28858697970677244
id00366,0.3648161231785808,0.6131658185751727,0.022018058246246443
id25446,0.2892698054754562,0.508470610841562,0.20225958368298175
id25008,0.9920926802884436,0.0018503376730808938,0.006056982038475701
id24142,0.005688572406759501,0.9929783042560307,0.0013331233372097433
id25331,0.005716450946915365,0.008087739288045563,0.9861958097650392
id16549,0.05418500190809319,0.021082477156660357,0.9247325209352464
id12120,0.036503994004109294,0.9578599399414235,0.00563606605446715
id07518,0.012836493068538693,0.9616658733781583,0.025497633553302885
id24749,0.10059423473688692,0.05976075361851175,0.8396450116446015
id23132,0.9219071175997275,0.032761570944948665,0.04533131145532389
id05946,0.04674061312877626,0.03872990532543444,0.9145294815457892
id07427,0.9717592361820215,0.0024053756880867885,0.02583538812989177
id14601,0.002325087684475689,0.995622446442066,0.00205246587345833
id26504,0.006065335066488267,0.006653036147759933,0.9872816287857517
id27199,0.9652857498341326,0.010218275694618292,0.024495974471248978
id09610,0.8304373729137646,0.0867349537926928,0.0828276732935427
id02071,0.972642409620392,0.024438223906658355,0.002919366472949623
id24431,0.9157025559067884,0.013264228464314362,0.07103321562889725
id20756,0.08911068900890692,0.20010654933501465,0.7107827616560786
id06525,0.9063771314320954,0.02076851897150599,0.07285434959639848
id11646,0.9943829904335979,0.002288030669298334,0.0033289788971036295
id26808,0.8919249537932938,0.05266073868041713,0.055414307526289126
id15122,0.9680942118075109,0.014965405646263828,0.01694038254622536
id26052,0.01399671926522806,0.015074905916670536,0.9709283748181013
id06693,0.976716646008766,0.009144928282569407,0.014138425708664734
id13520,0.9940052859542183,0.002192111268695559,0.003802602777086203
id04381,0.9427851536170233,0.0030232279969321825,0.054191618386044416
id23315,0.14427888988142007,0.1202277211394913,0.7354933889790887
id15685,0.9587342936568725,0.03109533923613821,0.010170367106989363
id12974,0.020584565721036317,0.021974997389957868,0.9574404368890057
id22302,0.9079967654699097,0.07321451640020606,0.0187887181298843
id04848,0.9379167649437121,0.03321020567801586,0.02887302937827198
id05104,0.003776862357359466,0.005942976721607324,0.9902801609210332
id17169,0.0063171230532948555,0.9782114956296416,0.015471381317063668
id12736,0.03748478247980623,0.9485551624508037,0.013960055069390187
id24659,0.9593495748780275,0.010546650787691755,0.030103774334280596
id24829,0.953980396084035,0.034688744317833614,0.011330859598131392
id04164,0.026406019780556424,0.9666026875035758,0.006991292715867664
id17795,0.22342931005293623,0.04808457424300136,0.7284861157040624
id09104,0.040884215328602036,0.9447163447914502,0.014399439879947804
id07833,0.027150527987818494,0.06349213897121954,0.9093573330409619
id16733,0.9244861415362029,0.06044954129068622,0.015064317173110924
id18630,0.09742445007086704,0.005810887308767258,0.8967646626203658
id16064,0.004247337436444866,0.005417388449538138,0.9903352741140169
id00561,0.005847117564338157,0.9915313170664662,0.002621565369195517
id16627,0.9693605236725577,0.01157431162785728,0.019065164699585045
id02162,0.9653511394003425,0.02776713783013208,0.006881722769525445
id16092,0.23306027452996206,0.6837132060291982,0.08322651944083984
id10710,0.0056288905134038265,0.9855350235958019,0.008836085890794064
id18885,0.30270527927332636,0.09125417112197876,0.606040549604695
id10689,0.005256998734612614,0.004711806343266358,0.9900311949221209
id00486,0.02693523164504874,0.9057609704421651,0.06730379791278625
id02370,0.9766515459394762,0.0144651641144192,0.00888328994610461
id22279,0.9877136782468865,0.004252695551155534,0.008033626201958136
id16068,0.7735776291277362,0.012280342345951774,0.21414202852631198
id04053,0.00803820956409939,0.0031666852927634695,0.9887951051431372
id09228,0.9951018594515361,0.0015461845175676967,0.0033519560308962705
id04227,0.019429713943113606,0.9314827809327988,0.049087505124087605
id13578,0.9622723924989016,0.019238405910362598,0.018489201590735718
id18744,0.012709255266550873,0.0592674717894768,0.9280232729439722
id22966,0.008773879738057521,0.013374944709106804,0.9778511755528356
id02979,0.94725174598228,0.03722938237234371,0.015518871645376374
id26203,0.9783001414659293,0.015313256283637978,0.006386602250432668
id21184,0.9806247078223025,0.0037314033084030443,0.01564388886929428
id19201,0.9830714800156795,0.0027450528274769645,0.014183467156843673
id20340,0.0030262058572373836,0.994663152782505,0.002310641360257806
id00692,0.014794787460387064,0.037980049523354514,0.9472251630162584
id17757,0.07059859715776318,0.008005234613779052,0.9213961682284578
id22771,0.02157673469212916,0.006761704187220352,0.9716615611206504
id10753,0.047962021108825,0.9473026191064406,0.004735359784734438
id11899,0.9567508161438226,0.008698634364250361,0.034550549491926916
id20961,0.9646967959773429,0.02345004390427186,0.011853160118385345
id06095,0.39500803697895787,0.5887675349754968,0.016224428045545303
id23625,0.9635069839455236,0.023299864399293196,0.0131931516551833
id03942,0.9710894268762346,0.019135261329613084,0.009775311794152199
id19591,0.0349332315638998,0.6171873280314826,0.3478794404046176
id19732,0.9562611128405217,0.003631122977314225,0.040107764182164087
id24912,0.0025415992166526774,0.9894845601697002,0.007973840613646971
id15060,0.9884812225778757,0.006038514289216585,0.0054802631329075955
id08018,0.045042217951846014,0.936640230904701,0.018317551143452886
id02851,0.9869487241848913,0.008342070335993672,0.004709205479115115
id02327,0.07488153935279006,0.47945408858380584,0.4456643720634042
id22631,0.9718086329178737,0.016200477485534326,0.011990889596591952
id22240,0.9422129764892629,0.044047353828526384,0.013739669682210569
id05114,0.526683698106467,0.018307187623745242,0.45500911426978774
id14979,0.016906924647543637,0.9803752157576469,0.002717859594809567
id25837,0.01969779405157228,0.976009916872341,0.004292289076086938
id17457,0.8087194543060953,0.013070834504496667,0.178209711189408
id23050,0.008716978318772554,0.004914805484738495,0.9863682161964891
id06461,0.905144788261054,0.0059572468385500465,0.08889796490039596
id03154,0.9558794062026792,0.01453176700675931,0.02958882679056135
id20285,0.9642232782845628,0.0020227793384399347,0.03375394237699734
id23166,0.002092787661333144,0.9965736463076721,0.0013335660309948833
id11496,0.5980397436936414,0.3834793908412266,0.018480865465131915
id09569,0.9526280542948573,0.03496286738292987,0.012409078322212727
id11193,0.9329736874448753,0.04168551638339048,0.025340796171734233
id26696,0.9754805436417874,0.01608016553210254,0.008439290826110103
id15363,0.00875960315573233,0.9894901514297871,0.0017502454144804457
id13046,0.23265931133165949,0.5655007021699084,0.20183998649843196
id17653,0.035646940242372714,0.9621118465436134,0.002241213214013973
id18812,0.00936120872223585,0.004941193133591769,0.9856975981441723
id23232,0.0016953265813474767,0.995235050217374,0.0030696232012784428
id05290,0.10333777946064734,0.6186824598467495,0.2779797606926031
id10667,0.9808242054041498,0.008025379971358809,0.011150414624491477
id15546,0.005871326762526256,0.004285657256374185,0.9898430159810997
id05862,0.2506023437973676,0.03284985235111502,0.7165478038515173
id06225,0.02330520101437673,0.05280921285517837,0.9238855861304449
id17617,0.06528079176678155,0.014217556576927515,0.9205016516562909
id00814,0.013153512261105563,0.015153471453505105,0.9716930162853894
id18898,0.016936282082239386,0.02110639812353894,0.9619573197942218
id19395,0.0019409952447245365,0.9921009527120762,0.005958052043199307
id19520,0.027228215195339182,0.9520584455155409,0.020713339289119864
id27501,0.09010734804138502,0.09286784253193903,0.817024809426676
id06327,0.052628245759217276,0.03532498870334754,0.9120467655374352
id00330,0.005687292815457884,0.9854030559707657,0.00890965121377643
id03792,0.8922397653338486,0.05692068209299176,0.05083955257315972
id09320,0.9592085038031792,0.012607491450335065,0.028184004746485653
id04678,0.011961459594719762,0.02692214147848481,0.9611163989267955
id11663,0.9707319340153905,0.008218471988925344,0.021049593995684287
id24945,0.013326665209552582,0.007995137136154776,0.9786781976542926
id03046,0.005563002633737463,0.9856218987115664,0.008815098654696249
id20236,0.684600836649461,0.06136962510521305,0.25402953824532604
id07869,0.7512777344246688,0.025776924763136838,0.22294534081219447
id08152,0.005359928566415714,0.006178534605233947,0.9884615368283504
id02910,0.012056154270524417,0.9766005422226801,0.01134330350679563
id26837,0.024498601497350846,0.9566219469680564,0.01887945153459291
id24188,0.006202283612895525,0.9600842609115853,0.03371345547551921
id08748,0.035953768726557,0.8193541020613397,0.1446921292121033
id18608,0.22523412032319357,0.7275890471458668,0.04717683253093959
id18773,0.9357463853781741,0.007702644122016342,0.05655097049980941
id21822,0.9944116988103707,0.0025676353149079126,0.003020665874721271
id09721,0.21340332254265332,0.06315793575278902,0.7234387417045577
id23152,0.9785959663670767,0.002680442722799714,0.018723590910123673
id02249,0.0015964029157523592,0.9970917730951185,0.001311823989128953
id14065,0.9439411681166922,0.03435498319081328,0.021703848692494674
id01598,0.07425998378285446,0.028035892978240648,0.8977041232389049
id06294,0.007127991855079087,0.006233906174521522,0.9866381019703995
id19196,0.9931422913644318,0.003401750817775052,0.0034559578177931114
id06846,0.5902639201071823,0.3596890863545563,0.05004699353826136
id02239,0.00637269126421168,0.004379581535438374,0.98924772720035
id20363,0.005804494480101173,0.002594327364514619,0.9916011781553841
id14986,0.033586723826881854,0.9503684069969779,0.016044869176140134
id25864,0.01192954661331957,0.04482730505299729,0.9432431483336831
id22272,0.6958090825774085,0.009532198880845964,0.2946587185417455
id06212,0.11534859937428892,0.10435220721465234,0.7802991934110588
id15497,0.12494962447063378,0.8609287418718925,0.014121633657473837
id12206,0.003558877746765684,0.00268763763720293,0.9937534846160314
id03109,0.2472940647243812,0.7250407477299715,0.02766518754564737
id00812,0.025337846737915573,0.008934207950152952,0.9657279453119314
id04837,0.3853763470158164,0.5634325192798858,0.051191133704297835
id14518,0.9624312979589421,0.030911595233934854,0.006657106807122909
id18095,0.032369777338629196,0.9489512715893628,0.018678951072008093
id15831,0.024558559730467933,0.9606104889755712,0.014830951293960913
id12558,0.08822189838674306,0.8829105031430456,0.0288675984702113
id27858,0.9747749554736374,0.009043346713342832,0.016181697813019733
id24074,0.9206989140821584,0.041809218837317634,0.03749186708052391
id23039,0.9695544363211648,0.0034512215655487697,0.026994342113286444
id23415,0.002191662028772287,0.9963110904298715,0.001497247541356295
id00613,0.011457959613314262,0.004550504147629909,0.9839915362390558
id11373,0.043094455627361916,0.00854444822904579,0.9483610961435923
id00493,0.006083455646690881,0.9727680284262149,0.021148515927094276
id20781,0.028973233176248867,0.9286616228865539,0.04236514393719715
id16367,0.9756763420074588,0.019686935113300868,0.0046367228792403925
id09831,0.0075407162225714286,0.9875817882902087,0.0048774954872197965
id08016,0.009303490545393917,0.9742673327331879,0.016429176721418207
id02860,0.02984261849566407,0.9204273497771652,0.049730031727170776
id02382,0.12616211205874836,0.4036994225425128,0.47013846539873894
id06900,0.7178990381922419,0.04733715398973261,0.23476380781802544
id26499,0.9906957008606111,0.0015540418987548177,0.007750257240634168
id21696,0.05195692298033791,0.08965680442050233,0.8583862725991598
id21364,0.023506262676303492,0.9687025291530869,0.007791208170609684
id02752,0.12281915348265625,0.006436195673167039,0.8707446508441767
id02765,0.9476026160088876,0.0037918158620107874,0.048605568129101676
id10307,0.8248731295684597,0.010923174907563395,0.16420369552397698
id26542,0.06125768820681751,0.012164396978029833,0.9265779148151526
id05416,0.9247416164453798,0.01425273938477275,0.06100564416984747
id03671,0.002523457474394366,0.9940899919678579,0.0033865505577478972
id03740,0.005950710522775214,0.9916081051332527,0.002441184343972199
id25818,0.9561620760094669,0.011949300981109714,0.03188862300942346
id23290,0.9929059555816899,0.0019524304064069283,0.005141614011903186
id13438,0.01345985710847301,0.006506512703480759,0.9800336301880462
id15502,0.8816175836703725,0.008649326363767407,0.10973308996586013
id18946,0.8093454449115077,0.03843365264923611,0.1522209024392561
id26357,0.012560227989050567,0.4614351121476626,0.5260046598632868
id13701,0.9755536482748133,0.013714509618188039,0.010731842106998596
id20217,0.008317823556336543,0.982623962228787,0.009058214214876417
id12716,0.029591757662336734,0.9337289506085417,0.03667929172912166
id03995,0.006506542465145936,0.9886463852865657,0.004847072248288314
id16808,0.9900169908622495,0.003212608610331696,0.006770400527418717
id11082,0.9790431765533516,0.006955063653239391,0.014001759793409016
id06832,0.01932296597840094,0.007417928576171194,0.9732591054454279
id11655,0.07894649874635429,0.9011777505276217,0.019875750726023985
id12727,0.7446914783790831,0.05086782928927687,0.20444069233163997
id14495,0.049122979241035376,0.007996280153147552,0.942880740605817
id15414,0.9091938024589682,0.024748901125715213,0.06605729641531663
id03844,0.4354780134073245,0.21095993243656377,0.3535620541561118
id22810,0.042285625414302926,0.06626681066896586,0.8914475639167312
id05794,0.004012338196809856,0.9934596160741765,0.002528045729013573
id01611,0.032642517266042934,0.005339666666404391,0.9620178160675528
id11150,0.6618157082445798,0.28129175112813654,0.05689254062728378
id27616,0.7597479085959676,0.033800441793177746,0.20645164961085455
id09738,0.951020822627456,0.031868446906366914,0.017110730466177143
id23766,0.30644483048822907,0.6757573546612191,0.017797814850551697
id06124,0.03232409073823553,0.07031972616981093,0.8973561830919534
id00926,0.9863373976357385,0.010629837111237021,0.003032765253024461
id11991,0.01026174361604112,0.010645042937754336,0.9790932134462045
id22681,0.9524830276222255,0.04056167097172753,0.006955301406047051
id00979,0.11226757067140852,0.8746224116059115,0.013110017722679938
id26300,0.1326291356489101,0.016894431077277516,0.8504764332738124
id15518,0.42124017904965105,0.01629387704087055,0.5624659439094786
id26839,0.969479367190812,0.011565288228850883,0.018955344580337125
id16154,0.9699910231890471,0.008116226350969077,0.021892750459983883
id12877,0.9380032863521053,0.007330533102248973,0.05466618054564564
id02816,0.0069088557330901764,0.9917032431340471,0.0013879011328626724
id13400,0.020005059633616748,0.004746137129401055,0.9752488032369823
id14369,0.154520183944801,0.7174268534719246,0.12805296258327448
id04073,0.9337443878406085,0.052443036311561234,0.013812575847830232
id04639,0.0025772378905895474,0.9264667729341374,0.070955989175273
id09970,0.16864734867294026,0.04007597221553335,0.7912766791115263
id23994,0.9509637495289518,0.03984427857508688,0.009191971895961387
id24728,0.00696256037041416,0.990487199120643,0.0025502405089428367
id11539,0.9460712728155498,0.02583208582120025,0.028096641363249825
id18368,0.024419578629684316,0.027098451457313506,0.9484819699130023
id07722,0.8315333948648861,0.015958850879331517,0.15250775425578253
id10355,0.14695708896125556,0.8265672936962687,0.026475617342475843
id02842,0.9731168600194887,0.01867936595186914,0.008203774028642034
id02826,0.9836005780915817,0.012459295846982474,0.003940126061435733
id14517,0.04364335680962098,0.9485886639266287,0.00776797926375035
id14833,0.16339774870605017,0.03411073621348663,0.8024915150804632
id00491,0.807312861940083,0.024061185774345427,0.16862595228557148
id10784,0.008427914271386646,0.95263935428967,0.03893273143894348
id27648,0.9730396173098057,0.020000728627484796,0.006959654062709408
id00372,0.9342070713242386,0.04617029403986039,0.019622634635901054
id12796,0.010713266500161639,0.008724570405897119,0.9805621630939413
id06215,0.05674171530719934,0.9301617569834565,0.013096527709344186
id24722,0.02914133559466944,0.0420938364284555,0.928764827976875
id02729,0.020929045342288902,0.19380422318377327,0.7852667314739378
id01783,0.1036076986059776,0.028449519604998003,0.8679427817890244
id03025,0.01665973096528396,0.04751034813986597,0.9358299208948501
id03714,0.001994927286222361,0.9917661135817909,0.0062389591319868135
id00173,0.09997406743396677,0.8631420714426935,0.036883861123339766
id09268,0.05859143628236054,0.009797381311727131,0.9316111824059123
id08738,0.06421193748391987,0.9325493989670498,0.0032386635490304376
id18561,0.9888987247969712,0.003327548027635847,0.007773727175393084
id04877,0.9757768922032716,0.006868147145941849,0.017354960650786663
id15173,0.0058846497222444245,0.9903619559179467,0.0037533943598087077
id23020,0.1313156072574324,0.11293082295462295,0.7557535697879446
id04105,0.00897123318810846,0.9780130460469794,0.013015720764912074
id27807,0.9537852846969486,0.016579671320308888,0.029635043982742554
id08966,0.9831081935834104,0.012406862873976174,0.0044849435426135035
id15469,0.04455112954610182,0.017782558779983772,0.9376663116739143
id26904,0.050946729398555955,0.10416360810528308,0.8448896624961609
id14258,0.9860667644015576,0.0026449987378140702,0.011288236860628229
id04371,0.003832401820161065,0.003550701806650823,0.9926168963731882
id13963,0.9596080250668116,0.005950640305111274,0.03444133462807707
id19097,0.9507468151556326,0.023963239662477293,0.025289945181890195
id00350,0.02643162162621253,0.003704609719206714,0.9698637686545807
id03571,0.9477760801171676,0.03967726648550493,0.012546653397327417
id05647,0.964759900121137,0.01266929226342247,0.022570807615440596
id03720,0.014029916304904848,0.9743458510547575,0.011624232640337679
id10208,0.9788275854681566,0.006252452582072937,0.014919961949770506
id04526,0.07413491616104696,0.8866489871046823,0.039216096734270775
id23694,0.0030306002393083215,0.9944955840314103,0.0024738157292814845
id13795,0.9922991349071567,0.002388411886433819,0.005312453206409436
id04551,0.06422959499890053,0.9221629922438744,0.013607412757225101
id13292,0.9584944711631161,0.0320809037795321,0.00942462505735188
id18196,0.36146685539782153,0.2483816943627122,0.3901514502394662
id12175,0.9920619629431728,0.0018431545861755496,0.00609488247065152
id09482,0.990846019428369,0.0037750389950867397,0.005378941576544177
id17574,0.04894044711455941,0.016780655671852107,0.9342788972135885
id12316,0.004716617496464227,0.9927610846784884,0.0025222978250474893
id01875,0.06539223493558606,0.012210679902368496,0.9223970851620455
id12688,0.0032371533575569727,0.9948092363421797,0.0019536103002633595
id12192,0.19588535448103755,0.2828408694016,0.5212737761173624
id14713,0.011732269298522982,0.013835671331898879,0.9744320593695781
id05961,0.004969222836103222,0.0047978005162055155,0.9902329766476914
id04556,0.6382158677141618,0.012470160100816266,0.34931397218502197
id20641,0.9752022258878135,0.02076002025743114,0.0040377538547553184
id24624,0.05628529762745979,0.06145970798125686,0.8822549943912833
id20096,0.004765977274384049,0.007390187154712258,0.9878438355709036
id03013,0.22434149391087393,0.5603189847510941,0.2153395213380319
id06775,0.9681258951379724,0.0038509967297130658,0.028023108132314525
id17068,0.9769057500204176,0.009134543202114013,0.013959706777468585
id25344,0.0026434476479975924,0.9949357096920465,0.002420842659955827
id04523,0.5448990383720523,0.12206899506787795,0.3330319665600698
id00132,0.9817267019556075,0.014434594548581038,0.003838703495811383
id11631,0.006050404235656167,0.009341748112952217,0.9846078476513916
id09022,0.017024565485850546,0.03494230233002787,0.9480331321841217
id10188,0.007922035986909434,0.03473889723174568,0.9573390667813448
id12752,0.9684441218543501,0.02325337440916241,0.00830250373648751
id02576,0.02493708274790721,0.06970617374363139,0.9053567435084614
id22768,0.9667616802817917,0.025736019554740464,0.0075023001634677774
id25350,0.5123571099768335,0.022733214678183837,0.46490967534498256
id06560,0.980936762299746,0.011241171890467881,0.007822065809785983
id20366,0.501355423192622,0.05017930284783872,0.4484652739595393
id10840,0.9923185931511587,0.0043113725870905124,0.003370034261750964
id18880,0.9707234328782551,0.020880016851689328,0.00839655027005561
id11683,0.4738337622656691,0.4375055702706026,0.0886606674637283
id14734,0.12699649638207774,0.03380197881794634,0.8392015247999758
id15336,0.2519794051103045,0.7443977462285156,0.00362284866117995
id15319,0.9349939302342459,0.009536671732038243,0.055469398033715846
id03829,0.02390147602011206,0.9605622074080459,0.015536316571841943
id18451,0.9515969353542507,0.010503942524803475,0.037899122120945844
id11816,0.9411860026326623,0.006415945641435118,0.05239805172590268
id21792,0.9843845177640155,0.005177709585571059,0.010437772650413409
id26921,0.9710347108632065,0.0019107600974065267,0.02705452903938695
id08664,0.9097026480443178,0.051201869286851734,0.039095482668830395
id06944,0.2618519732061522,0.7055285692617196,0.03261945753212825
id20817,0.007239391730336245,0.009590760896909608,0.9831698473727543
id02759,0.9847367407519931,0.007783722623351223,0.007479536624655701
id01449,0.03152417257573667,0.9585504727294929,0.009925354694770417
id26909,0.7574756376825423,0.16190296361855772,0.08062139869890009
id03113,0.008219066929976638,0.002694000276401458,0.9890869327936218
id18364,0.10300651454335573,0.006854915181726632,0.8901385702749176
id21004,0.009997947747587452,0.006648090996381888,0.9833539612560306
id00305,0.018678914094305464,0.01146073899328764,0.9698603469124069
id03374,0.008041203027862698,0.9727131705770041,0.019245626395133265
id18916,0.9718180070422595,0.014015289095356449,0.014166703862384009
id06535,0.0232859321907395,0.975374916003418,0.001339151805842619
id25067,0.9812229384186513,0.013229953404711973,0.005547108176636779
id27726,0.004934781019679421,0.9886012515440803,0.006463967436240402
id21767,0.9751420711679272,0.007872547339373405,0.01698538149269955
id17581,0.9847265832045556,0.007789544307284596,0.007483872488159717
id02354,0.9168433377449051,0.03823152780163375,0.044925134453461045
id16505,0.9846724710311144,0.0070895967168657145,0.00823793225201968
id00573,0.92318132830802,0.02245016649290762,0.054368505199072235
id23256,0.9836299013472185,0.0018968824707005828,0.014473216182080943
id25798,0.031241362736688535,0.9491531208748641,0.019605516388447312
id10439,0.05534911728582861,0.30487106128296093,0.6397798214312104
id00652,0.01677527935600804,0.9159399643168804,0.06728475632711158
id17696,0.9889400470337348,0.007730617826481914,0.0033293351397831756
id22911,0.02184675402625643,0.035256105027432046,0.9428971409463116
id19382,0.08199380716468203,0.014858776550473378,0.9031474162848445
id12258,0.20071266928674256,0.7585500583893691,0.0407372723238883
id19349,0.0030670272442861264,0.9945444399250966,0.0023885328306174464
id05653,0.9284260456713311,0.03211842339639899,0.03945553093226982
id24532,0.04012243425553427,0.031934204824828546,0.9279433609196373
id04344,0.9895293344213636,0.003052584749492162,0.007418080829144405
id26369,0.026084779651890225,0.37720167740081134,0.5967135429472986
id07974,0.03577257722841068,0.01606746912458113,0.9481599536470082
id11844,0.011205066883469611,0.005004752256688148,0.9837901808598423
id15836,0.9844516777562116,0.005788098599136909,0.009760223644651704
id03278,0.034905723078986255,0.012746752361113372,0.9523475245599005
id25245,0.9335746813199405,0.03587901301264266,0.030546305667416774
id10690,0.23566362315159378,0.04565151222271677,0.7186848646256894
id13618,0.9353485352344433,0.017961168290124188,0.046690296475432505
id05898,0.8375527009313573,0.012919821948838367,0.14952747711980452
id08866,0.8680157407339026,0.11736792173365306,0.014616337532444271
id21212,0.011961490160645311,0.0051578705719130665,0.9828806392674417
id14035,0.9687962888039117,0.006089575242271932,0.025114135953816494
id27517,0.009938754302652415,0.014678642244966206,0.9753826034523814
id22280,0.9111071706862498,0.02235644768209581,0.06653638163165432
id05488,0.9770481718143038,0.014303251255996815,0.008648576929699394
id07921,0.0016416098082060182,0.9970132922601864,0.0013450979316075211
id26774,0.9201807993913868,0.007136506639234279,0.07268269396937901
id05200,0.043012323961833174,0.9478525815492034,0.009135094488963377
id07514,0.18659819310893036,0.8087506826659582,0.004651124225111366
id26147,0.017515347196524332,0.009774044989535999,0.9727106078139397
id16015,0.07916475195829999,0.03561858013654771,0.8852166679051522
id05730,0.9603773284781907,0.013812039892685226,0.02581063162912419
id10680,0.02379045587551234,0.026661240667397033,0.9495483034570907
id17677,0.7776266523885682,0.17837254351518425,0.04400080409624742
id11519,0.015770421382350634,0.015481956453561072,0.9687476221640883
id03255,0.9836573800124725,0.010743542839359577,0.005599077148167856
id04658,0.6560293582774623,0.03085700383091494,0.3131136378916227
id15449,0.0113704907992328,0.016861990145165887,0.9717675190556013
id08702,0.011796448784679713,0.9760838552409022,0.0121196959744181
id20255,0.7026126554571177,0.2580369244424288,0.03935042010045333
id03108,0.005012138289183313,0.9871425451411495,0.007845316569667204
id09118,0.008636682733671283,0.005761799624012659,0.9856015176423161
id16335,0.9076091913010228,0.04345472349345642,0.04893608520552068
id05595,0.9592219451679047,0.03282123691447317,0.007956817917622
id06774,0.9694386799688332,0.026537713272288255,0.004023606758878718
id23750,0.027486876336696876,0.004979453707155488,0.9675336699561478
id23246,0.8501730884511153,0.0074289232221266205,0.14239798832675815
id06156,0.05178272873911607,0.26294877898077146,0.6852684922801126
id01049,0.05571988630026512,0.9079072132473672,0.03637290045236776
id22801,0.02445636678286207,0.9694729705203523,0.006070662696785652
id14034,0.9912081775977459,0.0038382303274469144,0.004953592074807194
id01156,0.01635714933497799,0.9802610922832183,0.0033817583818035813
id13489,0.9330114951727125,0.04595875654177774,0.02102974828550969
id18217,0.15013130862197294,0.8094844174235188,0.04038427395450834
id02048,0.040109695829167326,0.954494607332396,0.005395696838436618
id03684,0.9903388503788606,0.0074740815824575505,0.002187068038681889
id11208,0.0060095845839053036,0.0074700701100394945,0.9865203453060551
id14453,0.9418912713001787,0.002602771544980415,0.055505957154840774
id03798,0.9308758896613728,0.021748792718021402,0.04737531762060592
id19911,0.03270613835654174,0.5851950842540283,0.3820987773894299
id04907,0.012970873228954122,0.030221777896996694,0.9568073488740493
id11148,0.9776065557297569,0.015393876106401938,0.006999568163841142
id23996,0.005177815456446721,0.8495842090699459,0.1452379754736073
id19833,0.9817947620747264,0.005888816841054318,0.012316421084219226
id01932,0.9868392459504464,0.009072953286408565,0.004087800763144953
id12137,0.9408331679913989,0.023373357759303107,0.03579347424929791
id20511,0.919657740205767,0.01082079702530612,0.06952146276892697
id09367,0.0021576300462000245,0.9961463820914781,0.0016959878623217625
id20856,0.022023665678832616,0.007670889686049231,0.970305444635118
id20704,0.9732660486980941,0.004072477715897738,0.022661473586008316
id14526,0.025945339569384194,0.06895986517619261,0.9050947952544232
id08881,0.006736636172245445,0.991488319882028,0.0017750439457266491
id04366,0.9718637769236182,0.01987728203286964,0.008258941043512059
id05521,0.9259858841355268,0.03899779697890535,0.03501631888556788
id10588,0.027987112968817705,0.5062615367706191,0.465751350260563
id20689,0.6923134678569883,0.1968589219099849,0.11082761023302672
id16667,0.06589736580992177,0.8845666700597754,0.049535964130302985
id25279,0.9337274043663145,0.016403001509757556,0.049869594123927906
id24194,0.00960768859264148,0.9797569448009622,0.01063536660639629
id27341,0.9894075577615938,0.007101893261316043,0.003490548977090098
id25695,0.9512543351409078,0.01570361033005402,0.03304205452903805
id01758,0.34703977490878846,0.03292510252681905,0.6200351225643924
id02431,0.013060578980810306,0.9475317795875347,0.039407641431655045
id19940,0.01592909822879178,0.005168669591391514,0.9789022321798166
id23926,0.9851579345170198,0.010044389851802666,0.0047976756311774475
id14343,0.8081005207234496,0.006322655925661859,0.18557682335088857
id06043,0.01046435991601117,0.005962186984710262,0.9835734530992785
id05551,0.949600290424651,0.007883688795503815,0.042516020779845266
id16698,0.011164265397016744,0.9836367900575249,0.0051989445454582485
id26006,0.9938172860996493,0.0032351988865045155,0.0029475150138462383
id16244,0.054431331824894146,0.7806156812738976,0.16495298690120824
id21129,0.9846179869512797,0.004050944718749981,0.011331068329970323
id14317,0.008161411050269032,0.008502692565417334,0.9833358963843137
id16443,0.10648348211060699,0.011207827290844978,0.8823086905985481
id00044,0.013991489563286065,0.008032375087797429,0.9779761353489166
id01365,0.005835893092713306,0.9709738199339636,0.02319028697332309
id12797,0.43705203622719924,0.0421871056666303,0.5207608581061706
id21275,0.9650683695678617,0.008302903396685248,0.02662872703545315
id13801,0.026559158222221435,0.058229269017798096,0.9152115727599806
id20770,0.0112279850557035,0.9542476695356868,0.0345243454086095
id03078,0.14940067883920508,0.8428702354881545,0.007729085672640326
id21589,0.9361921821429902,0.002782692525419856,0.06102512533159001
id25572,0.048482168774715666,0.017469263558409522,0.9340485676668748
id10712,0.9804933640887138,0.002216396785920638,0.017290239125365585
id25061,0.05015479522522279,0.0638444223202011,0.8860007824545761
id03163,0.016273561630094677,0.017718433236035138,0.9660080051338702
id12341,0.912513609610834,0.004588139507227412,0.08289825088193861
id25107,0.010550375469014696,0.9860476473204542,0.0034019772105311485
id21945,0.9934238490128965,0.003135587230682393,0.0034405637564210983
id14078,0.009664674571599101,0.0903446538056514,0.8999906716227494
id06876,0.006043493362118757,0.0069196310007585225,0.9870368756371227
id05232,0.004620843478695156,0.9931584700893699,0.0022206864319351083
id07071,0.8020445185099012,0.009066803419955024,0.18888867807014373
id10646,0.004384912853871135,0.9927882430185746,0.0028268441275542456
id25540,0.9735757545800584,0.021301686138441998,0.005122559281499471
id25607,0.002532562774581573,0.9908488041795755,0.00661863304584293
id16479,0.9728972625773163,0.005925380196720899,0.02117735722596288
id05998,0.014752235250726086,0.9757723197059807,0.009475445043293366
id20554,0.6223029467422145,0.025919893639457327,0.35177715961832823
id27217,0.9864497051186754,0.0033920146029087403,0.01015828027841591
id20110,0.011693355361947088,0.9097537008374181,0.07855294380063478
id01990,0.009582908281332698,0.9852017367415933,0.0052153549770740226
id17080,0.0820304391505404,0.8486447732102178,0.06932478763924188
id19120,0.8718213212835533,0.08434903712913208,0.043829641587314734
id08476,0.04880145057023023,0.009858933481717713,0.9413396159480522
id03715,0.143801698896729,0.8368836538293436,0.01931464727392743
id27208,0.9894132183785488,0.004357589525312922,0.006229192096138287
id04508,0.9927644122345596,0.0033953966866879714,0.003840191078752309
id11233,0.05626154485414987,0.035484371868823805,0.9082540832770263
id14237,0.9324939463415725,0.05606539213716653,0.011440661521260815
id12006,0.23151832003104064,0.727499260762798,0.04098241920616144
id22925,0.029872507141950274,0.023514803701652653,0.9466126891563972
id07141,0.9898353270379372,0.0019391606254363432,0.008225512336626623
id08449,0.10325048633387865,0.009465477755548107,0.8872840359105731
id16468,0.9802379495275318,0.00421549040619812,0.01554656006626998
id21415,0.02218266517207158,0.0146151153054287,0.9632022195224996
id09388,0.9897414182693092,0.007453990715191748,0.00280459101549922
id24767,0.003630679983935047,0.9844976759158897,0.01187164410017518
id19247,0.9937311511820602,0.0017977622261617808,0.004471086591777874
id07068,0.8743110444692217,0.1105595766992809,0.015129378831497462
id27597,0.9907480719409233,0.005718967458953242,0.0035329606001234686
id21380,0.9444578328736566,0.01947748545426248,0.0360646816720809
id01178,0.010607561999224479,0.0029513002346570113,0.9864411377661184
id15323,0.9780718740672052,0.014679084410827487,0.007249041521967422
id14784,0.9672468965878919,0.0035444124226979962,0.0292086909894101
id07174,0.1149185242286675,0.06960201440486445,0.815479461366468
id06577,0.9778662851612069,0.01409236342615686,0.008041351412636316
id06582,0.9266741796952593,0.05948934288091414,0.013836477423826434
id21088,0.0221627402645722,0.0030912463134052546,0.9747460134220225
id16436,0.006349640092618111,0.9843575586265645,0.009292801280817437
id25443,0.9064774723977005,0.00870972609930972,0.08481280150298967
id16617,0.24203724626962544,0.014613437115050289,0.7433493166153244
id21757,0.30058619321228275,0.09088029742978052,0.6085335093579367
id25902,0.04876962379829717,0.03367083113283124,0.9175595450688717
id11238,0.5150559447341035,0.4583848281644454,0.026559227101451015
id13861,0.013495323542774603,0.9128688946597455,0.0736357817974799
id04171,0.012154031586396483,0.014061134830271984,0.9737848335833315
id21483,0.030525393109786938,0.0029887061229739794,0.9664859007672392
id12635,0.032513922546072285,0.12522171419510375,0.842264363258824
id11666,0.014188839122139937,0.9813008369956399,0.0045103238822202085
id21552,0.9589975435139599,0.031585059462151274,0.009417397023888727
id13582,0.0359115268968088,0.9570919191770395,0.006996553926151631
id06447,0.965051893058989,0.00806205520957732,0.026886051731433713
id22998,0.010226618323107608,0.003104278431511435,0.9866691032453809
id15616,0.005374593659914495,0.012302395915207483,0.982323010424878
id09613,0.02191187660091965,0.9720779007286013,0.006010222670479006
id09318,0.0800130564916557,0.9121132396196409,0.007873703888703468
id07653,0.9713296792630588,0.0045865869736133056,0.024083733763327883
id21311,0.9609133754465037,0.02367377519612913,0.015412849357367045
id21030,0.9423502055018002,0.03509858757801437,0.02255120692018543
id10363,0.016922320772232477,0.9469613375709319,0.036116341656835756
id02624,0.7393127804961037,0.01673204956962289,0.24395516993427346
id21462,0.0945388012610565,0.06704701563058521,0.8384141831083584
id24961,0.004786841072443485,0.9878675710762381,0.007345587851318525
id08598,0.029000184899154395,0.017809008787563238,0.9531908063132823
id22701,0.9287388068679161,0.05301009199308958,0.0182511011389942
id24954,0.6932029902253493,0.010470993911314203,0.29632601586333646
id24432,0.9756066710260775,0.016417073264815757,0.007976255709106744
id08123,0.04644060994324673,0.031149687648963493,0.9224097024077897
id08456,0.021448507594154228,0.2088166477853492,0.7697348446204966
id02792,0.9047452906214538,0.012870964266637804,0.08238374511190831
id01034,0.008117995658709732,0.9823947825050885,0.0094872218362018
id05336,0.06525653161724723,0.8893880058488621,0.0453554625338906
id16773,0.05878234664502113,0.9156204073853946,0.025597245969584237
id20275,0.053513799760738015,0.9239837630205486,0.02250243721871339
id22357,0.01044537060392339,0.9772049767482655,0.01234965264781112
id08426,0.9382197331360422,0.02759055398582362,0.034189712878134125
id26118,0.9640776726107477,0.008408074279203476,0.02751425311004875
id27377,0.027315474916585876,0.03899332509519082,0.9336911999882233
id19738,0.3692689858692867,0.27930706381260717,0.3514239503181063
id27211,0.9703295124513399,0.018368354915533895,0.011302132633126358
id20362,0.08587468112603902,0.016261592689195824,0.8978637261847652
id10769,0.18260536455789508,0.042933431246409116,0.774461204195696
id02037,0.0603490217143416,0.5295039274532886,0.41014705083236985
id24338,0.9914091003506366,0.003291160052420347,0.005299739596943214
id21154,0.018782558107792766,0.8156512756776642,0.16556616621454315
id15815,0.004778345532181776,0.00893280569812606,0.986288848769692
id03643,0.009288233573534713,0.020675786873328505,0.9700359795531368
id24266,0.00404892705311212,0.9859250630949947,0.010026009851893032
id09707,0.1956672135585206,0.030183417937413196,0.7741493685040661
id22786,0.9890955976334694,0.003362243839931016,0.0075421585265995515
id27783,0.40037449672698516,0.423413244087347,0.17621225918566774
id13684,0.02048853940824099,0.005400019852376033,0.974111440739383
id03721,0.647011741691342,0.06001762461253187,0.29297063369612614
id00139,0.8129213334063234,0.0978950393157122,0.0891836272779643
id07113,0.9478659955610137,0.006193189453270224,0.04594081498571608
id25748,0.9819336149551082,0.007621333473088042,0.01044505157180378
id01901,0.0952743316965577,0.05616859077291164,0.8485570775305307
id15688,0.908775089231609,0.053693158585623686,0.03753175218276728
id20660,0.6114640267080055,0.038302750147597056,0.3502332231443975
id03335,0.992070655607417,0.002423161942387137,0.005506182450195841
id05947,0.8954979385936434,0.0907868692815304,0.01371519212482634
id14528,0.965438565198559,0.027483350485683823,0.007078084315757094
id04437,0.7409784112500204,0.24492535391613238,0.014096234833847164
id10804,0.026827719629157983,0.9668780376944666,0.006294242676375457
id17859,0.024547501281643045,0.9706235131783043,0.004828985540052708
id01631,0.019005729211522274,0.9774759862395327,0.0035182845489450296
id10949,0.86994684150709,0.07713777743802419,0.05291538105488586
id02613,0.26705207711084045,0.6740359622400098,0.058911960649149615
id21773,0.016108825953170654,0.9738367270872411,0.010054446959588147
id08523,0.025083802032135897,0.006018486384230826,0.9688977115836332
id08014,0.007073118531389609,0.9908303601695012,0.002096521299109086
id08659,0.0033320978087967223,0.9902110863714775,0.006456815819725806
id17792,0.8777457553774319,0.09481548677827661,0.027438757844291332
id25612,0.019800135613751997,0.05619661028317978,0.9240032541030683
id27792,0.1297908980362296,0.8464427555943076,0.023766346369462753
id08889,0.981743879790245,0.0038928469005807993,0.0143632733091743
id17156,0.9695409063542467,0.01445178468168893,0.01600730896406421
id04124,0.10262030289659982,0.007249437730956696,0.8901302593724435
id05048,0.4489281401139884,0.41812317227423507,0.1329486876117766
id18882,0.043274353155697325,0.015901997707471836,0.9408236491368308
id03999,0.07088620466587436,0.9024755535291982,0.026638241804927455
id04390,0.058461678692688084,0.939236131557178,0.0023021897501339377
id06734,0.2528521961279781,0.013026832899102577,0.7341209709729193
id12623,0.8636807740413216,0.07877456777807854,0.057544658180600006
id10904,0.013368259628382997,0.9387069078316503,0.04792483253996674
id23535,0.9658539161823153,0.028866097384771784,0.005279986432913103
id08442,0.9853575113544044,0.0024976964625731484,0.012144792183022477
id25272,0.9952012371695487,0.002367203976224591,0.002431558854226828
id15926,0.019997811386047,0.9330410024174556,0.04696118619649739
id07186,0.09800987024265961,0.01948870247168258,0.8825014272856578
id20674,0.06352789460504366,0.12170548261835036,0.814766622776606
id13297,0.9089191029758775,0.07822423278270182,0.01285666424142061
id08076,0.9861465146521611,0.00692668519758589,0.006926800150252928
id10493,0.06131329992350375,0.01758617563243811,0.9211005244440581
id19450,0.9893047668002486,0.003228128827981955,0.007467104371769571
id21746,0.4704781499181675,0.49736659926900656,0.032155250812825865
id22034,0.00559113198773547,0.004373028747051985,0.9900358392652125
id05074,0.9581930160867091,0.020438829527267544,0.021368154386023325
id07348,0.06479107153955412,0.03013039209789477,0.9050785363625512
id01308,0.19919236090594747,0.7449690547072199,0.05583858438683259
id06705,0.31398250263192573,0.05883178757314018,0.6271857097949342
id21444,0.984969083769145,0.005770549162086094,0.00926036706876872
id12010,0.0026836480382243827,0.9937507661388525,0.0035655858229230674
id19949,0.01395131855805884,0.9749902326827538,0.011058448759187456
id01125,0.4645063064329091,0.011723226776167273,0.5237704667909238
id20380,0.9402152898387421,0.00404795934135742,0.05573675081990036
id04880,0.9176425721523462,0.07829435433181071,0.004063073515843117
id10095,0.13912388026397707,0.8370275336342393,0.023848586101783694
id01379,0.02765167894993528,0.9640262642422317,0.008322056807833008
id11651,0.9901937053315053,0.007779083934719081,0.0020272107337756472
id24870,0.019635733749611656,0.9551572101284441,0.02520705612194407
id11307,0.01286226088564334,0.016786783376664668,0.9703509557376921
id00731,0.0034251885875681925,0.9946760548941619,0.0018987565182698898
id18806,0.9820259865139347,0.006800046492824329,0.011173966993240974
id16899,0.22669755302382294,0.20569743554653033,0.5676050114296467
id12522,0.018968723740447727,0.9525118951221406,0.028519381137411697
id20119,0.9923511226326934,0.004394541787143458,0.003254335580163209
id26937,0.5978449442501012,0.36524176457757673,0.036913291172322275
id27439,0.033153683721851714,0.9574848789475928,0.009361437330555385
id27579,0.12235075555894394,0.009008246737492422,0.8686409977035636
id13459,0.9762186606180636,0.014876858150302912,0.008904481231633331
id11534,0.11318479008949868,0.049979862664132846,0.8368353472463684
id19984,0.0028852453423869264,0.994442138602426,0.0026726160551871127
id06404,0.9801193085253782,0.011919985988759377,0.007960705485862318
id23309,0.13506297552483623,0.8391922374440822,0.025744787031081483
id19314,0.06999517078615068,0.7978143470777797,0.13219048213606968
id13300,0.011405926000464939,0.98354191818428,0.005052155815255014
id09562,0.09027675505629511,0.12414088902057967,0.7855823559231252
id08036,0.0665286448157291,0.9158440294010292,0.017627325783241724
id03683,0.2744989663951859,0.3122594226973836,0.41324161090743033
id04784,0.9751962902265424,0.015602634331245459,0.009201075442212046
id08715,0.007278383825372401,0.0025716242178188114,0.9901499919568088
id08479,0.9929022455110181,0.0028698201008617126,0.004227934388120073
id18360,0.9183793610375001,0.005109760051634099,0.07651087891086582
id26170,0.020524700697247003,0.9551134159131245,0.0243618833896284
id20424,0.9079004220191702,0.016546905537441745,0.07555267244338808
id10361,0.9355498972257842,0.04458551338290747,0.01986458939130837
id02335,0.02313363993095123,0.5865874367741062,0.3902789232949426
id18664,0.025141072589356904,0.029493896289636896,0.9453650311210061
id11480,0.2206601238569511,0.032446765916193276,0.7468931102268557
id13229,0.02244324572611835,0.03259402537281098,0.9449627289010707
id19658,0.019824853870393434,0.0381006123672347,0.9420745337623718
id01421,0.7748150452993844,0.007849209915475108,0.21733574478514056
id26050,0.14932600961027812,0.8073357586148897,0.04333823177483214
id27136,0.9810096961598405,0.009638974633843443,0.00935132920631612
id14688,0.4578567040168168,0.5128661324801241,0.029277163503058992
id24936,0.9515701926434448,0.005654264038964055,0.042775543317591244
id09776,0.16900417439801138,0.8188531333374328,0.012142692264555853
id14765,0.19130205017642785,0.011619553920790322,0.7970783959027818
id06704,0.022285779706195333,0.01167620718487029,0.9660380131089343
id06961,0.028931761603035285,0.024561352248760566,0.9465068861482041
id12725,0.5319907932542379,0.42814049958625683,0.0398687071595051
id27875,0.06588071429139307,0.2503410049931375,0.6837782807154695
id20750,0.014798451410885321,0.006598331567725433,0.9786032170213893
id19081,0.11832306019633546,0.031160039351851476,0.850516900451813
id05773,0.009167390847915019,0.010609445188134217,0.9802231639639507
id04241,0.0939700717791686,0.02912635600091191,0.8769035722199195
id24438,0.0024836373371858937,0.9941181760707267,0.0033981865920873987
id09353,0.9951511098523641,0.0021871731811812676,0.002661716966454607
id19446,0.004319781037726777,0.9921311982528266,0.0035490207094465544
id20203,0.026339227332830353,0.015136108227072884,0.9585246644400969
id07711,0.06703469680737582,0.760110310754761,0.17285499243786315
id15758,0.893023802945253,0.03235438616355633,0.07462181089119069
id17665,0.18307660073425314,0.6793592215613236,0.13756417770442328
id14167,0.8634416522304561,0.01032413849316686,0.12623420927637716
id00687,0.043604491595757994,0.030145535199988967,0.926249973204253
id00735,0.01249919907446577,0.01858353893034714,0.9689172619951871
id26443,0.07149130409201905,0.024374431918780477,0.9041342639892005
id15242,0.9669157310207763,0.027494228657514472,0.005590040321709284
id13474,0.007420816839190377,0.9872658444687805,0.005313338692029133
id04409,0.9378008168537383,0.05361814798780279,0.008581035158458912
id19438,0.0739102816368879,0.08995541220849079,0.8361343061546214
id04101,0.06708414822551725,0.3393718248476265,0.5935440269268561
id26992,0.9349420489964608,0.02286530718843454,0.042192643815104534
id14645,0.016489682488309353,0.9766853692172035,0.006824948294487199
id26429,0.8505325366465135,0.11279324783924621,0.03667421551424035
id05710,0.9693029526485533,0.0044981089750845745,0.026198938376362106
id07474,0.01366714168557718,0.024613752643846604,0.9617191056705763
id21067,0.22375177950846503,0.023005724643347877,0.7532424958481871
id20264,0.07345548162731745,0.9188600178458897,0.007684500526792849
id04991,0.015121013751256077,0.01052905766054255,0.9743499285882015
id07054,0.07538887980634235,0.1501950589358424,0.7744160612578151
id14413,0.07774469156715492,0.020867113051677797,0.9013881953811672
id21861,0.010939486856104958,0.0055780072177866406,0.9834825059261084
id12933,0.04171769006288444,0.9500151889677728,0.008267120969342664
id08074,0.0076098717963583844,0.004059027489910083,0.9883311007137314
id03176,0.9515388611892857,0.018581837684765137,0.02987930112594912
id15239,0.021247610033807724,0.007164392387325569,0.9715879975788667
id05322,0.026409421806754943,0.9326034331592683,0.04098714503397683
id25957,0.006533892240862476,0.009141229697754539,0.9843248780613829
id22789,0.007813762875137513,0.008022470020183718,0.9841637671046788
id03435,0.05254097216893695,0.012374936915957112,0.9350840909151059
id06122,0.08152574118749148,0.9169078311075511,0.0015664277049575702
id00869,0.9198402203310241,0.006911293110249911,0.07324848655872601
id23400,0.004725347319834786,0.9868981688015769,0.00837648387858829
id08127,0.9921105295409911,0.0026481857187683356,0.005241284740240464
id08856,0.018414931226899262,0.004159800606620049,0.9774252681664808
id01919,0.03057562303481685,0.02756300466514538,0.9418613723000376
id22051,0.9150803975075825,0.031690815791300536,0.05322878670111697
id19791,0.9860947474614763,0.00841496747981078,0.0054902850587128915
id06679,0.02619494294871491,0.009832016312282508,0.9639730407390026
id25385,0.005514317735965273,0.9926754104370864,0.001810271826948381
id04313,0.010674282064129643,0.02060832930466891,0.9687173886312015
id01389,0.013882193971851742,0.9675259190674513,0.01859188696069685
id17264,0.19482010731356494,0.7627342793090868,0.042445613377348486
id23062,0.9793921649361416,0.005478725692910665,0.015129109370947786
id17008,0.07572857472333196,0.9097487702382268,0.014522655038441282
id04746,0.09679331793878827,0.8994255901190685,0.0037810919421432244
id11487,0.021693567898556,0.9730926294539521,0.005213802647491727
id02111,0.8148046638358772,0.028205286051606677,0.156990050112516
id08911,0.9013806424561617,0.04999323437454021,0.04862612316929805
id00845,0.21500933484563783,0.036415562015882384,0.7485751031384799
id02409,0.23632192983116918,0.04274897905828986,0.7209290911105412
id20141,0.007506006732537682,0.9834098027755197,0.009084190491942581
id06353,0.933655640430315,0.007906674942097054,0.05843768462758802
id14766,0.03856959796705331,0.9513556895049398,0.010074712528006782
id05294,0.024335648335746276,0.9048061195463701,0.07085823211788363
id12568,0.949739660809954,0.035698179390737876,0.014562159799308052
id27571,0.025904476053205096,0.3604313500351665,0.6136641739116285
id20377,0.992890470235312,0.0030843797023945856,0.004025150062293374
id24340,0.9490033291157732,0.012673461262262162,0.03832320962196448
id05355,0.07353249906756595,0.02234264128088972,0.9041248596515444
id01246,0.09594203001324576,0.8961851437272366,0.007872826259517797
id17173,0.9643402321611387,0.021994366277990045,0.01366540156087125
id16338,0.8404857492818335,0.03410850733978678,0.1254057433783798
id14712,0.05073032541465343,0.9446317981261431,0.004637876459203582
id10590,0.03202354834192307,0.023141335563361426,0.9448351160947155
id13157,0.04539406056006143,0.01523865373986804,0.9393672857000706
id23915,0.9602990389429136,0.01777611081674697,0.02192485024033946
id05903,0.0656512193554753,0.9119051114443112,0.02244366920021344
id03661,0.15179206078554375,0.02821908214786102,0.8199888570665952
id21177,0.993271318205813,0.0026648303119108673,0.004063851482276134
id12025,0.038050001365601625,0.9575491920972063,0.004400806537191994
id14031,0.16299318723595205,0.8065466667279343,0.03046014603611379
id21299,0.004610916606589396,0.003893172599337374,0.9914959107940733
id00758,0.02788894250471089,0.041591616149782705,0.9305194413455065
id25034,0.9625225875783282,0.006703581541108352,0.030773830880563343
id01407,0.9940274901371761,0.0015020930644629054,0.004470416798361079
id24205,0.03610425477229163,0.958849575378146,0.005046169849562347
id22350,0.9339171726395026,0.010064609760080046,0.056018217600417364
id05983,0.01704294266384369,0.024100325174929375,0.958856732161227
id23821,0.8274004202295491,0.04471371576490867,0.12788586400554236
id21960,0.013855040387582415,0.11431793342937344,0.8718270261830442
id08108,0.10154198595548458,0.022773931067804634,0.8756840829767107
id03232,0.007376046581458063,0.03149240197881047,0.9611315514397315
id12956,0.018839946587752083,0.00802872394840592,0.9731313294638421
id03217,0.003244622560922769,0.9911873974297686,0.005567980009308616
id08955,0.0019442564952855713,0.9551927878453278,0.04286295565938654
id22567,0.36166716582529207,0.03569063862653703,0.6026421955481708
id20367,0.9941856971451801,0.0019934708858484625,0.0038208319689713027
id06319,0.8184705806566769,0.12035445516618593,0.061174964177137255
id14239,0.7919582921919578,0.014198313894024844,0.1938433939140174
id05013,0.9543567187879869,0.0068696771077222975,0.038773604104290794
id26491,0.012785905504288077,0.9838402133670434,0.003373881128668447
id23540,0.6944726890726869,0.0486860950169631,0.2568412159103502
id25631,0.5336171127697874,0.0660012576613921,0.4003816295688205
id01591,0.3623110713911534,0.11248439899334818,0.5252045296154984
id01193,0.9797574649680305,0.006455469433231887,0.013787065598737705
id24819,0.019279442645453202,0.9659975610017202,0.014722996352826602
id08308,0.953357918670537,0.013995042976114232,0.03264703835334875
id27567,0.016742856328417266,0.007685102405811776,0.9755720412657709
id12998,0.08551200217248481,0.0861771526347283,0.8283108451927869
id08315,0.04057289527370813,0.9459710040152577,0.013456100711034098
id16118,0.950219664187855,0.016936985131728775,0.03284335068041616
id27505,0.30479899484204387,0.6874260155641737,0.007774989593782384
id08529,0.006820538932285256,0.9602083090087766,0.03297115205893815
id20249,0.40744981365909244,0.5002866355535112,0.09226355078739626
id24343,0.16677169373543754,0.060999883427277996,0.7722284228372844
id03631,0.16699335292203915,0.8144705302386425,0.01853611683931839
id00349,0.029311660545647576,0.943380063473749,0.027308275980603328
id04969,0.003563606153952022,0.987982744579621,0.008453649266427023
id11856,0.9425071741877268,0.015834508309680365,0.04165831750259271
id26020,0.8921477840440873,0.095284372451999,0.012567843503913628
id07957,0.9850014486907767,0.011696005210415028,0.0033025460988082536
id03899,0.9592603579176863,0.022513670465993427,0.018225971616320363
id14650,0.9945875286921828,0.0021084661415736675,0.0033040051662436027
id21807,0.7697817815179001,0.025705891134370905,0.20451232734772912
id21685,0.9968360676801675,0.0014614293163469402,0.001702503003485536
id06655,0.5756235593133648,0.40541840106796606,0.018958039618669112
id27764,0.9688366979210252,0.004932219481104445,0.02623108259787035
id02847,0.05742454264891296,0.9312201533377489,0.011355304013338195
id07271,0.7630403058155517,0.0470608731178994,0.18989882106654876
id15978,0.9931416519826151,0.0018193933808254748,0.005038954636559324
id12075,0.03169831025647933,0.0644603908689925,0.9038412988745281
id23611,0.9840352487243015,0.00714510008909752,0.008819651186600913
id05191,0.9590751485491694,0.03133833861974577,0.009586512831084824
id04303,0.09999885462482065,0.05178880753773772,0.8482123378374418
id12277,0.021667709209281523,0.04447985518972329,0.9338524356009952
id15582,0.9483028840088633,0.0369748465952725,0.014722269395864193
id02917,0.9887674249094783,0.007081028943575126,0.004151546146946534
id25622,0.061682932271468795,0.033086642392657684,0.9052304253358735
id16495,0.015801399778261435,0.7027448854186474,0.28145371480309117
id17839,0.013251118231043845,0.0067072550342495065,0.9800416267347067
id20373,0.027673553674999345,0.7844259168659751,0.1879005294590255
id25342,0.9314770652996412,0.0033149854909106484,0.06520794920944828
id13518,0.9643410826120568,0.02007727152529867,0.015581645862644655
id19958,0.19586141109642297,0.014600699672987206,0.7895378892305898
id00228,0.04356220879093612,0.5687552034096534,0.3876825877994106
id00367,0.08457238272151467,0.060362591146168494,0.8550650261323169
id16274,0.006206203678134426,0.9811834224377108,0.01261037388415468
id27969,0.018395007877145552,0.9622070666044531,0.01939792551840145
id18474,0.9766819090763039,0.01320839743557505,0.010109693488121184
id02892,0.0022502538470575402,0.9953989516862485,0.0023507944666940396
id03838,0.0189964117663838,0.9791303009870527,0.0018732872465633665
id08960,0.01764379264957002,0.9806901674722655,0.0016660398781643637
id17320,0.015482871004799037,0.006985739070240619,0.9775313899249604
id20922,0.008852829953701173,0.0066746452951907806,0.984472524751108
id17364,0.13376044584542682,0.4265096153523065,0.4397299388022666
id06523,0.9859193953733596,0.006594186290285656,0.007486418336354747
id16232,0.08827319756895456,0.9039935671254984,0.007733235305547133
id01886,0.007345564811358484,0.9912376704239065,0.0014167647647350796
id18234,0.037931571382856404,0.9404274248722692,0.021641003744874498
id26057,0.9632392055232086,0.011732461356957928,0.025028333119833556
id09436,0.07994759534023409,0.9136709176870715,0.006381486972694395
id09543,0.003097037053930388,0.9799940143554076,0.016908948590662064
id15732,0.7090810052113619,0.12175135298829451,0.16916764180034355
id22927,0.8565967216271868,0.08018763484711147,0.0632156435257016
id26551,0.011481461600874524,0.009607166982116935,0.9789113714170085
id11126,0.2016331430579087,0.03631635207386288,0.7620505048682283
id02903,0.9934887204999434,0.003239039055372257,0.0032722404446841775
id24549,0.0032085764185672172,0.9937216849372376,0.0030697386441952282
id01618,0.2642963383723384,0.6989233579531493,0.03678030367451235
id22005,0.011673611075454969,0.004475174110088309,0.9838512148144567
id02603,0.004530022603303804,0.972468451637197,0.023001525759499233
id22118,0.9599481935661935,0.02474289231097374,0.015308914122832574
id24985,0.6073939692296142,0.041927099973508644,0.35067893079687734
id19044,0.9360145865855402,0.052816519315375315,0.011168894099084474
id03296,0.045677747547969695,0.9505592594128571,0.0037629930391732762
id17299,0.8888008959538184,0.09446199171466713,0.01673711233151443
id08251,0.981824156065339,0.0038835025770522147,0.014292341357608825
id05491,0.7870891748923597,0.013115710741166933,0.19979511436647326
id17009,0.9573860947259117,0.015992692164836453,0.026621213109251682
id07381,0.011217821718222734,0.9730357674047697,0.015746410877007642
id07643,0.9570554472917371,0.0185196356826042,0.02442491702565876
id24227,0.9918070723793557,0.002089995360055783,0.006102932260588568
id04099,0.9627572113365633,0.008069667848607083,0.0291731208148295
id11393,0.020185197121773045,0.9608603003661988,0.018954502512028116
id19396,0.1532600241779181,0.8404694688970772,0.0062705069250047615
id15362,0.9884190322907047,0.002566302106417352,0.00901466560287793
id00195,0.9887251756335368,0.0038016285962438933,0.007473195770219246
id02296,0.014691309325817303,0.006677773362326956,0.9786309173118558
id27754,0.973171659114573,0.019282524018235634,0.0075458168671914735
id16471,0.03088319907645511,0.9263466650277088,0.042770135895836184
id15237,0.01115270106294722,0.975706671086322,0.013140627850730833
id10099,0.019269612024307253,0.9775887795776936,0.0031416083979990106
id21647,0.9725630191546905,0.007568394979909809,0.019868585865399607
id13571,0.0517042445458037,0.5389019236739222,0.40939383178027405
id15137,0.0031248890199474157,0.9831591383016066,0.013715972678446004
id10965,0.01705552993869029,0.05464238872085886,0.928302081340451
id24918,0.0022666674055130246,0.9946657947024351,0.003067537892051703
id01700,0.955272163892711,0.02686387150693827,0.017863964600350796
id03901,0.019499801167676894,0.9779727413845345,0.002527457447788564
id24411,0.04422906619482926,0.9318635504105425,0.02390738339462826
id02597,0.011990976973427965,0.9814547631846506,0.006554259841921253
id07981,0.0214933853653481,0.023303270048961964,0.9552033445856899
id07429,0.017687065790287986,0.022103754896137858,0.9602091793135742
id13354,0.7506045644832934,0.19902717438812284,0.05036826112858391
id25693,0.9606460785292362,0.017927819474268022,0.021426101996495705
id11305,0.027062929887701228,0.02156874827697795,0.9513683218353209
id26634,0.9947429385253772,0.002274896161273936,0.0029821653133489117
id09180,0.9733951942688119,0.00996207586364419,0.01664272986754387
id19991,0.9480561656547363,0.01018690818864258,0.04175692615662103
id05497,0.04290915076149278,0.022952098230650093,0.934138751007857
id08058,0.024058022564948628,0.5866939785036229,0.3892479989314283
id06612,0.04549295050814185,0.0965184098373167,0.8579886396545414
id22846,0.004765043691741863,0.9785394732053476,0.016695483102910472
id09588,0.9809953220267469,0.010317221294092769,0.008687456679160441
id10337,0.027761171482118315,0.023455289206100124,0.9487835393117816
id05744,0.9962980170417141,0.0017909616692945148,0.0019110212889915615
id19624,0.17367786408896235,0.5903188807991954,0.2360032551118422
id00939,0.05631824329619926,0.9352737184706581,0.00840803823314248
id24424,0.01945368587492293,0.1895957238642689,0.7909505902608082
id14406,0.05985983550107003,0.011901275849473458,0.9282388886494565
id08961,0.05935037685683771,0.016144133120754658,0.9245054900224078
id27004,0.14419992271511123,0.010885042615549224,0.8449150346693397
id24072,0.8464283311460181,0.13166377033999674,0.021907898513985048
id23738,0.015180538831942404,0.9832494199724446,0.0015700411956129656
id13676,0.03048942564524152,0.11540796265680352,0.8541026116979549
id19636,0.05270235949271475,0.013211434456079713,0.9340862060512056
id09466,0.9876346132862839,0.0074386094474146085,0.0049267772663015
id04434,0.013778392360525454,0.9465920095618807,0.03962959807759399
id24016,0.8674294883406267,0.10174033825842282,0.03083017340095055
id09168,0.4214857436583847,0.008181325819028163,0.570332930522587
id24262,0.988810249040887,0.002091198466177154,0.009098552492935775
id01441,0.9556963109087699,0.009901007054142676,0.03440268203708722
id20170,0.5108585537182968,0.026224236349646612,0.46291720993205654
id02342,0.8793548893931683,0.043125875354386334,0.0775192352524455
id23334,0.15207693610931186,0.8066227523593834,0.04130031153130489
id09262,0.9634956793650111,0.005142554141095073,0.03136176649389367
id17822,0.6901817481029299,0.24475204337616585,0.06506620852090426
id14466,0.005583727700164567,0.9918478951692553,0.0025683771305800747
id14319,0.4666848726161346,0.16566323253382031,0.3676518948500452
id02387,0.9803572837088189,0.007456199107196111,0.012186517183985108
id13617,0.9758428031886134,0.01690881516967621,0.007248381641710263
id08025,0.9773285319886503,0.017084687631315622,0.005586780380033988
id23364,0.23506045404252784,0.7588489167215163,0.006090629235955783
id01438,0.890835222702547,0.008963793612118626,0.10020098368533434
id05288,0.05814797277654216,0.9382551928148125,0.0035968344086453607
id24441,0.8818324781286275,0.053080639365524554,0.06508688250584801
id18048,0.08488081049104992,0.00474722632109928,0.9103719631878509
id27822,0.00863853534511906,0.9861655170638952,0.005195947590985655
id23906,0.8981345924469402,0.019271497042176837,0.08259391051088293
id07059,0.021198430105805334,0.04983400529143692,0.9289675646027578
id08357,0.7975656512626833,0.02921148528481843,0.1732228634524983
id13619,0.020609662013648493,0.08135335442895116,0.8980369835574004
id27086,0.027942855481377933,0.9631514276629726,0.008905716855649445
id03789,0.9857335194518452,0.00429623787411499,0.009970242674039941
id00177,0.009995870624930566,0.004550784712654826,0.9854533446624146
id01552,0.6394942812665221,0.015963653841490837,0.3445420648919872
id03027,0.006963916125958237,0.9204424034556241,0.07259368041841768
id15841,0.005177983097182178,0.9877850891912444,0.007036927711573255
id27214,0.03247151713234009,0.9294733113365019,0.038055171531157894
id14095,0.9636145595619491,0.021001806559717225,0.015383633878333644
id08434,0.004841597178705326,0.9900620604506077,0.005096342370687006
id05532,0.10477639180193025,0.031598755281983415,0.8636248529160863
id06247,0.0071538055055896605,0.9760829810790451,0.016763213415365123
id09916,0.13421593128968254,0.8364195687474629,0.029364499962854482
id18651,0.9926866420295758,0.0036574810683618264,0.0036558769020624544
id26324,0.1488781156521725,0.1078442223988023,0.7432776619490252
id27363,0.022850777887412976,0.02789682388936039,0.9492523982232267
id02302,0.029450584502937464,0.009632653752511062,0.9609167617445514
id12845,0.35258661852425677,0.5145291671828809,0.13288421429286237
id20294,0.04766370944955825,0.019872055299305993,0.9324642352511358
id04233,0.11709036934168704,0.09777085078862355,0.7851387798696895
id20000,0.0027494221718833717,0.9958127102209088,0.0014378676072077249
id02527,0.01098888325103907,0.003438483053571223,0.9855726336953897
id26763,0.0028170338673965335,0.9954480164087862,0.00173494972381716
id15763,0.002335796358278245,0.9927789832282078,0.0048852204135140485
id10374,0.9771172681704079,0.008164805284222173,0.014717926545369926
id00901,0.0043806571592353094,0.9846540968816163,0.010965245959148327
id22161,0.8731092048020259,0.06206694150281535,0.06482385369515889
id15200,0.9897242081837495,0.0056801369617605684,0.004595654854489805
id15430,0.036518806437499274,0.07740371097148059,0.8860774825910203
id27468,0.3911373095713485,0.03567348049496768,0.5731892099336838
id02378,0.03402735190460901,0.009484586935647282,0.9564880611597437
id23250,0.9945379181621965,0.0029000816505340707,0.002562000187269358
id18374,0.0076091484814975185,0.006860934496396198,0.9855299170221063
id01146,0.06367778057027629,0.9285441581039672,0.007778061325756593
id24617,0.9898910163482079,0.0030718252976648926,0.0070371583541273385
id01754,0.006319076986714648,0.9717313818544218,0.021949541158863543
id11383,0.2891277643838798,0.13587446858758162,0.5749977670285387
id24713,0.03245528674907595,0.9568004721335436,0.010744241117380435
id26161,0.2857523105925652,0.41405925106109276,0.3001884383463422
id12466,0.8838803369593846,0.02046495364385183,0.09565470939676347
id17409,0.9735331160301595,0.013533317230074352,0.012933566739766091
id04066,0.8862165127753954,0.10285541115732691,0.010928076067277713
id16890,0.008526081939547,0.9851861626419911,0.00628775541846194
id03358,0.9547148806993917,0.03012074526800733,0.015164374032601027
id19133,0.9552270944745522,0.008184851157830183,0.03658805436761758
id07358,0.006595304078428018,0.987536385654506,0.005868310267066104
id27773,0.05059184131880599,0.9432896469898588,0.006118511691335202
id10699,0.001751503573343601,0.9952797807538445,0.0029687156728117653
id08693,0.9940343780507265,0.0025044253832134477,0.0034611965660599838
id11944,0.025639192225981374,0.9723264127381205,0.0020343950358982007
id02240,0.0577513716059206,0.9283666230262008,0.013882005367878552
id23124,0.8230010092344283,0.038931204424024805,0.1380677863415469
id05465,0.9231593121779922,0.028195099451529135,0.048645588370478804
id15540,0.029424802336663936,0.9511678255826602,0.019407372080675913
id16715,0.006780257944699813,0.006220500292668936,0.9869992417626313
id12563,0.00849232350283973,0.0086286918475582,0.9828789846496022
id00583,0.015499072086423657,0.9189095683601646,0.06559135955341176
id27730,0.04269506471086404,0.03984304846291534,0.9174618868262207
id00896,0.010357560726178777,0.012279919633496112,0.9773625196403251
id15031,0.9604845761318004,0.02188343870135553,0.017631985166844
id23271,0.010009519849921876,0.6384083614783754,0.35158211867170275
id17004,0.045448327742326836,0.03170136391345728,0.9228503083442159
id10247,0.009157653797488586,0.015700670874238928,0.9751416753282726
id12055,0.9397945291654354,0.028687354967064337,0.03151811586750026
id22719,0.9672108656244061,0.005332146375133132,0.027456988000460803
id06891,0.009597462904394685,0.9863037181312769,0.004098818964328408
id27281,0.9641590598741939,0.02516901579749296,0.010671924328313064
id23104,0.9899026092304621,0.003830246940294535,0.0062671438292434285
id14491,0.0072631767803715335,0.9910977720013444,0.0016390512182840047
id24292,0.14375878411425091,0.8410845421146618,0.015156673771087346
id15777,0.02814173841639257,0.01719737780577417,0.9546608837778333
id22522,0.0032520870361012312,0.004394686824687525,0.9923532261392113
id25136,0.005943839012136962,0.9912318817176748,0.0028242792701882818
id17735,0.17134615757603394,0.8247071000854092,0.003946742338556923
id18869,0.09403445977729936,0.7397142926850608,0.1662512475376399
id20815,0.04670713649197577,0.9461430397254842,0.007149823782539996
id15238,0.9405246539791172,0.021479860587905936,0.03799548543297684
id24454,0.015622992021900947,0.016367067734210115,0.9680099402438889
id14402,0.013857462163264344,0.005495137659845464,0.9806474001768901
id10985,0.9819435640540558,0.00318909915921203,0.014867336786732207
id12747,0.9827050467291634,0.011689533789604863,0.00560541948123191
id11581,0.07784738713735627,0.8579997752433467,0.06415283761929706
id07594,0.9909907367096842,0.002679613151803624,0.006329650138512053
id08240,0.4046631451228036,0.5838281487286084,0.011508706148587972
id12773,0.0724206729593948,0.416915169756846,0.5106641572837594
id12838,0.7881061358019253,0.10612161194318541,0.10577225225488923
id23322,0.005298731179031597,0.979300437665403,0.015400831155565377
id22344,0.9769489968377589,0.00730831895471148,0.015742684207529636
id12881,0.8039020414418637,0.13415540961507752,0.061942548943058694
id20147,0.011783958265149146,0.013546299414168793,0.974669742320682
id13261,0.3123512361771012,0.6585913121330121,0.02905745168988665
id01842,0.009244630877519705,0.009715930146780611,0.9810394389756997
id25884,0.9867242082674873,0.0045723689651964595,0.00870342276731621
id01643,0.7885829161381434,0.06366966775369344,0.14774741610816314
id26737,0.015795709675250527,0.9783245639232915,0.005879726401457969
id10558,0.034728011991829774,0.7603017139709048,0.20497027403726542
id20458,0.00391198350145745,0.0030506529268245156,0.993037363571718
id23965,0.2298569216251438,0.47783943940524054,0.29230363896961564
id26758,0.818784615507666,0.05306317057122566,0.12815221392110843
id27519,0.7580492849618795,0.03192940929105212,0.21002130574706832
id20676,0.3217381951240941,0.6453667206804896,0.032895084195416334
id10536,0.980098810262928,0.008898396587036846,0.011002793150035156
id12652,0.9815848256762558,0.0025441451543631245,0.015871029169381084
id00041,0.014330849311120598,0.015921057317520505,0.9697480933713589
id16051,0.18143198290217083,0.7293834726940819,0.08918454440374725
id02396,0.008436048707639206,0.009208542813826987,0.9823554084785339
id00294,0.03150627204374663,0.04895030075521344,0.91954342720104
id07695,0.933521760039807,0.011473290451475741,0.055004949508717364
id12440,0.1520424264573345,0.8164791446540258,0.031478428888639776
id18373,0.721492403512833,0.256623345181253,0.021884251305914135
id16812,0.0582441562513904,0.9377777113866136,0.0039781323619959355
id20901,0.00310580223484545,0.9941664035419046,0.0027277942232498613
id12076,0.011775220674277963,0.004248106173839236,0.9839766731518829
id19184,0.9875163126098403,0.005398449657532197,0.007085237732627613
id08937,0.006273489675080841,0.9721333549748445,0.021593155350074472
id08181,0.08824228219494029,0.8306398080261271,0.08111790977893253
id10111,0.9603157383986247,0.024509919590329658,0.015174342011045698
id24104,0.023782742546099085,0.9608307403211235,0.01538651713277755
id24837,0.23361019989347295,0.7551789065807568,0.011210893525770186
id15659,0.040842820916938305,0.11073513033278755,0.848422048750274
id14673,0.9212852680453977,0.017181605205943945,0.06153312674865825
id22539,0.025325157329526667,0.01171418278146224,0.9629606598890113
id22413,0.3510339814312556,0.6320278479612255,0.01693817060751905
id19433,0.2822405142278965,0.1508796433112156,0.5668798424608881
id11633,0.004556178349751084,0.007079811015332105,0.9883640106349167
id04727,0.0393877792824778,0.029259223250574864,0.9313529974669474
id26735,0.09229382800521582,0.7458880386396816,0.1618181333551026
id17167,0.025383113914353606,0.9621996434405757,0.012417242645070627
id04188,0.8371216684915724,0.13832008898569156,0.024558242522735974
id07861,0.2968844954041102,0.6917922729375569,0.011323231658332917
id05163,0.9428778633089436,0.0035364059245429733,0.05358573076651342
id14142,0.2642185635518071,0.6821480377089613,0.053633398739231467
id16011,0.970136421412747,0.0063185332906961714,0.0235450452965567
id24117,0.02136484938168683,0.9769873162743374,0.0016478343439758191
id06439,0.038618679122854306,0.026539122819717573,0.9348421980574282
id06481,0.02668695907604947,0.0358721263093667,0.9374409146145838
id10069,0.739549051436844,0.024110042451737996,0.23634090611141792
id11204,0.08140118620203567,0.04471368131111074,0.8738851324868536
id15541,0.015116021697724817,0.0073533509481072115,0.977530627354168
id11872,0.021066956690293414,0.9096948721813536,0.069238171128353
id21639,0.029654521676399447,0.9431490888313537,0.02719638949224691
id19801,0.01728252361076184,0.0047758287410448,0.9779416476481932
id15798,0.35746148478163586,0.5942374656587996,0.04830104955956458
id18282,0.00568506890739328,0.00658958478114988,0.9877253463114568
id27107,0.08247085159078439,0.07839537830078032,0.8391337701084353
id23052,0.9841950936122877,0.0023712607649470302,0.01343364562276524
id19129,0.001572863772314681,0.9957446807163284,0.0026824555113569883
id08088,0.1459336885981414,0.7736512284407135,0.08041508296114507
id26398,0.9928435809081816,0.002755531347491489,0.004400887744326775
id06010,0.9065785715566206,0.016908979109848666,0.07651244933353078
id24813,0.9936400284499375,0.0025870328972213735,0.0037729386528412155
id27399,0.027700719982322344,0.02374585697248042,0.9485534230451972
id15776,0.47046868568503913,0.03186946364916355,0.4976618506657973
id25955,0.005007539708046643,0.006256952009101077,0.9887355082828523
id19866,0.019469511695044905,0.9570660127886527,0.023464475516302524
id00804,0.012883998405569624,0.005590749186673406,0.9815252524077569
id03140,0.9655114446869494,0.01907157363929986,0.01541698167375072
id21261,0.9626226334827741,0.009123746165823475,0.02825362035140233
id11754,0.9741427034784573,0.004659391761358394,0.02119790476018431
id07880,0.9767413210638071,0.007502690672978556,0.015755988263214456
id25080,0.022965664293649275,0.4130531901897837,0.5639811455165671
id09317,0.9080503637739109,0.0685234578755247,0.02342617835056444
id15488,0.930016381834032,0.056744011785716475,0.013239606380251458
id19606,0.48439086496066647,0.029086686792162288,0.4865224482471712
id14247,0.013430882817836163,0.005445135865014257,0.9811239813171495
id21692,0.09402556337828291,0.8743196566195477,0.031654780002169314
id24843,0.9386239172731742,0.04053614446515985,0.020839938261666
id11433,0.9577353837231257,0.025840047566627857,0.016424568710246515
id04705,0.0019072109757032863,0.9842959003190264,0.013796888705270334
id04583,0.004224235568828881,0.9917898743236697,0.003985890107501609
id21401,0.17003057068025776,0.013439442811937059,0.8165299865078052
id20649,0.9497854220032201,0.034192932964911986,0.016021645031867787
id02631,0.06276013054387418,0.9312063680671334,0.006033501388992467
id19128,0.13509572574612413,0.8504225447857433,0.014481729468132594
id27401,0.1069251473399718,0.8895734246859321,0.0035014279740959685
id10015,0.9032323398363558,0.06079024923205655,0.03597741093158756
id09875,0.465036072973221,0.5104911501739893,0.024472776852789785
id07941,0.9926037372814777,0.004193090794328065,0.003203171924194342
id00882,0.7646933048752035,0.08455334118256952,0.15075335394222705
id14143,0.9648250227903913,0.009717822064893291,0.025457155144715346
id02713,0.01455182863060023,0.008934821215909884,0.9765133501534898
id16462,0.1366163774868169,0.7001262816853048,0.16325734082787827
id08522,0.9580072128511699,0.015078070536913527,0.02691471661191655
id07181,0.01171939768193032,0.9856135104933157,0.0026670918247539465
id20918,0.008938664751404764,0.006783701039222601,0.9842776342093726
id06178,0.018014476546961637,0.026352558131457572,0.9556329653215808
id08857,0.017954819719777828,0.9772896044459413,0.0047555758342810485
id23193,0.983938263734693,0.002228788659990532,0.013832947605316663
id19651,0.9957500634930276,0.0017559757111715998,0.002493960795800668
id09135,0.02369822373401064,0.006929365419486168,0.9693724108465033
id16416,0.004333889532824017,0.9864373932777685,0.009228717189407525
id03990,0.9879993434469438,0.0042633156992778485,0.007737340853778161
id09922,0.026095144128598598,0.038294070350866384,0.935610785520535
id17688,0.21885786056128204,0.6164063249891005,0.16473581444961746
id05846,0.9146587789977672,0.062073171938020255,0.02326804906421258
id22599,0.003683488022204619,0.9944105240651177,0.0019059879126776258
id15087,0.47661267117749256,0.5060878325374611,0.01729949628504619
id14711,0.012804307423560795,0.025460676782057517,0.9617350157943817
id09969,0.0022331742576489314,0.9963268459502639,0.0014399797920870308
id21377,0.021791898215579704,0.022736403044325445,0.9554716987400947
id25247,0.110599961058498,0.7953158662035642,0.09408417273793786
id23590,0.0329081270759663,0.9641571929071308,0.002934680016903042
id21390,0.14953156333247367,0.04112930441014315,0.8093391322573831
id21176,0.02612298710931794,0.963752776853978,0.010124236036704011
id27310,0.5802763618735357,0.08534037850913785,0.3343832596173264
id03802,0.019175074323443998,0.00494403141498627,0.9758808942615698
id19012,0.9733940327617485,0.006961848494269696,0.019644118743981902
id02414,0.016693640492251978,0.008488347445581022,0.974818012062167
id21814,0.11523030284492557,0.028668190491112758,0.8561015066639616
id00247,0.9662258616678016,0.027503266020961096,0.006270872311237231
id24584,0.9469944285683086,0.035183171520339306,0.017822399911352038
id01109,0.032564732603402056,0.00894975811759602,0.958485509279002
id07953,0.966106358319737,0.003111867686089588,0.030781773994173416
id02030,0.26062192065880185,0.3035966108073277,0.43578146853387034
id23912,0.05783044477229597,0.029073502622108758,0.9130960526055952
id13856,0.476931923475084,0.01730476390601656,0.5057633126188994
id18661,0.07871145493059331,0.9150043508245549,0.006284194244851793
id16595,0.015345731135276704,0.018421194036358064,0.9662330748283652
id11387,0.036635489756963895,0.2412549903270792,0.722109519915957
id12489,0.010127098534228428,0.042185974548552635,0.947686926917219
id26079,0.9862535345237708,0.010073429380292896,0.0036730360959361824
id05553,0.2676651471927091,0.7106770428719463,0.021657809935344708
id09596,0.9653371492057443,0.017231466304526977,0.01743138448972881
id23663,0.005481347040229673,0.9879934453329089,0.006525207626861529
id25726,0.3229445200214146,0.11191657033473285,0.5651389096438526
id18105,0.13837591245543013,0.01765150966159548,0.8439725778829745
id23249,0.1745153629966411,0.5773825144345685,0.24810212256879047
id19756,0.014317359816221757,0.0037080517705102203,0.981974588413268
id23981,0.005545025438424442,0.962396570603793,0.032058403957782644
id11521,0.012718511671433896,0.002854409031294932,0.9844270792972712
id17449,0.012213107056084093,0.007549363656300889,0.9802375292876151
id15479,0.9679851272217928,0.016425147701270668,0.015589725076936687
id13555,0.010270147423104859,0.017051603371027315,0.9726782492058678
id01520,0.39938954356583417,0.01392232759560888,0.586688128838557
id03093,0.3474761511639917,0.16356410543388905,0.4889597434021193
id09992,0.8890705685402017,0.050255972642393724,0.06067345881740458
id06668,0.048054204245665456,0.937873669750297,0.01407212600403769
id19568,0.9451327103880499,0.041333554023673426,0.013533735588276556
id17963,0.8731915795257096,0.04152344858316255,0.08528497189112802
id04142,0.8965581064841329,0.021188878946746276,0.08225301456912068
id24508,0.04174438978964463,0.005486046507481306,0.952769563702874
id10791,0.8955588500801245,0.010215912397620939,0.09422523752225465
id01228,0.10224861153163699,0.04628288793800699,0.851468500530356
id24879,0.8851833767858283,0.02276911525413649,0.09204750796003534
id19795,0.12428874160674824,0.1413152795975334,0.7343959787957184
id02488,0.02499034174318114,0.008840905665703093,0.9661687525911157
id10204,0.7585884250927044,0.014133882578425846,0.2272776923288698
id20878,0.8509251425400888,0.12208905119851163,0.02698580626139957
id10163,0.03136339311029083,0.012432730775544163,0.9562038761141651
id26439,0.07522418022072383,0.007591746611238547,0.9171840731680375
id06268,0.9519730957437648,0.04398921858845737,0.004037685667777928
id05530,0.014374817735805703,0.008255685809359085,0.9773694964548353
id15914,0.002470993615058361,0.9932435668907785,0.0042854394941631135
id21656,0.03001854614000949,0.9382885714527394,0.03169288240725122
id16473,0.08479872272104451,0.9123589408964192,0.002842336382536236
id11262,0.0053983456251653975,0.006433708773073316,0.9881679456017612
id15332,0.02457701407197945,0.01457482984219862,0.9608481560858219
id01765,0.004774893310306523,0.00353538398698374,0.9916897227027098
id12527,0.9730515924641503,0.007982857395721644,0.01896555014012799
id16877,0.027186642812710556,0.004003657763483836,0.9688096994238056
id19105,0.04613071110599863,0.913245377956171,0.040623910937830285
id19533,0.9811606950798757,0.0030052832239536096,0.01583402169617069
id27557,0.008062246149161427,0.9887367884854303,0.0032009653654082666
id19487,0.007338770580634425,0.008209334684885071,0.9844518947344806
id25958,0.01810238708354066,0.044388887979927745,0.9375087249365316
id22331,0.9698579619685411,0.004092520248552884,0.026049517782905977
id13674,0.9198679506612221,0.07135617348851499,0.008775875850262906
id04688,0.9822337419761537,0.005159154918910867,0.012607103104935522
id25663,0.0035087417871792577,0.004536387142582296,0.9919548710702385
id00344,0.030976873231317634,0.964408651762876,0.004614475005806435
id11323,0.9915018066235728,0.005073436894730231,0.003424756481696925
id18670,0.2377276873956066,0.7488906685151551,0.013381644089238406
id23811,0.9648896311300398,0.018866320796889425,0.01624404807307093
id27702,0.9769150095118385,0.013751126527317237,0.009333863960844277
id09979,0.8950507905795981,0.012558416866194876,0.09239079255420685
id25040,0.005983026983779019,0.9901491531724793,0.0038678198437416137
id00083,0.22003161013169523,0.7700664964438115,0.009901893424493238
id19751,0.9960731769130934,0.0016774063566293391,0.0022494167302773297
id19385,0.014822409289456533,0.019876503057121495,0.965301087653422
id22498,0.8349082385004208,0.07006546290961911,0.09502629858995996
id20381,0.9740845763948559,0.003081186221154912,0.022834237383989226
id00428,0.008216862706898597,0.0042700770416933,0.9875130602514082
id26942,0.008385891595873161,0.9376149342201789,0.053999174183947965
id10242,0.8197126091882744,0.026885840449718364,0.15340155036200723
id08136,0.00641279482409433,0.008127076456053045,0.9854601287198526
id00055,0.006935099522264916,0.0162104856511604,0.9768544148265748
id15243,0.11167433008405123,0.16717775429779197,0.7211479156181567
id13954,0.9889744984611096,0.004806751818549704,0.006218749720340606
id26797,0.9603710875586723,0.0034031108457050164,0.036225801595622636
id11384,0.008580833703277526,0.9678207528087744,0.023598413487947865
id07965,0.1449073894352872,0.3870845099913663,0.4680081005733466
id19311,0.6531031626049449,0.04127160526938703,0.30562523212566794
id08841,0.5374856543643036,0.4444363781890679,0.01807796744662855
id14884,0.9041191238834954,0.06092287773943324,0.034957998377071496
id10859,0.9481530029763977,0.0042132800764382045,0.04763371694716394
id10460,0.2318697888119355,0.7541197816379168,0.014010429550147528
id25236,0.46014879101126827,0.15556365602346994,0.38428755296526185
id19325,0.0169239769865288,0.9792849419527025,0.003791081060768736
id03265,0.01691990237534207,0.9635572145637895,0.01952288306086851
id08636,0.00673107671326716,0.9791181976322363,0.014150725654496583
id11848,0.019512171788858446,0.9669152317698214,0.013572596441319976
id20945,0.927816791145697,0.021175202884119386,0.05100800597018348
id04971,0.9884182609213568,0.004947248441522784,0.00663449063712037
id08496,0.9514630642524035,0.026398571373201576,0.022138364374394814
id23091,0.03628549324520044,0.0077332239579652375,0.9559812827968345
id06654,0.019344488221881707,0.7375522717737655,0.2431032400043529
id10002,0.9627601194017261,0.02813663782250808,0.009103242775765746
id16426,0.8922871424751455,0.01534886217687629,0.09236399534797825
id12285,0.0037259429329336053,0.9942020119469562,0.0020720451201100515
id18466,0.9725599897943625,0.01948473073873324,0.007955279466904292
id27110,0.9691086902728434,0.00607433026408019,0.02481697946307631
id07502,0.9357085396388013,0.045689096811736454,0.018602363549462316
id02890,0.037381275450239844,0.9483273488161351,0.01429137573362494
id19800,0.017663729866808326,0.9789074035258123,0.003428866607379247
id19162,0.5865193417571157,0.06003335622343729,0.35344730201944685
id23696,0.9568761446786233,0.036433099277600994,0.006690756043775771
id25580,0.9344870214283308,0.03175680703937294,0.033756171532296236
id09671,0.017476121370672785,0.9687300255580178,0.013793853071309486
id21501,0.0048979795170195585,0.9927348774490795,0.0023671430339010056
id23983,0.019118101482315818,0.04992019977500113,0.930961698742683
id15163,0.16739641774895164,0.5158455356483755,0.31675804660267276
id03351,0.009731672679927902,0.9787064514871059,0.01156187583296629
id07575,0.004080699386298145,0.9932984402929265,0.002620860320775403
id12149,0.20617956677154883,0.6046304024091027,0.18919003081934854
id10262,0.07203346087254515,0.9013390671986314,0.026627471928823403
id20055,0.018852348323333774,0.9769136724848171,0.004233979191849246
id16660,0.9899984859526192,0.002235254585896754,0.007766259461484103
id03200,0.1266090044471821,0.8286772826040947,0.04471371294872316
id19508,0.1823693706759015,0.054545509203477005,0.7630851201206215
id03793,0.0020315906243189193,0.9948529809304232,0.0031154284452580097
id19882,0.036106387999599567,0.42680843556162457,0.5370851764387758
id16261,0.9382149918503211,0.054779943682121975,0.007005064467556806
id22519,0.016500108443431576,0.019773657951656223,0.9637262336049123
id24023,0.03969626879746913,0.9369942937061201,0.02330943749641073
id04432,0.8261956640231743,0.06654168810479265,0.10726264787203306
id06228,0.9710098401260278,0.0046628637666712505,0.024327296107300948
id20655,0.9361901386291281,0.016553192604307983,0.04725666876656403
id10603,0.011190395775791095,0.9821307625658238,0.006678841658385046
id05162,0.9757190009565998,0.01951269530093439,0.004768303742465776
id18462,0.04558733630815297,0.3598423275281608,0.5945703361636864
id10034,0.008122775622485126,0.9822950344016922,0.0095821899758228
id20090,0.008839384195099992,0.0056322853145517595,0.9855283304903483
id10966,0.022936344635876186,0.011266633625894671,0.9657970217382291
id10696,0.004049371374548428,0.9915261693481565,0.004424459277295157
id01326,0.11467447790028452,0.13500045519887346,0.7503250669008421
id03613,0.7104010265034387,0.2564914915813392,0.03310748191522209
id01794,0.9616222242072204,0.025993846651177533,0.012383929141601984
id26181,0.007938990583893009,0.005583535723188517,0.9864774736929184
id27587,0.9330740602866258,0.042118665055165865,0.02480727465820849
id08364,0.9938463634604183,0.001904807971569789,0.004248828568011968
id24179,0.9328842545529912,0.02005300718886588,0.047062738258143014
id02284,0.9638237218698521,0.01505206457540072,0.02112421355474718
id10671,0.9891019607462103,0.003714606479513434,0.007183432774276388
id08252,0.10149951484754982,0.8688663906243222,0.029634094528127927
id15951,0.8412291963474138,0.015356686534844472,0.1434141171177416
id21864,0.038747875901847494,0.02108227667119734,0.9401698474269553
id04453,0.0036493713107093183,0.9887855509224223,0.0075650777668683595
id12771,0.03838872389798083,0.12641900214380244,0.8351922739582168
id09751,0.2538847327305247,0.514691676033622,0.23142359123585335
id10572,0.6937049134955063,0.2900997757134559,0.016195310791037698
id13036,0.02080494980825494,0.026925663976813324,0.9522693862149317
id00112,0.21068624234032365,0.1922751357865376,0.5970386218731387
id13299,0.014552135602359429,0.0943248875181765,0.8911229768794641
id00858,0.06829504855176433,0.0775072736945042,0.8541976777537316
id08297,0.03301573163441738,0.9578246737333249,0.009159594632257654
id11005,0.01956210989482023,0.02027832300157419,0.9601595671036057
id25101,0.005769415686054052,0.9834451554127638,0.010785428901182252
id26150,0.9920699911030142,0.004576583742024328,0.0033534251549614674
id13836,0.8503697615795413,0.010945517283412268,0.13868472113704658
id07352,0.024711392677601876,0.9202936215881137,0.054994985734284366
id08883,0.2928912971300085,0.12165814443684449,0.585450558433147
id09328,0.06319320457298824,0.9080654307721888,0.028741364654822757
id03934,0.021673214707411428,0.29133982713812023,0.6869869581544683
id14064,0.004527359478476136,0.9799357604887089,0.015536880032814972
id06643,0.6562244277652246,0.01134615014090811,0.3324294220938674
id21558,0.9833044200591678,0.012802027475510212,0.003893552465321899
id17053,0.15777776146739536,0.04176432277029348,0.8004579157623111
id06434,0.02484277799463496,0.034356668103451046,0.9408005539019141
id16616,0.021159712887261446,0.005263400574390217,0.9735768865383483
id03306,0.020277849912535815,0.006820553189950251,0.9729015968975139
id07375,0.006612495402036295,0.9003285619812589,0.09305894261670483
id07934,0.009006559522788577,0.0030913223863745765,0.987902118090837
id02202,0.8522715182671666,0.00820374857317908,0.1395247331596544
id03667,0.9771172950694508,0.002492245926087917,0.0203904590044613
id27531,0.6412565226681242,0.32805875813594276,0.03068471919593301
id00608,0.005923724298787164,0.9709786589832226,0.023097616717990366
id18141,0.19687057088724091,0.012935851576703397,0.7901935775360556
id00008,0.9935058539342816,0.0025952160793352875,0.003898929986383185
id08845,0.8699843081902722,0.030184028675474813,0.09983166313425314
id16610,0.9910310053120153,0.0023626420387896853,0.006606352649195114
id07464,0.014823500047517407,0.012076751052225639,0.973099748900257
id02189,0.9923196873946937,0.003314976419678625,0.004365336185627792
id17456,0.022278795598978517,0.045525963943240835,0.9321952404577808
id09421,0.05346305669359562,0.14008445727184307,0.8064524860345614
id12813,0.08585842437627392,0.22594351599252718,0.6881980596311988
id23428,0.02198538911412392,0.010174439068884496,0.9678401718169917
id01358,0.9529024082081206,0.04138741962574195,0.005710172166137441
id02737,0.023109054347567555,0.9541804888920083,0.02271045676042398
id27430,0.03950468568211471,0.021603912790091512,0.9388914015277937
id12857,0.012415081278683586,0.9806941818295231,0.006890736891793412
id01905,0.013447668573494229,0.004069583627865376,0.9824827477986403
id18314,0.9911272424323868,0.002244940653781037,0.006627816913832185
id02216,0.9877986012193959,0.0031815636009306326,0.009019835179673493
id04034,0.006441170030803561,0.98885782421376,0.004701005755436631
id11461,0.03922244734360353,0.9531124438905338,0.007665108765862582
id09397,0.2624509468576002,0.4380511924188789,0.299497860723521
id25870,0.02789473298217666,0.9560854702314673,0.016019796786356125
id11653,0.7871319300318,0.03968299237168185,0.17318507759651808
id10046,0.9572491932947831,0.0076280063616549765,0.035122800343561925
id27294,0.9315011622136677,0.06293947322590798,0.005559364560424267
id09975,0.9943657758563738,0.0025596078386524875,0.0030746163049737542
id09133,0.0054624952901769505,0.0049674939333329855,0.98957001077649
id08410,0.913917816174025,0.03932890744913515,0.04675327637683973
id19062,0.12988289452959728,0.7528401930216462,0.11727691244875645
id26530,0.011345512603430316,0.028376953431060406,0.9602775339655092
id09772,0.9434602513647617,0.018434067911752245,0.03810568072348597
id10360,0.9842993055324294,0.006356047068865942,0.009344647398704633
id12530,0.002859781943867787,0.9939813892681871,0.003158828787945145
id06013,0.019186896536700204,0.009432477005283733,0.9713806264580161
id10525,0.9826011182193848,0.009645257399976938,0.007753624380638193
id25934,0.006294747982639718,0.9916035215670124,0.002101730450347865
id10624,0.9904492850707222,0.003519328587228948,0.006031386342048798
id16000,0.03350003938513765,0.0177456577216708,0.9487543028931916
id01995,0.9588636503397285,0.00558308301460673,0.0355532666456648
id26809,0.007143093689014994,0.004621022255014864,0.9882358840559702
id06631,0.007398541932141227,0.9875127472911907,0.005088710776668074
id23869,0.011886012026396199,0.026485944836467563,0.9616280431371363
id06357,0.013161643401795596,0.9790988580224249,0.007739498575779426
id02926,0.01832036006592541,0.008457992021220611,0.9732216479128539
id14130,0.9952975329476541,0.0018483304352724787,0.002854136617073506
id12672,0.013837205911775521,0.9755002615397933,0.010662532548431239
id21593,0.9907062680720017,0.003791939832136836,0.005501792095861469
id06089,0.006352281155322423,0.9879304699231257,0.005717248921551823
id09878,0.02810192648038058,0.06908339097053746,0.902814682549082
id06940,0.011697165504553757,0.9821875751413968,0.006115259354049551
id11312,0.0353657977289902,0.9613590246163884,0.0032751776546212545
id25039,0.02890706406513825,0.01018316779241385,0.9609097681424478
id25401,0.7082659201428457,0.2188101031051645,0.07292397675198989
id21772,0.04583179172387749,0.35190886851705344,0.6022593397590692
id22915,0.0036375437380480225,0.9329740950526116,0.06338836120934029
id01096,0.4708569440429316,0.5033067449723645,0.025836310984703792
id15071,0.001753680384058123,0.9962648839700704,0.0019814356458713774
id01062,0.009060605482044251,0.005146762777755558,0.9857926317402003
id09059,0.007702366800253644,0.9860750553782757,0.0062225778214705435
id16954,0.9194187312507321,0.013452222519496624,0.06712904622977126
id11730,0.9309720451957362,0.04750657525394055,0.02152137955032321
id26294,0.02902067904360006,0.02501616144337339,0.9459631595130266
id00940,0.07989223107156483,0.9044070566539657,0.015700712274469286
id08422,0.5718790540729325,0.3952814399181228,0.032839506008944586
id14612,0.00618699964030248,0.008432831917468787,0.9853801684422286
id11545,0.9524178032070117,0.038143025343756416,0.009439171449231704
id24921,0.16711236187851747,0.028225452773461713,0.8046621853480209
id18942,0.9252303836727267,0.014238691339765585,0.06053092498750764
id23652,0.07475420986946556,0.1972109619834397,0.7280348281470947
id07261,0.7437066089873622,0.0069979913905992615,0.24929539962203848
id11791,0.9836571295353947,0.00921717922307958,0.007125691241525688
id07207,0.19470456011627754,0.0428074688873589,0.7624879709963637
id19774,0.9867331678487383,0.008484448669781998,0.004782383481479814
id06049,0.9853097602715375,0.007498327084166356,0.007191912644296229
id13983,0.8530249741877084,0.007864921262347564,0.139110104549944
id27463,0.060627036594988935,0.017758938982052806,0.9216140244229584
id09046,0.03598055867795514,0.024918400787805096,0.9391010405342399
id25994,0.08355460742539578,0.9122212516607313,0.004224140913873005
id02689,0.03010441150679044,0.9504256567895636,0.019469931703645967
id14829,0.005636466173791583,0.9924411466148759,0.0019223872113324119
id20759,0.023063640262966423,0.004509167446489158,0.9724271922905445
id27848,0.9572261725848223,0.005142072336112167,0.03763175507906542
id08225,0.01721447893409997,0.0038986901679413685,0.9788868308979586
id17637,0.03618782187490246,0.022685412115147626,0.9411267660099499
id15355,0.9894090439257649,0.003677691941998792,0.006913264132236307
id13448,0.6589428707602316,0.07771291287428532,0.2633442163654831
id01981,0.06628196344459318,0.7588761525130973,0.17484188404230963
id09107,0.8670241325157577,0.015175261265598922,0.11780060621864331
id20630,0.9727770392176669,0.017190109968113695,0.010032850814219405
id10726,0.9234615439688066,0.06744173266899782,0.009096723362195613
id03636,0.013445153253507884,0.0520320162290766,0.9345228305174155
id01736,0.9205515735963836,0.05860364724681186,0.02084477915680461
id23828,0.9341051155175072,0.052738332251903594,0.01315655223058923
id27861,0.15696717626691892,0.4190138115076356,0.4240190122254456
id14983,0.9626428526861399,0.005696148377533536,0.03166099893632644
id04726,0.03914927321795816,0.12691419661711648,0.8339365301649254
id03313,0.05529353462541068,0.006788823430543758,0.9379176419440455
id21981,0.08648979897780329,0.8823303093048374,0.031179891717359437
id20082,0.6566674732589515,0.10227590482542534,0.24105662191562333
id03502,0.9776157102443707,0.012007003724010156,0.010377286031619172
id04804,0.9047628871572685,0.03291782239382375,0.062319290448907855
id20635,0.7749915106113278,0.01517710529320286,0.2098313840954695
id09564,0.9057033464272578,0.04316544804733919,0.05113120552540298
id01354,0.0340313824887446,0.9595046120935903,0.006464005417665254
id09441,0.005041864993386015,0.0025574685529307366,0.9924006664536833
id07175,0.4007011213816558,0.5416583217270745,0.05764055689126971
id15544,0.07224288270694036,0.04496491605983495,0.8827922012332247
id25935,0.937244568949205,0.047956592825506836,0.014798838225288
id19230,0.10110576578227301,0.8902703683461016,0.008623865871625365
id00718,0.06003466420734454,0.13441366909015875,0.8055516667024968
id00274,0.9921980486794344,0.004661929058396994,0.0031400222621687105
id16546,0.04419040542655511,0.9361556342054705,0.01965396036797443
id02136,0.003318192673044296,0.9946229751824512,0.002058832144504539
id19618,0.4304938485734808,0.5243782366384586,0.045127914788060684
id00503,0.014387142572425807,0.009150859744691313,0.9764619976828829
id11300,0.02144756367771364,0.9762431110320926,0.0023093252901938534
id21526,0.03618830969361169,0.9572993307873466,0.006512359519041718
id07300,0.0384107782848739,0.9601373037967695,0.0014519179183566369
id18782,0.022972098621156053,0.9574375248125453,0.019590376566298747
id01883,0.12418672402501414,0.854190727401994,0.021622548572991764
id25235,0.9898736460377666,0.004916955504340677,0.005209398457892653
id03747,0.046557375015771556,0.03200730936665902,0.9214353156175694
id07155,0.9233795754219974,0.061984888537250635,0.014635536040751887
id00565,0.9964310436015545,0.0014836639578652364,0.002085292440580335
id11232,0.9947769740632131,0.0023756669397666072,0.002847358997020329
id00722,0.020766838485262253,0.039044030408281846,0.9401891311064559
id19963,0.05095240927295167,0.06059081915401133,0.8884567715730369
id16866,0.9778228665778481,0.0066666386002095426,0.015510494821942198
id17280,0.22921048043914252,0.7195736114418023,0.05121590811905516
id04309,0.9150246080438442,0.0403973588140645,0.04457803314209115
id23317,0.01014526832558124,0.9623614825449996,0.027493249129419153
id25757,0.005744614794190531,0.9875749637086757,0.006680421497133772
id17088,0.019903031678648382,0.040999719061682496,0.9390972492596692
id19779,0.018332650230517493,0.007418624338905436,0.974248725430577
id26845,0.026519587287457937,0.9636960795840538,0.009784333128488282
id01923,0.8151236167577812,0.1358497305879693,0.04902665265424939
id09394,0.024529959333744605,0.868051894179015,0.10741814648724043
id25978,0.2726330530008669,0.24784303350236694,0.4795239134967663
id03898,0.20085566667985233,0.7904312523526625,0.008713080967485094
id11967,0.03419845907588899,0.009068164910758422,0.9567333760133525
id14964,0.9637950885707962,0.005438249781470434,0.030766661647733312
id06337,0.07572564920126973,0.007201149843492593,0.9170732009552376
id26501,0.009045374346328666,0.006069883697907786,0.9848847419557636
id20513,0.9392396564777354,0.05542979596528121,0.005330547556983423
id05044,0.990742456831506,0.004409001335101228,0.004848541833392903
id07951,0.020679187258854863,0.03470295863423821,0.9446178541069069
id14796,0.8618779118351283,0.11061262131473083,0.027509466850140992
id09780,0.0362911710463695,0.011879000825808563,0.9518298281278219
id13597,0.9956494313494393,0.0015367409524527807,0.0028138276981080567
id26413,0.9912395546987472,0.005456627181739265,0.003303818119513538
id14007,0.01705681743015363,0.9749836558401974,0.007959526729648973
id01799,0.1467617582634632,0.0683940480512325,0.7848441936853043
id24712,0.013012798883117589,0.30555822591565823,0.6814289752012243
id13156,0.1741982571045754,0.07837635039771373,0.7474253924977108
id25468,0.00771212619318081,0.005545446227613419,0.9867424275792058
id25877,0.9016291309313405,0.024499200046431347,0.07387166902222837
id22485,0.0027203854374571474,0.9959752226312214,0.001304391931321576
id09229,0.0569554064399046,0.11391738624630408,0.8291272073137914
id25687,0.32477153440676343,0.07870235536559632,0.5965261102276402
id12266,0.018159792144220734,0.0654278191060207,0.9164123887497585
id19723,0.9780172365807792,0.007804711096343323,0.014178052322877464
id03536,0.9937579904443,0.0022590962334160256,0.0039829133222838995
id24370,0.0027043241996546675,0.9935013733802764,0.0037943024200688133
id10745,0.024660001521761288,0.9729907681168724,0.002349230361366305
id17620,0.9617328975929239,0.0034231310578673253,0.0348439713492088
id16290,0.0025064245032198076,0.9887416095831852,0.008751965913595035
id04325,0.565172694051221,0.06758985119629143,0.3672374547524877
id23332,0.056093437202405186,0.0052841060921958805,0.938622456705399
id15082,0.005195328033408911,0.9930690423610672,0.0017356296055238997
id21581,0.07725992345351307,0.02659952412940057,0.8961405524170863
id17460,0.9735898672719958,0.008004252642493558,0.018405880085510702
id17003,0.9929897877679543,0.00315982294547875,0.003850389286566988
id15193,0.003334934357352673,0.9860249815350735,0.010640084107573824
id08389,0.09345197536550874,0.04061681373492531,0.865931210899566
id19831,0.003402013666293764,0.0040972574094842755,0.992500728924222
id25627,0.027063578494860713,0.049264535446394433,0.923671886058745
id14051,0.053018116708169624,0.01558752096394401,0.9313943623278864
id00942,0.9936534516355144,0.0029593289351999242,0.003387219429285769
id09184,0.010866843559274812,0.9250806305065655,0.06405252593415975
id21762,0.9833812164692555,0.011694497110544325,0.0049242864202001906
id07390,0.8469633440977005,0.07767882247024475,0.07535783343205474
id25785,0.011224927953738693,0.9747159903789724,0.014059081667288784
id17567,0.017681663843215734,0.9690909368176737,0.013227399339110536
id13118,0.015367999049366702,0.9811508895595871,0.0034811113910462035
id17508,0.010687713212492282,0.006002239537245539,0.9833100472502622
id21192,0.4726124778260786,0.03216744181526871,0.4952200803586527
id27884,0.02549790711618601,0.01972208662273676,0.9547800062610772
id08686,0.0050371177873277505,0.9718396609510395,0.023123221261632812
id01360,0.9601337756508844,0.031194941992173236,0.008671282356942426
id13689,0.049882136002893186,0.9077366135577543,0.04238125043935248
id01772,0.11351620637031151,0.20762236107610166,0.678861432553587
id17507,0.0025864952092631696,0.984496370202147,0.012917134588589877
id17644,0.981978537920816,0.012172666639965333,0.005848795439218635
id00494,0.9311857117312557,0.048019208625912184,0.020795079642831938
id09881,0.02586370393210624,0.9668273161359768,0.007308979931916923
id02306,0.9079388000758264,0.02934807441033909,0.06271312551383451
id06761,0.7846793652232146,0.19801504039277604,0.017305594384009467
id15045,0.15016492150638666,0.28545015830147175,0.5643849201921416
id05992,0.012563027221062189,0.004305514504034816,0.983131458274903
id18245,0.40087132340716525,0.030939426141389215,0.5681892504514454
id01047,0.8775013840870748,0.006870707706350768,0.11562790820657452
id23601,0.012362337488140352,0.00631812513536184,0.9813195373764977
id13140,0.8118593048266353,0.007636651977435074,0.1805040431959297
id05280,0.0037609100679553893,0.9903886528892517,0.005850437042792865
id03728,0.09376078051841909,0.13311889343730648,0.7731203260442744
id15626,0.6317124606692714,0.1003560947677682,0.2679314445629604
id03086,0.007773658785642276,0.01097096430134158,0.9812553769130162
id27898,0.056515097227067435,0.6683965917937377,0.2750883109791949
id05891,0.9540329582421806,0.0022979708235601843,0.04366907093425936
id02214,0.010527342023703376,0.007600287120596132,0.9818723708557003
id17274,0.9653967776917384,0.002054722654697299,0.03254849965356443
id09359,0.9795614597724248,0.006694091001486699,0.013744449226088565
id03320,0.9907290228507384,0.003855039771587663,0.005415937377673941
id26061,0.961091104635923,0.028556252064788474,0.010352643299288563
id02869,0.98978743192097,0.006932657242607042,0.003279910836422878
id21891,0.0015664770699198097,0.9971109637112244,0.0013225592188557227
id06182,0.025024069569877197,0.9545176115295274,0.02045831890059531
id13429,0.004111909028488439,0.9914713581008076,0.004416732870703962
id15943,0.008365370017026145,0.012152222602592033,0.979482407380382
id13008,0.06732907322853107,0.9144939329618995,0.01817699380956938
id08587,0.8979641260395351,0.02884482380331235,0.07319105015715249
id03346,0.9516740005346523,0.03138320833278571,0.016942791132562012
id02052,0.026419991831684444,0.06691196375759753,0.906668044410718
id00916,0.25902117243385514,0.7033257992006589,0.03765302836548613
id11093,0.8885419721712852,0.013231992884268443,0.09822603494444629
id15190,0.9809890637432798,0.011202482672083668,0.007808453584636447
id23076,0.12317874446822114,0.4947947127539079,0.382026542777871
id25738,0.007704333255673692,0.9804631265602473,0.011832540184079154
id21546,0.008356160251210014,0.01011387830687359,0.9815299614419165
id17764,0.9666388450075251,0.022322217804249957,0.01103893718822495
id11990,0.9035343378089293,0.030913643667965042,0.0655520185231056
id21050,0.9209452882497365,0.04335686442563401,0.03569784732462957
id18324,0.35159169252722144,0.06382851354019256,0.584579793932586
id20690,0.8279501820159556,0.02644643619047552,0.14560338179356894
id19799,0.04348926387191093,0.035935965921733246,0.9205747702063558
id12658,0.980964490433356,0.01547747632176831,0.003558033244875833
id03781,0.024079063042251513,0.0710285646493008,0.9048923723084478
id04870,0.0026810107320631065,0.9921423147895555,0.005176674478381522
id20596,0.03537597259865589,0.9585874868876408,0.006036540513703193
id26849,0.9815012796881467,0.003322466828278292,0.01517625348357506
id00600,0.010183028510411243,0.9867347153276474,0.0030822561619413056
id11902,0.9940890222525304,0.003084557582369265,0.0028264201651005028
id19219,0.9820355797881277,0.007979256902271045,0.009985163309601188
id14788,0.009794459075095605,0.9884652673117115,0.0017402736131929112
id22482,0.003337707341875084,0.9659190311997435,0.030743261458381486
id15378,0.007249342191672735,0.991229169201448,0.001521488606879277
id14696,0.009763612580508313,0.9888353631838104,0.0014010242356814028
id17359,0.04002482961567127,0.021908711101516234,0.9380664592828126
id16190,0.8048774218453509,0.026956536583397077,0.16816604157125206
id21285,0.8165851180703498,0.008024427587486713,0.17539045434216358
id06812,0.9767938170042221,0.015956549054060267,0.007249633941717642
id15579,0.005408132742982911,0.05210010998298184,0.9424917572740352
id26672,0.9921714906971274,0.0023536193508756427,0.005474889951996984
id09842,0.008545263126996907,0.9655159352595132,0.025938801613489822
id06045,0.9627020479078637,0.030165629488499268,0.007132322603637114
id21233,0.9903794813842228,0.0027200722301427573,0.0069004463856344195
id16227,0.9846164206894108,0.0041003350995062315,0.011283244211082885
id17437,0.022963364761628673,0.04160561359128645,0.9354310216470848
id02309,0.9901005393181587,0.006981658656909312,0.002917802024931929
id18232,0.008209767220148542,0.013727094207572819,0.9780631385722787
id23419,0.0050382703505573705,0.00762113950244524,0.9873405901469974
id11924,0.9706167058674077,0.00801169709262814,0.021371597039964302
id12263,0.9904176775979809,0.006951575281613003,0.002630747120406074
id16734,0.9761244401701223,0.006118224724554399,0.01775733510532317
id07989,0.4611607121210592,0.5254267128272752,0.013412575051665687
id24633,0.010860922329881381,0.01616058769547403,0.9729784899746446
id19770,0.9922694985022684,0.00241159971849037,0.0053189017792412046
id05094,0.03762966710959347,0.03777056456180909,0.9245997683285974
id07252,0.9244316098650961,0.010292550277858064,0.06527583985704584
id12536,0.9504266523077379,0.029630221438069794,0.01994312625419217
id24324,0.9650882192215667,0.027669746506087403,0.007242034272345912
id25546,0.02204173879082076,0.018851345168283358,0.9591069160408958
id24732,0.937408832790667,0.015537502002623046,0.04705366520670987
id07280,0.0311212989295387,0.8818699348730584,0.08700876619740286
id23268,0.9079027094199265,0.054143158592912334,0.037954131987161126
id18050,0.01714043101335365,0.006976064001555574,0.9758835049850909
id19360,0.9663008659961745,0.03124141284254841,0.0024577211612770737
id00456,0.031937547591729884,0.9580308755823215,0.010031576825948765
id14069,0.033872304554186446,0.9493940478739207,0.0167336475718929
id24965,0.007369695330260419,0.9870824830704695,0.005547821599270045
id13245,0.01796784319618639,0.029727058046886242,0.9523050987569275
id22515,0.030101422862058018,0.9591385209147888,0.010760056223153246
id11332,0.9726058104250356,0.0028903841893045644,0.02450380538565969
id19876,0.013918702214609982,0.0037632310010739605,0.982318066784316
id18315,0.9880110878449715,0.004144298309904483,0.00784461384512393
id05260,0.03333815567410769,0.9574739840890935,0.00918786023679878
id14594,0.004855612402997421,0.98608468606584,0.00905970153116248
id12867,0.9474177392563358,0.036720404226963564,0.01586185651670079
id05902,0.005668688201022959,0.991817313617915,0.0025139981810620936
id06390,0.011609729867337782,0.004197143520085876,0.9841931266125764
id06005,0.011383272515260496,0.8200532054436707,0.16856352204106895
id24075,0.05007339079544741,0.027874575946161405,0.9220520332583911
id12630,0.34682132582778735,0.6416901954786438,0.011488478693568734
id26378,0.015907169201493505,0.01758304664215812,0.9665097841563484
id05535,0.0550249660297791,0.9208871241738976,0.024087909796323213
id26702,0.004918131437951381,0.00728380316930698,0.9877980653927416
id25209,0.8904484568602397,0.023027696430280343,0.08652384670947992
id19835,0.01883394523298799,0.01940720167034713,0.9617588530966649
id09511,0.0230902063229015,0.9628938459604801,0.014015947716618323
id27364,0.9399847958075372,0.042182275633277144,0.01783292855918562
id09695,0.7094330124982111,0.059071406286739805,0.23149558121504896
id16165,0.925805501083655,0.016660883148109172,0.05753361576823581
id19503,0.01640480548636145,0.017668287228288736,0.9659269072853499
id13511,0.014386300968470352,0.11327560530536851,0.8723380937261611
id18752,0.026492374886718056,0.02625598384451576,0.9472516412687663
id18278,0.9812179165100634,0.01392716998475854,0.004854913505177969
id27219,0.9513152650981862,0.006812804880096958,0.0418719300217168
id05454,0.011716026733298315,0.9609925309333125,0.02729144233338932
id12347,0.74284885789658,0.021192808597977012,0.23595833350544304
id10397,0.7238842678337675,0.01943739289039059,0.2566783392758421
id18543,0.9702287341279678,0.010018905665048405,0.019752360206983913
id05210,0.9809775785769081,0.010083615419251043,0.008938806003840916
id23141,0.022845960674152975,0.9537667507907339,0.023387288535113144
id17139,0.9738670622872948,0.021126528453588193,0.005006409259117032
id21399,0.9920469216223484,0.002341834835438249,0.005611243542213382
id18728,0.8496246402907921,0.012616516195261294,0.13775884351394668
id12170,0.04566389444508384,0.9511406637561678,0.00319544179874842
id02225,0.007690523764268172,0.9739284684576737,0.018381007778058248
id27210,0.05216047530865773,0.9452823751650602,0.0025571495262819506
id01242,0.01323012804899869,0.00863914424355537,0.9781307277074459
id16587,0.6989043247331708,0.02115452626809475,0.27994114899873446
id11144,0.028697150434024186,0.017130395178582686,0.9541724543873931
id13709,0.8873648094365875,0.03478019072089597,0.07785499984251669
id00841,0.024356551503567813,0.9200919162775573,0.05555153221887482
id09692,0.01047617149859949,0.008396093775663504,0.9811277347257369
id07635,0.9868804642232972,0.0028850897932722105,0.010234445983430594
id11375,0.9889831930034488,0.003910942414443995,0.007105864582107239
id05703,0.928976334747482,0.028986223870731066,0.04203744138178702
id02757,0.9769628689300958,0.011878693641250666,0.01115843742865373
id08216,0.005282586109910841,0.991280230611222,0.0034371832788672617
id09311,0.01125278972727511,0.0695608416427126,0.9191863686300124
id11169,0.9377070633357091,0.028708336087172694,0.033584600577118116
id23806,0.9720009728619166,0.0048369778999400904,0.02316204923814326
id01253,0.019348663428206247,0.003413061466115551,0.9772382751056783
id27558,0.17115289512886045,0.753219477974023,0.07562762689711647
id06695,0.9964892146018574,0.0015521163983303718,0.0019586689998122714
id22654,0.0549426477371855,0.9036695605666804,0.04138779169613407
id16201,0.7701541964648018,0.0072225806455564825,0.2226232228896419
id00873,0.933189709821997,0.03689197039138959,0.02991831978661349
id07131,0.9739241634956972,0.006319855896373647,0.019755980607929238
id11454,0.012757616859073796,0.9826318200017017,0.004610563139224401
id19481,0.9615346052194435,0.02175949496262988,0.016705899817926733
id16409,0.42447863345618453,0.03345455341513318,0.5420668131286823
id01686,0.9698927397007443,0.011563495188272982,0.018543765110982664
id24068,0.9417139291057469,0.023968712645176873,0.03431735824907613
id14825,0.9881652458181743,0.005543557401455947,0.006291196780369764
id13611,0.9857733605448912,0.0032748137410879346,0.010951825714020945
id05586,0.9919824560675604,0.004754483869255954,0.0032630600631835217
id04497,0.9825372391631558,0.014471819827577679,0.0029909410092666074
id13912,0.22643579015694168,0.7319885790134446,0.041575630829613755
id09675,0.06781864627248194,0.2711114123182037,0.6610699414093145
id23620,0.014880397364450666,0.8978653907870033,0.08725421184854602
id05596,0.014390640263857751,0.04623147903474587,0.9393778807013963
id09067,0.02170695326455277,0.026236277923310073,0.9520567688121372
id05445,0.02531105792187833,0.9729488386481925,0.0017401034299291134
id16825,0.007740274730754323,0.006530506280404459,0.9857292189888412
id21127,0.9959292667557921,0.002103105218030691,0.0019676280261773068
id01740,0.00498860664251524,0.00714234667260552,0.9878690466848793
id12719,0.9811667813434165,0.009175616950503266,0.009657601706080309
id14137,0.030223894985772704,0.1252832522240044,0.844492852790223
id08909,0.014824430423359495,0.010523501856974581,0.9746520677196658
id24041,0.41894650141153067,0.08822770761167181,0.49282579097679746
id14489,0.9473749998009973,0.019975948614093998,0.0326490515849088
id14961,0.07518085623453089,0.015434764828443963,0.9093843789370253
id19923,0.9048212684949806,0.08073639618361202,0.014442335321407436
id03339,0.008787416414197493,0.9893727778094514,0.00183980577635119
id08864,0.004205101885124641,0.0026950530829869543,0.9930998450318883
id19803,0.9612472722625927,0.006938791932337385,0.03181393580506999
id09810,0.9868909567023723,0.0017688188351047643,0.01134022446252282
id23324,0.7471543356508443,0.01906030919417807,0.23378535515497775
id22050,0.002378682665550009,0.9944853788805166,0.0031359384539333935
id11386,0.15348472512874317,0.8367768521973696,0.009738422673887075
id14739,0.995722783796072,0.0015878064914311067,0.0026894097124967775
id02882,0.9844860877092825,0.0060344836193168576,0.009479428671400787
id11988,0.27621285203203905,0.6444422257969679,0.0793449221709931
id18839,0.013408905125778843,0.9833762528800958,0.003214841994125189
id08474,0.004310655045477358,0.9935102323180918,0.0021791126364308342
id01060,0.08602862321379452,0.9055156069324501,0.008455769853755195
id06551,0.9664439464313845,0.017462504218682503,0.016093549349932925
id06210,0.05208924959300391,0.0051494995737154745,0.9427612508332807
id12349,0.04665930875454507,0.04185143036567818,0.9114892608797768
id21813,0.07411011590409494,0.011539041095508495,0.9143508430003967
id13028,0.03690382736648345,0.9546381338085983,0.008458038824918144
id10021,0.047363153341595306,0.02150396498572871,0.9311328816726759
id07425,0.010931769546440671,0.006603197025237933,0.9824650334283215
id24409,0.004986091178048929,0.9924292464547941,0.002584662367156859
id21183,0.9822570417154363,0.0020119386242005662,0.015731019660363218
id26178,0.3042402831612125,0.6265828110727683,0.06917690576601933
id24033,0.43432455966511974,0.032913330148103416,0.532762110186777
id14793,0.010365742056556675,0.0036903414970366074,0.9859439164464068
id03053,0.9818808699810726,0.00626671864713648,0.011852411371790973
id24285,0.9459876829990027,0.028625497317155184,0.02538681968384209
id09137,0.9935120575719424,0.002399898794769209,0.004088043633288427
id03185,0.9926626271426763,0.002432814821411621,0.0049045580359121975
id21242,0.013522982007926643,0.9698227965082252,0.016654221483848236
id17446,0.9809685353464296,0.004535410269540268,0.014496054384030134
id00087,0.8577717320464171,0.12734188283700262,0.014886385116580206
id11019,0.9160789550930797,0.06957140222222387,0.014349642684696464
id18832,0.08309336422350821,0.9025526289628216,0.014354006813670167
id19224,0.20834016356677343,0.04147102632099769,0.7501888101122289
id17436,0.08700209028601658,0.012631750669012806,0.9003661590449705
id09895,0.0063667620156238735,0.002657715832086913,0.9909755221522891
id20296,0.0168052169805536,0.010469093233667686,0.9727256897857787
id03074,0.03292976481674428,0.9469103954668308,0.020159839716424856
id09152,0.01257030109512312,0.9839795758212682,0.003450123083608729
id15277,0.008704212799690011,0.00805911874239926,0.9832366684579107
id07520,0.7390971569630939,0.2478863184721948,0.013016524564711312
id12928,0.0018054725449548781,0.9959489655504025,0.002245561904642661
id06197,0.09195686631961454,0.01344251696313364,0.8946006167172519
id24099,0.9856087913259054,0.00636196696747851,0.00802924170661604
id17392,0.9289235100330049,0.028683783024505225,0.04239270694248993
id17303,0.35553425640234826,0.010820023449895891,0.6336457201477559
id05682,0.9810252854192653,0.010276080722739618,0.008698633857995039
id14339,0.9885584511348352,0.0036045887792828858,0.007836960085881804
id07873,0.045253572206954425,0.021913222036725875,0.9328332057563198
id06939,0.05555301831628194,0.9055770796263394,0.03886990205737859
id14827,0.11872225852922764,0.20985555421312857,0.6714221872576439
id19768,0.047340339588034824,0.9328397006000814,0.01981995981188373
id18080,0.9806944718505469,0.00746651200244532,0.011839016147007638
id17384,0.9750578342412256,0.018586532848538808,0.006355632910235518
id12059,0.9386884882759344,0.05120327511700308,0.01010823660706247
id27382,0.007599016963496765,0.007882493531486682,0.9845184895050165
id23252,0.8348171296074761,0.02170405697502622,0.14347881341749782
id14797,0.08212571273779783,0.07406448651531133,0.8438098007468908
id25826,0.013983355828211974,0.0037703101688292763,0.9822463340029588
id27569,0.985194756479346,0.003993888535652835,0.01081135498500117
id05079,0.9200263690724267,0.06958007311929117,0.01039355780828209
id23749,0.9903520390727886,0.0036287913128734525,0.006019169614337983
id04852,0.008945468394950326,0.004157744517862659,0.986896787087187
id08920,0.9636911173867887,0.008543504025848128,0.027765378587363245
id15229,0.03052926671663087,0.04292916951943272,0.9265415637639364
id11992,0.2108491901521968,0.4875895450183571,0.30156126482944623
id21087,0.0744711325914358,0.17515915341733276,0.7503697139912315
id22173,0.9612745936263114,0.012044185789893953,0.02668122058379461
id26488,0.9225805902893394,0.040291802122177756,0.03712760758848293
id09378,0.9375151296345384,0.004580250216775429,0.05790462014868613
id19280,0.9067652979542078,0.07746344863851444,0.015771253407277818
id00701,0.007587346537238328,0.006276789898222737,0.986135863564539
id18252,0.9493897740420024,0.044126936626593324,0.006483289331404229
id19850,0.04507859433262918,0.1105252075772765,0.8443961980900943
id00967,0.0043679907815168196,0.9822162698792684,0.01341573933921491
id00670,0.9091602704279722,0.010897739958479334,0.0799419896135485
id10795,0.010341112328694897,0.007441612163173868,0.9822172755081313
id27312,0.04480152773052594,0.05255717958183168,0.9026412926876424
id10703,0.01559792878933673,0.005793458175626916,0.9786086130350364
id25596,0.2118430003381387,0.5526940688591789,0.23546293080268232
id00443,0.0493609352785671,0.00762620730140125,0.9430128574200316
id21638,0.014612546501492086,0.9559444987353637,0.029442954763144288
id15800,0.0022371237410427117,0.9916592941474218,0.006103582111535406
id23367,0.9570512571139357,0.011307344665068324,0.031641398220996084
id03600,0.9482560350932094,0.020092294341483852,0.03165167056530666
id07147,0.7361511147847339,0.10086748856151685,0.16298139665374928
id02654,0.01749296479398137,0.9718790639034123,0.010627971302606268
id17965,0.0031627275655477707,0.9871360773897735,0.00970119504467876
id24304,0.32556918993013534,0.6647160981566811,0.009714711913183757
id11626,0.934500829535466,0.04539622387118702,0.02010294659334692
id17604,0.007794447465562313,0.009923804379779067,0.9822817481546587
id24725,0.9434264417668379,0.04105827858401378,0.015515279649148363
id08894,0.9654116979652613,0.027115715510314508,0.007472586524424204
id01352,0.10513200368947487,0.01529317126733011,0.8795748250431951
id07907,0.9959923563359684,0.002335106945520037,0.001672536718511465
id02681,0.018563490506773604,0.00785574862838969,0.9735807608648368
id23951,0.023857948065321155,0.9677892535802575,0.008352798354421442
id11154,0.8086826861374727,0.009534043143494375,0.18178327071903289
id13182,0.9127336002857912,0.07345158422784054,0.013814815486368304
id04576,0.019349796197739442,0.9771228243248394,0.003527379477421123
id16318,0.9627400892375445,0.01064872384739165,0.026611186915063777
id05472,0.059494407481559784,0.033832847361746465,0.9066727451566938
id20567,0.9720783429655175,0.01949955632324325,0.008422100711239323
id21385,0.031079536077437766,0.31574790158031607,0.6531725623422463
id09834,0.8010752818839442,0.14580373137559163,0.053120986740464074
id02954,0.9513904853017715,0.014360044191874591,0.03424947050635382
id15456,0.06334408973155407,0.9259992006297373,0.010656709638708546
id06958,0.9921807842961762,0.004694403291233933,0.0031248124125900566
id18053,0.3999173258478419,0.01359415630550044,0.5864885178466577
id05180,0.019020001389102436,0.9706999486537266,0.010280049957170951
id21648,0.9793194577087975,0.008546610417473439,0.012133931873728994
id27095,0.16006824344602819,0.8229923191680282,0.016939437385943758
id16645,0.010898642659288608,0.9798947569340858,0.009206600406625668
id22508,0.9851263366366607,0.007067308974683444,0.007806354388655769
id01151,0.07374538668977546,0.029508560895247008,0.8967460524149775
id03451,0.27270694538902357,0.6844462656687105,0.042846788942266026
id20279,0.15342793329222182,0.02702665246797649,0.8195454142398018
id17480,0.022026672987833538,0.968176931416618,0.009796395595548376
id08280,0.18444734471464472,0.7950618888276,0.020490766457755213
id19245,0.9204232658495621,0.014214794269083156,0.06536193988135477
id20463,0.9752477698686557,0.011976999110818811,0.0127752310205256
id01510,0.0020136271410293462,0.9950034780080342,0.0029828948509363577
id22724,0.012637911705825294,0.015512003688714263,0.9718500846054605
id03386,0.006679629162651654,0.00574688528531738,0.9875734855520311
id26858,0.9347314164318057,0.05083623244345908,0.014432351124735426
id27612,0.9790430485492972,0.005777014585665049,0.015179936865037602
id14606,0.9937749522067673,0.0028778966547754648,0.0033471511384572843
id09273,0.010582732278184856,0.02119762620517508,0.96821964151664
id07736,0.009392153915385917,0.013972147022453333,0.9766356990621607
id22879,0.533921952769612,0.42010629833195295,0.045971748898435104
id01075,0.003261940881266635,0.9950831297564771,0.0016549293622563762
id14038,0.02020297127266161,0.9758959521887767,0.003901076538561679
id10294,0.9262336422585018,0.004099546707771804,0.06966681103372634
id06738,0.04316589624770143,0.8930663451297443,0.0637677586225542
id06932,0.006233343529301573,0.9909512325616217,0.0028154239090768937
id20905,0.0890928362894581,0.8927932289122585,0.01811393479828336
id03466,0.9540645229302842,0.013725478813181457,0.03220999825653437
id17100,0.024828170141668864,0.020213519718451433,0.9549583101398798
id00585,0.021588883072706015,0.01482293168285686,0.963588185244437
id05385,0.9917513668240512,0.0029896281984279557,0.005259004977520704
id21658,0.981990958771302,0.01573464549811949,0.002274395730578571
id25140,0.26089073761611026,0.7116445469757251,0.027464715408164597
id14623,0.0036927061162563076,0.9908783531516545,0.005428940732089073
id06925,0.9213337119700288,0.04949164235811324,0.02917464567185787
id03102,0.905194582876999,0.01128768161923978,0.08351773550376122
id15215,0.010005994537279548,0.9875442374607929,0.0024497680019275503
id16162,0.014188479573207914,0.9814732756344287,0.004338244792363365
id12412,0.002444904620652822,0.9943230059753398,0.003232089404007379
id27708,0.9461752670392093,0.005847601722033662,0.047977131238756944
id18508,0.9621367350052794,0.023578688202876,0.014284576791844654
id19857,0.9750232552038292,0.006708001721818276,0.018268743074352695
id27904,0.9320237693320068,0.006280364036954385,0.06169586663103869
id27345,0.26648182494207634,0.04051799314783682,0.6930001819100869
id09516,0.17533606920566086,0.8196759739253502,0.004987956868988918
id24277,0.17079435745908544,0.8146174802663264,0.014588162274588055
id26935,0.01858807003437678,0.9752852313006306,0.006126698664992744
id08544,0.0818133826787341,0.4602654751928397,0.45792114212842605
id13779,0.9657591876028662,0.006825384300396206,0.027415428096737634
id17103,0.7449419685796805,0.029125509360122745,0.22593252206019662
id01771,0.9099602364998045,0.025936609336592996,0.06410315416360243
id08211,0.006924143343555505,0.005318108048881262,0.9877577486075632
id06392,0.9962972284643248,0.001701173080707599,0.002001598454967714
id25629,0.9728033476438392,0.012429075057373676,0.01476757729878707
id15194,0.1725106869019653,0.32871040951351665,0.49877890358451815
id23962,0.008612253083257358,0.9857647944187495,0.00562295249799303
id14252,0.009076090966118344,0.006538793690524367,0.9843851153433573
id15381,0.9813369554212387,0.0028777966141730533,0.015785247964588172
id17385,0.05013962553458224,0.02447284080944963,0.925387533655968
id22826,0.9066657964599256,0.06168939617858715,0.03164480736148742
id16485,0.06828549004613726,0.9148507666510426,0.01686374330282022
id25744,0.9797830161276609,0.016889003511681634,0.0033279803606574322
id09192,0.9678258014865969,0.02482790036229932,0.007346298151103702
id08619,0.03101893892863749,0.9582139411097343,0.01076711996162821
id27889,0.07475224949242795,0.8988324679824209,0.026415282525151247
id10964,0.01646277276092543,0.045468110477125415,0.938069116761949
id00821,0.9245533112609767,0.03789631103627937,0.03755037770274405
id07120,0.9634606605987834,0.024157484807322882,0.012381854593893685
id05347,0.9639087045491184,0.028325293002565026,0.007766002448316712
id14047,0.9309915428696772,0.02044762667591865,0.04856083045440411
id24871,0.9619147879240456,0.026731651022030165,0.011353561053924273
id21417,0.7892605695672575,0.052457989332733095,0.15828144110000933
id03784,0.9474040106114264,0.03112265669095507,0.021473332697618412
id07389,0.22487877639698117,0.7619423494474645,0.013178874155554245
id16215,0.9910968580252711,0.005970457974016474,0.002932684000712419
id10976,0.011313911196500387,0.03293395265924285,0.9557521361442569
id00348,0.9959517122726776,0.0018563592745981328,0.0021919284527241786
id04027,0.24312580392449612,0.06572017296039459,0.6911540231151093
id21625,0.725267087512946,0.07424752293474592,0.200485389552308
id15117,0.014222843987940582,0.015056127116104405,0.970721028895955
id06776,0.03423235027809461,0.9604420548511661,0.005325594870739465
id10947,0.9922702377706343,0.0020017250985356278,0.005728037130830004
id11746,0.043103657043527775,0.01426031809648376,0.9426360248599884
id27779,0.02572943454075142,0.0025113922713649395,0.9717591731878837
id20789,0.14470384795352623,0.41071728483189024,0.4445788672145836
id16187,0.016923791531687465,0.015499612869451299,0.9675765955988613
id23834,0.011825993696088,0.9850394316728511,0.0031345746310607525
id25848,0.001779768110652521,0.9967734373461482,0.0014467945431993808
id08777,0.9395194969363304,0.013250986119513324,0.047229516944156356
id17045,0.010860593833760045,0.010372427406308476,0.9787669787599316
id01474,0.027400664868664323,0.005361092432925724,0.9672382426984099
id09396,0.08393897107699681,0.9090710282632154,0.006990000659787927
id22208,0.9947059151648817,0.0020675775826354205,0.003226507252482845
id13813,0.014415674357943465,0.016791239982279837,0.9687930856597768
id23386,0.9655029326923948,0.003244483872839788,0.03125258343476544
id02610,0.006129054347529029,0.9869236654306385,0.006947280221832553
id07647,0.02629739869999816,0.5104832317027032,0.46321936959729876
id24025,0.97498799420881,0.008699007360763567,0.01631299843042648
id25573,0.9904238464824265,0.0023400543944067996,0.007236099123166599
id23575,0.9580586587218977,0.010523943941721863,0.03141739733638038
id08968,0.2130132468476698,0.4874600371432446,0.2995267160090855
id09958,0.04108650775855971,0.9493474962345303,0.009565996006910042
id13648,0.6283932260134477,0.1736230101156426,0.1979837638709098
id00335,0.991563239978832,0.0027983683816381107,0.005638391639529898
id18099,0.9262061071019306,0.059615735186670835,0.014178157711398449
id24297,0.029037514091877024,0.02444171252085075,0.9465207733872723
id17751,0.030769125806244715,0.050025651568462774,0.9192052226252926
id02158,0.006860712265650063,0.9905461694115361,0.0025931183228139858
id03039,0.9783156582415541,0.010579046211918085,0.01110529554652789
id09467,0.22817198684607695,0.011403350489371309,0.7604246626645517
id14903,0.992104196873075,0.0027611592568030758,0.005134643870121992
id03331,0.28331229805943553,0.34385660480907737,0.37283109713148715
id27366,0.027333635260007656,0.026522447368530173,0.9461439173714622
id09199,0.9871022814104338,0.0018143701722391683,0.01108334841732701
id07681,0.02808748466901446,0.008629979002500758,0.9632825363284849
id11502,0.0015774912574997048,0.996895883610624,0.0015266251318763182
id00140,0.9816298079329179,0.004003112765762608,0.014367079301319433
id20159,0.7534791793124079,0.032275601130241284,0.21424521955735068
id02007,0.014004820409572115,0.01325168733575392,0.9727434922546739
id08188,0.9879660732440049,0.006407522240473725,0.005626404515521468
id04504,0.0201480447799698,0.021150468641156422,0.9587014865788737
id22031,0.9295400335297048,0.06145576756247754,0.009004198907817734
id17947,0.019390826536841908,0.03415886722109809,0.9464503062420601
id06267,0.9520787898392329,0.030599504290417818,0.017321705870349258
id14577,0.9755745612253879,0.007717963491462617,0.016707475283149344
id27313,0.9629262533064997,0.007228872214255555,0.02984487447924467
id16231,0.02517168836693759,0.9714835455669195,0.0033447660661428584
id02587,0.897284307171569,0.02977403320877747,0.07294165961965335
id04379,0.010512679565281605,0.9743335318799828,0.0151537885547355
id13503,0.04303008353404462,0.9449102753998815,0.01205964106607397
id03887,0.9918165606539635,0.0034477194479056897,0.004735719898130794
id22338,0.982694396975677,0.00915599047038242,0.00814961255394059
id20080,0.5943047912055984,0.37075207434628027,0.03494313444812136
id22392,0.9792880514328732,0.012613601099310057,0.008098347467816874
id03895,0.9432356347521088,0.0018745489968996182,0.054889816250991603
id17179,0.061008407538110675,0.9169339132804193,0.02205767918146988
id23466,0.013427194104526434,0.0036064363676480363,0.9829663695278256
id12592,0.043324740578076615,0.9508619322205253,0.0058133272013982445
id16947,0.9762700049468012,0.008692099052856275,0.015037896000342658
id13870,0.05455274069250093,0.37015887245252366,0.5752883868549753
id10717,0.008329976507808517,0.010137726755195593,0.9815322967369959
id09418,0.9279198018945194,0.05468832579897594,0.017391872306504675
id20753,0.9535375945533355,0.014157918935499975,0.03230448651116459
id00114,0.026259436646299726,0.02732347209603104,0.9464170912576692
id00627,0.9337600606378589,0.06415349240798356,0.0020864469541576813
id07738,0.0018125273410863636,0.9966466658839497,0.0015408067749639706
id14516,0.7714093271177783,0.16391307698474716,0.0646775958974744
id02107,0.006406929582497454,0.986132216927831,0.007460853489671619
id18378,0.016091328636514555,0.9779535333255956,0.005955138037889875
id02751,0.044908339433669765,0.005684938780637475,0.9494067217856929
id26105,0.034831036324882186,0.0473887604723608,0.9177802032027571
id07659,0.05972607149575639,0.6074945274228469,0.33277940108139675
id07421,0.9888624725399155,0.004177424214660323,0.006960103245424037
id00325,0.9422359454423145,0.033347294784707514,0.024416759772977914
id12253,0.9877529170774095,0.00872662323672854,0.0035204596858618947
id23427,0.9896178359345124,0.0065217919946409545,0.0038603720708466492
id06202,0.9744760087895781,0.00491717129041013,0.020606819920011784
id21320,0.0039054851423998343,0.005322176980882073,0.9907723378767181
id21994,0.41873089455156304,0.5642216638692019,0.017047441579235063
id13903,0.3570727895149565,0.04313773732482979,0.5997894731602138
id13767,0.9866589293002347,0.006760344846600492,0.006580725853164888
id03750,0.017247842786740766,0.0091834852276063,0.973568671985653
id08666,0.012949747447992122,0.008347123704737721,0.9787031288472702
id12171,0.027114282700537676,0.04517842915182632,0.9277072881476361
id26202,0.05592509623848656,0.013108186341066542,0.9309667174204469
id16310,0.02421543419669502,0.018834662668418403,0.9569499031348866
id02650,0.2123451243844305,0.7510170997605472,0.03663777585502235
id26558,0.9749105084027887,0.02260979028032334,0.0024797013168880986
id24794,0.984634550856548,0.0022839460371811855,0.013081503106270867
id01299,0.8965733750446617,0.002961905871430722,0.10046471908390751
id19281,0.9933492720028828,0.00297026292496784,0.003680465072149277
id20504,0.9429404566828576,0.03235981043332649,0.024699732883816015
id15716,0.04182054750825724,0.025448775830352512,0.9327306766613903
id08222,0.016326487956243623,0.0708679154435261,0.9128055966002302
id12393,0.008715501659258874,0.021464113950650843,0.9698203843900902
id26841,0.17598548844714088,0.8144259830187783,0.009588528534080869
id22947,0.019225084645924127,0.9782313610204563,0.002543554333619665
id10817,0.9944847175831196,0.0019334191848495422,0.0035818632320308947
id01486,0.4478528896285623,0.5399630860190744,0.012184024352363406
id00296,0.04194891281177568,0.9310801374007651,0.026970949787459314
id24189,0.06873792476303481,0.048957214013855034,0.8823048612231102
id20909,0.8228247301732191,0.015561519076051612,0.16161375075072937
id21079,0.9897794608428654,0.003143775520917644,0.007076763636216857
id02478,0.023067266566700433,0.020070211954674236,0.9568625214786254
id03727,0.9863366867088349,0.002916023155442121,0.010747290135723099
id09794,0.9000640932752189,0.040106921650927,0.0598289850738542
id08527,0.021532730917438347,0.9709219535268604,0.007545315555701277
id18716,0.9903060989415662,0.003266818611564567,0.006427082446869297
id21733,0.008689295991313168,0.00998254658141758,0.9813281574272692
id08898,0.9324650070939247,0.0469151948677012,0.020619798038374153
id16571,0.1494949981672808,0.028303589519395857,0.8222014123133234
id17780,0.9848988749071539,0.004000556059172888,0.011100569033673159
id11537,0.9792214269726771,0.017072838359290184,0.0037057346680328426
id23242,0.9684121812880263,0.021325033940287334,0.010262784771686446
id16749,0.026046621088176656,0.010286555717909974,0.9636668231939134
id02226,0.9641952187212243,0.00892972485172461,0.026875056427051163
id08369,0.007809881727202453,0.023140155537390582,0.9690499627354069
id18013,0.265528524606613,0.3616633976841425,0.37280807770924435
id23454,0.986902531372362,0.0039707998349669624,0.00912666879267099
id03878,0.001824067531402677,0.9914660036658081,0.006709928802789246
id15129,0.007856463488592681,0.016581297728739924,0.9755622387826673
id21874,0.2932546512068539,0.02321098260090391,0.6835343661922422
id24455,0.9277741953303521,0.0051719957160751345,0.06705380895357291
id03860,0.0016385145866260702,0.9949285414871043,0.0034329439262697436
id07622,0.011598713461611147,0.9696195677409492,0.018781718797439714
id18449,0.029324871889652823,0.018755439973993808,0.9519196881363533
id16952,0.9444222418996538,0.04146655617780901,0.014111201922537118
id08212,0.9936994413101128,0.002227180358177099,0.004073378331710019
id05513,0.07964524622295568,0.023377093545781324,0.8969776602312631
id24536,0.9947861364411975,0.0015651467836663541,0.0036487167751360905
id18070,0.9736334418117633,0.005168977413856221,0.021197580774380376
id03094,0.008987495261803619,0.9886868752874468,0.0023256294507495476
id13815,0.041120691904754245,0.04856657545022266,0.9103127326450231
id14023,0.0055487370181346325,0.9879708105829526,0.006480452398912795
id14480,0.927692171355472,0.05498720611441823,0.017320622530109804
id00059,0.9673589330637304,0.0121549566600396,0.02048611027622987
id16873,0.9763804988936665,0.017296150955644816,0.006323350150688772
id23144,0.9711802479144286,0.0065136151214571945,0.022306136964114244
id02845,0.9912984605583608,0.005084083978168516,0.0036174554634707677
id25492,0.05205486329236496,0.029241921339017752,0.9187032153686173
id04097,0.4403568081977312,0.5469025584375228,0.012740633364745983
id25883,0.994342943943312,0.0016659843167610548,0.003991071739926993
id23391,0.019141153190380233,0.9782638713576526,0.002594975451967144
id27018,0.9534095917896079,0.03649541744615394,0.010094990764238207
id23614,0.07106137917447589,0.9251344139740492,0.0038042068514748065
id14309,0.037234393161284816,0.9427336388005011,0.02003196803821407
id27746,0.004457972841593928,0.9938867149583742,0.0016553122000319406
id05057,0.96823003970784,0.02254562558124728,0.009224334710912748
id06246,0.8720939605078044,0.014558146605442036,0.11334789288675362
id00509,0.007447589722060722,0.011206746725489691,0.9813456635524497
id19473,0.9660474183706274,0.03176032878696389,0.0021922528424086385
id07044,0.03523217468824496,0.02872828485981823,0.9360395404519368
id09871,0.038730400205564425,0.018052072398765523,0.94321752739567
id26870,0.915417507112439,0.026878682783762743,0.05770381010379833
id06125,0.02302457518443109,0.9541255838248001,0.02284984099076892
id02829,0.9054829436973859,0.021968487780952905,0.07254856852166121
id24935,0.8032005727877627,0.015865404075985686,0.18093402313625176
id04557,0.004956600499839713,0.005888664666065132,0.9891547348340952
id01208,0.990824563722562,0.005134806335043642,0.004040629942394407
id16235,0.0022841211729697714,0.9957438451535581,0.0019720336734722213
id05135,0.03111957567319558,0.9655075500299827,0.0033728742968217682
id05892,0.024142985574493125,0.01615063494971201,0.9597063794757948
id21207,0.9919457867004781,0.00291387101379166,0.005140342285730353
id10722,0.6071044693605219,0.26403819819043284,0.12885733244904524
id17396,0.021395752224163643,0.06471866943033404,0.9138855783455023
id17755,0.9182482656041961,0.03459234988518577,0.047159384510618026
id18529,0.036540973939385754,0.031680229980528156,0.9317787960800862
id18235,0.9793966789398428,0.013938899624288074,0.006664421435869069
id20188,0.025217273140188897,0.008810981355078422,0.9659717455047327
id13483,0.02672146231181623,0.1189041856910371,0.8543743519971466
id16860,0.9717258640997134,0.012846200520844129,0.015427935379442596
id11203,0.9944115486909919,0.0016331828934222263,0.003955268415585742
id01104,0.9877311417362729,0.008658737789147776,0.0036101204745792805
id26195,0.01513124494514893,0.9500817544623759,0.03478700059247535
id19647,0.01595443533557492,0.009707992863598561,0.9743375718008265
id24377,0.0879158081645822,0.025744447065366733,0.8863397447700512
id07103,0.982794060335189,0.003044939006683145,0.01416100065812787
id27061,0.9936634453167779,0.00300392057971875,0.003332634103503364
id06255,0.02709349155369737,0.9617318805753745,0.01117462787092807
id19483,0.1356818698170795,0.10318758026265193,0.7611305499202685
id27936,0.1488837245828101,0.8454978009953295,0.005618474421860415
id21761,0.9599371017301991,0.01935036181200074,0.02071253645780011
id06543,0.0031200275327508925,0.9938208799165241,0.003059092550725124
id04779,0.07634981683271756,0.8669344843066568,0.05671569886062572
id05819,0.5319594967705857,0.019106355709349515,0.4489341475200648
id04670,0.45294369219906083,0.5179815134127455,0.02907479438819377
id22206,0.9702430267023257,0.021925145407365062,0.007831827890309319
id18557,0.9851649517515508,0.008757332243567789,0.0060777160048814186
id24017,0.4569874968278152,0.45207837043420096,0.09093413273798386
id10305,0.9846826845081122,0.009063470681795843,0.006253844810091811
id25879,0.9943498369006557,0.0016751637885299999,0.003974999310814206
id08243,0.003601929414010186,0.9877883720922224,0.008609698493767418
id11999,0.1449051071678607,0.6008514247887117,0.25424346804342757
id13392,0.015668480292857112,0.9820144632365377,0.00231705647060506
id00681,0.01970174915764368,0.9747414899224354,0.005556760919920871
id03225,0.8480283832795918,0.055327804200498445,0.09664381251990978
id19684,0.02627257087457053,0.029905576696236447,0.943821852429193
id01944,0.9801164392056689,0.0023823649074266547,0.017501195886904578
id04903,0.030711536056195636,0.010752690287389049,0.9585357736564153
id22131,0.9361111661387422,0.05373016233701516,0.010158671524242527
id17465,0.06359954013163467,0.009568362056152144,0.9268320978122132
id02341,0.017015468345832997,0.006108329172929162,0.9768762024812377
id23306,0.05148262785613766,0.9064181417864331,0.04209923035742926
id13543,0.024868077183611868,0.009479730888800811,0.9656521919275872
id05527,0.9359301752406689,0.02226738883256971,0.041802435926761326
id13622,0.05249051279818095,0.9395644720541222,0.007945015147696797
id04807,0.08342149013357433,0.881987682188812,0.034590827677613706
id03763,0.09696461322330716,0.016386483858062746,0.8866489029186302
id04860,0.020322830080777513,0.006806387264207982,0.9728707826550144
id18552,0.9879988361862084,0.006558087722057565,0.005443076091734108
id05624,0.9418327119935602,0.033438310289733195,0.024728977716706617
id10691,0.014186262107175955,0.039997404843604506,0.9458163330492195
id12723,0.7108655878698069,0.23287169806611183,0.056262714064081426
id14533,0.7950997293213913,0.18059634157085122,0.02430392910775749
id07197,0.5057563748716247,0.009471941328406244,0.48477168379996916
id08284,0.9547447325613514,0.02905735241452728,0.01619791502412142
id13373,0.689410731097495,0.04256316698502928,0.26802610191747583
id25880,0.20006408433980868,0.029162585806524113,0.7707733298536671
id00879,0.9586926211703843,0.03279442073689067,0.008512958092724903
id27931,0.0018166411294517869,0.9851951689837384,0.01298818988680979
id20774,0.005195638883774696,0.003744035971012412,0.991060325145213
id18642,0.02469502691488161,0.9496190051078259,0.025685967977292452
id26855,0.1039441353319348,0.6467989306738943,0.24925693399417104
id08684,0.17174040552118616,0.7681205622798184,0.06013903219899552
id01743,0.08555256613820204,0.7310475972287214,0.18339983663307663
id09704,0.7189825768083238,0.2718528582466853,0.00916456494499087
id00696,0.7930037402394831,0.06106496897883613,0.1459312907816809
id08351,0.00882472152074312,0.9446020738609818,0.04657320461827499
id08495,0.9728485489569082,0.013712233616366873,0.013439217426724827
id05141,0.03471343232001781,0.03468800306946271,0.9305985646105196
id08515,0.04318986406164511,0.005466970996866443,0.9513431649414885
id23509,0.07452100697653788,0.011849517731005432,0.9136294752924567
id20577,0.009619999064081416,0.004987947281843796,0.9853920536540749
id04217,0.01639500699137818,0.007529822137474085,0.9760751708711477
id24430,0.037050658231122476,0.015232886378161283,0.9477164553907164
id11995,0.004245446302010414,0.004119875348466956,0.9916346783495226
id10871,0.015657411868182494,0.0415850403325651,0.9427575477992525
id21988,0.008124625084325918,0.010101011330269109,0.9817743635854049
id07248,0.9827167419622421,0.00885884236338314,0.008424415674374604
id22805,0.9053913810605877,0.01879950194530222,0.07580911699411001
id18064,0.011941843168020133,0.00481149765985517,0.9832466591721248
id02256,0.04249048568243155,0.06676885841519238,0.8907406559023762
id18835,0.9172233050378437,0.00343461447683677,0.07934208048531954
id06068,0.05938602863731671,0.32962453751677584,0.6109894338459074
id13355,0.0038670041118147986,0.9729084421698281,0.0232245537183572
id15890,0.027517153384848596,0.9323340265738406,0.04014882004131082
id11828,0.9950804166656773,0.002304376129495414,0.0026152072048272164
id14235,0.013326291256000164,0.006160489400090067,0.9805132193439097
id07891,0.04313532377802258,0.08007847283771133,0.876786203384266
id00426,0.02387611209330985,0.9041768080720586,0.0719470798346317
id00194,0.00662886449143533,0.0063158050996087265,0.987055330408956
id10086,0.265523602674919,0.02446084418426339,0.7100155531408178
id24683,0.01628654120164905,0.016885665900641184,0.9668277928977098
id01217,0.43192558221385907,0.393353734642236,0.17472068314390488
id09906,0.2633874664470978,0.6957587913893944,0.0408537421635076
id04780,0.055125419907938907,0.006779590605570167,0.938094989486491
id15682,0.9606939851634939,0.028436933802439914,0.010869081034066181
id27193,0.7390496254615838,0.011775088493337471,0.2491752860450787
id01574,0.007463009050881418,0.00910227247804176,0.9834347184710768
id26894,0.034209935440659756,0.010711546036878912,0.9550785185224614
id08143,0.02952671797735126,0.9155701214875269,0.05490316053512174
id05756,0.014033750236492748,0.9775724839563591,0.008393765807148049
id14803,0.004389945695516135,0.0055743718093054515,0.9900356824951784
id01103,0.010471223967504249,0.9802845362144841,0.009244239818011726
id17451,0.9368535669126423,0.027889658032593353,0.03525677505476425
id10497,0.07061434367904279,0.2788169822075793,0.650568674113378
id23770,0.963705842405763,0.021853792353804073,0.014440365240432889
id01731,0.08293673086023706,0.6674537095060283,0.24960955963373452
id24021,0.027580344797608177,0.9062773998196051,0.0661422553827869
id24904,0.9829273750762786,0.0026868108901781256,0.014385814033543276
id16795,0.007972707985052266,0.012222303717016504,0.9798049882979313
id27308,0.10505477870490153,0.10724774920428623,0.7876974720908123
id16671,0.9847060469296531,0.004919305416350983,0.010374647653995782
id10035,0.41920272920230633,0.07232858450142521,0.5084686862962685
id12143,0.8368983668921804,0.10252052995694608,0.060581103150873596
id14087,0.9877419440574808,0.006128739823005391,0.006129316119513662
id02962,0.0022985425171891966,0.9889466499419739,0.008754807540836795
id17035,0.012863078776663405,0.02544838037425696,0.9616885408490797
id07600,0.12904874283420137,0.0379142160826176,0.8330370410831811
id08201,0.025035593116625943,0.018481542214605736,0.9564828646687684
id04623,0.989474073380773,0.004234017331209867,0.006291909288017027
id07245,0.17768767326325888,0.796564564176975,0.025747762559766227
id01334,0.9099288468022978,0.07157047580166695,0.018500677396035236
id23105,0.9775859906309208,0.009777853255557979,0.012636156113521172
id19744,0.12391078821052899,0.5133157868812869,0.36277342490818415
id22884,0.9763899427672346,0.013843020009769929,0.009767037222995595
id01936,0.06447480513524803,0.5811143974242298,0.35441079744052223
id21910,0.0031898866380366394,0.9946021778170329,0.0022079355449304314
id10801,0.01488915189862202,0.9776659172949066,0.007444930806471558
id02629,0.006871691726764754,0.005546377083275044,0.9875819311899602
id11940,0.02283000508597759,0.9151187743104623,0.06205122060356017
id12664,0.06848459051536876,0.06705618540065472,0.8644592240839766
id06308,0.005651116214870757,0.005868288378331336,0.9884805954067979
id21510,0.9827004725345928,0.0020024352151709465,0.01529709225023627
id20043,0.011714870038844381,0.005382754869535879,0.9829023750916197
id01014,0.9223389054104836,0.06161670945766318,0.01604438513185327
id04968,0.03403867572519713,0.9245124950384894,0.04144882923631333
id17552,0.01763307976224036,0.9404230991328635,0.04194382110489625
id25395,0.23794605191224225,0.019787554943213177,0.7422663931445447
id25931,0.9935550419346735,0.001836335283629275,0.004608622781697203
id21548,0.014676633703318948,0.023279271615578807,0.9620440946811022
id07443,0.03489734464092807,0.01238956244419119,0.9527130929148807
id01215,0.004928474323937513,0.9888740783117015,0.006197447364360983
id20060,0.002644578430649467,0.9959135694876093,0.0014418520817412108
id17279,0.9180324014334288,0.05243372391095316,0.029533874655617944
id20214,0.13783131512707955,0.821144031767844,0.041024653105076546
id08809,0.007680336006733341,0.008919957897923991,0.9833997060953427
id17098,0.23009167153874324,0.06412722712088346,0.7057811013403733
id10146,0.9531061792368092,0.029353264610535758,0.017540556152655103
id24986,0.9606892915219964,0.011597818956663517,0.02771288952133995
id19690,0.030045024893780792,0.07927443100501348,0.8906805441012057
id14487,0.6683601353150976,0.061675590539175235,0.26996427414572716
id26146,0.7433704049527768,0.04708581302023317,0.20954378202699017
id01942,0.004162862116241083,0.004471126761818323,0.9913660111219404
id03843,0.9001268577766992,0.07686207401333744,0.023011068209963306
id02026,0.17672639033968784,0.1410949040169361,0.6821787056433761
id10903,0.982571053067265,0.01065355155378086,0.006775395378954201
id07340,0.8016044972835732,0.03020206335870175,0.1681934393577252
id25682,0.009204167776281792,0.9854531648218247,0.005342667401893676
id13830,0.9944984553742279,0.0026509831126377,0.0028505615131345138
id08319,0.12557914213932644,0.012444017460287844,0.8619768404003857
id25558,0.03703107924361001,0.00880671806099295,0.954162202695397
id07084,0.060682165785367656,0.0766642678038785,0.8626535664107539
id00203,0.11476056640882316,0.8713670885023272,0.013872345088849485
id23804,0.7782496111843282,0.005922092841214378,0.21582829597445757
id06863,0.020892617393790044,0.0138660140971615,0.9652413685090484
id11191,0.9249144619804477,0.0600196324387336,0.015065905580818634
id00846,0.010121494006078861,0.9796213141691473,0.01025719182477373
id17290,0.05908076894929771,0.707116964731691,0.23380226631901152
id00047,0.007447733139055571,0.9526175497619243,0.03993471709902026
id27631,0.9041214352453696,0.09164175211588169,0.004236812638748769
id15793,0.021163604460241184,0.00552206892967801,0.9733143266100808
id03142,0.011187959978816766,0.004138340584430787,0.9846736994367524
id24825,0.993620788718813,0.002841525878093258,0.0035376854030938127
id12069,0.00859805551493919,0.02138249080082237,0.9700194536842384
id23009,0.9855379121821506,0.007021295151665431,0.007440792666183988
id06793,0.00319901230652887,0.9852240985501685,0.011576889143302817
id18638,0.9932848765097777,0.0029755273266039986,0.0037395961636181685
id02966,0.9546132426994115,0.014485127531948543,0.03090162976864009
id20346,0.013904558484294187,0.018934486174659426,0.9671609553410464
id16855,0.9327828872973815,0.01657573848344627,0.0506413742191723
id16350,0.00284770555197814,0.9870909902813765,0.010061304166645479
id25092,0.017170449619022036,0.975847928723731,0.006981621657246806
id16132,0.9222869128031062,0.020083327108835935,0.05762976008805782
id15977,0.021851437580938313,0.01894490506707828,0.9592036573519833
id26922,0.7926859826403099,0.03715933675840231,0.17015468060128772
id20054,0.9446784025881707,0.004938326505931245,0.05038327090589801
id14375,0.07868141119109678,0.02928456354688235,0.8920340252620209
id23372,0.9018717776148842,0.027380576783950297,0.07074764560116553
id20360,0.018372974443386696,0.9584002106750993,0.023226814881514124
id25380,0.0020465022885045835,0.9966581197946791,0.0012953779168163
id07295,0.009129959108979629,0.0077813657339271345,0.9830886751570933
id20349,0.8221680192407917,0.05563919730235929,0.12219278345684884
id17177,0.03234707211252294,0.013707945376359797,0.9539449825111173
id07041,0.7489269333042222,0.013613318810655991,0.2374597478851218
id27459,0.01748270685925404,0.9527665080550686,0.02975078508567754
id24144,0.0864180451880621,0.909859916865389,0.0037220379465488862
id13748,0.025037647900033662,0.01285244909102253,0.9621099030089437
id08295,0.9462345398581331,0.018328672216303472,0.03543678792556333
id00744,0.016932998889971882,0.013813633736696015,0.969253367373332
id19662,0.012818320335937133,0.9781457647653427,0.009035914898720233
id13027,0.02707452931433195,0.005997457586073337,0.9669280130995948
id21785,0.031426495816196394,0.05389175032599839,0.9146817538578051
id13431,0.932318396329945,0.060767293157727546,0.006914310512327455
id21455,0.011211813042905019,0.9805103220054214,0.008277864951673503
id25429,0.012968859958199087,0.9817752172441406,0.005255922797660234
id16944,0.06521233698262896,0.014218153738685114,0.9205695092786861
id01458,0.005018458118922061,0.9441216303754982,0.05085991150557956
id15684,0.024746609862018244,0.9735508945157463,0.0017024956222353139
id00970,0.9706106115907498,0.013054801394235361,0.016334587015014695
id12185,0.0315964965939404,0.020655253795397083,0.9477482496106624
id15050,0.10846470060542471,0.5114763358807987,0.38005896351377677
id05062,0.011365019116761165,0.01381094008757844,0.9748240407956603
id13150,0.04398905383646663,0.9233747591148476,0.032636187048685684
id02821,0.005051807233988774,0.9928947213216126,0.0020534714443986887
id05545,0.9780123396226136,0.017120389436158095,0.004867270941228277
id03523,0.9959470411922365,0.0015125033131270452,0.0025404554946365076
id02098,0.018024716509369897,0.06624763137641297,0.915727652114217
id26788,0.4319597136504554,0.15228049333435315,0.41575979301519145
id22116,0.030958432162705014,0.9486473382521475,0.02039422958514746
id16175,0.9929210191428578,0.001572983077761531,0.0055059977793806055
id24957,0.03465809575894243,0.8348974901919743,0.13044441404908313
id10844,0.001946103133593398,0.9965625090193065,0.0014913878471001154
id11758,0.9615519351967946,0.02350473168911356,0.014943333114091812
id05134,0.035709880728509294,0.10180832027159512,0.8624817989998955
id15865,0.016431839658331514,0.9687922106082676,0.014775949733400915
id08591,0.07905383835447696,0.9172099859397594,0.0037361757057636454
id26318,0.050798348352917404,0.028295260577643453,0.9209063910694393
id05612,0.9470724628679724,0.004325309615480731,0.048602227516546935
id14561,0.051833335701388136,0.4477533407092274,0.5004133235893844
id07666,0.0038181576807628107,0.004756387024288315,0.991425455294949
id01297,0.9668925583368843,0.004561219114278021,0.028546222548837725
id10688,0.03893033703717887,0.2181996416291124,0.7428700213337088
id15377,0.01286902220406893,0.984716367454066,0.0024146103418650976
id23377,0.03013446440623397,0.9255662854298502,0.04429925016391591
id05797,0.003965012055982979,0.9719311715389749,0.02410381640504203
id06241,0.4532129302936969,0.026493495725501283,0.5202935739808018
id10766,0.9513018232123308,0.03887490896977192,0.009823267817897366
id03928,0.9905702550639052,0.005569411137974135,0.003860333798120693
id04429,0.01756989561670192,0.09135383817257817,0.89107626621072
id24846,0.02389289600295188,0.02460885080435209,0.9514982531926961
id19784,0.023900880733791985,0.008598988684025786,0.9675001305821822
id02452,0.9902286828925922,0.002262394719454105,0.007508922387953685
id02600,0.8427953307584394,0.03072784196982746,0.12647682727173312
id27487,0.006818502314000329,0.005471708935683835,0.9877097887503159
id12323,0.9922648669198924,0.004218320792722585,0.0035168122873851754
id00487,0.014550460712736562,0.017453704847464706,0.9679958344397986
id06032,0.982896061850293,0.006749245136311983,0.010354693013394967
id05211,0.8794428942967779,0.01484331947289393,0.10571378623032833
id16523,0.9538697028108285,0.02170860811240711,0.024421689076764286
id08800,0.16998326121879975,0.8189298522589271,0.011086886522273205
id08791,0.008989248141669225,0.020783640989339384,0.9702271108689914
id10429,0.03232914476005441,0.0525978911852579,0.9150729640546876
id20801,0.9272198877559642,0.06458250586373218,0.008197606380303575
id14055,0.0849513159598604,0.009312204132165505,0.9057364799079742
id09462,0.014256945427251791,0.9815090761966306,0.004233978376117634
id06725,0.017888165758199782,0.9784843521118658,0.0036274821299345002
id01749,0.9839303475859096,0.011298972179248842,0.00477068023484154
id22054,0.0023372205685098916,0.9943240005587698,0.0033387788727203835
id07244,0.0472164776895071,0.015618089780905781,0.9371654325295873
id12562,0.9957768457499201,0.0018511637037451501,0.002371990546334749
id13838,0.3547337225458437,0.6258943225268432,0.01937195492731305
id22535,0.004647005408336587,0.9931656561489984,0.0021873384426649026
id01099,0.04199407866671898,0.9535808642358673,0.004425057097413607
id02190,0.05614199356357796,0.9400325648588608,0.0038254415775611774
id25921,0.15161060067199914,0.7415839101763705,0.10680548915163035
id16075,0.06951522048143498,0.009712205112797575,0.9207725744057674
id20465,0.9532843235884573,0.03262404760931843,0.01409162880222418
id06556,0.06044459102578911,0.014030477802544718,0.9255249311716661
id09360,0.00702944510160273,0.014647832187716463,0.9783227227106807
id09042,0.010657627869146168,0.9859025900328808,0.0034397820979729845
id08846,0.0026872727444661416,0.9950029523117107,0.002309774943823387
id21274,0.014584473635276032,0.0424376122414673,0.9429779141232567
id05841,0.9796013064169939,0.011148122323650126,0.009250571259356003
id20361,0.8994921634138608,0.026295042495448565,0.07421279409069066
id07499,0.9374863856927244,0.005901160187162864,0.05661245412011273
id19466,0.6711863566146493,0.038301106935914236,0.2905125364494365
id16550,0.050383123352974964,0.9459484927113612,0.003668383935663765
id24512,0.889967847260048,0.09755890223209959,0.012473250507852592
id14444,0.8309326626770689,0.043447374912388204,0.12561996241054285
id11395,0.8760185385107911,0.012692828362109816,0.11128863312709918
id14907,0.009472638358328837,0.004413427486731885,0.9861139341549393
id19393,0.013732004564551259,0.012037565951180407,0.9742304294842682
id26780,0.9710185848933165,0.011990484616821472,0.01699093048986202
id03132,0.04304350036359468,0.010321230184425783,0.9466352694519795
id17709,0.9746542740262569,0.004232552038009075,0.02111317393573395
id19739,0.9551784045034661,0.021683280307838775,0.023138315188695042
id08470,0.9927122188406711,0.002982686052098816,0.004305095107230183
id22312,0.0034667458739443663,0.9516037796336562,0.04492947449239938
id20391,0.9003153975897153,0.0213615350566826,0.07832306735360207
id05295,0.016722492161803312,0.0068971545293805975,0.9763803533088162
id08129,0.05778679011226864,0.02036691355776259,0.9218462963299687
id10615,0.03695888228989614,0.015677315635813815,0.94736380207429
id09506,0.9260941169880871,0.022873994040301347,0.05103188897161169
id22557,0.902840003481941,0.06663270595793624,0.030527290560122575
id04181,0.04381847786028659,0.9487827125847871,0.0073988095549261754
id22457,0.009662756176746078,0.9853668067532286,0.004970437070025206
id00340,0.07354839710320807,0.021683990819379884,0.9047676120774122
id18205,0.053362194169193605,0.010658838873447228,0.9359789669573592
id03861,0.005174290733518152,0.9893768966855848,0.005448812580896963
id20546,0.9324219518957391,0.06009527921852431,0.007482768885736755
id17226,0.014299953032989603,0.0031716780622940938,0.9825283689047163
id10376,0.9000260566416923,0.07846149182569148,0.02151245153261627
id17734,0.1687287445079631,0.8184812746185179,0.012789980873518847
id09703,0.003533421292590853,0.9849392812361644,0.011527297471244771
id16311,0.0035157572139080003,0.9935934951444361,0.0028907476416558326
id06524,0.020568532528738682,0.9562486127230378,0.0231828547482234
id01082,0.0035836742359245935,0.9933228604524333,0.003093465311642164
id01940,0.10390522949747234,0.01791097477980195,0.8781837957227256
id04146,0.033165446591839676,0.07049313661303265,0.8963414167951278
id03891,0.963623620995689,0.007501473311789574,0.028874905692521397
id14421,0.9716951169060869,0.004532161702149118,0.023772721391764094
id19027,0.9929020001999138,0.0027220974530739526,0.004375902347012247
id19813,0.010540253226034132,0.9781308342880567,0.011328912485909145
id05827,0.183310918481522,0.03046247782109255,0.7862266036973855
id03326,0.01568682376382371,0.027659104836198357,0.956654071399978
id10089,0.0031683601311348424,0.9951074188926092,0.001724220976256039
id06827,0.987836402734234,0.004369511539920425,0.007794085725845467
id01209,0.6207717041445493,0.014214965737252845,0.36501333011819775
id08812,0.07257279677317748,0.05211286455925143,0.8753143386675712
id25906,0.732427734498987,0.12207944817352225,0.14549281732749061
id25553,0.9637110162358896,0.0058633260616036105,0.030425657702506912
id10193,0.050101546543637125,0.004334759702963375,0.9455636937533994
id15438,0.9274117218955902,0.003209119818011257,0.06937915828639857
id04821,0.004511540388586749,0.9881651925685746,0.007323267042838649
id26592,0.03597474668981996,0.01961303781968712,0.9444122154904929
id20195,0.07919360605245124,0.041577894667793956,0.8792284992797549
id00378,0.056332716868261294,0.16595220727475068,0.7777150758569882
id15052,0.9840486288118147,0.010456040868522769,0.00549533031966259
id09519,0.991725140237955,0.005329752839727938,0.002945106922317186
id04579,0.3934582968400086,0.05590730400670226,0.550634399153289
id08274,0.9872879462238675,0.0029479427986025203,0.009764110977529893
id26223,0.0415344536072657,0.9304621591328089,0.02800338725992526
id01914,0.9155196267467474,0.048428147351847445,0.036052225901405284
id05244,0.9909248863873166,0.0024856587664172994,0.006589454846266296
id14467,0.9862089920824777,0.007558186058793224,0.006232821858729064
id23284,0.14106418525924125,0.02280125248500211,0.8361345622557568
id20634,0.024928075167330158,0.00280899618617876,0.972262928646491
id14659,0.9939109868578774,0.0021482086322510913,0.0039408045098715365
id23659,0.004218599895504839,0.9916489030664868,0.004132497038008436
id16902,0.9745078586073787,0.022747917073065976,0.0027442243195552538
id20509,0.972384974866448,0.011476585465187037,0.01613843966836491
id08019,0.045984630258265526,0.0502820312978706,0.9037333384438638
id26180,0.01013057167266363,0.011636010065447282,0.978233418261889
id01487,0.010548011188014454,0.9753396037522546,0.014112385059731019
id22898,0.010749006312501039,0.9690118895504141,0.02023910413708476
id24005,0.9889109068261085,0.00522820901098415,0.005860884162907349
id00118,0.06655686226016813,0.9282758195226454,0.005167318217186576
id17435,0.09827687559947429,0.007177590150306877,0.8945455342502189
id22574,0.9871652408503314,0.005648686253043292,0.007186072896625253
id23882,0.050248153230507034,0.017279619183263217,0.9324722275862297
id02618,0.9761057497539505,0.005747508513999529,0.018146741732050026
id06847,0.12354448886149474,0.863736541647093,0.012718969491412112
id15448,0.022099257895130116,0.007906244517933437,0.9699944975869363
id20383,0.0032500116378352175,0.9906723525336913,0.006077635828473537
id18722,0.0019176416162481845,0.9956991720265675,0.0023831863571841996
id24353,0.160268713468221,0.018960931683073987,0.820770354848705
id22196,0.9148729181162162,0.06923119434190912,0.01589588754187468
id13239,0.01845700432834716,0.004999179969648991,0.9765438157020039
id14507,0.016527042744400842,0.979753893847976,0.0037190634076231027
id04619,0.020811663599100232,0.007769348586143572,0.9714189878147561
id00176,0.9888414588523298,0.007416965774540427,0.0037415753731298495
id14700,0.979845251285307,0.009238743014100721,0.010916005700592124
id10930,0.9831180466612707,0.01103362899431443,0.005848324344414927
id03830,0.011551503416507635,0.018163295554329457,0.9702852010291629
id01840,0.011463721113914012,0.027963153767249754,0.9605731251188362
id18025,0.01824462829127383,0.9647924610329561,0.0169629106757701
id21361,0.9959931447853702,0.0016722767380993801,0.0023345784765304
id21999,0.019039866925658275,0.9577173805878119,0.02324275248652991
id20472,0.015391329127760842,0.007804765408714192,0.9768039054635249
id01282,0.9738452639245732,0.0032865290793250676,0.022868206996101863
id05687,0.015348468822449432,0.4456418881133923,0.5390096430641584
id19713,0.9541045426602988,0.011443955881301579,0.03445150145839963
id18634,0.9300452521196317,0.05957177215751626,0.010382975722852067
id18322,0.17513676003847253,0.04014858884084342,0.7847146511206841
id25178,0.9423569045654897,0.03251681009877519,0.025126285335735157
id13911,0.008305221263724865,0.9868316501719493,0.004863128564325992
id02688,0.61583502611113,0.29033379562545175,0.09383117826341844
id24097,0.9440533446690534,0.0439776440742972,0.01196901125664943
id05621,0.0018378645921678233,0.9957604245742464,0.002401710833585737
id09435,0.03767384344348003,0.04505962652554664,0.9172665300309734
id22564,0.992216906916592,0.005610042497841292,0.0021730505855665494
id26044,0.9654698848016817,0.012712389779120191,0.02181772541919825
id24724,0.03926361698374813,0.06014908213942362,0.9005873008768283
id13568,0.1364617411930328,0.0512133629181231,0.8123248958888442
id11196,0.775780447670677,0.0268586672556137,0.19736088507370925
id04842,0.21988613743648533,0.03779813469498216,0.7423157278685325
id03445,0.9960190556511939,0.0015939679574602454,0.0023869763913459303
id08194,0.029765380527756943,0.04663289171444831,0.9236017277577947
id19747,0.0882213932982405,0.01244340823805687,0.8993351984637026
id06540,0.01769121432194117,0.9617248765730272,0.020583909105031616
id13171,0.8987072636855479,0.0930011075339676,0.008291628780484651
id23807,0.010409389167483242,0.004573863977480631,0.9850167468550362
id12408,0.015417472427707602,0.9681661438948582,0.01641638367743428
id18388,0.010221494030166967,0.008424930339985042,0.981353575629848
id16219,0.005594937151809271,0.004310647069487161,0.9900944157787035
id11022,0.9612148729079084,0.02514289390082341,0.01364223319126802
id12514,0.16808003620547796,0.03278066155934825,0.7991393022351737
id07322,0.9852530770835485,0.008066886456600995,0.006680036459850606
id04600,0.013077357531327667,0.03643970884368956,0.9504829336249827
id15608,0.02730662947852175,0.030044134484693542,0.9426492360367847
id19223,0.5397286382052165,0.09122579231865845,0.36904556947612516
id18680,0.9840208625855285,0.0018557256480660105,0.01412341176640546
id23359,0.9432395786406326,0.028214538213637348,0.02854588314573004
id07332,0.046318292887853336,0.9379610742157948,0.015720632896351984
id11424,0.0655151329163386,0.03335507526777412,0.9011297918158874
id01916,0.9271547610438342,0.021362334530224385,0.0514829044259414
id23814,0.9673173326598188,0.01957788405148248,0.013104783288698718
id05821,0.01881155311593661,0.004228385802787349,0.976960061081276
id15471,0.8870499924603643,0.010903444475831825,0.1020465630638039
id06742,0.004591511030839643,0.0031732285976567454,0.9922352603715036
id16393,0.24227762094449454,0.7503545117104414,0.007367867345064101
id14430,0.027158782835122436,0.018116769767800037,0.9547244473970775
id15086,0.9878077138162221,0.004141310874284955,0.008050975309492827
id13673,0.752279857725108,0.14888181861542696,0.09883832365946488
id11456,0.9471188210349181,0.0074145308125327224,0.04546664815254927
id08475,0.5639792368030004,0.024310929255562,0.4117098339414377
id02793,0.7850901067166116,0.017880101133759516,0.19702979214962874
id03576,0.968880610911609,0.007280906193186521,0.02383848289520438
id10747,0.9556686956429792,0.012881832296898928,0.031449472060121934
id17875,0.04389755206146936,0.9377208275622302,0.018381620376300298
id20045,0.020222115177611612,0.9782842244196807,0.0014936604027076328
id25448,0.4084770021027212,0.5816461863106236,0.009876811586655205
id11715,0.9811209463974608,0.0025730824190570672,0.01630597118348209
id22739,0.03914743117942608,0.065197251654887,0.8956553171656869
id07457,0.9917789290929847,0.0027400291314166685,0.005481041775598666
id27357,0.9220721828023605,0.010615053742992722,0.06731276345464685
id01139,0.18214141194045916,0.7569895541105318,0.060869033949008916
id00407,0.0860147235570041,0.02324980138181902,0.8907354750611769
id20956,0.9591275118531762,0.03526011292629885,0.005612375220524955
id13702,0.8953690840618103,0.029190851040980764,0.07544006489720902
id00327,0.9556810625043642,0.004204416857752773,0.040114520637882886
id24372,0.004712113693340171,0.9917642130258678,0.003523673280791892
id03983,0.03718338809488524,0.9582112535648221,0.004605358340292795
id15264,0.15485283784775133,0.8237870828754241,0.02136007927682459
id09679,0.9849951451823253,0.004778528418584256,0.010226326399090426
id20899,0.8320389953794485,0.026788740155143476,0.141172264465408
id21494,0.0023091782258022925,0.9866937302493106,0.010997091524887145
id02513,0.012371637260908458,0.9797912350649219,0.00783712767416967
id21834,0.008358286053577977,0.018050626335625826,0.9735910876107963
id23463,0.003592269934742717,0.9817684395737912,0.014639290491466117
id26529,0.569387209751425,0.030214940039556697,0.40039785020901836
id22078,0.8640745166853702,0.07998286735887086,0.05594261595575894
id08063,0.02860533896335029,0.8339665021869185,0.13742815884973134
id18690,0.0020924616863114967,0.9960437895122717,0.001863748801416905
id03908,0.9920515613147519,0.002038301282111797,0.0059101374031361896
id00876,0.9081064083394628,0.023343019359239273,0.06855057230129806
id19633,0.9097357477031295,0.03335183125711762,0.056912421039752824
id23096,0.01797380607791144,0.009146394167896284,0.9728797997541923
id07547,0.013321577587972658,0.9706511132903791,0.016027309121648264
id10136,0.021752038341518603,0.008048078589826136,0.9701998830686553
id22645,0.9900144216916735,0.005984653076983004,0.004000925231343479
id27376,0.04758705467456229,0.017145599266859334,0.9352673460585783
id26458,0.014642872368345014,0.9691632199412203,0.016193907690434668
id07617,0.0027292360041216873,0.9954628269025524,0.0018079370933260634
id11254,0.8978467819233221,0.009799672943449463,0.09235354513322834
id25871,0.0073091945466432565,0.9829070771124424,0.009783728340914444
id26074,0.08813067568495726,0.8937921009890165,0.01807722332602628
id24558,0.033330090396234725,0.02887431694428444,0.9377955926594808
id26515,0.03992333603107092,0.9545340399359392,0.005542624032989853
id10532,0.852232771464456,0.0684964437393258,0.07927078479621831
id24063,0.002350105079471179,0.9731052026600622,0.024544692260466607
id12872,0.0895296349397461,0.7513069819529017,0.1591633831073524
id23564,0.008227490350545758,0.9817012287885197,0.010071280860934399
id20074,0.8480298041885238,0.04625034019027688,0.10571985562119939
id00703,0.9801467658315283,0.010619071998809779,0.009234162169661853
id07178,0.9520359695476389,0.013858957473855966,0.03410507297850508
id00468,0.8098094585206783,0.02975722009686395,0.16043332138245778
id08647,0.9441746857896647,0.039717157890513034,0.016108156319822427
id27338,0.9820517443525258,0.0037905753664294554,0.014157680281044596
id14958,0.004583643317718073,0.005975250437679172,0.9894411062446028
id20954,0.9192254862636874,0.01203325533854439,0.06874125839776814
id04495,0.002540468419613208,0.9942165614510444,0.0032429701293423745
id09676,0.038405384907429105,0.897543864370502,0.06405075072206876
id16643,0.9873875235441963,0.0038473753651334305,0.00876510109067033
id22018,0.14768612641530976,0.02363330115419009,0.8286805724305003
id09754,0.9363655624380713,0.050511922534537505,0.013122515027391202
id15184,0.8883717699712692,0.061795972075842635,0.04983225795288833
id06930,0.0119451134805125,0.018551463797635472,0.9695034227218521
id19391,0.9796199417648926,0.015546864970284926,0.004833193264822393
id21111,0.009127955018303794,0.08493847419304328,0.9059335707886529
id19884,0.035243337724165685,0.05195322728457073,0.9128034349912636
id00356,0.02136139631898095,0.008095160585909136,0.9705434430951099
id03227,0.9772224487530253,0.0017944768832485135,0.020983074363726248
id24959,0.9729854764848744,0.0033132792092899527,0.023701244305835655
id23792,0.916810010710396,0.003954207102292993,0.07923578218731099
id15765,0.016685265808458714,0.028594499199977433,0.9547202349915638
id22342,0.9236240298088519,0.06129138432850625,0.015084585862641747
id21764,0.027855569636602417,0.970811054126429,0.0013333762369686327
id08929,0.025566738686498666,0.07450352396377036,0.8999297373497309
id10860,0.004260290824043092,0.8123311081444473,0.18340860103150958
id14842,0.004748123414767226,0.003912753767154265,0.9913391228180786
id14149,0.009413077127519267,0.9872062914804458,0.003380631392034907
id04850,0.9943971857358191,0.0014708409805304537,0.004131973283650344
id03697,0.038701391645681316,0.9548369751323326,0.006461633221986127
id20031,0.016938539710387925,0.03981188425884149,0.9432495760307705
id10148,0.9686412578275898,0.02361462611671208,0.007744116055698009
id06233,0.013604229946648068,0.004479791628189563,0.9819159784251623
id17614,0.13675453901560786,0.768419121302849,0.09482633968154326
id24548,0.9702458165322811,0.00852977148711252,0.02122441198060629
id04717,0.013424881499469908,0.9713078501399005,0.0152672683606296
id12557,0.05436783697564639,0.9196693308210517,0.02596283220330191
id15563,0.9940470832934231,0.0021622392775828767,0.0037906774289941545
id19414,0.0034391431106481334,0.9950521412970236,0.0015087155923282102
id24538,0.06539763884626767,0.12322418455773543,0.8113781765959969
id20701,0.022905184986500363,0.4253195475102914,0.5517752675032083
id16710,0.007428419544878864,0.9738323723755686,0.018739208079552424
id00190,0.014510030250937792,0.9781578789433614,0.007332090805700806
id12066,0.9965949699485921,0.0017030616080395224,0.0017019684433683924
id21743,0.0211289871780649,0.9615131511584487,0.017357861663486407
id10746,0.05465120722541162,0.011853494046268783,0.9334952987283197
id23032,0.005380200599166742,0.9773116876905219,0.01730811171031144
id02466,0.8873492942621933,0.048162028894432156,0.06448867684337445
id27963,0.010782129900282218,0.018026298966017606,0.9711915711337002
id05550,0.7770558566002331,0.17300003461636096,0.049944108783405834
id07328,0.030311739721817575,0.009766618787665672,0.9599216414905167
id06158,0.9866242869207705,0.003204413885850024,0.010171299193379505
id15690,0.010170942299457131,0.008398446842925966,0.981430610857617
id17960,0.0519056945767432,0.01653291844705721,0.9315613869761996
id22487,0.9938852546535206,0.0030146252900522855,0.0031001200564271915
id25435,0.028191142344210014,0.012636275500781642,0.9591725821550083
id06988,0.009796586939330276,0.012903562197468547,0.9772998508632011
id19092,0.007964958421472405,0.9823952705460067,0.009639771032520937
id20677,0.982994517277354,0.011274835041990032,0.005730647680656092
id27009,0.21927637999483898,0.056841241184050165,0.7238823788211108
id14869,0.24091085485613153,0.06900505501808707,0.6900840901257815
id06306,0.985382919143554,0.007837101665371469,0.0067799791910745115
id13101,0.9841528574356487,0.0032975132883654784,0.012549629275985725
id25263,0.9826037058272352,0.007823941866606371,0.009572352306158539
id01355,0.00678833707791811,0.9003307882114508,0.09288087471063101
id04460,0.020973688929871732,0.01878667162802968,0.9602396394420987
id08358,0.9326643996110654,0.0651040292452481,0.0022315711436865187
id22714,0.026077290537155944,0.01867164142764821,0.9552510680351959
id19504,0.9771758252406785,0.005996193233317366,0.016827981526004235
id25736,0.27204945496361743,0.6913385354887018,0.036612009547680825
id24201,0.0026823074683100926,0.9844091040137471,0.01290858851794289
id12920,0.9568170960463871,0.03718749546219848,0.005995408491414373
id12770,0.005506383708471136,0.9782185786898931,0.01627503760163579
id20615,0.9916994233211799,0.003933817377381187,0.004366759301438987
id19427,0.005028926317137132,0.005902864307651343,0.9890682093752116
id03006,0.9813954035554636,0.0025914721789022325,0.01601312426563401
id00868,0.04074200489032771,0.025912992170816343,0.933345002938856
id19695,0.03769699869584581,0.03701833022805683,0.9252846710760975
id06474,0.9721535203519128,0.006085046367798041,0.02176143328028915
id11108,0.0018276496986138688,0.9948623751867495,0.0033099751146365847
id01017,0.010597761924029484,0.027133945448527198,0.9622682926274434
id10104,0.39580116417857064,0.012088401578009866,0.5921104342434195
id15930,0.9694006528645426,0.01690247555796129,0.01369687157749613
id05883,0.028934802288009293,0.013438834028806334,0.9576263636831844
id10209,0.020381063272443534,0.013880854700783837,0.9657380820267727
id14868,0.05898063115143886,0.041721761044885966,0.8992976078036752
id27617,0.9683218240964753,0.020806090510867677,0.010872085392657133
id14264,0.7107692057228936,0.031677302364774694,0.2575534919123318
id07597,0.016758229004889023,0.01315248346715621,0.9700892875279549
id17732,0.9740687456982333,0.018607829424555713,0.007323424877210921
id13859,0.9448394831191543,0.02814280368522148,0.027017713195624123
id14976,0.044200145210238594,0.9493601610455253,0.006439693744236156
id25226,0.07951912805603822,0.018050924805495663,0.9024299471384662
id17268,0.016124487081931444,0.0278824177057865,0.955993095212282
id14936,0.0022750554910927687,0.9954482336940784,0.0022767108148287816
id18615,0.02104265580093153,0.9765081261584491,0.0024492180406193564
id26184,0.8376621689997742,0.007063313229310597,0.15527451777091528
id11495,0.08163424786592023,0.12419294185615253,0.7941728102779273
id05663,0.011441867312317756,0.006317512496603241,0.982240620191079
id10335,0.1467698419526086,0.058312177226413846,0.7949179808209776
id08480,0.8428419442731133,0.1138562961136656,0.04330175961322115
id21511,0.9546273444285701,0.03674625004278825,0.00862640552864178
id20988,0.9768174094989915,0.011461372653249619,0.011721217847758965
id19273,0.0028885723000439943,0.9947972002452027,0.002314227454753177
id15420,0.5629825385110747,0.02434209187755051,0.41267536961137474
id16016,0.009249673048135265,0.9833879298514128,0.007362397100451997
id16084,0.012930380025459938,0.023775092469572347,0.9632945275049676
id27093,0.01330453585811825,0.006440778576200587,0.9802546855656812
id24695,0.030254219599797384,0.012056549228957431,0.957689231171245
id03245,0.013755537024977506,0.9523175244440044,0.0339269385310181
id26358,0.007676832025132479,0.003690452601287799,0.9886327153735797
id17966,0.9495501272416668,0.026637395109038658,0.023812477649294596
id26651,0.9306834748144127,0.035056901663180595,0.03425962352240669
id17275,0.9906167620494316,0.004269639174073079,0.005113598776495259
id21720,0.0608705223533464,0.030469400834675146,0.9086600768119784
id22926,0.015182325581221904,0.02899529203944739,0.9558223823793307
id12231,0.0015705196657070462,0.9892234893571887,0.009205990977104353
id21026,0.022600110589356515,0.014462819434704142,0.9629370699759393
id11675,0.04582281638209717,0.04572795557825798,0.9084492280396449
id21890,0.23047928049692337,0.02620855094695836,0.7433121685561184
id04050,0.005928570610152173,0.006064956764485684,0.9880064726253621
id24996,0.009001111169672395,0.006652919726624126,0.9843459691037034
id00025,0.006475625933675329,0.9895366604915268,0.0039877135747977965
id23916,0.004758189037379598,0.9921563206801505,0.003085490282469919
id21254,0.18581760568815966,0.7790142211179121,0.03516817319392833
id13322,0.9808699531098466,0.012042998618180856,0.0070870482719726
id23928,0.10566167173299955,0.012318302021091108,0.8820200262459094
id14748,0.0861186191844914,0.034364614431167034,0.8795167663843415
id26538,0.49883418085858866,0.030586317215267028,0.4705795019261442
id27759,0.015713716133841704,0.0057637986276431585,0.9785224852385151
id19661,0.9842262476057837,0.002294428268512026,0.013479324125704377
id17018,0.027876867408978028,0.05047351741006209,0.9216496151809598
id05505,0.9225108549671011,0.04244812381900032,0.0350410212138986
id16155,0.8620427220581287,0.020060432968066477,0.1178968449738049
id06274,0.1112747036727786,0.005632226110952107,0.8830930702162694
id13832,0.9556787598637241,0.023414740543718407,0.02090649959255758
id14666,0.9297735881821451,0.014282886794367218,0.05594352502348785
id04489,0.09985309700054203,0.011050437518264672,0.8890964654811933
id19140,0.08291818930029077,0.011007336326695183,0.906074474373014
id14570,0.8385947612254572,0.00989966172089081,0.1515055770536521
id16079,0.9662460853920694,0.005171094784383862,0.028582819823546875
id06866,0.04296953992274508,0.13403938940885068,0.8229910706684043
id12730,0.018122449175542843,0.9792440615264608,0.002633489297996466
id09257,0.019450966045750872,0.007251764206066275,0.9732972697481828
id02782,0.10102134117692559,0.03336585520715846,0.865612803615916
id10412,0.9947703480843774,0.001425017735978009,0.0038046341796446124
id04988,0.004050039920963004,0.9746778068297928,0.02127215324924433
id07728,0.8961354784102848,0.07615416840341033,0.027710353186304923
id21947,0.9929021655451851,0.004207843254743088,0.0028899912000718937
id27700,0.9777578232368642,0.011825754886904285,0.010416421876231572
id18178,0.006345112859131077,0.9870005705981173,0.006654316542751507
id25949,0.04881791583206019,0.9231156103416661,0.028066473826273787
id23008,0.02012622314791096,0.0073823332195904244,0.9724914436324986
id09238,0.9541234040822658,0.018322389181051908,0.027554206736682203
id12943,0.03656441879665919,0.9365848052319437,0.026850775971397275
id02659,0.002534159036602685,0.9933954320850862,0.004070408878311005
id03648,0.9725280038275063,0.021455287861210336,0.006016708311283522
id03954,0.9501260545466415,0.017107151788961814,0.032766793664396617
id07026,0.02118591294750168,0.9613856431806107,0.017428443871887554
id14228,0.006661029648373642,0.9691176720270934,0.024221298324532892
id22647,0.01576725437962505,0.027352667208207813,0.9568800784121672
id23435,0.9341070336028471,0.04638347576246218,0.019509490634690763
id08200,0.03646476573280103,0.9521401875822345,0.01139504668496437
id23257,0.006172917495505773,0.030216505217892587,0.9636105772866016
id02684,0.8396419953324162,0.06460155295767986,0.09575645170990398
id05186,0.981974480734425,0.01130599441357496,0.006719524852000115
id25261,0.2658582002355151,0.0623865222598824,0.6717552775046026
id24081,0.9377181897765899,0.014300882707152216,0.047980927516257765
id27087,0.9938224889799698,0.003599170123054414,0.0025783408969756744
id03533,0.7084693491526184,0.03532454621937306,0.25620610462800864
id07998,0.6536193054110685,0.024925037809679685,0.32145565677925186
id01240,0.04109080981503324,0.942778003084369,0.016131187100597907
id24927,0.0053249475810718825,0.9913367833470191,0.0033382690719090994
id15752,0.9450402604291148,0.01788396309984171,0.03707577647104345
id26594,0.003924560991338891,0.991521614489873,0.004553824518787989
id20012,0.03959799647891463,0.012269155466889952,0.9481328480541954
id15476,0.017413208942558028,0.0731740051710366,0.9094127858864054
id15624,0.990840577599268,0.004427706329644246,0.004731716071087766
id02404,0.00482317148638172,0.9907842265683106,0.004392601945307886
id21944,0.7939498335201128,0.0302884293487102,0.1757617371311771
id24442,0.9595723410966495,0.017030649421991614,0.023397009481358914
id26490,0.18380436180677354,0.30331679545178836,0.5128788427414381
id21897,0.991978723043759,0.0036315193789144646,0.004389757577326637
id05575,0.4997421296142858,0.08720314306275245,0.41305472732296167
id01874,0.013500151424608893,0.9782833898850675,0.008216458690323659
id26617,0.991797248227991,0.004755427331143907,0.003447324440865167
id13079,0.022951091484390576,0.01819593640761875,0.9588529721079908
id02068,0.7514373146912446,0.11998317118548057,0.12857951412327484
id27872,0.9081409360862183,0.014527961155410727,0.0773311027583709
id08814,0.16178023025269472,0.019614685128284248,0.8186050846190209
id12841,0.03905573599003903,0.9312146078275993,0.02972965618236165
id06716,0.9863288587504075,0.003999332710290093,0.00967180853930233
id10115,0.05927701235826552,0.022807260100179128,0.9179157275415555
id16121,0.039967969398511174,0.9490368244416937,0.010995206159795174
id00985,0.9213111243513885,0.0486132006394116,0.030075675009199776
id06063,0.12346985116893962,0.8642474086303701,0.012282740200690123
id22076,0.00840538748867222,0.003733124312332052,0.9878614881989958
id27589,0.0059557002355979105,0.9789465826014474,0.015097717162954702
id18996,0.03434030047612687,0.9510844998903677,0.014575199633505393
id05801,0.008537228161857806,0.0030122295342639,0.9884505423038783
id06880,0.01776123170722094,0.08237180193967249,0.8998669663531066
id25746,0.99409358323387,0.0018374836470169153,0.004068933119113224
id02569,0.9415099415311132,0.00654481677773641,0.051945241691150536
id23368,0.011545069883793769,0.007448211724879349,0.9810067183913268
id23186,0.0292724897541389,0.4647488726318605,0.5059786376140006
id07484,0.11641324921171885,0.4494242504279773,0.4341625003603039
id06951,0.06879049986287414,0.9276907781187743,0.003518722018351634
id23972,0.09324440948463031,0.02254929385328739,0.8842062966620824
id25997,0.9699278802008312,0.020379970459063486,0.009692149340105313
id10863,0.8395424489667263,0.030300710469398334,0.13015684056387544
id25454,0.984997163679056,0.0037057652681954907,0.011297071052748535
id09071,0.008895794410484948,0.9865828945767244,0.004521311012790486
id15125,0.008343756143482609,0.9732877149866239,0.018368528869893357
id22672,0.013293960020470381,0.011673821422622748,0.9750322185569069
id27813,0.023407260364269312,0.01887149986784886,0.9577212397678818
id03960,0.051365870062627224,0.11353034327893533,0.8351037866584375
id11526,0.029323456974772903,0.9634690677026003,0.007207475322626848
id07872,0.8020676144304306,0.05691282909028794,0.14101955647928138
id09497,0.9802732234675366,0.006837057288380996,0.012889719244082316
id24222,0.02548389842729741,0.15941882012424335,0.8150972814484592
id04272,0.8911663905478653,0.00651786668532728,0.10231574276680754
id02938,0.04742864352831071,0.9391399321875732,0.013431424284116126
id00269,0.07525222274057812,0.8802076540813907,0.04454012317803121
id14925,0.010995397044593338,0.009420625022997266,0.9795839779324095
id17843,0.06671429862259702,0.01872851092359328,0.9145571904538096
id20327,0.9728275498133587,0.010787531280880279,0.016384918905761013
id13986,0.11517100128649575,0.01020848164553737,0.8746205170679668
id21777,0.13255421946705823,0.026228292605300792,0.841217487927641
id16285,0.1366378171080582,0.8543913110758362,0.0089708718161057
id12045,0.9115319657346116,0.08011780795216285,0.008350226313225548
id06237,0.9828417188418554,0.006059432709573297,0.011098848448571199
id20483,0.003945559242876585,0.004307798442859324,0.9917466423142641
id21708,0.9718262274768076,0.014830832280331567,0.013342940242860767
id05422,0.8935820608518928,0.04205838204108898,0.06435955710701838
id14544,0.8772297060991938,0.014793371092920195,0.107976922807886
id07488,0.021555810169799256,0.9606841729289158,0.017760016901285043
id19353,0.001730681865814758,0.996777456077852,0.0014918620563332105
id16174,0.007843654724300833,0.015546892548639122,0.97660945272706
id21765,0.08607149304556898,0.004675437787842336,0.9092530691665887
id21583,0.007947235579308388,0.9847789178588376,0.007273846561854038
id11740,0.08790910086804873,0.30094183433935895,0.6111490647925925
id23396,0.9594141061242908,0.007972071884589005,0.03261382199112015
id16511,0.726545016907358,0.036119688432895994,0.23733529465974607
id11598,0.969969498516175,0.021376873152512143,0.008653628331312797
id02804,0.9734096698205446,0.009645765526275578,0.016944564653179985
id07123,0.12650991659235145,0.8512622433493964,0.022227840058252225
id13092,0.6641746743122616,0.03870168269397467,0.29712364299376387
id13271,0.11592205574430628,0.8736268730650968,0.010451071190596802
id06272,0.006819931902835215,0.006455196011814673,0.9867248720853501
id06694,0.8992788764669902,0.01927627030224124,0.08144485323076857
id04330,0.9295084654746061,0.040178836152297746,0.03031269837309608
id20492,0.007015029236448644,0.943002278337807,0.04998269242574428
id14774,0.10665744590878475,0.8857694178206231,0.007573136270592136
id02457,0.04713331942608773,0.9501984226281212,0.0026682579457912563
id09725,0.3606648189050742,0.576061355569181,0.06327382552574491
id17116,0.03153490882374341,0.7665522656175158,0.2019128255587409
id04106,0.2993470201447235,0.4455400716726809,0.25511290818259563
id00557,0.9797365429897354,0.011301633351162422,0.008961823659102216
id04683,0.008917058282937974,0.0033180136064474277,0.9877649281106147
id12081,0.9546181884546904,0.010174194870708652,0.035207616674601074
id22575,0.008100757277476271,0.9764781797330228,0.015421062989500866
id05602,0.6839759019900397,0.01760328193771877,0.29842081607224163
id21532,0.7940305639509947,0.017424469488107025,0.18854496656089836
id14584,0.17181909896559028,0.8232710465993943,0.004909854435015412
id20301,0.8515851689859951,0.0040357173103068,0.14437911370369808
id15251,0.9197766761421573,0.045733512889643314,0.03448981096819943
id20270,0.05441366879948756,0.9354143753780585,0.010171955822453746
id04738,0.9255401091475183,0.009180097558897654,0.065279793293584
id17962,0.04787541593043719,0.012157037996833866,0.9399675460727289
id05003,0.007241184527638599,0.008247662574648507,0.9845111528977127
id23576,0.9733215101671805,0.008531719449526498,0.018146770383293123
id25745,0.0079459400719635,0.983873737953887,0.008180321974149597
id17062,0.9823715927651973,0.004413033867788375,0.013215373367014342
id27507,0.02294882881923821,0.008731682438973832,0.9683194887417879
id23898,0.984104501814438,0.010929015826190745,0.004966482359371227
id15929,0.005316390204682941,0.9898898332542703,0.004793776541046872
id21330,0.837482212672772,0.010175903193460234,0.1523418841337677
id24990,0.9944768054206851,0.001433311650582239,0.004089882928732793
id24185,0.05963867942944902,0.019848280836286633,0.9205130397342643
id20455,0.982489947298381,0.005967254700702237,0.01154279800091678
id27952,0.9188652649053574,0.014143742184891535,0.06699099290975125
id20592,0.9371881421186733,0.005936541646007742,0.05687531623531899
id20616,0.24059848962840819,0.2812448358091732,0.4781566745624187
id20591,0.11450955471391905,0.061285209582871744,0.8242052357032092
id14177,0.7328462536500434,0.0703265600837258,0.19682718626623075
id02169,0.9841416556269225,0.0018063521585303369,0.014051992214547266
id09818,0.04354109208021583,0.0033056450062665067,0.9531532629135177
id26864,0.207574041146314,0.7646959417519645,0.027730017101721342
id12388,0.03538163399207335,0.9592207333806563,0.0053976326272704
id11038,0.9814709496818727,0.003744123563122286,0.01478492675500515
id12061,0.9799614563437745,0.006422909764117139,0.013615633892108236
id04018,0.1313509232754231,0.03443574111835283,0.834213335606224
id12405,0.1727877591399186,0.5667515163344502,0.2604607245256314
id01878,0.7094039624534424,0.027405783356603805,0.2631902541899538
id18897,0.013802594280066484,0.9809375923390643,0.005259813380869303
id22682,0.030381391395791074,0.9653829719879519,0.004235636616256988
id27115,0.01263942277094569,0.9856084930056871,0.0017520842233673325
id05234,0.9338261912049741,0.026447725586117986,0.03972608320890802
id23726,0.9952619875635973,0.002139670855728733,0.0025983415806740975
id22075,0.00504126815563135,0.9906891845069283,0.0042695473374401854
id27216,0.977280310244236,0.0036718580161058394,0.019047831739658114
id07109,0.047226237230213935,0.9440662370158477,0.008707525753938376
id21292,0.42458139113711707,0.46966750439605226,0.10575110446683059
id04158,0.012750974716724034,0.008714714385373799,0.9785343108979021
id10534,0.5882699489057467,0.034641142785321585,0.3770889083089316
id10989,0.9346660798267971,0.0547538384215616,0.010580081751641256
id17817,0.035686202602800886,0.0038636182676061444,0.960450179129593
id14617,0.018557103175056527,0.9613283674387312,0.020114529386212384
id01978,0.9704742856008279,0.005061002508945518,0.024464711890226434
id14202,0.010828424649682469,0.012872607536709433,0.976298967813608
id12332,0.14140300261228583,0.010854099038376327,0.8477428983493378
id03649,0.0028471356529604043,0.9920045350000541,0.005148329346985499
id21830,0.8088015016396717,0.013277845747994314,0.17792065261233406
id11278,0.21667540424650233,0.6613852004856963,0.12193939526780141
id22343,0.9906419245854762,0.006132545042920663,0.0032255303716031227
id08160,0.9851926648639953,0.007038117447214739,0.007769217688789923
id10506,0.936626884759579,0.041206317661465,0.02216679757895599
id01006,0.9532992128971568,0.017083078256381706,0.02961770884646146
id07000,0.008006205171780661,0.9881008732018438,0.0038929216263755696
id15958,0.07847804838504306,0.010017043094450536,0.9115049085205064
id27256,0.9708302982113025,0.012040319832087861,0.017129381956609468
id00072,0.9865227444324749,0.0016753879356071878,0.011801867631917973
id08562,0.13638819844955521,0.02534325303212359,0.8382685485183211
id24309,0.024303254856096516,0.032635804307410074,0.9430609408364935
id07355,0.17320235140292115,0.81835124456612,0.008446404030959025
id18604,0.018955112956126816,0.0033115764852244137,0.9777333105586489
id04076,0.07913063809820874,0.9041452440296278,0.01672411787216342
id26925,0.0027298726650741376,0.9831533298493653,0.014116797485560453
id14852,0.9144274048773279,0.0801673621540856,0.005405232968586422
id05584,0.032191131476846546,0.0168437142565927,0.9509651542665607
id22864,0.14759746380992586,0.819258224774371,0.03314431141570318
id05507,0.9939928163765709,0.0037988496532985077,0.002208333970130479
id11434,0.15053576086042159,0.7841619704692567,0.06530226867032156
id08324,0.04990782925292441,0.9312381716133569,0.01885399913371877
id23117,0.030941590203505856,0.9620090994786165,0.0070493103178778296
id16296,0.9606467664430242,0.002002823134283201,0.0373504104226926
id18924,0.47206325788919157,0.5023469087783995,0.02558983333240889
id15909,0.9833427168177123,0.004457468166302754,0.01219981501598488
id25338,0.6396677390607146,0.010132610733644444,0.35019965020564103
id25981,0.9852525857850426,0.008626317329320406,0.006121096885636984
id14670,0.9844234222798361,0.006402807063370442,0.009173770656793543
id12396,0.021681837514874285,0.9660634594061047,0.012254703079020886
id19277,0.010722079234174625,0.006402785265999232,0.9828751354998262
id24809,0.5340088013435923,0.4121908603220082,0.05380033833439945
id20846,0.011544360263768996,0.007944977786301608,0.9805106619499293
id11040,0.20639766169911655,0.011124301066875425,0.782478037234008
id06094,0.9782675722662129,0.008994972788615397,0.012737454945171933
id22795,0.04432652115645547,0.9421216443634177,0.013551834480126732
id04747,0.041181469290084635,0.05469782085578491,0.9041207098541304
id05432,0.024142989540720326,0.012525683044600033,0.9633313274146796
id25198,0.9917152168552248,0.004312514622010937,0.003972268522764227
id00592,0.9852778593998224,0.008151740553752085,0.006570400046425618
id13221,0.0031688631620071,0.9940828918803046,0.0027482449576881935
id23301,0.10241319915740914,0.02373512791550684,0.873851672927084
id21781,0.13366304388850025,0.012853930149712532,0.8534830259617873
id00642,0.00170542966682608,0.9950853345752072,0.0032092357579666434
id12760,0.7647230506915978,0.013843376585498036,0.22143357272290426
id13666,0.06782160109303162,0.023568268023953225,0.9086101308830151
id04997,0.909009494452052,0.013398707669699788,0.07759179787824816
id21906,0.8198958042612389,0.12124802462600935,0.058856171112751904
id26072,0.00633242268575315,0.9858758119747977,0.007791765339449227
id19004,0.03184199543691917,0.01621805288249218,0.9519399516805886
id11638,0.009020343772091979,0.010262742921883592,0.9807169133060245
id01941,0.9741808449266356,0.007960312515697072,0.01785884255766738
id18590,0.9660975725503723,0.0165618601001853,0.01734056734944253
id01856,0.0693837121613752,0.924783707592494,0.005832580246130755
id04469,0.9531526803460953,0.007271504593941282,0.03957581505996345
id11732,0.12216376518929191,0.02172565983230873,0.8561105749783995
id06824,0.007252676805886106,0.06070578847993971,0.9320415347141742
id11941,0.005862222540498557,0.9925073270911807,0.0016304503683206564
id06786,0.9594574151183826,0.030416407384325987,0.010126177497291602
id22028,0.0069836651338948535,0.0037746075238966927,0.9892417273422084
id14323,0.058924382600214306,0.03450070919614564,0.9065749082036401
id11134,0.01277586043961439,0.9821772153647507,0.005046924195635041
id09894,0.9908599276645947,0.006486728808844853,0.002653343526560458
id19046,0.7764480568076702,0.011102825740532785,0.21244911745179695
id26307,0.004385567481184938,0.9930352631301474,0.002579169388667684
id22554,0.014518357298148727,0.29122666329241825,0.694254979409433
id16042,0.6163598012706847,0.11123494744007412,0.2724052512892411
id19948,0.992987280246014,0.0020530728840385025,0.0049596468699474264
id02019,0.004457336659035265,0.9907474534931613,0.004795209847803481
id02727,0.434525586509621,0.48840512314310497,0.07706929034727406
id08679,0.017795099235608677,0.022490041414982922,0.9597148593494084
id27436,0.03808030755315389,0.019870717473865027,0.942048974972981
id07161,0.8926604238263297,0.058798262877140364,0.04854131329652997
id11869,0.03791386435389115,0.9460197858909606,0.01606634975514821
id00076,0.02414918254252683,0.02641293149463283,0.9494378859628403
id00586,0.03723331902684532,0.9348385570524612,0.027928123920693607
id14423,0.10300329009014822,0.03858310560828319,0.8584136043015687
id25611,0.1011195393816449,0.8703098280472025,0.028570632571152724
id13872,0.8731245181596757,0.044397235080677076,0.08247824675964709
id08102,0.012741792062944662,0.9746018568461597,0.012656351090895655
id03475,0.6044341310142264,0.358729463326698,0.036836405659075734
id07569,0.039184251870588355,0.008955571261034837,0.9518601768683769
id04616,0.9899094188622871,0.004648569586351955,0.005442011551361025
id07266,0.9898866938082795,0.005834371607439735,0.004278934584280843
id16104,0.6005358275082644,0.03455783330338945,0.36490633918834625
id05031,0.10176215400751006,0.11626837101380545,0.7819694749786844
id12290,0.9516216663501774,0.0432500723312043,0.005128261318618436
id26428,0.10748358791769336,0.10490435536931424,0.7876120567129925
id07837,0.008116088373545011,0.010332983696804705,0.9815509279296504
id19918,0.023915971821939854,0.9643000846047861,0.011783943573273994
id13067,0.09287541720872372,0.7434270240980744,0.163697558693202
id11540,0.015994234089796885,0.9758493574441688,0.008156408466034144
id17215,0.6688534266180881,0.04431801693773188,0.2868285564441799
id01745,0.016908721017988116,0.011407435154519498,0.9716838438274924
id00617,0.9572834050157644,0.013983553010081482,0.02873304197415417
id02879,0.019414559568419355,0.0258227541339082,0.9547626862976725
id22811,0.9705168879217471,0.002799503027000195,0.026683609051252687
id17744,0.005922519901370025,0.9756062091586163,0.0184712709400137
id04341,0.035356702797669226,0.948283043394506,0.016360253807824833
id08690,0.9957141144209055,0.0018179946856847673,0.0024678908934098074
id11565,0.9812414020918772,0.00492311794579013,0.013835479962332786
id09634,0.01413668025377051,0.012814609076306261,0.9730487106699234
id15427,0.9245485958121585,0.0522288109748322,0.023222593213009325
id11484,0.032201099953901496,0.007967914190743764,0.9598309858553548
id26859,0.9817378388802186,0.013178633472359919,0.005083527647421568
id02880,0.943801366196627,0.020921100924883654,0.035277532878489344
id21584,0.0625184760641129,0.010680235451204915,0.9268012884846821
id14918,0.9916265861609362,0.0037729980154598735,0.004600415823603687
id20117,0.05757613358890663,0.9389766301629084,0.003447236248184996
id17002,0.048676723012872174,0.015775076477043452,0.9355482005100845
id13158,0.11911858832501329,0.06793929346229682,0.8129421182126898
id11457,0.3149701189972261,0.02925292372053021,0.6557769572822436
id22103,0.9886465929685632,0.008012857513247712,0.003340549518189171
id27529,0.010544373658189107,0.007823911446397066,0.9816317148954138
id25918,0.011820674202147278,0.9826191294051209,0.005560196392731733
id24611,0.028953924921336156,0.9645426329776771,0.006503442100986698
id13996,0.017801025953089175,0.9780938280523728,0.004105145994537932
id05259,0.9101149530176864,0.008444188199633976,0.0814408587826797
id13593,0.007814358299687048,0.004621871184743181,0.9875637705155696
id18017,0.8234812418812792,0.024550503672015028,0.15196825444670573
id04960,0.09159751013968544,0.7948155761529754,0.11358691370733912
id13758,0.026599692643262268,0.0077375005059399865,0.9656628068507976
id04492,0.9512796675916229,0.02148026967153785,0.027240062736839384
id05023,0.00842550841458096,0.003847336413196737,0.9877271551722222
id05950,0.9626720625934468,0.008385331820531357,0.028942605586021772
id11006,0.9855986657350015,0.001831153072455258,0.012570181192543111
id09643,0.0702053828408693,0.0544735248805861,0.8753210922785446
id06055,0.02187464582085437,0.028906580880871897,0.9492187732982738
id17368,0.022098361032155744,0.0744015009217263,0.903500138046118
id14176,0.0081031596717186,0.006173434896821694,0.9857234054314596
id27198,0.028355819750279083,0.027592935967610817,0.9440512442821101
id05649,0.9936334743483578,0.003253333291319137,0.0031131923603228925
id25189,0.990874515352763,0.004551848976982423,0.0045736356702545874
id05589,0.9103827905561693,0.0320906551481778,0.05752655429565281
id08042,0.9870308767067831,0.004863545430249207,0.008105577862967625
id13680,0.05895848127184736,0.009869661393216092,0.9311718573349365
id07827,0.027809675617037143,0.004640114070567659,0.9675502103123951
id18530,0.992789705816293,0.0037471765194475207,0.0034631176642593545
id08813,0.7993880366502466,0.07043071791828603,0.13018124543146736
id05914,0.13056773969895782,0.011613903086255938,0.8578183572147862
id00488,0.0617367171754209,0.9120695730836464,0.02619370974093266
id03668,0.9525908483037799,0.017697480672557348,0.02971167102366276
id24088,0.005270718605606714,0.9922775249001571,0.0024517564942363136
id02988,0.12794768474181867,0.806439824926129,0.06561249033205246
id20364,0.9717191060524453,0.020357398995118133,0.00792349495243653
id16851,0.049742719948741285,0.022195193364540032,0.9280620866867186
id20843,0.8800558141269841,0.010932490606278539,0.10901169526673747
id27424,0.7440660801240678,0.014422702355193695,0.24151121752073865
id06862,0.9940714120031743,0.003590509850043561,0.002338078146782213
id19411,0.0023051565418397524,0.9962147964911975,0.001480046966962649
id23789,0.9799374011742552,0.0020158043121658482,0.018046794513579
id23545,0.0019337194240052222,0.9965678088689897,0.0014984717070052164
id05639,0.01994199827336395,0.01665062785459573,0.9634073738720405
id07046,0.005356716216878896,0.9826282719361845,0.012015011846936508
id23634,0.993076008306368,0.002085492009195292,0.004838499684436703
id05799,0.016560111674805644,0.011777829045219863,0.9716620592799745
id19418,0.014195909430847206,0.005734500577068709,0.9800695899920842
id21189,0.023907340586367287,0.9551875307650238,0.020905128648608877
id22281,0.9904087137510301,0.0045535137536156615,0.00503777249535427
id16127,0.6558382378013854,0.03577052313775838,0.30839123906085625
id05867,0.8416488872838521,0.04050097695253923,0.11785013576360868
id01211,0.1166666359192674,0.8814666470688326,0.0018667170119000289
id10078,0.00958952827774549,0.008756273148372289,0.9816541985738823
id17157,0.9914964321239653,0.0065170684183775964,0.001986499457657083
id23293,0.8934110740206234,0.03639351062093119,0.07019541535844531
id03589,0.8538802890291544,0.015293980605982626,0.1308257303648631
id03387,0.021580877466230147,0.030997314686314906,0.9474218078474549
id21470,0.9696926981062202,0.012966772721611543,0.017340529172168325
id22763,0.020093598783948452,0.012360684402776668,0.9675457168132748
id02601,0.13241563430669143,0.5800276129880657,0.2875567527052427
id09923,0.850545423632807,0.013214687236863204,0.1362398891303296
id05935,0.002357979954555709,0.9915217906331417,0.006120229412302572
id14296,0.01536704637343227,0.008384066083641931,0.9762488875429258
id04605,0.9934790623056785,0.0028109698951502234,0.0037099677991711735
id08167,0.003817516210528482,0.0021846588606840825,0.9939978249287874
id12659,0.982849036618042,0.013144197454681436,0.004006765927276499
id21553,0.9505689155648874,0.040315651774110776,0.009115432661001866
id13510,0.003673087945014125,0.9823261158495377,0.014000796205448144
id04734,0.012458301599541852,0.05694544018089972,0.9305962582195584
id17689,0.006129389590687231,0.0035417759742998036,0.9903288344350131
id08148,0.8122303553226285,0.16142775678943522,0.02634188788793622
id14908,0.013002552264880748,0.9816980272799666,0.005299420455152795
id17238,0.032702394534977634,0.8717789591777451,0.09551864628727728
id27146,0.031235972208741473,0.004737542407837192,0.9640264853834213
id16670,0.7801909781326081,0.20149475803828001,0.01831426382911188
id12023,0.887339816303006,0.05813495951932729,0.05452522417766669
id18129,0.25083858355243277,0.020711792947559135,0.7284496235000081
id07365,0.007752156440607955,0.9863091862702359,0.005938657289156088
id03073,0.1562465197993148,0.06010317311797887,0.7836503070827063
id14824,0.0052227737888132335,0.9899424209919404,0.004834805219246344
id26339,0.9775827665439883,0.017522813194987993,0.004894420261023706
id16562,0.010608926958099308,0.9846746007795726,0.004716472262328119
id22182,0.003567797874958729,0.9940377914744029,0.0023944106506383505
id27892,0.945961996888084,0.01707890301531894,0.03695910009659715
id23713,0.8577335940679306,0.1276431362091731,0.01462326972289629
id00214,0.9904198725991207,0.006037108343157344,0.003543019057722043
id21698,0.024518922879801466,0.007534783206917959,0.9679462939132805
id17685,0.035416398290518555,0.06380470449520047,0.900778897214281
id24848,0.9271450017061108,0.011931996032779281,0.06092300226111
id01544,0.9616286993221397,0.01795625005045531,0.020415050627405028
id12344,0.052075694876061784,0.8924498349082332,0.05547447021570518
id00513,0.9870306227525828,0.001807829570056209,0.011161547677360988
id19448,0.973567732703938,0.013013215396462295,0.0134190518995996
id11942,0.8602322135854005,0.026155691020822207,0.11361209539377733
id16370,0.2978485658012923,0.6894956492108654,0.012655784987842426
id06508,0.01349609681542128,0.011588033714089148,0.9749158694704896
id20829,0.007190272327927078,0.9837791473689242,0.009030580303148739
id27450,0.9952261894308223,0.0017788109606927485,0.0029949996084850474
id07362,0.09161326785611183,0.4382786607512654,0.47010807139262284
id15120,0.1975625969818844,0.28357631222174773,0.518861090796368
id10568,0.9559642202825412,0.012410742656891996,0.031625037060566706
id09623,0.9790284511309362,0.0074496855024555695,0.013521863366608454
id06139,0.8984268633895853,0.09053324246709368,0.011039894143320947
id24022,0.231373108620043,0.013758293495388383,0.7548685978845685
id02108,0.9905254486264343,0.006740503774217442,0.002734047599348351
id14950,0.031240045001864954,0.014183641459915606,0.9545763135382195
id01142,0.01522121032898686,0.003913747945288808,0.9808650417257244
id15655,0.9481413914155289,0.008980562655763356,0.042878045928707705
id13975,0.02668183015956284,0.964575138856688,0.008743030983749126
id00160,0.039725476309113564,0.9472955033493545,0.012979020341531998
id08273,0.05967536165208413,0.010385827626358889,0.9299388107215569
id13642,0.015654765751238246,0.02999845649401198,0.9543467777547497
id25452,0.9355288798881302,0.03431816951150317,0.03015295060036681
id24806,0.36196340946084987,0.019689584661365868,0.6183470058777842
id20664,0.017455183192663124,0.021167316529454163,0.9613775002778827
id13359,0.18995633968838557,0.7987786868544897,0.011264973457124614
id24579,0.9397032231022825,0.026188849790742073,0.03410792710697544
id23389,0.9766009760200153,0.013065877691296541,0.010333146288688087
id06502,0.04349742452861891,0.005673630832242447,0.9508289446391387
id03083,0.981430263626132,0.013602772478423548,0.004966963895444594
id01694,0.6816316436781898,0.009070792360578069,0.3092975639612322
id21872,0.056931151101073996,0.8393385426653432,0.10373030623358288
id01860,0.008911500369235235,0.004224973863161742,0.9868635257676031
id18127,0.9683849402715011,0.01052895954670292,0.021086100181795974
id01490,0.014248406093635571,0.013755508470446112,0.9719960854359183
id00183,0.9780047703244177,0.012600615794108637,0.009394613881473599
id15458,0.8558316314292859,0.05711458169940853,0.08705378687130574
id04289,0.9696043439953659,0.024395015520960118,0.006000640483674043
id02129,0.0630856264240456,0.12872487391915616,0.8081894996567983
id10271,0.39280055376593387,0.022734106240377083,0.5844653399936891
id02982,0.16173794333611577,0.8187950172572456,0.019467039406638704
id15036,0.2533065101693065,0.7421678708543704,0.004525618976323129
id15854,0.9941423033718327,0.002857466882843416,0.003000229745323912
id10252,0.015836818920335248,0.010450818525070982,0.9737123625545939
id24359,0.009670811837256531,0.01798919051723938,0.9723399976455039
id18620,0.011305334775283003,0.9871371597286283,0.0015575054960888044
id25768,0.009519028097198257,0.005976241494714294,0.9845047304080874
id16604,0.9383952509940886,0.04376431002014384,0.01784043898576758
id24942,0.7993695792795044,0.018636171540921273,0.18199424917957435
id12989,0.00555317720765319,0.9876664998387857,0.006780322953561008
id13841,0.966447943270248,0.005443110468749303,0.02810894626100261
id15481,0.02090428300227937,0.041254937947014285,0.9378407790507063
id10600,0.014512323049939805,0.018196617284278564,0.9672910596657817
id18528,0.1019466935015179,0.03404546421279338,0.8640078422856887
id16465,0.004286415974769937,0.9933202238612766,0.002393360163953507
id14204,0.17227459568547077,0.816489291296009,0.01123611301852033
id05924,0.9575550931337586,0.028551280228453886,0.013893626637787457
id16756,0.006801129905871506,0.010149316926879015,0.9830495531672495
id01167,0.8179851659698253,0.007215345631560606,0.174799488398614
id27624,0.003965493417736154,0.9923486062225667,0.003685900359697124
id13724,0.8776160368726729,0.026618511388969576,0.09576545173835758
id03677,0.9545385534441974,0.004303660468502967,0.04115778608729963
id26463,0.2157826368031429,0.5872566924231636,0.19696067077369345
id15623,0.8841080284153253,0.022671763597603287,0.09322020798707135
id26379,0.015509129906865243,0.0038038133729456367,0.9806870567201892
id25294,0.023577409868923666,0.01738301689498237,0.9590395732360939
id04100,0.0365294851474916,0.9310211709871752,0.032449343865333276
id23831,0.9635255297525166,0.019590156145054608,0.016884314102428726
id17334,0.9958094624326468,0.0021063540064508867,0.0020841835609023357
id19506,0.005483943325488716,0.008752636225521433,0.9857634204489898
id18629,0.618823120199793,0.36534473222787217,0.01583214757233496
id09105,0.1221305445375375,0.023446977875113552,0.854422477587349
id27735,0.9495939845612137,0.03260214186348519,0.017803873575301166
id22840,0.9897877258293871,0.0022025810307670316,0.008009693139845743
id01465,0.07141986292753777,0.5594515299836305,0.36912860708883183
id27750,0.9337937996813074,0.013456822839585228,0.05274937747910755
id20421,0.01279637682593715,0.003819417318036576,0.9833842058560264
id23826,0.9630529532239579,0.016262728629221325,0.020684318146820785
id23219,0.8700233854076292,0.09251613110649974,0.037460483485871145
id06442,0.006932855831421138,0.008618555057997841,0.984448589110581
id07847,0.9951810257430713,0.0019994417715912204,0.002819532485337467
id16995,0.8438923701304764,0.04724957198788414,0.1088580578816396
id07626,0.16033619572068758,0.7771218125690339,0.06254199171027851
id21920,0.09072984916358105,0.9017916779221706,0.007478472914248463
id22340,0.9461388568936946,0.04811814252291969,0.005743000583385854
id22108,0.8882449483454753,0.0627847195824865,0.048970332072038214
id25661,0.9430523073308031,0.029785837452165165,0.02716185521703182
id16284,0.9193495306245075,0.02463216138256105,0.056018307992931324
id19900,0.9791953414735559,0.008370340439847142,0.012434318086596998
id20864,0.9032519944515882,0.006216183358519813,0.09053182218989206
id26099,0.9205976102733502,0.03845213246808743,0.04095025725856248
id00333,0.2016304713393341,0.05737622467168682,0.7409933039889792
id27278,0.017548220988642328,0.968754560478737,0.013697218532620667
id16758,0.21632649917128605,0.7543563648070067,0.029317136021707144
id25660,0.6397612526036189,0.32495015453930387,0.03528859285707703
id05146,0.11290333614538915,0.035582130850320665,0.8515145330042903
id24812,0.026860111857886785,0.02402404344931318,0.9491158446928001
id12003,0.9875648585243216,0.0030454886614352445,0.00938965281424303
id04569,0.17691097061650815,0.7692075797484431,0.053881449635048734
id08269,0.7793710923762942,0.15566548576141462,0.06496342186229109
id06080,0.966172847732578,0.02457079509653136,0.009256357170890583
id09782,0.12112137480921528,0.8728778844133777,0.006000740777407184
id19722,0.040803531472452644,0.9561773610084239,0.0030191075191236673
id02781,0.039612586719653724,0.011251940023127313,0.949135473257219
id13385,0.9697479367943135,0.0022052226482673384,0.02804684055741907
id24676,0.09782299029133355,0.03210862581852848,0.8700683838901381
id07628,0.8744266162576948,0.02829768856856905,0.09727569517373602
id19363,0.023620537640230907,0.014476291837970416,0.9619031705217987
id27392,0.9768825825888918,0.008976848014884607,0.014140569396223525
id26486,0.9022132399878112,0.021707100309675764,0.07607965970251307
id02440,0.928501291839267,0.019868792295493515,0.05162991586523955
id26878,0.852917561453997,0.06644703587585143,0.08063540267015155
id23044,0.9958691239283244,0.0017804411780467152,0.002350434893629017
id24170,0.02936702658850551,0.9669217504910865,0.0037112229204079566
id22332,0.5952198323010205,0.013152658695506806,0.39162750900347276
id27933,0.9632928287497402,0.011795326345235897,0.02491184490502382
id17535,0.024765130540275522,0.01941237064268057,0.955822498817044
id19700,0.008879518197677816,0.982485493526454,0.008634988275868186
id19809,0.020633894973246494,0.5645645437395095,0.41480156128724416
id04484,0.04646585272367091,0.016035481636817655,0.9374986656395115
id00481,0.1734714649517572,0.19728880121371922,0.6292397338345236
id27510,0.9772959275586044,0.009981701995720458,0.012722370445675155
id04635,0.08438530896482707,0.018877343911096398,0.8967373471240765
id26027,0.9640564450355471,0.014761801319554995,0.021181753644897862
id09300,0.013381445382750799,0.9784547739568046,0.00816378066044475
id06381,0.014679290291032368,0.0055601525876612145,0.9797605571213064
id18038,0.0118612037583554,0.007988342676699487,0.980150453564945
id22011,0.1547217792443591,0.8001067393161377,0.04517148143950308
id10608,0.0018794250569230027,0.9966827933724157,0.0014377815706613933
id23054,0.9265061837426797,0.011334432425451275,0.06215938383186907
id13904,0.037126385617051574,0.9549711674613788,0.007902446921569632
id13855,0.05081071858078065,0.3864891391426887,0.5627001422765308
id17630,0.06945096672223525,0.8844432617541318,0.046105771523633
id08595,0.18488888765445552,0.014579039299208733,0.8005320730463357
id09532,0.7747942154958307,0.011239352423671219,0.21396643208049812
id13176,0.021139947012736023,0.022899745719034557,0.9559603072682293
id27237,0.004462253192208619,0.0028543713570067363,0.9926833754507847
id16704,0.04189403998762317,0.0538057922024186,0.9043001678099583
id20994,0.025740827395189913,0.03299764946854797,0.9412615231362621
id17501,0.002695877061991384,0.9942249340857682,0.003079188852240368
id16509,0.020506793596307676,0.016456089070770452,0.963037117332922
id15081,0.5024110853285967,0.017524414919235003,0.48006449975216847
id24414,0.12762338599087095,0.15925844578810935,0.7131181682210198
id09220,0.01740182911482066,0.029968486991881375,0.9526296838932979
id26514,0.006597306392071588,0.004861851046315477,0.9885408425616129
id14703,0.9746068759351445,0.0037351753320531184,0.02165794873280248
id19838,0.011864562229472863,0.030619628631498974,0.9575158091390282
id23297,0.5250220242121892,0.031401804350720125,0.44357617143709066
id17113,0.92259245799336,0.067431075818156,0.009976466188484108
id11693,0.8635124006121612,0.004557949465556307,0.13192964992228243
id00847,0.12261074338253335,0.5535450660365803,0.3238441905808865
id00233,0.7617650568489344,0.008125495320839258,0.23010944783022647
id02776,0.9469502148837269,0.045362913480981544,0.0076868716352915005
id10396,0.8332131299408271,0.018404047468918886,0.14838282259025395
id18222,0.9566383417796651,0.018253864908297047,0.025107793312037902
id13476,0.03458810647383656,0.11783794974174787,0.8475739437844156
id08007,0.05445215506545932,0.022029769412870732,0.92351807552167
id12984,0.016819481420987957,0.018577387483352487,0.9646031310956595
id04174,0.0721135247522718,0.9113553979865671,0.016531077261161188
id23874,0.0053305770239526,0.005941197835518316,0.988728225140529
id00595,0.004057292189833964,0.9941906232246873,0.001752084585478791
id18041,0.9522876638348152,0.04235581275041433,0.005356523414770414
id17403,0.942636768029236,0.03974751320199019,0.017615718768773832
id11741,0.9357742550752474,0.03429870566065694,0.029927039264095796
id16928,0.18970133253680135,0.01734346288039108,0.7929552045828077
id21913,0.021108592455141312,0.042348466611529335,0.9365429409333293
id05939,0.009367501448330338,0.010362863332454246,0.9802696352192155
id12429,0.00818082555964691,0.9820078898454923,0.009811284594860796
id04447,0.6894511875461744,0.048520739257999095,0.2620280731958265
id15928,0.9213483895701381,0.04581728076298545,0.03283432966687638
id13126,0.01732883661671344,0.018276394460394137,0.9643947689228924
id03989,0.9632988691972272,0.007045169286104175,0.02965596151666874
id08950,0.15825247149719232,0.8337106125976437,0.008036915905164041
id26494,0.02455968013518363,0.014713283774743192,0.9607270360900733
id09289,0.03642505928159096,0.03542942428693035,0.9281455164314788
id16295,0.0256620090531742,0.9479579585467006,0.02638003240012525
id01616,0.0020040246906285254,0.9865051018256844,0.011490873483687035
id25251,0.07803354114159738,0.015484470692433566,0.906481988165969
id10354,0.941385799084846,0.01631975524068068,0.04229444567447334
id08559,0.1912585873526103,0.7871985446201831,0.021542868027206456
id20385,0.9548603467645905,0.003956706397031954,0.0411829468383774
id01760,0.9653821054733512,0.014374102317382592,0.020243792209266125
id04242,0.10560251088761771,0.025344911471549363,0.869052577640833
id05652,0.014095665440366837,0.9842024561401664,0.001701878419466723
id05269,0.016125808901697812,0.9676072226867264,0.016266968411575836
id11218,0.025721355065822057,0.09971704934841624,0.8745615955857617
id19158,0.05883205383279511,0.9344654197571761,0.006702526410028816
id00927,0.07961567639761184,0.00771716406439243,0.9126671595379958
id25636,0.0734997606673537,0.5970876813018107,0.32941255803083574
id20727,0.08100221869209305,0.016046037228771882,0.902951744079135
id01645,0.9534408053187221,0.01723318138350446,0.02932601329777343
id19931,0.39653866867702825,0.5718681995833658,0.03159313173960598
id12473,0.004622554520749151,0.9895793632279815,0.005798082251269339
id00618,0.7200459013660543,0.0359077534906762,0.24404634514326948
id27329,0.0072444127166352654,0.007971506064463237,0.9847840812189014
id11553,0.9924852590459875,0.0034878215471148407,0.004026919406897795
id10357,0.0054369356928625386,0.005647226278025778,0.9889158380291118
id11392,0.027433702603455536,0.005258897990156953,0.9673073994063877
id03634,0.13653076530126912,0.8464394663295846,0.017029768369146225
id15781,0.9815841141302426,0.012968783727435276,0.0054471021423222726
id11706,0.015354524529652738,0.012193732320843108,0.972451743149504
id04248,0.9385742399877823,0.03541011052445737,0.02601564948776017
id26011,0.2539914305038043,0.1669037076798698,0.5791048618163258
id17478,0.020745614613824005,0.016164140136017125,0.963090245250159
id16179,0.7054882082885692,0.2470739701355666,0.04743782157586418
id11340,0.9755978895206207,0.006501990249896959,0.017900120229482442
id05629,0.16513711214703172,0.6029357677312801,0.23192712012168817
id00266,0.018228493598650343,0.010419987755473743,0.971351518645876
id18514,0.054284434843963725,0.017595561198725195,0.9281200039573112
id05167,0.027861715042627258,0.08412296603060446,0.8880153189267682
id08943,0.7840966164314681,0.10282181471261978,0.113081568855912
id14580,0.007893054002519636,0.980644444759088,0.011462501238392528
id24496,0.9699329321865203,0.02338131234787795,0.006685755465601753
id04884,0.016027206578370753,0.09292881559868214,0.8910439778229471
id08011,0.02203190429028026,0.01797800942834663,0.9599900862813731
id17807,0.0318415521116279,0.010472843183697936,0.9576856047046741
id05694,0.9921279675692988,0.004638804279416303,0.003233228151284825
id02907,0.020789807379104082,0.9619472362313487,0.017262956389547262
id23235,0.19471786983282427,0.02095432928248248,0.7843278008846932
id26764,0.9551299936738599,0.02931991623207232,0.015550090094067767
id12226,0.012585208689197882,0.008901394421360075,0.978513396889442
id15157,0.9594205760705694,0.0031470628792161733,0.03743236105021438
id27127,0.04652672914136725,0.005030937177911629,0.9484423336807212
id27723,0.01842276545779324,0.02597942736671139,0.9555978071754954
id10742,0.021152344776334348,0.9599909481114507,0.018856707112215012
id22951,0.04874110709622183,0.05197090377277507,0.899287989131003
id09429,0.17649869379053978,0.026170968291439736,0.7973303379180205
id26058,0.013843713282556142,0.9601513294597889,0.02600495725765491
id27415,0.07711383443951289,0.5108267492276686,0.4120594163328186
id06938,0.7945955583411294,0.0022248835402375092,0.20317955811863303
id18702,0.9716727406386985,0.008626741728957305,0.019700517632344202
id05229,0.9175108365219522,0.05104242871727673,0.03144673476077111
id05219,0.0066791056816821745,0.004229196361051386,0.9890916979572665
id26375,0.02274051981907762,0.9710661422288398,0.006193337952082558
id19622,0.8311675177942264,0.009727106697278241,0.15910537550849554
id13333,0.7061231235978117,0.07129029061201582,0.22258658579017251
id25849,0.01631335741121346,0.9806933340906098,0.002993308498176852
id06780,0.35904509605216506,0.031819137332873476,0.6091357666149614
id01128,0.20514608336323922,0.02577997545236812,0.7690739411843925
id22697,0.011070889771141922,0.008387474822765528,0.9805416354060925
id03725,0.261829292517007,0.034825321270559755,0.7033453862124334
id06570,0.9395426796551515,0.013583234361041672,0.04687408598380696
id07834,0.009674785709110827,0.004526241472868048,0.9857989728180212
id08930,0.9724028470581978,0.011199082527151983,0.016398070414650308
id03276,0.004701637725569767,0.0025701018716211732,0.992728260402809
id07367,0.0024241826547909107,0.9952629785211524,0.0023128388240566383
id12250,0.9654352701255219,0.018861705749501252,0.01570302412497697
id00461,0.145152387643872,0.02064577767609468,0.8342018346800334
id17583,0.9940336782444117,0.0018990283137986018,0.004067293441789785
id07331,0.13453212305271264,0.7867659604493683,0.07870191649791909
id09844,0.06791476179006167,0.03165874301224627,0.900426495197692
id12595,0.02747695137210836,0.03233251624635223,0.9401905323815394
id12911,0.0026097404777180237,0.9956059201490911,0.0017843393731909014
id13334,0.11360993970922058,0.035728534866774984,0.8506615254240044
id03231,0.1883664370293768,0.7649888869250117,0.04664467604561146
id16441,0.0191293610083356,0.007225701455043068,0.9736449375366214
id11427,0.07413545031713156,0.013883393660340134,0.9119811560225283
id16919,0.9919742670962917,0.002430633762320389,0.00559509914138788
id04388,0.011809993466192466,0.03909846052264977,0.9490915460111579
id09608,0.11957751751483058,0.5028514052313335,0.37757107725383593
id14912,0.17326089168832975,0.007860820979110695,0.8188782873325595
id24621,0.01964985873695014,0.6404401369173486,0.3399100043457015
id14904,0.03421810368917447,0.07685870152235438,0.8889231947884711
id09209,0.018791404596648405,0.02301631323410908,0.9581922821692425
id10425,0.9936770288707293,0.0038881612500886098,0.0024348098791821494
id04915,0.8307902051314765,0.013427592350804596,0.15578220251771904
id01417,0.04911297632718735,0.9434682331387654,0.007418790534047274
id12318,0.9470535010678952,0.032461486980864686,0.02048501195124
id01184,0.025743410053317237,0.24866448225672969,0.7255921076899532
id05349,0.0187475908412818,0.010612817050368565,0.9706395921083497
id14718,0.013312290495683742,0.00483974750472343,0.9818479619995929
id20392,0.0642614054670849,0.06622481955034769,0.8695137749825673
id10071,0.06933873113051346,0.1749396208827515,0.7557216479867351
id24369,0.9941449572773399,0.0018878763500156822,0.003967166372644325
id22137,0.9780388274063138,0.02023277607086751,0.0017283965228185913
id14478,0.004784886122992172,0.0051657659887329255,0.9900493478882749
id10018,0.025209733149717608,0.013557812647985995,0.9612324542022964
id13357,0.005518973160949104,0.9899043445728714,0.004576682266179533
id06093,0.013926042897452074,0.03847208938607003,0.9476018677164779
id26039,0.006597510226883706,0.005548356603487802,0.9878541331696286
id05974,0.019979998809822493,0.9661593773493147,0.01386062384086269
id09745,0.9013202921792983,0.06051605956082038,0.03816364825988141
id01255,0.09356658114535196,0.8923640505300947,0.014069368324553251
id25995,0.002088574303393772,0.9951587335916605,0.0027526921049457406
id01205,0.7084463280034978,0.14960926682555678,0.14194440517094525
id09735,0.15938650792408335,0.8345110669941522,0.006102425081764525
id19431,0.06774671220230397,0.9160112066028412,0.016242081194854947
id10226,0.9911306629124015,0.005568048752894608,0.003301288334703884
id22446,0.9886483373748429,0.002558258691726466,0.008793403933430545
id10207,0.06631341092176805,0.8231679114709641,0.11051867760726793
id02564,0.976976563029819,0.006762464308256736,0.016260972661924344
id15113,0.9256588536828613,0.053167581050535824,0.02117356526660292
id20230,0.9663216219233198,0.0056323838803492045,0.028045994196330866
id18155,0.9720036088170605,0.009112631713204908,0.01888375946973456
id23722,0.022226157146890732,0.011577213841957956,0.9661966290111513
id20241,0.9818594143971319,0.003921203394866432,0.014219382208001575
id10580,0.0051433926148223156,0.005667167936137202,0.9891894394490404
id09405,0.06601868904291835,0.049405805037391864,0.8845755059196899
id16297,0.02634707665896487,0.9701932514697736,0.003459671871261479
id27247,0.1192027227684419,0.027874346224804274,0.8529229310067539
id26321,0.9929735659773175,0.002949495072141878,0.00407693895054057
id18503,0.0525072329511759,0.007331241919053052,0.9401615251297711
id04178,0.05242474178203978,0.8804675223459748,0.06710773587198537
id22695,0.014835763819113456,0.049298446591098305,0.9358657895897883
id04368,0.9934716043926625,0.002323492658637037,0.004204902948700366
id20585,0.9943193652076949,0.0036964118315115082,0.0019842229607934894
id21615,0.8819227174991553,0.01600723400589049,0.10207004849495428
id10830,0.0016209295392227451,0.9901700429802268,0.008209027480550538
id22143,0.9915215214659651,0.003930825444617294,0.004547653089417583
id21600,0.9763485365867145,0.009025082721868872,0.014626380691416625
id23773,0.9898328770468716,0.0024864529081192123,0.007680670045009219
id08505,0.9926271827211556,0.00307150280852517,0.004301314470319154
id27152,0.9664464599131927,0.007924693145556211,0.02562884694125101
id09817,0.14744659211912609,0.7685868304476868,0.08396657743318711
id02355,0.37461389391870614,0.1168449691457824,0.5085411369355114
id23629,0.9913119122442713,0.0017836101687171086,0.006904477587011649
id22194,0.9792692868456054,0.01218471275239213,0.008546000402002362
id05592,0.08324808758406917,0.016897834393348583,0.8998540780225822
id02916,0.0299625929931761,0.06420155871087513,0.9058358482959489
id22284,0.9636118290263774,0.0075128713454847606,0.02887529962813779
id14574,0.029347487695190258,0.00791958001147267,0.962732932293337
id16820,0.04947540482840056,0.007332894657573901,0.9431917005140255
id04513,0.988663901197091,0.0015646956506721076,0.00977140315223692
id05853,0.7931701664901007,0.03630319455435984,0.17052663895553957
id23528,0.01390442100826359,0.9694393725301483,0.016656206461588018
id06684,0.9277041499347018,0.011591225599761158,0.060704624465536934
id19793,0.9796275400899236,0.014720615142584256,0.005651844767492032
id05567,0.7759466431077716,0.010001833036775768,0.21405152385545284
id01637,0.00398734857523569,0.985655055173087,0.010357596251677361
id24264,0.04657551939508992,0.04077142944740431,0.9126530511575057
id08558,0.006273675147438692,0.962242740597822,0.031483584254739405
id01977,0.008094867850181755,0.6886414329180874,0.30326369923173085
id14665,0.003101454434099275,0.9882664317372823,0.008632113828618292
id24485,0.10305006140993546,0.8846551310719265,0.012294807518138015
id00331,0.436711122325579,0.10013521652724298,0.4631536611471781
id06004,0.09778498768746334,0.025189641304966575,0.8770253710075702
id08168,0.005085251783067446,0.9876082462170728,0.0073065019998598026
id02054,0.9832986963581342,0.003664076746691019,0.013037226895174687
id27733,0.09612740098130071,0.014096320061250679,0.8897762789574486
id26596,0.03141257700197161,0.9604127401977774,0.008174682800250868
id05275,0.18819305663155605,0.7896074830770846,0.022199460291359413
id23093,0.9340700517419273,0.024113345299686225,0.041816602958386594
id13304,0.04115254588837143,0.016565108019614992,0.9422823460920134
id09513,0.9921880524136406,0.00282287976343763,0.004989067822921696
id14943,0.9614980338393437,0.007861128398569207,0.030640837762087036
id10936,0.9161128735888485,0.02779960586598712,0.05608752054516438
id18771,0.8874903254129262,0.0711378523199317,0.04137182226714216
id09708,0.934868483294502,0.046694335904632754,0.01843718080086513
id17204,0.9707371820392092,0.01640748061488679,0.01285533734590407
id27515,0.0018052014051965178,0.9968665908309849,0.0013282077638186857
id04438,0.6099612759818369,0.009252785396656893,0.38078593862150634
id14306,0.6644338287949347,0.284491429674267,0.051074741530798405
id10235,0.04844069651286173,0.022316940580476452,0.9292423629066618
id19034,0.8221499752460064,0.14362324221624959,0.034226782537744124
id27850,0.18408130022307484,0.03824184631867657,0.7776768534582487
id23316,0.9464616266284204,0.04018316236562209,0.013355211005957577
id21265,0.7368514442369319,0.0143098015326653,0.24883875423040286
id13944,0.02097922095425398,0.017828314934857755,0.9611924641108882
id00416,0.008881037557916607,0.9819232861673296,0.009195676274753723
id04702,0.9685588421428607,0.01788143390056635,0.013559723956572947
id07679,0.033653561285705666,0.8023472002159443,0.16399923849834996
id17063,0.008626291390267231,0.9781376466820455,0.013236061927687335
id25840,0.09658562395530529,0.7004602444765554,0.20295413156813935
id16767,0.08480043061606386,0.9115180611162361,0.003681508267699933
id10275,0.015912226372465376,0.01407102389034349,0.9700167497371912
id19913,0.8794739582117547,0.05533763415222092,0.06518840763602433
id16158,0.01696316569721918,0.9771428629303232,0.005893971372457669
id19914,0.03034451833332686,0.01420517442169918,0.9554503072449739
id09409,0.06731200499148333,0.15625956799084634,0.7764284270176702
id14026,0.9551556117863913,0.019940889623833197,0.024903498589775475
id27022,0.04225066244555283,0.9306233071855428,0.027126030368904472
id06324,0.0032211742445725712,0.9919284469796349,0.004850378775792474
id22614,0.020710432633871026,0.06035673908290595,0.918932828283223
id02338,0.9766150317319691,0.0027651851779334135,0.020619783090097526
id02862,0.0729878851971014,0.8451382854897164,0.08187382931318234
id14818,0.1322919095760549,0.08181643961948953,0.7858916508044556
id00648,0.9389967002063437,0.0446782220044688,0.01632507778918748
id21812,0.020849872060630804,0.011365104030250256,0.967785023909119
id04567,0.0123250573496542,0.9830986310605143,0.004576311589831567
id20462,0.010240281221490741,0.018978220600216186,0.9707814981782931
id21110,0.049804862141942,0.01058857763001214,0.939606560228046
id27524,0.552118913291007,0.32799753866454295,0.11988354804444991
id10739,0.018246963886870915,0.024891591629589246,0.9568614444835398
id25519,0.5053997553651901,0.2981722819069461,0.19642796272786392
id09509,0.16536618721513446,0.06194268768935676,0.7726911250955087
id24062,0.23036643194915007,0.7531143377292856,0.016519230321564386
id17909,0.8417311909758654,0.010850513971714356,0.14741829505242035
id09896,0.08795355963631678,0.018622846709833298,0.89342359365385
id11587,0.005754622283837919,0.9917009353322616,0.0025444423839004206
id09957,0.08947558471605102,0.8949507108842003,0.015573704399748764
id02070,0.005310658340609508,0.01180993158514716,0.9828794100742433
id25658,0.9593216440035162,0.007233879003668206,0.033444476992815726
id19870,0.32625142545482283,0.364083314558858,0.3096652599863191
id11774,0.022257552940936547,0.004351048221385246,0.9733913988376781
id21315,0.9868415966133957,0.009171930479609475,0.003986472906994989
id15873,0.9808358331430354,0.014305558395076018,0.004858608461888653
id19302,0.026246421190746518,0.9656653779674961,0.00808820084175731
id07239,0.055614992093553146,0.9359932807429882,0.008391727163458833
id10178,0.9327231958298312,0.0038559400432625975,0.06342086412690606
id00074,0.9939735337902734,0.002394526798732186,0.0036319394109944956
id21736,0.11511309811817007,0.8264958330990512,0.05839106878277867
id25383,0.04714924083031236,0.9312277668835808,0.02162299228610685
id01649,0.8998792691500712,0.04304853763833536,0.057072193211593444
id15990,0.028853006063717233,0.027073528672441137,0.9440734652638417
id04940,0.9899946622042973,0.0016674947965010145,0.008337842999201735
id09041,0.6611359850774906,0.30652172778991243,0.03234228713259688
id12499,0.41947028442676493,0.5281585134068217,0.05237120216641335
id27324,0.05946259978686324,0.9271750835981087,0.013362316615028057
id20396,0.07199729492590407,0.9218932305647315,0.0061094745093643816
id20065,0.9941877858873065,0.0022070634648367047,0.003605150647856779
id09659,0.047839212118009775,0.03594769889644796,0.9162130889855422
id04632,0.007946063926483072,0.006934428228527925,0.985119507844989
id17313,0.9232529059992384,0.030778457115369494,0.04596863688539216
id04995,0.9827365408168666,0.005960432310043437,0.011303026873090018
id26559,0.9471433386801679,0.016685368401482357,0.03617129291834987
id06974,0.7289372586900116,0.05261088285970981,0.21845185845027856
id22141,0.9902605852741119,0.0031064296065398196,0.006632985119348214
id11508,0.02871239841339292,0.020481683222543342,0.9508059183640637
id09766,0.056156227969167895,0.9274891189469127,0.01635465308391938
id24382,0.07740028378469585,0.6471329319344306,0.2754667842808736
id12016,0.9279084720853403,0.019306954549223952,0.052784573365435676
id07298,0.9751649291609451,0.004001271871821037,0.02083379896723378
id17985,0.04393946381019253,0.9426206730156609,0.01343986317414664
id09057,0.025131973684247473,0.004690387702984755,0.9701776386127678
id23310,0.004522312061434092,0.007511894568518083,0.9879657933700478
id13265,0.9897794643636046,0.0029563604499069068,0.007264175186488297
id25920,0.9912927966328008,0.0021518283703148918,0.006555374996884247
id15012,0.883080289183121,0.004879122216551606,0.11204058860032742
id12939,0.003880750086902417,0.9894534898638356,0.006665760049262079
id13329,0.9292673767898432,0.02838666787151435,0.04234595533864242
id11410,0.04283732213192621,0.9524544901436977,0.004708187724375997
id08203,0.142047096187383,0.8118277217564079,0.04612518205620898
id09399,0.03596619109038515,0.9577859309986637,0.006247877910951124
id24807,0.017618092646647685,0.006984925136702865,0.9753969822166495
id24976,0.9735056170728148,0.008163356921035347,0.01833102600614987
id19630,0.02032962197029116,0.014536620763524584,0.9651337572661842
id00231,0.008444601232314976,0.9890249847310577,0.0025304140366274007
id06157,0.03230261347418794,0.9284062012914726,0.03929118523433948
id26817,0.08181676654896884,0.012706181727931296,0.9054770517230999
id21083,0.01798607555674404,0.007920146929124426,0.9740937775141315
id27634,0.9921716463326088,0.003162117974683707,0.004666235692707475
id12397,0.010424283461646117,0.01422790472126671,0.9753478118170871
id02643,0.014406506747682261,0.005095598078212843,0.9804978951741048
id13731,0.06349326950928963,0.9302113885925495,0.0062953418981609105
id17953,0.03807590870065539,0.011494163702634487,0.9504299275967102
id10342,0.09035861103225133,0.025062555677491216,0.8845788332902574
id19652,0.8866283666323856,0.07867012497354842,0.034701508394065994
id03505,0.024574641795134005,0.9568920268795262,0.0185333313253396
id27602,0.18322939819409906,0.7588916550823632,0.05787894672353752
id13311,0.024535426094093427,0.012158383750776318,0.9633061901551303
id20008,0.8876230980328316,0.05740682603618943,0.054970075930979134
id14404,0.004491020403156912,0.00461308500591622,0.9908958945909268
id09413,0.04718173673392189,0.011760748297265526,0.9410575149688126
id01897,0.08537574370497678,0.8056912068498625,0.10893304944516075
id14873,0.9805366986542211,0.008299457490985047,0.011163843854793857
id25588,0.9801536166023317,0.010534783296473766,0.009311600101194587
id15549,0.36795455145847106,0.6098725130948525,0.022172935446676364
id20796,0.08461871155986996,0.01021131457805384,0.9051699738620761
id11138,0.1441252620233323,0.026806934118860846,0.829067803857807
id18398,0.019261203921694545,0.024494334434121686,0.9562444616441839
id01871,0.9802879724663467,0.0022147622422385082,0.017497265291414786
id15968,0.9127716103078706,0.002098241152629359,0.08513014853950013
id18197,0.00394901569108392,0.006306292592312438,0.9897446917166036
id20939,0.04271397457048522,0.006548552711548617,0.9507374727179662
id20570,0.022796125774470818,0.017239534369073547,0.9599643398564556
id00432,0.9880452855526995,0.0022049083386168063,0.009749806108683626
id19537,0.006039877293900174,0.9850273428142551,0.008932779891844631
id12930,0.9787545774591472,0.019009078395646212,0.002236344145206542
id26222,0.012807824422756475,0.9770324693841422,0.01015970619310129
id10623,0.994323292698275,0.00275808807022894,0.0029186192314961143
id15460,0.003223698959136677,0.9943798626962663,0.002396438344596956
id22824,0.9889503205049416,0.0074258678872455046,0.0036238116078129196
id02968,0.719277229190754,0.020741642291098965,0.2599811285181471
id19017,0.8513945025737183,0.10750985839726145,0.04109563902902013
id26743,0.002826585861434139,0.9894496685319217,0.007723745606644132
id04161,0.9545608119083222,0.011449562158917743,0.03398962593276004
id08976,0.0048795297353154314,0.9915009620470606,0.0036195082176239146
id13339,0.009215810074034745,0.9837726782834992,0.007011511642465928
id25051,0.9542141708627748,0.015035494572439814,0.030750334564785303
id22649,0.941404534355196,0.0523191828227517,0.006276282822052419
id00040,0.0033454105657880285,0.9882338437739961,0.008420745660215898
id08855,0.9180139353773884,0.04741274533347872,0.03457331928913283
id24622,0.9723325642855241,0.003361887471072947,0.024305548243402888
id02301,0.9798173959626001,0.0056005212315746716,0.014582082805825135
id07047,0.6852450348211175,0.01634833341356217,0.29840663176532045
id04423,0.9895631508375198,0.006960909551413479,0.0034759396110667653
id02790,0.2236392517751021,0.7451507167854942,0.031210031439403797
id08754,0.20762235828878955,0.7848567346220171,0.007520907089193404
id20297,0.029982696610384447,0.017644512619218285,0.9523727907703973
id04307,0.02415706021577653,0.9347912593023379,0.04105168048188571
id18927,0.06802753579648521,0.11231515051323629,0.8196573136902786
id27393,0.09365341414626906,0.02239023477377033,0.8839563510799605
id15260,0.18756651002803248,0.8003187203710256,0.01211476960094177
id03679,0.923665658258002,0.010323626010708476,0.06601071573128948
id17381,0.9949765082872953,0.002186299859811065,0.0028371918528935823
id13196,0.9152502275309665,0.02136319539201146,0.06338657707702193
id21493,0.012131659454725786,0.020497443735860942,0.9673708968094133
id11088,0.02466509235065472,0.0531735960865911,0.9221613115627542
id15801,0.7297298809062449,0.011492916302174019,0.2587772027915811
id04647,0.062068546476625255,0.016848956539434693,0.9210824969839401
id16900,0.06956230221194208,0.9254030914400916,0.005034606347966236
id17174,0.9765893384503062,0.015517056292081815,0.007893605257612008
id23801,0.025961160010891698,0.9628905445561428,0.011148295432965515
id11952,0.8656591075726074,0.04476557661226196,0.08957531581513076
id02738,0.9485281213961767,0.010958212538257519,0.040513666065565675
id05365,0.9753066694323324,0.0029496101069843676,0.02174372046068323
id19666,0.016751088272299385,0.9749024286872152,0.00834648304048531
id26638,0.04687121927346372,0.09707867125215855,0.8560501094743778
id03032,0.7463344902963746,0.1507160616795653,0.10294944802406011
id23471,0.9940233419880897,0.0023323536425280313,0.0036443043693823902
id26135,0.0019099848624940976,0.996889209721819,0.0012008054156869576
id18224,0.0015220883321229372,0.9971314881135535,0.0013464235543237334
id10782,0.9305195926038342,0.007419858432842431,0.06206054896332337
id08932,0.03255477042846277,0.012577965968366646,0.9548672636031705
id23126,0.012870829434502748,0.012722229924812948,0.9744069406406843
id22273,0.8588982429995685,0.06909456354273912,0.07200719345769238
id17427,0.8733216178544714,0.11040883896457997,0.01626954318094863
id21258,0.9331662647443061,0.06269715868489031,0.004136576570803491
id06604,0.9881970023691419,0.008333522888270483,0.0034694747425876578
id02180,0.8995419400883277,0.02699399675247235,0.07346406315920005
id20505,0.03271074514067561,0.9537857522457036,0.013503502613620757
id27466,0.5725742517701231,0.038971396079435415,0.38845435215044155
id14249,0.050084946484823555,0.07393735471697607,0.8759776987982005
id15891,0.10133030745442875,0.08674845723483428,0.811921235310737
id25366,0.037880888319621095,0.020231982611835723,0.9418871290685432
id13554,0.007292010152947777,0.007126440892041688,0.9855815489550105
id09470,0.0071031329331388915,0.00662988723993501,0.9862669798269261
id15993,0.060606587437241836,0.14015398496233944,0.7992394276004187
id07273,0.2081252151317789,0.08297547952028843,0.7088993053479327
id10805,0.8540468499401948,0.011782788212918132,0.13417036184688705
id07990,0.044610796452974694,0.8692340988201865,0.08615510472683884
id08107,0.04155443135645154,0.009806071264000632,0.9486394973795479
id07612,0.9357254962540043,0.05208011187207672,0.012194391873918865
id10593,0.9078175944912927,0.052146569056866945,0.04003583645184036
id00906,0.018455338919959124,0.9732231846354753,0.00832147644456554
id22316,0.04285376674908335,0.13980896277639698,0.8173372704745197
id04826,0.9307644740207096,0.06317206187136275,0.006063464107927793
id13173,0.036743924261887176,0.0050596278554341945,0.9581964478826787
id20075,0.8663370018462896,0.018986112206876238,0.11467688594683431
id16427,0.7926607330040234,0.022036242672443154,0.18530302432353335
id21948,0.010878900911001474,0.01550017989864396,0.9736209191903547
id05957,0.9882722621266111,0.004268216983237806,0.007459520890150943
id22982,0.011516648089075059,0.9589225363154323,0.029560815595492704
id01672,0.07785894205878363,0.8955790363232004,0.026562021618015946
id19463,0.05342106894717931,0.020624622913603587,0.9259543081392171
id17555,0.21832744993728614,0.7694708057473991,0.0122017443153148
id21387,0.001646839252863448,0.9962259061401462,0.0021272546069903355
id00011,0.009230607262680785,0.9882286863758278,0.002540706361491449
id18538,0.9858458839664542,0.0049823494566651,0.009171766576880602
id14915,0.004227951136146461,0.9938434150075401,0.0019286338563132433
id13773,0.04327575530567775,0.01476411780832651,0.9419601268859957
id26440,0.6866914483793326,0.04572568059231075,0.2675828710283567
id18862,0.09288822754298946,0.043547131446709124,0.8635646410103013
id02510,0.02667523998711079,0.014826119037151165,0.9584986409757381
id26288,0.018758245095812923,0.021130261969157533,0.9601114929350296
id01877,0.10309393207114559,0.1322975372699522,0.7646085306589021
id17532,0.03982925337738721,0.036606333476362024,0.9235644131462507
id22973,0.9903817338138455,0.005626373523255534,0.0039918926628989835
id10254,0.37692888475850317,0.029180017361986093,0.5938910978795109
id20420,0.0030486328413747723,0.9951647182754468,0.0017866488831783174
id16052,0.5816655280110802,0.04001875809307919,0.3783157138958405
id19578,0.9890782094236265,0.005351582092274381,0.005570208484099167
id06318,0.050927383805097676,0.050104469753227764,0.8989681464416746
id18751,0.9957599454216125,0.001570351257964056,0.0026697033204234237
id06756,0.0419926956991152,0.008720530793421022,0.9492867735074638
id00364,0.9326782513360036,0.054503061708164706,0.012818686955831639
id10714,0.3807113237726444,0.5572003418524019,0.062088334374953695
id27432,0.449330856624058,0.022551989174332373,0.5281171542016097
id02395,0.00920691681619921,0.9829652647262698,0.007827818457530885
id00502,0.9215363321074205,0.0394260381384616,0.03903762975411786
id22856,0.026668919707870387,0.026232541741719056,0.9470985385504105
id16391,0.01203333162191323,0.9865398698469823,0.0014267985311045008
id18170,0.048952017460355,0.9165950356733102,0.034452946866334856
id19642,0.9883550023909938,0.00718313227504415,0.004461865333962131
id15742,0.9950915667550975,0.0015884939049415929,0.0033199393399608703
id18984,0.00534895500833406,0.004735455982228535,0.9899155890094375
id22155,0.009119766445748821,0.005438045661788604,0.9854421878924626
id13113,0.1567504107378738,0.027293054163423192,0.8159565350987029
id03817,0.7334978739874064,0.15036945830246043,0.11613266771013327
id13090,0.4905334204427105,0.33392227646177436,0.17554430309551503
id23521,0.003363914678716225,0.9804630145450887,0.01617307077619531
id21376,0.035878606996990844,0.008901099040444584,0.9552202939625646
id21795,0.011478129335509063,0.9743888539734799,0.014133016691011035
id03548,0.021699052896051202,0.003629835021305018,0.9746711120826437
id05018,0.9648109199824032,0.029372565776824587,0.005816514240772158
id00085,0.2768499904830744,0.7136415945113734,0.00950841500555234
id12163,0.6074936317402332,0.3515549137750837,0.040951454484683195
id15341,0.05335017182014854,0.037643954451421574,0.9090058737284298
id12896,0.052480055415752146,0.9353934304022834,0.01212651418196436
id24019,0.9418149379744938,0.021289173630440465,0.03689588839506569
id24981,0.983268579119696,0.012915637406636067,0.0038157834736680524
id12456,0.09845349887779657,0.7200755193580805,0.18147098176412307
id24590,0.06534252791304791,0.13722429286133025,0.7974331792256218
id01276,0.003018963448369691,0.9937556005314638,0.003225436020166486
id04235,0.010375085652602022,0.032532440096520385,0.9570924742508776
id21844,0.02220226551471801,0.03752069833530964,0.9402770361499723
id16876,0.00245512143078166,0.995359757447662,0.0021851211215564072
id10137,0.035591489195098594,0.019637792032177158,0.9447707187727242
id26435,0.031025376739453242,0.00891323993816621,0.9600613833223807
id15912,0.01795669020690928,0.1238668793150841,0.8581764304780066
id09361,0.012218590980592064,0.010332740493023315,0.9774486685263846
id00071,0.13862031120507617,0.013259751855271232,0.8481199369396525
id21006,0.9921936305323213,0.002537533221655934,0.005268836246022739
id20942,0.07796208163957596,0.015858307757507156,0.906179610602917
id00137,0.9541362606106291,0.04013531055426883,0.005728428835102186
id10494,0.2684505232849019,0.6974674836146656,0.03408199310043258
id02933,0.907993257128208,0.004360600615866131,0.08764614225592575
id22661,0.02602798058514366,0.9705843957646123,0.0033876236502439834
id01024,0.1606254737035337,0.10016741598655643,0.7392071103099098
id02183,0.07444188604394288,0.8333707908068716,0.09218732314918551
id22883,0.05817442538184088,0.9388119840007629,0.003013590617396106
id14780,0.025784050887214863,0.9719680600645312,0.002247889048254067
id00543,0.013476239489423437,0.023969558941873102,0.9625542015687034
id21237,0.46320075472179245,0.05814813820595106,0.4786511070722565
id09864,0.02486996609173645,0.9381916632404742,0.03693837066778935
id26171,0.014781350739100297,0.007928796997679977,0.9772898522632198
id08115,0.6360908134287679,0.04835657348241705,0.3155526130888151
id18417,0.11018462596361632,0.7942434172018927,0.09557195683449105
id27910,0.012822186137291905,0.01932614435585713,0.967851669506851
id16918,0.7810978755669259,0.08170765095320844,0.13719447347986558
id10236,0.0058045409540010105,0.005068522804508763,0.9891269362414903
id22481,0.9232133999805596,0.043294027183397386,0.03349257283604293
id25843,0.1471514282853387,0.8299536373557331,0.022894934358928195
id24660,0.9943467849801875,0.0028040573873618123,0.0028491576324507903
id09637,0.015193722126136011,0.9806036963416891,0.004202581532174892
id19022,0.04538904339916748,0.12656007823489135,0.8280508783659413
id16809,0.019187727454088588,0.004671533389536826,0.9761407391563746
id13162,0.01900635291275086,0.008150955874721696,0.9728426912125274
id05384,0.03441085521086173,0.9598379742545349,0.005751170534603445
id15361,0.0057565623666380504,0.007318475608571475,0.9869249620247905
id03967,0.017386529702635316,0.9772524130337125,0.005361057263652103
id03839,0.010094591073824117,0.9884695517440577,0.0014358571821181797
id19644,0.8015962225409299,0.0392452127242634,0.15915856473480672
id14817,0.009910864398414453,0.005139729725431416,0.9849494058761541
id04190,0.13074901924301566,0.8036605695524901,0.0655904112044943
id19018,0.005968993341544126,0.9802313027355166,0.013799703922939319
id23557,0.28968745016879627,0.7028014232514915,0.007511126579712147
id25241,0.03293844448816476,0.012583867054894357,0.9544776884569409
id01223,0.02293280642413541,0.02959854034971929,0.9474686532261454
id07529,0.02913971791335526,0.9566126287207778,0.014247653365867113
id13517,0.2912460567864985,0.018032833994598547,0.6907211092189031
id11759,0.9818301549905878,0.0037319473720527287,0.014437897637359563
id13741,0.012864288671995804,0.012803652122383472,0.9743320592056207
id03305,0.03410782846018053,0.01903488371346263,0.9468572878263568
id16474,0.0022219059955877985,0.9964811372563815,0.0012969567480307143
id04156,0.5688619242779055,0.018660835716769488,0.41247724000532493
id23223,0.059707890589886896,0.9364382607422924,0.003853848667820593
id25193,0.1580407118507446,0.027592480057544524,0.814366808091711
id02100,0.9964365039209746,0.001546463578792351,0.002017032500233021
id20032,0.01531559540014141,0.8243356596713378,0.16034874492852086
id22179,0.03245733048091103,0.01505595746781188,0.9524867120512772
id15359,0.9620255988719106,0.003406687940981001,0.03456771318710821
id02571,0.0026773902188689924,0.9947367672932328,0.002585842487898281
id21450,0.9806343264127979,0.013842365601867855,0.005523307985334129
id17293,0.9929525322318734,0.003970130587358417,0.003077337180768139
id13056,0.9209357883085024,0.03068648168187096,0.048377730009626675
id16833,0.10185010353948855,0.008567836522409096,0.8895820599381025
id25681,0.026834839404177566,0.9645652583371467,0.00859990225867567
id21263,0.004092021260678277,0.0037501669324877386,0.992157811806834
id02323,0.005797885223709048,0.9852655038666652,0.008936610909625683
id16481,0.568460777507218,0.03678899397817565,0.3947502285146063
id05781,0.9644958821164947,0.004015763847403092,0.031488354036102235
id14416,0.920431619937793,0.0676558112478576,0.011912568814349244
id20650,0.0048387556099502805,0.9729332501750076,0.02222799421504198
id04357,0.8731328155028367,0.018757084715805214,0.10811009978135817
id16663,0.012643702699392585,0.017143380864672736,0.9702129164359347
id18312,0.48347360549305257,0.01608287518107795,0.5004435193258694
id24780,0.0035576427819511407,0.005057621368092345,0.9913847358499565
id17348,0.020448344585118638,0.01564760957528963,0.9639040458395917
id22993,0.9565072613541238,0.00304056166286757,0.04045217698300861
id04847,0.02311994054943472,0.011277117289338117,0.9656029421612272
id27880,0.0022993334008895912,0.9957424277300252,0.001958238869085115
id21160,0.02858805408201096,0.19128630955160558,0.7801256363663835
id03354,0.284588927690271,0.6999158279108997,0.015495244398829216
id11002,0.03286715434479928,0.00891839736329507,0.9582144482919057
id02425,0.06295731949154865,0.008477604318285516,0.9285650761901659
id14067,0.9182235643883881,0.010853709187038983,0.07092272642457281
id05886,0.07769973523499607,0.0041661810568415,0.9181340837081623
id09256,0.6696631236846468,0.017154731584254852,0.3131821447310983
id11511,0.04885743497165672,0.020289520662810315,0.930853044365533
id09029,0.048487958891406786,0.9307482841804305,0.020763756928162725
id22563,0.07783388516589218,0.06606677021823326,0.8560993446158746
id27838,0.6682860720314109,0.023632829401021644,0.30808109856756744
id23184,0.961927418699334,0.026360613207666233,0.011711968092999757
id15335,0.90717673328773,0.07958023472311967,0.013243031989150248
id08607,0.9817612288755515,0.009232485859704409,0.009006285264744238
id26516,0.9129690185459516,0.06329603382454736,0.02373494762950109
id12417,0.13714749276012564,0.11930835642712624,0.7435441508127482
id21758,0.9892979560230717,0.006022965744462838,0.004679078232465438
id00729,0.056590526976535084,0.9368327654564099,0.006576707567055032
id25504,0.023048589572911043,0.9738553523406842,0.0030960580864048464
id00360,0.007927029643072242,0.016279999443387396,0.9757929709135403
id05913,0.03833951939960935,0.9146022741626173,0.047058206437773295
id00089,0.29233696734840064,0.6996604544544762,0.008002578197123114
id03511,0.9666552565783768,0.004904393414714413,0.028440350006908893
id00449,0.014374669996772126,0.013496011907781666,0.9721293180954462
id14504,0.2952688052550479,0.5448109363355723,0.15992025840937987
id19106,0.9950215700723601,0.0017363034133907299,0.0032421265142491716
id19236,0.02122855313929742,0.9689661473916327,0.009805299469069915
id12743,0.9601301990138187,0.014931663391417932,0.024938137594763352
id04662,0.01928196392607793,0.022590924987793606,0.9581271110861286
id15139,0.04913165789055143,0.010256757668394149,0.9406115844410545
id07233,0.07697894123035683,0.04840130402833014,0.874619754741313
id19160,0.9790758558095308,0.013925457947626048,0.006998686242843086
id06867,0.0026437564751978547,0.9947240354477573,0.002632208077044912
id04236,0.008303723369081988,0.9744522659736309,0.017244010657287194
id07591,0.011793259958176417,0.005502892132455404,0.9827038479093682
id25815,0.059235691874673396,0.045336670341050864,0.8954276377842758
id10925,0.9650387393580049,0.020591641395551655,0.014369619246443437
id27774,0.9706310919033567,0.01622515781202059,0.013143750284622687
id16090,0.022083661637731674,0.9320289135343702,0.04588742482789823
id24875,0.011881490204495884,0.012634417710944937,0.9754840920845593
id03456,0.5540099701903762,0.037661118985515926,0.408328910824108
id07559,0.017381462983748267,0.9623142269754229,0.020304310040828954
id10513,0.0070961216380463436,0.9848236237449918,0.008080254616961846
id07094,0.9425365904637629,0.030280952402201047,0.027182457134035862
id04111,0.0435658348143225,0.007198596044351961,0.9492355691413256
id23356,0.9604576543275597,0.012604303083010736,0.026938042589429594
id04435,0.05059286575284798,0.022891344063444112,0.926515790183708
id23706,0.01911775970147569,0.0051053165115054495,0.9757769237870187
id04655,0.054627806099943756,0.0073990545786275,0.9379731393214288
id07661,0.06403815679332873,0.2368077026453049,0.6991541405613665
id27176,0.18076148661443825,0.7157366840558033,0.10350182932975854
id13560,0.0563859524029536,0.11606659222696829,0.8275474553700782
id18020,0.34253446261708537,0.0417592036521659,0.6157063337307487
id16701,0.9291273735369479,0.030408376610812474,0.040464249852239745
id19252,0.9360010459843796,0.010560336825175959,0.053438617190444425
id00910,0.22547670727601216,0.753415190067506,0.02110810265648173
id12102,0.9897157063893279,0.0024066717460619284,0.00787762186461019
id15820,0.9755647430848741,0.004870515143008849,0.019564741772116968
id10698,0.9735644675562117,0.010120778043211579,0.01631475440057682
id15530,0.047114783820910125,0.17331314009373278,0.7795720760853571
id10740,0.9944277582593521,0.0019151308225021952,0.0036571109181456254
id24917,0.022170344027822694,0.008250419626568733,0.9695792363456086
id07985,0.031737780201654534,0.05782375955221004,0.9104384602461355
id15897,0.33000283241298667,0.4935489205421853,0.1764482470448281
id07960,0.12284547597926414,0.13983596844396606,0.7373185555767697
id15529,0.3989800565268852,0.14552263239662144,0.4554973110764935
id17855,0.3122737884917213,0.6271163610754759,0.06060985043280269
id24727,0.9840783746205588,0.008809408900310107,0.007112216479131092
id14835,0.9388989312073339,0.0048083195483793586,0.05629274924428679
id25557,0.034838632211767036,0.2472637618191087,0.7178976059691242
id18605,0.019005649832111494,0.01554274264507776,0.9654516075228107
id27760,0.9810230102063903,0.009360674040896947,0.009616315752712845
id10042,0.006885456739398165,0.00450092099666697,0.9886136222639348
id12074,0.09468315229259151,0.8908589917287597,0.014457855978648758
id19511,0.8281366735882516,0.030870385631719306,0.1409929407800292
id21924,0.3549365011535768,0.6408865079986482,0.004176990847775151
id13095,0.3558517441093544,0.07409161215791416,0.5700566437327315
id11873,0.0068730661251009085,0.002885700548066974,0.990241233326832
id23651,0.14216947464129068,0.8370647609109458,0.02076576444776348
id09931,0.08127017363131467,0.0075842424318739235,0.9111455839368114
id05155,0.07601491852617805,0.08156738722970783,0.8424176942441141
id17668,0.9684946761027959,0.01641523797958308,0.015090085917620863
id03470,0.9627538848812822,0.03265872376410665,0.004587391354611145
id02208,0.9906179927172765,0.006545692583067152,0.0028363146996562686
id07650,0.0025504937742161977,0.9922616505062916,0.005187855719492121
id24472,0.9875500687182702,0.0055151442740462905,0.006934787007683463
id21211,0.0024124500059778103,0.9921495021054587,0.005438047888563291
id11030,0.9718594424031203,0.016441447510727097,0.011699110086152662
id00943,0.002323866283478433,0.9915744695809495,0.006101664135572086
id19156,0.015989489037372885,0.010945264726348622,0.9730652462362785
id22886,0.019344393957397683,0.01418020579642893,0.9664754002461733
id00992,0.006596308864027529,0.9908140689756649,0.0025896221603074437
id27547,0.9772843980678508,0.013217041831424668,0.009498560100724562
id24073,0.9833531181813545,0.011355934221955537,0.005290947596689871
id05452,0.9621465455085372,0.025631655634354558,0.012221798857108343
id22492,0.004425986511429267,0.9812731179460858,0.014300895542484898
id11981,0.9149322205087177,0.07321351148172503,0.011854268009557311
id15552,0.0015098150003255391,0.9953755790345168,0.003114605965157619
id04471,0.006837158066496757,0.007800811861306671,0.9853620300721965
id09231,0.04338674236577091,0.8871323628587621,0.06948089477546711
id12493,0.9373612461229333,0.015390673491604194,0.04724808038546258
id24967,0.723457613954147,0.03366419725346362,0.24287818879238934
id05865,0.14558280424097125,0.1613777501063014,0.6930394456527275
id04811,0.936227411332803,0.023363424973256747,0.04040916369394032
id19877,0.05308016309677058,0.024498032702671455,0.922421804200558
id04024,0.05283617635452926,0.9447750329031452,0.002388790742325421
id00395,0.06547963199799903,0.09974894474249996,0.834771423259501
id22728,0.028058121805243544,0.9637263342117944,0.00821554398296222
id01268,0.9530507717602146,0.03647527268852321,0.01047395555126221
id08896,0.7005569121972434,0.026984655316054946,0.2724584324867018
id09971,0.1332812276238619,0.8037171030252219,0.06300166935091624
id26606,0.020354605809638233,0.03087909561701604,0.9487662985733458
id27970,0.12567335411800196,0.03489172363297883,0.8394349222490193
id25259,0.9955178328967805,0.001559994920147822,0.002922172183071569
id13834,0.022415456862089223,0.010603609099758507,0.9669809340381523
id19513,0.37276560933903957,0.03763498097210271,0.5895994096888577
id16082,0.07857431030361343,0.9158240797281441,0.005601609968242394
id22180,0.00930058318419779,0.007616655136381203,0.9830827616794211
id20498,0.9248441999478441,0.01796694604232528,0.05718885400983071
id27595,0.007680195017708935,0.007399614095597878,0.9849201908866931
id08267,0.4014212937078843,0.2436417527368293,0.35493695355528637
id12823,0.9868024886839901,0.008368169096597882,0.0048293422194119395
id18842,0.0078971025353644,0.9843269446253659,0.007775952839269766
id17534,0.9126700309614334,0.020139833808971764,0.06719013522959477
id05777,0.975403349973858,0.00833190247989479,0.016264747546247172
id21689,0.9625716498534954,0.03165593442874111,0.005772415717763549
id18114,0.0773281601445009,0.9088700883093215,0.01380175154617761
id17707,0.05980653504639931,0.005762806089612743,0.934430658863988
id22956,0.01792632980119017,0.9795104012494473,0.002563268949362564
id27834,0.010304326330919157,0.013803700652481835,0.975891973016599
id11377,0.017095701301783044,0.9154301518810367,0.06747414681718024
id08333,0.9489957823370274,0.042357048035469684,0.008647169627502912
id07445,0.8966348772046122,0.055586717033566276,0.047778405761821505
id22703,0.9084452369954377,0.037877456558647944,0.0536773064459145
id09468,0.02918064437218862,0.9395268044535225,0.031292551174288925
id19397,0.03383067544731236,0.03787998014772107,0.9282893444049667
id07977,0.9585042826227459,0.013812782441269338,0.02768293493598484
id14555,0.01621860592099209,0.009470520124594983,0.974310873954413
id02489,0.014696984269789505,0.022402873572515008,0.9629001421576956
id10445,0.9319928092362743,0.015584572802005555,0.05242261796172016
id02058,0.033276622154366546,0.058647896752606496,0.9080754810930269
id23101,0.9118276674930494,0.03565963691777133,0.052512695589179204
id18072,0.04006965629001943,0.6776772138659009,0.2822531298440798
id21085,0.06145315103654957,0.003592279624380273,0.9349545693390703
id16584,0.012583478276407042,0.004201458220446668,0.9832150635031462
id23136,0.011248817241510592,0.006858822250795277,0.9818923605076941
id17745,0.0169885906452309,0.06663148464767236,0.9163799247070966
id27391,0.9122263000245354,0.009477344150142666,0.07829635582532195
id17240,0.010957006359487315,0.9868402816614179,0.0022027119790946916
id11708,0.9277174054140014,0.01486632006275132,0.057416274523247164
id08712,0.018837838842787426,0.9742061762095872,0.006955984947625255
id23809,0.07329370864570119,0.24425947288241753,0.6824468184718814
id07274,0.9847282069485135,0.010198250405486515,0.005073542645999994
id15625,0.2077242296813101,0.3662818453088338,0.4259939250098562
id22815,0.9413753372864399,0.051109996643406624,0.007514666070153506
id23200,0.9733819542822182,0.016894039989385785,0.009724005728396067
id04369,0.15941704654141134,0.2086991011306753,0.6318838523279133
id04659,0.9454261665802635,0.03146877122523703,0.023105062194499634
id05051,0.016788943426494635,0.02342358863869552,0.9597874679348098
id07815,0.015797712375665313,0.7250111254544044,0.2591911621699303
id27535,0.9735064981559461,0.015743767308015556,0.010749734536038162
id11916,0.01348202310895545,0.009584648498854554,0.97693332839219
id07097,0.2503139281481018,0.6428671414595213,0.10681893039237686
id24599,0.9889175948296335,0.006028000465855022,0.005054404704511573
id03434,0.05255363153278053,0.029618349743340475,0.9178280187238791
id01685,0.07467291317025403,0.9013488262725989,0.02397826055714688
id23165,0.9422968778884976,0.04713642776204082,0.01056669434946155
id08601,0.06206292029538572,0.934849835966543,0.0030872437380713505
id19593,0.9814378733358752,0.00911676230018364,0.009445364363941194
id04582,0.043617650839564176,0.026425469822282447,0.9299568793381535
id25659,0.5250702745531056,0.06964338050009274,0.40528634494680177
id08590,0.01391913618116364,0.004760641696946152,0.9813202221218901
id21959,0.317015726210203,0.6621997601732563,0.02078451361654069
id21373,0.972778068903251,0.014613064666023978,0.012608866430725086
id12581,0.04377082836228415,0.012508726436396668,0.9437204452013193
id05240,0.9144737204216193,0.076366471308317,0.009159808270063612
id25188,0.006754454912454823,0.005555662634648373,0.9876898824528969
id15719,0.016738339032009678,0.9661695659442878,0.017092095023702524
id17546,0.6721962186473867,0.03628272742667652,0.29152105392593675
id18546,0.6382812184751913,0.08013117742471328,0.2815876041000955
id16043,0.012874538685659692,0.6413630364830957,0.3457624248312448
id05236,0.9928015711104896,0.004523551824637218,0.002674877064873024
id01665,0.9889529719090755,0.008303658338542031,0.002743369752382322
id12811,0.9302125459306412,0.027829587424104695,0.041957866645254034
id11468,0.018314801755714503,0.041794977728719374,0.9398902205155661
id20311,0.864282498690854,0.015181191852909809,0.12053630945623604
id04045,0.010179276627031759,0.0034672598835244566,0.9863534634894439
id02671,0.024189067731509622,0.06360207871077926,0.9122088535577111
id19889,0.0062633235714061345,0.982909523418655,0.010827153009939017
id10371,0.06182922668282245,0.7586151222268902,0.17955565109028718
id13583,0.10625281756513986,0.1406608456321547,0.7530863368027053
id11070,0.9246045800584465,0.07066184686306565,0.004733573078487936
id13087,0.010500194705490165,0.9800597270962371,0.00944007819827284
id21670,0.023823555884714707,0.032423979654351766,0.9437524644609335
id16432,0.002200905200982621,0.9903988381635271,0.007400256635490221
id13899,0.9302840094589993,0.05365338704293549,0.016062603498065257
id02925,0.014839121232345352,0.9821654425233054,0.0029954362443491466
id27528,0.027587355303869233,0.9662620543339033,0.006150590362227467
id15950,0.9750723514497323,0.005091698085090227,0.01983595046517747
id07604,0.9681674378149435,0.004740490364680104,0.02709207182037634
id12682,0.942906453020261,0.013485800881294628,0.04360774609844426
id16688,0.7740460090280357,0.19843876966605445,0.027515221305909825
id24150,0.0025488594341491933,0.995711215508372,0.0017399250574788219
id04599,0.029052003042965006,0.006724716867755339,0.9642232800892796
id05609,0.009659183420564424,0.981051405714626,0.009289410864809586
id27242,0.012374417509502859,0.004618685362124714,0.9830068971283724
id03464,0.1258664002589357,0.837718742925294,0.03641485681577019
id20129,0.015717384372967734,0.004163766810095315,0.980118848816937
id07890,0.017923371072534174,0.9792350285567378,0.0028416003707281206
id24082,0.8475965764016552,0.03540275722587138,0.1170006663724734
id18550,0.004379540360808933,0.0027986725516004683,0.9928217870875907
id13345,0.05569478758095658,0.03736799612521416,0.9069372162938293
id21162,0.293605008598351,0.6928128635906416,0.01358212781100731
id05896,0.013463587389418363,0.024689318800849323,0.9618470938097323
id00549,0.01722399794514399,0.016319824673394615,0.9664561773814614
id19986,0.061341878755138565,0.01333566647150155,0.92532245477336
id12287,0.23096149883851103,0.02834303213204543,0.7406954690294436
id21149,0.06298700521436232,0.01875269341139884,0.9182603013742389
id15937,0.0188777233141476,0.9431025237395761,0.03801975294627616
id18043,0.9572611442980985,0.008767399384127725,0.03397145631777371
id19288,0.9726418140472038,0.017018198630317866,0.010339987322478273
id16304,0.022247321650627705,0.006945892263996277,0.970806786085376
id03605,0.982666544394519,0.00934432896635258,0.00798912663912856
id00126,0.01952505276616393,0.4091367959419667,0.5713381512918694
id11734,0.33994056955674995,0.037504891914365915,0.6225545385288841
id20670,0.011586213250336333,0.9739474265096877,0.014466360239975903
id02266,0.018646056079609223,0.014589629455478419,0.9667643144649124
id06651,0.019935757254172726,0.9551882390644674,0.024876003681359844
id12969,0.9902049578705621,0.0023421374578109166,0.0074529046716269795
id15664,0.10270534015215692,0.8856350616475973,0.011659598200245716
id09699,0.16400027262769182,0.15887560497849382,0.6771241223938145
id07426,0.04147520704962349,0.010430180125069067,0.9480946128253074
id12040,0.00866158064674056,0.9900295668554764,0.0013088524977830933
id22961,0.9485899425869835,0.01423233613136883,0.037177721281647653
id23971,0.008985722335003412,0.9881195786479012,0.0028946990170953713
id21433,0.8891374233785083,0.03645645127045453,0.07440612535103712
id12028,0.004729255063887195,0.9910474264969065,0.004223318439206366
id15673,0.02657624868313684,0.9587880360056285,0.014635715311234683
id18681,0.07322802485686582,0.04177734008018298,0.8849946350629512
id21339,0.8458194134494266,0.13511824696933614,0.019062339581237313
id23755,0.8572382736967089,0.09556963674025748,0.04719208956303345
id10369,0.006709150640156988,0.006364066044286723,0.9869267833155563
id03917,0.042687167144674805,0.04731159462781556,0.9100012382275098
id17078,0.013155612553868315,0.7739930399525882,0.21285134749354345
id10873,0.9696748303635789,0.008352736629267882,0.021972433007153267
id21158,0.8999404672223156,0.008681435814541956,0.09137809696314252
id16491,0.9836348728863277,0.0038049471710347575,0.012560179942637664
id23930,0.0019299041974831118,0.9959770750804755,0.0020930207220414285
id16048,0.01931414709772067,0.9695773654887129,0.01110848741356656
id10070,0.9939174177036014,0.0035854378514383494,0.002497144444960344
id24962,0.48852495330240003,0.02856806953389511,0.482906977163705
id27787,0.93744016063152,0.013355568586709585,0.049204270781770476
id16840,0.2943356819363313,0.6313673407967059,0.07429697726696297
id01994,0.9787137113666282,0.009559638276114198,0.011726650357257536
id10756,0.01362996161220222,0.007034345715681452,0.9793356926721164
id16697,0.028213091303875067,0.12579342773467822,0.8459934809614469
id19603,0.04568195957699213,0.9266795093880225,0.027638531034985463
id03903,0.9452045927097923,0.02052574477473041,0.034269662515477396
id20992,0.692987622268397,0.018340492508292585,0.2886718852233105
id15687,0.013340844244328359,0.9838399341339462,0.002819221621725447
id19769,0.03338121460438399,0.8337924408574046,0.13282634453821157
id06048,0.28004755883058385,0.6819516214198329,0.038000819749583144
id25098,0.011436997956582939,0.9834660949179355,0.005096907125481737
id16091,0.42575174175224256,0.5538688365499503,0.020379421697807175
id27192,0.8103933931910362,0.0365111356290176,0.15309547117994626
id05897,0.041841152656533646,0.07670093740720958,0.8814579099362567
id00828,0.8625976698188828,0.08901724148233055,0.0483850886987868
id20605,0.9626457469578464,0.0045323950321923415,0.03282185800996124
id05872,0.04860381388019032,0.15959304346899364,0.791803142650816
id00761,0.9939994028847611,0.0020706344518501125,0.003929962663388777
id19573,0.059035347903997164,0.19764024939806932,0.7433244026979335
id03081,0.016080292626057233,0.009489399667460987,0.9744303077064819
id04887,0.08598668721851987,0.014572547943762807,0.8994407648377173
id17700,0.02069451479203381,0.012146476605442573,0.9671590086025236
id03250,0.9151984317277901,0.04681898345849395,0.037982584813715824
id21027,0.002031832144107586,0.9951872867339662,0.0027808811219262675
id19567,0.9606623468754588,0.03580398457091879,0.003533668553622251
id05661,0.0656594444131691,0.02029926350987381,0.9140412920769572
id27405,0.9683603467960983,0.00996622062041099,0.021673432583490648
id01546,0.01031931460911731,0.9792044741898102,0.010476211201072522
id02288,0.002135741866512956,0.9957789036770166,0.0020853544564705577
id11057,0.02492346450952726,0.011557684513130278,0.9635188509773426
id09191,0.004735101037259913,0.9784794282370757,0.016785470725664553
id19074,0.008492030209280941,0.010932097189877081,0.980575872600842
id25012,0.9583050042490853,0.03202278946950732,0.009672206281407365
id24857,0.016101159527718473,0.9798480259909019,0.0040508144813797345
id07557,0.04053666513449399,0.15982843402757912,0.7996349008379268
id23072,0.9954238811358534,0.0023809925758916132,0.0021951262882548552
id20317,0.9513528859421372,0.029363572263822198,0.01928354179404072
id16642,0.9828310441115724,0.007576736335279516,0.009592219553147995
id04211,0.02327519842538906,0.09707735526693667,0.8796474463076744
id22871,0.0027887374342235875,0.9956045881417931,0.0016066744239833406
id16178,0.0038270436680164005,0.0030123519892577538,0.9931606043427259
id25172,0.027541632137891417,0.036921953470446675,0.935536414391662
id15654,0.620107704433736,0.03927334382727657,0.34061895173898754
id26067,0.9505110238145829,0.0068635291408716635,0.04262544704454537
id11955,0.04934153535839131,0.04856940486777064,0.9020890597738381
id24939,0.02379933530286021,0.03384832655537507,0.9423523381417647
id07378,0.9781873827226123,0.012095881195949976,0.009716736081437765
id22455,0.005629663226914636,0.9835606597053123,0.010809677067773018
id12850,0.05003516642988693,0.18106501284214893,0.7688998207279643
id12403,0.9881145291158104,0.002379686427377201,0.009505784456812246
id11593,0.0371610795641846,0.4975985121800468,0.46524040825576857
id27776,0.9130283460779668,0.018254671198071788,0.06871698272396151
id14497,0.006141715443815725,0.006141337202076886,0.9877169473541074
id24628,0.030785050728285215,0.04175290727300914,0.9274620419987056
id11283,0.0840572805912928,0.06267338557627303,0.8532693338324343
id00459,0.9699589650206748,0.024985051648237243,0.005055983331087939
id11310,0.020563851604544388,0.9721429505093274,0.0072931978861282285
id05177,0.008161435367496974,0.9880649449949618,0.0037736196375412795
id22598,0.006007854130333791,0.9886091697242021,0.0053829761454641184
id05214,0.7948733743762705,0.020377120012890354,0.18474950561083925
id22797,0.928526923104732,0.007353511737961071,0.06411956515730714
id15832,0.018932439241471085,0.03725485092697081,0.9438127098315582
id00479,0.0423551816156807,0.9538309581897036,0.003813860194615669
id05840,0.018767134245766474,0.7810851141399795,0.20014775161425416
id27489,0.004108647441800203,0.004761993318042891,0.9911293592401569
id03281,0.002471855499591382,0.9955625579292994,0.001965586571109343
id27046,0.9191665580951974,0.008258129540568876,0.07257531236423374
id09213,0.010584254347829794,0.004142344033232609,0.9852734016189377
id18775,0.9809857301885457,0.010847565356122166,0.008166704455332133
id09731,0.8969094698676988,0.06058120578599639,0.04250932434630487
id25031,0.6849539222870334,0.06160548381913782,0.2534405938938288
id11945,0.054616952988472564,0.6435938223832071,0.3017892246283203
id20286,0.9859558392626927,0.009389624752304695,0.004654535985002664
id27960,0.028976333654031017,0.048670383340881,0.922353283005088
id13206,0.013805080536282172,0.0067013994503511976,0.9794935200133666
id09964,0.7856913490879848,0.054435811225985474,0.1598728396860297
id16811,0.2455609701648233,0.7188843626560925,0.03555466717908411
id08948,0.1727751406611698,0.8237342205693916,0.0034906387694386377
id17636,0.007355541978859107,0.010624383200629977,0.982020074820511
id14046,0.10870614669808464,0.018496268762367228,0.872797584539548
id22873,0.6895105349489988,0.015832341592902796,0.29465712345809836
id09962,0.009007828408861636,0.03134101263036661,0.9596511589607717
id26474,0.9847824781604232,0.0019878011837385526,0.013229720655838105
id11898,0.05298573045803341,0.9234938453700274,0.02352042417193908
id25477,0.9860350460752862,0.007691579272874964,0.00627337465183881
id25457,0.9233881656033541,0.013405832925442599,0.06320600147120316
id26675,0.018306824698883364,0.026021517999358822,0.9556716573017578
id04422,0.015108132154667376,0.019964681399160588,0.9649271864461721
id04237,0.13029664062770974,0.18970082098914218,0.6800025383831481
id07049,0.004986283273709037,0.9865945285175559,0.008419188208735088
id18211,0.7878353543574484,0.06522295792141206,0.1469416877211395
id16033,0.028323485280133124,0.9346968821857969,0.03697963253406983
id16680,0.7519035802152892,0.006712399831319745,0.24138401995339107
id08977,0.049919998224236824,0.924405553903555,0.02567444787220792
id18494,0.003388555995848147,0.9937963600830552,0.002815083921096624
id07714,0.011009063615780131,0.008153614155168657,0.9808373222290512
id01243,0.8602665941574783,0.018440526206971213,0.1212928796355505
id18562,0.007260198484988828,0.9902849645327543,0.0024548369822569496
id03147,0.013012017098182543,0.008635322721509894,0.9783526601803075
id24138,0.9384959555182165,0.014343133775512223,0.04716091070627129
id21062,0.9708104713539302,0.007336633369714538,0.021852895276355394
id25053,0.013292396421019377,0.01695057666291538,0.9697570269160652
id14390,0.01702112463964749,0.0066448282711598665,0.9763340470891927
id10122,0.1718331259393988,0.05163231194366154,0.7765345621169396
id13160,0.23271455284983864,0.7504346685670322,0.016850778583129083
id00780,0.0038556677741849016,0.9904611116999801,0.0056832205258350935
id20996,0.7645145499847384,0.019145336473164756,0.21634011354209692
id16008,0.9317638383189122,0.044775049202190574,0.023461112478897296
id10522,0.027587951166306617,0.9526576249087468,0.019754423924946543
id18498,0.2164829240949774,0.015484357327731317,0.7680327185772913
id09341,0.007859896622372334,0.9881230184395754,0.004017084938052157
id22456,0.900413200134629,0.015925242813329885,0.08366155705204123
id07592,0.00438479298342333,0.9840512788299184,0.011563928186658213
id25634,0.9888722586842079,0.002862237087517079,0.008265504228275024
id15011,0.9183324139778581,0.07542986221380166,0.0062377238083402625
id14245,0.9761626891530573,0.00800525143219513,0.015832059414747662
id21107,0.46005320542760975,0.017259275389408253,0.5226875191829821
id01881,0.22086868011864533,0.5647915782842513,0.21433974159710348
id12772,0.0639882698257826,0.459293984535696,0.4767177456385214
id17589,0.9831363945233483,0.0016934372506927757,0.015170168225958838
id24421,0.009509769221695882,0.00882274518792025,0.9816674855903837
id22088,0.020194023620451272,0.5727210596887546,0.4070849166907942
id21687,0.08768611927471409,0.051559950639394454,0.8607539300858914
id17810,0.01349769938095323,0.00785553425767094,0.9786467663613758
id25153,0.0022309811707197213,0.9911832932528003,0.006585725576480049
id18083,0.5025624653196441,0.4613984053121565,0.03603912936819949
id00655,0.2555774579281431,0.016139184309483853,0.7282833577623731
id13195,0.2517266294090815,0.07392338860431451,0.674349981986604
id23708,0.0037252800384342546,0.9547313820874878,0.04154333787407786
id17977,0.14465368202876472,0.03073340680341858,0.8246129111678168
id10501,0.028810794356295976,0.9553639261830985,0.015825279460605586
id08697,0.5994674469233235,0.3008555266326208,0.09967702644405571
id09269,0.0017029915910667856,0.9954052507931679,0.002891757615765355
id21153,0.9940024341757855,0.0030870977333483196,0.0029104680908662705
id06257,0.9321477749040266,0.029219569453333497,0.038632655642639936
id08366,0.08872758925253288,0.11019128186464497,0.8010811288828221
id00263,0.9362945963937839,0.049889389410016416,0.013816014196199697
id14445,0.9467537327729004,0.003461319307641171,0.049784947919458415
id18864,0.014414746872968169,0.008520474855374476,0.9770647782716573
id18427,0.1777911700479214,0.011502131001105203,0.8107066989509735
id24348,0.01661489908901339,0.013181367562943656,0.9702037333480429
id17329,0.991482874592282,0.0037461591259666115,0.004770966281751345
id07519,0.028604214952851554,0.9584579933685251,0.012937791678623236
id17995,0.015550478543236927,0.028216634106099786,0.9562328873506633
id25329,0.9792233863022729,0.01476063554552624,0.0060159781522010165
id14513,0.9937461089725721,0.0032631794792568817,0.0029907115481710923
id10203,0.02910191859370989,0.951483553557387,0.019414527848903185
id25887,0.9322387398910396,0.007825695189597737,0.05993556491936278
id08186,0.10107186505017571,0.024735161623440215,0.874192973326384
id20535,0.02355735468751073,0.9595407895302025,0.016901855782286646
id06411,0.016214927058450505,0.0204535404848617,0.9633315324566877
id11984,0.9751825316155276,0.008547355185313351,0.016270113199159178
id16389,0.01710831728698581,0.8152890405987367,0.16760264211427747
id23333,0.9891441952691751,0.006371846714396285,0.004483958016428678
id19447,0.7865979314510756,0.047985000317097466,0.16541706823182692
id01461,0.47242893252784807,0.13631200676936386,0.391259060702788
id25601,0.005154179354744795,0.9925818763877627,0.0022639442574924847
id04803,0.8807176222043436,0.08282885146996781,0.03645352632568872
id19029,0.006635102661366013,0.9894402601767948,0.003924637161839187
id11507,0.44860299418569827,0.07662756280972266,0.47476944300457896
id13246,0.043426974103289134,0.007049504778768876,0.9495235211179419
id26927,0.0747033787506456,0.007707918113396986,0.9175887031359575
id12423,0.9916124537851023,0.005328385188465051,0.0030591610264326333
id09601,0.0379400555729126,0.9308509504651301,0.0312089939619573
id23100,0.035171935206049214,0.09190654844614116,0.8729215163478097
id21939,0.9896314311160347,0.0023325649005006225,0.008036003983464605
id16139,0.005386281285545218,0.006387554180065716,0.9882261645343892
id27334,0.9800394158898988,0.015577811195188255,0.004382772914912973
id22326,0.006977753913042207,0.004088033698205503,0.9889342123887523
id18527,0.011178460913084288,0.024282632607744783,0.964538906479171
id05072,0.016124421201700097,0.00365802845836785,0.980217550339932
id21820,0.018056405545891274,0.9802687166294869,0.0016748778246218564
id13960,0.9111195841424954,0.0321468827501601,0.05673353310734458
id03958,0.9772362376140579,0.0027348442743880463,0.02002891811155399
id10849,0.828982022683346,0.15829506807763738,0.012722909239016488
id06252,0.9751398326144508,0.004192960053565451,0.020667207331983725
id26045,0.9957073367670028,0.0015430529674163261,0.00274961026558094
id04849,0.004654132121731614,0.993316708364856,0.002029159513412386
id05215,0.8423867646088048,0.144712023059102,0.01290121233209309
id22830,0.9095861883858251,0.0822662200192682,0.008147591594906866
id21325,0.012279491631684984,0.9721797693526308,0.015540739015684183
id09287,0.008644651518097943,0.004248929400004929,0.987106419081897
id24354,0.2288513303488744,0.7121729928795141,0.05897567677161145
id06784,0.018346241004325768,0.9765903898661978,0.005063369129476353
id03848,0.1864464439730474,0.014755125116676844,0.7987984309102757
id01410,0.13966478734834595,0.04109424113487395,0.81924097151678
id00874,0.09722799119557769,0.04634444517358541,0.8564275636308368
id00784,0.02040027548916602,0.003867553217735837,0.9757321712930982
id19909,0.039545144859745716,0.956243667649441,0.004211187490813278
id18906,0.009881972807094071,0.9686890138978834,0.021429013295022455
id18748,0.007160075972301744,0.007376053825936918,0.9854638702017613
id04654,0.9658936487131041,0.01845879097657881,0.01564756031031697
id07608,0.8924062880550812,0.05626275267138035,0.05133095927353856
id10845,0.002799549865773225,0.9837729614297424,0.013427488704484526
id10718,0.008424789628753673,0.003369131087297795,0.9882060792839487
id19100,0.04107845540101687,0.9492889555496873,0.009632589049295875
id10416,0.9775726246451966,0.005375735136581581,0.017051640218221774
id02535,0.003605565994247151,0.9846610054534223,0.011733428552330573
id23920,0.13982221753861296,0.007921452857198188,0.8522563296041887
id16226,0.08070965418640752,0.8968951981551246,0.02239514765846778
id09196,0.0015531085078822164,0.9971887986397168,0.0012580928524010832
id03368,0.10390609551825498,0.786656993754627,0.10943691072711799
id27373,0.08016213564094271,0.4636577181904591,0.4561801461685981
id11497,0.916959379297659,0.045225881899975375,0.037814738802365605
id07640,0.8252458866253655,0.1554932003164962,0.019260913058138353
id22416,0.007578903145448012,0.9910839909442877,0.0013371059102642094
id20303,0.016307657190617546,0.9812170099446137,0.0024753328647688136
id13811,0.0140889451972941,0.004395915266952132,0.9815151395357539
id04365,0.006660921263654077,0.9589737129205892,0.03436536581575661
id00199,0.01620369233235709,0.05940898699559549,0.9243873206720474
id24884,0.9950933469027099,0.001611202581881952,0.003295450515408316
id06763,0.0030922939310078215,0.9857712116396004,0.011136494429391776
id18275,0.8910539001060233,0.018484918771836566,0.09046118112214017
id20971,0.9201433404035794,0.06496619217298667,0.014890467423434068
id01581,0.007090950844726715,0.007795768904507569,0.9851132802507657
id24805,0.031761553322876335,0.01172234349453299,0.9565161031825906
id07950,0.07206614838429373,0.9167396631778078,0.011194188437898475
id26346,0.03552498901747522,0.09658551943737456,0.8678894915451503
id24046,0.9602625752750235,0.006978705717071062,0.03275871900790541
id05548,0.04296137402275,0.9484246689526473,0.008613957024602763
id17433,0.9794178048203784,0.0022676954284064762,0.01831449975121512
id18712,0.5219521335695205,0.14895022865903348,0.3290976377714461
id21128,0.05661242146448132,0.01327824423899845,0.9301093342965203
id02906,0.16690641370616097,0.0465751100104311,0.786518476283408
id22201,0.0890334592417496,0.9031484362841689,0.007818104474081624
id08614,0.0681283318126993,0.8903924013706976,0.04147926681660307
id22484,0.032510783423304275,0.9609260945710831,0.0065631220056127735
id16291,0.36612753819000304,0.5963520236869407,0.037520438123056284
id26869,0.41839809577181225,0.568383859652899,0.013218044575288823
id18062,0.014158179533109003,0.9836433566560688,0.0021984638108221662
id27078,0.9723596509805248,0.020306425663355786,0.0073339233561193875
id02756,0.028792407225615047,0.029523647189540387,0.9416839455848445
id03454,0.027795755147583118,0.041332766296881644,0.9308714785555352
id02195,0.04218366763464278,0.016110816665767833,0.9417055156995894
id27418,0.013504526653290879,0.9799304552359431,0.006565018110765943
id02733,0.9820260914379616,0.010115100198507773,0.007858808363530744
id15677,0.987937640597077,0.0034236561315401245,0.008638703271382935
id08204,0.9786867048480377,0.012782350179579577,0.008530944972382836
id11529,0.936667891587076,0.020671593928009067,0.042660514484915
id14000,0.010678674375036319,0.007682067781828866,0.9816392578431349
id11866,0.9209120862291146,0.005167180476064043,0.07392073329482143
id14084,0.009238788652047743,0.9867194034488229,0.004041807899129362
id17826,0.04765936498957662,0.06686814292618519,0.8854724920842382
id07289,0.017671355910495175,0.04265159929251513,0.9396770447969898
id05102,0.8363909040746387,0.035736652111724526,0.12787244381363694
id14779,0.8193666028999173,0.015245112226918218,0.16538828487316443
id19144,0.027857577043014416,0.9668321803708156,0.005310242586170014
id12372,0.012133531554243095,0.9607402207329135,0.02712624771284336
id05673,0.004858601376740086,0.9932773815711586,0.0018640170521012293
id07343,0.026817176163494494,0.0093685281725171,0.9638142956639884
id10390,0.008261212972874556,0.9871454382152574,0.0045933488118680005
id27323,0.01736662312171557,0.011483479834438258,0.9711498970438461
id26483,0.10814694591230706,0.8605848814452353,0.031268172642457674
id07690,0.6907348465525043,0.033022724204456386,0.27624242924303943
id22766,0.6224023349726913,0.02159814966895486,0.35599951535835395
id10289,0.9918317276566013,0.005103102394484822,0.0030651699489138724
id22243,0.035201224735525304,0.9355966531382455,0.0292021221262291
id24509,0.23177695080002444,0.7550258078726606,0.013197241327314998
id02407,0.08420310476557288,0.9044714317652007,0.011325463469226514
id08746,0.049679023878994394,0.010197989362345098,0.9401229867586605
id12854,0.9363945052308943,0.038039509788017595,0.02556598498108809
id25598,0.023149625931946825,0.07971692812650344,0.8971334459415496
id16973,0.05868941134473243,0.015553206066677127,0.9257573825885904
id20066,0.03723066189726751,0.02397295769161446,0.9387963804111179
id25966,0.0038586813245544234,0.9906498786446395,0.005491440030806131
id21599,0.0282986356387964,0.013054215626788553,0.958647148734415
id17112,0.9802191932370284,0.005572967539709696,0.014207839223261885
id01775,0.005116232509103323,0.9894269355329794,0.005456831957917101
id08484,0.02763698551903041,0.043061479161523676,0.9293015353194459
id12094,0.0028897515029297554,0.9943246253751747,0.00278562312189559
id25422,0.04752656419437888,0.049787873867387825,0.9026855619382333
id25063,0.03296173985141445,0.9550493964032097,0.011988863745375701
id25508,0.014036069203355865,0.011853461244366094,0.9741104695522781
id01575,0.7306576088987491,0.011917645192244421,0.25742474590900655
id24368,0.10513098544989816,0.025197690512118155,0.8696713240379836
id16823,0.005007087427196024,0.98702441838154,0.007968494191263949
id22747,0.008006395433815903,0.9882721405892134,0.003721463976970785
id19321,0.042941102779490224,0.05387069125102664,0.9031882059694831
id08220,0.0034561685678152873,0.9817471593507759,0.014796672081408708
id12296,0.8396657885849538,0.011017101485002808,0.14931710993004332
id11186,0.9951772537653812,0.002126350408183514,0.0026963958264350956
id10551,0.004653794567893583,0.992708858055539,0.002637347376567543
id20839,0.59752624757728,0.2510627684878172,0.15141098393490263
id06118,0.955115753762554,0.03210740125958459,0.012776844977861364
id06330,0.006825526187949861,0.9782681601381986,0.014906313673851599
id02669,0.10936869200119742,0.8609767695435058,0.029654538455296826
id14811,0.9915852388417147,0.00622797970901211,0.002186781449273252
id04728,0.9465656873256325,0.02817779899369259,0.025256513680674775
id16646,0.0270846364364865,0.006822222629679502,0.966093140933834
id13018,0.0046511944718637885,0.9913373060407222,0.0040114994874138775
id15248,0.9228377182703142,0.06349952485203811,0.013662756877647671
id23476,0.00816898825822825,0.960712477642206,0.031118534099565828
id09208,0.009162028715160692,0.9843114955507822,0.006526475734057013
id19351,0.979792398131476,0.010531222869299004,0.00967637899922494
id02009,0.7650389726753599,0.048786499604981715,0.18617452771965845
id00785,0.8421522665143826,0.009366467789401459,0.14848126569621595
id07975,0.13803541031544034,0.3004515195815282,0.5615130701030314
id17892,0.016624764439282774,0.9150529368545666,0.06832229870615068
id03299,0.06178735782078781,0.4233998524661646,0.5148127897130477
id15351,0.05180570275433446,0.9056762455101808,0.04251805173548468
id11066,0.8138748992976094,0.04313092287496938,0.1429941778274213
id20485,0.03512121040065492,0.9615801319842321,0.003298657615113041
id13866,0.9605941005734362,0.021400823271917203,0.018005076154646492
id17335,0.030477608488172766,0.9490158650696502,0.020506526442177115
id15220,0.9110125742373092,0.06797188030916103,0.021015545453529846
id24047,0.8681563262603187,0.12309724366408172,0.008746430075599571
id15180,0.056296971616068975,0.921060017573398,0.02264301081053306
id16921,0.02040162197977676,0.016903754422904795,0.9626946235973184
id17207,0.02111237983979483,0.0035653211243598776,0.9753222990358453
id15068,0.13558540743820255,0.035777774917953496,0.828636817643844
id22013,0.9555717940791993,0.021514758653159993,0.022913447267640632
id11929,0.7444786294026532,0.013671846407643982,0.2418495241897027
id12540,0.013305212484853059,0.9816725895147743,0.005022198000372738
id12582,0.8376688303424225,0.10859458815396941,0.053736581503608195
id05261,0.021453854804922914,0.9707812869284843,0.0077648582665928115
id08471,0.9509576565675092,0.038533495406109744,0.010508848026381088
id15209,0.03965022645224581,0.9164815395819035,0.043868233965850705
id01148,0.9765207708614819,0.011766702131353569,0.011712527007164538
id26519,0.009100855317539049,0.008872734270950297,0.9820264104115107
id16510,0.9309727937951863,0.014952262557013336,0.05407494364780029
id03888,0.017879584210667893,0.9342669152075819,0.04785350058175021
id27926,0.9214108455913091,0.017457703982671515,0.06113145042601941
id05359,0.8507187215533345,0.01499842471917233,0.13428285372749307
id04274,0.9701030549213835,0.011736459195368913,0.018160485883247403
id21013,0.05049070660817831,0.1096453641802983,0.8398639292115234
id11443,0.025052436341565523,0.06452507495691907,0.9104224887015153
id09956,0.9706600934333898,0.017528374834841293,0.011811531731768935
id03138,0.024945577621706103,0.9629467250677766,0.012107697310517192
id08516,0.9862914033875464,0.006864345377114668,0.006844251235339008
id08608,0.005148025751783834,0.004611157873648673,0.9902408163745674
id04629,0.015449390154631907,0.012384589050441526,0.9721660207949265
id19808,0.9894445622773925,0.0035041005931050603,0.007051337129502375
id16578,0.033443455055257996,0.028800188165472442,0.9377563567792697
id04607,0.00820568161397241,0.9776622709198171,0.01413204746621059
id22816,0.016367886919884757,0.9774565171057455,0.006175595974369725
id27913,0.9600325263443095,0.017389211855166856,0.02257826180052362
id00346,0.010442341913666534,0.011026743227317583,0.9785309148590159
id02198,0.0049535069210974916,0.9849354312201442,0.010111061858758322
id27303,0.9641276730539539,0.029535046248651123,0.006337280697394835
id07033,0.016676061934044095,0.023894256415877706,0.9594296816500781
id03546,0.1487235360700982,0.26353076941015946,0.5877456945197425
id14709,0.9950917363107433,0.0016375532680659279,0.0032707104211908665
id25348,0.9918305736904258,0.003431994294164822,0.004737432015409262
id19596,0.06698289419607309,0.025601487967535974,0.9074156178363909
id12265,0.09026438273341877,0.026400137170072637,0.8833354800965086
id01054,0.9381987291157315,0.00499634401026052,0.056804926874008045
id03002,0.02570147699565553,0.008525804239226002,0.9657727187651185
id25624,0.9934981419443842,0.00220454979567379,0.00429730825994189
id16202,0.9288704274749003,0.02129738631922266,0.049832186205877115
id08187,0.2272514349319344,0.7547267307337473,0.01802183433431838
id24373,0.8752042173558114,0.02245226927363116,0.10234351337055751
id06415,0.023097341598640197,0.09742023747121015,0.8794824209301496
id09078,0.044914866686135216,0.9177225766287532,0.037362556685111604
id25989,0.9710706204347594,0.003468405167472371,0.025460974397768017
id05431,0.4288743421603927,0.11281140869826063,0.4583142491413467
id16557,0.014980772231237033,0.9764344083797314,0.008584819389031734
id22749,0.9693560073713926,0.01984857289627325,0.0107954197323342
id00697,0.036537622301106965,0.021061394798164376,0.9424009829007288
id22969,0.9660076936597293,0.010490241055283815,0.023502065284986915
id07440,0.02047965623808584,0.012747299183305017,0.9667730445786091
id19872,0.024156700453041382,0.01876131057556709,0.9570819889713916
id06054,0.7058849919408363,0.27102785222369413,0.023087155835469424
id27862,0.28099663484240506,0.011443871411985999,0.7075594937456089
id27186,0.17021747103263668,0.7891705985122561,0.040611930455107186
id01617,0.039246367557789305,0.01734232580264938,0.9434113066395612
id11922,0.03269858103322115,0.9654360086150741,0.0018654103517046837
id15003,0.0845630490498237,0.8209780748004873,0.09445887614968887
id09458,0.05217548012320771,0.027640302201158387,0.920184217675634
id03568,0.9905129066824386,0.004776881267030435,0.004710212050531067
id27132,0.9711787922998943,0.014932078175455834,0.013889129524649827
id24204,0.32891071536149497,0.5846855265139866,0.08640375812451856
id24736,0.39260685860435507,0.06136235603065578,0.5460307853649892
id06990,0.0015750685849744632,0.9888526537545976,0.009572277660427899
id24155,0.014701240713081968,0.7828508304352442,0.20244792885167384
id22129,0.005802520740599958,0.00404710013726708,0.990150379122133
id00191,0.018567702877456557,0.005271631643999541,0.9761606654785439
id05185,0.7899137814475519,0.011912920811342258,0.19817329774110598
id13399,0.8507464772273378,0.13129138951773497,0.017962133254927303
id20862,0.9688122547458943,0.016816430958938134,0.014371314295167591
id06180,0.9840410983845641,0.006632789768481731,0.009326111846954121
id27225,0.9809465653235004,0.007725050675051715,0.01132838400144804
id09447,0.012553620948500533,0.8901585309398465,0.09728784811165307
id18125,0.9940891865191069,0.0026442126321967806,0.003266600848696175
id04010,0.009262337179633727,0.010458429897807325,0.9802792329225589
id17932,0.9850542360539611,0.010745667761597327,0.004200096184441427
id17948,0.9668363657315013,0.0025319706823403345,0.03063166358615833
id18545,0.017527871116303613,0.05955449530281262,0.9229176335808837
id03389,0.9154413290961203,0.06031950154241106,0.024239169361468617
id02487,0.09148307283180777,0.00952237256222511,0.8989945546059672
id04924,0.9592906227651322,0.01914634408609125,0.021563033148776677
id23553,0.0350141721418668,0.015233645813223678,0.9497521820449094
id16831,0.9843782208176339,0.003044626023909924,0.012577153158456042
id01296,0.9900957472427316,0.004731143302287788,0.005173109454980659
id12033,0.03505841904107615,0.11553502079235473,0.8494065601665691
id06913,0.0035322669216811937,0.9764978192960938,0.01996991378222505
id15715,0.06771681152210972,0.880129511512932,0.052153676964958234
id23432,0.07992279832474815,0.014322086950348555,0.9057551147249032
id01152,0.9017889682291995,0.05978510067484657,0.038425931095953984
id16384,0.8106703875064374,0.09937967861089704,0.08994993388266564
id04060,0.058067679572305915,0.017203377009508098,0.9247289434181861
id21604,0.9652852705153719,0.02587851993326684,0.008836209551361156
id11212,0.008036248515124264,0.017291467573471296,0.9746722839114045
id26589,0.019996620392221637,0.060060603650876954,0.9199427759569014
id15858,0.8454020894420811,0.04446567198945458,0.11013223856846446
id02814,0.07387615782857135,0.48552088038488483,0.44060296178654373
id18347,0.8317264852501516,0.02206332035632945,0.14621019439351898
id02517,0.07120140882781845,0.03184431434018358,0.8969542768319979
id20800,0.9810106720786174,0.002649218684380551,0.016340109237001976
id16428,0.9575718181745401,0.021300822260335344,0.021127359565124428
id23844,0.9949097149297569,0.002780210478304925,0.0023100745919382277
id11149,0.007093046768656105,0.9898013355979968,0.003105617633347236
id12505,0.0028445708456885776,0.9931240635765263,0.0040313655777850285
id10850,0.08341062220899978,0.9062732473180086,0.010316130472991514
id05706,0.842843805238906,0.02094772786228056,0.1362084668988135
id23216,0.020467181456058303,0.287415067482591,0.6921177510613508
id16618,0.007301337218230821,0.005706246536193748,0.9869924162455755
id04283,0.006412353434433091,0.9843637392582925,0.009223907307274327
id20374,0.010224125267837376,0.0707947562635791,0.9189811184685837
id07227,0.0035392521962805683,0.9794841535980842,0.01697659420563524
id06396,0.9820842529967903,0.012186116176079712,0.005729630827130114
id08884,0.9934283738685025,0.0025705462087189965,0.004001079922778539
id10983,0.9805773343502261,0.015273961113006164,0.0041487045367677
id07296,0.01667303812756818,0.9801374193993361,0.0031895424730957757
id17683,0.05510673586793245,0.12516597311548813,0.8197272910165794
id26473,0.020511446929657152,0.007115421368098429,0.9723731317022444
id06454,0.007249712011304047,0.005313461320848235,0.9874368266678477
id19166,0.9881820482543431,0.003090389559676543,0.008727562185980323
id08406,0.21336909803812965,0.7204643856270575,0.06616651633481282
id25126,0.03617943158080806,0.011056464733716045,0.9527641036854758
id27593,0.9706362970428839,0.021773673402584928,0.007590029554531271
id24613,0.17945620248922453,0.04019365362940561,0.7803501438813698
id26586,0.9321598738378515,0.03620720622908861,0.031632919933059965
id25719,0.015336092366540873,0.00958773281769517,0.975076174815764
id05015,0.15075916316492982,0.06816030369512331,0.7810805331399469
id01594,0.9585746997116644,0.014545709068621926,0.026879591219713547
id01522,0.02508295294866196,0.048452913181139694,0.9264641338701982
id06935,0.9848859130697417,0.005943990347485933,0.009170096582772428
id01975,0.007094707000225929,0.008543002080389068,0.984362290919385
id20847,0.00648062247684025,0.0061818308308761545,0.9873375466922837
id24960,0.01971945902895993,0.014579075443640647,0.9657014655273994
id27808,0.008889106107605276,0.9848637896813012,0.0062471042110936095
id25463,0.9806466059072593,0.010248052284092417,0.00910534180864844
id11367,0.9038371804227248,0.01769215343675651,0.07847066614051879
id02273,0.12066391758017558,0.0392988792765956,0.8400372031432288
id02167,0.9873670240890189,0.0028723146980506524,0.009760661212930498
id08352,0.005872365257638763,0.9900061465839,0.00412148815846137
id26928,0.1096225258191188,0.8307606926530795,0.059616781527801685
id04224,0.9939242088199235,0.003884324888201542,0.0021914662918750692
id00462,0.16036617080237686,0.8329287191904344,0.006705110007188815
id16591,0.033582146929034266,0.9409390959346166,0.025478757136349197
id06982,0.011959171563034754,0.9433357406065246,0.04470508783044074
id24880,0.01716283947802688,0.9364199312860083,0.04641722923596473
id27479,0.013979027232970575,0.026744998140775657,0.9592759746262537
id16556,0.983003597939399,0.013374295608430047,0.0036221064521708237
id15231,0.0497422166348799,0.024960045176397008,0.9252977381887232
id14694,0.4182635430574284,0.030338117844646253,0.5513983390979255
id01114,0.9417224425653967,0.02539777237335401,0.032879785061249375
id18694,0.6505122619655506,0.11190453656475609,0.23758320146969336
id25551,0.2591198286262002,0.07185400254718957,0.6690261688266104
id23478,0.030115596181870145,0.016591794370678786,0.9532926094474511
id22780,0.8651471432528077,0.033743150529179845,0.10110970621801245
id06602,0.03934097838851058,0.9525762775496333,0.008082744061856257
id05176,0.003474852416023142,0.9950575328349657,0.0014676147490112275
id15450,0.025605149613543134,0.03105995619395106,0.9433348941925058
id16956,0.010556231679347152,0.014794404918311828,0.9746493634023411
id23532,0.03861075025827775,0.8909807134368383,0.07040853630488385
id22688,0.01324968604334406,0.006676052221617414,0.9800742617350386
id12898,0.3403338256128768,0.6454585329044199,0.01420764148270318
id21525,0.9164580972115599,0.05491073787384592,0.02863116491459408
id13576,0.38125169792152597,0.04604453908876333,0.5727037629897108
id07080,0.0726376285062067,0.6111584859644085,0.31620388552938483
id25397,0.9153861526188877,0.08000631609236375,0.004607531288748487
id08383,0.07609383702865997,0.9007907077836608,0.023115455187679244
id08285,0.9634366916954118,0.0041949114281439985,0.03236839687644423
id10323,0.7926642052544531,0.015707801585147483,0.1916279931603994
id10441,0.009538636507889681,0.9867282102654802,0.0037331532266301347
id26298,0.351583265196666,0.02327054897715613,0.625146185826178
id13531,0.8209976689103817,0.16330552035765455,0.01569681073196376
id03191,0.9658447681729666,0.023008688281912458,0.011146543545121039
id19771,0.007753534514626386,0.9831110954905011,0.00913536999487246
id03275,0.9926680816692468,0.0038556885880298873,0.003476229742723283
id11616,0.0304583406432443,0.048091104384758915,0.9214505549719967
id03117,0.0024126087499108362,0.9951767114143119,0.0024106798357773017
id08054,0.044395830062094424,0.0077614691652159165,0.9478427007726897
id15303,0.23511177792935267,0.5359472043539141,0.22894101771673334
id02470,0.031671909408110904,0.06421315850402001,0.9041149320878692
id01452,0.9054486720900045,0.009171532201407989,0.08537979570858745
id11934,0.004444699321894318,0.983523440346051,0.012031860332054662
id00258,0.07020048577521384,0.7454709163000185,0.18432859792476772
id27905,0.741850195216517,0.041240255967139365,0.21690954881634364
id23897,0.015886713844326585,0.9653865287792137,0.018726757376459867
id02334,0.0020951842221086864,0.9961572558820894,0.0017475598958020535
id07638,0.9789205111219481,0.012684438710324613,0.008395050167727314
id13181,0.16765917040362444,0.06890440748358878,0.7634364221127867
id01284,0.9950944828383147,0.0017770121621151793,0.0031285049995701574
id27402,0.9856735423314795,0.004080925193692979,0.010245532474827554
id14742,0.005053288068438142,0.006110140348239055,0.9888365715833227
id12370,0.20629337587192975,0.5982290974724773,0.19547752665559298
id19048,0.9540705633505697,0.031261461994123524,0.014667974655306854
id08388,0.050610579908501735,0.025115698671804475,0.9242737214196938
id19205,0.9613311444085395,0.03153295227758062,0.0071359033138799766
id04851,0.009446912965645564,0.008125198281961198,0.9824278887523933
id16478,0.07836230164264912,0.9158798930044013,0.0057578053529495545
id06806,0.001962753267944099,0.9965232052182011,0.0015140415138547923
id13659,0.10640223657723255,0.5835574475013147,0.3100403159214527
id09861,0.045931393716001225,0.94925366928391,0.0048149370000887745
id05986,0.002193170867948496,0.9965462455027657,0.0012605836292857715
id15844,0.0417198019638009,0.9415435353489092,0.016736662687289863
id05900,0.7773209562665974,0.026453394732321056,0.19622564900108153
id20409,0.9669554401334585,0.02694988883139175,0.006094671035149866
id08751,0.03228463246448142,0.9530187680259631,0.014696599509555514
id22617,0.07710653803362004,0.15319854422495768,0.7696949177414224
id13064,0.048064150733606925,0.008281474053482004,0.9436543752129111
id14506,0.012348101173792507,0.017731977795989225,0.9699199210302183
id05783,0.03214587431737667,0.028194855511138976,0.9396592701714843
id23139,0.0076329910212696766,0.009283974328511998,0.9830830346502184
id04770,0.9905797557111041,0.0026090262365613334,0.006811218052334453
id11775,0.9913749345528365,0.0025294359642522913,0.006095629482911192
id12936,0.016127007763128663,0.011922665399349363,0.9719503268375219
id20522,0.03793016611868969,0.9517765919329035,0.010293241948406867
id22929,0.9787167478142514,0.005807563145224626,0.015475689040523929
id11357,0.5802731016346038,0.09011560215307554,0.3296112962123207
id10028,0.020091991086941884,0.9628856734203035,0.01702233549275466
id10617,0.19482178119725807,0.026294896323596127,0.7788833224791458
id23988,0.9969221874763632,0.0014212507553152498,0.0016565617683215693
id20434,0.18909082720794093,0.10557501947386799,0.7053341533181913
id06611,0.004924458545996903,0.005053662005438792,0.9900218794485643
id18405,0.7955962361925147,0.13983882670186104,0.06456493710562426
id27427,0.9225776543734696,0.03769908463783963,0.03972326098869061
id16168,0.032926993559821385,0.9549595342308322,0.01211347220934627
id02139,0.8802282650834105,0.09537243491991641,0.02439929999667319
id18654,0.005979239869033711,0.9892319258609445,0.0047888342700218535
id24598,0.9410157895711654,0.021021834572149435,0.037962375856685264
id23360,0.006918259791298703,0.9878883035806744,0.005193436628026802
id06220,0.016712285923156073,0.9558327476860916,0.02745496639075226
id26411,0.9833225558517245,0.006037896824581734,0.010639547323693651
id27660,0.8711330745671303,0.028800677033482557,0.10006624839938716
id07192,0.036293416072631174,0.0283356636271543,0.9353709203002146
id18074,0.013516480790274179,0.019806234756087237,0.9666772844536385
id11784,0.06866090019187075,0.9047450557282661,0.026594044079863186
id04810,0.03378379485071946,0.014269794483685816,0.9519464106655947
id01716,0.9707673096316554,0.020857008218789372,0.008375682149555192
id27584,0.8289245290798376,0.031813803285729726,0.1392616676344326
id25409,0.02495424538462321,0.022103640077359252,0.9529421145380176
id06430,0.9613095239175432,0.014554199643184976,0.024136276439271933
id11135,0.9944574966253577,0.0035688396287531766,0.001973663745889159
id27712,0.2731640779654171,0.16228211896992245,0.5645538030646606
id27233,0.9166396883569315,0.07174171214911422,0.011618599493954168
id13522,0.9554516186844818,0.013888548518506197,0.030659832797012
id11625,0.0048004343615567985,0.0037883657624290753,0.9914111998760142
id03246,0.04973244441521192,0.945597102618657,0.004670452966131036
id05341,0.3557465694121926,0.6337768582229489,0.010476572364858485
id22061,0.005485981384263745,0.004866672396801919,0.9896473462189342
id03170,0.9570362763109184,0.02975809432805095,0.01320562936103062
id09768,0.16735906609171994,0.07928900899594495,0.7533519249123352
id20721,0.9224609812046035,0.016174300456544617,0.0613647183388519
id14854,0.9717978550691942,0.020773263946333918,0.0074288809844718865
id01123,0.9913092492359518,0.002156628319632109,0.0065341224444162025
id00842,0.9877726489508681,0.0058252615058344386,0.006402089543297446
id11035,0.6777485619262006,0.008176844042539723,0.31407459403125976
id19301,0.0056891893924426356,0.9865921051025907,0.007718705504966618
id06409,0.16718365932175736,0.773668793313445,0.05914754736479766
id09883,0.9673376683270781,0.02773155843661878,0.0049307732363031535
id04218,0.24551048743807868,0.5630121104650179,0.1914774020969034
id25171,0.007133424702664991,0.0062433350308315075,0.9866232402665035
id13394,0.09334326661776048,0.0759156325539384,0.8307411008283012
id14322,0.9869130517701347,0.003682736942823426,0.00940421128704201
id17623,0.02370916609750387,0.023473281263587747,0.9528175526389083
id16980,0.9436182712802071,0.04507169289961302,0.011310035820179849
id22634,0.045749779704260515,0.015075266629556982,0.9391749536661824
id03773,0.9774362035281978,0.0064126035614964425,0.016151192910305756
id20243,0.011849113665655003,0.8473608049406259,0.14079008139371918
id12135,0.014678322839773172,0.9765254890372386,0.008796188122988165
id11727,0.9643485395210788,0.026430012529416354,0.009221447949504894
id06460,0.0787566270647832,0.910757259123136,0.01048611381208095
id23515,0.9503419782808805,0.03586550234028896,0.013792519378830468
id16908,0.022229894648491174,0.24166309294875854,0.7361070124027502
id10641,0.9158511782527478,0.04298392625699658,0.04116489549025575
id22637,0.044749757566908875,0.04936333942777211,0.9058869030053192
id19724,0.9641058215712937,0.030193733036355128,0.005700445392351275
id12295,0.038580817012063874,0.953712123428862,0.007707059559074088
id18977,0.11926831759982641,0.09146803037275021,0.7892636520274233
id27456,0.9217062784374145,0.07316332725317556,0.005130394309410014
id02223,0.9901517058380075,0.005083803019578858,0.004764491142413656
id06374,0.043344911432732496,0.039374174670307786,0.9172809138969598
id13746,0.02833097927249942,0.011334199724500614,0.9603348210029999
id24107,0.12720042440482987,0.01545147836646459,0.8573480972287055
id09075,0.04108971967864437,0.009154984851838242,0.9497552954695174
id06741,0.2897481967266436,0.02564661556444192,0.6846051877089144
id25474,0.8340579151247084,0.020826315151849482,0.14511576972344223
id02497,0.990627631682561,0.0038256151560717593,0.005546753161367395
id21878,0.9815117536738532,0.0031132070624274653,0.015375039263719378
id23199,0.02739742094730825,0.01503486577790913,0.9575677132747825
id12018,0.9937064437102867,0.0032265609737505445,0.0030669953159627042
id20722,0.01155235606833051,0.006051162797945662,0.9823964811337239
id05372,0.030631109334217806,0.9523946291786314,0.01697426148715096
id07964,0.923270132139582,0.028160774351422935,0.04856909350899524
id02393,0.019022225803467813,0.008279781152716598,0.9726979930438157
id10923,0.08535640532312944,0.021942242853451366,0.8927013518234193
id01260,0.9449445351828838,0.015183768124453543,0.03987169669266268
id09037,0.016549700385989317,0.005010062662283206,0.9784402369517274
id01477,0.05966105132525201,0.02001904125590518,0.9203199074188427
id11164,0.9909242723028716,0.004125663573247242,0.004950064123881182
id20313,0.8011741707582132,0.015665017881367937,0.18316081136041892
id20067,0.010896066194172759,0.007381000996733786,0.9817229328090935
id17248,0.9754653039407788,0.007826549968696842,0.0167081460905243
id24557,0.011518205231668813,0.0038350872800880418,0.9846467074882432
id26745,0.5908251287781785,0.022649491438097222,0.3865253797837243
id16759,0.053158945105390445,0.010151908299623718,0.9366891465949858
id22382,0.9068614441326428,0.009013572149886646,0.08412498371747065
id18404,0.06021961803502439,0.008849822934851852,0.9309305590301238
id23761,0.007157870003348417,0.005366715544921253,0.9874754144517304
id00511,0.01605029727061879,0.9787282559913684,0.0052214467380128195
id15560,0.9722860151256967,0.02142479819057087,0.006289186683732468
id04834,0.9941710339455413,0.0020089442892109,0.0038200217652477886
id26796,0.8858259033264388,0.03551388484471734,0.07866021182884379
id14809,0.006964059341997951,0.003994315917783482,0.9890416247402186
id15091,0.3615417936792696,0.20360507951750634,0.434853126803224
id14861,0.030333025669300653,0.9628120783510897,0.006854895979609709
id21193,0.035215334457132014,0.9575218853556006,0.007262780187267324
id20331,0.009584298021259261,0.9874175656519266,0.002998136326814143
id17847,0.003130750687766944,0.9932481307467022,0.003621118565530873
id00795,0.9947648129639185,0.00200489637900906,0.0032302906570725086
id22651,0.9651581339439692,0.0064002460431946285,0.028441620012836188
id22803,0.9809936677440942,0.013989145419903374,0.005017186836002364
id01714,0.9954219901825007,0.0020097971104299332,0.0025682127070695802
id05350,0.02308353138532522,0.014281752503882306,0.9626347161107924
id08674,0.985650949020755,0.003958500741350931,0.010390550237894182
id04427,0.04451176729904843,0.9501184602984349,0.0053697724025166095
id17815,0.003776761721181453,0.9925410850835236,0.0036821531952951013
id22270,0.9465528408708508,0.02240010601604322,0.031047053113106002
id11183,0.03769734285551816,0.021735784870764656,0.9405668722737172
id00326,0.8380224662484596,0.11879864601615114,0.0431788877353894
id00382,0.9961096080339595,0.0020757126389420654,0.0018146793270984965
id11557,0.013769470307087693,0.004389782498572446,0.9818407471943399
id20271,0.41085453492920654,0.3381606981180526,0.2509847669527408
id05133,0.8428047863576026,0.011684098879407558,0.14551111476298992
id14597,0.04298848408429133,0.9248872244504189,0.03212429146528972
id21411,0.01674600115977485,0.9697376050013613,0.013516393838863898
id15375,0.05297001581124732,0.011045550291539964,0.9359844338972126
id10172,0.011169847933662823,0.021378452364424712,0.9674516997019126
id13524,0.9723891491204553,0.005639129265257971,0.02197172161428686
id26331,0.9384768930053401,0.01872733800734133,0.04279576898731874
id20167,0.0478778402171811,0.005484633403854372,0.9466375263789645
id03249,0.020157558082504426,0.9756783476804105,0.004164094237084951
id15839,0.987280479534174,0.002604302630621508,0.010115217835204587
id27200,0.015239998123568438,0.962097912288944,0.022662089587487652
id15847,0.006649749518668935,0.005069139737352095,0.9882811107439791
id07249,0.009659548667822475,0.9862261204812547,0.0041143308509227925
id19494,0.979849701211358,0.004528330652020955,0.015621968136621145
id01388,0.013425465772242007,0.9717722945992818,0.01480223962847611
id22045,0.007720883367296147,0.005557445727087214,0.9867216709056167
id09111,0.9725216499338845,0.015938796476558544,0.011539553589556857
id04011,0.1595411401781786,0.6247264004032309,0.21573245941859065
id26410,0.0030781928745865087,0.9722380515746604,0.024683755550753
id19614,0.49509313221304174,0.06715023046548528,0.437756637321473
id10183,0.0024102074991718472,0.9950816712944218,0.0025081212064063238
id20388,0.006650030153526495,0.003711400576865129,0.9896385692696085
id16498,0.9803091776424373,0.012534297438374756,0.0071565249191878405
id18488,0.02412048844531863,0.02045012979388263,0.9554293817607987
id11018,0.04293646798596548,0.9452299578444641,0.011833574169570366
id16185,0.9288508164185083,0.06812756014555289,0.003021623435938939
id23501,0.9216649333383847,0.05648791164924351,0.021847155012371722
id02837,0.06987285983709961,0.006840420423938112,0.9232867197389624
id05544,0.376509569190508,0.569975109697924,0.053515321111568065
id22784,0.27704293701991856,0.04697664700288734,0.6759804159771943
id15404,0.008417288894362593,0.007095592055366512,0.9844871190502709
id13010,0.939462667637019,0.05059532227146724,0.009942010091513664
id22169,0.02611322470859856,0.9678562356293507,0.006030539662050662
id16438,0.016041273749742953,0.01635637557883565,0.9676023506714214
id20464,0.5412110851855141,0.04989342095455123,0.4088954938599348
id26306,0.9692326088679408,0.004865340649380869,0.02590205048267822
id15995,0.07521437874301551,0.5341521884833682,0.39063343277361634
id26068,0.7596647402515949,0.053580036222496324,0.1867552235259088
id19348,0.04716525246779673,0.9014320664144307,0.051402681117772554
id04196,0.05239472326686801,0.9413025594881732,0.0063027172449589275
id13002,0.037871294499000806,0.9485200240107987,0.013608681490200442
id25650,0.7028466115590405,0.2268266094671548,0.0703267789738048
id17598,0.08774711258134994,0.9071340585287143,0.005118828889935683
id10079,0.3727214703912449,0.5991939674279493,0.028084562180805666
id10094,0.08264578799662084,0.800398726023196,0.11695548598018322
id05918,0.9465531426578485,0.032231548096596875,0.021215309245554575
id18747,0.967606868771382,0.01633165291077406,0.016061478317844
id15571,0.024636181554317713,0.9654938536590545,0.009869964786627891
id16113,0.23504201954496734,0.028221655230424636,0.7367363252246081
id02316,0.762776175717724,0.019489414856625555,0.21773440942565025
id09545,0.9657847479960936,0.01388000558073574,0.020335246423170566
id13878,0.13327577449457054,0.009513813455590044,0.8572104120498395
id07476,0.9305862296851178,0.03905037464642619,0.03036339566845601
id20103,0.09191043241989942,0.01188797123439125,0.8962015963457093
id27367,0.07835975809401043,0.029116878547248808,0.8925233633587407
id25668,0.03837984994709234,0.004812064938290898,0.9568080851146167
id09680,0.9957175582546883,0.0019130570331444628,0.002369384712167257
id00500,0.05238504965977119,0.7835383613293972,0.1640765890108315
id06110,0.9592978011270109,0.006583071158733873,0.034119127714255154
id15804,0.002066547353564714,0.9964932802749938,0.001440172371441428
id03223,0.00701224042966882,0.9854636287222024,0.007524130848128725
id02039,0.018124817543737643,0.9739333301469365,0.007941852309325832
id09795,0.020731730507244958,0.02742417711924555,0.9518440923735095
id10808,0.024082117648094994,0.023676431324026897,0.952241451027878
id10134,0.006730506765004098,0.9569015382458216,0.036367954989174264
id14361,0.8316691228997426,0.02439068534568743,0.14394019175457007
id15881,0.14099950975265874,0.023979915853664588,0.8350205743936767
id27120,0.09119910319393354,0.04744718946369249,0.8613537073423739
id09860,0.8492851865054324,0.033590549950610775,0.11712426354395677
id11959,0.002745910949797982,0.9466562066448343,0.05059788240536771
id25770,0.0019016856261156595,0.99614991128051,0.0019484030933744191
id24364,0.20250139559278177,0.7835771571434497,0.013921447263768646
id22944,0.9916698013112981,0.0016768237022000186,0.006653374986501905
id04345,0.991119676732164,0.004719006318440202,0.004161316949395852
id05127,0.11764217725227301,0.011899322092988206,0.8704585006547387
id01779,0.010502014563491308,0.004736929084275633,0.9847610563522331
id05559,0.9913796266394159,0.003993178634003552,0.0046271947265804055
id14474,0.9947384501804739,0.0023773560920405594,0.00288419372748566
id13283,0.8723106255991061,0.080965438314947,0.046723936085946875
id03301,0.8719015382071772,0.06033715430478064,0.06776130748804196
id16939,0.01912389051809428,0.9778938903108135,0.0029822191710920567
id01166,0.019158896127849115,0.9268341698599822,0.054006934012168745
id16766,0.9776467661714573,0.0016502148992176046,0.020703018929325127
id04338,0.917006394840918,0.05871119520316628,0.02428240995591587
id12731,0.9964264218973553,0.0015427421015942705,0.0020308360010502864
id08988,0.011273621586788667,0.9867227405023361,0.0020036379108753074
id08236,0.0027207455784425505,0.9931324501216132,0.004146804299944185
id03309,0.16269180442120829,0.02061197613208829,0.8166962194467033
id16458,0.9506336936983901,0.03392673825883643,0.015439568042773476
id02442,0.92859856794311,0.022630843602332296,0.04877058845455761
id25767,0.023889190959204724,0.007168033385884395,0.9689427756549109
id17357,0.2319147037397913,0.7044769358020245,0.06360836045818409
id08627,0.06186817902475766,0.05131446418044503,0.8868173567947972
id19488,0.191256622205173,0.011154391503603162,0.7975889862912239
id18345,0.8093111288292695,0.05313622483445028,0.1375526463362802
id10661,0.937392625460898,0.016203312008340912,0.04640406253076118
id01713,0.013216121477952513,0.9793843437280844,0.007399534793962975
id26237,0.2603684154745917,0.7324542333286608,0.007177351196747579
id08062,0.15228430867243434,0.8200257311388436,0.02768996018872216
id01497,0.020716588986506666,0.9708484062001547,0.008435004813338759
id07590,0.9858300063683131,0.01007534129345688,0.00409465233823005
id06299,0.032364016197422386,0.024769174092204,0.9428668097103737
id02770,0.041619502984810035,0.017207157370973634,0.9411733396442162
id19197,0.009477983524421637,0.023841281762704614,0.9666807347128739
id16572,0.9660596535922292,0.012755062063253613,0.02118528434451717
id04518,0.007154289990824735,0.9886533680891868,0.004192341919988506
id09316,0.09873399466919343,0.8849216622356801,0.016344343095126466
id17533,0.020633476083799094,0.04296493396009091,0.93640158995611
id13494,0.39333483869504987,0.05397921898576313,0.5526859423191871
id10024,0.9840255794335004,0.011792236982490588,0.004182183584009022
id19896,0.9718109649092607,0.017594035564870342,0.010594999525868988
id10956,0.9724923879364679,0.023906630373798362,0.0036009816897336505
id08458,0.012908851684186077,0.980019937454894,0.007071210860919891
id09066,0.43341609072165005,0.019037196518901924,0.547546712759448
id26608,0.9202169251767683,0.019844674127549106,0.05993840069568253
id20977,0.05797797241999803,0.2981618929722985,0.6438601346077034
id21587,0.04320907989298119,0.246928069559368,0.7098628505476507
id19928,0.02096199031715241,0.00682145376171596,0.9722165559211318
id19077,0.05077048963988574,0.9362208357251132,0.013008674635001025
id06865,0.019258975443367944,0.021679546910779442,0.9590614776458527
id15224,0.008000178312870846,0.006489666890392797,0.9855101547967364
id09036,0.03356770994794706,0.9363651365598705,0.030067153492182416
id04885,0.9922907728988932,0.004394196604509644,0.0033150304965971506
id06619,0.011158827605943123,0.9771807591679157,0.011660413226141107
id20211,0.0031380309654925127,0.9931471076315533,0.003714861402954013
id23985,0.3234953136143557,0.27667402198152824,0.399830664404116
id17048,0.9846401800280038,0.00749778332892446,0.007862036643071797
id11272,0.9536208469171963,0.0067248698457587595,0.03965428323704491
id16998,0.018690778948349418,0.0158122347022905,0.9654969863493601
id16506,0.03118253754682334,0.040034402903610704,0.9287830595495659
id11558,0.25559542993057577,0.04219881785757804,0.7022057522118462
id04913,0.02649538493192691,0.0043043724830629316,0.9692002425850103
id10308,0.02187321199390187,0.010227112898325003,0.9678996751077732
id15956,0.028399012532297246,0.01834581225372054,0.9532551752139822
id21350,0.018156399140234935,0.9569906018687944,0.02485299899097064
id09246,0.964626893683071,0.012464643168224583,0.022908463148704376
id00753,0.9675769035618585,0.012314621912740803,0.020108474525400592
id08101,0.06028980090432601,0.9277092495319885,0.012000949563685326
id26853,0.0039831049635717175,0.9924503278845364,0.0035665671518918356
id22044,0.032423717372596,0.951884088885376,0.015692193742028057
id27234,0.958395567907645,0.00499866773511355,0.03660576435724129
id18357,0.02564743241929017,0.9678180227110212,0.006534544869688525
id24187,0.9839479683393878,0.005804501462057598,0.010247530198554618
id23934,0.13175340182088568,0.019609655678797567,0.8486369425003167
id21378,0.004680262888189363,0.9898463807607116,0.005473356351098924
id12777,0.25531236018623554,0.08499696553568141,0.6596906742780831
id11493,0.014556386983600756,0.003755248319233299,0.9816883646971659
id12824,0.2998699809715516,0.10165865756837422,0.5984713614600743
id22565,0.016111632564706015,0.9779195960329465,0.0059687714023475
id02996,0.011673690821039858,0.0222222672212784,0.9661040419576816
id26154,0.8178819957813879,0.15284132357362987,0.029276680644982348
id22710,0.8349352498993791,0.14202021171945467,0.023044538381166133
id19389,0.04637466571433024,0.9281063398197786,0.025518994465891193
id19539,0.032064431512168444,0.02766812264812184,0.9402674458397097
id17345,0.02982558855479907,0.9476017488685196,0.022572662576681314
id16938,0.9646842803360449,0.021880034547328835,0.013435685116626227
id05670,0.9902862365255019,0.005730778854981746,0.00398298461951658
id12991,0.04652148059633007,0.05023863141996473,0.9032398879837051
id26819,0.013756814448573509,0.9762236639562236,0.010019521595202708
id02679,0.08141741637160538,0.026155452332894184,0.8924271312955006
id11334,0.9369068847586377,0.03542367709541382,0.027669438145948563
id18553,0.9618337742506822,0.02161112625309615,0.016555099496221748
id27899,0.9148020015700301,0.07582114400435291,0.00937685442561702
id20569,0.004776548372795316,0.978727618901944,0.016495832725260586
id00759,0.00358258345438778,0.9920359586184397,0.004381457927172557
id13013,0.8600938255792716,0.007271671161353335,0.1326345032593749
id06798,0.9702580886138474,0.01918191485978926,0.010559996526363212
id04524,0.016258361848733995,0.9567894618204207,0.026952176330845297
id19026,0.20823336549420243,0.0420249400336493,0.7497416944721482
id17376,0.023006850731041802,0.0346975350147222,0.9422956142542361
id21794,0.009921044786697685,0.01171725370781163,0.9783617015054906
id22720,0.035168358960997154,0.3770034984949671,0.5878281425440358
id26054,0.0168614851252828,0.0034775446388521235,0.9796609702358651
id01050,0.0031012316167731107,0.9873556432849965,0.009543125098230307
id11917,0.9761771882890254,0.009911112237381043,0.013911699473593499
id12706,0.9497632120562878,0.012586533337604011,0.03765025460610808
id18796,0.04794855352751427,0.12883630127050544,0.8232151452019802
id10096,0.0056058769098718125,0.005496028331196806,0.9888980947589314
id27514,0.20050412300864492,0.6765934084548075,0.1229024685365474
id22130,0.9201277635100976,0.014329996929492746,0.06554223956040951
id23378,0.9868736357537312,0.003401451746248305,0.009724912500020387
id27306,0.9763280149249043,0.01965510795000197,0.00401687712509368
id25914,0.03444421335694253,0.04657439486019241,0.9189813917828651
id05461,0.9928251904710919,0.0021906388679444923,0.004984170660963607
id24782,0.829904145366123,0.07736310255063247,0.09273275208324461
id11890,0.013546771947516084,0.9762648808057389,0.010188347246744937
id23405,0.04926452716602933,0.056157635453505335,0.8945778373804653
id15919,0.04438518270187381,0.3125903538792652,0.643024463418861
id08430,0.1191122942295659,0.03391504094062649,0.8469726648298076
id16328,0.04639467121477341,0.18773296148572047,0.7658723672995061
id16599,0.9790033049671826,0.011911829741658811,0.009084865291158671
id25407,0.0358040265492958,0.5512519807603633,0.41294399269034093
id10786,0.9791576929385403,0.00496441646182541,0.015877890599634393
id08935,0.9479871710109016,0.040635604961303064,0.01137722402779536
id24742,0.9961230716626644,0.0018144979243396168,0.0020624304129958316
id15921,0.9263563471352309,0.031955873691591904,0.04168777917317731
id21816,0.028834639939075164,0.014013614113081519,0.9571517459478432
id06235,0.020562400365469188,0.9658444260520609,0.013593173582469935
id00527,0.9525638733234212,0.018173168935547743,0.029262957741031097
id17349,0.00866224647528029,0.0038073823517689306,0.9875303711729508
id05356,0.9681953659663414,0.0041624975516375015,0.027642136482021247
id13287,0.004727346526740048,0.9680111597967477,0.0272614936765123
id09044,0.9428552510001825,0.02585143046159993,0.0312933185382176
id09374,0.0667512870995924,0.8969595169332457,0.03628919596716183
id25625,0.8392043293232067,0.1497127923768091,0.011082878299984136
id03201,0.02596538755926283,0.9308986120243321,0.04313600041640507
id02709,0.9919765367491243,0.002228152975011021,0.005795310275864649
id08914,0.043367657669230494,0.03650508707886325,0.9201272552519063
id15753,0.454713303477708,0.042742584934953864,0.5025441115873381
id20125,0.08444637397600316,0.8947536109094659,0.020800015114531053
id20784,0.9271516785645442,0.058339811850020004,0.014508509585435713
id26248,0.03357399221024863,0.0517379274437323,0.9146880803460192
id10016,0.0832628225318126,0.01867366479038176,0.8980635126778057
id18793,0.9714453991700804,0.008762417900743096,0.019792182929176626
id04562,0.21302955976164956,0.7781927866708872,0.008777653567463172
id25106,0.03580964333379306,0.010200707479215499,0.9539896491869915
id00536,0.9957354929076196,0.001899152092116347,0.0023653550002640526
id01946,0.07324127411904398,0.015870527862344636,0.9108881980186113
id18369,0.04375517774396023,0.9439939933376716,0.012250828918368178
id07345,0.009601995229088266,0.9845028590013944,0.005895145769517322
id27752,0.9735711180962706,0.0020499275574600933,0.02437895434626924
id21463,0.0057006823553010615,0.9888221977990692,0.005477119845629782
id18922,0.041786935644708804,0.027074205134159108,0.9311388592211322
id17166,0.023409643259914778,0.9594842926035388,0.017106064136546292
id07458,0.030279246221370428,0.9645423611718505,0.005178392606778996
id01801,0.012056497345730298,0.020002427500837864,0.9679410751534319
id10529,0.9933830132039254,0.004756309031733436,0.0018606777643411362
id08774,0.06575294601895453,0.6355300028904801,0.2987170510905653
id22292,0.0325625674026174,0.029160818877097656,0.938276613720285
id14044,0.9729709837787303,0.010808924352684223,0.016220091868585428
id20234,0.009989585836380694,0.9866107195287159,0.0033996946349033916
id26960,0.9800922805319437,0.002271436874245201,0.01763628259381088
id20809,0.19602149560348794,0.7654703655942245,0.038508138802287525
id20365,0.9810771773462139,0.01186897817280289,0.007053844480983057
id09182,0.9542977068783356,0.029197667389866233,0.016504625731798218
id27671,0.9518457377543852,0.018585848137383038,0.02956841410823196
id26438,0.9334229082068966,0.05452174787334864,0.012055343919754888
id22712,0.4354703982267485,0.5270148520342525,0.03751474973899895
id13988,0.04278217950695099,0.008862693182733267,0.9483551273103158
id01727,0.9952746691620975,0.001981871003352134,0.0027434598345504133
id27147,0.9038812354546161,0.018395098821743432,0.07772366572364063
id23213,0.07038521093622548,0.9110701317128047,0.018544657350969836
id21969,0.015041597437615899,0.6952041914024429,0.2897542111599411
id12062,0.9937828608082873,0.003504601574095369,0.002712537617617308
id26579,0.04690533450190922,0.8796049609792619,0.07348970451882894
id20568,0.3104374121746205,0.23102111396034666,0.45854147386503297
id04399,0.6450673859459891,0.02474913643374915,0.3301834776202617
id26756,0.015632716510682078,0.9700513707972312,0.014315912692086805
id04580,0.022368636273823937,0.03539823285081586,0.9422331308753603
id16349,0.04725370548760543,0.9007793703566106,0.05196692415578395
id23583,0.0034736035360451775,0.9892262866091547,0.007300109854800139
id14643,0.9691753405992417,0.0116656105035279,0.019159048897230472
id22604,0.188430092758706,0.4815508452738044,0.33001906196748954
id25973,0.004908626523865175,0.979977072802391,0.015114300673743841
id07553,0.03903397828444824,0.0562189140449807,0.904747107670571
id05614,0.1887711113738117,0.6831641793868782,0.1280647092393102
id15320,0.27364074213214445,0.018848947247158826,0.7075103106206967
id01016,0.05726342859100257,0.00660471477380626,0.9361318566351912
id11463,0.0030639567961270363,0.995106090719803,0.0018299524840700255
id18655,0.03870448676524573,0.9575035756479984,0.0037919375867558618
id22527,0.004282413450991854,0.005274672368993144,0.990442914180015
id05458,0.0020317435568869076,0.9966566414390984,0.0013116150040146889
id08802,0.01684501827422616,0.01699008934525882,0.966164892380515
id11573,0.5324614593991261,0.03374740496900345,0.43379113563187033
id16935,0.03992906568085439,0.11211591269808056,0.847955021621065
id27417,0.018533288457300956,0.009565547865233379,0.9719011636774657
id27781,0.9655977352020315,0.012085834869887905,0.02231642992808068
id21873,0.9923231106658978,0.002150119971117435,0.005526769362984683
id20624,0.008161034507034638,0.014111727909078173,0.9777272375838872
id19660,0.0022644508084504033,0.979860364964924,0.01787518422662549
id03783,0.9911551546455851,0.004026813670627286,0.004818031683787394
id22172,0.015141231932432327,0.8220588750676789,0.16279989299988876
id20709,0.9904502426049336,0.0038585261576508352,0.005691231237415436
id12524,0.9601401435262463,0.019356360693363873,0.02050349578038994
id27650,0.0021013035082766297,0.9896563180371186,0.00824237845460485
id09501,0.04856444321877146,0.7892150774253703,0.16222047935585812
id20840,0.04397105261756297,0.9335376467964639,0.022491300585973168
id09960,0.00849602391126557,0.008471913133513274,0.9830320629552212
id13916,0.015733856598716445,0.007886381250239782,0.9763797621510437
id00249,0.03084670593297917,0.00573137426635559,0.9634219198006653
id02540,0.9932383944045653,0.001963895892291332,0.004797709703143491
id23326,0.004872228879524933,0.004355927519562349,0.9907718436009127
id14632,0.9726301773448955,0.01770893616034377,0.00966088649476067
id25512,0.0866854483333765,0.4548649620313401,0.4584495896352833
id10628,0.986454387413285,0.009771128376885934,0.0037744842098291795
id08490,0.0025253217187915884,0.994779552886763,0.0026951253944455015
id09084,0.9942107723600015,0.0030411199558625797,0.0027481076841357863
id27553,0.005444231005739267,0.9835658937046067,0.010989875289653983
id20930,0.0684508524658636,0.9252064218286882,0.006342725705448095
id21337,0.10292620685375468,0.025678392891881115,0.8713954002543642
id25537,0.021576966835572902,0.06650808462029803,0.9119149485441291
id27349,0.5590231656423945,0.11798621770853066,0.32299061664907497
id25655,0.006288528831547868,0.9872435904601641,0.006467880708287973
id26464,0.9475796394407874,0.04233708248261114,0.01008327807660155
id00599,0.9530463456955872,0.002602467757955289,0.044351186546457685
id06964,0.2031438571957541,0.7891127237389578,0.007743419065288276
id21875,0.33697254200078064,0.05655240709082784,0.6064750509083915
id27488,0.933900348367686,0.053947290840174716,0.01215236079213937
id07980,0.006743243133920434,0.020745746727968126,0.9725110101381114
id12995,0.012662377206270661,0.011101333666944236,0.9762362891267851
id08094,0.028998288081844827,0.036875560740086064,0.9341261511780691
id02134,0.8899768963085273,0.027222527683954115,0.08280057600751844
id14311,0.0801011392464408,0.8829142819222017,0.03698457883135738
id06514,0.9770133480277591,0.007857811003285572,0.015128840968955394
id19775,0.02087928204795843,0.031628307595333756,0.9474924103567078
id18618,0.08789636662592284,0.815062816012683,0.097040817361394
id26593,0.9912059205930777,0.0034408520908498106,0.005353227316072367
id11975,0.01034301491369696,0.9797158317813205,0.009941153304982672
id07853,0.020037526741435132,0.006585201139067016,0.9733772721194979
id16848,0.9625145784394299,0.018414045883161808,0.019071375677408294
id11595,0.0026831344416187322,0.9905441910543632,0.006772674504018012
id24777,0.7884399239710708,0.05828461909844384,0.15327545693048536
id07824,0.9925771062231856,0.004298140247648939,0.0031247535291655175
id23007,0.015518082231508093,0.028010437333531285,0.9564714804349608
id04805,0.021004546432452482,0.042021720852602036,0.9369737327149456
id00504,0.9538551855152503,0.01759060184766577,0.02855421263708397
id24331,0.001844786483407118,0.9927503304257945,0.005404883090798463
id03914,0.020671799591891006,0.016040456171545932,0.9632877442365632
id16299,0.9894238933105082,0.007025487447536272,0.0035506192419555173
id05565,0.9782202481951523,0.011772266818327264,0.010007484986520524
id27934,0.02347715721563625,0.9611752531216448,0.015347589662718984
id17027,0.9852566841776494,0.005970858988726713,0.008772456833623843
id02785,0.4462451739202452,0.39071294885029645,0.16304187722945834
id16094,0.723541494056852,0.2403887564645389,0.036069749478609185
id22435,0.02840993500928942,0.01202497995409385,0.9595650850366169
id10586,0.05571549222612465,0.02947968601076233,0.9148048217631132
id06467,0.015817810298793387,0.9796859695726667,0.004496220128539933
id18227,0.9394238696786522,0.006198084837512351,0.0543780454838354
id02286,0.002172059113383898,0.9901834183848885,0.007644522501727467
id07393,0.04009156336981146,0.8396139256849016,0.12029451094528709
id11640,0.6157452854789157,0.3306208336150397,0.05363388090604449
id15718,0.8957242377718538,0.0034928978809627914,0.10078286434718332
id23756,0.0015089613821427947,0.9968113015829674,0.001679737034889887
id14564,0.009029371934749118,0.0072567151333190125,0.9837139129319318
id24963,0.9803825573535756,0.0039677636379032615,0.015649679008520982
id03069,0.7855481971503316,0.01788993215105414,0.1965618706986141
id24648,0.9835861922414901,0.009800649995286303,0.006613157763223691
id15920,0.37474014246624315,0.5537152500145932,0.07154460751916362
id11255,0.8171232466949646,0.018412407527305056,0.16446434577773042
id00544,0.22820482965776823,0.7499157600369976,0.02187941030523421
id13211,0.9674788918901573,0.004295109704493248,0.02822599840534949
id26285,0.9516728758658255,0.02090330284285115,0.027423821291323328
id19879,0.20665704980467026,0.06737850510671667,0.725964445088613
id21440,0.9013316860208954,0.0058084454053953195,0.09285986857370937
id09539,0.009469254425891242,0.006490051302495423,0.9840406942716133
id10781,0.004281443568120486,0.9799245378494857,0.015794018582393626
id06557,0.023005410454087223,0.007865792558840576,0.9691287969870722
id16747,0.013139269633460224,0.006344065953924182,0.9805166644126156
id14358,0.005469896134338272,0.9890453280045632,0.005484775861098547
id05250,0.9934352496642963,0.001727539833662394,0.00483721050204143
id02390,0.021466290290120427,0.02252976912031066,0.9560039405895691
id14790,0.9166338576983517,0.022940169211662007,0.06042597308998644
id14355,0.9055668030682795,0.06819350138509281,0.026239695546627806
id23157,0.9724260810698155,0.012377418984751707,0.015196499945432694
id20324,0.03293610604692316,0.06790328585939284,0.8991606080936841
id01870,0.0019962391660784612,0.9954686355783526,0.0025351252555687862
id01079,0.0028760554428487995,0.9857214744989455,0.011402470058205742
id03392,0.9881738037354747,0.004865300686391425,0.006960895578133969
id22758,0.9904128764149089,0.002029822597850926,0.007557300987240003
id05599,0.09991148883336692,0.0624484471671229,0.8376400639995103
id07189,0.00849129734380043,0.005746236093742615,0.985762466562457
id13364,0.9593956348778752,0.007959483869730638,0.032644881252394155
id00902,0.18253048729252672,0.7805554516514278,0.03691406105604533
id07164,0.9470889925947179,0.038710496544054354,0.014200510861227585
id27290,0.28781810099704297,0.11471518219250477,0.5974667168104523
id18931,0.9416476517950225,0.04305637634598838,0.015295971858989111
id22165,0.22980736779768265,0.7233039985569601,0.04688863364535712
id14677,0.06904333696308206,0.9226280526686401,0.008328610368277778
id18987,0.753736621590934,0.011018993059832042,0.235244385349234
id13143,0.0018880281897537931,0.9946038115568457,0.0035081602534004406
id18589,0.10690847832789378,0.031275275581557245,0.8618162460905491
id01635,0.0023326468718222713,0.9936133331521393,0.004054019976038357
id02661,0.021103866446205818,0.9770764315651288,0.0018197019886654006
id12463,0.004595391312212153,0.9900735837859626,0.005331024901825394
id18461,0.8991064959957275,0.0343112443605746,0.0665822596436979
id12709,0.24763238199560864,0.03529052361044752,0.7170770943939438
id11957,0.012994676498284488,0.9824974870622846,0.004507836439430916
id13040,0.6532981426240894,0.03083859207728808,0.31586326529862263
id03953,0.0864514770862373,0.05171089165472593,0.8618376312590369
id02623,0.6773508505377404,0.251241749903252,0.07140739955900771
id21479,0.018336690577105845,0.01987554516723799,0.9617877642556563
id06976,0.017216447627623817,0.9731717798202831,0.00961177255209315
id18721,0.960309568717686,0.015983041345039303,0.023707389937274857
id12043,0.01188626917754185,0.013036670943717464,0.9750770598787406
id16526,0.008103422118975214,0.9711575681007669,0.020739009780257906
id03184,0.06222489872932571,0.01153427090297685,0.9262408303676974
id23194,0.8546896591764815,0.047829177757305025,0.09748116306621342
id17544,0.7553564794868607,0.1768824831569844,0.0677610373561549
id17314,0.02059177791015609,0.019440420192156724,0.9599678018976872
id17306,0.9322666839398968,0.012516927078605144,0.055216388981498124
id11044,0.9457277749823757,0.022590181981167107,0.031682043036457136
id22762,0.927350241072089,0.003357298149737801,0.06929246077817323
id02797,0.039606013168866305,0.008849059880559965,0.9515449269505738
id13340,0.012332065133457025,0.013939329608102487,0.9737286052584405
id08131,0.9461593193547174,0.033154770907557446,0.020685909737725196
id24181,0.002976377415219731,0.9949006944260085,0.0021229281587718703
id20359,0.949925783151932,0.01954750606025258,0.030526710787815572
id14736,0.007224568503476328,0.9789331990363601,0.013842232460163516
id09362,0.9258502360172417,0.05328441630329281,0.020865347679465553
id07987,0.04367653641902972,0.023275787515637948,0.9330476760653325
id01664,0.005607025113982228,0.9897668376325445,0.004626137253473323
id00096,0.9899980419443374,0.0021131636691525354,0.007888794386509973
id01475,0.012169491809473729,0.02668982162837469,0.9611406865621516
id04020,0.040316004988814505,0.049025201990065825,0.9106587930211196
id09617,0.7887249800200866,0.018813709005089142,0.1924613109748243
id13098,0.9852365875459287,0.009919812797325343,0.004843599656745949
id19010,0.007922743293788052,0.9815891085701851,0.010488148136026904
id12754,0.9886141446451672,0.00609217333383149,0.005293682021001361
id25238,0.9523242185832359,0.005017493975482989,0.04265828744128114
id14896,0.14299982296111882,0.013429793686288315,0.8435703833525928
id16827,0.10549754524162422,0.016358770315392925,0.8781436844429829
id11685,0.07122737819999486,0.04802568024347767,0.8807469415565274
id10496,0.11997524373474955,0.07137624417978831,0.8086485120854621
id08073,0.3358141625415838,0.1490972933434247,0.5150885441149916
id08504,0.09404243133177137,0.014191900409038125,0.8917656682591905
id25872,0.005808128664570912,0.00401673202853074,0.9901751393068984
id09498,0.9325471455721039,0.060804150445728455,0.0066487039821677115
id23890,0.00695372556792018,0.9898699898267929,0.003176284605286839
id15065,0.03325175847235537,0.12398986750326517,0.8427583740243796
id11197,0.07056247289389267,0.8210718821055422,0.10836564500056525
id02832,0.057185445233723674,0.6129478011023607,0.32986675366391555
id26969,0.981315336568241,0.005682170446248197,0.013002492985510745
id25442,0.13298258911359864,0.047029655270904774,0.8199877556154966
id09727,0.015494709249347378,0.05133064679024685,0.9331746439604058
id18592,0.007278288656364122,0.0062594499473646245,0.9864622613962714
id11442,0.9768100420076353,0.009857502239861926,0.013332455752502765
id22071,0.8666669655567601,0.10781271691692852,0.02552031752631132
id09700,0.042085432040059455,0.018715512381272992,0.9391990555786675
id20265,0.9870588018284496,0.0016559118629323895,0.011285286308617911
id23687,0.9946407487923095,0.002053002181757499,0.00330624902593295
id01055,0.08440892689636678,0.9118181159591265,0.003772957144506667
id08519,0.924915784371622,0.03588623493148527,0.03919798069689276
id05922,0.9285856583786394,0.06019438232960204,0.011219959291758662
id02918,0.036855377546096336,0.959789589719081,0.0033550327348225765
id14502,0.9865332160228995,0.005682777884835888,0.007784006092264619
id01642,0.02007667749685804,0.028120539714227757,0.9518027827889142
id21251,0.9703904370940244,0.026392503599172504,0.0032170593068032113
id09673,0.05751271822450242,0.06386620019395339,0.8786210815815443
id17837,0.04183991496361747,0.015013441243400276,0.9431466437929822
id24245,0.9426201512347508,0.00688446461783899,0.05049538414741025
id15837,0.025967561792390695,0.011423836087690924,0.9626086021199184
id13077,0.01577846603929637,0.024339008372035096,0.9598825255886686
id23079,0.7313259830499895,0.23177600426275005,0.03689801268726042
id12938,0.019010983756609652,0.026685854590506628,0.9543031616528838
id12144,0.007701732765396959,0.014063012352757137,0.9782352548818459
id06882,0.9430968323433839,0.006800425512890718,0.050102742143725294
id06354,0.020236065269427877,0.004651327387625037,0.975112607342947
id23573,0.9206415526010316,0.008053416663851103,0.07130503073511715
id13800,0.00921106901563401,0.003755513704966404,0.9870334172793996
id26115,0.03086134397652793,0.15390728604182224,0.8152313699816498
id21179,0.03137798812433322,0.004792386175891256,0.9638296256997756
id00125,0.9867373994243063,0.007944277257309345,0.005318323318384283
id22600,0.08942015660868156,0.03121169378751445,0.8793681496038039
id15726,0.03545819552607588,0.015009628677490748,0.9495321757964333
id08078,0.9298228555534521,0.033686823865732816,0.03649032058081494
id20091,0.004421271435162577,0.9881275149138321,0.0074512136510053876
id00026,0.9682427878066406,0.013681458645000482,0.01807575354835897
id03698,0.9781573497172197,0.005660673157570591,0.01618197712520983
id09198,0.9349546846135385,0.01174292568260985,0.05330238970385151
id12520,0.2991849021202517,0.6842905103875553,0.016524587492192908
id16277,0.01052338683187588,0.004380619363872433,0.9850959938042517
id17964,0.00650373989938649,0.008423643590523227,0.9850726165100903
id24040,0.12274067448808906,0.8662869322356692,0.010972393276241785
id17613,0.9838193446209962,0.003761283828721769,0.012419371550282077
id00157,0.8878916686397437,0.017984831736904856,0.09412349962335158
id10012,0.2022076346790207,0.024489083511634018,0.7733032818093453
id02419,0.00970512890714561,0.0036659308838370604,0.9866289402090173
id05562,0.760881388274773,0.03259472500013846,0.20652388672508853
id09049,0.00580671250255559,0.9896393451065437,0.004553942390900766
id24915,0.05992950669861853,0.9009957933368743,0.03907469996450726
id02808,0.03763054940739747,0.18604478292896182,0.7763246676636407
id00167,0.979057263833412,0.010337298324614433,0.010605437841973727
id13451,0.990449049794027,0.004308091384549637,0.005242858821423375
id24775,0.907962123398033,0.018011603558101538,0.0740262730438654
id10240,0.002104678414955816,0.9954737730536771,0.0024215485313670193
id24597,0.9096448782484622,0.02599107630760524,0.06436404544393251
id15364,0.008948876149020886,0.9542581789719998,0.036792944878979175
id13191,0.07710287359184022,0.7820895872175808,0.14080753919057884
id09592,0.019234470830634568,0.02133625024255589,0.9594292789268096
id12083,0.06468987338819328,0.37516593106575125,0.5601441955460555
id23492,0.8718358340241823,0.03325758685563124,0.09490657912018649
id06816,0.018724005808278817,0.012038196300484845,0.9692377978912363
id16971,0.7130554916638591,0.11354406088318812,0.1734004474529528
id05675,0.9947989937150752,0.0019847883335210956,0.0032162179514036065
id23037,0.01704823933272297,0.004447395045327502,0.9785043656219495
id00399,0.7682120480379945,0.012808010910240803,0.21897994105176466
id05925,0.016890481317892704,0.08461458052458563,0.8984949381575218
id01834,0.9532224289576952,0.0401888403676445,0.006588730674660405
id20350,0.011662463495687772,0.004592606630002007,0.9837449298743103
id18961,0.3882916588364191,0.029933543391756797,0.5817747977718243
id02132,0.013272627920856296,0.9789296142195834,0.007797757859560455
id26609,0.12140213094369127,0.8737828879683767,0.004814981087932113
id16532,0.0037063853557832076,0.9769070170562754,0.019386597587941392
id23289,0.9734299467680894,0.020433865266972516,0.00613618796493817
id26621,0.993269038225183,0.003606894505122379,0.0031240672696948068
id03254,0.0033206158532489843,0.9917128381623906,0.004966545984360306
id04701,0.0643388812234377,0.027226278903396434,0.9084348398731658
id26600,0.052739344256955895,0.9395956455865793,0.007665010156464739
id16006,0.028171199601513527,0.9230909757110695,0.048737824687417046
id25724,0.01600091951853034,0.005857231571617016,0.9781418489098526
id27223,0.9704282458382584,0.0029666126555849296,0.02660514150615675
id14345,0.9695770982332131,0.024250533397359546,0.006172368369427327
id27374,0.019855975237727592,0.9297626723800806,0.05038135238219185
id21131,0.07827995545993621,0.03775173423504579,0.8839683103050181
id12410,0.9807606911898041,0.008525088828249932,0.010714219981945883
id15483,0.06682280598465885,0.28535264397691734,0.6478245500384239
id15429,0.15642551190472662,0.46376434238815983,0.37981014570711363
id25480,0.9395892900273871,0.041348970768501005,0.019061739204111815
id11453,0.03652262334654883,0.9179793100438077,0.04549806660964332
id20437,0.1745772798772732,0.7901852833252359,0.03523743679749102
id08468,0.023703262443334483,0.7504894835182102,0.22580725403845542
id22181,0.8296533744615096,0.16087465241298463,0.00947197312550576
id18810,0.9189619429400009,0.07559485366041,0.005443203399588981
id17482,0.47440461732691375,0.05363954050177876,0.47195584217130737
id22746,0.7947733166949807,0.09937512844343213,0.10585155486158712
id03107,0.9788362806366847,0.006279655976411929,0.01488406338690334
id02184,0.685899355140765,0.2853622875998867,0.028738357259348275
id25068,0.9658463703852938,0.004081334372267755,0.030072295242438606
id19154,0.32911090813703886,0.029854830830052605,0.6410342610329086
id10358,0.3057870894241471,0.6462029496292641,0.048009960946588735
id09126,0.056725155930710855,0.04609871090634144,0.8971761331629478
id05936,0.734285524543364,0.1535095227472445,0.11220495270939151
id00020,0.004990987794072913,0.9824275810503799,0.01258143115554719
id20771,0.15884954154939313,0.05820204149543917,0.7829484169551677
id00116,0.14988082745553996,0.842379192697766,0.007739979846694143
id12424,0.7698456149436068,0.007924489399832915,0.2222298956565602
id05755,0.005765287612877415,0.004840608633284801,0.9893941037538379
id27476,0.002971630654738499,0.9954403401463404,0.0015880291989211514
id02686,0.9586376706998562,0.031255165719762404,0.010107163580381495
id10234,0.9492783823400184,0.01337639386988927,0.03734522379009239
id05969,0.9702809335749139,0.003962344907338302,0.025756721517747716
id14440,0.03796974123095788,0.9541048691680419,0.007925389601000275
id09937,0.19999486426089322,0.5898479823318572,0.2101571534072495
id08238,0.003852276848365372,0.0041656583062372465,0.9919820648453974
id11090,0.09636414373897265,0.8929977674914509,0.01063808876957642
id13183,0.006239561687014494,0.0077767956474507,0.985983642665535
id25712,0.006919833654594286,0.9788481679253,0.01423199842010576
id22510,0.00876657105960231,0.005919846748767714,0.98531358219163
id19204,0.9937313937206466,0.0024879030147922265,0.003780703264561095
id05758,0.041795765343584645,0.06946787561534969,0.8887363590410655
id27063,0.6237813329545862,0.2094761756828914,0.16674249136252245
id11773,0.039336402368090294,0.0040691613171283236,0.9565944363147815
id11562,0.7317887759596178,0.01528534596772617,0.252925878072656
id16208,0.034909117732161536,0.005248145468807113,0.9598427367990313
id04036,0.050325986497105735,0.32554682355546416,0.6241271899474302
id26159,0.9746451667307156,0.010569746053723694,0.014785087215560726
id26777,0.20839188207354706,0.7574757881150421,0.03413232981141074
id08501,0.966563066184297,0.009421599006500912,0.024015334809202066
id11216,0.0019710632339195386,0.9966525203746956,0.0013764163913846943
id03410,0.3265682291501646,0.08223640730695966,0.5911953635428758
id04537,0.025351801560583528,0.009371247882408201,0.9652769505570082
id26628,0.8596733565374298,0.01935500708051108,0.12097163638205904
id01586,0.002851649600641685,0.9951424504353521,0.00200589996400624
id13421,0.3330999146301549,0.037788246176786125,0.629111839193059
id26084,0.014833656395287144,0.9679072355272587,0.017259108077454156
id05375,0.019249384160818617,0.006910637402310672,0.9738399784368708
id23212,0.976320372854356,0.018457272917337893,0.0052223542283060306
id15980,0.9846467290398516,0.006827745382950315,0.008525525577197978
id11719,0.008211217793080405,0.9890590166406626,0.002729765566256964
id13109,0.9699107777439276,0.018993875705447995,0.011095346550624451
id07156,0.9811428885665983,0.0022377759867567635,0.01661933544664516
id04893,0.7018169870454061,0.1641747527385279,0.13400826021606607
id11749,0.15998875532930534,0.037340931100780926,0.8026703135699137
id10526,0.04654214824465761,0.011187189163148363,0.942270662592194
id13477,0.9482656752338204,0.02801183264394877,0.023722492122230827
id13761,0.32798664539339495,0.045296969671003474,0.6267163849356017
id04282,0.07194010172674632,0.9256529675589613,0.002406930714292406
