id,EAP,HPL,MWS
id02310,0.01803830558560942,0.017097274719132926,0.9648644196952576
id24541,0.9806377719066921,0.009637258197684214,0.009724969895623771
id00134,0.01326153817037176,0.9725306106353302,0.014207851194298203
id27757,0.9550009343210416,0.030965433634421037,0.014033632044537298
id04081,0.74966575523668,0.19126572146865448,0.059068523294665665
id27337,0.972655445277652,0.01120959174992673,0.016134962972421396
id24265,0.9571581097530162,0.03161271752335535,0.011229172723628361
id25917,0.018423130880430072,0.08866361875342407,0.892913250366146
id04951,0.9825645437367001,0.008496866918535222,0.00893858934476467
id14549,0.9700693178973643,0.01524529513094962,0.014685386971686039
id22505,0.01823258872897174,0.054047305569072904,0.9277201057019555
id24002,0.011439772770495257,0.9798456386740693,0.008714588555435427
id18982,0.3518033446086132,0.5910901185142424,0.05710653687714451
id15181,0.1421394099829183,0.8402783316066381,0.017582258410443696
id21888,0.9576666098345318,0.021965369869285666,0.02036802029618252
id12035,0.015720864156025582,0.009777962777486153,0.9745011730664882
id17991,0.8459346596531898,0.06821922477137704,0.0858461155754332
id10707,0.9828855583013212,0.008386162204398648,0.008728279494280214
id07101,0.09439381725872248,0.013054149990150284,0.8925520327511273
id00345,0.43830498320438993,0.515287909914007,0.04640710688160308
id05912,0.8770094699717729,0.032889035403353487,0.09010149462487363
id13443,0.9168427667968022,0.03129794865741783,0.051859284545780024
id09248,0.8812587797454021,0.04786716345225556,0.07087405680234239
id17542,0.06506394004133753,0.8193365636629026,0.11559949629576002
id06995,0.019720511830851876,0.009470039881746304,0.9708094482874019
id25159,0.9382843470575919,0.020402804471834252,0.04131284847057373
id25729,0.04207371365804434,0.9369596394610021,0.02096664688095363
id26949,0.9635956564247128,0.017154112916163748,0.019250230659123582
id27191,0.044010744454588004,0.014919927035682557,0.9410693285097295
id07668,0.09395184873351875,0.009177819347251119,0.8968703319192303
id02230,0.12132069012523207,0.050836346379174564,0.8278429634955933
id15553,0.9766953251875565,0.008239241778456101,0.015065433033987424
id25688,0.013359340917801587,0.9764387897436304,0.010201869338568018
id17545,0.9281488148694083,0.053525285099054846,0.018325900031536814
id13929,0.0795668951171061,0.05259181868908967,0.8678412861938043
id12880,0.021276399734006163,0.9642900987267671,0.014433501539226597
id19282,0.8918432292683357,0.048867542636879445,0.059289228094784735
id14690,0.01445514665839298,0.012420403956346335,0.9731244493852608
id17975,0.7099050031865239,0.2516160810790489,0.03847891573442703
id08037,0.9597357928041321,0.009090820358054847,0.03117338683781314
id15412,0.16871482895791692,0.019979058836034368,0.8113061122060486
id25032,0.11019093851888181,0.03656829299372264,0.8532407684873956
id27165,0.9724238001228663,0.015667766962384554,0.011908432914749108
id03327,0.9691854786751571,0.014233550399875216,0.016580970924967627
id18515,0.9257672914631644,0.02303249197279805,0.05120021656403772
id21003,0.03679230015098159,0.009437144115480517,0.953770555733538
id23855,0.0101680817344243,0.9684776192333681,0.02135429903220748
id20724,0.9388764475708592,0.025658264936240203,0.035465287492900496
id13303,0.4606763653154036,0.08740085029258608,0.4519227843920104
id16521,0.012874475684024245,0.9620388085800757,0.025086715735900118
id20775,0.9776158105129228,0.010961419315400482,0.011422770171676765
id13029,0.9580437778926058,0.0191504687930967,0.022805753314297548
id14660,0.8945828236389979,0.07660495599545507,0.028812220365547186
id11028,0.014270505194752297,0.00842916827479116,0.9773003265304566
id14180,0.9626259432021725,0.015405970100862445,0.021968086696965053
id25860,0.9795164672314145,0.00973348118350416,0.010750051585081327
id11910,0.05327477309702115,0.011431146081345182,0.9352940808216338
id08065,0.02364232046510902,0.01964877920873534,0.9567089003261555
id22674,0.012082979946781647,0.014362468287197812,0.9735545517660207
id25018,0.10115319235846475,0.01679679202011101,0.8820500156214243
id10892,0.012875742676476983,0.9773901632150774,0.009734094108445562
id10217,0.07623045890905367,0.9091558833330573,0.01461365775788913
id12996,0.6941529712560945,0.04087084986799561,0.2649761788759099
id18262,0.9357578546510587,0.04258000212911078,0.02166214321983062
id08606,0.012645908080598624,0.9782331207906814,0.00912097112871991
id17233,0.7933409152328925,0.050225895471906895,0.15643318929520064
id00101,0.05996997370442048,0.9146478727285604,0.02538215356701923
id12225,0.8989469504286657,0.032811839690301464,0.0682412098810327
id01364,0.018918482387634872,0.9686838736729189,0.012397643939446147
id24973,0.9322428684191212,0.014560544446156952,0.05319658713472202
id25363,0.890492759869705,0.02164826520249334,0.08785897492780176
id10061,0.06281769649348616,0.014068687312307792,0.923113616194206
id17673,0.04368930555926384,0.8125911632237112,0.14371953121702508
id13249,0.890825711304048,0.02027463680298304,0.08889965189296886
id10107,0.05801220890346661,0.0278554363949259,0.9141323547016075
id04403,0.9786502834095419,0.009489717133163749,0.011859999457294485
id25728,0.9128600150267366,0.055694194983773856,0.031445789989489416
id16184,0.8815182743899213,0.0641321511919416,0.05434957441813707
id03438,0.2116918003146122,0.023455869109823377,0.7648523305755645
id22923,0.011171139336047981,0.9803562484451256,0.008472612218826262
id08610,0.9688850897557866,0.016919318942888967,0.014195591301324577
id25355,0.033707634671670116,0.03313610962720064,0.9331562557011294
id16916,0.9133775924449896,0.06595967749236842,0.020662730062642076
id12793,0.10982387104042354,0.8634177614911094,0.02675836746846701
id11859,0.8140524223091945,0.01972101321794454,0.16622656447286105
id02434,0.9819929548526469,0.00910424345894892,0.00890280168840417
id27703,0.022579364106106156,0.011196871737932821,0.9662237641559611
id25212,0.014575609964038077,0.942046966209142,0.04337742382681988
id11308,0.02079351729380219,0.021052849462558965,0.9581536332436388
id26094,0.9672595098713471,0.0177986562145062,0.01494183391414659
id22080,0.8939495361351096,0.05372615569217638,0.05232430817271398
id03545,0.9703322566077136,0.016108886877563934,0.013558856514722469
id23725,0.04579639990590208,0.01801654424561377,0.936187055848484
id12009,0.9157092003701227,0.0710151895443736,0.01327561008550363
id24241,0.3049190247769321,0.06910262529004063,0.6259783499330274
id03596,0.012691816978094177,0.9758490241216355,0.011459158900270213
id10749,0.06484479108332675,0.9089506343873649,0.02620457452930822
id22794,0.017540646713353453,0.026718485446822718,0.9557408678398239
id15482,0.04152821282019627,0.8940230024060482,0.06444878477375564
id04833,0.9577030579896045,0.02923427071036365,0.013062671300031876
id00397,0.016290811707710805,0.008482508714131861,0.9752266795781575
id14691,0.03265049976813155,0.032722394468918926,0.9346271057629494
id05193,0.04179969998135094,0.024249670154227163,0.933950629864422
id19541,0.9736727551114706,0.010016263850179574,0.016310981038349725
id22166,0.023114544682641618,0.009348375330409303,0.967537079986949
id20744,0.012275884510915627,0.00864306348953,0.9790810519995544
id10392,0.011021777130221106,0.00906602512528666,0.9799121977444922
id00770,0.9685695628228552,0.013785357683018005,0.017645079494126827
id06018,0.906646245892056,0.08473679129871213,0.008616962809231753
id15678,0.07185325148267323,0.024269315576699445,0.9038774329406273
id08305,0.9614175825524398,0.02053059305962687,0.01805182438793343
id08903,0.057151155423293666,0.021286649585425643,0.9215621949912808
id14752,0.055757848856462844,0.8667246442544814,0.07751750688905593
id12468,0.01304759057074803,0.9767813101990647,0.010171099230187313
id05085,0.031257695746070284,0.9564441558821692,0.012298148371760496
id21993,0.040780720041020575,0.012825902224963865,0.9463933777340157
id15503,0.875041963220952,0.10353800839442505,0.021420028384623084
id03021,0.0167104847023164,0.95732307038211,0.025966444915573515
id16123,0.9409826115202735,0.04330560519710124,0.01571178328262525
id19383,0.8806928761198803,0.0683525125849223,0.05095461129519733
id04186,0.9739993962347547,0.011084720393654199,0.014915883371591226
id17954,0.0125973095414407,0.009563197977297037,0.9778394924812621
id12030,0.21713681950205088,0.0423079664555095,0.7405552140424397
id13020,0.803676821370525,0.1499679435529778,0.046355235076497275
id25327,0.01974761862392592,0.8926662521721663,0.08758612920390764
id16344,0.12468790128353927,0.29985755870045866,0.575454540016002
id12303,0.11865207057599059,0.8548263027677077,0.026521626656301613
id15017,0.9205344481818677,0.06551022115913684,0.013955330658995548
id22308,0.02940188185502476,0.019292135986687744,0.9513059821582875
id06536,0.01783418058118047,0.009047887707161124,0.9731179317116585
id19797,0.028945360082602265,0.9515438144039028,0.019510825513494992
id06332,0.9069345773271336,0.02325582579800562,0.0698095968748609
id22941,0.048011215969171885,0.05858702031531272,0.8934017637155155
id13547,0.06779388680369171,0.038556572966791526,0.8936495402295167
id06928,0.021207849192021584,0.010441368290732026,0.9683507825172464
id12521,0.9357617103070652,0.0325683076506055,0.03166998204232921
id25716,0.5397153948325841,0.02762936891658961,0.4326552362508263
id27116,0.02689965593506584,0.010600463642295426,0.9624998804226388
id19941,0.02128527955766095,0.9642489517157147,0.014465768726624242
id05711,0.013163914862858261,0.008915919325417753,0.9779201658117239
id02097,0.019082976589086417,0.019376375735814945,0.9615406476750987
id03563,0.009547884996421462,0.981454225685277,0.008997889318301757
id02295,0.07067413720129569,0.9108596801675144,0.01846618263118996
id08179,0.9803094145070729,0.008738998469657097,0.010951587023270126
id05332,0.04445678225216912,0.9393497515732536,0.016193466174577186
id15697,0.5939523998315444,0.03916717506546182,0.36688042510299385
id17026,0.07724084693841203,0.02413033117402509,0.8986288218875628
id04243,0.9498851427164908,0.04109333419750281,0.009021523086006449
id13175,0.9343572426653436,0.02100317036198455,0.04463958697267181
id05387,0.7123452458581598,0.07828600262213248,0.20936875151970757
id19989,0.920173078765053,0.05820886486728833,0.021618056367658664
id25173,0.03642411489641925,0.04686689016622651,0.9167089949373541
id08925,0.057664718833768225,0.9263958524398539,0.015939428726378
id03034,0.019417775148353664,0.9673472761785995,0.013234948673047007
id13272,0.021637132204665354,0.9569255519257921,0.02143731586954266
id07956,0.10166664016256445,0.01677534337109428,0.8815580164663414
id02648,0.09901746602606765,0.017565422565553535,0.8834171114083788
id01778,0.031088293109698004,0.029643589743453973,0.9392681171468481
id12846,0.017967293004568924,0.02273405176859653,0.9592986552268347
id19001,0.9270336153852513,0.017045955447312425,0.055920429167436385
id05763,0.9331944189821474,0.02977373829210077,0.03703184272575197
id15590,0.027106903656769998,0.008528363001391728,0.9643647333418381
id04912,0.9388061217356138,0.037538619930459725,0.023655258333926357
id21201,0.8061041291130349,0.052701272130721864,0.1411945987562431
id13215,0.6318900080174071,0.018796585134156763,0.34931340684843626
id15612,0.0366539210591047,0.9452510448976766,0.01809503404321858
id18501,0.13236979275004737,0.03260068012443995,0.8350295271255127
id07223,0.8406370540558655,0.05978831736467001,0.09957462857946439
id06707,0.04068040222222279,0.0650195010946622,0.8943000966831149
id05238,0.01070209385617518,0.9784985360803498,0.010799370063475157
id00935,0.01991582814820091,0.03138893229331555,0.9486952395584836
id00110,0.9545707593002897,0.018543089866576642,0.0268861508331337
id17476,0.8347429186711793,0.11168704523008063,0.05357003609873994
id15170,0.9679316321025105,0.02011131176669991,0.0119570561307896
id13397,0.16508701321179178,0.6568649197844998,0.1780480670037085
id24283,0.947089936786566,0.04075010603335387,0.012159957180080264
id15234,0.9722994613780156,0.010821580159853116,0.016878958462131145
id16884,0.06368379879693145,0.8933299120408549,0.0429862891622136
id07831,0.060710801913182365,0.9134686998931836,0.025820498193633943
id16038,0.918981935033359,0.05804984582891735,0.022968219137723813
id03629,0.9625183123296902,0.022113135177607702,0.01536855249270201
id21019,0.9634675778503731,0.015871940102021344,0.020660482047605525
id21835,0.5750190248766647,0.09973215311680003,0.3252488220065354
id04480,0.022988499008282835,0.9663349424331451,0.010676558558571962
id20838,0.0680768867503455,0.8969951328213664,0.034927980428288125
id24195,0.7969593690455115,0.03305577288859819,0.1699848580658905
id05448,0.9651805950392651,0.020883419822718022,0.013935985138016912
id15957,0.013890472163472762,0.9736104499342587,0.012499077902268606
id19956,0.016386751824182175,0.00963376486635579,0.973979483309462
id15104,0.0273573351646718,0.03364126666158706,0.9390013981737412
id17559,0.9304949115118482,0.05434235609602673,0.01516273239212513
id16839,0.23509864411974984,0.6803687411178613,0.0845326147623888
id14493,0.8625551320723899,0.01955568545653948,0.1178891824710707
id08833,0.9033549475443826,0.019940179407910433,0.07670487304770701
id15723,0.0528144887955061,0.02036153696698269,0.9268239742375113
id02716,0.9720146486046882,0.008584002092270386,0.019401349303041285
id06689,0.058624172677524095,0.9273294482688993,0.01404637905357665
id18837,0.03809607976081581,0.010234353528560813,0.9516695667106233
id04466,0.960183861652787,0.017270512710886764,0.022545625636326092
id00686,0.9570947329263902,0.01581402591284887,0.027091241160761052
id09010,0.02346265768693558,0.9592895011342243,0.017247841178840217
id23353,0.9744803719526975,0.012171184405776232,0.01334844364152632
id00066,0.6735904615036854,0.2842129500554126,0.04219658844090192
id15724,0.0676112302068272,0.9119116941930073,0.020477075600165352
id23486,0.039550588446904,0.010626928334798532,0.9498224832182974
id22258,0.02237155085838838,0.01813517687166716,0.9594932722699444
id02292,0.8976363991162312,0.06566991759431265,0.03669368328945613
id16356,0.06704356696878062,0.029073622159701596,0.9038828108715179
id00235,0.9445387417058021,0.011939559902064734,0.043521698392132976
id25522,0.04019778004284327,0.012583464718288959,0.9472187552388679
id04204,0.02244324929021306,0.9678296308489637,0.009727119860823441
id22016,0.7360584481102268,0.032876106061448494,0.23106544582832456
id06480,0.01907400757913533,0.965009862776412,0.015916129644452787
id08718,0.061728054559131856,0.010732206374960576,0.9275397390659076
id05251,0.014524173432397229,0.9726327630133837,0.01284306355421905
id03359,0.7024160620878486,0.18670763594242037,0.11087630196973103
id16117,0.01978856497157736,0.01740937866529981,0.9628020563631229
id17000,0.011059139379990961,0.9771187787252442,0.011822081894764759
id01730,0.02666165835600205,0.9631646158166955,0.010173725827302285
id00630,0.970240337382677,0.019985315026383895,0.009774347590939021
id18175,0.4236401027867884,0.032098237809648524,0.5442616594035632
id00907,0.9065857465768753,0.03430815381677232,0.0591060996063524
id18251,0.014707114775118343,0.9760499082713201,0.009242976953561572
id25861,0.899035897625884,0.058787704968204645,0.04217639740591143
id00398,0.9395892969738777,0.02633388993959334,0.0340768130865288
id27573,0.9830677318608239,0.008250243610332705,0.008682024528843287
id10022,0.023620251821709,0.8590580863626304,0.11732166181566069
id15901,0.02329085573443578,0.008483809683275355,0.9682253345822889
id00451,0.05724195461864301,0.02863668371150245,0.9141213616698547
id23129,0.017132817609767335,0.9736863017861259,0.009180880604106783
id26498,0.10082602758751583,0.8604435058498424,0.03873046656264167
id14741,0.016257021599680982,0.9754832897837467,0.008259688616572397
id18453,0.10639273414652325,0.04577478606252002,0.8478324797909568
id08309,0.8508876327011015,0.12619198616325827,0.022920381135640454
id00320,0.9665956923641846,0.022281588462032122,0.011122719173783284
id07688,0.1185595579116849,0.029037736809465742,0.8524027052788494
id01556,0.03562755094471262,0.01207309328926967,0.9522993557660177
id00178,0.24338241255874732,0.046780351036454254,0.7098372364047986
id18902,0.01482254481173055,0.011957617519225965,0.9732198376690434
id27002,0.923408038666124,0.06165313428971362,0.014938827044162538
id21418,0.9437095820994109,0.03158946616243249,0.024700951738156514
id23018,0.8913089080727282,0.037330194458545005,0.07136089746872684
id07032,0.8699678395667826,0.014480182772473687,0.11555197766074367
id16195,0.873532027402558,0.037572458533320904,0.088895514064121
id11202,0.06115089319201776,0.926361053249414,0.012488053558568194
id09578,0.9423519575590754,0.01764879705424022,0.039999245386684465
id26984,0.9045336505244995,0.01846014525589214,0.07700620421960823
id19856,0.010699559145439873,0.9799256101313745,0.009374830723185656
id12086,0.15596773483297302,0.04086865083452265,0.8031636143325044
id12052,0.024840746974857768,0.02200165739976827,0.953157595625374
id17728,0.013823067633322887,0.010611897459878875,0.9755650349067981
id24608,0.8838761850979415,0.07286794957751028,0.04325586532454812
id21097,0.5222500864983234,0.28503458049686814,0.19271533300480848
id20179,0.011470912784274994,0.0091382486608704,0.9793908385548545
id15144,0.11484412560433076,0.8509386018621269,0.034217272533542356
id00206,0.9817353934318133,0.008349472554479565,0.00991513401370733
id22285,0.046955114138188994,0.0379396891692351,0.915105196692576
id06417,0.04918013795833947,0.9331615565633234,0.017658305478337015
id00215,0.020360865002225444,0.970004580443682,0.009634554554092538
id04201,0.7516462661913206,0.03425060232763093,0.21410313148104854
id21771,0.9412352750989195,0.03969737193923016,0.019067352961850206
id12451,0.03303460490287323,0.6431305858308906,0.3238348092662361
id14250,0.02361102364687767,0.9212460321049781,0.0551429442481441
id03433,0.023856371783482454,0.9538101428355399,0.02233348538097755
id03303,0.023627449750775263,0.013710324322864209,0.9626622259263606
id25901,0.7282756119965329,0.1595756563752103,0.11214873162825684
id06945,0.9140040521864934,0.015945489896822544,0.07005045791668398
id05664,0.9633707423147009,0.017788098594761402,0.018841159090537636
id05741,0.980017212937172,0.008502937902275375,0.011479849160552691
id10652,0.9463367680229097,0.01701608118592561,0.03664715079116463
id16300,0.9800007879982265,0.00898470502240064,0.011014506979372927
id12319,0.9546217100954953,0.023173993880488585,0.022204296024016103
id07500,0.01818987091800996,0.9717211354359356,0.010088993646054348
id12478,0.44706282328910696,0.4876726376195846,0.06526453909130848
id03076,0.03312420552233167,0.011083869634009542,0.9557919248436588
id00969,0.0371350832386456,0.9379798498340548,0.024885066927299714
id23636,0.06314270518468308,0.8960224629949236,0.040834831820393366
id09791,0.030960928828535916,0.04420547034205684,0.9248336008294074
id05680,0.01283037993007422,0.9536988906767448,0.03347072939318087
id03672,0.027453470699341686,0.9108813098772809,0.06166521942337734
id04286,0.013953936045471066,0.9298202738834621,0.05622579007106674
id23883,0.013936462811810131,0.013948826929132655,0.9721147102590573
id11914,0.040151604118124115,0.015411209880506377,0.9444371860013694
id20974,0.01111125165998372,0.9799166523849135,0.008972095955102758
id26125,0.5050243428353446,0.03845455343543765,0.45652110372921767
id15543,0.8613386316430379,0.05285469530602458,0.08580667305093763
id19471,0.971513965290162,0.016298580195021582,0.012187454514816334
id11503,0.8810606373537123,0.0905169843498871,0.028422378296400666
id09321,0.03479529500641006,0.9195096755381755,0.04569502945541431
id25560,0.010067444751591888,0.009653675724307125,0.9802788795241011
id06726,0.7907824235990414,0.13397243920088875,0.07524513720006985
id05709,0.9674836747475477,0.009896968308966556,0.02261935694348581
id09788,0.0441971041542095,0.6826206146787119,0.27318228116707866
id05289,0.968488630174319,0.017782430126345693,0.01372893969933544
id11815,0.021134808238172022,0.9674648231890935,0.011400368572734366
id22422,0.9569127612628251,0.01470817268563432,0.028379066051540544
id25954,0.9333704704457318,0.0276239390635347,0.03900559049073342
id13601,0.8926908205868045,0.07804057793960537,0.029268601473590165
id05677,0.8346328766573884,0.027780322040192117,0.13758680130241946
id10498,0.02809061086922969,0.9564231369040808,0.015486252226689552
id02665,0.952506420826241,0.030975180213653197,0.01651839896010592
id10114,0.021064626706630087,0.9524229425662495,0.02651243072712051
id26314,0.9680594023505025,0.02161017064977225,0.010330426999725082
id21240,0.0631192805008071,0.051726071895328594,0.8851546476038644
id15569,0.9804026999828002,0.010447849778349543,0.00914945023885039
id25928,0.8073285286069432,0.04452105528204003,0.14815041611101673
id22706,0.017749802269243244,0.9714618476443041,0.010788350086452674
id20877,0.009296432091954798,0.9803728627628194,0.010330705145225706
id04318,0.9700371276672171,0.014319058621476321,0.01564381371130678
id18299,0.876152982419853,0.038660309812874674,0.08518670776727229
id08126,0.013798482709820505,0.019248033288292842,0.9669534840018867
id14293,0.08291333173184666,0.019624232043318174,0.8974624362248352
id12759,0.9757905270717531,0.009360657580967739,0.014848815347279064
id11983,0.1250657025051743,0.030118934436782964,0.8448153630580427
id05580,0.8831918880413768,0.06083043646342582,0.05597767549519723
id25846,0.6918177615129897,0.15630684749814105,0.15187539098886926
id01939,0.9424581185387364,0.021237657311739034,0.03630422414952448
id26327,0.5937062046522478,0.23633917364170237,0.16995462170604977
id11068,0.011767815162102485,0.009003130903694565,0.979229053934203
id08404,0.6754152954954492,0.03488121041737821,0.2897034940871725
id27189,0.06988581793028036,0.9179738036155519,0.012140378454167829
id15119,0.012818556581505103,0.9703806948243272,0.016800748594167646
id26525,0.9676633761097505,0.014654566819233668,0.01768205707101594
id03618,0.6667983142156297,0.2360479338748496,0.09715375190952076
id27220,0.9448911615132058,0.04246526693106709,0.012643571555726929
id18777,0.018294775526733413,0.009850311605761814,0.9718549128675048
id20213,0.9455581922911949,0.03217408605453029,0.02226772165427494
id20403,0.9575057959240352,0.012174293641609206,0.030319910434355737
id03777,0.015023243550386275,0.0895544142270307,0.895422342222583
id10595,0.18225098445300575,0.7734513458625273,0.04429766968446691
id13816,0.10001254657631917,0.03863296311588239,0.8613544903077985
id05667,0.01942245633509393,0.010668114508145766,0.9699094291567604
id24629,0.963172874886887,0.015411035896525772,0.02141608921658716
id20398,0.0943452437939653,0.03723080828370337,0.8684239479223315
id14108,0.012055777113708005,0.008996198760955214,0.9789480241253367
id06196,0.009328876454204632,0.981893508928463,0.008777614617332383
id02800,0.9281900153480288,0.04031722057619215,0.03149276407577911
id18732,0.010054137844526011,0.9784557314731369,0.011490130682336978
id11915,0.03406383590773337,0.9469407297089988,0.01899543438326776
id09739,0.9530719762447599,0.031790169373748046,0.01513785438149193
id24672,0.9526373427738097,0.010509188783977904,0.036853468442212406
id00414,0.017462782613641627,0.009292328491433173,0.9732448888949251
id16307,0.9311631607638748,0.01925383692910601,0.04958300230701906
id14043,0.395350701855348,0.03522143664505902,0.5694278614995929
id00517,0.010020006274423988,0.00840206514652777,0.9815779285790482
id09744,0.9772185578275542,0.012481501532967563,0.010299940639478145
id19257,0.9819056459359221,0.009516244046736315,0.008578110017341595
id15437,0.05220839342919377,0.9219302145664054,0.025861392004400862
id16352,0.10217988751506618,0.02645905129548573,0.8713610611894482
id18849,0.08755660434885584,0.0241061261056104,0.8883372695455337
id19434,0.009868903590673113,0.9818475207946844,0.008283575614642394
id17928,0.029411821550538616,0.06020077267035015,0.9103874057791113
id16896,0.0201862501289124,0.026141643783759442,0.9536721060873282
id02135,0.16588650073803338,0.6961595369984026,0.13795396226356418
id15075,0.9818380671925946,0.008872927462032384,0.009289005345372945
id27486,0.011969604249154688,0.9780366503430952,0.009993745407750287
id19422,0.851418181233101,0.11564949710838746,0.0329323216585117
id09603,0.8769689712901599,0.07983936569401251,0.0431916630158275
id02133,0.031958587251756196,0.9465029589473659,0.021538453800877832
id03441,0.9510190813623352,0.008887237441417707,0.04009368119624705
id02398,0.020275822107047353,0.9710582443116652,0.008665933581287342
id05152,0.021937325509987327,0.016178167098366884,0.9618845073916459
id17838,0.7301398636237666,0.02404008105841466,0.24582005531781878
id25060,0.9458707426256333,0.010691306500682209,0.043437950873684614
id09998,0.025274294205567264,0.01433112541157694,0.9603945803828557
id01828,0.12365682615241252,0.7735911054939382,0.10275206835364928
id25377,0.20523428392360613,0.027601886255420465,0.7671638298209735
id22175,0.02132920263880931,0.9682890000512133,0.010381797309977386
id02974,0.021823664621783704,0.045755024354478466,0.9324213110237377
id26955,0.9777373253971289,0.01162634725070492,0.010636327352166217
id21091,0.9103783780080653,0.01919168136331458,0.07042994062862018
id12802,0.9263629088778608,0.054115186478851364,0.01952190464328781
id07432,0.02273225820288283,0.9480434509383602,0.029224290858757117
id18749,0.09092510906751278,0.8776967739448244,0.031378116987662755
id15030,0.010917316787142263,0.01597169233620996,0.9731109908766478
id17155,0.0216020423259428,0.9587620681704514,0.019635889503605772
id08128,0.021397492908091138,0.8869681674492204,0.09163433964268862
id25706,0.024229506854249804,0.9589759004340609,0.016794592711689423
id15645,0.9811194655074785,0.009437719005317884,0.009442815487203517
id04943,0.3976565317149294,0.5606736432896837,0.04166982499538688
id27566,0.01663479086644223,0.010860724627428276,0.9725044845061296
id11765,0.029376809982898742,0.04190882936674478,0.9287143606503565
id13783,0.2900460937546817,0.5271422161735256,0.18281169007179277
id00492,0.02055415188331442,0.013042582220003762,0.9664032658966817
id27636,0.21130089490361686,0.03307170176339138,0.7556274033329917
id04273,0.879409370837085,0.061405938224000756,0.05918469093891413
id02537,0.05666727957727693,0.041867334898992734,0.9014653855237305
id24349,0.9790608814290521,0.009772704625239687,0.01116641394570809
id00023,0.013718510812344887,0.9685770027689989,0.01770448641865621
id23025,0.09445018695885224,0.8935299381293361,0.012019874911811588
id08722,0.9125004696995878,0.05683438071947121,0.030665149580940965
id02420,0.976161945919451,0.014613218650267365,0.009224835430281627
id10811,0.9423867982644399,0.020277635772677563,0.0373355659628824
id04019,0.02832228117424732,0.0150561413581511,0.9566215774676017
id18334,0.9778138227147221,0.01224215301124789,0.009944024274030178
id16781,0.9583086125678962,0.024461052388330864,0.017230335043772995
id08773,0.3498946932377691,0.6179176445904435,0.032187662171787514
id19214,0.9225128526118409,0.056161025187166355,0.021326122200992777
id09589,0.008957305709390366,0.9827152912724126,0.008327403018197033
id24246,0.950045076415645,0.0397933824188409,0.01016154116551425
id23577,0.8336716091019022,0.1399497586139265,0.026378632284171255
id09305,0.9267093752571707,0.025443112473969572,0.04784751226885979
id16460,0.117590551223987,0.04682703403785284,0.8355824147381603
id21115,0.8316749883590687,0.02825803468702854,0.1400669769539028
id25996,0.7082501004200341,0.04701493247638807,0.24473496710357784
id02551,0.01140661042832552,0.013187077333689944,0.9754063122379845
id19352,0.012830210144011193,0.008718281174542214,0.9784515086814467
id03806,0.06423602907828886,0.023602266282175207,0.9121617046395359
id26544,0.8648220933125742,0.017417050316890625,0.11776085637053513
id18761,0.9458774660548586,0.02237772184004479,0.03174481210509674
id24148,0.0244754869377978,0.9633050754227599,0.012219437639442412
id16095,0.03398961494554622,0.941989694135604,0.02402069091884992
id18442,0.9356423968180175,0.03130610012988441,0.033051503052098176
id22596,0.010978892237553365,0.008812024866746947,0.9802090828956996
id23002,0.25089063941580353,0.029379793728625356,0.7197295668555713
id04797,0.9785113488714833,0.010437821174296131,0.011050829954220449
id06610,0.06750288416409234,0.013783399955411826,0.9187137158804958
id16173,0.7718498164867558,0.09738900063270145,0.1307611828805428
id18292,0.020456047578187524,0.0415475142473273,0.9379964381744851
id27328,0.9755957479407138,0.01198920140404952,0.012415050655236763
id01695,0.01551624018793082,0.9752961501347641,0.009187609677305149
id05761,0.8525965179294769,0.026575163396152398,0.12082831867437085
id16354,0.9715292813846177,0.010714251951932879,0.01775646666344949
id12207,0.5260617345891235,0.37452439828623074,0.09941386712464577
id05665,0.04432711733053697,0.015609255526848517,0.9400636271426146
id01911,0.9746463205136002,0.013404904283018111,0.011948775203381737
id19153,0.038735901935959244,0.011739027008135505,0.9495250710559052
id10295,0.9590402299168727,0.015471667121092861,0.025488102962034517
id23038,0.8047996964982704,0.05510027045715825,0.14010003304457125
id23783,0.020409221010003573,0.9621381680537279,0.017452610936268553
id27879,0.9714784624671196,0.015961523811311093,0.012560013721569254
id19190,0.010390192248604475,0.9812221289698506,0.008387678781544953
id05065,0.8115469986425898,0.14265962357357448,0.04579337778383584
id21296,0.10865978503124876,0.8726605866807068,0.018679628288044342
id13262,0.0767975878896746,0.04410225874358656,0.879100153366739
id10333,0.2499478439958907,0.05959947936664111,0.6904526766374681
id16677,0.13961604030022084,0.806198141379477,0.054185818320302115
id01392,0.08058811185476743,0.022393354910830127,0.8970185332344025
id27874,0.9104998921756765,0.051617606190553625,0.037882501633769945
id02294,0.6275758618470721,0.13806211574073485,0.2343620224121931
id18298,0.017167568496923243,0.01517178906669192,0.9676606424363847
id06997,0.979789347529318,0.008622289657677699,0.01158836281300444
id05243,0.4282120031458192,0.3753739751166186,0.19641402173756237
id00860,0.034034856582646635,0.8349161975728115,0.13104894584454188
id26681,0.9725210104725835,0.012096015076316658,0.015382974451099875
id06020,0.09825999664384336,0.008520392701282948,0.8932196106548737
id27683,0.7052127934951811,0.14993182443745728,0.14485538206736173
id17655,0.021596385834955125,0.962868975439017,0.015534638726027755
id08817,0.041693020280269166,0.012293681529428176,0.9460132981903027
id11512,0.011426278903903424,0.029617565968453673,0.958956155127643
id00478,0.0490014931881306,0.03604043105075435,0.914958075761115
id02116,0.9652717710978423,0.015228869972753838,0.0194993589294039
id06746,0.9596922022673168,0.016954858229035103,0.023352939503648026
id03863,0.8607828579406015,0.07153120935766488,0.06768593270173366
id01802,0.07464865036596278,0.753085296364648,0.17226605326938924
id11682,0.8712575236363639,0.07884994281852643,0.04989253354510965
id04033,0.04642269091276433,0.9426451539629891,0.010932155124246612
id09286,0.05008693408480524,0.8889443256831164,0.06096874023207826
id12904,0.9784825379503891,0.011489380642932553,0.010028081406678168
id07420,0.015414174592616679,0.014762012472880011,0.9698238129345034
id22398,0.009377767391061153,0.981642649307808,0.008979583301130764
id00424,0.015079271009116274,0.00936550539787348,0.9755552235930102
id20960,0.9642137925556665,0.019961778931096522,0.015824428513237013
id10267,0.050225168165529355,0.9400342106978234,0.009740621136647268
id19330,0.30367807788322443,0.0335113304212567,0.6628105916955189
id00994,0.013174283677421317,0.9661044660806432,0.020721250241935447
id10785,0.9252225117248003,0.0291391080317768,0.04563838024342293
id00955,0.046631287990721706,0.9244262843506844,0.028942427658593783
id09757,0.009436238649129654,0.9796307160232227,0.010933045327647556
id10030,0.039124628856996364,0.015556428116193469,0.9453189430268102
id22952,0.01611412732335574,0.015142162843689744,0.9687437098329544
id21955,0.011502133037756457,0.011718353465635335,0.9767795134966083
id07674,0.44955149110254,0.45701332938044437,0.09343517951701556
id13760,0.02447793302743739,0.9630342858731072,0.012487781099455282
id18166,0.9800168766923828,0.009377304423960106,0.010605818883657081
id23498,0.8940338979947605,0.054618982341567944,0.05134711966367148
id05296,0.9793959128149139,0.010403123577803548,0.010200963607282579
id26709,0.9529491348679209,0.021061066732541302,0.025989798399537682
id02853,0.9404691814082856,0.044352892341472244,0.01517792625024209
id06800,0.3395263552855857,0.07064857265073939,0.589825072063675
id14758,0.02201281560469025,0.9610996654751247,0.016887518920184925
id12356,0.9820173975212428,0.008771650120446681,0.009210952358310575
id21492,0.889646516671424,0.08539777427673799,0.024955709051838013
id27540,0.09440395998885767,0.0362269608055481,0.8693690792055941
id07376,0.1215709847378233,0.7165143595181241,0.1619146557440526
id15201,0.059766074042344006,0.9060282687441324,0.034205657213523664
id23388,0.010985792918119174,0.9764896640756494,0.012524543006231442
id13923,0.010398756685860364,0.9811709403018857,0.008430303012254076
id00794,0.009899087974083497,0.9768880188947374,0.013212893131178986
id23910,0.035104706628040785,0.009959964590112575,0.9549353287818467
id02556,0.048011740459477315,0.07861851766251432,0.8733697418780083
id22151,0.009939656143042463,0.9814881796723897,0.008572164184567979
id11698,0.024833530373240147,0.9528065132568084,0.022359956369951323
id11627,0.8146400738559254,0.052167308668841776,0.13319261747523276
id06340,0.9663667537300978,0.020182721238709442,0.013450525031192657
id05123,0.9783897398885509,0.01009248513308348,0.011517774978365477
id26620,0.012017444751798691,0.008740575965101484,0.9792419792830998
id04002,0.016695511273277786,0.061552235993764,0.9217522527329582
id26554,0.7210715987069123,0.08010230526556361,0.1988260960275243
id18012,0.033001990323945615,0.02582117418621745,0.9411768354898369
id12964,0.7130633345856644,0.036455454785017036,0.2504812106293185
id18965,0.01932905856780269,0.11094521194040345,0.8697257294917939
id19082,0.03959641978181397,0.012167740486366227,0.9482358397318198
id26742,0.051747899182702374,0.008952726404782356,0.9392993744125152
id15442,0.07031007671622548,0.9192833893045143,0.010406533979260137
id16647,0.41350715929548953,0.037349223957639725,0.5491436167468708
id11544,0.08176021727499592,0.015107111091537437,0.9031326716334668
id20581,0.04115884776749358,0.024755563847454237,0.9340855883850523
id13192,0.9299254883047021,0.024154498392716554,0.04592001330258124
id15814,0.03926470126489736,0.03770842618700445,0.9230268725480981
id26279,0.048747338125300646,0.9135687454435721,0.03768391643112712
id00240,0.9623781447724017,0.02105021744301366,0.016571637784584814
id22836,0.9763061778712631,0.009090243613749863,0.014603578514986953
id15085,0.01019252976394431,0.9712887576221723,0.018518712613883413
id17495,0.37159500133898427,0.028099385240452697,0.600305613420563
id26762,0.7235394570027145,0.05166537724657911,0.2247951657507063
id13685,0.9829489439272753,0.0082544023701909,0.008796653702533908
id16560,0.025134575548573585,0.9627059979032059,0.012159426548220402
id17184,0.009145056894119954,0.9774738152775766,0.013381127828303535
id21635,0.9795848975179069,0.009407835533622379,0.011007266948470868
id26751,0.10871354335888775,0.8631211311263263,0.028165325514785938
id12351,0.9584948840029793,0.018530421131559352,0.022974694865461415
id14872,0.2854705135689259,0.0804255535487592,0.634103932882315
id18372,0.9616753544942885,0.01934555167338141,0.01897909383233016
id26851,0.9419104700444746,0.028177962648365938,0.029911567307159406
id22659,0.9400088868571774,0.03629811968252919,0.02369299346029341
id04102,0.015228984219588688,0.008660529528822089,0.9761104862515891
id02353,0.00966983148980621,0.9812633401616899,0.009066828348503893
id26721,0.9796134177512514,0.0088288773611496,0.011557704887599076
id11171,0.9511173556406776,0.009528109325939563,0.03935453503338276
id13562,0.8835403532537902,0.08867654508198923,0.027783101664220718
id26425,0.9413634201027986,0.0229335180889826,0.03570306180821895
id26394,0.9245122066298913,0.014408019912732637,0.06107977345737613
id22187,0.7977895830536709,0.16541119018474076,0.036799226761588276
id00422,0.970142033158723,0.016582346529509687,0.013275620311767194
id22667,0.014369102987682668,0.9769759330348471,0.008654963977470164
id00911,0.908513723682584,0.02425393237793629,0.06723234393947984
id17291,0.09043104543980313,0.018601930940925677,0.8909670236192712
id01915,0.034133932078181134,0.061344399226751715,0.9045216686950671
id01434,0.03298091176758556,0.015713446929867075,0.9513056413025474
id01584,0.7611267747224103,0.02649866473239426,0.21237456054519555
id09266,0.899820608787248,0.08370831506323329,0.016471076149518853
id17494,0.010445293737926957,0.9782191885359314,0.011335517726141492
id24919,0.15932459339964872,0.023862952577519043,0.8168124540228322
id21043,0.1747854517221552,0.01715069998677931,0.8080638482910656
id17796,0.0105666019300379,0.9803520466606666,0.009081351409295434
id02166,0.9579840867093762,0.00971110572972212,0.03230480756090159
id17503,0.7510561604184576,0.047893955275624886,0.20104988430591741
id21203,0.9606014947001426,0.0163612539600797,0.02303725133977785
id25626,0.9814548260819067,0.009180760590019786,0.009364413328073433
id09836,0.9702486324746622,0.012774560329904792,0.016976807195433034
id24202,0.03277144835604959,0.02309900352692319,0.9441295481170273
id27260,0.0867774124845957,0.012173454780324416,0.9010491327350799
id23167,0.01240085744639366,0.00973607337211594,0.9778630691814905
id10393,0.0111327977724099,0.9801534307930175,0.008713771434572566
id01171,0.9410246890048608,0.03743780403928196,0.021537506955857127
id06380,0.9751336318251986,0.01222825649154039,0.01263811168326092
id22686,0.028982541675572394,0.011700618889660059,0.9593168394347674
id26250,0.07308433746482029,0.014046013245959839,0.9128696492892198
id09315,0.1474381108552576,0.7557535584030146,0.09680833074172768
id00886,0.10240310645216902,0.5457411142320123,0.35185577931581863
id03101,0.9743236353644241,0.01378062262741185,0.011895742008163988
id12367,0.9065179452932685,0.02058889078577094,0.07289316392096068
id10770,0.9538796294468078,0.018178855219544793,0.02794151533364731
id14949,0.019262188799620023,0.9638924663827582,0.016845344817621833
id14141,0.9266644760296605,0.054616300027572465,0.018719223942767226
id25417,0.8765294042049174,0.07861294558923329,0.04485765020584935
id26873,0.9165300109965042,0.06228542035522049,0.021184568648275188
id10818,0.04403509321790601,0.01848986469415262,0.9374750420879414
id15146,0.9603593632369204,0.01250474182855343,0.02713589493452626
id23328,0.9737469037808685,0.012772562058265949,0.013480534160865516
id16765,0.10081768932355155,0.8469423173730862,0.052239993303362195
id24383,0.9729966551253041,0.00855863383003489,0.018444711044660896
id21304,0.9790574546423291,0.008588866384640964,0.012353678973030038
id12551,0.029709807678796014,0.9571321067254845,0.013158085595719538
id23274,0.0161873377746494,0.011513213913315107,0.9722994483120355
id08117,0.9722476256408628,0.012512642972864543,0.015239731386272663
id23961,0.9727470546205146,0.010197887030218072,0.017055058349267443
id13865,0.02256194502724221,0.9678383759543377,0.009599679018420163
id22807,0.059305236877825136,0.017368870037103128,0.9233258930850718
id08951,0.054831567609177186,0.013366185976633535,0.9318022464141892
id18684,0.975190981896553,0.010556609727127598,0.014252408376319376
id25179,0.7744093854157695,0.1713988835685728,0.05419173101565774
id27033,0.9765980800706839,0.008593587706697495,0.014808332222618459
id13977,0.044328399139422874,0.8645196127744376,0.09115198808613957
id19337,0.012168198298418932,0.9751795860143349,0.012652215687246171
id25764,0.044062606085804625,0.9432963354929446,0.012641058421250828
id16106,0.06488731355671593,0.009532000297633588,0.9255806861456504
id05468,0.7926088885511446,0.026216276179615014,0.18117483526924025
id05241,0.8894844826692031,0.01669386044730483,0.09382165688349209
id10215,0.3424030584249858,0.12412716407191596,0.5334697775030983
id23457,0.02245016029537535,0.01177527033394412,0.9657745693706805
id02200,0.9824577621573675,0.008526017477928435,0.009016220364704154
id13714,0.06191080834210134,0.925595426912353,0.012493764745545784
id20332,0.011439579740470452,0.010072738423982111,0.9784876818355476
id18573,0.01902797866953101,0.0216934127611191,0.95927860856935
id08569,0.90786480943575,0.008461896035261545,0.08367329452898861
id22767,0.025374023393720035,0.9217211603212851,0.05290481628499485
id25390,0.04223719717204861,0.9391766174916495,0.01858618533630181
id09288,0.9728869601464739,0.013286101157962141,0.013826938695563892
id12381,0.9696885129086784,0.012024595479957689,0.01828689161136396
id02895,0.014191303860816722,0.010582468813511044,0.9752262273256721
id25270,0.03467395450098346,0.011878668962868587,0.9534473765361481
id14248,0.9079112083099354,0.01866773529041144,0.07342105639965316
id12831,0.9708414057917029,0.010915929149300412,0.01824266505899688
id18305,0.9651868255835716,0.013913205747597891,0.020899968668830447
id07805,0.5998559325002544,0.3554816055553644,0.04466246194438126
id14027,0.016134613246725174,0.0206030541529221,0.9632623326003527
id02760,0.473597597005849,0.05417709474505484,0.47222530824909625
id24362,0.9758764416200898,0.014441573884568626,0.00968198449534148
id17065,0.02570235721937578,0.9603596229038496,0.013938019876774548
id26583,0.054379375053577,0.8947429287543116,0.05087769619211151
id19664,0.9824148395121122,0.008601797176295254,0.008983363311592522
id25145,0.9410355254410838,0.03615324948561674,0.022811225073299506
id17858,0.013335671402445596,0.9763511985856808,0.010313130011873721
id05148,0.027667406687087812,0.9026091497847707,0.06972344352814151
id22928,0.8458116220816673,0.12608543477213313,0.028102943146199464
id21549,0.05210282894470475,0.009238255533931592,0.9386589155213637
id12649,0.01672885612187391,0.9745655911072366,0.00870555277088947
id21597,0.9742655188966245,0.011109424437085118,0.01462505666629045
id27945,0.9520170530566728,0.024766708402338113,0.02321623854098894
id00243,0.9756096200702566,0.011197149773748308,0.01319323015599504
id02745,0.9764858871935754,0.012770522563917931,0.010743590242506446
id23550,0.015674391373571142,0.010190089684466271,0.9741355189419626
id13023,0.05409256508255615,0.012945119986294842,0.932962314931149
id24796,0.2287471368817939,0.02535673823478575,0.7458961248834205
id12284,0.053108070349912176,0.9263644594288538,0.02052747022123413
id02664,0.008956784459696537,0.9795466567319949,0.011496558808308384
id23767,0.9061934839473205,0.02040015215251955,0.07340636390015996
id05859,0.11142331838730196,0.8092361909214634,0.07934049069123478
id14350,0.05458623677155697,0.06182800785052773,0.8835857553779154
id01191,0.1668906468750822,0.5171995788247534,0.3159097743001645
id17034,0.470336733877544,0.26584716425598237,0.26381610186647375
id25292,0.3540330826529093,0.4101091572393294,0.2358577601077614
id22121,0.9699154962371983,0.00860844094961618,0.021476062813185606
id20872,0.9774262292797011,0.012473848442562543,0.010099922277736467
id17720,0.029270573472580132,0.9490034982165259,0.02172592831089411
id22658,0.0423824638306608,0.9462636403571314,0.011353895812207705
id09567,0.968082328807381,0.014391604118212189,0.017526067074406976
id16445,0.9691432063935673,0.01505103505557993,0.015805758550852755
id08349,0.1733679603406857,0.42281487058509565,0.4038171690742187
id27437,0.12154264740554364,0.09184454169804201,0.7866128108964144
id03812,0.9760390560742684,0.0119013697718133,0.01205957415391821
id22304,0.9184367443885143,0.04510525071461869,0.03645800489686712
id04449,0.03146823566189451,0.9566638467765741,0.011867917561531308
id15605,0.05813218645921243,0.05474213786766245,0.8871256756731251
id01768,0.9692056060256916,0.017980818480721503,0.012813575493586778
id20019,0.13241320223549238,0.7859321599745825,0.08165463778992509
id09593,0.010038415206055744,0.9797099239541609,0.010251660839783284
id23179,0.14698767661094506,0.025548406641675063,0.8274639167473798
id21279,0.9792849917025153,0.00895605975252364,0.011758948544961206
id06711,0.012051861107732525,0.00940817598864102,0.9785399629036265
id14243,0.009169555900680318,0.9817099568929608,0.009120487206358887
id04839,0.012851022911355706,0.01291608370822091,0.9742328933804235
id17220,0.014182666767976297,0.9731136155272078,0.01270371770481591
id24177,0.9174133464726009,0.024337548520281926,0.05824910500711729
id20512,0.03342435769419473,0.03420201386498588,0.9323736284408193
id14036,0.01018751377106463,0.9788490601275741,0.010963426101361383
id25001,0.12217423484328531,0.018380558005991407,0.8594452071507234
id06175,0.020571180483601615,0.955484257503666,0.02394456201273256
id24720,0.030914623280298415,0.947035187603733,0.02205018911596875
id08070,0.97735735469804,0.010505040591471051,0.012137604710489096
id18934,0.9514308847045728,0.02863208135819426,0.019937033937233055
id01338,0.9691343210345954,0.014929263008500782,0.015936415956903798
id19008,0.01085908834718199,0.9627926764662115,0.026348235186606634
id19632,0.09095932902203896,0.09842133681374107,0.81061933416422
id26224,0.0170212619023316,0.008845013262802778,0.9741337248348655
id08219,0.9435289087018491,0.010053445055650838,0.04641764624250012
id24008,0.012162315721884054,0.008487787100135936,0.9793498971779799
id12475,0.21857185026720719,0.7428179012809427,0.03861024845185024
id05766,0.8146211656657055,0.1175425307369273,0.06783630359736724
id27386,0.06738797075509058,0.9189005615873076,0.013711467657601974
id12476,0.009430146658593878,0.9819308398809677,0.00863901346043831
id08311,0.9229760948274494,0.06605094016867995,0.01097296500387078
id04996,0.6363279118029338,0.33278435060637,0.030887737590696195
id17350,0.06083461776144009,0.9154087316121605,0.023756650626399332
id05546,0.043294873190824354,0.9446165771223223,0.012088549686853314
id16504,0.015187900915513003,0.968637543124468,0.016174555960018863
id05782,0.012753829430380238,0.009084015749850063,0.9781621548197696
id20560,0.8468809145158427,0.03212273225408837,0.12099635323006884
id14171,0.021377189991359576,0.035840408576590016,0.9427824014320504
id27461,0.06773678329904918,0.030491948885417612,0.9017712678155333
id03581,0.06804901274573842,0.025573321923426966,0.9063776653308346
id21847,0.020404118141019372,0.019915554200246356,0.9596803276587343
id11712,0.9587020599281141,0.01454009740509801,0.02675784266678805
id26738,0.045077580800639575,0.07583302947473053,0.8790893897246299
id13668,0.9669362367259644,0.012392914696923128,0.020670848577112464
id15114,0.9818251780411534,0.008652257027106149,0.009522564931740266
id20130,0.8546139369582992,0.02287891694113011,0.1225071461005708
id18331,0.508146580709961,0.044171867315779115,0.44768155197425996
id24465,0.9688667222974332,0.014160087412347524,0.01697319029021917
id13539,0.9504297553631889,0.02007667473232606,0.029493569904485206
id27564,0.8370920454905142,0.09793569744672057,0.06497225706276537
id26043,0.0646227346865088,0.008830644590299884,0.9265466207231913
id04965,0.01676895109816496,0.012357235076504906,0.97087381382533
id08645,0.019772196143510785,0.017160450649767657,0.9630673532067214
id26610,0.7297849961377525,0.03039601621841552,0.23981898764383205
id21737,0.24475656589996705,0.6812500231183539,0.07399341098167893
id25784,0.011569799485319446,0.9600697734560207,0.028360427058659755
id23030,0.9684823109202164,0.014433455924484426,0.017084233155299035
id16450,0.010972467583484538,0.9659207819086358,0.023106750507879695
id02161,0.44140763240302255,0.04262794657792498,0.5159644210190526
id25535,0.9444140705838034,0.023210148798698156,0.032375780617498455
id16566,0.9683146967169062,0.009310638859340418,0.02237466442375338
id05714,0.9797160768104817,0.011124473210039256,0.009159449979479189
id16524,0.8655874681733094,0.03344268193017822,0.1009698498965122
id23941,0.019769522126659913,0.9639908915707883,0.016239586302551692
id00831,0.013824225458856042,0.01803707898217901,0.9681386955589649
id18145,0.3673305338775868,0.09410739229237405,0.5385620738300393
id17227,0.9785512146223655,0.00945437273236047,0.011994412645273983
id09417,0.9445280257128587,0.017568346272748767,0.037903628014392655
id21307,0.9204342056489121,0.05242046896356057,0.027145325387527255
id05650,0.019883800663459107,0.9669590730126161,0.01315712632392494
id23901,0.865700556004553,0.11233062352327751,0.021968820472169644
id05831,0.9489499885615279,0.025306971699412362,0.025743039739059642
id16708,0.029462162180315776,0.9586806140361762,0.011857223783508048
id02281,0.03193016426280051,0.014111695512495947,0.9539581402247035
id11599,0.47527508368600546,0.042892221680795706,0.48183269463319894
id18353,0.06988010759234799,0.8245127143973023,0.10560717801034977
id07413,0.417708294803672,0.5509722805244639,0.031319424671864056
id15653,0.04300184690029232,0.9365429105067138,0.02045524259299397
id09715,0.016690840954756234,0.008678284345848273,0.9746308746993955
id05108,0.1136388946581443,0.8663287714191646,0.02003233392269101
id09537,0.8936698411001214,0.019927264659217094,0.0864028942406616
id27596,0.9635547528451529,0.02055957389320726,0.015885673261639758
id24255,0.02301442977634684,0.024320550165164427,0.9526650200584889
id05080,0.013491424628414966,0.010451442971368123,0.976057132400217
id09484,0.9750393852050621,0.009578307522820337,0.015382307272117599
id14864,0.03844087224939073,0.0112296792245325,0.9503294485260768
id26836,0.937708544244865,0.032729849660605756,0.02956160609452925
id07003,0.957775382042585,0.028201231967378493,0.014023385990036502
id13750,0.010117744528660133,0.9816547902261388,0.008227465245201116
id21799,0.04409725951293004,0.04935406618322395,0.9065486743038461
id11285,0.983271648988975,0.008176147595370081,0.008552203415654765
id04735,0.731228787662844,0.22075933442751586,0.04801187790964011
id23049,0.01089112996328859,0.013564611358613057,0.9755442586780982
id05826,0.6366750616082543,0.29732150710699484,0.06600343128475099
id17916,0.046121871097733955,0.9346239143811963,0.01925421452106973
id14081,0.034578589857116045,0.009986259367897475,0.9554351507749866
id10527,0.04242412982677462,0.011482163328529381,0.946093706844696
id16059,0.06302856764250367,0.8927537842822203,0.04421764807527594
id25542,0.9821234917617074,0.008646433156449815,0.009230075081842846
id05402,0.012329048591661115,0.009736972252889959,0.977933979155449
id01927,0.2857587237251006,0.5947989739310847,0.1194423023438149
id27656,0.8167936577520758,0.05019847790782129,0.13300786434010298
id06708,0.29993548619983634,0.603493577468445,0.09657093633171869
id03524,0.043006561996059865,0.9339395251069579,0.023053912896982363
id12297,0.13966263926505612,0.7325058552935885,0.12783150544135552
id03439,0.7354644118865497,0.09289638144455457,0.17163920666889576
id04587,0.012371832182226495,0.9766974888367653,0.010930678981008106
id25470,0.012547962727547964,0.9715271335443141,0.015924903728138113
id01212,0.04217768866705275,0.943459015586896,0.014363295746051075
id13932,0.9651719693171823,0.016809408180988618,0.018018622501829007
id00124,0.051277779960249244,0.01818555295543793,0.9305366670843127
id01592,0.9175768464259899,0.013321046225423147,0.069102107348587
id13461,0.9016967683940934,0.06574380659253429,0.03255942501337236
id24681,0.04739960861798937,0.06842103746653536,0.8841793539154752
id23245,0.0890950251995426,0.01963254166396811,0.8912724331364893
id14073,0.9001720882824327,0.026635487962945095,0.07319242375462212
id05172,0.9229597192202984,0.01015324936058049,0.0668870314191212
id21979,0.922455943900694,0.058541611727115375,0.019002444372190775
id00328,0.9724846860692601,0.008997873923712188,0.01851744000702781
id26102,0.9797604279256866,0.009805873438701146,0.010433698635612339
id14867,0.06979299767782668,0.012769498410635304,0.917437503911538
id27544,0.014349429000208126,0.9740975612564363,0.011553009743355443
id16228,0.9625519679276748,0.01988643909117578,0.017561592981149496
id16342,0.03354337491875733,0.9475339336219196,0.018922691459323016
id24933,0.9617456769799503,0.0195607853073433,0.018693537712706324
id04601,0.9079635397926634,0.030472124305532984,0.061564335901803637
id01599,0.023972046230450416,0.9609829614720808,0.015044992297468694
id06238,0.9610284777316513,0.026284429229076357,0.012687093039272325
id06826,0.03586174232544003,0.11539556510633904,0.848742692568221
id23307,0.9790756419672197,0.009356703753689279,0.011567654279090917
id13575,0.8139351516743231,0.036247347920263615,0.14981750040541347
id24174,0.5771003494411521,0.03833271461849774,0.38456693594035024
id19534,0.15158774047484183,0.25664279177216437,0.5917694677529939
id19602,0.016275623721296137,0.0099347587127624,0.9737896175659415
id26962,0.011942511154082016,0.9724587948589317,0.015598693986986307
id04448,0.08350776385838453,0.898920491082156,0.017571745059459368
id09786,0.024352364108900654,0.9202749198836497,0.05537271600744968
id25240,0.26153051836451363,0.6821666944924832,0.056302787143003304
id14893,0.9766841926817631,0.013092305125001634,0.010223502193235267
id24221,0.9796289295500221,0.010413202401922853,0.009957868048054918
id04696,0.8980735619934416,0.019200686749148148,0.08272575125741015
id15153,0.03840105903409871,0.6177182360827974,0.3438807048831038
id13882,0.008863207989010094,0.9827533911543328,0.008383400856657229
id17836,0.023113659083250748,0.9464224793884158,0.03046386152833335
id00574,0.016754318160014114,0.968335553375288,0.014910128464697778
id02078,0.013761642281288303,0.8953577323433233,0.09088062537538831
id21206,0.04623447313098152,0.9270671356816109,0.02669839118740761
id20084,0.9270633184859627,0.018218223523329483,0.05471845799070774
id26598,0.018310624436632006,0.013838928952996672,0.9678504466103712
id06838,0.05069118973409497,0.014447194957869237,0.9348616153080359
id08786,0.028196621387264226,0.016997411466347263,0.9548059671463885
id09550,0.03531512880120698,0.026241577382173118,0.9384432938166198
id10206,0.9665884055871754,0.014450576689446794,0.0189610177233777
id21113,0.9619456238147995,0.017056799603115978,0.020997576582084412
id21151,0.03700432722763362,0.9468077486613454,0.016187924111020796
id02692,0.9817655244112692,0.009406457580798479,0.008828018007932398
id26446,0.34117707955296717,0.03533163457956181,0.623491285867471
id07377,0.06840801034405786,0.9087144790461907,0.022877510609751326
id15998,0.9314219074063108,0.014154318432911104,0.05442377416077806
id19637,0.9729289690754283,0.00880955784805458,0.01826147307651732
id19735,0.009954618188386076,0.9726935471573956,0.01735183465421838
id13739,0.5911228239118549,0.04713432676544738,0.3617428493226977
id25175,0.9481628998868241,0.015418019533742684,0.036419080579433126
id00563,0.03377122751485509,0.018352528523898827,0.9478762439612461
id09982,0.9625502395156703,0.009799646990784847,0.02765011349354469
id15459,0.012357707902755125,0.9792249098999665,0.008417382197278367
id20785,0.010259492231292903,0.008667143743208563,0.9810733640254985
id07145,0.025002124278352893,0.01635264712448573,0.9586452285971613
id22204,0.012893329906614443,0.9747515235398899,0.012355146553495734
id09285,0.9434445972293787,0.015587526334199655,0.040967876436421816
id18157,0.02103600074970532,0.014087193840656001,0.9648768054096387
id12134,0.014082356492714932,0.010064999705361729,0.9758526438019234
id23914,0.9783994421496897,0.008700001289540828,0.012900556560769622
id10483,0.9236630084645855,0.05176055691139654,0.024576434624018064
id07092,0.9401787811650222,0.018413678838590342,0.041407539996387584
id14786,0.14066403629884291,0.023315621909606135,0.836020341791551
id25741,0.9674270474282718,0.009707803162103871,0.02286514940962415
id09050,0.014713400616894363,0.9699148542934005,0.0153717450897052
id04938,0.9580717702840438,0.010632394225807664,0.03129583549014847
id05901,0.749129184842256,0.052717004764331006,0.19815381039341307
id16975,0.0316004806922291,0.932766758740161,0.03563276056760999
id08547,0.02143549494783679,0.02680634962245972,0.9517581554297035
id16355,0.9335406087663258,0.017216929814672925,0.049242461419001134
id14568,0.877963315153952,0.026707864422163455,0.09532882042388467
id25599,0.045391743196694964,0.8618005480851798,0.0928077087181251
id01670,0.0635205987564071,0.9184904344788206,0.017988966764772168
id23945,0.013498947138425876,0.9757994989047563,0.010701553956817765
id17394,0.02021472397785171,0.01988078400943698,0.9599044920127114
id06501,0.26325502831149733,0.0649467141013327,0.67179825758717
id26234,0.012723242007698666,0.9735894972014436,0.013687260790857846
id21280,0.017407128226319374,0.008539706069215438,0.9740531657044653
id20048,0.014051908672892752,0.020391207517124463,0.9655568838099827
id01216,0.09003671835233813,0.8771454540426741,0.03281782760498795
id25320,0.9188705116219588,0.013642129228366913,0.06748735914967434
id22833,0.014264513234297942,0.012651209702783925,0.9730842770629182
id22056,0.8545009645186912,0.11808355963242428,0.027415475848884492
id02275,0.010914329337706717,0.9691213676569422,0.01996430300535124
id26127,0.9550847538379192,0.011569441754356525,0.03334580440772422
id17011,0.023606734267811777,0.9569044928466532,0.019488772885535098
id13847,0.9580443972478725,0.017275844383381502,0.024679758368746082
id00013,0.013325965434904517,0.975690200702936,0.010983833862159535
id16463,0.921294241937851,0.05309919500183971,0.025606563060309128
id04845,0.06656742489447011,0.5702048898140074,0.36322768529152244
id01787,0.6237823145626793,0.03762551274482946,0.3385921726924912
id08637,0.9516002608325729,0.027588774906426798,0.020810964261000365
id11414,0.021640626207896082,0.01946865063974076,0.9588907231523631
id13177,0.06977734266054772,0.8786061165618261,0.05161654077762616
id24517,0.9568929176233226,0.02648098697704449,0.016626095399633
id26838,0.9267448682391475,0.04676278398980657,0.02649234777104601
id23081,0.011098593878624509,0.9765054920324125,0.012395914088962802
id16327,0.06533139381757866,0.20417815296875463,0.7304904532136667
id27282,0.016563564628561647,0.9691117194945086,0.01432471587692974
id07489,0.07232120610822795,0.062232773580811425,0.8654460203109605
id01718,0.017042858301557075,0.011601168532112273,0.9713559731663307
id15441,0.8913582675234255,0.04306027242971061,0.06558146004686392
id27736,0.03684096344537263,0.7216118288600017,0.24154720769462573
id16324,0.020417277584378658,0.6467783028232118,0.3328044195924095
id12027,0.13364254990800623,0.03273075262301958,0.8336266974689741
id24653,0.02911952979279575,0.9547999268231072,0.016080543384097146
id17541,0.09370965845939586,0.01993329466821862,0.8863570468723855
id22406,0.09683288196247378,0.6952446434868845,0.2079224745506417
id18356,0.938891868647297,0.02824246428633977,0.03286566706636325
id04505,0.9178765928651652,0.0527931452739396,0.029330261860895237
id04246,0.9016515185617674,0.057718904994016634,0.040629576444215894
id07368,0.916778788014471,0.019850049004551264,0.06337116298097763
id26185,0.025590147534988145,0.010395875375183735,0.9640139770898281
id08878,0.04526586412493165,0.038838334188722026,0.9158958016863462
id27691,0.011150629830142185,0.011901369068347777,0.9769480011015099
id18004,0.8458551640975015,0.03747087060424256,0.11667396529825595
id24426,0.8980875595634861,0.07259042394590677,0.02932201649060723
id14164,0.9515864656510816,0.01548979347961148,0.03292374086930676
id12653,0.009381605290834233,0.9770909578835653,0.013527436825600616
id18060,0.20007126685588797,0.0754058778387981,0.724522855305314
id18556,0.9158332965339596,0.044587742138823966,0.0395789613272165
id27371,0.02010353901459715,0.07223003727728293,0.9076664237081198
id11989,0.03565372496670832,0.9022531434774215,0.062093131555870214
id26095,0.9694481129271091,0.012028443685461647,0.018523443387429377
id24978,0.1846775002659893,0.1120432855589129,0.7032792141750978
id20322,0.07227474565323531,0.019392143755346838,0.9083331105914177
id01954,0.9643147333782447,0.019684834185018447,0.016000432436736902
id07434,0.8952957277306587,0.04176770066939328,0.06293657159994807
id18144,0.012859463079287113,0.02869676345587169,0.9584437734648412
id16250,0.05628121887753376,0.9229367113366425,0.02078206978582386
id17793,0.011263592378392012,0.014951665834965239,0.9737847417866426
id24067,0.10877921579890168,0.05550446584425434,0.8357163183568439
id13891,0.011250173201525639,0.00894260689206997,0.9798072199064043
id07334,0.01218224350741593,0.977443121646397,0.010374634846186948
id15633,0.021909465372071484,0.9435752101751019,0.03451532445282668
id23239,0.8845654945392396,0.05483095330865278,0.06060355215210779
id10674,0.048058607092945765,0.02351183018526227,0.928429562721792
id22093,0.9261231364434118,0.051730482075100184,0.02214638148148787
id08444,0.04683007552600543,0.6873906053870171,0.26577931908697755
id03257,0.02740515540342994,0.016376584411240243,0.9562182601853298
id10040,0.9158311226407482,0.05596723654567309,0.028201640813578815
id04902,0.02696377933049887,0.009812703896197268,0.9632235167733038
id01219,0.9327830151426535,0.03899904190886259,0.02821794294848389
id01340,0.9804866454545564,0.009707358367703178,0.009805996177740429
id05117,0.022111409905688884,0.9625099805374725,0.015378609556838561
id04908,0.017196964375618573,0.009186762852305533,0.973616272772076
id03626,0.011021965698106357,0.008444907488280582,0.9805331268136132
id01888,0.9829349267932509,0.0081397943179969,0.00892527888875231
id17199,0.018246748833117003,0.009802435874638407,0.9719508152922445
id11200,0.7069654343457205,0.2301328028364794,0.06290176281780001
id27561,0.8636421941190598,0.030819105199932306,0.10553870068100794
id20966,0.009446763243025123,0.981453663390405,0.00909957336657008
id10257,0.01078254600705072,0.9769146517793228,0.01230280221362657
id21168,0.05498055395848386,0.9238828523340067,0.021136593707509435
id23363,0.017412866958884752,0.00874449955084775,0.9738426334902675
id05321,0.9529806341401558,0.01744384830266537,0.02957551755717891
id09928,0.028474632468614803,0.011167469513706682,0.9603578980176785
id18015,0.9829852341508702,0.008340272021161934,0.008674493827967738
id02082,0.026464936636212882,0.9558169872576072,0.017718076106180033
id19279,0.7792353931545695,0.18999427383185644,0.030770333013574024
id08541,0.02440320270275507,0.9659483984992431,0.009648398798001993
id15249,0.016362808620355027,0.9678317455914828,0.01580544578816216
id03609,0.07216313234499688,0.8349104770217411,0.09292639063326205
id22902,0.025142575732473908,0.014730539294972778,0.9601268849725534
id17733,0.9590002203755125,0.021760455662834015,0.019239323961653638
id07554,0.02794564679686161,0.03976329772974171,0.9322910554733967
id14120,0.3024022581866817,0.040474131013360407,0.6571236107999581
id21802,0.02876318186862026,0.9335693631079911,0.03766745502338872
id15614,0.014236782179630224,0.9676000789817254,0.018163138838644274
id19437,0.012159998973719225,0.008400708674639644,0.9794392923516412
id22698,0.9249736878546733,0.04059049216033014,0.03443581998499669
id21841,0.026457661080690857,0.9564978128314316,0.017044526087877404
id16177,0.8698569325961666,0.06392041089584766,0.06622265650798585
id15887,0.08596603604759241,0.031749714627879996,0.8822842493245276
id22629,0.8496483319826409,0.025577553261853365,0.12477411475550583
id10346,0.9452449442746887,0.022226941568914114,0.03252811415639725
id05154,0.9587804982404641,0.026151654655090065,0.015067847104445939
id22913,0.03132548159375405,0.9549016088257888,0.013772909580457278
id10544,0.07866878064635942,0.5921681165387104,0.3291631028149303
id08703,0.15710756660905184,0.8066307069171068,0.03626172647384151
id12817,0.07595878461865382,0.022341225466256807,0.9016999899150895
id25433,0.965168543703864,0.01634841202772504,0.01848304426841116
id25112,0.016486812901985788,0.020735918224299918,0.9627772688737143
id05054,0.011332131785886526,0.9391899925488879,0.049477875665225504
id02311,0.036033836633344356,0.9229773079896585,0.04098885537699722
id22160,0.016606911747878872,0.9497521954298627,0.03364089282225842
id17422,0.9689431515926689,0.012164552245143255,0.018892296162187995
id18985,0.9266938466261608,0.022595623739253386,0.050710529634585645
id21905,0.02320775032751946,0.013293065799244547,0.9634991838732361
id17474,0.9434248856249874,0.02012332821054684,0.03645178616446562
id15236,0.009901739835207223,0.9752349621562089,0.014863298008583822
id13964,0.9463238288779727,0.029031713746590304,0.024644457375437013
id15962,0.0342468986348969,0.9447037942893424,0.02104930707576078
id20866,0.0894692267397697,0.02912487156117255,0.8814059016990576
id06625,0.28795115119725523,0.03655223798928122,0.6754966108134637
id09793,0.6835140242147715,0.06624163009110337,0.25024434569412524
id17365,0.009277132581557017,0.9795272783927716,0.011195589025671368
id18463,0.011622808659124942,0.9785039645683381,0.00987322677253708
id20693,0.13548655870826978,0.5755746127193659,0.28893882857236425
id08785,0.017129630925261166,0.9509467137534339,0.03192365532130493
id06783,0.012116304462468785,0.9634477476575802,0.02443594787995103
id23178,0.033202119409050955,0.010681205058216816,0.9561166755327324
id13513,0.01795708526289309,0.9584052188154615,0.02363769592164531
id25361,0.0134559720662644,0.009344346508420654,0.977199681425315
id22319,0.19378341680096453,0.05873670289395612,0.7474798803050793
id14024,0.4448392370587583,0.095861138129416,0.4592996248118259
id24186,0.017001759975475254,0.9586915177545079,0.024306722270016935
id20965,0.9645651769553406,0.016956172928455034,0.018478650116204465
id06242,0.05667187162977493,0.019486746477361053,0.9238413818928641
id25665,0.022294744540140934,0.5716913603290613,0.4060138951307978
id09706,0.9161178847735385,0.03767354698570486,0.046208568240756594
id11026,0.032125504467851965,0.9522339130262994,0.01564058250584867
id04223,0.9734070799741734,0.014981128803017092,0.011611791222809375
id19674,0.014334759319747488,0.9598395502401877,0.02582569044006495
id23420,0.023193488748848815,0.05970151445559169,0.9171049967955596
id18059,0.15831671840413647,0.8175575448287702,0.024125736767093245
id22576,0.9709790733434168,0.018323992037822003,0.010696934618761275
id18495,0.01035391940745298,0.9791423249248865,0.010503755667660538
id14139,0.9702316659897825,0.018826476756954622,0.01094185725326284
id18313,0.036414042627303495,0.9473276947169883,0.016258262655708282
id27356,0.943773635658504,0.011034533677655466,0.045191830663840596
id16035,0.030875837319839308,0.009633304468466785,0.9594908582116938
id04182,0.7950076278741858,0.1563228432301972,0.04866952889561698
id15667,0.9814306569685646,0.00861568607768371,0.009953656953751618
id08713,0.9569112813573433,0.020966402376067516,0.022122316266589243
id25563,0.009443961558067515,0.9816495266439371,0.008906511797995358
id17023,0.9509362626382662,0.03478964523458576,0.014274092127147982
id03014,0.009145239073871037,0.9772707227547595,0.013584038171369406
id23812,0.04086795098565334,0.9444509733993978,0.014681075614948792
id20057,0.5437884379427164,0.06651193861916722,0.3896996234381165
id12385,0.778609632612819,0.1476804421236712,0.0737099252635097
id24416,0.07781443954615182,0.9102648411222855,0.01192071933156266
id15672,0.020314812311102708,0.9454874140750418,0.034197773613855634
id13868,0.9827008169216965,0.008700942874883238,0.008598240203420262
id21095,0.040881333539065534,0.03360297972751779,0.9255156867334167
id05305,0.09489282951839063,0.6127668236065333,0.29234034687507593
id15384,0.10559348440890065,0.04480621010630022,0.8496003054847993
id14049,0.020221437376981462,0.008902015659718591,0.9708765469632998
id23441,0.9386925907154452,0.040617065786172815,0.020690343498381968
id12856,0.02086286075977818,0.009750732018752236,0.9693864072214696
id16055,0.014134738115160403,0.016352510400904966,0.9695127514839347
id24771,0.8772516190252793,0.09411084813011063,0.028637532844609983
id14053,0.9526063517712693,0.03376523835033,0.013628409878400598
id19547,0.01236261365330094,0.032780761065059984,0.954856625281639
id03639,0.0494104427377885,0.9186494068537414,0.03194015040847005
id14546,0.8565032604552824,0.12300249622012357,0.020494243324594038
id13935,0.9672771188550765,0.014670139540038957,0.018052741604884594
id20335,0.11426957608028557,0.854457218072429,0.03127320584728543
id07301,0.4057545911912362,0.08328067527246386,0.5109647335363
id10186,0.9744888728563303,0.009065536298308774,0.01644559084536095
id00192,0.9334943648558502,0.025518475360590053,0.0409871597835598
id17851,0.9798998364311658,0.008938211809457058,0.011161951759377058
id08403,0.027769841092998664,0.888725390276101,0.08350476863090024
id06183,0.12107151046615439,0.04068798409532699,0.8382405054385187
id24738,0.5103109589028295,0.4478913360664928,0.04179770503067785
id15112,0.8254702441584446,0.05061480740715895,0.12391494843439656
id19819,0.013251194552934518,0.010585950825597304,0.9761628546214681
id17722,0.019070217316753506,0.009163184062861342,0.9717665986203851
id24273,0.025468599746170356,0.9044227026005317,0.07010869765329805
id18939,0.02564278092358823,0.017507246685837998,0.9568499723905737
id16076,0.0984287851739993,0.8714335808228076,0.030137634003192946
id23158,0.020063651790022577,0.01864300250943765,0.9612933457005399
id12745,0.8694940411700538,0.046279246836456685,0.08422671199348938
id22538,0.2484140708322817,0.07197651134352816,0.6796094178241902
id14975,0.14605777949720614,0.8384498014505972,0.015492419052196692
id27537,0.9645449129530361,0.021318115515261433,0.014136971531702545
id06632,0.06927060778148618,0.01368853585732809,0.9170408563611858
id08100,0.022634233238014174,0.9675592434968902,0.009806523265095532
id00843,0.9818422551436196,0.009142485717260555,0.009015259139120014
id22159,0.019677620416047873,0.013190075631852123,0.9671323039520999
id18672,0.9565245336921441,0.012521493616328535,0.030953972691527384
id06916,0.8417038897675885,0.09497087447005696,0.06332523576235449
id22212,0.9084330026881131,0.02051590162837651,0.07105109568351034
id00273,0.022992618212719675,0.023304397984482583,0.9537029838027977
id26325,0.047004664631078066,0.9401853237165325,0.012810011652389377
id23683,0.018636104681079558,0.9675928651190778,0.013771030199842745
id14419,0.01816216738140047,0.9652313827874776,0.016606449831122153
id11931,0.009006543361330666,0.9827799165617823,0.008213540076886964
id00568,0.026180883916392037,0.9600463006863865,0.013772815397221338
id12271,0.9617838953768505,0.025324250554978365,0.012891854068171213
id12622,0.9691100765755195,0.02053351672849735,0.010356406695983127
id03156,0.056277772562654614,0.6729609433959911,0.2707612840413543
id25592,0.9657776512336129,0.024314579838735122,0.009907768927651928
id24367,0.9378755745814435,0.020961156283641213,0.0411632691349152
id16007,0.018810814134963705,0.0194729855028012,0.961716200362235
id04785,0.9333353804970675,0.020640720497367624,0.0460238990055649
id07888,0.023314123535675434,0.014762935012249475,0.961922941452075
id13557,0.06084450073048043,0.9130536005214452,0.026101898748074327
id20726,0.9751955984321911,0.009374982437833508,0.015429419129975419
id09580,0.9754189839995245,0.01319553289410764,0.011385483106367812
id05173,0.10237953612515915,0.8673655855245792,0.0302548783502617
id10394,0.014214552396796797,0.9744907286901062,0.011294718913097116
id03926,0.012282485883338207,0.9745226937340092,0.013194820382652668
id07264,0.9718141339238211,0.01904467383247155,0.009141192243707338
id01862,0.03609436330737425,0.9201090462550467,0.04379659043757908
id20808,0.019954120885908307,0.952459256401223,0.027586622712868526
id26658,0.8638244729594945,0.03203971796631293,0.10413580907419248
id04479,0.2698340289927391,0.045832856376230545,0.6843331146310304
id17445,0.3216833555389201,0.6336270417652522,0.04468960269582781
id04430,0.018238642174826528,0.9660987384906607,0.015662619334512618
id06052,0.9550817328483534,0.015867601846428776,0.029050665305217934
id11485,0.8827985647047445,0.06343513098923728,0.05376630430601831
id13060,0.11952075491494141,0.0198241102201834,0.8606551348648753
id20873,0.9569241761141017,0.019282688445431916,0.02379313544046639
id21927,0.055280918416626246,0.926782250739553,0.017936830843820722
id02736,0.7086618216283891,0.17999540606669406,0.11134277230491692
id11234,0.7875353249679768,0.032012517518943254,0.1804521575130798
id27894,0.9808018447401549,0.008936752645996277,0.01026140261384892
id23208,0.06722826115500585,0.5901397967202121,0.3426319421247821
id18470,0.7710604957931323,0.10201769051556941,0.12692181369129815
id23172,0.042789562636930574,0.9342193717304885,0.022991065632580972
id08752,0.6917815833508282,0.03138834148710244,0.2768300751620696
id14242,0.05154369714305111,0.013370914622413929,0.935085388234535
id22908,0.873575160949709,0.02297090215329172,0.10345393689699937
id17454,0.10667798238616764,0.061616282695625586,0.8317057349182069
id23797,0.6983994302902191,0.2697079344410939,0.031892635268687027
id03788,0.9256583846418881,0.03700287077349668,0.03733874458461513
id23682,0.06982756239527237,0.014284610818657647,0.91588782678607
id07179,0.9582189234822088,0.018905719608878626,0.02287535690891249
id09746,0.04594604829821592,0.9188673245297404,0.03518662717204383
id26613,0.04192412207603733,0.043586642105559674,0.9144892358184031
id05142,0.9767688650650503,0.009567225736484416,0.013663909198465217
id04825,0.016064642402870453,0.9714471305291673,0.012488227067962336
id13691,0.79360818031931,0.049015778576205385,0.15737604110448472
id14183,0.01770728853633593,0.008519636312938415,0.9737730751507256
id19519,0.013269018830527344,0.010780739873960788,0.9759502412955119
id26685,0.9317915748594482,0.010376745223097526,0.057831679917454325
id07937,0.09524200522170655,0.5711459433472174,0.33361205143107625
id10574,0.011694196705367813,0.9786712604450325,0.009634542849599657
id15310,0.013432101192754283,0.9753274909592908,0.011240407847954978
id27311,0.011603281130038525,0.008386271652478105,0.9800104472174834
id11590,0.16493659460378338,0.02690208340999877,0.8081613219862179
id19798,0.010375038550908959,0.974162274779871,0.015462686669220009
id12201,0.19010666068284718,0.7682561279891857,0.04163721132796691
id12460,0.2608466848938864,0.05788575644801584,0.6812675586580978
id12019,0.96183111931217,0.02020511259827594,0.017963768089553897
id08046,0.7319434495131022,0.17990883606976407,0.08814771441713377
id02989,0.08685767811311654,0.04561749100597336,0.8675248308809103
id26905,0.016943711048990288,0.0130190590105828,0.9700372299404268
id09779,0.9791319841035393,0.01091087815871944,0.009957137737741368
id04359,0.9146778809080993,0.03822387238454791,0.04709824670735286
id01526,0.9508856768070716,0.040261057799414,0.00885326539351431
id22325,0.015467180350289484,0.9730810046916509,0.011451814958059773
id27878,0.7935340635495309,0.09300927139472664,0.11345666505574246
id06413,0.011564935293080319,0.9789321487819603,0.00950291592495926
id12616,0.03450928274410856,0.9418849885850076,0.02360572867088396
id05301,0.9305460751225961,0.04128029886741033,0.02817362600999349
id13258,0.0652237040444633,0.012249219245760785,0.922527076709776
id08789,0.30853379816110443,0.26507523772467584,0.4263909641142196
id11776,0.01289861088670675,0.97875124634622,0.00835014276707324
id21899,0.9622880793317831,0.023932787721716586,0.013779132946500254
id18108,0.17505600109227124,0.023069765049896447,0.8018742338578324
id23585,0.5823299398336982,0.23881122211121472,0.1788588380550872
id22122,0.4244422439839447,0.035448010491776205,0.5401097455242792
id22855,0.9197820317560166,0.053904881674708055,0.026313086569275296
id19551,0.9724896783230762,0.014005315382365578,0.013505006294558168
id18535,0.009446927096387754,0.9811140022553115,0.009439070648300749
id15115,0.08472309092427369,0.01892196893074988,0.8963549401449764
id00678,0.9742502552007237,0.016003208059438237,0.009746536739837898
id21876,0.8403174289160867,0.09167154083536297,0.06801103024855037
id01553,0.8939318507472782,0.06040576821166368,0.04566238104105808
id09456,0.9640094693320788,0.01831842817574088,0.01767210249218032
id01455,0.023381303197525606,0.9524613914089283,0.024157305393546023
id02454,0.014249182031656973,0.9669509588307851,0.018799859137558064
id07911,0.0779659106462091,0.010845476274742959,0.9111886130790479
id13383,0.9322030328199749,0.05210795391235929,0.015689013267665905
id19953,0.8882058104921551,0.011161670903543397,0.10063251860430135
id10316,0.360291398852002,0.16986996049757913,0.469838640650419
id01991,0.2575251092383884,0.029300321058067964,0.7131745697035438
id19176,0.9536715252523285,0.03560095851840266,0.010727516229268957
id06744,0.8612957356506066,0.033629472399883606,0.10507479194950994
id09999,0.6637896495540495,0.027061771978977522,0.309148578466973
id11253,0.041470636267033394,0.038043432419227224,0.9204859313137395
id15089,0.023799934731730595,0.7496483254857713,0.22655173978249812
id16821,0.02700125362111129,0.029438856062469813,0.9435598903164188
id08256,0.9818627536022291,0.009229503352583757,0.008907743045187275
id14844,0.2285710123244211,0.04592439461162614,0.7255045930639528
id25950,0.010270004581134874,0.9602596380391275,0.029470357379737504
id11961,0.012720642093307645,0.9635746776138537,0.02370468029283871
id00092,0.011394316382081989,0.009153409795323156,0.9794522738225949
id13083,0.019164903420646057,0.024368180633822324,0.9564669159455317
id25825,0.9783890582184168,0.009356549411253336,0.012254392370329745
id03045,0.01563502030798009,0.010124388528952064,0.9742405911630678
id19037,0.5988367737750399,0.32864991781705355,0.07251330840790672
id24357,0.023459811587214604,0.017383218731406566,0.9591569696813789
id24449,0.619656174656934,0.33325723028150506,0.04708659506156102
id22847,0.030306503181679528,0.9300003724960433,0.03969312432227724
id27720,0.9775956671899487,0.013031708548847469,0.009372624261203683
id11619,0.9286596210770002,0.05984820733733297,0.011492171585666823
id03129,0.976261598058142,0.010924609573758839,0.012813792368099007
id04264,0.025301247827943026,0.9558853197326128,0.018813432439444257
id19748,0.06583435063181599,0.01921777352513899,0.914947875843045
id20851,0.12214665966889,0.02160908814366841,0.8562442521874417
id13277,0.9583655132484392,0.015063211250427857,0.026571275501132863
id06419,0.02297783089211959,0.966679963919086,0.010342205188794616
id00581,0.9619266026577111,0.016721932683450833,0.02135146465883816
id08765,0.9248400630265152,0.011300533841078498,0.06385940313240636
id13492,0.10498424508306389,0.8589210875709405,0.03609466734599567
id12049,0.020496494673307667,0.9690944213765817,0.01040908395011053
id12700,0.9624134947224284,0.027257399154986026,0.010329106122585441
id07697,0.9796038659174409,0.010916785281440786,0.009479348801118332
id00262,0.03561520626570371,0.9537619860662797,0.010622807668016678
id20969,0.038347523878018354,0.8468001522759616,0.11485232384602014
id18465,0.012460863344450531,0.012858309212455508,0.974680827443094
id10027,0.021128235769111207,0.949252754753826,0.029619009477062877
id03007,0.07254072191229044,0.5685513331027473,0.3589079449849623
id23465,0.8749384048096427,0.0462578802220594,0.07880371496829781
id09086,0.9523506522625844,0.023049273586775332,0.024600074150640316
id08015,0.02037878364183661,0.9537823614685523,0.025838854889610997
id04285,0.19891226685286167,0.021106229236551276,0.7799815039105871
id04356,0.015454459512675798,0.017723359107925694,0.9668221813793986
id03554,0.8621464750361166,0.06742425486864718,0.0704292700952361
id06922,0.5861695225655091,0.07258796058495444,0.3412425168495363
id15733,0.018660622903300478,0.9717682056008332,0.009571171495866438
id24934,0.035910645557571785,0.008770175710556362,0.9553191787318719
id05529,0.9647855268106562,0.013885145485961212,0.02132932770338254
id00298,0.013951042229667728,0.9383666900857021,0.047682267684630075
id08158,0.9212554219016642,0.032156009937231986,0.046588568161103704
id15135,0.8914643303078436,0.031388505756723584,0.07714716393543285
id06574,0.8816617276623383,0.024209763367750547,0.09412850896991107
id20017,0.03439271438771497,0.9156526131139084,0.04995467249837653
id14386,0.012198875264750575,0.00921029964723352,0.9785908250880159
id24226,0.9250226549751425,0.05314209148538255,0.02183525353947494
id24212,0.022304884612452894,0.7987679235533921,0.17892719183415498
id14116,0.011010290551440056,0.008504178796087294,0.9804855306524726
id14500,0.036840233539896995,0.012531121113520309,0.9506286453465828
id22744,0.01740742151132147,0.028161807112257624,0.954430771376421
id16163,0.9638429064269466,0.009497041671027683,0.026660051902025833
id17883,0.9743148098860063,0.009771526332154343,0.015913663781839425
id04631,0.011852626372152855,0.009972558704526074,0.9781748149233211
id26517,0.05948119919246124,0.05342750940892139,0.8870912913986174
id12655,0.010755497484306686,0.9689446379807516,0.020299864534941803
id01505,0.030496852263392608,0.9524063582683236,0.01709678946828361
id00104,0.052979123938579634,0.02074013996718184,0.9262807360942386
id20387,0.010992778328269719,0.974056933839306,0.014950287832424441
id02843,0.11278285311762475,0.02586109947244984,0.8613560474099253
id04361,0.06907947468943232,0.016022951099252284,0.9148975742113156
id26813,0.9822385546586171,0.00863960518381577,0.00912184015756709
id01466,0.029294781838882695,0.5393394973144454,0.4313657208466719
id17090,0.17288572787259843,0.7435887527997003,0.08352551932770132
id06691,0.02709950763467676,0.039709201307721355,0.933191291057602
id09408,0.6182933151868444,0.07769973189860872,0.3040069529145468
id15285,0.9665566485919538,0.011016112989038152,0.022427238419008226
id16283,0.963255613082405,0.01773799963902702,0.01900638727856795
id12607,0.946079270842009,0.030942325275719273,0.02297840388227173
id25965,0.14974832049978987,0.03229374421836512,0.8179579352818451
id07268,0.018514954345604767,0.9687464726421368,0.012738573012258598
id13529,0.025784218126182902,0.029990337689878327,0.9442254441839386
id11969,0.010305116274849178,0.9764679209915814,0.013226962733569304
id20299,0.027431098540438847,0.759679800198774,0.2128891012607872
id08770,0.02190164255979908,0.019791678646114357,0.9583066787940866
id20730,0.7073648731442266,0.06290668850912709,0.22972843834664627
id06333,0.020262031781410315,0.969102369975214,0.010635598243375585
id27451,0.9265101405700393,0.02929391652295876,0.044195942907002
id12111,0.0656075045152787,0.013921871535567638,0.9204706239491536
id06609,0.23745168943604905,0.028572260262193512,0.7339760503017575
id12299,0.9614351658326098,0.014084894598214949,0.02447993956917521
id23264,0.8976284449338795,0.021988530099537152,0.08038302496658319
id04222,0.9150253714618988,0.06206274658258047,0.022911881955520873
id17229,0.02253769279914716,0.9543887287024798,0.0230735784983729
id24365,0.014123138163954801,0.01583445560722494,0.9700424062288203
id18294,0.012616426613813745,0.9724356350598486,0.0149479383263377
id04493,0.9669178437083614,0.021855435453619995,0.01122672083801855
id27575,0.966945413937626,0.015251660346362404,0.017802925716011535
id03801,0.9417383547390246,0.015484381965987917,0.04277726329498741
id11611,0.04217408986027812,0.011347874891676091,0.9464780352480456
id01632,0.10881634410044565,0.014519120813263522,0.8766645350862909
id06510,0.2560437858788998,0.518988717344872,0.22496749677622824
id20431,0.9196343785969029,0.01839978365431452,0.06196583774878251
id23529,0.1730584922003898,0.3043543462543103,0.5225871615452999
id13951,0.010273568118372066,0.018286068725287232,0.9714403631563407
id00803,0.013673664117471382,0.9768587435623248,0.009467592320203798
id06737,0.9450410550541841,0.009694376090788964,0.04526456885502701
id24288,0.9805476447900733,0.009045266731719605,0.01040708847820707
id08385,0.9146302927742381,0.05342702455964375,0.03194268266611822
id22859,0.01247097659135755,0.9773246753479653,0.010204348060677281
id22234,0.04018276667837047,0.8773634411093432,0.08245379221228644
id10365,0.010490493972993073,0.9791854651984551,0.0103240408285518
id00865,0.03123437508724009,0.013002978063868194,0.9557626468488918
id19405,0.13061543244227794,0.012748229755732404,0.8566363378019898
id11246,0.032577068066082425,0.015308450140968155,0.9521144817929493
id19587,0.010320226200251999,0.009230609429828967,0.9804491643699191
id24614,0.036075386765628915,0.9510052183230362,0.012919394911334873
id23623,0.876056039374867,0.09497977964910138,0.028964180976031727
id15271,0.6362714547308224,0.0462473879226293,0.3174811573465484
id20478,0.013302598483117557,0.015088945562631302,0.971608455954251
id25277,0.9422795222048143,0.023516779575916538,0.03420369821926925
id22004,0.918700722745464,0.018441814153129735,0.06285746310140641
id16728,0.0104226927902672,0.9805245243784432,0.009052782831289498
id06907,0.13743215867257605,0.8103397238609451,0.05222811746647878
id11895,0.01981609629256338,0.9654047359401162,0.01477916776732032
id13802,0.2908627527129751,0.6772367412049182,0.031900506082106775
id18459,0.01966430893374573,0.9643952341760582,0.01594045689019593
id21371,0.9697913137630767,0.013030479877258054,0.017178206359665115
id11408,0.034525210255377144,0.9431004338511503,0.02237435589347269
id05442,0.11193030543021243,0.8601098472060853,0.02795984736370225
id21499,0.1489598619461104,0.18868666717012633,0.6623534708837634
id18066,0.1657118857457991,0.7856274454214998,0.048660668832701114
id23617,0.04331605800047977,0.024553806634816662,0.9321301353647037
id07725,0.02131272298922021,0.009948092123377626,0.9687391848874022
id24627,0.8132603753124336,0.020302097337774924,0.16643752734979142
id19108,0.7338209229187614,0.23200133333323883,0.034177743747999804
id11800,0.02735899133025695,0.008565575990029247,0.9640754326797137
id14588,0.9305700333348089,0.015350359124707816,0.05407960754048334
id27474,0.8985652323377353,0.05582190016180924,0.045612867500455324
id07924,0.9729067156728711,0.011655490706379102,0.015437793620749653
id10772,0.9316228317026163,0.016378150928344614,0.05199901736903915
id19235,0.7834015779503716,0.13121560924114525,0.0853828128084831
id13647,0.12143669143284264,0.11580235772612014,0.7627609508410371
id08673,0.771639245864362,0.018610805823815548,0.20974994831182261
id24850,0.05390799124013207,0.9332680728417863,0.012823935918081595
id11764,0.9795879048562759,0.009131332661392568,0.011280762482331539
id05197,0.44671360029070944,0.51448942629625,0.03879697341304042
id23600,0.24445477169832988,0.032063186507084805,0.7234820417945854
id14699,0.03183057957940023,0.9566587922077411,0.011510628212858717
id26801,0.3509733820661533,0.030229046951668635,0.6187975709821781
id25664,0.15936200817371626,0.8181754773303924,0.022462514495891227
id07809,0.9713122352403788,0.011262168309804027,0.017425596449817095
id13081,0.013155682624662395,0.015830520017812308,0.9710137973575254
id11381,0.03365016914808168,0.01947081583905393,0.9468790150128645
id14721,0.22347070367571087,0.03451600869638817,0.7420132876279011
id07800,0.82651362627896,0.07101304437270858,0.10247332934833135
id13883,0.7744978307691214,0.11092875540326654,0.11457341382761212
id04488,0.9169387038091807,0.013200829522256473,0.06986046666856272
id03530,0.5854801791140202,0.11366572344768845,0.30085409743829145
id15823,0.04462541338042182,0.010507228790642678,0.9448673578289356
id11701,0.08303043045505207,0.026288146923707276,0.8906814226212407
id07806,0.011200837894976714,0.9726825119275336,0.016116650177489724
id19036,0.011640567443466443,0.9769049688812974,0.011454463675236264
id20765,0.9454106439933201,0.036441362305608245,0.01814799370107176
id26691,0.07118950637339379,0.029161557051918502,0.8996489365746876
id02642,0.05814069017783638,0.013175760006354464,0.9286835498158091
id06475,0.33854181939506023,0.12402800730998233,0.5374301732949576
id19019,0.25224604453970806,0.15489484724494929,0.5928591082153428
id14616,0.0270343197069283,0.02249861165875935,0.9504670686343124
id08537,0.9376432363005491,0.04650002663778436,0.015856737061666477
id19126,0.047146492678437436,0.034792203773588846,0.9180613035479738
id01774,0.012206962507109426,0.009384208639400808,0.9784088288534898
id08623,0.9242540475975698,0.038542376432481644,0.03720357596994842
id17150,0.010504614789325073,0.008580889265013264,0.9809144959456616
id06325,0.01703598133448312,0.06745436599697842,0.9155096526685385
id23161,0.019089518658552768,0.016756274682194018,0.9641542066592531
id09876,0.7083524409565177,0.02876886004369536,0.26287869899978694
id01551,0.43857734429585093,0.487445753646311,0.0739769020578382
id12334,0.009409575128394,0.9812035731165245,0.009386851755081518
id03577,0.5349148630515705,0.03311782797557514,0.43196730897285446
id20706,0.9718393806189765,0.009463158568426696,0.018697460812596864
id23704,0.013173227158399034,0.9757286678733332,0.011098104968267563
id10029,0.015147986357632273,0.9300899569018038,0.05476205674056394
id19600,0.016677471185214697,0.9621735789899795,0.021148949824805918
id22367,0.04230917057947994,0.9370978870243001,0.02059294239622008
id12262,0.9790150891535944,0.011060643427907716,0.009924267418498002
id09698,0.06386480339995598,0.9142771038245502,0.021858092775493925
id10919,0.9756361294176745,0.012419100195359831,0.011944770386965748
id12508,0.012541494787484737,0.9684735581527724,0.018984947059742786
id16206,0.0540315088998814,0.07746999459661086,0.8684984965035077
id25927,0.03006098129138223,0.02098118495506212,0.9489578337535557
id23189,0.02046003529226367,0.9661896960564201,0.013350268651316239
id00406,0.03246751328973945,0.9251316308698527,0.04240085584040775
id01257,0.12500410503891696,0.7578222298230747,0.11717366513800855
id15147,0.983038396589066,0.008391633407416593,0.008569970003517531
id24692,0.8496131582767915,0.08262382687385932,0.06776301484934928
id02919,0.012429839388292221,0.9747050475024379,0.012865113109269704
id00339,0.01878572630384683,0.9468705371871794,0.034343736508973724
id20981,0.015090465772910275,0.9743340700591713,0.010575464167918484
id00658,0.9522105473581456,0.010278096591434882,0.03751135605041949
id02255,0.021546739556157865,0.018237929766390687,0.9602153306774514
id13282,0.9505929889950139,0.016443569480539467,0.03296344152444654
id13189,0.3817472748250266,0.09328157822982275,0.5249711469451508
id07267,0.9811127981177747,0.008450796180659062,0.010436405701566235
id05272,0.918090786485682,0.013004593388953906,0.06890462012536408
id22653,0.8425266801313547,0.05683907705041804,0.10063424281822732
id06894,0.04432316041502336,0.013897899299603346,0.9417789402853732
id21657,0.25107263877388114,0.7108963596053922,0.03803100162072654
id00430,0.029949817418824517,0.13802759905940476,0.8320225835217706
id21655,0.015371629541128815,0.036150910583711206,0.9484774598751601
id04764,0.8703495490502304,0.034990655078773074,0.09465979587099649
id08665,0.028665639056638867,0.013000348265216299,0.9583340126781448
id20985,0.01085895251755589,0.008437798244765336,0.9807032492376788
id08095,0.8438162456878285,0.12571096260185718,0.030472791710314247
id12015,0.9550639307292121,0.028505181955419547,0.016430887315368285
id13210,0.30332924837195885,0.6181802895371856,0.07849046209085567
id24937,0.08627410761097941,0.8732870098142276,0.040438882574793125
id03675,0.010986277370706118,0.9769735581154043,0.012040164513889676
id26951,0.8404356667763724,0.0739378381146886,0.08562649510893894
id06104,0.0237797704540986,0.011058614267928995,0.9651616152779725
id20105,0.014616743410364296,0.9736729390508928,0.011710317538742814
id20441,0.010611177209893989,0.00840500874387418,0.9809838140462319
id05660,0.9391293306693486,0.05068058681426251,0.01019008251638876
id04078,0.02156926016202427,0.048664450478151454,0.9297662893598243
id26101,0.05588650806895189,0.031373079118012244,0.9127404128130358
id10144,0.010798338403072162,0.973352703529916,0.015848958067011722
id15096,0.011225819980530802,0.01226292511455888,0.9765112549049104
id11903,0.6999628295076943,0.0249452355431433,0.2750919349491624
id24093,0.017740679428882352,0.018487883276026792,0.9637714372950907
id06388,0.22486081422613383,0.3845419501319317,0.3905972356419343
id01203,0.9582045038338348,0.01747464189364307,0.024320854272522178
id18448,0.9686236129077805,0.01147929114804977,0.01989709594416968
id10382,0.3340554106134003,0.06353762315181255,0.6024069662347872
id25109,0.06134400341742213,0.042954940928553675,0.8957010556540242
id15526,0.014407846303773127,0.00888330496934034,0.9767088487268866
id09411,0.06713271795595663,0.01221660167329279,0.9206506803707507
id03937,0.054607689963390806,0.058195960306076384,0.8871963497305329
id09740,0.03988580060099986,0.026757646274820728,0.9333565531241793
id11584,0.04899880737271312,0.056503063833018306,0.8944981287942685
id06135,0.366885613473168,0.6150858654469535,0.018028521079878616
id22666,0.9653393927052324,0.024224871399870465,0.010435735894897262
id03104,0.9829844469677573,0.00834519361730137,0.008670359414941271
id21763,0.9384505829873977,0.03423227331952274,0.027317143693079627
id26344,0.02961271246961091,0.02731378440239188,0.9430735031279972
id11819,0.9344548421536207,0.04280823098527361,0.022736926861105754
id20309,0.014382605792176309,0.9679476229346665,0.017669771273157123
id12751,0.9737646024624381,0.011213709511484395,0.015021688026077588
id16205,0.08340723357836244,0.04179720390200354,0.874795562519634
id07347,0.017139379886356883,0.008800435481839581,0.9740601846318035
id20347,0.080086093764889,0.9088092804737129,0.011104625761398142
id05696,0.2614792743847913,0.033634773848280584,0.7048859517669281
id04648,0.9038677143636523,0.05684005306211467,0.03929223257423314
id19654,0.8887036704257619,0.07342492869241073,0.037871400881827284
id03991,0.10036184831260189,0.026094413961655596,0.8735437377257426
id05523,0.07434118699747937,0.013260614334250602,0.91239819866827
id27445,0.9770677642927975,0.012059227598736962,0.010873008108465606
id27516,0.05372871676433697,0.9141046984040185,0.032166584831644425
id13992,0.01109289140273285,0.008376204564826337,0.9805309040324409
id02429,0.01631106893179426,0.008711444088542141,0.9749774869796635
id01682,0.010602703901380855,0.9734692405935289,0.015928055505090213
id20561,0.9745545176887084,0.009317330854043359,0.01612815145724828
id26906,0.9469135673903186,0.025547058532750633,0.027539374076930644
id01724,0.8491633243146864,0.12250742295811375,0.028329252727199935
id25283,0.9441178984675466,0.02681483097949558,0.02906727055295775
id06926,0.9373857974450552,0.035345702265634424,0.027268500289310448
id13887,0.97488547766141,0.014357242528752322,0.01075727980983769
id07530,0.942283215287033,0.03025865587487629,0.027458128838090824
id13460,0.9791702868532546,0.010019219144485376,0.010810494002260015
id14695,0.010445378105332654,0.9798941554530136,0.009660466441653614
id08133,0.35583567651798537,0.033221713787379197,0.6109426096946355
id06364,0.029551275120730348,0.047427998335120236,0.9230207265441495
id22368,0.01319858058206994,0.9691974780783388,0.017603941339591242
id04855,0.013315149004300818,0.9711207130189431,0.015564137976756251
id14016,0.11971584798881842,0.35005909446288197,0.5302250575482997
id25801,0.02255814319192473,0.9664750093125188,0.01096684749555644
id16241,0.0679844210645204,0.015624442981004242,0.9163911359544753
id01120,0.07437873170409962,0.5010218619594694,0.424599406336431
id00058,0.646174867047116,0.24610825397373295,0.10771687897915112
id24503,0.0596112899063688,0.023243385811881314,0.91714532428175
id03213,0.45361940473693624,0.4647528766313399,0.08162771863172377
id06040,0.9746453716451943,0.01066789967429363,0.014686728680512134
id26219,0.10815638575134537,0.7384276809298528,0.15341593331880196
id23723,0.01661930894522129,0.9102354108080322,0.07314528024674662
id17565,0.8199451364302583,0.05595540916082513,0.12409945440891662
id02243,0.03651188364496949,0.08269607310905727,0.8807920432459734
id04802,0.9740292543048741,0.012862535845905349,0.013108209849220488
id07148,0.01606470766763818,0.008821628728284599,0.9751136636040773
id16071,0.9393560105688967,0.03665260203606067,0.023991387395042533
id14810,0.953555788825009,0.011646340734669613,0.03479787044032134
id15386,0.9313929590910639,0.05309306624668516,0.015513974662250856
id14768,0.936589320356857,0.02204855691402819,0.04136212272911466
id05056,0.9800959563620971,0.008374748946035154,0.011529294691867609
id27065,0.9029909747643953,0.02401515007797312,0.07299387515763178
id27245,0.9102512001106671,0.04992066893522152,0.03982813095411143
id25911,0.9653961142461841,0.01741177786969293,0.017192107884123096
id10581,0.9625363295562884,0.018615682852041137,0.01884798759167032
id21852,0.529972236663833,0.18070763789766572,0.28932012543850144
id13922,0.2605381472572658,0.628328191374805,0.1111336613679291
id21904,0.1434721842351822,0.47567126719410546,0.3808565485707122
id25974,0.025360143729699317,0.009605113025227275,0.9650347432450735
id03323,0.19736183490096426,0.3330056233183383,0.4696325417806976
id01385,0.08569962183414982,0.8282256848642604,0.08607469330158983
id20469,0.9397022916806955,0.02784778740257425,0.03244992091673015
id04281,0.325415277960531,0.3796092041290207,0.2949755179104481
id17752,0.9488277136343545,0.03454653624647397,0.01662575011917153
id27768,0.9132580111752701,0.025742122372125614,0.06099986645260429
id15545,0.010614977845359447,0.9763511486658508,0.013033873488789559
id27853,0.03850780249590542,0.02731987904457373,0.9341723184595208
id10103,0.9546691699458492,0.008837993394313286,0.036492836659837644
id04374,0.016380740375286078,0.012742360501863321,0.9708768991228507
id23102,0.016286020897068664,0.9589549745403217,0.024759004562609637
id15727,0.02039642741018538,0.01973244170175443,0.9598711308880603
id22643,0.10368913603504405,0.04480814725767871,0.8515027167072774
id26174,0.015083527684459018,0.03650485694920194,0.9484116153663391
id16776,0.014375397311735132,0.9665580792841229,0.019066523404142097
id11156,0.9815253901329545,0.009208955421358607,0.009265654445686779
id18288,0.037232377112232415,0.033539454797546636,0.9292281680902209
id21487,0.24088549320790262,0.04522117591206871,0.7138933308800286
id06888,0.05318168190943485,0.016595607070840773,0.9302227110197244
id24094,0.16981363471468156,0.033506905274412,0.7966794600109065
id21383,0.06852765648450741,0.9087202988661912,0.02275204464930139
id10309,0.038121370139559047,0.016257581399371154,0.9456210484610699
id09189,0.25489156597205836,0.05042470607577837,0.6946837279521634
id26844,0.04020597377939392,0.02963322536416565,0.9301608008564405
id02103,0.012825086613594005,0.010084435222243459,0.9770904781641626
id13699,0.030640592494947407,0.028285270603059475,0.941074136901993
id05005,0.011872928352109196,0.01398220428107042,0.9741448673668203
id19814,0.92819454426718,0.03899392464712928,0.032811531085690834
id24703,0.9315445890564817,0.057320782003750015,0.011134628939768108
id04594,0.019305957192187743,0.011403962740225222,0.969290080067587
id13789,0.9382361991459233,0.04957510262125801,0.012188698232818818
id01938,0.06064223962305565,0.9137465498118408,0.02561121056510368
id24274,0.5211018394110105,0.026320463285778244,0.4525776973032114
id13727,0.9584746165039765,0.02801953151479752,0.013505851981225978
id19335,0.023926296207467175,0.008934469866496207,0.9671392339260367
id21064,0.020196202251172805,0.01217255261679116,0.9676312451320361
id04044,0.013501631351291453,0.955188214331599,0.0313101543171095
id01696,0.04808365223026233,0.02724960551546501,0.9246667422542728
id05601,0.07776703177553027,0.01733296115893918,0.9049000070655305
id13591,0.9257949806939813,0.019996246483413273,0.05420877282260542
id09164,0.03402224992963222,0.9532299534363776,0.012747796633990295
id16563,0.015414397679215477,0.012029139297663603,0.9725564630231208
id00380,0.96590169787676,0.011622161591085145,0.022476140532155093
id04612,0.012390271320536637,0.020986643922364365,0.966623084757099
id17341,0.047954185249907175,0.016447146018196662,0.9355986687318961
id23426,0.02084928855232681,0.9677362633709777,0.01141444807669561
id02177,0.9720384641512871,0.013608802394839694,0.014352733453873114
id24279,0.01229823132681273,0.009361773364727492,0.9783399953084597
id07226,0.935106060400241,0.04425235477782861,0.02064158482193019
id23305,0.18424327118398082,0.023420567030118786,0.7923361617859005
id00684,0.11436509867012214,0.04558239979651478,0.840052501533363
id22025,0.011736060481095137,0.008882855355094492,0.9793810841638103
id26143,0.981164913136684,0.009538993089615712,0.00929609377370021
id12002,0.04233789786569731,0.676476268689927,0.2811858334443757
id04610,0.30533778847690585,0.6743257540276952,0.02033645749539886
id27224,0.05045899380108324,0.008953891885692726,0.9405871143132241
id10716,0.0548647695228837,0.8980486366925168,0.04708659378459951
id14057,0.9745703960150508,0.011437671342280282,0.013991932642668875
id14982,0.9788256857830484,0.008418833169213857,0.01275548104773781
id00401,0.9526472311262093,0.018911711704359322,0.028441057169431443
id12248,0.9584111007375575,0.02803268447373294,0.013556214788709641
id04641,0.9337872147904335,0.02340868126340163,0.04280410394616483
id01658,0.8917461009515283,0.016415901376988815,0.09183799767148304
id03153,0.08264923266270678,0.04469276899773939,0.8726579983395539
id27961,0.8642286934319706,0.034528391915574934,0.10124291465245444
id15984,0.9739794207967698,0.012773746131034335,0.013246833072195988
id01789,0.5649612135393848,0.39938874899803933,0.03565003746257606
id27264,0.011516168626478099,0.01638225715841606,0.9721015742151059
id05158,0.012294491004414742,0.009775791756077448,0.9779297172395077
id14265,0.1190242821166456,0.08074832176242444,0.8002273961209301
id20696,0.42405180344008003,0.04921924937198291,0.5267289471879372
id01133,0.5556849171719569,0.06744568450496319,0.37686939832307986
id24953,0.9680599821285218,0.015037502612991303,0.016902515258486933
id11298,0.05659710169206342,0.011142258174374225,0.9322606401335622
id20917,0.2776803966076512,0.4886321134627945,0.23368748992955432
id25275,0.0644197848858746,0.9041129544113148,0.031467260702810536
id00850,0.9501340164233081,0.009680519144974913,0.0401854644317171
id23225,0.028784835413905956,0.961863886073611,0.009351278512482946
id15602,0.027118116295665018,0.01816840740063207,0.9547134763037028
id12160,0.08647760568788047,0.04076577600305577,0.8727566183090638
id25388,0.03168693437006709,0.9434795415545926,0.024833524075340382
id13837,0.06136749298160931,0.9223142159808074,0.016318291037583327
id06804,0.013180556317560144,0.04376482339617994,0.9430546202862601
id19978,0.0952449139514948,0.8915803909525419,0.013174695095963359
id27563,0.011019920255923415,0.008620242035399238,0.9803598377086773
id23762,0.1960147830698475,0.7843535786047471,0.019631638325405435
id22734,0.02251271946763977,0.9601058488488783,0.01738143168348207
id09094,0.6259245745294351,0.17677396164250303,0.19730146382806196
id27270,0.021006925158368654,0.9666124903162936,0.012380584525337792
id05043,0.020033708390716585,0.9637943716118316,0.01617191999745183
id15290,0.1397872240893879,0.8466529190409845,0.013559856869627731
id26333,0.939251801448576,0.01025746290087586,0.05049073565054827
id26111,0.09568196960376937,0.8733711514799845,0.030946878916246028
id23029,0.02420265336432981,0.01052303485839794,0.9652743117772723
id11837,0.934825907511282,0.032515993704711886,0.032658098784006155
id03497,0.9362137007780641,0.012338521633139105,0.05144777758879673
id19290,0.9369821285884622,0.03517444529334369,0.027843426118194316
id08008,0.8626583574474475,0.06392207987466536,0.07341956267788716
id24949,0.013512093745356647,0.9718409183207536,0.014646987933889643
id25023,0.012224300791977772,0.014998365162745492,0.9727773340452768
id02205,0.01895458604832898,0.9567202085946817,0.024325205356989305
id11041,0.9750765062061018,0.009340841235764143,0.01558265255813406
id14395,0.00975654903921256,0.9802260618825634,0.010017389078224014
id01130,0.19179534231469045,0.09410200730172505,0.7141026503835847
id21066,0.40669637368911965,0.1632554837171608,0.43004814259371954
id17774,0.9391914787664235,0.051101601356411196,0.009706919877165194
id24519,0.012339393447632454,0.009153236416304474,0.9785073701360631
id08460,0.5143425970830618,0.13381130632469762,0.35184609659224064
id19897,0.01584294278619527,0.9346674907562975,0.04948956645750713
id19028,0.9649978536993178,0.017790821575674347,0.0172113247250077
id01850,0.9683864199586907,0.015950373773946754,0.015663206267362714
id22472,0.012807907073185361,0.9780336648371918,0.00915842808962293
id10709,0.14186431638168903,0.4561342916532833,0.4020013919650277
id17260,0.13812632869864053,0.5461657806535075,0.31570789064785204
id22262,0.9687398299795695,0.016657864005000144,0.014602306015430302
id00115,0.9659121799827829,0.0230957368746733,0.010992083142543713
id17483,0.014271068875514697,0.011479980887670762,0.9742489502368145
id10763,0.6431414595474695,0.06515236022516867,0.291706180227362
id18014,0.009624627217360222,0.9751870831372259,0.015188289645414018
id20414,0.7879159358837377,0.018888008821806027,0.19319605529445635
id14244,0.9121231010156217,0.05669316707747929,0.031183731906898937
id24952,0.9315872665798515,0.0119383932696351,0.05647434015051353
id08217,0.10117370376006435,0.028502509720123765,0.8703237865198118
id01578,0.012692206735841581,0.009426957180260615,0.9778808360838979
id00641,0.9252671368041516,0.06420591969424444,0.010526943501603806
id24982,0.9803262869062902,0.01039447725725093,0.009279235836458694
id11192,0.9716080083005808,0.018852061275888246,0.009539930423530837
id13759,0.030142488244114835,0.042250339988934044,0.9276071717669511
id26752,0.9423748488815147,0.03873913168789559,0.018886019430589738
id06820,0.9531502204553424,0.016321989056823395,0.03052779048783415
id27298,0.17717481378417582,0.16249472820594402,0.6603304580098802
id20735,0.030131131749475296,0.014507471555802422,0.9553613966947224
id08390,0.020112237837155093,0.9538638926095054,0.026023869553339386
id18571,0.09007455766653193,0.013469123411122642,0.8964563189223453
id05804,0.013317561861310022,0.9727427486873363,0.01393968945135375
id11867,0.02009378528217213,0.011246511959868689,0.9686597027579591
id10286,0.9168479604495937,0.030509862959355784,0.05264217659105063
id22020,0.9755484828128439,0.009787546679308918,0.014663970507847122
id25835,0.01523111652190677,0.009501203879635427,0.9752676795984578
id06583,0.9031962228591777,0.06730548768868126,0.02949828945214097
id21403,0.01358383985713926,0.9774348703508516,0.008981289792009206
id26730,0.9673110306374326,0.014993343979615608,0.017695625382951687
id06873,0.9735711582117307,0.010437199153662069,0.015991642634607364
id03552,0.9793494794744902,0.010442847700151584,0.010207672825358284
id05607,0.025868759691957892,0.018551688898410086,0.9555795514096321
id26395,0.02070752392009648,0.01309254762374091,0.9661999284561625
id02844,0.6020599432857594,0.31671158245884834,0.08122847425539231
id19710,0.03389079781460534,0.9084196513122584,0.05768955087313611
id17076,0.9145962439757721,0.0261534472901462,0.05925030873408159
id14070,0.9735477428488089,0.013332160630553416,0.013120096520637831
id17106,0.9328010934431872,0.022314359278761603,0.04488454727805111
id24689,0.9716076611496032,0.01152482715393154,0.016867511696465144
id03718,0.07751148013999784,0.0159544645469466,0.9065340553130556
id03957,0.9323220672559899,0.04471312403731205,0.022964808706697995
id18995,0.022221508425613535,0.9685341099001968,0.009244381674189733
id11668,0.860383811536222,0.0698391118851298,0.06977707657864816
id15721,0.9766462918804071,0.011500610830306637,0.011853097289286324
id10379,0.05218281945692775,0.9306954680137096,0.017121712529362766
id15009,0.940620061267902,0.022353414963507977,0.03702652376859008
id11339,0.02605571897666069,0.9628485937421032,0.011095687281236197
id18532,0.026707308413914728,0.9569617403093714,0.016330951276713974
id16469,0.9468863065556918,0.025212632800366265,0.027901060643941978
id22464,0.032253271311559494,0.9589426094690598,0.008804119219380804
id06314,0.0373035854457401,0.011735369067919034,0.950961045486341
id27085,0.919030752486554,0.021861789956054457,0.059107457557391684
id14452,0.9237932743874285,0.01683856518425405,0.05936816042831755
id14939,0.9266781779808422,0.04665525983480972,0.026666562184348205
id20094,0.9415535199001382,0.01627567452220408,0.042170805577657594
id23077,0.7426302562663057,0.19700634818127286,0.06036339555242129
id17527,0.9723544512056307,0.015660347110172883,0.011985201684196579
id14895,0.893115885768153,0.08078245478510569,0.026101659446741178
id22577,0.022127088260203827,0.008778679898482775,0.9690942318413133
id16111,0.0318998785006269,0.9537587670702469,0.014341354429126176
id21649,0.07375218425341849,0.07410319595123738,0.8521446197953442
id22954,0.9683446255104143,0.01832792720742964,0.013327447282156003
id12624,0.016390646072803827,0.033903330639520876,0.9497060232876754
id05737,0.9649315684880977,0.014298994569814386,0.020769436942088007
id23937,0.06795357346579138,0.019337214883611918,0.9127092116505968
id06620,0.01242784563143264,0.011898314896932664,0.9756738394716348
id18650,0.023428441288174714,0.023940099856684258,0.9526314588551409
id09656,0.9722137757611463,0.011301184780025793,0.01648503945882795
id10285,0.9163079899381618,0.05760828093786337,0.026083729123974848
id05729,0.03309495236048893,0.012349877527019132,0.954555170112492
id00102,0.01675412764949354,0.08491602800032462,0.8983298443501819
id26276,0.040856802605302396,0.08447496088581644,0.8746682365088813
id12620,0.37927495016601537,0.5979281655760266,0.022796884257957947
id17949,0.18953100162083147,0.14757292363550462,0.662896074743664
id15708,0.0634553699479323,0.9248825203668188,0.011662109685248837
id18300,0.04960056156179432,0.017170376364839875,0.9332290620733659
id04039,0.7014246137085713,0.08274064685622556,0.215834739435203
id12158,0.9558021697364865,0.025558735150832644,0.018639095112680897
id23197,0.013304717743853596,0.9567604999209562,0.029934782335190056
id25384,0.3886600873867827,0.5204641777343108,0.09087573487890649
id09070,0.04868091359248901,0.37334552944575267,0.5779735569617585
id27734,0.9178762242171475,0.01267400876030211,0.0694497670225503
id27332,0.8878333206580822,0.03858763011031721,0.07357904923160058
id00973,0.9660345386504954,0.021530644660622194,0.012434816688882386
id26625,0.10727852740497348,0.8585340572787955,0.034187415316231144
id24578,0.023656306767611674,0.963601839209266,0.012741854023122405
id05423,0.02371688340946816,0.9577007432728459,0.018582373317685995
id19124,0.01616572019552953,0.9655547216493383,0.018279558155131992
id00946,0.9726791401424953,0.009362621775859755,0.01795823808164504
id19229,0.9462173182984542,0.03936217482880406,0.014420506872741578
id05311,0.06395722656847733,0.8835731496996301,0.05246962373189274
id03289,0.9537517712466036,0.03178711972146308,0.014461109031933511
id17758,0.011479540203081574,0.9713235619125503,0.017196897884367988
id24336,0.011667086759687997,0.9680873841616511,0.02024552907866086
id00603,0.025277919114384987,0.024138524803763037,0.9505835560818521
id26467,0.02954686246127365,0.0395404484351034,0.930912689103623
id27835,0.024870673552615484,0.021116003170563287,0.9540133232768213
id06861,0.04401663142108384,0.02361940293656857,0.9323639656423477
id23847,0.011890602958659083,0.009045256395330279,0.9790641406460108
id06174,0.03627772285982706,0.9393035941932901,0.02441868294688269
id10968,0.9561775300572294,0.0249558487063843,0.018866621236386348
id10881,0.9505189543444802,0.025713849924524003,0.023767195730995765
id03204,0.014132837753012335,0.9601282698801247,0.025738892366863067
id21921,0.8360583462501909,0.06077152540064486,0.10317012834916434
id06539,0.9623180521734105,0.018936713027767338,0.018745234798822317
id08880,0.07657098286136763,0.10087628197164382,0.8225527351669886
id14725,0.045356412711091594,0.019796017073551282,0.9348475702153571
id26107,0.014324298776841226,0.008364293475008751,0.97731140774815
id07874,0.02859881541081575,0.9606717685552159,0.010729416033968346
id23638,0.9477096757818595,0.01770697642519258,0.03458334779294782
id13498,0.02077000897709979,0.013529824259869507,0.9657001667630308
id18940,0.014971816231403702,0.01539738980838745,0.9696307939602088
id02120,0.8931370969161497,0.08777472928526471,0.019088173798585413
id26663,0.8908313891226053,0.025715285119753184,0.0834533257576417
id20127,0.01049588804320147,0.01339573867165319,0.9761083732851453
id27922,0.0870261424548077,0.02469235060492417,0.8882815069402682
id15106,0.43094034980841117,0.24843802448001207,0.3206216257115769
id22158,0.015961812918492004,0.0126992658320643,0.9713389212494437
id17029,0.015043802227231189,0.9761473398176714,0.008808857955097437
id02554,0.3732787109714543,0.04965509940222569,0.5770661896263201
id18454,0.016336044148620193,0.026549221821739844,0.9571147340296401
id09016,0.06517581757407485,0.012506869527939217,0.922317312897986
id02307,0.9791434425685991,0.010089239550356847,0.010767317881044014
id01650,0.025609292995203085,0.01374314792595325,0.9606475590788436
id01254,0.012512758126510563,0.9654764268004686,0.02201081507302072
id12921,0.020448827222364213,0.010095639064125408,0.9694555337135103
id05721,0.02966229927612151,0.010299256073617974,0.9600384446502604
id05798,0.034466673600276554,0.9390669674839501,0.026466358915773217
id04417,0.017374265903336652,0.009921781216540816,0.9727039528801225
id19620,0.9533888783664166,0.026718232529544566,0.01989288910403896
id22680,0.05637468924204728,0.9307832582895882,0.01284205246836442
id21992,0.10546277513025937,0.013079857922304268,0.8814573669474363
id22823,0.09712808486468393,0.8908275517251673,0.012044363410148673
id12750,0.6906342317712688,0.22471788986460423,0.08464787836412688
id23220,0.016348511059332535,0.011824401655282568,0.971827087285385
id11851,0.08773616695386585,0.04589044168904818,0.866373391357086
id27438,0.9226008730984127,0.038996630091500825,0.03840249681008662
id00797,0.3089769803077776,0.03313368910019333,0.6578893305920293
id08593,0.9162414066527211,0.012288477574317745,0.07147011577296099
id01042,0.014878831107997275,0.05811938258438324,0.9270017863076194
id19898,0.0824189317015854,0.8960245355586292,0.021556532739785556
id24615,0.02309001890980282,0.046246338130498936,0.9306636429596984
id18594,0.021660815313617278,0.013509164163662149,0.9648300205227206
id08534,0.01544109177585487,0.015464093667048205,0.9690948145570969
id03889,0.9614827797649492,0.027866885515644202,0.010650334719406695
id04873,0.949723407256392,0.02961392084711166,0.020662671896496346
id08264,0.980215032043838,0.010951660806991932,0.008833307149169979
id10187,0.843053145437029,0.026358095662758346,0.13058875890021251
id14278,0.030303474059723976,0.018969415683906265,0.9507271102563698
id22528,0.009558833997004036,0.9811995360277033,0.009241629975292617
id07416,0.05779179839265715,0.43620208954426315,0.5060061120630797
id02857,0.1258542083412908,0.8304806428424107,0.04366514881629834
id03875,0.03462779325020837,0.9400768111736029,0.02529539557618883
id24437,0.012069658542512077,0.952157077392156,0.03577326406533178
id24940,0.09479298902149447,0.5363645823370391,0.3688424286414665
id15070,0.39324697905224837,0.0767834826457496,0.5299695383020021
id14891,0.9600968323304256,0.026377328591810766,0.013525839077763429
id02110,0.9580917660417304,0.025615228158940573,0.016293005799329092
id24405,0.05129743740702178,0.6113647475045867,0.33733781508839167
id00373,0.027782253169973258,0.015558492380576652,0.9566592544494502
id12728,0.9789153594964164,0.008350588936401847,0.012734051567181832
id18958,0.9762204953533723,0.00961754787930851,0.01416195676731934
id17443,0.012123393347298754,0.9744084976465536,0.013468109006147522
id03959,0.980574261791923,0.00972067467551241,0.009705063532564645
id13218,0.35155823234740025,0.04704436360210839,0.6013974040504915
id01980,0.9113700320434358,0.049678050234851785,0.03895191772171251
id10697,0.9814884398169418,0.008958332705352587,0.00955322747770555
id24816,0.8162183506407152,0.07272891587572407,0.11105273348356075
id00088,0.02315198490951224,0.06990374659528761,0.9069442684952002
id13846,0.025097754014028365,0.9620878582934357,0.012814387692535857
id17597,0.9252019679612853,0.03309781513243387,0.04170021690628066
id09947,0.01823927372199248,0.9705809727778867,0.011179753500120746
id12050,0.8753024197966299,0.033030338237178256,0.09166724196619193
id24060,0.01013408839771547,0.008471909386943284,0.9813940022153413
id19942,0.9708144731154212,0.010922119635510043,0.018263407249068594
id06541,0.7812203097560073,0.13419890907873583,0.08458078116525675
id05746,0.9557654788209131,0.03521469837041032,0.009019822808676616
id13577,0.7179872192739831,0.07982619173624025,0.20218658898977654
id11877,0.027689179097571806,0.955798384380985,0.01651243652144312
id19491,0.14796563315518424,0.23755451251355048,0.6144798543312654
id11352,0.01290523344596795,0.009549201692972738,0.9775455648610593
id12791,0.9516050608556318,0.016666264042806942,0.03172867510156136
id05282,0.04432468558051134,0.018853340143690035,0.9368219742757987
id26833,0.17091859596344453,0.6683666726667112,0.1607147313698443
id00580,0.01425397835439147,0.009479888339899326,0.9762661333057091
id01236,0.013356187471183887,0.008754282778314264,0.9778895297505018
id05455,0.06860928205472117,0.8999448019141847,0.031445916031094145
id00069,0.02262790628219069,0.965483683553061,0.011888410164748411
id01605,0.9806361852792344,0.008322171238470458,0.011041643482295296
id17737,0.5574637717893531,0.07002747164041953,0.3725087565702274
id11315,0.017128809915878812,0.017809624611514425,0.9650615654726068
id24044,0.791869176651189,0.05535292545655871,0.1527778978922521
id18677,0.9709212909503503,0.01280222087264325,0.016276488177006585
id17678,0.9660442149887087,0.01633806255122408,0.017617722460067046
id21528,0.974622562993921,0.01529083326516257,0.010086603740916524
id21985,0.9014757286203416,0.07883714688493926,0.019687124494718985
id12860,0.7756627430710858,0.1463229482554278,0.07801430867348644
id08793,0.9743994071230042,0.012654002691655486,0.012946590185340317
id09245,0.9793131956760587,0.01065554712504258,0.010031257198898713
id12523,0.02155719159037887,0.010673793019684156,0.9677690153899369
id07158,0.036938735753522516,0.9431167783314439,0.019944485915033616
id03473,0.02750419714190967,0.9451505035775896,0.027345299280500827
id05999,0.9787625053308814,0.009585374566121891,0.011652120102996733
id02469,0.8588657219443753,0.02937333519325033,0.11176094286237445
id16675,0.03954049369681874,0.012029718622264304,0.9484297876809169
id20508,0.016698020936165393,0.009861277048337724,0.9734407020154968
id12669,0.9662216831567474,0.019352224111218744,0.014426092732033968
id22277,0.10501403687012671,0.029767023387852285,0.8652189397420211
id00355,0.027243434943933834,0.023066290156167214,0.9496902748998991
id24427,0.03147666031754618,0.9461978655446945,0.022325474137759396
id19241,0.8993106963148152,0.07904148272315958,0.02164782096202512
id26301,0.295353806892262,0.5578997570768471,0.14674643603089096
id09404,0.039128761249522095,0.9447966654166376,0.01607457333384027
id14347,0.9733314552649527,0.009543161832946907,0.017125382902100392
id06898,0.9743174415170025,0.011112033238822382,0.014570525244175118
id08750,0.9309570365553128,0.017523577178863468,0.051519386265823766
id13572,0.8146952515816023,0.042529990677304286,0.1427747577410933
id08731,0.01024204645262463,0.9755433489582782,0.014214604589097053
id20124,0.9455973799501908,0.01434297147282651,0.04005964857698263
id14276,0.013340386645231319,0.030253330299480193,0.9564062830552884
id13035,0.9546949148339997,0.018586747051435155,0.02671833811456505
id24056,0.031425160325806265,0.015250866128884044,0.9533239735453096
id21132,0.9693765445298429,0.020208014979287342,0.010415440490869649
id21465,0.05304457651172731,0.010723309295521398,0.9362321141927513
id27148,0.044490344772876125,0.9440608516970064,0.011448803530117608
id14482,0.8283148582998354,0.020493031403444183,0.1511921102967203
id17950,0.9482274320221994,0.02378832564936291,0.027984242328437752
id15233,0.012876509280942148,0.978110918403079,0.009012572315979074
id11794,0.06443879598170399,0.014949662999961533,0.9206115410183345
id27227,0.05188656407291073,0.9186060273951058,0.02950740853198338
id13093,0.02875019145658474,0.9542080130850435,0.01704179545837179
id12869,0.016920009413337364,0.9689593487300615,0.014120641856600974
id01256,0.29748878429417985,0.6718918610492128,0.03061935465660721
id00934,0.3253397406655998,0.05160748486489502,0.6230527744695051
id00121,0.05628692003490365,0.909334887046346,0.03437819291875024
id11054,0.016585906651074307,0.9564490214775355,0.02696507187139015
id02573,0.6983585779374414,0.025194673066004473,0.2764467489965541
id13626,0.09419149946462667,0.0367026655029734,0.8691058350324
id25047,0.804738200345832,0.12270991854045478,0.0725518811137134
id04465,0.014591566783571494,0.9771309107402414,0.008277522476187182
id09344,0.021558654735357466,0.04228014659942524,0.9361611986652173
id24254,0.009107321486757173,0.981910022487687,0.008982656025555947
id04266,0.013267648514039384,0.010571554601102094,0.9761607968848585
id19734,0.32201003744527473,0.042657462977114084,0.6353324995776113
id13127,0.9631216691465202,0.01037465463256323,0.026503676220916657
id27066,0.028338226389842687,0.00995037849256146,0.961711395117596
id13629,0.011173202841546341,0.008351726645548068,0.9804750705129055
id26484,0.803650722041049,0.07033307773557472,0.1260162002233761
id02074,0.6342489161364857,0.05147202055970681,0.31427906330380756
id24688,0.9527208915785691,0.026345159304024365,0.020933949117406515
id17455,0.015530127945419487,0.973666473812889,0.010803398241691652
id14980,0.9437313140225551,0.017804158565893523,0.03846452741155134
id15840,0.9796763324272386,0.008492613020515318,0.011831054552246117
id20440,0.02420173829376947,0.01048044165555224,0.9653178200506783
id25262,0.9655458359087583,0.014210991924116026,0.02024317216712568
id20395,0.010153030874606549,0.9805218318564323,0.009325137268961302
id14332,0.03357284284907863,0.9454868695530795,0.020940287597841983
id07118,0.7609033776948462,0.043689666155575346,0.1954069561495786
id26424,0.9809316660347938,0.010028958484281765,0.009039375480924572
id21308,0.14606007822881265,0.5578124016070279,0.2961275201641595
id21688,0.030535593375127956,0.011047419358242615,0.9584169872666294
id09581,0.019804780075141075,0.9662524592903987,0.013942760634460337
id27297,0.9434909763179955,0.029319052357906758,0.027189971324097895
id20086,0.08426324410459028,0.4975007566386178,0.418235999256792
id03762,0.04985938509025907,0.9107834592274552,0.03935715568228569
id10789,0.8532286743990475,0.022133248757576333,0.12463807684337629
id18058,0.03703905135767094,0.055512379972354524,0.9074485686699745
id01701,0.965573740529226,0.02120674247520416,0.013219516995569836
id17232,0.04960584625379661,0.9154504958148243,0.034943657931379254
id23541,0.866242931641503,0.02318586123773592,0.11057120712076103
id20699,0.05972302698049042,0.9312156657106827,0.009061307308826818
id06657,0.017993322100222704,0.07831666945535667,0.9036900084444207
id13807,0.22875148597417885,0.04846295355771556,0.7227855604681057
id18344,0.12005340978717413,0.8013275936839404,0.07861899652888567
id09363,0.032335296855325636,0.033729922626605964,0.9339347805180683
id12470,0.012649911155719213,0.9770867427731909,0.010263346071089991
id13430,0.9572055095433915,0.025574023223680884,0.0172204672329276
id13549,0.018079751275256108,0.010978987012179997,0.970941261712564
id24423,0.9527470224039841,0.023076299031699436,0.024176678564316385
id15402,0.9402539669114167,0.024920014257158028,0.03482601883142533
id22070,0.09565132334046186,0.8893423381843528,0.015006338475185508
id05977,0.9775756242930296,0.010146252395392831,0.012278123311577467
id18772,0.3778877012529487,0.034236635584416863,0.5878756631626346
id11214,0.08811266735359766,0.8972666491738162,0.014620683472586112
id01263,0.6710818714821721,0.05809769264025292,0.27082043587757487
id03187,0.9077875191464968,0.06916895365957378,0.02304352719392955
id07817,0.9608450376483026,0.020908642452678813,0.018246319899018495
id08796,0.061293548910608474,0.9148355934041995,0.023870857685192124
id02347,0.46843175234521667,0.054329878336359175,0.4772383693184242
id08989,0.016447219243476058,0.014034713920589546,0.9695180668359343
id24462,0.4093547827862985,0.5080417165877937,0.08260350062590768
id05147,0.04890985926046734,0.02505744291639827,0.9260326978231344
id26389,0.10018318006763174,0.8330787782255531,0.06673804170681519
id12300,0.06705234855934865,0.02484524623424299,0.9081024052064083
id06273,0.9473452627334991,0.01840891711858952,0.03424582014791147
id27453,0.18418813670996037,0.7571035162372933,0.05870834705274622
id19255,0.8653545247970037,0.039446357317355206,0.09519911788564098
id22593,0.9185971289761394,0.0386021838029525,0.042800687220908115
id07089,0.9783938853120203,0.011223002233682394,0.010383112454297187
id22379,0.015936702276791816,0.9721102030206913,0.011953094702516842
id22024,0.9609660793893506,0.025725708027867732,0.013308212582781741
id25541,0.09533747240739023,0.781528646604779,0.12313388098783086
id10216,0.12169703772045613,0.867547301028805,0.010755661250738761
id07493,0.9753596860284288,0.013352360834305355,0.01128795313726584
id25552,0.9469563336330912,0.014199314553984791,0.03884435181292418
id21244,0.5692852262396672,0.04359143927236205,0.3871233344879709
id17278,0.03881980902429044,0.9416325506994273,0.01954764027628212
id14850,0.9130412844091581,0.07557393937882798,0.011384776212013921
id21434,0.027694587134955692,0.057858989782236275,0.9144464230828081
id22924,0.9590659346476771,0.013336137760110521,0.02759792759221243
id17321,0.9499688632127512,0.02404649733978424,0.025984639447464455
id04319,0.9198184802847169,0.05140203984540251,0.028779479869880675
id09823,0.05005206275231177,0.9310846027548606,0.018863334492827708
id03485,0.01929719827914201,0.9573871054972818,0.02331569622357609
id12138,0.6776040519219825,0.27321610009559655,0.04917984798242091
id00196,0.03326062482253644,0.056849850595892266,0.9098895245815714
id07822,0.04075280238601338,0.028385306247053356,0.9308618913669333
id21775,0.02971924645332856,0.03679289458755233,0.933487858959119
id13407,0.8845944236085731,0.03148713366004516,0.08391844273138167
id12430,0.011524309074957653,0.9785596479659978,0.009916042959044472
id23691,0.9784468547600834,0.011644329384099848,0.009908815855816572
id17641,0.03091376241186882,0.9520403181571946,0.017045919430936605
id09125,0.04181835343758076,0.7209358265355282,0.23724582002689112
id18512,0.9121241858102304,0.030940962745476894,0.05693485144429274
id01639,0.08160042374731412,0.07592390402944552,0.8424756722232404
id06860,0.012884835034003875,0.009573838746828251,0.977541326219168
id25534,0.9470865709449511,0.04207504007148074,0.010838388983568264
id13546,0.9747354744575099,0.010618197402272926,0.01464632814021728
id10032,0.9703742309200195,0.010654925350927331,0.018970843729053333
id05228,0.02308464592715923,0.01560850976310082,0.96130684430974
id24992,0.016540310502485497,0.016695936624158653,0.9667637528733559
id14168,0.9769987704235235,0.008620362946196818,0.014380866630279671
id20747,0.9118797610372489,0.010846337756588931,0.07727390120616238
id16986,0.9706742529875445,0.019280597316810567,0.010045149695644885
id11226,0.054587906325355484,0.9281895860836663,0.0172225075909783
id13998,0.9428873859228363,0.013629045344244297,0.04348356873291941
id15169,0.9678829115507268,0.009507759877809505,0.02260932857146356
id00737,0.9547578985928818,0.011419546057936178,0.03382255534918204
id24476,0.9431052708233431,0.020129929044091634,0.036764800132565154
id03044,0.9653930539370402,0.013799471151422563,0.020807474911537095
id26746,0.9145564221225442,0.03954819507543888,0.045895382802016854
id10776,0.9362668921229961,0.011080511795042885,0.05265259608196105
id06266,0.05015744159668146,0.011675708616785251,0.9381668497865334
id13362,0.8831941647037502,0.10733059439705986,0.009475240899190008
id09335,0.9783524326132409,0.009446640096811633,0.012200927289947539
id15894,0.06164376295431972,0.9093871388026367,0.0289690982430435
id15866,0.5998157426366152,0.03471000074376161,0.36547425661962335
id25763,0.03348247210028578,0.036742058590475225,0.9297754693092389
id01091,0.015373041026054855,0.9730421168590238,0.011584842114921497
id11647,0.959861662520006,0.022363214268967892,0.017775123211025964
id19671,0.03161881310797577,0.04235996731329475,0.9260212195787294
id18007,0.024536676896927078,0.0306451515356255,0.9448181715674474
id01473,0.9433043523097179,0.03190621568042125,0.024789432009860734
id07169,0.019448396740197677,0.01521154010550044,0.965340063154302
id05484,0.010378775673426807,0.008439055592605976,0.9811821687339674
id18452,0.9414126285875711,0.03861961942825426,0.019967751984174782
id27490,0.7079163614129919,0.2375714044049172,0.054512234182091036
id11050,0.9557769507618917,0.024782918949851254,0.019440130288256925
id07588,0.01709189308657509,0.008620121039674912,0.97428798587375
id21194,0.9805244793809018,0.01061524666111177,0.008860273957986511
id07282,0.011959579230993195,0.008529006361965253,0.9795114144070416
id03652,0.9721948265390693,0.008162046114915094,0.019643127346015643
id04009,0.011484575286637213,0.9673381788709422,0.02117724584242066
id27188,0.9117216504483492,0.04485436446461574,0.04342398508703513
id19554,0.9043358460724367,0.049475824305814604,0.04618832962174887
id04072,0.49008890430968605,0.025073312436408632,0.4848377832539055
id19023,0.8273340243348583,0.07842801367927707,0.09423796198586479
id08801,0.02060235516165965,0.022423989410969073,0.9569736554273713
id08893,0.43669664800681074,0.05025022381919046,0.513053128173999
id03644,0.03220854404803336,0.95612694322959,0.011664512722376645
id00579,0.29556842487270524,0.06486754322657577,0.6395640319007191
id15631,0.944569162711649,0.024400255767607376,0.03103058152074348
id07828,0.9178408941693716,0.06731129575609843,0.014847810074529916
id00411,0.047592846348103894,0.940625850348371,0.011781303303525163
id26553,0.8970686843500687,0.023599298844758625,0.07933201680517278
id05221,0.017624825448015354,0.009442717586015673,0.9729324569659691
id20958,0.9760083102464185,0.012219265831639615,0.011772423921941808
id19691,0.946985324119144,0.00832853400130089,0.044686141879555094
id10400,0.9801647115658599,0.009547330812374341,0.010287957621765924
id16157,0.01249350118897247,0.008487218918392906,0.9790192798926346
id26110,0.015028670797320749,0.9763636389942436,0.008607690208435572
id26270,0.11772965608947975,0.8463228971574228,0.03594744675309743
id04157,0.9787964136318895,0.011869898666982383,0.009333687701128203
id24711,0.0461311637102219,0.014751840730998498,0.9391169955587797
id05534,0.10227358681291453,0.02547649434969015,0.8722499188373954
id21712,0.05658266928781713,0.898442352581139,0.044974978131043786
id03280,0.0585950854039078,0.016481272698160104,0.9249236418979322
id14997,0.05606144428036694,0.008764546803644456,0.9351740089159887
id21964,0.01654080766161034,0.008539848363446421,0.9749193439749434
id20963,0.01433531373170023,0.008435181791925095,0.9772295044763746
id08635,0.0350196961412665,0.9241505713943581,0.0408297324643755
id16390,0.5093616634556407,0.440542327552657,0.05009600899170225
id16486,0.8947235262178818,0.02470531897163718,0.08057115481048115
id14367,0.048942135213714724,0.2554142267971546,0.6956436379891306
id10560,0.9809435247304004,0.008616473499073369,0.010440001770526279
id14106,0.8865506332526143,0.03910500988196567,0.07434435686542
id09668,0.9657135282529424,0.015602053889871162,0.018684417857186268
id18250,0.9454086287385621,0.029064176170569576,0.025527195090868184
id26648,0.9505673929023775,0.011284408995458304,0.03814819810216424
id27314,0.9545682614580929,0.018508847562801637,0.02692289097910548
id04581,0.06305568797905088,0.017288479705816498,0.9196558323151327
id06405,0.14455350194969865,0.821339691202601,0.034106806847700455
id17908,0.014852001961793896,0.009837143975826211,0.9753108540623799
id07217,0.890698892786627,0.040710203840125025,0.06859090337324808
id17285,0.056256534104261915,0.01009951778014331,0.9336439481155948
id19589,0.9231524286192649,0.052549532943763105,0.02429803843697194
id15916,0.913980437050121,0.022670271363371856,0.06334929158650711
id26239,0.946518958801208,0.0237080364027504,0.02977300479604169
id20163,0.9756836907352673,0.009772812061115365,0.0145434972036173
id22845,0.028945184961208677,0.06448073586645175,0.9065740791723397
id11509,0.8990075599465375,0.059211433128065295,0.04178100692539739
id26789,0.8124241796751047,0.13852614515172182,0.04904967517317338
id24679,0.9223195582543909,0.06096610613442962,0.01671433561117944
id19832,0.9492982338550984,0.015391929327764472,0.03530983681713718
id11724,0.9463657993941534,0.018433249534298646,0.03520095107154793
id01539,0.9668656939488489,0.014604861625666248,0.018529444425484924
id22039,0.08427087602148117,0.8624088716400814,0.05332025233843739
id07621,0.02598235641002132,0.009492053994127444,0.9645255895958512
id16398,0.08783080173076346,0.8912776719031648,0.020891526366071937
id15932,0.24899771900819714,0.06609035443939217,0.6849119265524107
id17054,0.017334020382017146,0.9675134098262166,0.015152569791766322
id23487,0.8959935152684585,0.015052077089768528,0.0889544076417731
id16099,0.026605694133582405,0.9525861190854799,0.0208081867809379
id25225,0.9676653707862076,0.013524639549434883,0.01880998966435753
id18173,0.6356659809853142,0.31506826491775586,0.04926575409692995
id24856,0.9739574242321999,0.011448746056257869,0.01459382971154227
id14760,0.02731647892761552,0.1406312418440123,0.8320522792283723
id25291,0.2523538087216433,0.728163739020699,0.019482452257657573
id16267,0.8993897822830577,0.020387788034243796,0.0802224296826985
id07922,0.03609312902271022,0.014077856544291327,0.9498290144329984
id20870,0.7061158582174352,0.07196327003297522,0.2219208717495897
id21780,0.261241971444316,0.10408203606901978,0.6346759924866643
id21309,0.6935615072538255,0.04770322488233686,0.2587352678638377
id05849,0.8890369398669596,0.08183795579424503,0.029125104338795244
id16246,0.023636935677279227,0.018923844156348336,0.9574392201663725
id25081,0.011313860536895079,0.9766090219414416,0.012077117521663246
id06468,0.8434654385743547,0.10030518323791965,0.0562293781877256
id13842,0.08938395461463818,0.885293189529298,0.025322855856063656
id23976,0.024301569824663614,0.011390801256230649,0.9643076289191058
id25649,0.9793770268490316,0.008388492926109718,0.012234480224858629
id26815,0.0248955683456716,0.9274001809957918,0.047704250658536715
id09343,0.029833116248692188,0.017700258385436457,0.9524666253658715
id03120,0.8756685541937994,0.01645841994202084,0.1078730258641797
id16638,0.9750222406788214,0.009344502023765706,0.015633257297412963
id18625,0.01224794253534073,0.008961997844125845,0.9787900596205336
id01679,0.05737239734975745,0.03632611834705209,0.9063014843031904
id17137,0.016855446898406342,0.9729897207458726,0.010154832355721136
id14684,0.021047932619984656,0.019254535599871683,0.9596975317801437
id01671,0.13849044363266336,0.31095659914809676,0.5505529572192398
id27271,0.6284106759874913,0.031479828562641664,0.34010949544986707
id16321,0.9814673798622573,0.008530822726769418,0.010001797410973321
id07468,0.009541331420837533,0.9820122254023406,0.008446443176821786
id20777,0.018053859330589506,0.013981542145687382,0.9679645985237232
id26036,0.9261040020522419,0.025789970973156183,0.04810602697460207
id23135,0.013981635469449616,0.013097638835906842,0.9729207256946434
id07669,0.013748313546987752,0.05282095005525812,0.9334307363977541
id00142,0.009150003342552592,0.9811876413914193,0.009662355266028017
id12357,0.9471817368549057,0.024806731451844873,0.028011531693249412
id08890,0.02176643987642876,0.08102152795608539,0.8972120321674859
id21379,0.06328924249310114,0.9235364062977878,0.013174351209111174
id12099,0.9589863805071986,0.01540214538982203,0.025611474102979422
id06503,0.07336384298831493,0.034110215279925506,0.8925259417317597
id14408,0.03131991791418932,0.9557967370725075,0.012883345013303044
id17370,0.17535107077631765,0.7726066163031913,0.05204231292049098
id25432,0.9820544537003848,0.009171345396106444,0.008774200903508642
id10132,0.21024458040885954,0.029413383969181254,0.7603420356219593
id27069,0.032141113737737606,0.9405720359184734,0.027286850343789113
id11515,0.8162128362063941,0.1299423178228111,0.053844845970794766
id01323,0.9811591840749052,0.009909969869263098,0.008930846055831625
id22520,0.016601826990721217,0.019846597789050274,0.9635515752202286
id03293,0.019706038995627246,0.009709159620687866,0.970584801383685
id19708,0.239252190300914,0.06930279910627547,0.6914450105928106
id22346,0.9479973730234059,0.033863545843397756,0.01813908113319626
id27744,0.9745054194289109,0.013016917319072346,0.01247766325201671
id04004,0.919625672971196,0.03382677060365902,0.046547556425144826
id09476,0.9632021378619419,0.023454127881657606,0.013343734256400588
id01582,0.020192168994363473,0.03439958332147893,0.9454082476841577
id23782,0.11474863025101902,0.06574219781055277,0.8195091719384283
id03403,0.010376920828066526,0.009166760421084141,0.9804563187508493
id11119,0.04182335571318537,0.9408927403475149,0.017283903939299843
id16681,0.9079083335819426,0.05649669379575471,0.03559497262230259
id16399,0.9826848637100885,0.00834760500883535,0.008967531281076172
id22630,0.9453814267803514,0.021321144162244104,0.03329742905740433
id27950,0.9341300080550583,0.019769250886348004,0.04610074105859364
id00046,0.9606075353835177,0.014502070457790802,0.024890394158691636
id25556,0.05271100565412082,0.03375371962289587,0.9135352747229832
id16039,0.9777377207453283,0.010341618996192316,0.011920660258479479
id09110,0.9805629235473206,0.009192800566995193,0.010244275885684202
id19881,0.9552769549112596,0.02302890782689929,0.021694137261840968
id21735,0.9640171327113386,0.022580209187030933,0.013402658101630298
id02023,0.9554616477400669,0.02589628622319346,0.018642066036739544
id01230,0.019296571914565366,0.9552622507486993,0.02544117733673519
id14916,0.011800676083908963,0.011409507771090585,0.9767898161450005
id04944,0.9280204843163422,0.049754949860918406,0.022224565822739302
id04349,0.20298687939014826,0.09754177286277074,0.6994713477470811
id22580,0.016325610418783085,0.948719572792515,0.034954816788702096
id00343,0.2911879373608301,0.5960264346706234,0.11278562796854642
id14218,0.012383360768523487,0.9607638161108103,0.026852823120666388
id10546,0.9762644634475055,0.014580541502918671,0.009154995049575882
id05627,0.04797957638958636,0.013678399814924323,0.9383420237954893
id13735,0.010760419053666153,0.9789969782853097,0.010242602661024142
id01525,0.029767145273437892,0.05241815046177407,0.9178147042647881
id25242,0.8694308559864128,0.04815209905023713,0.08241704496335013
id17077,0.854097344938655,0.03116217579626116,0.11474047926508382
id05672,0.9288145913776906,0.029112148368035745,0.04207326025427353
id22404,0.024881985102490945,0.9640040169000224,0.011113997997486804
id25704,0.02291800514100353,0.9164727161159671,0.06060927874302946
id00903,0.9612209979554619,0.029489653514288856,0.009289348530249321
id15496,0.9732023052371428,0.013996070511940253,0.012801624250916983
id09903,0.07328620545241012,0.01161101913403019,0.9151027754135597
id03419,0.977725933638659,0.008358894921345969,0.013915171439995109
id06647,0.42326840361490864,0.04171989946425346,0.5350116969208379
id16700,0.015371989262099092,0.9687838134663912,0.015844197271509614
id08983,0.8087732929969054,0.040969562742807296,0.15025714426028752
id20782,0.9237360002712618,0.04152156244130578,0.034742437287432294
id24494,0.8880618239064969,0.09204144798960243,0.019896728103900637
id10495,0.032080335296636696,0.15046969425584558,0.8174499704475179
id21262,0.3011003978575885,0.027925778239706694,0.6709738239027049
id25689,0.013314416591068357,0.01026132097512171,0.97642426243381
id03705,0.04861544905966262,0.05806164043534146,0.893322910504996
id01187,0.07267915275545594,0.9085391401442117,0.018781707100332355
id24649,0.9031351072644511,0.057711480520347525,0.03915341221520129
id12629,0.015059189560847978,0.011253449463606418,0.9736873609755456
id15211,0.02536128016968973,0.9490223593619406,0.025616360468369497
id13170,0.8486602769925484,0.02617103207028331,0.12516869093716815
id14801,0.06018402336558013,0.8858716658091137,0.05394431082530608
id18525,0.949861604833747,0.02346921100441446,0.026669184161838527
id21963,0.951515777966703,0.03966785476176439,0.008816367271532689
id23746,0.019552793524522508,0.008964763699011672,0.9714824427764659
id18216,0.06367511380488385,0.03408430950899701,0.9022405766861191
id16493,0.034295047360891555,0.010199110337901508,0.955505842301207
id12987,0.0668083497855596,0.3030728748406973,0.6301187753737433
id04814,0.13857232745923076,0.831446778000203,0.02998089454056635
id18602,0.44484780634057397,0.0311500585488415,0.5240021351105846
id23173,0.016869131766284972,0.9385310745458069,0.044599793687908056
id21165,0.10036738386367118,0.10509561104616284,0.7945370050901661
id26123,0.9759485804255028,0.010392265113863893,0.013659154460633455
id22608,0.013966812690582985,0.009108504575104542,0.9769246827343124
id21139,0.9581873808105512,0.00889538650195425,0.0329172326874945
id21853,0.02895746682397395,0.9547190409355645,0.01632349224046154
id24128,0.7151563910029379,0.08408944482790535,0.20075416416915676
id15666,0.9499466971313794,0.0180673159814318,0.03198598688718873
id11552,0.044025157420911995,0.9325519516374711,0.023422890941616942
id17621,0.02620838204186008,0.041637015836851636,0.9321546021212882
id20001,0.879781213490095,0.07421602088005311,0.046002765629851804
id14166,0.13772680282400054,0.8495571836713319,0.01271601350466749
id24108,0.03964897155161392,0.9449486028747326,0.015402425573653535
id19871,0.020167989558521327,0.9466440723962173,0.03318793804526136
id22361,0.051650192264129695,0.0594565414191119,0.8888932663167585
id21065,0.11079874099496907,0.7962195862389428,0.09298167276608812
id20749,0.97508356813903,0.014151104680849631,0.01076532718012052
id20898,0.010882754354652522,0.9801382553153773,0.008978990329970146
id10398,0.03510739276931787,0.035011808952785134,0.9298807982778969
id03578,0.3430262332914016,0.0659523331201536,0.5910214335884447
id25932,0.70231350461749,0.04426537256304942,0.25342112281946066
id11133,0.02476470708908727,0.012930929141753441,0.9623043637691592
id15794,0.18365565797279618,0.7722751257648314,0.04406921626237234
id24479,0.9717908783602661,0.016433748208592946,0.011775373431140837
id09563,0.01066580632547575,0.9784255727280937,0.010908620946430582
id11279,0.035420891792956787,0.943285623739588,0.021293484467455086
id26680,0.9526463198639462,0.017877820659886034,0.02947585947616782
id20529,0.45316721907366014,0.039188432238394535,0.5076443486879454
id11761,0.9236916087096239,0.04153227671332524,0.03477611457705086
id02337,0.01485438886134499,0.9716745570447295,0.013471054093925412
id04890,0.03708021538300794,0.01278298954535494,0.9501367950716372
id15707,0.017532929770478815,0.010328363176639401,0.9721387070528817
id26204,0.022244827293985966,0.04499943694333183,0.9327557357626821
id15611,0.979964756637134,0.009997995125490544,0.01003724823737548
id17714,0.05845076978801446,0.026837175585975245,0.9147120546260104
id15392,0.9780195534028081,0.011155377313065649,0.010825069284126288
id14685,0.1558247231847708,0.8093536937429906,0.03482158307223869
id02508,0.04693337261433733,0.928562129024631,0.024504498361031864
id12406,0.945254995224887,0.030021088832520755,0.024723915942592347
id24096,0.012559371134156139,0.9773913013633484,0.010049327502495462
id19837,0.9770050732900358,0.010722112289606643,0.012272814420357436
id25565,0.02090196721502648,0.014204803663627946,0.9648932291213455
id27598,0.9788401428741207,0.009928119305703862,0.011231737820175336
id26085,0.9428912686652269,0.015343039738793947,0.04176569159597904
id17400,0.05239726178653369,0.0623886177217397,0.8852141204917267
id04501,0.9471054156831649,0.016112843036811108,0.03678174128002398
id02468,0.01535567654825084,0.018371693009143913,0.9662726304426053
id07394,0.8993140108652834,0.053910719634132506,0.046775269500584
id18917,0.014408120989220174,0.9730075211201608,0.01258435789061924
id14083,0.9127221471077283,0.06517942287098792,0.02209843002128373
id22675,0.06296411455338387,0.653019803668108,0.2840160817785083
id27343,0.02487787609352356,0.01748256352995208,0.9576395603765243
id23206,0.050845937943901576,0.11638610855301997,0.8327679535030784
id11105,0.012924642517302567,0.9732892533226194,0.013786104160077963
id21017,0.0107006145387032,0.00959853816536678,0.9797008472959301
id13716,0.6427452449941169,0.09047579388885854,0.26677896111702465
id00352,0.014662929820670745,0.9637446166713977,0.021592453507931687
id12173,0.36993916534771915,0.03538509998260713,0.5946757346696738
id15008,0.3966035507762274,0.4057563006268331,0.1976401485969394
id23347,0.05779785498451741,0.014409268514183405,0.927792876501299
id23939,0.05324115619679339,0.05857984561403951,0.8881789981891671
id12090,0.9173614235409165,0.03426481735727489,0.048373759101808654
id08307,0.040033558155736455,0.9170080515774673,0.04295839026679629
id21316,0.05663932524691059,0.029171031994737605,0.9141896427583519
id16457,0.0394057529527708,0.011638954748256077,0.948955292298973
id23808,0.010982107794585982,0.009943513094460399,0.9790743791109537
id12826,0.07369014534102203,0.9125534123912432,0.013756442267734861
id16819,0.15870618443565013,0.30135507661865557,0.5399387389456942
id15128,0.05358851692705465,0.9347241535173058,0.011687329555639465
id14953,0.021246982787100372,0.956222212410543,0.0225308048023565
id04083,0.9159037818435705,0.029067864413602817,0.055028353742826594
id00773,0.02499474527452912,0.9601883050627992,0.014816949662671762
id24585,0.028812524345158852,0.01961150310053026,0.9515759725543109
id01362,0.0382006311626949,0.020187751697117208,0.9416116171401879
id04514,0.45833480490420425,0.33742457445095536,0.20424062064484028
id19075,0.9813584556133506,0.009223710024319444,0.009417834362329933
id06283,0.9433639378294689,0.03223892547493038,0.024397136695600664
id19848,0.011673824101751995,0.9799424209977589,0.00838375490048914
id02566,0.02059763268598058,0.9563517752744607,0.023050592039558865
id26973,0.05381882058011943,0.012532279100072197,0.9336489003198083
id09333,0.011818391017681803,0.008384431452875044,0.9797971775294433
id21745,0.02102690489508037,0.023886234748085527,0.9550868603568341
id27167,0.07381577942649596,0.9057995573220581,0.020384663251445785
id08481,0.06815227119906803,0.9040533767489936,0.027794352051938358
id19456,0.946698726239725,0.03856269183359008,0.014738581926685018
id01495,0.7375329143784751,0.22180830768762705,0.04065877793389786
id15069,0.22649851189314882,0.04675274237671239,0.7267487457301389
id18174,0.021287746682150926,0.009505226446716012,0.9692070268711331
id14450,0.022768321633993473,0.08252671128584187,0.8947049670801646
id04149,0.05664213261774449,0.929499782037938,0.01385808534431737
id10972,0.01982856313669967,0.008934613778985785,0.9712368230843147
id05547,0.020162799080303388,0.9150265116358485,0.06481068928384828
id17670,0.0160895269094464,0.9609838062689003,0.022926666821653317
id04740,0.8942019862239968,0.022404040682536062,0.0833939730934672
id24842,0.020530043344487835,0.013915986676696532,0.9655539699788155
id26895,0.3401877100038656,0.026338935263506096,0.6334733547326283
id15591,0.19114013399443275,0.028195212465978642,0.7806646535395886
id20895,0.06390021504482284,0.9233200607402146,0.012779724214962485
id11532,0.011551404375562659,0.02028647622807139,0.9681621193963659
id16516,0.04598670015652785,0.01841155950285934,0.9356017403406129
id14940,0.03540074425591407,0.6609324012352902,0.3036668545087958
id17152,0.9427919022595527,0.025181932668335207,0.032026165072112076
id12870,0.03199142863075282,0.9132822759939502,0.05472629537529718
id17405,0.5599728622032714,0.34277891511047165,0.09724822268625695
id22274,0.013219172277012449,0.9701650376721895,0.016615790050797906
id08337,0.03920899339919019,0.013469067405717664,0.9473219391950922
id19549,0.06331017911552574,0.010406750718358075,0.9262830701661162
id19195,0.9612397520514123,0.015971626313328515,0.022788621635259215
id11564,0.9802743069829132,0.010823457184636582,0.008902235832450282
id26771,0.011307922939429647,0.0280264648161254,0.960665612244445
id24955,0.05225265354624286,0.909728693317,0.0380186531367572
id22140,0.863193214060938,0.01961095687080723,0.11719582906825492
id19920,0.06284524725010773,0.017329855403727994,0.9198248973461641
id09807,0.0764356356130417,0.8416506688703991,0.08191369551655912
id27426,0.973758032609796,0.009873659149384182,0.01636830824082002
id22006,0.9811483229206718,0.008808075411951267,0.01004360166737687
id10604,0.960664021389262,0.01905421137328693,0.02028176723745102
id11017,0.8932032570536006,0.06952068689135787,0.03727605605504148
id14335,0.010661774212347833,0.008514059119671468,0.9808241666679807
id08707,0.9564871651879948,0.02393183892158936,0.019580995890415957
id15869,0.021500106740490226,0.01865706393454893,0.9598428293249608
id20593,0.9532373933773726,0.029169897685035095,0.0175927089375923
id07428,0.9297571249725628,0.04884923728107972,0.021393637746357316
id11527,0.03653167072973761,0.022306847760821355,0.9411614815094409
id14901,0.9674568461937594,0.009308172126739612,0.02323498167950109
id19733,0.9712944199446668,0.008390216234214525,0.020315363821118742
id24677,0.027437015226927174,0.9510424022377478,0.021520582535325093
id26656,0.01445504948604224,0.00935801810830032,0.9761869324056575
id11707,0.976314755293702,0.009849248546514686,0.01383599615978322
id26218,0.04037060895116832,0.9414589880781524,0.01817040297067928
id19262,0.0201099698272624,0.013865439044891383,0.9660245911278463
id24905,0.05824269172964506,0.10987376853332413,0.8318835397370309
id09170,0.9715590903703776,0.012650193725763731,0.015790715903858606
id05772,0.021294629615049944,0.017231474642175785,0.9614738957427744
id25405,0.052815022756853146,0.038408294512359525,0.9087766827307874
id18491,0.024389793083472337,0.009769719508673134,0.9658404874078546
id07780,0.12400328147758717,0.04126877375773478,0.8347279447646782
id01689,0.01708163983278822,0.023949022229133688,0.958969337938078
id17498,0.012714163314437027,0.009209791455675569,0.9780760452298874
id19964,0.9488863687177127,0.029524875972307938,0.021588755309979463
id14525,0.01939659280849173,0.012798967844568005,0.9678044393469404
id26363,0.0193665654835325,0.016091335532968286,0.9645420989834992
id07108,0.04104319346164887,0.03734422256519291,0.9216125839731582
id11692,0.9803340116999605,0.009166912849866685,0.010499075450172882
id10891,0.047602485800888474,0.03387715324710203,0.9185203609520096
id16743,0.035106051503481665,0.899437393809889,0.0654565546866293
id11556,0.9797913101432819,0.010471469048180663,0.009737220808537393
id09116,0.9332413251151438,0.0323552400973024,0.03440343478755374
id24015,0.05493602889173564,0.0750553634183861,0.8700086076898783
id00347,0.04993972092694878,0.03144928002672053,0.9186109990463306
id06284,0.05035537590386088,0.01270787088065168,0.9369367532154873
id18794,0.018302871750337284,0.9397330607523341,0.041964067497328575
id10702,0.010175048568255227,0.9781500930045988,0.011674858427146084
id19239,0.5728993806927813,0.03200514774004866,0.39509547156717006
id26016,0.9574257390464,0.02337754171049178,0.019196719243108114
id26227,0.06205501555484006,0.04146080683638113,0.8964841776087789
id05367,0.802805742757439,0.11623506485591517,0.08095919238664578
id09568,0.03670030565450786,0.04807172388059786,0.9152279704648943
id04660,0.9757828649724096,0.011984117088732862,0.012233017938857334
id04744,0.9539492130704822,0.018871027853841288,0.027179759075676494
id07251,0.5709036688961641,0.30807038193961883,0.12102594916421719
id25977,0.020277916379292615,0.9641104250266853,0.015611658594021935
id06244,0.02395023579306712,0.012736031440143358,0.9633137327667897
id24560,0.06733124076681783,0.9027743916779544,0.02989436755522793
id05091,0.12487121438320765,0.07157892707691321,0.8035498585398793
id27248,0.46928791801578423,0.45546136632260914,0.0752507156616066
id12528,0.6589884452669925,0.049115121890082714,0.2918964328429249
id27322,0.970264211730662,0.01981264674268316,0.009923141526654801
id27213,0.22488068758362945,0.04161077889681506,0.7335085335195555
id18588,0.9807003459496262,0.009222482221336219,0.010077171829037728
id14485,0.019134123068476474,0.05013738526838589,0.9307284916631378
id27475,0.07251557723172489,0.5329956708156943,0.3944887519525807
id02280,0.10267894847705847,0.7703454157781354,0.1269756357448062
id24083,0.027807032521914264,0.9491191663549522,0.023073801123133435
id02321,0.011345059833816411,0.008524598324635585,0.9801303418415479
id10299,0.01065617462055428,0.008751718013213254,0.9805921073662324
id27680,0.9398927082379099,0.04987232084118499,0.010234970920905
id17607,0.012540194998802604,0.02459679382593715,0.9628630111752602
id06661,0.030614812482773895,0.061750619007195626,0.9076345685100304
id23860,0.9788371520824919,0.008215051234256992,0.012947796683251129
id26850,0.010158698579590472,0.9761176890217681,0.013723612398641359
id16484,0.9159293575375942,0.015437247723800005,0.06863339473860575
id15302,0.22360885218603416,0.032746636198367436,0.7436445116155983
id21138,0.16170320399359334,0.8107709720338933,0.027525823972513314
id02525,0.19380648243513962,0.47412292755081303,0.33207059001404743
id12608,0.013346198739865226,0.957351689401852,0.029302111858282704
id23863,0.028787461175681973,0.011092711227704105,0.9601198275966139
id01755,0.9520841766661905,0.012179886049649282,0.03573593728416029
id10567,0.9529383306114828,0.01592901749239498,0.03113265189612237
id08445,0.13072550491043852,0.6311261090054995,0.23814838608406205
id18146,0.018095500373133223,0.02705025920993936,0.9548542404169275
id22263,0.8955060538238374,0.017600682113604296,0.0868932640625585
id13537,0.01157414843400362,0.009134205870315505,0.9792916456956807
id19985,0.7037544457243793,0.027046996540404482,0.2691985577352164
id08053,0.04329818009987774,0.019388287078641715,0.9373135328214804
id18959,0.01158277724723385,0.978085316165853,0.010331906586913098
id06641,0.017191130944094902,0.973274656640762,0.009534212415143016
id27291,0.013811040248586606,0.9691805774077595,0.017008382343653924
id16124,0.016232057592242933,0.010244946693278406,0.9735229957144786
id18221,0.01638014440803297,0.008384690829965635,0.9752351647620013
id25670,0.977887120431813,0.012210709826057712,0.0099021697421292
id18472,0.9660727534389437,0.00884609500246588,0.025081151558590316
id10302,0.05096958633556057,0.012917981678967731,0.9361124319854718
id07721,0.029413719899847222,0.9583256913536187,0.012260588746534231
id22148,0.028412172392184677,0.014062668028616143,0.9575251595791993
id04724,0.009869927752016564,0.9810724155585182,0.009057656689465246
id03980,0.943344564777016,0.04001501043922553,0.01664042478375859
id11982,0.9320926400461156,0.04452736705187519,0.02337999290200916
id05566,0.010870561826359601,0.9796994192519092,0.009430018921731302
id13235,0.062181019928453006,0.9072421830779633,0.030576796993583552
id24524,0.928375973711589,0.021839556844453642,0.04978446944395749
id26783,0.029464770264284085,0.008925041346988261,0.9616101883887277
id02220,0.06034690885637379,0.8048805837482639,0.13477250739536223
id17163,0.9518391688450157,0.01483285900402277,0.03332797215096152
id21903,0.9281417583607083,0.047547121246933596,0.024311120392358214
id13350,0.010828575706578311,0.008680534813415648,0.9804908894800062
id07036,0.9647566793261737,0.012287561984356186,0.022955758689470245
id09150,0.9704344806837242,0.012261841598117277,0.017303677718158564
id22042,0.011063471056084353,0.009489038673657142,0.9794474902702586
id19562,0.1326337907466842,0.029197612574899036,0.8381685966784167
id05125,0.930088202453009,0.05570342860564866,0.014208368941342149
id19462,0.9813564998454793,0.009173731204946611,0.00946976894957405
id02265,0.9337617916181347,0.054501650832062085,0.011736557549803192
id11769,0.08879090205280361,0.8933867338507195,0.017822364096476712
id19021,0.9596596386784074,0.017079638546805612,0.023260722774786857
id06166,0.9819214973082961,0.009247928537483924,0.008830574154220075
id26800,0.9662858096676279,0.020051818564833186,0.013662371767538997
id21422,0.0232816081064434,0.018297235234915436,0.9584211566586412
id13116,0.047932300972303395,0.9306266195703349,0.021441079457361654
id05996,0.9710745023785166,0.01366404593332338,0.015261451688160094
id23318,0.9773576134519169,0.012381020155121075,0.01026136639296218
id20725,0.02240851860374988,0.017371209042914306,0.9602202723533357
id09210,0.9636334376453327,0.017800055152554724,0.01856650720211268
id25842,0.7907334335745649,0.1357453230657237,0.07352124335971146
id00767,0.6959426847934718,0.034236946778326276,0.26982036842820206
id05036,0.020738794270601223,0.9642142278942142,0.015046977835184699
id14853,0.04298910167823579,0.014916015266703216,0.942094883055061
id16946,0.015328395949185567,0.009595025553933935,0.9750765784968805
id26804,0.024901389875596796,0.9656523105546728,0.009446299569730369
id24061,0.03314842006067428,0.029540233836992107,0.9373113461023336
id19861,0.9756373497473287,0.012928858567278639,0.011433791685392719
id18210,0.9613275374574831,0.011007581049579445,0.027664881492937405
id24313,0.04948215309022829,0.011156585601370556,0.9393612613084011
id15960,0.057918095718634544,0.050703639182707066,0.8913782650986584
id14037,0.9785870847852463,0.010611017572109313,0.010801897642644245
id17785,0.013373405741509397,0.015656458038360483,0.9709701362201302
id19362,0.8297801366634208,0.013980189261360588,0.1562396740752186
id10372,0.959421692707723,0.029094089310269522,0.011484217982007276
id03061,0.6377546334876273,0.3044673737666093,0.05777799274576346
id27583,0.018508387995408326,0.014792776509627938,0.9666988354949636
id22055,0.9800315009372579,0.00980149755461461,0.010167001508127422
id07920,0.018743073763013797,0.9727806058334318,0.00847632040355426
id16813,0.9294202012581294,0.015590010210098499,0.05498978853177221
id03088,0.6035302329290643,0.08398838997696133,0.3124813770939745
id03026,0.5634393754294287,0.3118327619791409,0.12472786259143044
id09934,0.9816684348259147,0.009123216422282672,0.009208348751802747
id21452,0.9746954960111694,0.011885220388025352,0.013419283600805293
id05576,0.01900461999317366,0.06561062006519137,0.915384759941635
id22391,0.01656095028247597,0.01829840513651493,0.9651406445810092
id10554,0.9605293796661726,0.025731815339179828,0.0137388049946477
id03291,0.026010147908970386,0.05017538654466234,0.9238144655463673
id23280,0.9411304001426418,0.009995865152977403,0.04887373470438065
id17777,0.01100420811707369,0.00903024103365398,0.9799655508492724
id24574,0.8853331728994952,0.0786800079630456,0.035986819137459124
id05459,0.04503321112907704,0.9159759680140269,0.03899082085689598
id02724,0.6116550679276869,0.05752269284999122,0.330822239222322
id27678,0.959354084123687,0.02166996377097413,0.01897595210533901
id21722,0.015377343258777296,0.9600111070601687,0.024611549681054088
id18139,0.698405615373906,0.03900894585304391,0.2625854387730502
id16264,0.022252585381050113,0.9681820613429638,0.009565353275986122
id14537,0.9314711157706026,0.031287529803506596,0.0372413544258908
id18814,0.9606926728063192,0.022823643949739868,0.016483683243940974
id08331,0.10395088410376187,0.8842410215232588,0.011808094372979246
id03963,0.9818575300766582,0.008638574066596214,0.009503895856745673
id07558,0.9746059446977041,0.009847752883248488,0.015546302419047312
id26275,0.28945811169453584,0.024496624903228115,0.6860452634022361
id26188,0.06115825010894638,0.9192751331334873,0.019566616757566203
id06789,0.6001069648667045,0.2649538293343553,0.13493920579894025
id21788,0.018364902068554734,0.9732327605726239,0.008402337358821468
id13972,0.8307150401414756,0.056732816960548195,0.11255214289797631
id08643,0.959984645364842,0.025355137646053467,0.014660216989104448
id09642,0.013343372684768168,0.972320518031673,0.014336109283558714
id14054,0.9361588727189155,0.038740202782239615,0.025100924498844972
id12216,0.032445063027519754,0.012119038905632594,0.9554358980668477
id09211,0.02076729025255876,0.9656007526101547,0.013631957137286701
id16903,0.014345928471271651,0.967632710268262,0.01802136126046617
id18976,0.01041590753688836,0.011205263573914059,0.9783788288891975
id01861,0.9457544852322107,0.02743083872516529,0.02681467604262407
id22745,0.043385864463259455,0.9358650787612272,0.020749056775513516
id03560,0.9786014785404192,0.011062836772918189,0.010335684686662659
id17799,0.9780518909471166,0.010243293377447388,0.011704815675436067
id12387,0.03305663868448961,0.04790880375831542,0.9190345575571951
id09450,0.9542965456628268,0.014711247748717123,0.030992206588456063
id18088,0.026478751674856995,0.03287305963082954,0.9406481886943135
id21697,0.959838750908888,0.014997632130226316,0.02516361696088561
id26128,0.012556861211631963,0.9778271082153019,0.009616030573066012
id27462,0.018332536969508408,0.011582236757349736,0.9700852262731419
id19394,0.9806784829928297,0.009514871006023847,0.009806646001146498
id19929,0.04871424496244058,0.9368652601117361,0.014420494925823384
id16056,0.04969938633215726,0.5865670963531615,0.3637335173146814
id08756,0.02251428218008609,0.015828983601244302,0.9616567342186697
id09203,0.019945797237225428,0.9535295204874982,0.026524682275276466
id14098,0.9810457667877518,0.0096846118233006,0.009269621388947574
id24641,0.9529806193721398,0.027941321388515215,0.019078059239344847
id24507,0.00940819305633893,0.9781983704090682,0.012393436534592751
id20161,0.8975245104903061,0.08865837997836092,0.013817109531333052
id11710,0.04126031491801864,0.015196520294693948,0.9435431647872874
id15751,0.07275211539091063,0.9082733478885212,0.01897453672056826
id06617,0.08229277154058913,0.019608819617059077,0.8980984088423519
id19131,0.9535330994921016,0.012468525855300306,0.033998374652598085
id02796,0.6094926994399333,0.3166778740258939,0.07382942653417282
id15575,0.027328390233128552,0.9493120740107308,0.023359535756140724
id21828,0.9713441132386321,0.016553304296205596,0.012102582465162265
id15093,0.05254495920508255,0.9355183831722916,0.011936657622625784
id27867,0.43235367724861334,0.3517501083569863,0.21589621439440052
id19315,0.03154236548121802,0.012236642090285467,0.9562209924284966
id19398,0.8343893663041541,0.11082277339938472,0.054787860296461294
id01572,0.017538742585292998,0.9649771965249745,0.01748406088973258
id09781,0.9378384996048909,0.050499519171783094,0.011661981223326076
id19278,0.6298794311980838,0.10393567359957867,0.26618489520233757
id11852,0.019397947596169248,0.010533862723553656,0.970068189680277
id07067,0.011647373011473923,0.008655793766862895,0.9796968332216631
id08550,0.01625095813006031,0.9742065881594729,0.009542453710466959
id02634,0.9140697675803376,0.02803036757186918,0.05789986484779309
id02449,0.949274086572906,0.020091573801342976,0.03063433962575091
id10359,0.8672112398047656,0.09923598714328871,0.03355277305194561
id00217,0.9148006047172423,0.059992696625225786,0.025206698657531786
id20848,0.01896691959522885,0.9714147736532747,0.009618306751496424
id20229,0.9697014732847276,0.014614528858242541,0.015683997857030015
id02211,0.9106977186879126,0.0413824459427709,0.04791983536931662
id08435,0.08884948967610058,0.866061584447682,0.045088925876217385
id23681,0.039917886501931316,0.018436737340798526,0.9416453761572701
id00571,0.7871339251482034,0.025386550203951412,0.1874795246478451
id16280,0.010016071300452569,0.00844906094194113,0.9815348677576062
id15022,0.26564074708337765,0.04434120864036497,0.6900180442762575
id08040,0.04415236240426858,0.017300885931279337,0.938546751664452
id18087,0.9508694343525684,0.03165740883171403,0.017473156815717556
id11280,0.9357925034593392,0.045841113291849894,0.018366383248811027
id21543,0.9322318290990872,0.03649963856160563,0.031268532339307265
id00245,0.8617801177026653,0.020526308538235706,0.117693573759099
id13745,0.010858645602241514,0.008340297445444525,0.980801056952314
id15734,0.9650808288861328,0.02028908490745915,0.01463008620640814
id22572,0.017304838532839137,0.9626546577575092,0.020040503709651523
id12741,0.01568659677675402,0.013863425723678402,0.9704499774995676
id16477,0.23218577616494226,0.7405190467562868,0.02729517707877108
id26261,0.01280080087058679,0.04057353879355002,0.946625660335863
id15867,0.9245038933836561,0.027450659009098863,0.04804544760724504
id10479,0.959841476153035,0.01713495523586398,0.023023568611101032
id17736,0.012233860479632258,0.00849077018883452,0.9792753693315331
id17768,0.013486988034907358,0.01219134745957415,0.9743216645055184
id14172,0.9436206016807843,0.026317721810634603,0.03006167650858095
id01972,0.015938101263823067,0.012400868022470405,0.9716610307137065
id10962,0.9612524507923191,0.021171165228873252,0.017576383978807644
id16692,0.9534856880652257,0.018388016056577933,0.028126295878196365
id25471,0.01043728861398361,0.9774916565154845,0.012071054870531981
id05603,0.020764123027252567,0.9633144533869749,0.015921423585772455
id15340,0.3212391029364639,0.02660456162370577,0.6521563354398303
id22971,0.6227827237820902,0.028833301046666506,0.34838397517124337
id06765,0.011713974602989391,0.979818926803878,0.008467098593132447
id19864,0.9767624361357113,0.00991515016970886,0.01332241369457973
id15834,0.06161629809037844,0.9078258606105448,0.03055784129907685
id17395,0.026227609836995222,0.015840424848442995,0.9579319653145618
id02585,0.02283047014928476,0.9299644278301903,0.04720510202052487
id13154,0.8590340808166674,0.11217891584797114,0.028787003335361317
id12972,0.03482649279075763,0.9060783909388808,0.059095116270361465
id11103,0.7036994185153744,0.03316048263866697,0.2631400988459588
id26062,0.045021383955316026,0.05071733646524625,0.9042612795794376
id07339,0.9715510847716684,0.017097672516656892,0.011351242711674753
id06096,0.9756514424424371,0.015287865279589268,0.009060692277973716
id22945,0.10126583941220399,0.8797688702609896,0.018965290326806328
id10058,0.9716859797437742,0.013522958112830295,0.014791062143395558
id06435,0.9724872011879068,0.009381013320266222,0.01813178549182697
id12636,0.12253577995031571,0.03323933923813419,0.8442248808115501
id25423,0.010721800233224851,0.008768240170121367,0.9805099595966539
id12990,0.03950159215644371,0.051143542006986085,0.9093548658365701
id24106,0.03430586109792168,0.1710347202637322,0.7946594186383462
id14481,0.01675635054843987,0.9628416857133917,0.020401963738168317
id03617,0.18981139456233334,0.03509093114518438,0.7750976742924822
id26055,0.982344584400671,0.008235298769427545,0.009420116829901331
id23712,0.9334304281029352,0.02171329771897838,0.04485627417808637
id19441,0.03942472561579055,0.9471203971561216,0.013454877228087685
id17042,0.9519887849303016,0.0214111552764988,0.026600059793199723
id09018,0.022500354832502154,0.9682181636937215,0.009281481473776243
id08879,0.009495193148866059,0.9822988303252156,0.008205976525918462
id10841,0.009979513274909846,0.9817514426056504,0.00826904411943978
id04776,0.018414452181857364,0.968766539069425,0.012819008748717692
id26526,0.010190793124287518,0.0088522315707018,0.9809569753050108
id14181,0.04865946165181297,0.22147376540083993,0.7298667729473471
id18396,0.8223284324261112,0.019094591875802338,0.1585769756980865
id05585,0.7863359029538726,0.18261156287639893,0.0310525341697286
id11546,0.045246828796344125,0.04238474683826791,0.9123684243653879
id08027,0.015454281040480345,0.9682273887029379,0.016318330256581644
id00659,0.17770485186262747,0.04824473110717092,0.7740504170302017
id10937,0.0195114708670622,0.9674586365331451,0.013029892599792767
id01898,0.06297044739885992,0.920500418577685,0.016529134023455096
id23695,0.011098366585770314,0.008555236625440856,0.980346396788789
id07856,0.024986320669040593,0.9337398814737777,0.04127379785718175
id25233,0.9434085745977764,0.015083741550648767,0.04150768385157502
id24052,0.041458010074121775,0.060196605982579546,0.8983453839432988
id01698,0.03000716646653941,0.9581820092747154,0.011810824258745264
id01356,0.024477898200066756,0.9635304880913095,0.011991613708623792
id10430,0.05638596551176988,0.9330135268939155,0.010600507594314478
id04778,0.04614355246771615,0.014753282166927733,0.9391031653653562
id24707,0.03908784349580838,0.9488076614206241,0.012104495083567627
id04539,0.03001842949705935,0.024060378677864397,0.9459211918250763
id20011,0.8677959414126932,0.03370155947390615,0.09850249911340066
id09950,0.01573903896483397,0.9725142594561571,0.0117467015790089
id14397,0.9735684418276889,0.01333336675671574,0.013098191415595479
id04457,0.018799399317328252,0.9486561278163783,0.0325444728662933
id19469,0.06990960755419402,0.9064454974856578,0.023644894960148075
id24230,0.053363569349681214,0.07033981350871905,0.8762966171415998
id16719,0.9452140683986832,0.0409823158378739,0.013803615763442838
id20183,0.031630779934671574,0.9565249316644867,0.011844288400841656
id24531,0.023695910246086544,0.009757035268107462,0.9665470544858059
id04934,0.9629727608258092,0.018597672182830323,0.018429566991360516
id17230,0.04173709930126347,0.031129338345012803,0.9271335623537237
id07561,0.9457558358504309,0.02260778525630413,0.031636378893265045
id12282,0.052602596345520544,0.9298824447034841,0.017514958950995238
id14992,0.5733982116117995,0.28632155404199017,0.14028023434621045
id02934,0.8649009730080643,0.04068521620311493,0.09441381078882077
id00189,0.9789123681442671,0.010607357861449227,0.010480273994283584
id27941,0.011277054583563728,0.9797964501063298,0.00892649531010658
id14642,0.014623365843915,0.9642059437750179,0.021170690381067246
id23445,0.9503163109266848,0.01978169564277216,0.029901993430543002
id21603,0.017583950966557804,0.00991729310246152,0.9724987559309806
id21046,0.010172311678755494,0.9799133777237454,0.009914310597499186
id02264,0.018718143173596626,0.9579840737626812,0.023297783063722155
id00409,0.8512826015490279,0.02934656832660953,0.11937083012436271
id00351,0.8545471301842315,0.033243367089499015,0.11220950272626959
id14362,0.009062130728872641,0.9824170357372032,0.008520833533924242
id20757,0.9402993175332719,0.013920147579741506,0.045780534886986454
id22764,0.9327505368061705,0.05220674675199075,0.015042716441838817
id19264,0.016847028843248256,0.01563332265653304,0.9675196485002188
id04506,0.8583802959312831,0.04845183485430335,0.09316786921441371
id18505,0.7828395064603867,0.19116044543166438,0.026000048107948953
id27354,0.045228897814482985,0.011937876306988896,0.9428332258785282
id22410,0.9668385817063425,0.01380494990629594,0.01935646838736152
id14241,0.024561654006982174,0.9644630024266172,0.010975343566400725
id18785,0.5435874156137869,0.4206840920303616,0.035728492355851627
id16649,0.9489287380596518,0.030861595183832368,0.020209666756515723
id16386,0.019686679426336586,0.9694500371227887,0.010863283450874596
id09051,0.025703439299746035,0.010973130250894638,0.9633234304493592
id22296,0.9159287626619782,0.05522827177728906,0.028842965560732868
id08584,0.1575199960640086,0.05408018956781786,0.7883998143681736
id22219,0.2245491628574865,0.026547352146700124,0.7489034849958135
id18790,0.008954870881938188,0.9828267413196455,0.008218387798416363
id10922,0.04906896614540792,0.7907691566741896,0.16016187718040248
id15002,0.10887464317679478,0.010052301921970062,0.8810730549012352
id24862,0.017209426522635143,0.9727501125349323,0.010040460942432475
id25845,0.9200984168740779,0.04446111125746352,0.03544047186845847
id17586,0.3200364929819472,0.6557956214361401,0.024167885581912706
id09390,0.00983120466598975,0.008369387227647166,0.981799408106363
id20069,0.368401432544101,0.5858002274193096,0.04579834003658925
id05953,0.028047350267014663,0.9514763742863549,0.020476275446630325
id15583,0.014887689832401426,0.974538168218545,0.010574141949053643
id03482,0.036131237331334415,0.02422628989829795,0.9396424727703677
id06243,0.10929288851618901,0.21177121507653865,0.6789358964072723
id01116,0.019104118984124008,0.027278253495396292,0.9536176275204796
id17530,0.016568424450766922,0.9688242638930183,0.014607311656214692
id07552,0.025106819911411015,0.01928290918083586,0.9556102709077532
id03131,0.016473525378443977,0.9718407840557368,0.011685690565819265
id23142,0.01101316918294656,0.010565950780150865,0.9784208800369025
id05540,0.8896462395433026,0.07352709430086364,0.036826666155833736
id06292,0.9367810247596948,0.0405233652896274,0.022695609950677792
id26506,0.8742800432974357,0.0842851406927383,0.041434816009825876
id19068,0.03501108309318356,0.010871849045001752,0.9541170678618146
id21782,0.03127436545688686,0.013989641218910933,0.9547359933242021
id24563,0.010554860212152926,0.9746549198577756,0.014790219930071478
id21986,0.8917910240518241,0.08803755982797462,0.02017141612020121
id04967,0.0290919747116868,0.01435556346543024,0.956552461822883
id11760,0.04447318680486832,0.020353423635718258,0.9351733895594134
id02483,0.9764726029768807,0.01230441433825562,0.011222982684863663
id15791,0.017270282716071988,0.009589397635494892,0.9731403196484332
id14256,0.028795671788337023,0.011660597236650253,0.9595437309750128
id18328,0.9750079747156354,0.011587754502085193,0.013404270782279475
id06213,0.021001136541647772,0.9596179188254016,0.01938094463295048
id00772,0.9295687613575154,0.03606686955398502,0.03436436908849968
id01113,0.8995565816254298,0.052257568221552225,0.048185850153018066
id03972,0.9499264335619155,0.037383672240204134,0.012689894197880351
id25386,0.13741312557253882,0.6763570912725396,0.1862297831549215
id09156,0.10099718283537329,0.8302952775009286,0.06870753966369816
id22624,0.08615803702858013,0.04646444860020004,0.8673775143712199
id17789,0.017727808650095364,0.9522383409115033,0.030033850438401403
id09039,0.018456763865373583,0.9688228673666461,0.012720368767980406
id20538,0.5844095568116328,0.08399462962621129,0.33159581356215606
id05501,0.3283148543387874,0.022147719518621208,0.6495374261425916
id27641,0.8551325917849553,0.06562948313793132,0.0792379250771135
id05965,0.047583585522505856,0.03440465086607132,0.9180117636114227
id23431,0.198240750536975,0.7267393871844472,0.07501986227857764
id13075,0.03413665316737937,0.016948870286770647,0.94891447654585
id26190,0.1030090111977725,0.012723939030864285,0.8842670497713632
id12196,0.9099117169310085,0.0163749297078912,0.07371335336110049
id21318,0.02066281056297661,0.9656602886867262,0.013676900750297254
id11277,0.0343852553738651,0.9348277731006481,0.0307869715254867
id07193,0.9649079990272038,0.014859618475883978,0.02023238249691212
id17105,0.027183914968015133,0.08577900966503596,0.887037075366949
id18263,0.9459785562180982,0.016003672230380506,0.038017771551521355
id22875,0.034829076297254444,0.010054608231925066,0.9551163154708207
id07157,0.010422369367756047,0.00835238932030321,0.9812252413119407
id15051,0.8718038202113092,0.04393678730797153,0.08425939248071918
id08871,0.40803534502516187,0.13842160488290223,0.453543050091936
id17036,0.011564468388821454,0.015712354604444125,0.9727231770067345
id02783,0.011434703539651824,0.026360241880685566,0.9622050545796627
id26418,0.9701268707074145,0.010238152502387217,0.01963497679019813
id15748,0.9555334353964636,0.026868621228813,0.017597943374723347
id00820,0.037284145063588965,0.9442690691156503,0.018446785820760783
id27695,0.8329006562376473,0.10304040177915119,0.0640589419832014
id27286,0.6391321574055089,0.31154633319152325,0.04932150940296798
id11680,0.012044643100393696,0.014651061558407298,0.9733042953411989
id01070,0.04351713013176832,0.01999396183910568,0.936488908029126
id18486,0.011921729329336887,0.011774597179400574,0.9763036734912625
id12389,0.026537016969397365,0.7704204437992997,0.20304253923130305
id12544,0.01872256293997593,0.9685691875050666,0.012708249554957418
id04692,0.9556437115533688,0.02025875288426883,0.024097535562362424
id17342,0.962938235323101,0.014504301963974566,0.022557462712924473
id09640,0.027652205346008502,0.05082944325087838,0.9215183514031132
id24300,0.03706834728117409,0.020910017878413185,0.9420216348404128
id13725,0.0845387710299757,0.01625155694323802,0.8992096720267864
id22633,0.9792457772743189,0.01072284417236011,0.010031378553321096
id16653,0.9431971920112394,0.02333100178173441,0.03347180620702631
id00184,0.9438518185148985,0.01825060712642274,0.0378975743586788
id23872,0.9774498789880105,0.012976370832925398,0.00957375017906404
id05095,0.2597750565712868,0.027016547512559677,0.7132083959161535
id05757,0.03960583768624983,0.016750449359438927,0.9436437129543113
id26883,0.9768878593259241,0.012231375147807939,0.010880765526267842
id01868,0.9379604616856415,0.020249693348106647,0.04178984496625182
id13053,0.012282313939735993,0.008461831553134206,0.9792558545071299
id24443,0.7019225017836321,0.24070448456367874,0.057373013652689035
id12795,0.011215032136784101,0.9805373645411102,0.008247603322105604
id05298,0.028833013660756888,0.013367887150838607,0.9577990991884044
id07560,0.9008525917877083,0.017116748884778328,0.08203065932751329
id10281,0.04205163425088378,0.017975164415067958,0.9399732013340484
id07254,0.8440476382359663,0.022625795956605667,0.13332656580742816
id00837,0.14793929733134523,0.7598878921780914,0.09217281049056349
id04534,0.017526691400432497,0.023887316457519042,0.9585859921420485
id16716,0.8958651592996868,0.03285250535832466,0.0712823353419886
id04057,0.19402000154476307,0.7226422016065293,0.08333779684870762
id14988,0.07436000410721298,0.0169078226681185,0.9087321732246685
id05353,0.9049635967062145,0.05995001725454586,0.0350863860392396
id21250,0.2201907973009652,0.7606141532153881,0.019195049483646795
id25963,0.01161924197104083,0.974936579376703,0.013444178652256273
id10370,0.014177690820212585,0.020960190463240415,0.9648621187165471
id26934,0.5888235534347347,0.044659016682824834,0.3665174298824404
id07649,0.03465922544640217,0.02777736260854482,0.9375634119450531
id21169,0.9641410858806638,0.013763895062568483,0.022095019056767622
id25824,0.9777235408396254,0.009090607881580533,0.013185851278793974
id01154,0.04544628402061481,0.9333778663084694,0.021175849670915868
id02523,0.9536472024019416,0.014040671572749405,0.0323121260253089
id07677,0.9546357109403217,0.02784156551397701,0.01752272354570127
id24447,0.011385534813522712,0.008635960874173487,0.9799785043123039
id23036,0.057266824897300735,0.016331998589978435,0.9264011765127209
id05424,0.9381925906515088,0.0389849826114775,0.02282242673701367
id18807,0.029463442511705986,0.015860475406951825,0.9546760820813424
id05894,0.015727443658155784,0.9466503237973951,0.0376222325444492
id08494,0.4503821620378658,0.37029985502261037,0.17931798293952397
id17181,0.862702377072321,0.028420815201409048,0.10887680772626984
id24037,0.011696870730620354,0.9797268278538385,0.008576301415541079
id22495,0.9226397542347736,0.025424802564373433,0.051935443200852874
id21717,0.12548357796484477,0.19696501042999245,0.6775514116051629
id00477,0.6070828829868531,0.1547952162866078,0.23812190072653913
id03167,0.015205750859847003,0.011275461081985499,0.9735187880581674
id08783,0.03431420712497186,0.05450949544765874,0.9111762974273695
id11954,0.979349783880598,0.009620373766415122,0.011029842352986782
id03029,0.9730146930150091,0.009832908726994785,0.017152398257996068
id16359,0.8978487222725738,0.052353150647884095,0.04979812707954214
id02984,0.9790051250428033,0.01049248612025583,0.010502388836940896
id24559,0.9584043070131354,0.027376616206692034,0.014219076780172469
id26880,0.010850226347654921,0.00860167014420069,0.9805481035081445
id00656,0.0890493303777558,0.018151122269538918,0.8927995473527054
id07825,0.018688821460440905,0.9541615746084751,0.027149603931084093
id16525,0.012301249188928321,0.9778624725414191,0.009836278269652506
id08849,0.8823330140557408,0.07664083186071514,0.041026154083544125
id09260,0.04238992234105877,0.9435275191910174,0.0140825584679237
id22233,0.9357098892144564,0.01152711942622232,0.05276299135932136
id12191,0.011359018032334672,0.009014936535407947,0.9796260454322573
id15505,0.009891198819355811,0.9739063073963897,0.01620249378425439
id15882,0.6865987439384074,0.04032981981342143,0.27307143624817126
id10569,0.04983997220837202,0.18254037676114293,0.7676196510304851
id26059,0.9434080802247596,0.03681316490590002,0.019778754869340484
id13055,0.035594774829415414,0.015112268768602452,0.9492929564019821
id05388,0.9810788658017812,0.00933711277929493,0.009584021418924015
id25199,0.014243125732658813,0.9731075799276326,0.012649294339708454
id11813,0.014429817692119488,0.010005888983562953,0.9755642933243176
id14866,0.08094963529366071,0.02161200321356006,0.8974383614927791
id22247,0.2151244304071044,0.03411318815776851,0.7507623814351271
id08196,0.15184800451141914,0.8039429342461135,0.044209061242467235
id27246,0.03671075888876139,0.9426423548171974,0.020646886294041208
id21926,0.01355597621609319,0.010218151133395042,0.9762258726505118
id01930,0.04557313483069101,0.016216446541878433,0.9382104186274305
id26406,0.027682718241035215,0.03730175704732994,0.9350155247116347
id07760,0.26807012797428514,0.6883197574030704,0.043610114622644566
id24815,0.07493618492406343,0.032795228723862174,0.8922685863520743
id22063,0.9473594548063993,0.02877834066953736,0.02386220452406347
id21513,0.019138983933699682,0.9576811271681788,0.02317988889812155
id04006,0.9515815909190971,0.010683875293290615,0.037734533787612136
id06177,0.7767297771536394,0.1971628857587679,0.02610733708759265
id24010,0.9251378547147454,0.025714624625816314,0.04914752065943832
id16402,0.011040331554668594,0.008449369601010386,0.9805102988443211
id23894,0.9747941669332968,0.01587312511750927,0.00933270794919397
id18867,0.9689315974546586,0.011601103507842155,0.01946729903749905
id01691,0.010706653837505338,0.9795400656481823,0.009753280514312483
id11818,0.06368716491647754,0.9088444987271264,0.027468336356396176
id18481,0.0773956638033647,0.073789052214462,0.8488152839821733
id20137,0.9623507059169715,0.01649457027839729,0.021154723804631244
id14630,0.16631642886925557,0.7692569081129246,0.06442666301781984
id03058,0.021106011194317494,0.087416668211782,0.8914773205939004
id27857,0.07851840179905545,0.8858772728699399,0.035604325331004605
id19345,0.1997111012435877,0.7727733054818476,0.02751559327456481
id12726,0.32432623757807255,0.04768137337486623,0.6279923890470612
id06015,0.019766799669713744,0.03889929930062007,0.9413339010296661
id26548,0.06105175232726889,0.06677362399744315,0.8721746236752881
id20284,0.08478765902643469,0.0180055440297902,0.8972067969437751
id17912,0.17022237954394592,0.1030883154213698,0.7266893050346843
id10287,0.9006697750249416,0.031693839174147066,0.06763638580091122
id03604,0.010752336723270525,0.9765253628902612,0.01272230038646833
id07423,0.02313907431720365,0.04049972939517789,0.9363611962876184
id01484,0.022376764750900856,0.9573409108251398,0.020282324423959372
id16904,0.9391892190218106,0.051083892036990715,0.00972688894119871
id13187,0.010682244519429965,0.009696743494410636,0.9796210119861594
id08507,0.017085145549913392,0.9746932249492591,0.00822162950082741
id09599,0.9791600642888358,0.008695609179750693,0.012144326531413598
id20460,0.02057770235430825,0.9600678018458818,0.01935449579981004
id23743,0.013254735912341439,0.974614788012912,0.012130476074746651
id13914,0.015656415619285862,0.9730313576852248,0.011312226695489421
id23108,0.9668253485265935,0.017323184560822637,0.015851466912583715
id20111,0.09905566243600647,0.884761629537543,0.016182708026450554
id00300,0.011638469140550969,0.9743057281107694,0.01405580274867954
id25970,0.9114068210383696,0.05151395647927047,0.03707922248235989
id24588,0.011266644603725855,0.008493740001913863,0.9802396153943603
id04799,0.09749904969423569,0.043648948692345244,0.858852001613419
id19685,0.04153910783284421,0.45709145016559805,0.5013694420015579
id00628,0.010673142517336748,0.008614742197570129,0.9807121152850932
id10632,0.9258929690525266,0.0339328473992095,0.04017418354826403
id24894,0.01659491600342577,0.9697923848592263,0.01361269913734787
id06843,0.8884659235628459,0.09623577609520673,0.015298300341947376
id16211,0.9787403386373232,0.012447452896874081,0.00881220846580273
id10730,0.11283643409923658,0.8736757697339019,0.013487796166861557
id06399,0.09294946854251487,0.8887368048277061,0.018313726629779124
id25138,0.9699107054052527,0.015713842429021796,0.014375452165725468
id04372,0.05440796775826014,0.06267061913842552,0.8829214131033144
id01057,0.8235618366583258,0.014867312680524557,0.1615708506611497
id07505,0.03550407900657654,0.951001060546705,0.013494860446718548
id17331,0.9829011575794011,0.008361707243011846,0.008737135177586904
id11306,0.19977980264611886,0.0683426872350077,0.7318775101188736
id07490,0.010022325701453016,0.9807091746973337,0.009268499601213518
id00721,0.011842949105877087,0.9364481861245277,0.051708864769595284
id07538,0.8379043341102868,0.03862081902177749,0.12347484686793585
id11289,0.05911002988848493,0.013382160904213722,0.9275078092073014
id25207,0.9796280344641808,0.010816567446746875,0.00955539808907226
id03831,0.9808732926794191,0.008970523063100663,0.010156184257480137
id05371,0.45902884918374653,0.5109977343754584,0.029973416440794945
id07405,0.023287448309152,0.9442707205512739,0.03244183113957417
id25960,0.017728522918588483,0.9702233607073474,0.012048116374063951
id18497,0.042255184217719975,0.7434658710781051,0.21427894470417488
id24478,0.9651363742127295,0.02254947107163219,0.012314154715638419
id12431,0.014729521589839884,0.9739073261355958,0.0113631522745643
id24080,0.057286576097968465,0.011671377356851996,0.9310420465451796
id11862,0.01487702508119752,0.017749836698774987,0.9673731382200276
id04798,0.9797584842883467,0.010122886511001841,0.010118629200651586
id22638,0.04988593944804804,0.9360348038488597,0.014079256703092123
id16105,0.04302734464475919,0.9411204993077316,0.015852156047509162
id05863,0.07291873222031428,0.038053290395051044,0.8890279773846348
id11466,0.9635420919016793,0.022184382451427034,0.014273525646893846
id06091,0.9575069718764904,0.012656248016906941,0.02983678010660281
id04214,0.01011861967386626,0.9799199516938263,0.009961428632307404
id21197,0.7047584687713487,0.19985743784210774,0.0953840933865435
id06479,0.02710593433345998,0.021186390874293262,0.9517076747922467
id21801,0.9661103056392614,0.009863598019128022,0.024026096341610573
id00540,0.9751501311886207,0.015413379364136842,0.009436489447242388
id07102,0.9671306066721252,0.018359938912345202,0.014509454415529732
id12012,0.011676214369395511,0.008442863048706284,0.9798809225818983
id17850,0.030053449792336477,0.011201310082714017,0.9587452401249495
id12708,0.08008337026971844,0.013706644826209338,0.9062099849040723
id09277,0.09134086465081252,0.024809393594160074,0.8838497417550275
id11482,0.7983831382062035,0.14138843923166725,0.06022842256212935
id15327,0.9099891603234966,0.05601056349354565,0.03400027618295785
id17561,0.013224905926942209,0.9584683981710733,0.02830669590198453
id21966,0.5057497867461027,0.03542686231188056,0.4588233509420167
id05742,0.982204496302816,0.008866725246615439,0.008928778450568465
id21441,0.9689884233717574,0.016677272378864363,0.014334304249378226
id10819,0.050929086091836794,0.9279438726563048,0.021127041251858304
id00018,0.33412586519208765,0.5486368177535524,0.11723731705435998
id17038,0.9363299129061518,0.04427688843510443,0.019393198658743678
id14680,0.022339401942384356,0.9647524165054787,0.012908181552137105
id17760,0.020123446061872722,0.026553462059462272,0.9533230918786652
id14436,0.8293682323627902,0.12352638544453175,0.04710538219267814
id17180,0.012160870686877167,0.00843069133264251,0.9794084379804804
id19132,0.03840351436751686,0.9363608034624022,0.02523568217008098
id17497,0.011005337154163868,0.9788075596166129,0.010187103229223194
id26284,0.06436878857919248,0.624802999894954,0.31082821152585366
id04340,0.013744029489640337,0.9745811239965403,0.011674846513819432
id06427,0.010523211431184976,0.9803711880871584,0.00910560048165672
id08340,0.46761174110061904,0.482940063571402,0.04944819532797909
id07167,0.014499598620168716,0.9734370843262721,0.012063317053559086
id02218,0.9526038001490742,0.0105280281494849,0.03686817170144093
id18406,0.89145439118678,0.06480402376521983,0.043741585048000055
id22134,0.9280184079878809,0.04103182411756042,0.030949767894558545
id04983,0.024378484184550336,0.011606413852950071,0.9640151019624997
id17767,0.9323778656358427,0.04823703931105933,0.019385095053098097
id15131,0.013544371271915412,0.9692065719472603,0.0172490567808242
id11132,0.9703086579960928,0.01682986954876026,0.01286147245514685
id10054,0.9329622233492502,0.03963222390045022,0.027405552750299683
id03797,0.01809739589000811,0.01603480327361362,0.9658678008363781
id17143,0.9458893816981084,0.027313395321450225,0.026797222980441477
id19078,0.011391373197814374,0.008398682344421477,0.9802099444577641
id04919,0.955795678834845,0.033604254552189086,0.010600066612965878
id03272,0.11404231963171357,0.8571704217454081,0.028787258622878387
id15047,0.013921175953686304,0.013013857720807093,0.9730649663255065
id23727,0.19699806034778125,0.09441359506781397,0.7085883445844048
id07221,0.9685890614337037,0.014801025918834525,0.016609912647461762
id13974,0.07859280362624162,0.8999139100876589,0.021493286286099502
id24050,0.9453289036064424,0.027629025512316635,0.02704207088124105
id18119,0.8665685135286381,0.04582045725918311,0.08761102921217873
id05205,0.9364148007518271,0.035129038140356415,0.028456161107816364
id05233,0.03870447066134001,0.9526052819806619,0.008690247357998036
id23556,0.8856010771278262,0.02998605315129073,0.08441286972088317
id06323,0.9510897424457937,0.02125519591535762,0.027655061638848816
id27903,0.017091184395189033,0.03252327926859748,0.9503855363362135
id15164,0.9680573837347203,0.019113245665014246,0.01282937060026561
id14714,0.011079872718535142,0.9775685662026959,0.011351561078768833
id11585,0.011033265177838834,0.9784008665495235,0.010565868272637481
id09119,0.9596285370482989,0.023270601867456452,0.01710086108424482
id03135,0.9132731095958593,0.05736632496807032,0.029360565436070463
id23385,0.9355394761457044,0.0417401916305486,0.022720332223747117
id18219,0.8608947176476529,0.02055240465730606,0.11855287769504111
id17596,0.05316364674620194,0.9310339985887632,0.01580235466503476
id12235,0.500650902798303,0.05155861305230091,0.4477904841493961
id15394,0.9792145621038302,0.008788124111162112,0.011997313785007542
id07727,0.9777757169645361,0.009158104221929772,0.013066178813534194
id02748,0.9805209215665219,0.009939064344216673,0.009540014089261382
id14913,0.015348966578258459,0.009806577915652993,0.9748444555060884
id05257,0.10084616407247252,0.011768242588017843,0.8873855933395095
id23759,0.014888569995612475,0.018773355617274435,0.9663380743871132
id08726,0.9483479074829833,0.029917489803982338,0.02173460271303445
id24493,0.9427001713127606,0.03565103351841545,0.021648795168824057
id19945,0.8634684882120701,0.1098408465445902,0.02669066524333985
id27893,0.563501829605468,0.047197814214376826,0.3893003561801553
id04975,0.13204878385128455,0.023558460128114973,0.8443927560206004
id14722,0.8981428944848929,0.0673265546169134,0.034530550898193686
id10320,0.030179114872747763,0.8396967195512821,0.13012416557597004
id09619,0.01409561200265981,0.9743947805842255,0.011509607413114638
id07480,0.07414942575061637,0.903242456438066,0.02260811781131758
id00342,0.05858103440261496,0.9116516270864904,0.029767338510894772
id08611,0.9078050644292868,0.03133055160938822,0.06086438396132489
id24284,0.016012181309925252,0.008809989350489314,0.9751778293395855
id20491,0.08573948929984089,0.801291773080093,0.11296873762006619
id18337,0.011311151136525735,0.01022625034163022,0.9784625985218439
id04781,0.9418332641170616,0.016011776107414968,0.0421549597755234
id11067,0.9679725282524746,0.018350509099400423,0.01367696264812501
id19402,0.9540443482762225,0.028624589459043264,0.01733106226473425
id20009,0.01868756530157354,0.009894429115185567,0.9714180055832408
id08535,0.03164190911038019,0.01653531482033123,0.9518227760692886
id07495,0.029745471553158147,0.018527380190228857,0.951727148256613
id06262,0.014492215066180147,0.011769817144476407,0.9737379677893433
id10898,0.8691426930483702,0.028938525587540825,0.10191878136408902
id17778,0.010078727937197326,0.9794410499867673,0.01048022207603538
id07210,0.027078214572835352,0.9321157382746762,0.040806047152488534
id04367,0.017804594621553392,0.9402192834270472,0.04197612195139943
id27713,0.38196757999524433,0.04204765470620707,0.5759847652985485
id15428,0.020942963994417845,0.9493042493557348,0.029752786649847485
id25427,0.8715778160406863,0.031031184698282567,0.09739099926103117
id09789,0.8654458474030973,0.07175620772195596,0.06279794487494685
id07658,0.9314698874839265,0.04751680106729942,0.021013311448774146
id25453,0.018031383503067728,0.9483910877644919,0.033577528732440326
id24495,0.9692562665296783,0.01539336271105468,0.015350370759266877
id03270,0.06629640336647331,0.8900112654360582,0.043692331197468424
id11879,0.014444456442211717,0.9723760547750017,0.01317948878278663
id24356,0.016686862298214363,0.02929424868120692,0.9540188890205789
id22256,0.014107618516151117,0.013367744963208165,0.9725246365206408
id06050,0.020703886442710203,0.9367795906998878,0.04251652285740195
id09555,0.9397658282063651,0.01108099771910447,0.049153174074530494
id23772,0.015766814500773836,0.9749363166391635,0.009296868860062705
id21930,0.08635532694453452,0.03955843238939937,0.8740862406660661
id00823,0.020680336292699,0.9192692528504526,0.06005041085684842
id23666,0.012570135539176136,0.9772001926736135,0.010229671787210532
id08118,0.01150514055025433,0.011258136869478887,0.9772367225802668
id21388,0.02138034982080327,0.9328229252296799,0.04579672494951683
id23312,0.9047997916820899,0.010000264718770491,0.08519994359913965
id08545,0.0347285960728196,0.033936929007910614,0.9313344749192697
id20351,0.05890498550524597,0.04035139900084461,0.9007436154939094
id13536,0.28290719870754993,0.034799107642481175,0.6822936936499688
id27742,0.03434656976947291,0.940146945407971,0.025506484822556047
id13343,0.023995135846565617,0.013939577857702222,0.9620652862957321
id11987,0.015761392847149197,0.9418697371944722,0.04236886995837853
id08921,0.702978765338308,0.03494758874744569,0.2620736459142463
id09972,0.7408218602907365,0.16959053492567264,0.08958760478359099
id26173,0.9733978754199961,0.008390307569211266,0.0182118170107926
id07917,0.12708323193681373,0.47762079387960615,0.39529597418358003
id01383,0.9764343381662568,0.013014509176881005,0.010551152656862265
id26699,0.9070180680541784,0.06888176602323577,0.024100165922585924
id11058,0.06316373370665347,0.015157059891217232,0.9216792064021293
id20425,0.014537733742841402,0.97280485598252,0.01265741027463866
id20238,0.016990294306854142,0.9646950374161856,0.0183146682769604
id21348,0.10287081928877778,0.5448384012064995,0.3522907795047229
id09552,0.07766547891074278,0.030209407312914608,0.8921251137763427
id25075,0.42756959793917865,0.046005923134659246,0.5264244789261623
id17749,0.016270366832880117,0.011219075841528196,0.9725105573255916
id18910,0.09101782941834208,0.01365473600398605,0.8953274345776719
id13534,0.037498732625059546,0.9414158889971308,0.0210853783778097
id22205,0.021638471933954018,0.9678979152131947,0.010463612852851351
id23896,0.9712268727951215,0.01411966431933939,0.014653462885538924
id23616,0.3181819829738899,0.07882223794149844,0.6029957790846118
id03537,0.9351708949270006,0.024497048819932574,0.040332056253066885
id18147,0.05143242958747328,0.9334151631875427,0.015152407224984173
id25408,0.9734287722375409,0.014399838219031274,0.012171389543427839
id09997,0.28286801404838874,0.044135773599060533,0.6729962123525508
id23357,0.02481946935533995,0.016807261181024647,0.9583732694636354
id21880,0.8378453806570224,0.03254724846739007,0.12960737087558744
id21633,0.08142492098155456,0.90512288445672,0.013452194561725505
id15976,0.0322313628186541,0.03752205199427599,0.9302465851870699
id20266,0.01082143136563538,0.008518912155081687,0.9806596564792829
id26726,0.892175733839043,0.08512582352334383,0.02269844263761316
id02958,0.18811773816262478,0.7910200028820753,0.02086225895529985
id25211,0.30927817368657673,0.041108104568169,0.6496137217452542
id24314,0.9584888337009898,0.03009065682632755,0.011420509472682756
id21475,0.012605684105671078,0.008565292520328048,0.9788290233740008
id22733,0.03275984243324441,0.9518792254920366,0.015360932074719039
id14297,0.009800734773784557,0.9801146490807628,0.010084616145452436
id27627,0.05608750610109046,0.9320506453350751,0.011861848563834465
id03580,0.03380048469344999,0.955797241989446,0.010402273317104038
id08858,0.013431806124385484,0.018903828802515704,0.9676643650730987
id22512,0.01554058885583383,0.9744228160704866,0.010036595073679643
id05634,0.05234679344563423,0.06317163702824626,0.8844815695261196
id00105,0.021933992813299597,0.008757450510191103,0.9693085566765093
id26635,0.9441028294364793,0.027680486490198396,0.028216684073322243
id19324,0.010604006650499813,0.00841009246551808,0.9809859008839822
id00210,0.9176890126631633,0.04395679390830688,0.038354193428529686
id06809,0.721701864058268,0.049574312153440936,0.22872382378829112
id04074,0.010521349116833362,0.9793999306736684,0.010078720209498182
id27010,0.9566929197313917,0.023922800568282127,0.019384279700326103
id00699,0.028050329862738584,0.048906480697590765,0.9230431894396706
id18549,0.26012512238516483,0.26399787807504604,0.47587699953978907
id14089,0.9088118295103091,0.04943788717692274,0.04175028331276813
id19792,0.019010091749434115,0.9696502300629949,0.011339678187571086
id19935,0.016131466442809512,0.028960618260692503,0.9549079152964981
id22960,0.019065385220056942,0.027181829149382115,0.9537527856305609
id02471,0.01888211314144724,0.009557131371528752,0.971560755487024
id07896,0.013851342956858095,0.011246061959963909,0.9749025950831781
id20033,0.9544605235308532,0.01762668708424988,0.02791278938489708
id15018,0.9781658957026602,0.009874158416479668,0.011959945880860207
id19528,0.9736233855134612,0.012680938820963286,0.013695675665575398
id21621,0.10205701003771234,0.021731426755417654,0.8762115632068701
id14328,0.2746110821074604,0.6345761406408923,0.09081277725164745
id19524,0.9803788865732224,0.009252061116842913,0.010369052309934648
id00219,0.981671632679774,0.008429562688841465,0.00989880463138446
id23229,0.02120242610567914,0.008690930909304331,0.9701066429850165
id14357,0.9657865122242119,0.013309306628519943,0.020904181147268153
id21829,0.04124346078136765,0.013021859368850882,0.9457346798497815
id02137,0.8896604461473651,0.03874172679462032,0.07159782705801458
id23524,0.07749562023744637,0.00978906528492351,0.9127153144776302
id12022,0.9701851416762458,0.011873999099854947,0.01794085922389913
id05255,0.9444514168231571,0.02205134714875988,0.03349723602808287
id14605,0.9655942792029238,0.010426646102616057,0.023979074694460215
id15329,0.1908015961226329,0.05582735506021618,0.753371048817151
id06046,0.6970884361109388,0.22748318762786948,0.07542837626119184
id16548,0.1128644881555401,0.024435505292953262,0.8627000065515066
id23369,0.10174410746334753,0.03907273777501129,0.8591831547616411
id17824,0.9664754753282648,0.012138367369386387,0.021386157302348715
id17243,0.021947095547159966,0.01073595072661894,0.9673169537262212
id13185,0.03640193723315274,0.9549349356376806,0.008663127129166797
id27091,0.9246986956698225,0.05026276812657187,0.02503853620360547
id21817,0.02399487650528969,0.009741879156582553,0.9662632443381278
id21912,0.9401818515679905,0.044791319953190106,0.015026828478819386
id24163,0.03982755894843972,0.05446417890845834,0.9057082621431021
id12484,0.011830742813012104,0.009006853106727889,0.9791624040802601
id15799,0.9617588239200093,0.02041082284599261,0.01783035323399817
id22315,0.015691692625741563,0.9677836360706973,0.016524671303561077
id02608,0.1344958610310805,0.8489941795903974,0.01650995937852209
id10057,0.9729147396050785,0.016742588529768974,0.010342671865152666
id01709,0.9581549627375064,0.015275870001506448,0.026569167260987098
id11153,0.015622612079262304,0.9732926005105758,0.011084787410161888
id25154,0.19839453596707668,0.5985189213862961,0.20308654264662732
id18207,0.014677386697497187,0.9745775436310578,0.010745069671444982
id03370,0.034216228287766895,0.9470844204473553,0.018699351264877758
id26760,0.626722187736175,0.05249306047776166,0.3207847517860633
id15099,0.9534586703364619,0.01833173313866854,0.02820959652486965
id16341,0.015898233064102166,0.010845007622322779,0.9732567593135749
id15572,0.9049751022593837,0.017727576704494014,0.07729732103612229
id24901,0.9824593670745624,0.008284247087602895,0.009256385837834603
id04528,0.9301338014778167,0.037514596059755816,0.03235160246242759
id26507,0.02164593453673542,0.009911987588736,0.9684420778745286
id26687,0.9697221728410892,0.01606668425090317,0.01421114290800758
id27819,0.04779580803714949,0.03816376587109485,0.9140404260917556
id17610,0.01630425873921063,0.9713268989426086,0.012368842318180704
id03373,0.7762252603962415,0.18291532387583082,0.04085941572792772
id05881,0.07013995417424274,0.013250243309770543,0.9166098025159868
id15875,0.019435792858729914,0.0486841803918,0.9318800267494702
id18400,0.9123176044612371,0.06998361765621049,0.017698777882552356
id23596,0.04277000139586951,0.030999748633933448,0.926230249970197
id07006,0.011432638423674818,0.979246007752232,0.009321353824093197
id25134,0.01800930437169412,0.9721926164676463,0.009798079160659577
id17393,0.9814475535234125,0.009365299018287587,0.009187147458299962
id20155,0.06150607905503577,0.9255938184588602,0.012900102486103954
id09536,0.011602433138882153,0.9771261365757264,0.011271430285391505
id09155,0.30760375306838056,0.6395298264037387,0.05286642052788068
id26482,0.9717512537420874,0.01287951933281539,0.015369226925097403
id17001,0.024553551769016742,0.9481643189776223,0.027282129253360994
id08134,0.8876824531819378,0.020226254872477516,0.09209129194558477
id10174,0.9424941818997834,0.030081915350102878,0.027423902750113655
id04760,0.9023250806763905,0.027041078822266355,0.07063384050134311
id04941,0.9798534760253363,0.01003856620312271,0.010107957771540997
id01339,0.9416435951584444,0.03678467892001003,0.021571725921545517
id24710,0.5322103082612181,0.028888245213241008,0.43890144652554103
id20408,0.9425267009032884,0.016652457957941225,0.040820841138770436
id04028,0.028409154317432544,0.0640034871587365,0.9075873585238311
id07153,0.04658222643912893,0.02569113027820645,0.9277266432826646
id20098,0.019981402264190568,0.968119178663187,0.011899419072622533
id24146,0.32858322432494835,0.04735219271033959,0.6240645829647121
id06276,0.48365060859375664,0.042030370555918704,0.4743190208503248
id18978,0.04334884189499059,0.9225369674685783,0.03411419063643107
id04247,0.7492245625706707,0.1626890755748241,0.08808636185450532
id02020,0.01312485602702097,0.9763881460829457,0.010486997890033212
id14299,0.011181269490469593,0.008357114744150398,0.98046161576538
id27255,0.7007447185293482,0.2556401858304883,0.043615095640163706
id05751,0.013143173488992008,0.010083808451642527,0.9767730180593653
id09428,0.9774591635561636,0.009229283748730013,0.013311552695106525
id06941,0.9355026382187908,0.050682131935722234,0.013815229845487146
id25678,0.012349707123886642,0.008579142609230947,0.9790711502668825
id27425,0.9726511140874637,0.013332840689907283,0.01401604522262891
id12619,0.3823566302944233,0.5665155430998977,0.05112782660567891
id00530,0.011371754194583038,0.009714574326555914,0.9789136714788611
id14683,0.9738762519723829,0.014798123358782892,0.01132562466883425
id14618,0.010331062761028548,0.9805308067137523,0.009138130525219128
id07599,0.9782165216606222,0.011064498945734953,0.010718979393642783
id02786,0.9313111769365994,0.0415564905841795,0.027132332479221068
id21563,0.9683509634905623,0.016165236337985892,0.015483800171451722
id26412,0.01278206009986637,0.010184694053338357,0.9770332458467952
id18320,0.8296371056021594,0.07545837945340077,0.09490451494443973
id02043,0.4670291235076819,0.05701696041163153,0.47595391608068643
id03179,0.3407519050401357,0.6097408907291363,0.04950720423072793
id17256,0.013426712424888698,0.9765646504719898,0.010008637103121611
id07435,0.01244201049031875,0.019427798897473314,0.9681301906122081
id17659,0.11441485721134892,0.026161865455230186,0.8594232773334209
id06828,0.01946642701516247,0.9660783827707224,0.014455190214115224
id18636,0.02445688164046236,0.01476668105279002,0.9607764373067477
id05216,0.9737297481808779,0.008377701896202171,0.017892549922920054
id23156,0.8810294086395015,0.05025272328093298,0.06871786807956563
id23861,0.9628543473829968,0.020991865413006516,0.016153787203996614
id21416,0.03162862433722566,0.009313967328202947,0.9590574083345714
id02763,0.9317957561326528,0.02498646493635364,0.043217778930993746
id12625,0.016594776349815925,0.049046670447933156,0.9343585532022508
id08033,0.16274345718717048,0.027748874340115106,0.8095076684727144
id24105,0.5093950010011674,0.4034812837437008,0.08712371525513195
id09295,0.9594114246875468,0.008212262145960447,0.032376313166492685
id22062,0.05320048672197481,0.9310944904688155,0.01570502280920958
id21044,0.9719068884961936,0.00841869196537368,0.019674419538432634
id17419,0.09860664854693167,0.02835141735963026,0.8730419340934381
id10969,0.9825723666474078,0.008273559758283556,0.009154073594308743
id23066,0.10977030779526463,0.048196988371015374,0.84203270383372
id25667,0.9619769605744964,0.015391244867834771,0.022631794557668852
id14534,0.44697605255766465,0.0838699514792355,0.46915399596309976
id26645,0.2997910036736769,0.6426650206055942,0.057543975720728904
id03965,0.016383115623077288,0.02342335833303097,0.9601935260438919
id25956,0.9758212183892293,0.010878955966572314,0.01329982564419826
id23707,0.981489507434971,0.009206956039444604,0.00930353652558451
id18026,0.8878866305422467,0.06183763944683098,0.050275730010922254
id10767,0.02887088925979525,0.9361582291267406,0.034970881613464185
id18802,0.15908634798807206,0.8245842360470779,0.01632941596485018
id02940,0.061775766287473256,0.839596352932874,0.09862788077965265
id13403,0.9334319133268709,0.05641034596357058,0.010157740709558527
id10201,0.009542742128316375,0.982084452867244,0.008372805004439748
id15333,0.03701047064524751,0.013800783102306298,0.9491887462524461
id25619,0.04868492627565048,0.022976777592215485,0.9283382961321339
id18506,0.010294442678288069,0.9805765294660876,0.009129027855624413
id09835,0.010933297036866373,0.9800617311990885,0.009004971764045328
id14828,0.2781435369567201,0.2106810989422433,0.5111753641010367
id26816,0.016537424834148794,0.9565158815937523,0.026946693572098966
id26134,0.016493923943955217,0.9746486659208344,0.008857410135210367
id25064,0.9166282670538151,0.027539456805281783,0.05583227614090306
id14254,0.5807598818041663,0.07117589749207066,0.3480642207037632
id09352,0.056199294175617816,0.0374485437119721,0.9063521621124102
id21495,0.9264002537083065,0.048058990888149855,0.025540755403543662
id15349,0.016023883757049124,0.010104039419521092,0.9738720768234298
id06759,0.022842883588383683,0.9651122644400413,0.012044851971574918
id20876,0.9594491641866574,0.01080802450420156,0.029742811309140953
id14644,0.11260999896728249,0.8509504944790315,0.03643950655368592
id16927,0.011902432700363823,0.017995689403865273,0.970101877895771
id00417,0.020962282084489962,0.9258961565935375,0.05314156132197259
id18892,0.05457308655836017,0.03813187356730997,0.9072950398743299
id17500,0.023288090041698944,0.9661694269987624,0.010542482959538755
id17676,0.020193212062223083,0.938310203548035,0.04149658438974192
id03378,0.9825831632557548,0.008705843536013922,0.008710993208231377
id26891,0.9139532141748307,0.022911194460002768,0.06313559136516665
id15609,0.96188116332942,0.027432872239559435,0.01068596443102045
id11270,0.1960495837308736,0.02661652355552057,0.7773338927136058
id01141,0.04577626340822818,0.034303016898065565,0.9199207196937063
id18738,0.11135539312496599,0.014857160410556264,0.8737874464644778
id23964,0.01790224274724531,0.040080116344941664,0.9420176409078131
id08032,0.07835928904702151,0.011080442583082948,0.9105602683698957
id10410,0.022364763037357155,0.036388538550762364,0.9412466984118805
id15738,0.9476650438841573,0.027085330946738845,0.025249625169103732
id22293,0.505642149906544,0.016457229378754518,0.47790062071470163
id23174,0.9627431981845127,0.02536942894785438,0.011887372867632973
id13041,0.03239224784195318,0.7625474564485428,0.2050602957095041
id18377,0.18696503485508698,0.050768539610541896,0.7622664255343712
id24269,0.013826581706342132,0.9669057340049619,0.019267684288696067
id19445,0.14264400220718898,0.7028146880702514,0.1545413097225597
id16449,0.02565378782799585,0.9237710899313197,0.05057512224068428
id11857,0.08403259306781997,0.03252906677575468,0.8834383401564254
id14929,0.03688555829517462,0.9274327186458262,0.035681723058999075
id16029,0.6029200667456645,0.0466184316807456,0.3504615015735901
id09091,0.970352330170403,0.009150095308809038,0.02049757452078796
id14431,0.012312792988558962,0.9772969764516568,0.010390230559784362
id15857,0.07510643827774062,0.8848903032239253,0.04000325849833397
id26177,0.0240277154145169,0.013883741284061397,0.9620885433014216
id07001,0.022250737125881076,0.05948974993766272,0.9182595129364562
id00626,0.04583352327318528,0.01115462729024115,0.9430118494365737
id25160,0.1443647385168957,0.8074671950110828,0.04816806647202167
id21474,0.021881620774629854,0.008610452618265225,0.9695079266071049
id03155,0.9830103316971532,0.008387065140996417,0.0086026031618503
id11858,0.010702751121494648,0.011746124748973304,0.9775511241295319
id12413,0.09903298163306194,0.892171462521615,0.008795555845323134
id25656,0.01118771522818791,0.9797226203049685,0.00908966446684355
id24322,0.9136631589518089,0.044166845767704924,0.04216999528048597
id20603,0.9049062716989207,0.028299747278668293,0.06679398102241113
id06878,0.9164263618591584,0.06838467049988423,0.015188967640957498
id03535,0.7575230222607852,0.032430057817257885,0.21004691992195706
id11831,0.9187969674788501,0.011747681560727684,0.06945535096042221
id24685,0.9392133514097647,0.022022318963587504,0.038764329626647664
id10426,0.06319503122059719,0.046503053855260164,0.8903019149241427
id09024,0.020293751906125163,0.9694468689272854,0.010259379166589554
id09728,0.13501070450361213,0.02117595979625831,0.8438133357001295
id01065,0.013910028076590801,0.9697472076852319,0.0163427642381774
id14005,0.9332687127624525,0.03155452981615439,0.03517675742139322
id18534,0.027457208397787668,0.022448317617351853,0.9500944739848605
id19862,0.3069788363122198,0.05040885316566086,0.6426123105221194
id14707,0.971942985978378,0.013815252006773762,0.01424176201484827
id02248,0.010431041870403562,0.9724409458578976,0.017128012271698672
id20494,0.04228427246074147,0.022807753606735728,0.9349079739325228
id27072,0.978736178213581,0.01230111651326082,0.008962705273158102
id20587,0.9072012273805652,0.07751177521421374,0.01528699740522105
id24134,0.06361775435593345,0.03701230989934872,0.8993699357447178
id22696,0.19327599572318788,0.03333012437693002,0.7733938798998822
id23757,0.9231859732951097,0.019877355926336028,0.056936670778554195
id18828,0.9627133835796365,0.016254427829846815,0.021032188590516525
id14040,0.06910303040526197,0.009912799447120526,0.9209841701476176
id09385,0.9575837063807482,0.016588446541621407,0.025827847077630497
id16005,0.010002919583977577,0.98063905324893,0.00935802716709236
id12467,0.5837255279582046,0.20287307799110457,0.2134013940506909
id16209,0.9349748619775571,0.020251730936695578,0.04477340708574719
id01621,0.014101367472104153,0.9759367254677298,0.00996190706016607
id18081,0.036369247662400114,0.01955162218960847,0.9440791301479914
id06667,0.03300176996232741,0.01062922652200133,0.9563690035156712
id07436,0.014028125306669378,0.009152991995164242,0.9768188826981663
id19498,0.05444102895053891,0.9304410656982711,0.015117905351190085
id12123,0.9635187422667403,0.022941103712268856,0.013540154020990682
id17082,0.9024471758669923,0.03394846002782202,0.06360436410518558
id00313,0.014078276509596588,0.954189672148828,0.031732051341575536
id14281,0.027369095139614812,0.03919367705598125,0.9334372278044041
id14755,0.14344037898554632,0.03139383352470605,0.8251657874897477
id17484,0.9475913613655981,0.029343634043331117,0.023065004591070696
id00111,0.009323756834437192,0.9823254382561282,0.008350804909434538
id16542,0.034728511960879026,0.05319153829758979,0.9120799497415313
id00458,0.09371667908654334,0.023765248237613622,0.8825180726758431
id07682,0.028896241397556293,0.9595673017390429,0.011536456863400879
id02041,0.17429239751729433,0.5445157714368959,0.2811918310458098
id26070,0.8684860078536351,0.016388169668406977,0.11512582247795815
id05271,0.963128988509818,0.021947016964541224,0.014923994525640862
id18107,0.9234195575796816,0.061909579244295625,0.014670863176022828
id01170,0.04415873605789859,0.03945703229136655,0.9163842316507348
id23464,0.8632405908486839,0.09876267109876476,0.03799673805255136
id03879,0.26360547795686,0.6360416811334054,0.10035284090973462
id22473,0.012016007962822614,0.9766449036906867,0.011339088346490627
id20937,0.9431950049290433,0.026857808207149874,0.029947186863806773
id16239,0.04569891357844489,0.8771259159096939,0.07717517051186104
id02348,0.9398243272868865,0.016201079147796373,0.043974593565317195
id19796,0.9817913658827321,0.00847871572027838,0.009729918396989523
id06531,0.020638052323873515,0.010547458913111145,0.9688144887630152
id02641,0.38548857855511204,0.5367587348764872,0.07775268656840088
id01332,0.35528684695399854,0.025247419332115252,0.6194657337138864
id24038,0.05995166544153694,0.8866062136984587,0.0534421208600045
id23699,0.6799032873972795,0.10361207282699476,0.21648463977572577
id07294,0.9153432120092309,0.05149954442121441,0.0331572435695547
id00319,0.9595683805405011,0.02706076333531307,0.013370856124185924
id05699,0.880679363440878,0.1029186650648999,0.01640197149422216
id18863,0.9355210961544578,0.022825922159899516,0.04165298168564266
id07745,0.05624786438150064,0.03484469026260318,0.9089074453558963
id02157,0.02318580312822108,0.9589816674420296,0.017832529429749392
id00525,0.26659417926000023,0.21914340146221006,0.5142624192777898
id14740,0.9634459104253108,0.013262887385589974,0.023291202189099146
id01420,0.012912243436705275,0.9777353461057585,0.009352410457536273
id17725,0.9758072554513957,0.010425775567772085,0.013766968980832328
id07807,0.7541442618219822,0.19805562674376587,0.04780011143425179
id11676,0.017890420144212167,0.9658476048571596,0.01626197499862815
id06720,0.019606773818945246,0.008699692778241326,0.9716935334028134
id08048,0.012098474191918299,0.022013927045255892,0.9658875987628259
id04185,0.1774266191248961,0.02399934595187763,0.7985740349232263
id02077,0.8175233861721534,0.03824834285945292,0.14422827096839383
id12968,0.018647551217182375,0.01363529521427373,0.967717153568544
id01945,0.8722559973580517,0.0634405700166385,0.06430343262530992
id06446,0.9248117450875282,0.053431642043163224,0.02175661286930853
id01072,0.9746112562923779,0.013988714485305887,0.011400029222316211
id15124,0.9442282962365732,0.02031684364008871,0.03545486012333799
id14173,0.01235765863025408,0.9790221683583781,0.00862017301136793
id27559,0.0452720134649318,0.0094194333220258,0.9453085532130423
id13722,0.9272309609440268,0.04071640699357393,0.03205263206239925
id09310,0.9033278760099571,0.02229668577303834,0.07437543821700446
id23024,0.9731846565589818,0.015583632180569662,0.011231711260448484
id24332,0.045174754286595044,0.9318417669935471,0.022983478719857925
id07699,0.8737440980838671,0.056839544924058204,0.06941635699207478
id06837,0.045796038517149355,0.9284618297556202,0.02574213172723041
id07279,0.9668514920629849,0.009979436717249305,0.023169071219765677
id16451,0.3228670276387568,0.05340196669228165,0.6237310056689614
id17588,0.013494944596134465,0.934335472423268,0.05216958298059768
id07018,0.9703059251961202,0.011402602627961486,0.018291472175918196
id12994,0.5160220917553844,0.4400202887664735,0.04395761947814219
id03703,0.9353373208544206,0.023553556439364916,0.04110912270621447
id01753,0.9404342203376596,0.02305884875270471,0.0365069309096358
id02866,0.04117219059342642,0.015244463568714757,0.9435833458378589
id21884,0.009119215369866063,0.9826303923937535,0.008250392236380567
id27543,0.055087340855743266,0.015042821346338308,0.9298698377979185
id22149,0.07864085121018045,0.3163353400083119,0.6050238087815077
id14595,0.9615442235860359,0.025580918110598032,0.012874858303366188
id12383,0.8658536176736163,0.11308187748414818,0.02106450484223556
id27714,0.973990647438684,0.013398216909662312,0.012611135651653694
id17634,0.9610399079529544,0.021554844806770588,0.017405247240274983
id15906,0.011192356099566581,0.008542263142294906,0.9802653807581384
id09047,0.015469324246630715,0.008495679537681766,0.9760349962156875
id02059,0.9073671503446047,0.04356715735936581,0.04906569229602958
id19107,0.949244402882121,0.024765232552745747,0.02599036456513317
id02385,0.05564980376840349,0.014865239567966121,0.9294849566636303
id21312,0.9526713622762494,0.0327034070476358,0.01462523067611493
id02215,0.024219478558751537,0.9606532695943332,0.015127251846915189
id08928,0.354871993642782,0.17817997737755695,0.46694802897966114
id07099,0.9742809776202022,0.009526436504405197,0.016192585875392615
id01935,0.928613034133488,0.04173283127558182,0.02965413459093031
id24757,0.07819414179172807,0.8898107610806967,0.03199509712757529
id01848,0.18480852658681138,0.02984297281838359,0.785348500594805
id06224,0.9805155598977706,0.009718717046778956,0.009765723055450488
id15539,0.05302471239246746,0.8340497795619178,0.11292550804561466
id22907,0.017491916820057622,0.9656770262971821,0.01683105688276028
id12713,0.9785569270155847,0.009250523256964821,0.012192549727450583
id15521,0.03888130092773126,0.05017095662647561,0.910947742445793
id25539,0.9385825479653934,0.022484198934121485,0.03893325310048521
id23370,0.01121841638620131,0.012328320457536953,0.9764532631562617
id15868,0.6962865082676001,0.03512568388673377,0.26858780784566616
id17808,0.027058639748041742,0.013381248987544829,0.9595601112644133
id08241,0.04386350394319674,0.9290677376997172,0.02706875835708595
id27284,0.9496710977266475,0.03096426343187381,0.019364638841478658
id20707,0.9534837437883824,0.01700581417944641,0.029510442032171052
id03823,0.03249853414313448,0.9192238977243136,0.048277568132552094
id00463,0.02477891346046559,0.9507455531925929,0.024475533346941386
id07241,0.9698248283152494,0.019119182645434833,0.011055989039315855
id05702,0.0113065409288188,0.977652368361188,0.011041090709993122
id18973,0.9652917224686995,0.017848266040764213,0.016860011490536318
id18662,0.9469903515917492,0.023135008271769827,0.02987464013648089
id06448,0.025688383602840176,0.06880680726432475,0.905504809132835
id21002,0.009376126813879063,0.9768385388788416,0.01378533430727939
id08753,0.9521120122429908,0.033309822036653815,0.01457816572035532
id27832,0.020025832810243067,0.9572299868876852,0.022744180302071773
id11341,0.11492513921759959,0.8703711656924008,0.014703695089999571
id11426,0.04895133187909157,0.07534672263335264,0.8757019454875559
id15388,0.06616806161969735,0.015066482269267566,0.918765456111035
id12801,0.9528074353187479,0.031819721279642735,0.015372843401609364
id02380,0.8026453358358636,0.026958540245016115,0.17039612391912023
id02777,0.03833089979969194,0.02058130784213877,0.9410877923581692
id05412,0.03257880662195982,0.014805846374804423,0.9526153470032357
id01303,0.9625134785666146,0.01741123732183758,0.020075284111547784
id21665,0.9766966732869434,0.010488937203530701,0.012814389509525768
id12973,0.021387099445571916,0.009032959382776571,0.9695799411716515
id22046,0.977211466907531,0.009076031567352757,0.013712501525116353
id24035,0.048822872914160736,0.014926780983631639,0.9362503461022076
id15513,0.013174957681955616,0.97625221386036,0.010572828457684298
id12302,0.3115306077494337,0.04359215063378022,0.6448772416167862
id01751,0.5420083412403768,0.2622796073568411,0.1957120514027821
id27003,0.7315003140055573,0.020072366564327322,0.24842731943011548
id14689,0.010083539336363113,0.9799898213941843,0.009926639269452628
id11885,0.9522866975984982,0.026246469152272422,0.02146683324922946
id16558,0.8432617627236367,0.09765078064683987,0.05908745662952331
id15785,0.1040395504567975,0.8747283575377445,0.021232092005458097
id25382,0.010917754087669623,0.9780064957371797,0.011075750175150568
id19170,0.7774906541186067,0.1842834263609666,0.03822591952042679
id22689,0.9712868553825155,0.01850053051540034,0.010212614102084116
id03178,0.7194614659958716,0.1666187649739753,0.11391976903015301
id22393,0.900750982273079,0.028453263783882073,0.07079575394303883
id19215,0.5227136126186805,0.039373606163914075,0.4379127812174055
id27829,0.8298531327711567,0.08068598136419894,0.08946088586464425
id11659,0.11633960899402986,0.01989501171315778,0.8637653792928125
id25831,0.015223376667309154,0.9425999842811207,0.04217663905157029
id08781,0.8578206206001512,0.0537057513344737,0.08847362806537501
id11550,0.11947872627288224,0.8641124390763087,0.016408834650809053
id25478,0.08061904252055474,0.011979260320153364,0.9074016971592918
id09909,0.9666047577926656,0.020115642787946277,0.013279599419388034
id09009,0.021375950871864606,0.011238935016214754,0.9673851141119207
id12660,0.6436902139480207,0.02681331000226052,0.3294964760497188
id23033,0.15874309040087292,0.055291748177712464,0.7859651614214147
id25937,0.9265391828578817,0.04444720268240153,0.029013614459716824
id10385,0.1477192694490056,0.8357032536561215,0.016577476894872725
id15288,0.019277713973686442,0.01067868568606576,0.9700436003402478
id06403,0.9818080981252292,0.009554822937423553,0.00863707893734722
id18342,0.014768683962353625,0.9735027219090573,0.011728594128589157
id00497,0.06833795236751307,0.022242657890489636,0.9094193897419974
id12156,0.9766565917009649,0.012099868680151275,0.011243539618883962
id26825,0.9442863644449607,0.02637969112903654,0.029333944426002744
id20140,0.07104897072883817,0.011707109355973876,0.9172439199151879
id06714,0.9275055873610142,0.020423590695444006,0.05207082194354188
id06017,0.015344751242389184,0.017410985977150947,0.9672442627804599
id14841,0.9682507947696052,0.017669675157438898,0.014079530072955948
id25646,0.02499491246431456,0.04362663461309191,0.9313784529225936
id09218,0.7162396710633966,0.2056121011258111,0.07814822781079218
id21857,0.038507493885976046,0.951458374378925,0.010034131735099044
id05750,0.46645203859343093,0.035316791787444776,0.49823116961912434
id10507,0.7462212522148722,0.19123912312904245,0.0625396246560854
id09696,0.03829362514031398,0.020478276551761043,0.9412280983079251
id00835,0.07761017768316861,0.8957593214514824,0.02663050086534892
id26717,0.19279183853749143,0.07057010542501713,0.7366380560374914
id17573,0.026472675438721387,0.0361982785945581,0.9373290459667204
id21144,0.12318510908823654,0.8485156335957004,0.02829925731606295
id02305,0.9810478175246955,0.009280638438210313,0.00967154403709426
id26035,0.6641552331639602,0.07219922582022396,0.26364554101581594
id00878,0.9789539531763984,0.00852061185326859,0.012525434970332988
id08728,0.9090574878904827,0.03406498970589297,0.05687752240362436
id10579,0.04516200724540699,0.9318216873657236,0.023016305388869302
id10720,0.856267503205452,0.022109479336551996,0.12162301745799592
id09163,0.010849615470722572,0.010787065870146963,0.9783633186591306
id16298,0.056188707887163215,0.9337394991503503,0.010071792962486588
id05342,0.9089202233261884,0.012861288819808702,0.07821848785400304
id24256,0.03992249691611489,0.04417312117319607,0.915904381910689
id12217,0.030594064415610377,0.9463836437874937,0.023022291796895796
id06159,0.8178093112358205,0.0628819672056964,0.11930872155848306
id24394,0.9730195036498485,0.010799080221590391,0.016181416128561256
id20232,0.02508939840985938,0.0407412755893507,0.9341693260007898
id26856,0.9777375931336583,0.01166891963761873,0.01059348722872301
id15108,0.7747128084227151,0.10049751472115291,0.12478967685613215
id00751,0.3452749409049108,0.06052855361120303,0.5941965054838864
id01784,0.96371314424783,0.019519256789657526,0.016767598962512446
id26419,0.9121446297448905,0.05158727071012813,0.036268099544981156
id23877,0.12145354455742557,0.8487701126332754,0.029776342809299167
id05019,0.9703015003970101,0.011804519672233485,0.017893979930756476
id23003,0.020577623271708576,0.013690720303745277,0.9657316564245461
id22153,0.04266758971173277,0.8982159627821922,0.059116447506074865
id19726,0.015204545839574533,0.96886706382486,0.01592839033556561
id19033,0.9696746094352885,0.010077027207093959,0.020248363357617587
id00534,0.01507192443649132,0.01193006809695565,0.972998007466553
id07030,0.9340754929857645,0.016258425504805194,0.04966608150943021
id08281,0.2798160066577669,0.16908035202734817,0.551103641314885
id00366,0.6452817160673342,0.3109049649246803,0.04381331900798555
id25446,0.8141670451203512,0.04589487130054457,0.13993808357910417
id25008,0.9796989294727311,0.0082962736653477,0.01200479686192141
id24142,0.013393945293996705,0.978193686683453,0.00841236802255028
id25331,0.01094397582241959,0.010058303452664981,0.9789977207249154
id16549,0.05278449239314969,0.023373908240753652,0.9238415993660966
id12120,0.04596169150494347,0.9414067054211592,0.012631603073897253
id07518,0.033664880763640555,0.9337819581109124,0.032553161125447136
id24749,0.09768328577511551,0.02722686013361835,0.875089854091266
id23132,0.9056955105804312,0.04194579784678924,0.052358691572779475
id05946,0.04405404355363839,0.02980203667657622,0.9261439197697853
id07427,0.9536618211138165,0.00903099543212402,0.03730718345405954
id14601,0.009662052401481519,0.981549467456993,0.008788480141525445
id26504,0.010172388026894645,0.008382112249753262,0.981445499723352
id27199,0.9518658515397449,0.01675171890383205,0.03138242955642318
id09610,0.6784171349610663,0.20419793577554063,0.11738492926339322
id02071,0.9593010113194795,0.030487115419296492,0.01021187326122402
id24431,0.7670921093267736,0.03118626611739108,0.20172162455583537
id20756,0.11650916608837095,0.037775812010497484,0.8457150219011316
id06525,0.8532155595171756,0.02843972220021188,0.11834471828261235
id11646,0.980616326680452,0.009479505722056516,0.009904167597491553
id26808,0.9309676877125488,0.050917819290182534,0.018114492997268663
id15122,0.8940918267949157,0.03774013592989303,0.06816803727519125
id26052,0.020834939082269528,0.019312995311291447,0.9598520656064391
id06693,0.9709036648655073,0.011165100214411758,0.017931234920080998
id13520,0.9812116930623798,0.008809099070082331,0.009979207867537768
id04381,0.965712787836409,0.008270684290267208,0.02601652787332364
id23315,0.3761153401782252,0.10675061862109461,0.5171340412006803
id15685,0.9531635505171643,0.029884184131005256,0.016952265351830524
id12974,0.03368755982773162,0.024215053636823167,0.9420973865354453
id22302,0.896106184215531,0.07459007637594156,0.02930373940852734
id04848,0.9287244244553584,0.04062437773029408,0.03065119781434754
id05104,0.0100764150905919,0.00920926165135851,0.9807143232580496
id17169,0.015611617484055098,0.9637825279416558,0.020605854574289206
id12736,0.04015739948384993,0.9383355355905202,0.021507064925629867
id24659,0.9395450212150852,0.018325020407821274,0.04212995837709345
id24829,0.9387530066566449,0.03407812551210524,0.027168867831250023
id04164,0.02329416768940461,0.9626242135454797,0.014081618765115713
id17795,0.8763291253180868,0.04493351885238891,0.07873735582952412
id09104,0.04798959246649116,0.929971208867681,0.022039198665827753
id07833,0.032875641863936544,0.05193772885639368,0.9151866292796699
id16733,0.9299202595121447,0.05820669063517116,0.011873049852683998
id18630,0.11196571116560104,0.009576629693502061,0.8784576591408968
id16064,0.010540905509064205,0.008969143319945328,0.9804899511709906
id00561,0.01608110099603355,0.9731499948323769,0.010768904171589508
id16627,0.9572475680077406,0.017433805029500447,0.025318626962759026
id02162,0.9557446251239774,0.029585125468087267,0.014670249407935187
id16092,0.6270292334592044,0.19064790965103248,0.18232285688976302
id10710,0.01650954975883503,0.9665707250540522,0.01691972518711291
id18885,0.8573718640108974,0.044226972056548054,0.09840116393255456
id10689,0.011934031201417533,0.01002980862291133,0.9780361601756712
id00486,0.04311623972431968,0.7345743501055391,0.22230941017014125
id02370,0.9616061389030619,0.023172370907360636,0.015221490189577514
id22279,0.9758291733134887,0.010283694886880752,0.013887131799630456
id16068,0.875332067951985,0.024933158575642968,0.09973477347237193
id04053,0.016143482380851212,0.008629519013023597,0.9752269986061252
id09228,0.9828604437617603,0.008120325184987311,0.009019231053252428
id04227,0.037074446184790916,0.8986139348363115,0.06431161897889758
id13578,0.9593724841990152,0.018093945104051955,0.02253357069693278
id18744,0.018849698781868877,0.053458802730690445,0.9276914984874407
id22966,0.011824408173169567,0.011533791535248378,0.976641800291582
id02979,0.8909223015119271,0.07840435029929424,0.030673348188778624
id26203,0.9647221686063812,0.021716894871171566,0.013560936522447376
id21184,0.9549102042229505,0.012611480522140242,0.03247831525490912
id19201,0.9724166849590654,0.009354860982422239,0.018228454058512283
id20340,0.010495396065987159,0.9799997667469693,0.009504837187043461
id00692,0.01813916370474831,0.03225863751419398,0.9496021987810578
id17757,0.06468518500759694,0.010666904518131324,0.9246479104742718
id22771,0.021270666550398144,0.009688816045254156,0.9690405174043477
id10753,0.13719342222388425,0.846903507977707,0.015903069798408876
id11899,0.9516325751914296,0.01449350179346064,0.03387392301510981
id20961,0.9080983511617945,0.0728354743300836,0.019066174508121772
id06095,0.9065867435781344,0.07356274567381305,0.01985051074805243
id23625,0.938252338986782,0.045024849709527325,0.016722811303690792
id03942,0.9505769687493925,0.028692064799043647,0.02073096645156386
id19591,0.040425447936434045,0.6271693378053933,0.3324052142581727
id19732,0.9484028834476839,0.010628701123868992,0.040968415428447175
id24912,0.010660061432122055,0.9719076974477535,0.017432241120124377
id15060,0.9452363277342349,0.028913988970512602,0.025849683295252363
id08018,0.015571155966100808,0.9611635501072129,0.023265293926686335
id02851,0.9706383536765009,0.01804263523053128,0.011319011092967983
id02327,0.31784359768735443,0.20696280262160202,0.47519359969104374
id22631,0.9584918770827611,0.024022074860981256,0.017486048056257593
id22240,0.9340279755101023,0.042245553994366074,0.023726470495531726
id05114,0.8779893889754254,0.016906461618248575,0.10510414940632604
id14979,0.030771350700741103,0.9597241406854713,0.009504508613787713
id25837,0.03371980735100072,0.9549736571621023,0.011306535486896965
id17457,0.6893086262541376,0.07004513441083857,0.240646239335024
id23050,0.015044283690381225,0.008702289159714964,0.9762534271499039
id06461,0.4738235362168953,0.020377955214960893,0.5057985085681439
id03154,0.937808513973965,0.02099729157755231,0.04119419444848257
id20285,0.9556820849472172,0.009038571368918745,0.03527934368386395
id23166,0.00987041516776507,0.9817425079068851,0.008387076925349722
id11496,0.6577363962552611,0.2999668032577908,0.042296800486948
id09569,0.9441456829204128,0.041703888193532726,0.01415042888605442
id11193,0.7586103340120213,0.2015273886407193,0.03986227734725925
id26696,0.9696067643990259,0.018182287787710107,0.01221094781326401
id15363,0.017839263654720907,0.9732759988826615,0.008884737462617556
id13046,0.4807565532157174,0.4442514675084713,0.07499197927581139
id17653,0.05188498715608921,0.9358334529439828,0.012281559899927862
id18812,0.015089434851096019,0.008766294446597926,0.9761442707023061
id23232,0.00901026216434063,0.9819277617759642,0.009061976059695125
id05290,0.1494879411969077,0.135349682753356,0.7151623760497364
id10667,0.9736533306235148,0.012276348472645502,0.014070320903839624
id15546,0.012222743894914321,0.008451672532545562,0.9793255835725402
id05862,0.3291366835634144,0.05141171821486678,0.6194515982217189
id06225,0.017675613041638515,0.01663750734233714,0.9656868796160244
id17617,0.07250489789058939,0.021199834644452093,0.9062952674649586
id00814,0.015340843726535965,0.015343140132778212,0.9693160161406859
id18898,0.022685455071032475,0.032645173813492176,0.9446693711154753
id19395,0.011251416181564352,0.9677415612262177,0.021007022592217865
id19520,0.11545244438236595,0.8400402380908757,0.044507317526758274
id27501,0.027077131408443166,0.06365347577139305,0.9092693928201638
id06327,0.06085345505776748,0.04222504401490235,0.8969215009273303
id00330,0.014530753924337723,0.9666887960800352,0.018780449995627044
id03792,0.864119092124726,0.07642666195153183,0.059454245923742086
id09320,0.8970340597185817,0.06339562323812532,0.03957031704329285
id04678,0.01431959326447543,0.01097526795332478,0.9747051387821998
id11663,0.9529904583284811,0.017640562297150563,0.029368979374368463
id24945,0.019317268529628194,0.009185789340951545,0.9714969421294202
id03046,0.015231614555181232,0.9681313241033751,0.016637061341443736
id20236,0.8360339691623901,0.06864771206514136,0.09531831877246859
id07869,0.8671193099521972,0.029700696330606458,0.10317999371719641
id08152,0.01047085019782162,0.00878381937039164,0.9807453304317868
id02910,0.019878168590144855,0.9609604746000797,0.019161356809775324
id26837,0.034895992987227155,0.9373491503965892,0.027754856616183776
id24188,0.01636844882788874,0.9410187369408599,0.04261281423125128
id08748,0.04817955215074703,0.8528260327885802,0.0989944150606729
id18608,0.1459815326003899,0.7370140589885712,0.11700440841103901
id18773,0.9297446531836392,0.01542508824448334,0.05483025857187744
id21822,0.9809871932837033,0.009416399931542984,0.009596406784753765
id09721,0.3293773188058983,0.06141293404562375,0.609209747148478
id23152,0.9711158103944963,0.009057575806007911,0.0198266137994957
id02249,0.009081938194793087,0.982602659364951,0.008315402440255946
id14065,0.9272010745210428,0.04543672114908126,0.027362204329875933
id01598,0.04465121244215043,0.014657820934535479,0.9406909666233142
id06294,0.011650753459554573,0.00858493968879439,0.9797643068516512
id19196,0.978320390932568,0.010470830294319465,0.0112087787731126
id06846,0.1988827263694685,0.7523129858253065,0.04880428780522512
id02239,0.01280023907807383,0.009190751087690971,0.9780090098342351
id20363,0.011561284049656095,0.008427768280555458,0.9800109476697886
id14986,0.0394625874855806,0.9382454597913753,0.022291952723044173
id25864,0.017033003457573737,0.05046927302220027,0.9324977235202259
id22272,0.6553060420823886,0.028563650609366886,0.31613030730824443
id06212,0.08109136972531625,0.031270798187139674,0.887637832087544
id15497,0.051015201716208505,0.9242427241854241,0.02474207409836725
id12206,0.0106094818486618,0.008772681130792891,0.9806178370205454
id03109,0.4682530006123665,0.43759346978519753,0.09415352960243598
id00812,0.022756421374556017,0.010105826196883903,0.9671377524285601
id04837,0.2787488140538024,0.649131599115225,0.0721195868309727
id14518,0.9478295259048629,0.037819983280257624,0.014350490814879551
id18095,0.04085334922780198,0.9358496988283962,0.023296951943801932
id15831,0.028961295167656213,0.9490726422072558,0.021966062625088018
id12558,0.09654590951207538,0.8602497051804452,0.043204385307479345
id27858,0.9653268759395155,0.01440085688130562,0.02027226717917899
id24074,0.9297566305033885,0.025324053180869187,0.04491931631574236
id23039,0.9607598210832091,0.009925268788491095,0.029314910128299666
id23415,0.009569315046083063,0.9819170383839125,0.008513646570004387
id00613,0.01589329008045342,0.009735833339262312,0.9743708765802842
id11373,0.03633583864034438,0.012201646366268097,0.9514625149933874
id00493,0.013784920950990327,0.9591254667117871,0.02708961233722259
id20781,0.025958272724138916,0.9459056996561694,0.028136027619691712
id16367,0.9663370899051157,0.023297212959987178,0.010365697134897035
id09831,0.019854180083056897,0.9483282571416061,0.03181756277533709
id08016,0.01810048865512983,0.9564243669555008,0.02547514438936948
id02860,0.04344266837439,0.6693936375228741,0.287163694102736
id02382,0.7391562910168227,0.15187392790330276,0.10896978107987448
id06900,0.570494833764813,0.07211271153567163,0.35739245469951525
id26499,0.9738533208568388,0.008446916953193379,0.0176997621899677
id21696,0.18825302508537542,0.11104359316859044,0.7007033817460341
id21364,0.04427518022734527,0.8111510398967795,0.14457377987587533
id02752,0.1419533376236489,0.02882666466525469,0.8292199977110963
id02765,0.9373077160530514,0.010365898653065886,0.052326385293882664
id10307,0.9656156917519615,0.016202836632612735,0.018181471615425812
id26542,0.068644904042294,0.01661928420029936,0.9147358117574066
id05416,0.9177055894732378,0.018170676100439,0.06412373442632317
id03671,0.010427275347230942,0.979440378522563,0.010132346130205958
id03740,0.013624609425215331,0.9769900488408033,0.009385341733981417
id25818,0.9392174147478948,0.0183172920193436,0.042465293232761735
id23290,0.9819104242856841,0.008277534456995434,0.009812041257320528
id13438,0.022752927101354754,0.00882113979847082,0.9684259331001743
id15502,0.9512404876656305,0.0117588792755961,0.03700063305877322
id18946,0.9406580900389172,0.0374143504527804,0.021927559508302222
id26357,0.01679620928049849,0.10554361677300134,0.8776601739465003
id13701,0.9638331418084426,0.01921558191007725,0.01695127628148006
id20217,0.019593757869934853,0.9537347243114976,0.026671517818567584
id12716,0.03407845032267437,0.9216835056421634,0.044238044035162356
id03995,0.014006517472828887,0.9746674164858513,0.011326066041319966
id16808,0.9786017149045058,0.009438281474857238,0.011960003620636876
id11082,0.9644928387762204,0.01454710698924373,0.020960054234535983
id06832,0.021708209572969164,0.009573612368096191,0.9687181780589348
id11655,0.13154017866109002,0.8349367272185777,0.03352309412033233
id12727,0.2531653930881439,0.05578074504984896,0.6910538618620072
id14495,0.05549597610407634,0.014949067373221213,0.9295549565227025
id15414,0.898327548421806,0.02766196220661913,0.07401048937157488
id03844,0.2556379024096273,0.04692167319036532,0.6974404244000073
id22810,0.03369042280041839,0.04386848115251112,0.9224410960470706
id05794,0.012535921144963855,0.9778980439572685,0.009566034897767656
id01611,0.03953414564863893,0.010934349612735051,0.9495315047386261
id11150,0.3188709223285507,0.6293597300279522,0.051769347643497214
id27616,0.9584071333564878,0.01766848389885363,0.023924382744658506
id09738,0.9350616005440152,0.037387694057219034,0.027550705398765647
id23766,0.3219836440463138,0.6419106263634976,0.03610572959018846
id06124,0.048659630783330944,0.11443037790260209,0.8369099913140668
id00926,0.9615954351171456,0.02882747639840692,0.00957708848444751
id11991,0.01740102852303576,0.014008704052710295,0.9685902674242538
id22681,0.9277078476954882,0.05806592338844488,0.014226228916066938
id00979,0.021096092605149993,0.965977204120893,0.012926703273957115
id26300,0.1633196231389414,0.023152692930174815,0.8135276839308839
id15518,0.14999429558128433,0.022077551818015802,0.8279281526007
id26839,0.9626353701947084,0.01824777255118937,0.019116857254102365
id16154,0.9521708599421427,0.01532306211295741,0.03250607794489998
id12877,0.9409944410515615,0.010976540719120003,0.048029018229318425
id02816,0.013278031924650512,0.9783917043145806,0.008330263760769008
id13400,0.03560275511176341,0.009908861889690684,0.9544883829985459
id14369,0.04931803960969159,0.825628571526147,0.12505338886416126
id04073,0.9077892399306956,0.07200170805579639,0.020209052013507946
id04639,0.010297536318400895,0.9230573903199317,0.06664507336166749
id09970,0.08961959309442227,0.027129951262949675,0.883250455642628
id23994,0.9427027301655106,0.042392016993162626,0.014905252841326669
id24728,0.014506003249409365,0.9756388029843989,0.009855193766191867
id11539,0.9345824517170082,0.03137876547581163,0.03403878280718024
id18368,0.03337510420829172,0.020618196447632336,0.946006699344076
id07722,0.9518447545037465,0.02029398309598735,0.02786126240026621
id10355,0.5006615933120264,0.35746780905600645,0.14187059763196727
id02842,0.9605898334331161,0.02763483731538221,0.011775329251501657
id02826,0.9716194077819743,0.018488793506506868,0.009891798711518665
id14517,0.05954865983597196,0.9251182055134235,0.015333134650604725
id14833,0.2213897242669827,0.046043669845211486,0.732566605887806
id00491,0.3345106610121091,0.03443912014529323,0.6310502188425977
id10784,0.013956099565879653,0.9469468490885848,0.03909705134553555
id27648,0.9573633399699507,0.03006626249041231,0.012570397539637054
id00372,0.8682524934403913,0.07148008588677943,0.0602674206728293
id12796,0.018463452498586316,0.014548500663695195,0.9669880468377186
id06215,0.08933861659664623,0.8861409690768023,0.024520414326551374
id24722,0.04048162455228168,0.036456471421003146,0.9230619040267151
id02729,0.023789419377183502,0.04713539491803326,0.9290751857047833
id01783,0.041098519835942246,0.024143671368365455,0.9347578087956923
id03025,0.011039897317974053,0.024230138789230953,0.9647299638927951
id03714,0.009349030600262898,0.977732630618377,0.012918338781360152
id00173,0.7793777272668119,0.16438561888022205,0.05623665385296622
id09268,0.05100408557036312,0.009291120965391744,0.9397047934642452
id08738,0.0767924421684335,0.9119501904916489,0.011257367339917708
id18561,0.9746887461077145,0.010659510466293078,0.014651743425992356
id04877,0.951415537225989,0.015271011163292816,0.03331345161071812
id15173,0.013924749157490278,0.975085242173104,0.010990008669405799
id23020,0.12142870094847139,0.04120631967726316,0.8373649793742656
id04105,0.02483832022389804,0.9522778092914639,0.02288387048463796
id27807,0.9293734108978725,0.0358261869525133,0.034800402149614315
id08966,0.9637917075740855,0.02454086803913497,0.011667424386779458
id15469,0.04481432167655535,0.019452970214577713,0.9357327081088669
id26904,0.12804804851474874,0.17710224601095567,0.6948497054742957
id14258,0.9672201355314621,0.013770511227823886,0.019009353240714073
id04371,0.010495764263463277,0.008416854173451725,0.981087381563085
id13963,0.9462868062941683,0.012985267326195276,0.04072792637963634
id19097,0.9413008398690683,0.025974382621427438,0.03272477750950437
id00350,0.07473582426824858,0.01201787177766846,0.913246303954083
id03571,0.940176555761343,0.040393199190961106,0.019430245047696026
id05647,0.9489864004553107,0.02850392767231309,0.022509671872376305
id03720,0.02206808291160254,0.9564566090172665,0.021475308071130916
id10208,0.9629940385432705,0.013936831087833945,0.023069130368895623
id04526,0.045868942820754315,0.9064508336789069,0.047680223500338945
id23694,0.010942110540398418,0.9794273918118451,0.009630497647756538
id13795,0.9799619286042516,0.008593473180128474,0.011444598215620052
id04551,0.07593869095862577,0.9038824703310978,0.020178838710276332
id13292,0.9698246065161974,0.020524699054676986,0.0096506944291255
id18196,0.09159557523827634,0.09833216797058869,0.810072256791135
id12175,0.9796901123083809,0.008574844027829206,0.011735043663789798
id09482,0.9758397870336637,0.010557023536566531,0.013603189429769845
id17574,0.05114032297847603,0.015170698112224839,0.9336889789092992
id12316,0.01446040232125024,0.9757707918991966,0.009768805779553176
id01875,0.10072493392082517,0.015199482298732891,0.8840755837804418
id12688,0.011416197954686902,0.9793922708409529,0.009191531204360165
id12192,0.1763754299743426,0.08148887929715035,0.7421356907285072
id14713,0.014544015960573564,0.012538735261984173,0.9729172487774422
id05961,0.013032156067092654,0.009321570242313514,0.9776462736905938
id04556,0.9657425880924974,0.011384838236395496,0.0228725736711071
id20641,0.9482776159500245,0.04070238510208189,0.01101999894789352
id24624,0.0452477029594681,0.057589840124041634,0.8971624569164902
id20096,0.01083049856799852,0.01049629099821011,0.9786732104337914
id03013,0.545808062847344,0.286300838909379,0.16789109824327708
id06775,0.9617801281968384,0.011384813473251857,0.026835058329909567
id17068,0.9570219597177781,0.02194079923536734,0.021037241046854588
id25344,0.010252282341832923,0.9803682290136285,0.009379488644538705
id04523,0.5886344748525096,0.07428033982939616,0.3370851853180944
id00132,0.9663288070798016,0.02311874227437539,0.01055245064582303
id11631,0.013149569297913563,0.012387897998295656,0.9744625327037908
id09022,0.023477667965292427,0.0336427578503424,0.9428795741843651
id10188,0.01543897361822481,0.04450337383817685,0.9400576525435983
id12752,0.9444922163118241,0.03757280524139863,0.017934978446777317
id02576,0.029445395475039986,0.05568714113832498,0.9148674633866352
id22768,0.9528522915148485,0.028947744959592042,0.01819996352555951
id25350,0.3117878816978338,0.0336623601321472,0.654549758170019
id06560,0.9719851786299594,0.015455087868750026,0.012559733501290728
id20366,0.4890639680387715,0.05126911004624607,0.4596669219149824
id10840,0.9790867284701846,0.01132351263423434,0.009589758895581038
id18880,0.911100204363163,0.05428867190059482,0.0346111237362423
id11683,0.8164133433231,0.0913511206415362,0.09223553603536379
id14734,0.11892081218734599,0.019453346815688752,0.8616258409969654
id15336,0.26409598253451066,0.7216093849363424,0.01429463252914685
id15319,0.7538631492587166,0.0648829671464152,0.1812538835948684
id03829,0.03474149871933255,0.9436276566054385,0.02163084467522893
id18451,0.8912591794689368,0.031134279034133905,0.07760654149692921
id11816,0.9230894844455197,0.012868300192234637,0.06404221536224569
id21792,0.9750830813381002,0.01188079058295479,0.0130361280789451
id26921,0.9623191280215977,0.008400126921198299,0.029280745057204034
id08664,0.9059610486326259,0.06279254192428206,0.031246409443091996
id06944,0.7417018075579392,0.22293896542413125,0.03535922701792963
id20817,0.01243486136983244,0.013680741656823939,0.9738843969733435
id02759,0.9715865067863975,0.014149813126236133,0.014263680087366493
id01449,0.056771102230274206,0.921738797702118,0.021490100067607786
id26909,0.7709285010438713,0.128401651649481,0.10066984730664778
id03113,0.013229434191268501,0.008694521824796252,0.9780760439839353
id18364,0.11469479834398533,0.012558434589366238,0.8727467670666486
id21004,0.014430554780072179,0.009534230045665289,0.9760352151742625
id00305,0.025155036383346336,0.010470321476152166,0.9643746421405014
id03374,0.014211675796035024,0.9634252324476853,0.022363091756279756
id18916,0.9583562671363268,0.020938115551273347,0.02070561731239986
id06535,0.024822134910225665,0.9668699837505312,0.008307881339243048
id25067,0.9723619142043278,0.016756936708033823,0.01088114908763824
id27726,0.01241650745741168,0.9745010229936121,0.013082469548976178
id21767,0.9659772663362054,0.013077274130386299,0.020945459533408223
id17581,0.9706452101316606,0.01523907229186325,0.014115717576475999
id02354,0.9029165027047487,0.037966872759262735,0.05911662453598875
id16505,0.9753391454581262,0.012945753000242281,0.011715101541631696
id00573,0.9074756492695267,0.032218526995198296,0.06030582373527488
id23256,0.9725494063553306,0.008325369091693962,0.019125224552975523
id25798,0.03378655412411159,0.9386957470491069,0.027517698826781636
id10439,0.06814514661622798,0.15138133032385323,0.7804735230599188
id00652,0.02407792748456957,0.9029401071098632,0.07298196540556719
id17696,0.9738844762935754,0.013995658515580359,0.012119865190844155
id22911,0.022347598964199057,0.028549353264450444,0.9491030477713503
id19382,0.13648854640986513,0.021934845784664703,0.8415766078054703
id12258,0.15484916139874158,0.7600869942492311,0.08506384435202717
id19349,0.011493080765573501,0.9787844741920956,0.009722445042330876
id05653,0.9121336384715736,0.03466137592066932,0.05320498560775726
id24532,0.032003494654182174,0.022841688021241313,0.9451548173245766
id04344,0.9768342705752587,0.009597037154263783,0.013568692270477568
id26369,0.039621743588785945,0.10297582499507861,0.8574024314161355
id07974,0.03660874480245196,0.009487032424117007,0.9539042227734311
id11844,0.018450338488948545,0.008731474955830333,0.972818186555221
id15836,0.9682506125660332,0.01180379920924351,0.019945588224723317
id03278,0.03692735662485265,0.011116778608233659,0.9519558647669139
id25245,0.9252085001207756,0.03363460532121297,0.04115689455801143
id10690,0.333207684719249,0.051607397540481985,0.6151849177402691
id13618,0.9230933972714196,0.02605782564588035,0.050848777082699935
id05898,0.9356266148035283,0.0185887269642902,0.04578465823218148
id08866,0.12151053085786287,0.850549616787357,0.027939852354780078
id21212,0.017825397107055888,0.010414928593056375,0.9717596742998876
id14035,0.9730519470214054,0.010366482682718878,0.016581570295875623
id27517,0.017978173015921722,0.02023045053890598,0.9617913764451724
id22280,0.8097930395360874,0.05084214132211603,0.1393648191417965
id05488,0.9618582392029097,0.023401470747905363,0.014740290049185052
id07921,0.008949608806986089,0.9828288468705049,0.008221544322509012
id26774,0.8716792689380648,0.02436922109215903,0.10395150996977626
id05200,0.07329917803223159,0.9106726207126027,0.016028201255165707
id07514,0.041135585507780084,0.946856031482686,0.012008383009533845
id26147,0.0173766280019798,0.012829318618736107,0.9697940533792841
id16015,0.07880202523289047,0.03583438075965341,0.8853635940074561
id05730,0.9364566756618564,0.0222089520158068,0.04133437232233673
id10680,0.03007428454942722,0.030705230698847823,0.939220484751725
id17677,0.18975480977422177,0.7539592627447258,0.05628592748105228
id11519,0.015750681624026725,0.00938589321089968,0.9748634251650736
id03255,0.9740117760880947,0.015054309277638414,0.010933914634266753
id04658,0.5428271407913647,0.072534471340641,0.3846383878679943
id15449,0.013488638808492978,0.015089798386395329,0.9714215628051116
id08702,0.01955644744213558,0.9612436802830344,0.01919987227483004
id20255,0.27624467533028935,0.6680149332483518,0.05574039142135888
id03108,0.015728973368200058,0.9527225596385667,0.03154846699323337
id09118,0.012538927745450627,0.009099471704207475,0.9783616005503418
id16335,0.8847765386986771,0.055307091361467296,0.05991636993985564
id05595,0.9481636505218423,0.03803270681898416,0.013803642659173655
id06774,0.9553774793703712,0.034043332945895975,0.010579187683732904
id23750,0.027599402314610846,0.01041322205863784,0.9619873756267513
id23246,0.9435922540357687,0.01287818688923509,0.043529559074996116
id06156,0.05684619535539973,0.18608284465455546,0.7570709599900447
id01049,0.03833342790548131,0.9254642929129001,0.036202279181618564
id22801,0.029686453027031594,0.9567262873293476,0.013587259643620696
id14034,0.9786631012450627,0.01015730955980514,0.01117958919513213
id01156,0.023044485455024126,0.9667706326196076,0.010184881925368407
id13489,0.9424599273752016,0.03764038170970024,0.01989969091509827
id18217,0.18273753263180303,0.6204598097401075,0.19680265762808963
id02048,0.04932699873066547,0.9381731021049954,0.01249989916433914
id03684,0.9731219196983061,0.013800645125578376,0.013077435176115407
id11208,0.011810313404611666,0.009240444863457748,0.9789492417319307
id14453,0.92985167313025,0.010296901030651968,0.0598514258390981
id03798,0.9275998339511758,0.020867655825697367,0.05153251022312671
id19911,0.0745170135296625,0.18212249750618795,0.7433604889641496
id04907,0.015279578258210932,0.030117869945456337,0.9546025517963328
id11148,0.9653930560291913,0.021736244236943526,0.01287069973386519
id23996,0.013202520950073944,0.9105523320950955,0.07624514695483052
id19833,0.9718406156956475,0.012151611152921906,0.01600777315143058
id01932,0.9736922195550659,0.016124493901038435,0.010183286543895517
id12137,0.926235362547838,0.03287843622622894,0.04088620122593297
id20511,0.8900817530682209,0.029601931043009958,0.08031631588876921
id09367,0.009317941463816672,0.982176938868514,0.00850511966766931
id20856,0.024969553884530097,0.009145377270671013,0.9658850688447989
id20704,0.9647353628948527,0.010561303511085132,0.024703333594062023
id14526,0.08442838641378977,0.07682845580472071,0.8387431577814894
id08881,0.013139855342781748,0.9783713723967933,0.008488772260424972
id04366,0.9560854797499249,0.030316210712979224,0.013598309537095836
id05521,0.9188334657481841,0.04486726171043581,0.036299272541380136
id10588,0.046661548286687005,0.5827006147687367,0.3706378369445764
id20689,0.4687518767543336,0.4418538157781787,0.08939430746748779
id16667,0.26410308400574734,0.6759272612220957,0.05996965477215693
id25279,0.9301087618896369,0.021035437352592997,0.04885580075777033
id24194,0.018283844310756837,0.9655184209576512,0.016197734731591865
id27341,0.9751521240248205,0.014440978876481216,0.01040689709869832
id25695,0.9513503327040191,0.019389117645269908,0.029260549650710847
id01758,0.15150438561068574,0.0365722410492389,0.8119233733400755
id02431,0.018011317574703898,0.9414959832147887,0.040492699210507584
id19940,0.02116498421980906,0.008674252333910034,0.970160763446281
id23926,0.971053909496347,0.016901727570112397,0.012044362933540607
id14343,0.8159158259608273,0.026800390079417827,0.15728378395975495
id06043,0.012688507838448014,0.008551120147860249,0.9787603720136918
id05551,0.9368305825980061,0.014868618372575679,0.04830079902941836
id16698,0.018635120957817213,0.9685290697278666,0.012835809314316314
id26006,0.9697191528029302,0.01891658635536582,0.0113642608417038
id16244,0.0558290448661701,0.31431620159602064,0.6298547535378092
id21129,0.9715349168888908,0.010809851360996282,0.017655231750113003
id14317,0.011852728838331017,0.010021782482567574,0.9781254886791013
id16443,0.11121355706919196,0.014414917093191273,0.8743715258376168
id00044,0.018713232723471147,0.011212371874828288,0.9700743954017006
id01365,0.014485656984476599,0.9548038011971989,0.030710541818324597
id12797,0.5902184528305403,0.03645838924624179,0.373323157923218
id21275,0.9502999858234502,0.01558398962683898,0.03411602454971086
id13801,0.024095254090248944,0.04370968458476484,0.9321950613249863
id20770,0.017812878147233178,0.9465093390262262,0.03567778282654065
id03078,0.09387207205528608,0.8908253523086933,0.015302575636020554
id21589,0.928045536658633,0.01018436901774425,0.061770094323622786
id25572,0.14592668555373817,0.03422868071674373,0.8198446337295182
id10712,0.9761789598554098,0.00832536616198087,0.015495673982609263
id25061,0.0494505719891603,0.05639060696078281,0.8941588210500568
id03163,0.02467095916442699,0.009989579630268246,0.9653394612053047
id12341,0.9213324202992873,0.011280209116655716,0.06738737058405696
id25107,0.02022576706462018,0.9688082606358751,0.010965972299504584
id21945,0.9806323215139536,0.009666338208966447,0.009701340277079988
id14078,0.013163536559530873,0.08561634038867547,0.9012201230517936
id06876,0.011393388201331268,0.010391165284448497,0.9782154465142203
id05232,0.01507405661451235,0.9719842100876765,0.012941733297811153
id07071,0.9060138022938479,0.018735657102118875,0.07525054060403322
id10646,0.012864763112904201,0.9771280638622438,0.010007173024851964
id25540,0.9530060403820368,0.03385721201167862,0.013136747606284676
id25607,0.010192141599065969,0.9771618295369597,0.012646028863974219
id16479,0.9553814078186398,0.014911297529141958,0.029707294652218157
id05998,0.02561453526200928,0.9563650057431291,0.018020458994861474
id20554,0.9407913163128515,0.02475932116705901,0.03444936252008953
id27217,0.9737829425398957,0.010385060971978693,0.015831996488125593
id20110,0.02368854995734766,0.8996234268431427,0.07668802319950971
id01990,0.015132609205898475,0.9736376439109992,0.011229746883102463
id17080,0.05842028967985557,0.8943019162659289,0.04727779405421544
id19120,0.7999203966665857,0.13505759045648177,0.06502201287693268
id08476,0.0484138408045882,0.010635595716110136,0.9409505634793017
id03715,0.09904793072056217,0.881389007836191,0.01956306144324686
id27208,0.9773999228804708,0.011113721798233302,0.011486355321295778
id04508,0.9805875294288934,0.009302789050924128,0.010109681520182556
id11233,0.0635914289539613,0.03327745888396172,0.9031311121620771
id14237,0.9152663415975669,0.06354480166439745,0.021188856738035687
id12006,0.17364223877346785,0.2003482668396751,0.6260094943868572
id22925,0.03067254612144548,0.022467140380444565,0.9468603134981101
id07141,0.9767775647993088,0.008331879480806015,0.014890555719885084
id08449,0.1246462260932809,0.018335420048031056,0.8570183538586881
id16468,0.9612725541206051,0.011439269888598225,0.027288175990796637
id21415,0.02631804026387124,0.015457830050673338,0.9582241296854553
id09388,0.974907216790996,0.015577945521378509,0.009514837687625457
id24767,0.01041564932078701,0.9748083064645943,0.014776044214618578
id19247,0.980776880912612,0.008495936206635916,0.010727182880752254
id07068,0.2183301796711828,0.7505913368958161,0.03107848343300094
id27597,0.9787606166873147,0.011462726104000218,0.00977665720868497
id21380,0.9344919520110214,0.024099246708970203,0.04140880128000823
id01178,0.016700226279217675,0.008803542399994448,0.974496231320788
id15323,0.9574001630831113,0.0266860505292746,0.015913786387614075
id14784,0.9611554838442514,0.009854837201303103,0.028989678954445555
id07174,0.14883405050134074,0.04098370198303488,0.8101822475156243
id06577,0.968754864107569,0.01882172603328451,0.012423409859146578
id06582,0.9173571350769116,0.060636756448852996,0.02200610847423551
id21088,0.034288597081655485,0.008877366259418594,0.9568340366589259
id16436,0.015770246357454304,0.9698020938933175,0.014427659749228234
id25443,0.9248742060480278,0.015447827290854277,0.059677966661117826
id16617,0.9131083078363628,0.012523791408451551,0.07436790075518582
id21757,0.5510908224040287,0.0889823634903474,0.35992681410562394
id25902,0.057047949995129174,0.02683542615844887,0.916116623846422
id11238,0.9198606840477223,0.06048856025213642,0.019650755700141225
id13861,0.018627076346290593,0.902123689673983,0.07924923397972647
id04171,0.015383587477751518,0.016907654475541847,0.9677087580467068
id21483,0.03387534186736738,0.008995860583576308,0.9571287975490563
id12635,0.029585345733904984,0.06834568811544454,0.9020689661506505
id11666,0.020447247056353243,0.9684020165917302,0.011150736351916485
id21552,0.9403637525730406,0.04449340147871733,0.015142845948242094
id13582,0.06310191016357695,0.9137386899532318,0.023159399883191118
id06447,0.948095713562492,0.016479701176059396,0.03542458526144848
id22998,0.015338705776153157,0.009242202858796362,0.9754190913650506
id15616,0.010801858859185194,0.013253323303856299,0.9759448178369585
id09613,0.02105708914099427,0.9659215583031407,0.013021352555865059
id09318,0.11112770939289261,0.8672163306274531,0.021655959979654468
id07653,0.9662022796297458,0.010472326881990108,0.02332539348826414
id21311,0.9525549330425835,0.02722306778511975,0.02022199917229663
id21030,0.9222436834485582,0.05174328177520733,0.02601303477623449
id10363,0.019019800796144647,0.9580611546346396,0.022919044569215664
id02624,0.893307373453166,0.015192702058729876,0.09149992448810423
id21462,0.11067023773864981,0.1012105204426769,0.7881192418186732
id24961,0.011713192035118135,0.9727549781871697,0.015531829777712051
id08598,0.029220697228066715,0.019165978141057766,0.9516133246308754
id22701,0.8847564308138537,0.08084788863909668,0.0343956805470496
id24954,0.7243344881643314,0.032288201859646926,0.24337730997602158
id24432,0.962873465727128,0.023210655373497972,0.0139158788993742
id08123,0.044915557798247345,0.030039724248365776,0.9250447179533869
id08456,0.017592880369986005,0.010363424244859368,0.9720436953851546
id02792,0.9134096118200141,0.019857946217051496,0.0667324419629342
id01034,0.018660815443744514,0.962898193382902,0.01844099117335357
id05336,0.047879304673532484,0.9056512423957321,0.04646945293073548
id16773,0.06816469427212131,0.8968057798526508,0.03502952587522811
id20275,0.061066539847673705,0.9073360454211318,0.03159741473119458
id22357,0.053882443476773546,0.8332632102802726,0.1128543462429539
id08426,0.9369545691626854,0.0289225146324376,0.03412291620487693
id26118,0.9590725270042562,0.015161252118444645,0.02576622087729929
id27377,0.018058831446829914,0.01237344157656859,0.9695677269766015
id19738,0.4403916325962306,0.209758093849965,0.3498502735538045
id27211,0.9601923313214767,0.022632922090775068,0.01717474658774817
id20362,0.08570732254351404,0.010910449090459596,0.9033822283660264
id10769,0.22707833296790272,0.06763831892542754,0.7052833481066697
id02037,0.19776819751031208,0.20030154328263453,0.6019302592070535
id24338,0.9768325770961285,0.009758082063324122,0.013409340840547495
id21154,0.021972580825914717,0.9305070046975026,0.047520414476582715
id15815,0.011257483115224348,0.013915235852253873,0.9748272810325218
id03643,0.01431355925961363,0.022867800616458992,0.9628186401239275
id24266,0.012138906468341527,0.9670491613628969,0.020811932168761663
id09707,0.2971603752084645,0.04694027689984589,0.6558993478916896
id22786,0.9746171526495996,0.01037345708371743,0.015009390266682987
id27783,0.6852362498362077,0.16247248181885332,0.15229126834493906
id13684,0.02455807964789333,0.012065273947994185,0.9633766464041126
id03721,0.9019354721962631,0.04384004822390434,0.0542244795798326
id00139,0.7933485089911702,0.14540153583612825,0.06124995517270162
id07113,0.941143006762663,0.012272720474092898,0.046584272763244006
id25748,0.96913274967327,0.013080288290305738,0.01778696203642421
id01901,0.1118756556469225,0.04004216785226789,0.8480821765008097
id15688,0.8743824662469484,0.06797375164885655,0.057643782104195185
id20660,0.717288108874148,0.04930194064332534,0.23340995048252666
id03335,0.9801680128255896,0.009300720223695002,0.010531266950715275
id05947,0.5471523547294692,0.41031766461115204,0.0425299806593787
id14528,0.9523551778047054,0.034218866245073004,0.013425955950221618
id04437,0.966427493279187,0.02054206362435555,0.013030443096457338
id10804,0.013752693625245213,0.974437234466855,0.011810071907899832
id17859,0.04046993593522593,0.9438355752374554,0.015694488827318623
id01631,0.03046065914306665,0.9572114220862562,0.012327918770677319
id10949,0.9041356600624859,0.06877264686069458,0.027091693076819627
id02613,0.15061438177323572,0.7642790609260699,0.08510655730069426
id21773,0.021180619515972176,0.9646208623365262,0.014198518147501532
id08523,0.03270915423280586,0.011289955703358728,0.9560008900638354
id08014,0.015527374801726076,0.974644863743005,0.0098277614552691
id08659,0.012488316629763248,0.9736191457388617,0.013892537631375186
id17792,0.9201915912237346,0.05114165928094271,0.0286667494953228
id25612,0.044255950930459906,0.045827934493578346,0.9099161145759618
id27792,0.2877918639515301,0.5958064621661109,0.1164016738823591
id08889,0.9710862340719124,0.01067845340771093,0.018235312520376495
id17156,0.9571332616151159,0.023275200102916442,0.019591538281967753
id04124,0.11432390974542289,0.014694189854148425,0.8709819004004288
id05048,0.7513106096575936,0.060139914334924105,0.18854947600748245
id18882,0.045681580554170806,0.018528356042422343,0.935790063403407
id03999,0.05037459038408742,0.910795592731184,0.03882981688472862
id04390,0.01752697305251688,0.9734201494218302,0.009052877525652798
id06734,0.7807548679962424,0.018017400060001458,0.20122773194375612
id12623,0.8022048975117556,0.10299293633030013,0.09480216615794446
id10904,0.020155198679442994,0.9284077223060737,0.0514370790144834
id23535,0.9489737721568543,0.038924790933190144,0.01210143690995566
id08442,0.9719890299989877,0.009044847237309958,0.01896612276370231
id25272,0.9809546018939064,0.009902826354388067,0.009142571751705663
id15926,0.026636725643187788,0.9210072576717895,0.05235601668502257
id07186,0.08190583410439539,0.016592009454055947,0.9015021564415487
id20674,0.06573112641544752,0.05169817898307616,0.8825706946014762
id13297,0.8926247840571735,0.08175235067929505,0.025622865263531632
id08076,0.973509904411631,0.013481686789436873,0.013008408798932211
id10493,0.04157417666769774,0.010169346701494338,0.9482564766308078
id19450,0.9811911789322082,0.008882554267860701,0.00992626679993113
id21746,0.049805432819099,0.9221683329451968,0.028026234235704092
id22034,0.011197803758086678,0.00919037828672109,0.9796118179551921
id05074,0.9466472229348206,0.02652885929821893,0.026823917766960335
id07348,0.06612969247451346,0.02362520514360113,0.9102451023818855
id01308,0.661499167342839,0.1713105349074064,0.16719029774975458
id06705,0.17369064572725687,0.030741617498521234,0.7955677367742218
id21444,0.9748791249242689,0.010987488317083053,0.014133386758647993
id12010,0.010004986865530375,0.9784905535538806,0.011504459580589162
id19949,0.02547557086359876,0.954549206278313,0.019975222858088115
id01125,0.910789907567725,0.013292904301950202,0.07591718813032462
id20380,0.9311820916722291,0.010135798549024327,0.05868210977874677
id04880,0.9103885261547545,0.07940291361916359,0.010208560226081891
id10095,0.5056515868074535,0.38689028275009574,0.10745813044245088
id01379,0.036113597507553524,0.9498456715138658,0.014040730978580804
id11651,0.9763165698591307,0.014642093095728526,0.009041337045140744
id24870,0.02425361230181441,0.9429370894568903,0.0328092982412955
id11307,0.020793435272369307,0.018070579033300012,0.9611359856943307
id00731,0.011686410497984913,0.9794294815536776,0.008884107948337425
id18806,0.9468034309552583,0.02411786135825023,0.029078707686491304
id16899,0.513401513374238,0.06668118390759122,0.41991730271817096
id12522,0.0398811335492711,0.9253649724624498,0.03475389398827908
id20119,0.9805595797964805,0.0099270084691933,0.009513411734326344
id26937,0.34893013443032594,0.5885388921057291,0.0625309734639451
id27439,0.03137400863875509,0.9528002643990588,0.01582572696218599
id27579,0.1840653860054563,0.019357349491459133,0.7965772645030846
id13459,0.9557674049298507,0.027580881168571294,0.016651713901577974
id11534,0.11301578746312421,0.026541278668356136,0.8604429338685197
id19984,0.009913205303377663,0.9808373697696922,0.009249424926930103
id06404,0.9498227844054076,0.033501281501251486,0.0166759340933409
id23309,0.06595486033926148,0.8745260728787587,0.059519066781979754
id19314,0.03240201808091225,0.9319963991476735,0.03560158277141412
id13300,0.019740441805708654,0.9685522065795722,0.01170735161471919
id09562,0.11221731524850553,0.09209898931467293,0.7956836954368215
id08036,0.07104734379437284,0.9071627321872102,0.02178992401841682
id03683,0.2913178513075104,0.04407702806450498,0.6646051206279845
id04784,0.9629376566654592,0.025744895937886987,0.011317447396653777
id08715,0.014137465659114301,0.009076344578321616,0.976786189762564
id08479,0.9791599779943456,0.009588031705166315,0.011251990300487912
id18360,0.9152798033727158,0.011678595136018545,0.0730416014912658
id26170,0.029025982821568538,0.9376496610751085,0.03332435610332295
id20424,0.9155533170539835,0.019755243047973207,0.06469143989804346
id10361,0.4291438970538593,0.5347770298901048,0.036079073056036005
id02335,0.059714158978120956,0.23688863868051407,0.703397202341365
id18664,0.02016991277706315,0.018399116470351994,0.9614309707525848
id11480,0.6867186288924534,0.04065644497487626,0.2726249261326704
id13229,0.013738446634463816,0.012949894311234325,0.9733116590543018
id19658,0.027430704884335272,0.050215404097949425,0.9223538910177154
id01421,0.6587526358888494,0.021962961657093525,0.31928440245405715
id26050,0.10216981547439226,0.848036997632602,0.04979318689300582
id27136,0.9620659030903721,0.01871577559285954,0.019218321316768504
id14688,0.6019150508568326,0.3590654814985474,0.03901946764461985
id24936,0.9523724011637994,0.01237852852676507,0.035249070309435505
id09776,0.11748073936209447,0.861701692832148,0.020817567805757574
id14765,0.10760217943964101,0.018482479819563292,0.8739153407407958
id06704,0.024025511025333415,0.011287320194123159,0.9646871687805435
id06961,0.02552425105165768,0.028652694575013068,0.9458230543733291
id12725,0.08597032103654158,0.8715383905097657,0.04249128845369282
id27875,0.059229080327373035,0.023518524445133925,0.9172523952274931
id20750,0.020397825354860337,0.012378040656773602,0.9672241339883659
id19081,0.19781469889978812,0.023869353576225844,0.7783159475239859
id05773,0.016621852653594015,0.013915003875891598,0.9694631434705144
id04241,0.10914721047291358,0.03748468785114081,0.8533681016759458
id24438,0.00994176254863948,0.9800487725182464,0.010009464933114257
id09353,0.9816976068004618,0.00871642831946689,0.009585964880071256
id19446,0.013687835977962897,0.9732007776080628,0.013111386413974226
id20203,0.023285680607443456,0.014944963599643072,0.9617693557929133
id07711,0.12835464967767923,0.26495515032263217,0.6066901999996887
id15758,0.8990353011111684,0.030613465939653053,0.07035123294917854
id17665,0.22717642943535835,0.6874883823001778,0.08533518826446385
id14167,0.9090319099156928,0.013332708268360013,0.07763538181594713
id00687,0.040359496836849355,0.028281277529371512,0.9313592256337793
id00735,0.014981837779747861,0.016881680027091128,0.968136482193161
id26443,0.05228035845096355,0.02097725676270155,0.926742384786335
id15242,0.9523000498692356,0.03801395958800176,0.009685990542762776
id13474,0.016710306330069882,0.9673357705807402,0.015953923089189904
id04409,0.9297614747607449,0.05402282126204994,0.016215703977205075
id19438,0.030174650417888384,0.044692206172470585,0.9251331434096411
id04101,0.13320033311792406,0.269833615181639,0.596966051700437
id26992,0.9377100907117346,0.025813459365686943,0.03647644992257833
id14645,0.023780484564325133,0.9598337396907588,0.01638577574491606
id26429,0.4905194409141278,0.4497253697377242,0.05975518934814808
id05710,0.9557182992104092,0.012901245439541232,0.03138045535004954
id07474,0.027217603640898664,0.021168618765478084,0.9516137775936232
id21067,0.842607701948511,0.01939147979733741,0.13800081825415167
id20264,0.19191630750951877,0.7807990795309371,0.027284612959544353
id04991,0.02825150571951374,0.012401119661566833,0.9593473746189194
id07054,0.14586411786003775,0.13489330568262276,0.7192425764573397
id14413,0.1672468389717789,0.02431369743769313,0.8084394635905281
id21861,0.016871215069849337,0.010226960393002468,0.9729018245371482
id12933,0.049075517819896726,0.9377837859530866,0.013140696227016536
id08074,0.01459968864184094,0.009531193770782152,0.9758691175873769
id03176,0.8987880959740712,0.042117617725705575,0.059094286300223384
id15239,0.01837716822816665,0.009685174177257628,0.9719376575945756
id05322,0.02608130939697882,0.9259573510311707,0.04796133957185052
id25957,0.0104062458035661,0.008390077009484968,0.981203677186949
id22789,0.010733191101930032,0.00863675160564469,0.9806300572924253
id03435,0.04788125994574477,0.009033970288378797,0.9430847697658765
id06122,0.08449609237016442,0.9066059019851347,0.008898005644700781
id00869,0.9094237636245349,0.014900015495949877,0.07567622087951514
id23400,0.01195880085907739,0.9718548671876701,0.016186331953252628
id08127,0.9786017223486974,0.009561442530243214,0.011836835121059574
id08856,0.037651988572551906,0.009901178764637798,0.9524468326628104
id01919,0.028703623550630237,0.02136125512461488,0.949935121324755
id22051,0.8917858035096872,0.0505446658305459,0.057669530659766904
id19791,0.9744516997273559,0.013679558092630363,0.011868742180013636
id06679,0.03177548562152144,0.014466670319903592,0.9537578440585749
id25385,0.015196003518834454,0.9753231096981606,0.009480886783005025
id04313,0.016588436264241398,0.026627393724761642,0.956784170010997
id01389,0.030077612422232468,0.8659386477148753,0.10398373986289228
id17264,0.30276024740489604,0.6365550446568753,0.060684707938228576
id23062,0.969407016428579,0.011666997118923543,0.01892598645249751
id17008,0.056639994627922484,0.9198458874074704,0.023514117964607038
id04746,0.07634531823373451,0.9113692696743805,0.012285412091884926
id11487,0.03665288781181571,0.9491314226763342,0.014215689511850198
id02111,0.2905074998024565,0.0511501647932553,0.6583423354042882
id08911,0.9199653934901183,0.050230003587248905,0.02980460292263266
id00845,0.16786734980649973,0.02886317872407064,0.8032694714694296
id02409,0.4448195444951394,0.06556556503821584,0.48961489046664464
id20141,0.016455832488169495,0.9690194311213403,0.014524736390490135
id06353,0.9257383665709417,0.012980256492584403,0.06128137693647407
id14766,0.043610626132363606,0.9346141289490838,0.021775244918552584
id05294,0.029866530324892813,0.6656652928001611,0.3044681768749462
id12568,0.9199289739514968,0.04870791136890524,0.03136311467959812
id27571,0.08340323663495447,0.2222343722630026,0.694362391102043
id20377,0.9790672191536547,0.010899745290289062,0.010033035556056297
id24340,0.9356612605691383,0.017586792173671515,0.046751947257190195
id05355,0.10149119827962283,0.033549182792429084,0.8649596189279481
id01246,0.1348516231199496,0.8421719346567472,0.02297644222330316
id17173,0.9567015955082816,0.023751591164027357,0.019546813327691058
id16338,0.6732848836035319,0.1353901277590669,0.19132498863740116
id14712,0.059647674254822175,0.9282034156747705,0.0121489100704074
id10590,0.041713839944564825,0.029998928355308922,0.9282872317001264
id13157,0.05153939264354958,0.014702575942462812,0.9337580314139877
id23915,0.8293861305675325,0.13725598156805044,0.03335788786441701
id05903,0.103447264221482,0.8634970924382438,0.03305564334027414
id03661,0.2702109567552566,0.04267152560187608,0.6871175176428673
id21177,0.9736929021353735,0.01063263963885121,0.015674458225775335
id12025,0.04948169021384631,0.9388886408962657,0.011629668889887918
id14031,0.6726410863355303,0.08343401999591875,0.24392489366855105
id21299,0.010596655850267082,0.008341633231497446,0.9810617109182355
id00758,0.02589589571538248,0.025274919261549983,0.9488291850230675
id25034,0.9528325303331562,0.01357405040203947,0.03359341926480424
id01407,0.9796160458809358,0.008272435337040765,0.012111518782023547
id24205,0.036589373560186475,0.9520970985820518,0.011313527857761586
id22350,0.8644083071516958,0.06999459749828484,0.0655970953500193
id05983,0.024646488012289556,0.02857645409274955,0.9467770578949608
id23821,0.6925247345081058,0.04818097929166415,0.25929428620023015
id21960,0.017961475834471136,0.036091505961460116,0.9459470182040687
id08108,0.12937285140275828,0.027223535409105083,0.8434036131881367
id03232,0.013801752657838813,0.03694840415757698,0.9492498431845843
id12956,0.019046530817933508,0.010876459921015581,0.970077009261051
id03217,0.012864699010988044,0.9735084477808992,0.01362685320811266
id08955,0.01314644663655631,0.8967949498220184,0.09005860354142547
id22567,0.8125504166285563,0.0344062971440654,0.1530432862273784
id20367,0.9787304700206165,0.009414672531166365,0.011854857448217007
id06319,0.6497177249994333,0.300478075522672,0.049804199477894905
id14239,0.9324634136171974,0.015518061298041586,0.05201852508476092
id05013,0.9376912031736865,0.01966372259006432,0.042645074236249296
id26491,0.026787470049051253,0.9541024841968427,0.019110045754106072
id23540,0.8519959865932457,0.05542330759558218,0.09258070581117216
id25631,0.11833710012133292,0.19054076497017647,0.6911221349084907
id01591,0.8761597287389994,0.056969472107136196,0.06687079915386437
id01193,0.9644134578574682,0.013857490815559254,0.021729051326972674
id24819,0.014721224395713139,0.9644846220690132,0.020794153535273523
id08308,0.9379631476907012,0.02100473783923802,0.0410321144700608
id27567,0.02257649307029391,0.012939883070052333,0.9644836238596538
id12998,0.08276614764567009,0.05832039046026027,0.8589134618940697
id08315,0.047411516572393536,0.9326948532378287,0.01989363018977766
id16118,0.9393325355706683,0.022306433532337015,0.038361030896994545
id27505,0.4137220433371116,0.5516523163188262,0.03462564034406224
id08529,0.017293646545543297,0.9471974829874924,0.03550887046696437
id20249,0.818862525560234,0.09163051752237372,0.08950695691739216
id24343,0.507702764283269,0.07239851720803654,0.41989871850869454
id03631,0.04493463669916387,0.930263906566981,0.024801456733855188
id00349,0.04539180813159335,0.9176617730327659,0.03694641883564081
id04969,0.012443893676626622,0.9691945069956317,0.018361599327741587
id11856,0.9290314245351801,0.021683860913320325,0.04928471455149972
id26020,0.9388961829823815,0.04107431684193721,0.02002950017568136
id07957,0.9552885978313729,0.03413521400991026,0.010576188158716778
id03899,0.947723948878181,0.030093275332011976,0.02218277578980693
id14650,0.9816164434788766,0.008848430615435261,0.009535125905688188
id21807,0.8919270688745782,0.02867573830182514,0.0793971928235968
id21685,0.9828624065873046,0.008474041362163641,0.008663552050531825
id06655,0.6993855459397638,0.2646682468771931,0.03594620718304302
id27764,0.9299810019369901,0.017575115425361502,0.052443882637648404
id02847,0.05994980859335823,0.9216170662102453,0.018433125196396435
id07271,0.29991460508728957,0.04655904674873391,0.6535263481639766
id15978,0.9792950504290696,0.008981481041545244,0.011723468529385264
id12075,0.04129943269617466,0.08097871970879604,0.8777218475950294
id23611,0.9702039562775091,0.01342074384511287,0.016375299877377944
id05191,0.90863469791906,0.07276799677060879,0.018597305310331116
id04303,0.06882170908461858,0.030067988002893908,0.9011103029124874
id12277,0.027598426758739653,0.04519944104643635,0.9272021321948241
id15582,0.9470451204372138,0.035688214767042696,0.017266664795743545
id02917,0.9756873519812922,0.01341618663336809,0.010896461385339791
id25622,0.11012797259731522,0.03965407239789762,0.8502179550047873
id16495,0.03710561744627904,0.6048482871653167,0.35804609538840426
id17839,0.016214042835823127,0.0112224874483468,0.97256346971583
id20373,0.037752980915282675,0.79795587914613,0.16429113993858743
id25342,0.9210105999861599,0.010627152184832879,0.06836224782900714
id13518,0.9097313794880161,0.06294433338730075,0.02732428712468311
id19958,0.8720175979166007,0.01794919945476395,0.11003320262863528
id00228,0.05097414692162257,0.08930241846761021,0.8597234346107673
id00367,0.06516917228503608,0.03586314147109187,0.898967686243872
id16274,0.01687015253596023,0.9654830970014486,0.017646750462591287
id27969,0.03519784464583129,0.9370337416938068,0.027768413660361934
id18474,0.9720457605129679,0.01352706339271645,0.01442717609431569
id02892,0.009535493123930578,0.9813018680822502,0.00916263879381935
id03838,0.02526791248047813,0.9658952766187134,0.00883681090080831
id08960,0.02564676482442845,0.9642440691152764,0.010109166060295325
id17320,0.024526667319702457,0.011382879749567209,0.9640904529307304
id20922,0.017450448298296017,0.012258562144308094,0.9702909895573958
id17364,0.15181115027537062,0.6975241710831649,0.15066467864146457
id06523,0.9767214004898878,0.011395510630854902,0.011883088879257276
id16232,0.04824966677881771,0.9365187962231822,0.015231536998000166
id01886,0.01519298348080517,0.9764298282880031,0.008377188231191676
id18234,0.04157378956502818,0.9361586636129797,0.02226754682199205
id26057,0.9434026928508232,0.026684743622891097,0.02991256352628557
id09436,0.03651341221764657,0.9478947010883145,0.015591886694038895
id09543,0.011789523876353954,0.9639725208988362,0.02423795522480976
id15732,0.8226052765862617,0.05564249775771419,0.12175222565602405
id22927,0.6873381101721017,0.23358457711909708,0.07907731270880136
id26551,0.013088527980612594,0.011246140740886597,0.9756653312785009
id11126,0.05769883374849149,0.030062699173914742,0.9122384670775939
id02903,0.9767534756156351,0.012868372773687329,0.010378151610677564
id24549,0.010430503114939975,0.9803526011839419,0.009216895701118116
id01618,0.15900572891793388,0.8019431731312352,0.039051097950831025
id22005,0.014673651949581368,0.008590102182491096,0.9767362458679276
id02603,0.013394100689145363,0.9301444653729652,0.05646143393788951
id22118,0.9523673176278087,0.022472517778435917,0.025160164593755335
id24985,0.9090160806307845,0.0369268617358142,0.05405705763340115
id19044,0.9210386565601922,0.05900544746331223,0.019955895976495528
id03296,0.035458856237398924,0.9528130534552024,0.011728090307398813
id17299,0.7301890690063852,0.2215417456346027,0.048269185359012014
id08251,0.9685952586424694,0.010876696825674189,0.020528044531856453
id05491,0.2627201712112737,0.030297465060937202,0.7069823637277891
id17009,0.9458568003334044,0.020474814934019273,0.033668384732576453
id07381,0.015304357436717916,0.9721375095582436,0.012558133005038552
id07643,0.8766392319484945,0.09093542939049416,0.032425338661011424
id24227,0.9772414639848059,0.008699741636800328,0.014058794378393863
id04099,0.9244823917554589,0.026859973061905316,0.04865763518263588
id11393,0.030144429177109106,0.9432939297273422,0.026561641095548816
id19396,0.31982727874705985,0.6608289678528223,0.019343753400117857
id15362,0.9720637411597417,0.00980086555742103,0.018135393282837167
id00195,0.974263387879661,0.011004658470999544,0.014731953649339461
id02296,0.02069094490240299,0.012728460127194256,0.9665805949704026
id27754,0.9543234899737669,0.026427022498329303,0.01924948752790374
id16471,0.04309023147199094,0.9126688566865642,0.04424091184144478
id15237,0.017802587044501744,0.9657584940889895,0.016438918866508723
id10099,0.021204682186567302,0.9681821479029905,0.010613169910442059
id21647,0.9400367789085677,0.016935989467060205,0.04302723162437212
id13571,0.04286483988298209,0.7562359182744804,0.20089924184253752
id15137,0.010885616600487629,0.9697172433448977,0.01939714005461457
id10965,0.016259544268720026,0.03046414260476806,0.9532763131265118
id24918,0.009703057212931515,0.9794146177949685,0.010882324992100071
id01700,0.9330950077811797,0.035089854895251,0.031815137323569165
id03901,0.021673411873461855,0.9675414556134622,0.010785132513075873
id24411,0.04692037493222019,0.9210459420007215,0.03203368306705823
id02597,0.01738882893493951,0.9687646071270597,0.013846563938000664
id07981,0.01904940341387549,0.009842768849226736,0.9711078277368979
id07429,0.026397220859823517,0.028905277440654693,0.9446975016995217
id13354,0.13899543429874045,0.8065107671509744,0.05449379855028514
id25693,0.9335847047025866,0.03447931591386597,0.031935979383547336
id11305,0.06388630938242723,0.029186642195180315,0.9069270484223924
id26634,0.9781376996213536,0.009452670572787043,0.01240962980585949
id09180,0.9251560782501675,0.02627590500911136,0.048568016740721115
id19991,0.9429483732013451,0.013718401281551357,0.0433332255171035
id05497,0.07206105087133863,0.03336640041766229,0.8945725487109991
id08058,0.041589071205906755,0.13172564455295702,0.8266852842411363
id06612,0.03951979471166622,0.035929905406846444,0.9245502998814873
id22846,0.012516798033581555,0.9667334349620659,0.020749767004352465
id09588,0.9649270045042956,0.018951472705878936,0.01612152278982535
id10337,0.02119950526577792,0.023716265882568383,0.9550842288516537
id05744,0.9820596730327233,0.008776001217754984,0.009164325749521788
id19624,0.09643140655183562,0.8677084303561237,0.03586016309204066
id00939,0.057885043285203386,0.9247283769935628,0.0173865797212337
id24424,0.018615084719899987,0.02716839955056279,0.9542165157295371
id14406,0.05356380129674674,0.012243903415089465,0.9341922952881637
id08961,0.047531452327027775,0.01344330859236422,0.939025239080608
id27004,0.11018267358977124,0.01644422625858431,0.8733731001516446
id24072,0.4907017287828337,0.44582217378721867,0.06347609742994749
id23738,0.019453018587899298,0.9721005802025368,0.008446401209563815
id13676,0.018792332019409462,0.023082831279570244,0.9581248367010202
id19636,0.06113279176806913,0.018876668456142415,0.9199905397757885
id09466,0.9764901749530911,0.012325164397076446,0.01118466064983239
id04434,0.019372739718440203,0.9401037370640442,0.04052352321751575
id24016,0.7109501672287178,0.24728956632220012,0.041760266449082
id09168,0.5654373008135359,0.01812015864117091,0.41644254054529334
id24262,0.9754237521394068,0.009085865779404984,0.015490382081188208
id01441,0.9458184626879161,0.016571370730823744,0.03761016658126007
id20170,0.27860972136600454,0.036269614690426555,0.6851206639435691
id02342,0.10939245578505215,0.018375827574852278,0.8722317166400955
id23334,0.15523825646337674,0.7721896253352747,0.07257211820134862
id09262,0.9635593437679323,0.013400758155704198,0.02303989807636364
id17822,0.9002924419838131,0.04098013492790334,0.058727423088283645
id14466,0.012652893391794357,0.9778089009047152,0.009538205703490352
id14319,0.4844979504534407,0.4364390680979686,0.07906298144859059
id02387,0.9636341269850625,0.014769097671123048,0.021596775343814413
id13617,0.9063079750123213,0.0755007091426596,0.018191315845019197
id08025,0.9652819847649723,0.02286737512319943,0.011850640111828386
id23364,0.12624084406655647,0.8153152988674146,0.058443857066029004
id01438,0.9477862422898754,0.012615104748879077,0.03959865296124538
id05288,0.030015335552868963,0.9589606621880947,0.011024002259036415
id24441,0.9249369650660645,0.02480193548339884,0.05026109945053674
id18048,0.08339843519547085,0.00922535267058118,0.907376212133948
id27822,0.01583022312327774,0.9675346343686093,0.016635142508113078
id23906,0.8879045891513654,0.028116977207981047,0.08397843364065351
id07059,0.02201598269190842,0.03389601726096689,0.9440880000471248
id08357,0.30416762453520535,0.04924104762102669,0.646591327843768
id13619,0.01522408496463344,0.02230960443562659,0.9624663105997401
id27086,0.035583973156686835,0.9500402836653757,0.014375743177937456
id03789,0.974306892982532,0.011105370140538705,0.014587736876929274
id00177,0.014752666599003986,0.010042649546505427,0.9752046838544907
id01552,0.5775324807466401,0.029947451543183772,0.3925200677101762
id03027,0.01734807254231469,0.9118223895515163,0.0708295379061691
id15841,0.012072538329596316,0.9748105301421774,0.013116931528226128
id27214,0.03708836838659666,0.9089804552784261,0.053931176334977196
id14095,0.9588242190959666,0.024882261590381042,0.016293519313652444
id08434,0.012507759337943956,0.9751168620883396,0.012375378573716428
id05532,0.0855718137672579,0.03657641483718816,0.877851771395554
id06247,0.01332515218387373,0.9695306024794049,0.01714424533672129
id09916,0.3351554327591917,0.5711783117697824,0.09366625547102596
id18651,0.978055962726986,0.010995222794373035,0.010948814478640906
id26324,0.47836727919160776,0.0932192323973256,0.42841348841106675
id27363,0.034245986388496207,0.023921859725253857,0.9418321538862501
id02302,0.028638035898013853,0.014024341553946438,0.9573376225480396
id12845,0.13691234756043202,0.7333365793324838,0.1297510731070842
id20294,0.03760726852483021,0.024348660922562642,0.9380440705526073
id04233,0.09268470115569544,0.03319025566711587,0.8741250431771888
id20000,0.009328500428295219,0.98242900434105,0.00824249523065476
id02527,0.016644803799291157,0.008953722055405266,0.9744014741453036
id26763,0.00996475826091961,0.9812847060185351,0.008750535720545315
id15763,0.009578747678904933,0.978475746216365,0.011945506104730112
id10374,0.9651586910568604,0.016868326567993253,0.017972982375146336
id00901,0.011506427584199851,0.9716137301976326,0.016879842218167438
id22161,0.8633329732674853,0.07637527510862827,0.0602917516238864
id15200,0.978977243386633,0.011178455859145372,0.009844300754221599
id15430,0.02957816918580661,0.04265729523213489,0.9277645355820586
id27468,0.2012307289284582,0.05169169465608337,0.7470775764154585
id02378,0.021317689393385113,0.009696262496743147,0.9689860481098718
id23250,0.9816776909757122,0.008948561496887763,0.009373747527400094
id18374,0.012069219916296147,0.00832522230158677,0.9796055577821172
id01146,0.08603124218428554,0.8904846503645084,0.023484107451206077
id24617,0.9764929503322942,0.010380261089944009,0.013126788577761658
id01754,0.01539593620192192,0.9596376398095681,0.024966423988510063
id11383,0.32848465609903993,0.10837633474810851,0.5631390091528516
id24713,0.048072508088542236,0.9282020799322429,0.023725411979214888
id26161,0.2547804717413933,0.5166227850659993,0.22859674319260742
id12466,0.9169341506094171,0.021159010077541195,0.06190683931304168
id17409,0.964456179483215,0.02036412002545978,0.01517970049132523
id04066,0.9443164182099738,0.0340202959211264,0.02166328586889964
id16890,0.01694135520511143,0.9688759318234156,0.014182712971473083
id03358,0.9391305067721304,0.040031832605830715,0.020837660622039032
id19133,0.9401219502922423,0.016547844302324803,0.043330205405432996
id07358,0.015404244266542275,0.9704444680744586,0.014151287658999163
id27773,0.05449736790315744,0.932605517451073,0.012897114645769396
id10699,0.009836044510999934,0.9797068172519299,0.010457138237070205
id08693,0.9809423443282153,0.00955326645441756,0.009504389217367118
id11944,0.03666219245349421,0.948734953491494,0.014602854055011934
id02240,0.0379327372222706,0.9416262483322002,0.02044101444552908
id23124,0.3008712099618746,0.05230514736152453,0.6468236426766009
id05465,0.9373364203884931,0.035761963189409725,0.026901616422097225
id15540,0.03086234978593142,0.9418892375900422,0.027248412624026292
id16715,0.010533640487304435,0.008606250467356283,0.9808601090453393
id12563,0.013319304944886264,0.013568947981947835,0.9731117470731658
id00583,0.0185474580613506,0.8868006967163377,0.09465184522231171
id27730,0.030827761221179303,0.021917367250345553,0.9472548715284752
id00896,0.011345040143023673,0.011199200327019133,0.9774557595299571
id15031,0.9493782187798424,0.026172622270099945,0.024449158950057698
id23271,0.02673503736680047,0.7048129292944281,0.2684520333387714
id17004,0.05498268767475463,0.029195159863448145,0.9158221524617973
id10247,0.014725432451975226,0.012781267540610571,0.9724933000074143
id12055,0.9293451085882336,0.030006824617536985,0.04064806679422932
id22719,0.9587793211250951,0.012646198181068371,0.028574480693836623
id06891,0.015592888350603969,0.9742293676620829,0.010177743987313095
id27281,0.9553761593697747,0.029273585796230853,0.015350254833994353
id23104,0.9774156234697029,0.010351218420212513,0.012233158110084687
id14491,0.014215787259062338,0.9771122337540964,0.008671978986841375
id24292,0.32119017643294206,0.6270887492903147,0.05172107427674343
id15777,0.0303017589246296,0.01876403287154138,0.9509342082038289
id22522,0.01014754893838343,0.00867931004650629,0.9811731410151102
id25136,0.013463522558741633,0.9768063785948172,0.009730098846441108
id17735,0.028972774351091257,0.9599686873445082,0.011058538304400392
id18869,0.1219605548181346,0.8533299602170715,0.024709484964793943
id20815,0.049740403186576805,0.9329574995408134,0.01730209727260997
id15238,0.9328483080725958,0.02298511576653174,0.044166576160872495
id24454,0.018470704492778583,0.014027557758116305,0.9675017377491051
id14402,0.03322862122892846,0.011802937748884816,0.9549684410221866
id10985,0.97340451710319,0.008769283594873886,0.017826199301936036
id12747,0.9707069408766588,0.01790765859124917,0.011385400532092022
id11581,0.20617240909452744,0.6229982751066392,0.17082931579883323
id07594,0.9767634394070669,0.010131647918405921,0.013104912674527291
id08240,0.1890872584197275,0.7871462009788228,0.02376654060144979
id12773,0.04530850556164426,0.6408893286985534,0.3138021657398023
id12838,0.8787967914585064,0.06852466610191849,0.052678542439574996
id23322,0.01296267694474076,0.9678031207460104,0.01923420230924895
id22344,0.9609722017197351,0.013683832126297724,0.025343966153967244
id12881,0.6906784349112047,0.11145405786137483,0.19786750722742044
id20147,0.015415533597867147,0.009269827866772658,0.9753146385353602
id13261,0.7771804530115771,0.17496390743415496,0.047855639554267825
id01842,0.012356758137925937,0.010787492511938206,0.9768557493501357
id25884,0.9759968183758867,0.010860248641760158,0.013142932982353268
id01643,0.948411625132056,0.030616203317740665,0.020972171550203245
id26737,0.021665237593895114,0.9654973937162675,0.012837368689837468
id10558,0.07436456941107805,0.260896183338491,0.664739247250431
id20458,0.01111238351421639,0.00957785408412398,0.9793097624016596
id23965,0.20730918342738408,0.604421219939396,0.18826959663322
id26758,0.6335999821460923,0.07184869310579617,0.2945513247481117
id27519,0.22801734295932347,0.041366831577253675,0.7306158254634229
id20676,0.875536690605315,0.09412948474518426,0.03033382464950083
id10536,0.9628823942126888,0.014407753134274035,0.022709852653037297
id12652,0.9716681013713715,0.008882689251295374,0.01944920937733302
id00041,0.012666537302089371,0.010578748701051953,0.9767547139968588
id16051,0.5143606754943569,0.3589069831158774,0.12673234138976566
id02396,0.0124245969686861,0.009905078788735745,0.9776703242425783
id00294,0.02472957429724883,0.03114807696299338,0.9441223487397576
id07695,0.9239734233417222,0.018987076153275485,0.057039500505002415
id12440,0.08888821692487597,0.6264426863665112,0.28466909670861296
id18373,0.8125388063389869,0.15671958921547918,0.030741604445533977
id16812,0.059866986888449464,0.9298629931937812,0.0102700199177693
id20901,0.009616801701374807,0.9807081478915652,0.009675050407059863
id12076,0.015073834911592442,0.008893878170718298,0.9760322869176893
id19184,0.9775641713385107,0.011664334543617651,0.010771494117871542
id08937,0.015191170146625084,0.9592877284103997,0.02552110144297529
id08181,0.03206741497975585,0.8931807227613818,0.07475186225886224
id10111,0.9472632097606262,0.03127567173810088,0.02146111850127305
id24104,0.023393525921373216,0.9537739915285195,0.022832482550107124
id24837,0.05092768597960623,0.9317909486265369,0.01728136539385695
id15659,0.037805869750854114,0.016169443573606744,0.9460246866755391
id14673,0.8806843971796953,0.049243053282305514,0.07007254953799931
id22539,0.027983592334865366,0.013568774349410957,0.9584476333157238
id22413,0.8274421761919907,0.13160849193902197,0.04094933186898725
id19433,0.423421594858352,0.25125533295235836,0.32532307218928974
id11633,0.01099258637804923,0.01209711579309731,0.9769102978288534
id04727,0.04072673899347998,0.027214654320793896,0.932058606685726
id26735,0.14888853987928266,0.7263140840935162,0.12479737602720108
id17167,0.03416827421520833,0.9493585542692797,0.01647317151551183
id04188,0.67538805684795,0.29186945387842184,0.03274248927362823
id07861,0.06894814295368717,0.914425454284463,0.01662640276184991
id05163,0.9484682851271788,0.011668880737055737,0.03986283413576549
id14142,0.04818317249609336,0.8957579428764307,0.05605888462747597
id16011,0.9661777293951175,0.011965142335013444,0.021857128269869002
id24117,0.03575585659731176,0.9552785910066846,0.008965552396003587
id06439,0.04120205569981876,0.027524505345636087,0.9312734389545453
id06481,0.02677884845270932,0.031795324635513295,0.9414258269117775
id10069,0.7469889607884936,0.031067398688196513,0.22194364052330995
id11204,0.06360869576966623,0.05210129793562236,0.8842900062947113
id15541,0.019665323859393298,0.012569768876317026,0.9677649072642898
id11872,0.027499295938925736,0.919650132754246,0.05285057130682833
id21639,0.05062297285816071,0.771943517207789,0.17743350993405044
id19801,0.025911100141316104,0.010189622717701371,0.9638992771409826
id15798,0.07549857617192471,0.8956926541878536,0.028808769640221592
id18282,0.010551336541435771,0.008468313802765828,0.9809803496557983
id27107,0.13093073841539032,0.034463933911010644,0.834605327673599
id23052,0.9737508753872983,0.009311647856551957,0.01693747675614963
id19129,0.009225479405991291,0.9811193757735535,0.009655144820455163
id08088,0.07525629418780666,0.8979113217411809,0.026832384071012384
id26398,0.9794993477668005,0.009527116393943751,0.010973535839255635
id06010,0.878312988607587,0.026191085094053216,0.09549592629835969
id24813,0.9811333382906021,0.008874381154581975,0.00999228055481599
id27399,0.02969171006126789,0.02728693305971471,0.9430213568790176
id15776,0.7462690487222489,0.03247224025493504,0.221258711022816
id25955,0.009973307748591956,0.008576334931185568,0.9814503573202226
id19866,0.03183573885736919,0.9308278747669999,0.03733638637563091
id00804,0.014088133698659288,0.009414164568413425,0.9764977017329273
id03140,0.9508279228014829,0.02927522498399948,0.01989685221451756
id21261,0.9491742273754523,0.017418011417781286,0.03340776120676652
id11754,0.9376520001400226,0.011904127529657712,0.05044387233031977
id07880,0.9501612408167649,0.015498358781408192,0.03434040040182704
id25080,0.0568684193054876,0.30692827551721136,0.6362033051773012
id09317,0.8901096243725248,0.07706116798295364,0.03282920764452165
id15488,0.7398170902889573,0.22126966196228823,0.03891324774875457
id19606,0.6087719291165575,0.04636933562029119,0.34485873526315136
id14247,0.018533886725038924,0.010207910949692919,0.971258202325268
id21692,0.041128946296504286,0.9277321049075433,0.031138948795952505
id24843,0.7336878062745801,0.061254025921380635,0.2050581678040395
id11433,0.9496696418823484,0.030287552199344633,0.02004280591830692
id04705,0.00923661217668645,0.9705302436132884,0.02023314421002516
id04583,0.02299184137776195,0.9634161689002402,0.013591989721997828
id21401,0.09729441343522244,0.014467546545128341,0.8882380400196493
id20649,0.9339026804354927,0.05008450659321382,0.016012812971293297
id02631,0.067839111626077,0.9168554453676894,0.015305443006233717
id19128,0.07215107723731475,0.9067645107384138,0.02108441202427128
id27401,0.0560515582987852,0.9313150456109641,0.012633396090250727
id10015,0.8956733309988205,0.06300020627565067,0.041326462725528756
id09875,0.41649024280069347,0.5344812590163611,0.04902849818294537
id07941,0.978209618961008,0.010746074397213597,0.011044306641778261
id00882,0.9460471369636145,0.022403003976222302,0.03154985906016321
id14143,0.9521715013297006,0.015972500304821464,0.03185599836547789
id02713,0.02027510314720044,0.011656689809712482,0.9680682070430872
id16462,0.2888300136099167,0.6089812347805066,0.10218875160957655
id08522,0.9440758555759785,0.023057378830363077,0.032866765593658476
id07181,0.019946952976672302,0.9700738363854736,0.009979210637854147
id20918,0.01302147861731335,0.00897787682274098,0.9780006445599456
id06178,0.02569409826456516,0.023554016921370692,0.950751884814064
id08857,0.03210403860421971,0.9554994450857588,0.01239651631002136
id23193,0.9726638604562865,0.008992074208922458,0.018344065334790927
id19651,0.9822238730679,0.008546952768229822,0.009229174163870027
id09135,0.030789298957400752,0.012585453403706917,0.9566252476388923
id16416,0.01216820160562031,0.9729647481946674,0.014867050199712269
id03990,0.9700467127386068,0.01132025577419975,0.018633031487193367
id09922,0.02619635804323052,0.04366677530212238,0.9301368666546472
id17688,0.36156337495479046,0.5023187666443135,0.1361178584008961
id05846,0.913057225188268,0.059910193588841004,0.02703258122289084
id22599,0.010013831280434047,0.9812775599844248,0.008708608735141224
id15087,0.884432096395423,0.09780793359526589,0.017759970009311035
id14711,0.01666272719863109,0.030227586284006625,0.9531096865173622
id09969,0.010150135922202954,0.9813318716511655,0.00851799242663137
id21377,0.02533028643044953,0.016112745614280714,0.9585569679552698
id25247,0.26452277025907167,0.3670915543023839,0.3683856754385445
id23590,0.03263058628984492,0.9579326517028766,0.009436762007278618
id21390,0.16560112076894895,0.03935586923743748,0.7950430099936137
id21176,0.031159905684085193,0.9495479067502034,0.01929218756571152
id27310,0.8213482716455824,0.07773952551899305,0.10091220283542458
id03802,0.020101741645812125,0.009698718947779931,0.9701995394064078
id19012,0.9619593933497725,0.01390555304761077,0.0241350536026168
id02414,0.012401377362436452,0.00880203890374464,0.9787965837338188
id21814,0.08515381111486965,0.02214861421543606,0.8926975746696942
id00247,0.9420330176637463,0.04486974768505022,0.013097234651203713
id24584,0.936572658258661,0.03524552913928397,0.028181812602054938
id01109,0.03413166518510268,0.010481245271390667,0.9553870895435067
id07953,0.9551288979511886,0.010524211530782158,0.03434689051802928
id02030,0.17955957574209652,0.06918634664166776,0.7512540776162357
id23912,0.05480533399853525,0.02911050831572936,0.9160841576857354
id13856,0.4425589000995851,0.03034881979461854,0.5270922801057965
id18661,0.07850427293765329,0.9085722819104489,0.012923445151897858
id16595,0.015661879913059472,0.014438662643202245,0.9698994574437382
id11387,0.04362059526025906,0.09731546537938707,0.859063939360354
id12489,0.015184122213382792,0.04163411340681392,0.9431817643798033
id26079,0.9727555492608763,0.01624685489901745,0.010997595840106377
id05553,0.07082079018258945,0.9017088659462962,0.027470343871114498
id09596,0.9498813513219982,0.031960020469267714,0.01815862820873397
id23663,0.013819329439946952,0.973206662848702,0.012974007711351047
id25726,0.32043194151812676,0.21278627894441196,0.4667817795374612
id18105,0.3764324526041704,0.04126133221427004,0.5823062151815597
id23249,0.1946433335810034,0.2896367436596686,0.5157199227593281
id19756,0.021792461713863415,0.009511249809838742,0.9686962884762979
id23981,0.012430167069258018,0.9524663887891915,0.03510344414155053
id11521,0.020999443065687413,0.008999966413068959,0.9700005905212435
id17449,0.014825589036827036,0.011847374817162911,0.9733270361460101
id15479,0.9568361556586032,0.02350688175490701,0.019656962586489884
id13555,0.013339465330255785,0.02037301089249137,0.9662875237772528
id01520,0.9577217519096213,0.012207191260145175,0.030071056830233613
id03093,0.829401821285759,0.05708579626908976,0.11351238244515106
id09992,0.5763656641487435,0.3337384437449833,0.08989589210627313
id06668,0.04142838344757161,0.9376731822412385,0.020898434311189807
id19568,0.7566989835048648,0.21644706293582686,0.02685395355930829
id17963,0.8094662057160579,0.04651698923950637,0.14401680504443568
id04142,0.9228621702312017,0.021642700610092606,0.05549512915870565
id24508,0.048409525954526696,0.010795507185385925,0.9407949668600875
id10791,0.9182570606018973,0.016936465018777727,0.06480647437932503
id01228,0.09070057031156112,0.01356788651180897,0.89573154317663
id24879,0.34969643428335834,0.06476220193315914,0.5855413637834825
id19795,0.06764702515249292,0.04447138369701407,0.8878815911504931
id02488,0.02143132319439701,0.013428446972876207,0.9651402298327268
id10204,0.9340850203748955,0.01569407665880438,0.050220902966300246
id20878,0.6446839280813161,0.30115044390866885,0.05416562801001495
id10163,0.03407083162965503,0.020809750862061823,0.9451194175082831
id26439,0.0982768254674853,0.018396970975772958,0.8833262035567416
id06268,0.9427320805038986,0.04528144564260714,0.01198647385349422
id05530,0.019288820476920526,0.009329906818103443,0.9713812727049761
id15914,0.01056977988856133,0.9779089362149694,0.01152128389646916
id21656,0.033673160631989434,0.9363038677372976,0.030022971630712915
id16473,0.09068368212984809,0.8999147483914404,0.009401569478711564
id11262,0.011910593307992086,0.009027512422303718,0.9790618942697042
id15332,0.028636009475372554,0.01591542549888691,0.9554485650257406
id01765,0.010855645125113446,0.008626867975638745,0.9805174868992479
id12527,0.8859423557064606,0.041475477934659874,0.0725821663588796
id16877,0.030361251417661193,0.008782079390249374,0.9608566691920893
id19105,0.05982953326530761,0.8881852986403717,0.05198516809432079
id19533,0.9700199181976269,0.009415102115689022,0.020564979686684207
id27557,0.014025226996790572,0.9753078433265656,0.010666929676643696
id19487,0.013748186544665317,0.012934219996987087,0.9733175934583476
id25958,0.01828773473014357,0.043070461683422434,0.9386418035864339
id22331,0.9498686197371987,0.010746465515890674,0.03938491474691054
id13674,0.874720875185081,0.09888383285801924,0.026395291956899852
id04688,0.9725886439554419,0.011524172547767974,0.015887183496790063
id25663,0.01005824377698602,0.008403007531966539,0.9815387486910474
id00344,0.0352725260165313,0.9530835641223492,0.011643909861119637
id11323,0.9742328606919354,0.015367748655773814,0.010399390652290928
id18670,0.8274578290690526,0.13924783941115904,0.03329433151978832
id23811,0.9532328534900718,0.02316604789863761,0.02360109861129067
id27702,0.9625213073901595,0.020815674270728255,0.016663018339112393
id09979,0.8783358711425447,0.01692939582571717,0.10473473303173816
id25040,0.012551100784973863,0.9768210992162614,0.010627799998764837
id00083,0.3582369631385309,0.610024140967117,0.031738895894352054
id19751,0.9816007146631373,0.008768821142186052,0.009630464194676678
id19385,0.018410757198337065,0.02312838443456113,0.9584608583671017
id22498,0.9072036272875412,0.06765505956272856,0.025141313149730254
id20381,0.954842854381442,0.014540875105050456,0.030616270513507467
id00428,0.01453034750012835,0.00973648893614732,0.9757331635637244
id26942,0.014332620116657983,0.9208279194203988,0.06483946046294317
id10242,0.444063280750861,0.05473119018985726,0.5012055290592818
id08136,0.011887868347470737,0.011423463749160557,0.9766886679033687
id00055,0.010751420730130886,0.012125802072267537,0.9771227771976014
id15243,0.10222420776518448,0.05467379078170612,0.8431020014531093
id13954,0.9740604511061272,0.0132612971283198,0.012678251765553088
id26797,0.9509459043330784,0.010178360670363065,0.038875734996558636
id11384,0.01772608305522431,0.9469344146201462,0.03533950232462962
id07965,0.3543018849237634,0.12205462419856827,0.5236434908776684
id19311,0.5924285696540916,0.06040320367490169,0.3471682266710066
id08841,0.09735178059576008,0.883561214803069,0.019087004601171055
id14884,0.7614480327535329,0.15980201923921578,0.07874994800725135
id10859,0.9357841958784712,0.011800955937965915,0.05241484818356302
id10460,0.08977372072010002,0.8902627551953801,0.019963524084520037
id25236,0.8439166805617629,0.04492142998234517,0.11116188945589202
id19325,0.023551339079097677,0.965014989739357,0.011433671181545486
id03265,0.030026709447515697,0.9438946065045679,0.026078684047916516
id08636,0.014420759470940733,0.9635147366495482,0.0220645038795111
id11848,0.030368799683621286,0.9282249171612048,0.04140628315517381
id20945,0.9064738039675561,0.0302669352021117,0.06325926083033234
id04971,0.9741578376926612,0.011973106853663078,0.01386905545367583
id08496,0.941352382245316,0.034044984073672936,0.024602633681011045
id23091,0.03548397955752906,0.010619355182579122,0.9538966652598917
id06654,0.046974566498276374,0.5548163346161977,0.398209098885526
id10002,0.9507510312765068,0.036336401843357735,0.012912566880135555
id16426,0.8974927811286375,0.02133988013400939,0.08116733873735313
id12285,0.011068940774741874,0.9796080217241269,0.009323037501131354
id18466,0.9635341878833797,0.024228075180554025,0.012237736936066128
id27110,0.9629757614184951,0.010893989846096056,0.026130248735408843
id07502,0.9202525547486211,0.05226174873931176,0.02748569651206717
id02890,0.044607687554467125,0.9361580950265436,0.019234217418989376
id19800,0.022971422398725093,0.966897161376692,0.010131416224582829
id19162,0.6406967115284714,0.09195121526397555,0.26735207320755316
id23696,0.9461964677869258,0.041054959484768026,0.012748572728306056
id25580,0.9251067091720656,0.033780405235002295,0.04111288559293215
id09671,0.023241661049914816,0.9569939012902138,0.01976443765987128
id21501,0.011756621932231546,0.9788871308950187,0.009356247172749677
id23983,0.026512077970811045,0.05356264993106547,0.9199252720981236
id15163,0.1799029212808765,0.7030374350162065,0.11705964370291709
id03351,0.015684628280132992,0.9645963131223937,0.01971905859747319
id07575,0.013800653505859418,0.9758026397498097,0.010396706744330766
id12149,0.058719056643515545,0.8624707877935278,0.07881015556295663
id10262,0.03452355536917261,0.9287480679881487,0.03672837664267871
id20055,0.02052678969167548,0.9679403517094218,0.011532858598902651
id16660,0.978504464438243,0.008801481492291919,0.0126940540694652
id03200,0.06215665914765987,0.8552790054818165,0.08256433537052374
id19508,0.11289732333551317,0.04214905934633384,0.844953617318153
id03793,0.009655506713783213,0.979569186602598,0.010775306683618962
id19882,0.06695314356523736,0.5880923018222592,0.3449545546125035
id16261,0.9251177076735118,0.06207479756673047,0.012807494759757855
id22519,0.015948663448104333,0.01115393820813101,0.9728973983437648
id24023,0.05024045528298547,0.9243504400167922,0.025409104700222274
id04432,0.8871573075115682,0.05287363786983784,0.05996905461859383
id06228,0.9661873839067117,0.012047209797642275,0.021765406295646005
id20655,0.9313273088783403,0.02486060623328769,0.043812084888372
id10603,0.019194098520225588,0.9683154254518358,0.012490476027938716
id05162,0.9561231170759098,0.033557371377994735,0.010319511546095316
id18462,0.03937403144440235,0.03299664732509008,0.9276293212305077
id10034,0.016469662940199782,0.9660919067551104,0.01743843030468998
id20090,0.011818686518188109,0.008682326837461557,0.9794989866443504
id10966,0.03422738934667552,0.016100992002203867,0.9496716186511206
id10696,0.011298039983000194,0.9777147255823151,0.010987234434684716
id01326,0.28911933860165695,0.05889608247972804,0.651984578918615
id03613,0.3004728324637279,0.6609647125856387,0.03856245495063348
id01794,0.9456284985955065,0.03607866766357123,0.01829283374092226
id26181,0.012284789277421179,0.009186932092399154,0.9785282786301798
id27587,0.9122978421571876,0.05723802268041009,0.030464135162402227
id08364,0.9800802182799329,0.008518713242071487,0.011401068477995727
id24179,0.9126467607746519,0.02507827687136869,0.06227496235397952
id02284,0.9629107387972651,0.019024779822759325,0.01806448137997561
id10671,0.9763394614307519,0.00965735234659906,0.014003186222648945
id08252,0.05721482015136227,0.9082086458580145,0.0345765339906231
id15951,0.8296280242747557,0.050620687439656024,0.11975128828558836
id21864,0.03777679964090166,0.015993138884033174,0.9462300614750653
id04453,0.01180667369847646,0.9733476970943864,0.014845629207136979
id12771,0.04239981803954748,0.03666540790802159,0.9209347740524308
id09751,0.7066451941287745,0.18984513598094357,0.10350966989028183
id10572,0.8697118449024875,0.08326754464229306,0.04702061045521945
id13036,0.02121412916578903,0.020244223238112598,0.9585416475960985
id00112,0.1965253454017006,0.6538492862334381,0.1496253683648614
id13299,0.016299651781175314,0.06897244497257007,0.9147279032462547
id00858,0.1313741707115253,0.04558010312330843,0.8230457261651662
id08297,0.039687032701843594,0.9423419913736163,0.01797097592454027
id11005,0.02184841773291607,0.020906812148858426,0.9572447701182256
id25101,0.013504656752797448,0.9676360200765988,0.01885932317060387
id26150,0.977202271334509,0.012274414950350926,0.010523313715140124
id13836,0.9410610716143848,0.016065591865687606,0.04287333651992754
id07352,0.028600846396176004,0.9181286743262193,0.053270479277604886
id08883,0.05518889778766958,0.04810034879917262,0.8967107534131578
id09328,0.1772039284320687,0.7572078046084452,0.065588266959486
id03934,0.0287472956248811,0.08864589535869667,0.8826068090164223
id14064,0.01199524105255162,0.9661492980226997,0.021855460924748684
id06643,0.2507584270057073,0.02283947749337514,0.7264020955009175
id21558,0.9721055044748507,0.01796385996728235,0.009930635557867058
id17053,0.38007637366284613,0.05258083334621618,0.5673427929909378
id06434,0.027040438744777604,0.016792295259287736,0.9561672659959347
id16616,0.022147620447288567,0.009557021879927222,0.9682953576727843
id03306,0.02350042019355144,0.011160327900038897,0.9653392519064097
id07375,0.0171288005034322,0.9005206313318693,0.08235056816469834
id07934,0.014590498747559614,0.00866043978377618,0.9767490614686641
id02202,0.8982305913864236,0.01442050267221952,0.08734890594135684
id03667,0.9709313570314051,0.008865881394440053,0.020202761574154696
id27531,0.8840973539169907,0.08615383949972237,0.02974880658328671
id00608,0.018174961525521453,0.6189696583266163,0.36285538014786234
id18141,0.5597118448884563,0.024396522766787613,0.41589163234475607
id00008,0.9803343270759352,0.009330663450325969,0.010335009473738931
id08845,0.8685780832978054,0.037310887901714586,0.09411102880048017
id16610,0.9797837515358854,0.008924345231249346,0.011291903232865266
id07464,0.017456507806727795,0.014916192443981761,0.9676272997492904
id02189,0.979618626462655,0.009883819752905483,0.010497553784439588
id17456,0.0179038451293703,0.03295977269812042,0.9491363821725094
id09421,0.08626260063881003,0.09010142454891919,0.8236359748122707
id12813,0.10837728363189902,0.04674779716075797,0.8448749192073431
id23428,0.02480092589353208,0.012491148836026148,0.9627079252704418
id01358,0.9461038522424331,0.041460817263315033,0.012435330494251743
id02737,0.01497717351960804,0.9555830837227444,0.02943974275764766
id27430,0.027568464454060797,0.018950423049426176,0.9534811124965131
id12857,0.02725641320249523,0.9570737387300099,0.01566984806749498
id01905,0.019042417061489306,0.0086111638626138,0.9723464190758968
id18314,0.9774226857679839,0.008974029144007882,0.013603285088008262
id02216,0.9708321677818961,0.010633505608282225,0.018534326609821797
id04034,0.0162953698695907,0.9712452530705283,0.012459377059881014
id11461,0.049575376807478824,0.936980384587753,0.013444238604768332
id09397,0.6387612977227869,0.25390808967223966,0.10733061260497359
id25870,0.042559039378199756,0.9315476383884377,0.025893322233362534
id11653,0.2806716628132925,0.16401870310634856,0.555309634080359
id10046,0.9634865437197028,0.011778605744907258,0.02473485053538987
id27294,0.9274229906109352,0.0601443705538443,0.012432638835220357
id09975,0.979151137000921,0.010751544583116487,0.010097318415962547
id09133,0.011872649812932845,0.011183351940793009,0.9769439982462741
id08410,0.876968582251589,0.041265549339604114,0.08176586840880681
id19062,0.09341064617912614,0.8868900772887154,0.019699276532158406
id26530,0.011774348332629317,0.009148712202599092,0.9790769394647715
id09772,0.9421923534002471,0.024526780810401893,0.03328086578935097
id10360,0.9723410007338644,0.012324408662219647,0.015334590603916046
id12530,0.01073026058076536,0.9783315324218155,0.010938206997419124
id06013,0.034879396600943614,0.01663112251182151,0.9484894808872348
id10525,0.9681431336662856,0.015721583762105702,0.016135282571608872
id25934,0.01627866872048848,0.9743118903053418,0.009409440974169549
id10624,0.9779039597331989,0.010545973316608125,0.011550066950192872
id16000,0.04341332837705787,0.022886072285732677,0.9337005993372094
id01995,0.969854069969012,0.010731009782974678,0.01941492024801332
id26809,0.013074080158269897,0.008407026067763265,0.9785188937739667
id06631,0.01959424857291813,0.9683083950095751,0.012097356417506665
id23869,0.014847185510149056,0.029087386065419742,0.9560654284244313
id06357,0.02049888534031146,0.9618535985729368,0.017647516086751837
id02926,0.020853700279347034,0.012114833412374877,0.9670314663082782
id14130,0.9778719423636508,0.011922012769795374,0.01020604486655373
id12672,0.02137283864828111,0.9654222963880432,0.013204864963675681
id21593,0.9807306242932547,0.009619940202499195,0.009649435504245992
id06089,0.012114051720940123,0.9768489667120555,0.011036981567004455
id09878,0.02464365747520109,0.04732513693097265,0.9280312055938261
id06940,0.017981173085609824,0.9682482486558658,0.013770578258524464
id11312,0.04730528399562068,0.9424570778515167,0.010237638152862558
id25039,0.032112130214666856,0.017179015497566515,0.9507088542877666
id25401,0.805045669227501,0.08134378510056954,0.11361054567192937
id21772,0.061817513119048484,0.18991848600719674,0.7482640008737549
id22915,0.012168681483140851,0.9124136289452112,0.0754176895716479
id01096,0.18802174173477665,0.7780777278220974,0.03390053044312586
id15071,0.009370133832298096,0.9816053793250716,0.00902448684263034
id01062,0.012691908886350148,0.008731387450098016,0.9785767036635519
id09059,0.01645783942721942,0.9708677678153804,0.012674392757400283
id16954,0.8991612774434262,0.021920379208910303,0.0789183433476634
id11730,0.9300134015333457,0.03902454906242334,0.03096204940423107
id26294,0.023873438259222713,0.022567807002048513,0.9535587547387289
id00940,0.061680327159732616,0.911124842791615,0.027194830048652273
id08422,0.874952903352349,0.0834986963984711,0.04154840024918005
id14612,0.012671061706765458,0.011295815588135746,0.9760331227050989
id11545,0.9253681862126238,0.044690991917991925,0.02994082186938432
id24921,0.1300932560885614,0.038536500005729266,0.8313702439057092
id18942,0.9559966696968654,0.013475933368653,0.03052739693448147
id23652,0.052454468248662664,0.07879791546210237,0.8687476162892349
id07261,0.8956149949474913,0.01426285945524521,0.09012214559726359
id11791,0.9702646237066755,0.013668944352591977,0.01606643194073264
id07207,0.7834036781791798,0.052623034448077886,0.16397328737274242
id19774,0.9707989748290237,0.01665082670096253,0.012550198470013903
id06049,0.9724410719748828,0.014309954429218954,0.013248973595898116
id13983,0.40046498813372094,0.035261100567685215,0.5642739112985939
id27463,0.0675929869140618,0.019051993711644868,0.9133550193742934
id09046,0.04574092144632065,0.024740428969252753,0.9295186495844266
id25994,0.09610766189438003,0.8906862198639343,0.013206118241685891
id02689,0.03327591857234736,0.941535039399788,0.02518904202786459
id14829,0.01397962102628567,0.9768369632921277,0.009183415681586714
id20759,0.020852792949120465,0.008548803471399148,0.9705984035794805
id27848,0.9104118452335702,0.01595264265747718,0.0736355121089526
id08225,0.020854342111470952,0.010203255472324212,0.9689424024162049
id17637,0.04394599113017395,0.02601136434357999,0.9300426445262461
id15355,0.9778898186449017,0.01024516157005389,0.011865019785044515
id13448,0.8367768913487801,0.05946178364160405,0.10376132500961596
id01981,0.08616209864662841,0.09554236267318043,0.8182955386801911
id09107,0.6996124974676491,0.029436423473530118,0.2709510790588209
id20630,0.9601256210495592,0.025016943520179875,0.014857435430261
id10726,0.9105437896489064,0.07287101754448508,0.016585192806608598
id03636,0.013813925842827635,0.016509788662515606,0.9696762854946569
id01736,0.9034433168295892,0.06190713199290297,0.03464955117750783
id23828,0.9241185916617392,0.05615635109027419,0.019725057247986597
id27861,0.12107187334593228,0.09487955081040035,0.7840485758436675
id14983,0.9513791316778327,0.012061195104430086,0.03655967321773729
id04726,0.04813975858391592,0.050431240896371334,0.9014290005197129
id03313,0.07305487574149322,0.012132299451403882,0.914812824807103
id21981,0.06766461621569711,0.8916392844884101,0.04069609929589284
id20082,0.8879564658909526,0.06862905528693718,0.04341447882211012
id03502,0.9572181700675435,0.02243524637212404,0.02034658356033251
id04804,0.8708313822417718,0.04698125730456224,0.08218736045366602
id20635,0.18088263276286665,0.02775211995835816,0.7913652472787753
id09564,0.7397294947200189,0.04974117277358431,0.21052933250639666
id01354,0.03393573740375868,0.9540840513669001,0.011980211229341224
id09441,0.011775866340041494,0.008637701551912274,0.9795864321080463
id07175,0.11202678403121528,0.8214526539055362,0.06652056206324844
id15544,0.03577241954635422,0.025052555517361064,0.9391750249362847
id25935,0.7016484590591484,0.24059061881019478,0.05776092213065693
id19230,0.38449125758365305,0.5716345847367551,0.04387415767959174
id00718,0.05361684599841813,0.03528702906263057,0.9110961249389512
id00274,0.9744419160299627,0.01537638382287823,0.010181700147159106
id16546,0.08601412250561813,0.8866309734983382,0.027354903996043668
id02136,0.010481032666231984,0.9806308128054386,0.008888154528329379
id19618,0.15283271128716425,0.7951923438346185,0.05197494487821719
id00503,0.02569929120273632,0.013681076361089423,0.9606196324361743
id11300,0.030260580224713816,0.9601814915736157,0.009557928201670465
id21526,0.12863022083306425,0.8557499547630772,0.015619824403858458
id07300,0.03229625496375178,0.9592077635432686,0.008495981492979634
id18782,0.04348561761224712,0.9207613986947809,0.03575298369297203
id01883,0.14317528966107218,0.669733025917429,0.1870916844214988
id25235,0.972703208816755,0.01513094395605806,0.0121658472271868
id03747,0.05449897026349838,0.032703759969910554,0.912797269766591
id07155,0.903532026654457,0.06946250029655668,0.027005473048986397
id00565,0.98249272281172,0.008368816041791604,0.00913846114648835
id11232,0.9803516951254405,0.0097826676067333,0.009865637267826261
id00722,0.02975359529589155,0.047086159489248366,0.9231602452148602
id19963,0.04697087093540845,0.027133912083741937,0.9258952169808496
id16866,0.9666533319520109,0.01366908386890574,0.019677584179083298
id17280,0.20361904445614273,0.5035754277648633,0.29280552777899416
id04309,0.8683692372772616,0.0864080931403009,0.045222669582437425
id23317,0.01707890569152949,0.9478823742418022,0.035038720066668284
id25757,0.015524412798938143,0.9716130388551276,0.012862548345934081
id17088,0.021045085100054227,0.03434898190555494,0.9446059329943908
id19779,0.024311397353994443,0.009897768788184713,0.9657908338578207
id26845,0.030964872359170368,0.9380003738740692,0.031034753766760348
id01923,0.3880870422882758,0.5313183089077006,0.08059464880402349
id09394,0.03753542590040519,0.5582819414499827,0.4041826326496123
id25978,0.36286993187186156,0.21013342111885042,0.4269966470092879
id03898,0.057661688687950366,0.9264137508019145,0.015924560510135244
id11967,0.2065249216004649,0.033280449658579736,0.7601946287409554
id14964,0.957775260394291,0.01109862096047527,0.03112611864523392
id06337,0.0792876083656476,0.00968161665926601,0.9110307749750864
id26501,0.014741062231684308,0.010732276853275787,0.97452666091504
id20513,0.921328981805441,0.06687591728284595,0.01179510091171317
id05044,0.9766723952935591,0.012010672215922499,0.011316932490518374
id07951,0.025672342069407456,0.04259043802505723,0.9317372199055354
id14796,0.7961445722564184,0.14740646874114552,0.05644895900243616
id09780,0.03438329923645843,0.014331582981443863,0.9512851177820978
id13597,0.9825077189550413,0.008121967543789112,0.009370313501169557
id26413,0.9777444562376526,0.012969712630099068,0.009285831132248352
id14007,0.017017722008245657,0.9656969081492578,0.017285369842496515
id01799,0.14989670127010302,0.031162024811836244,0.8189412739180608
id24712,0.020442069876729595,0.5723069078408644,0.407251022282406
id13156,0.41260087004225954,0.08314459455287888,0.5042545354048616
id25468,0.01175548855772468,0.008568951490007038,0.9796755599522683
id25877,0.836077422207815,0.07006427427695924,0.09385830351522582
id22485,0.010297352072766967,0.9813818364328359,0.008320811494396911
id09229,0.06868495547217329,0.031038180634905026,0.9002768638929216
id25687,0.3192519064350653,0.07213054609993708,0.6086175474649976
id12266,0.022331925879030354,0.06829971130086143,0.9093683628201081
id19723,0.9631562092764281,0.014365655052799695,0.022478135670772104
id03536,0.9818316789088978,0.008725605785639688,0.009442715305462424
id24370,0.013380530563236185,0.9742172245386129,0.012402244898151024
id10745,0.029802426534041783,0.9610738867222922,0.009123686743666079
id17620,0.930297723913978,0.01346290748253178,0.05623936860349013
id16290,0.01002940001099422,0.975695959910264,0.014274640078741721
id04325,0.8106105817687173,0.06344416366666278,0.12594525456462008
id23332,0.1293124310516069,0.020503924911572165,0.8501836440368209
id15082,0.013368757599032454,0.9778163282104373,0.008814914190530309
id21581,0.034754586265324475,0.017345646431679202,0.9478997673029964
id17460,0.9584633558905599,0.014606279275217342,0.0269303648342228
id17003,0.979384740387952,0.009903412684897568,0.010711846927150418
id15193,0.010967356181692459,0.9736861014954727,0.015346542322834826
id08389,0.06461528660666668,0.02941414839694068,0.9059705649963926
id19831,0.010034474320277383,0.008414096689071797,0.9815514289906507
id25627,0.029390552858329713,0.04524518532895072,0.9253642618127196
id14051,0.04837180572934944,0.020186696296563496,0.931441497974087
id00942,0.9802467704742228,0.009963438903223687,0.009789790622553434
id09184,0.01805794968905864,0.9241188608623646,0.05782318944857671
id21762,0.970392001892698,0.017424694751173576,0.01218330335612849
id07390,0.8875450960996673,0.08934880904575113,0.023106094854581694
id25785,0.021530991451760084,0.9520131279620079,0.026455880586231998
id17567,0.02360108663770283,0.9564501187879183,0.019948794574378894
id13118,0.018842768069777322,0.971153072021149,0.010004159909073735
id17508,0.021794479313439984,0.011277305312078977,0.9669282153744811
id21192,0.6244594704181492,0.07627589180480047,0.2992646377770504
id27884,0.03947824006074795,0.020336239153235756,0.9401855207860162
id08686,0.01300828285486105,0.9606698245616394,0.02632189258349941
id01360,0.9428693657176093,0.041216241500894125,0.015914392781496728
id13689,0.049284018713522754,0.9058774985591656,0.044838482727311564
id01772,0.32094166855918155,0.038238746643771804,0.6408195847970467
id17507,0.01031019722131059,0.9697809522370878,0.01990885054160164
id17644,0.9715208617263981,0.01677194427343021,0.011707194000171802
id00494,0.9124089492637927,0.05537899271211187,0.0322120580240956
id09881,0.09172870935024943,0.8790189332770932,0.029252357372657124
id02306,0.9207640765350796,0.029907010559407088,0.04932891290551337
id06761,0.9575292412663023,0.020604956423988026,0.02186580230970955
id15045,0.08511957859422366,0.08265415220403202,0.8322262692017443
id05992,0.01733594156160967,0.00847092237191945,0.9741931360664707
id18245,0.22715227222390216,0.03102875894533216,0.7418189688307657
id01047,0.9760931468026997,0.00871449542572814,0.01519235777157212
id23601,0.01471947242394627,0.009378560832316947,0.9759019667437369
id13140,0.9658697607915141,0.011750833114212532,0.022379406094273312
id05280,0.010813249871653762,0.9771502656772914,0.012036484451054763
id03728,0.1300175583267964,0.05436834841904743,0.8156140932541562
id15626,0.6120441256352364,0.11620573403048011,0.2717501403342836
id03086,0.010093980647439202,0.008499252587947512,0.9814067667646134
id27898,0.05849035484622753,0.5127491488644809,0.4287604962892915
id05891,0.9414837967115685,0.008496803648908327,0.05001939963952323
id02214,0.01888248331196625,0.012747672064196252,0.9683698446238376
id17274,0.966136492186386,0.00858989498652388,0.02527361282709028
id09359,0.9594825209458115,0.014161866214688847,0.02635561283949956
id03320,0.9800845521668131,0.008989861113378735,0.0109255867198082
id26061,0.9422126309337343,0.03477828813493771,0.023009080931327835
id02869,0.9760460947939725,0.013718654083859942,0.010235251122167456
id21891,0.009013988057178788,0.98268125262253,0.008304759320291262
id06182,0.03218073109289279,0.9413626239442778,0.026456644962829325
id13429,0.010883178046089773,0.9786177278859377,0.010499094067972661
id15943,0.013252483168896337,0.01135745538633064,0.9753900614447731
id13008,0.06986070291043703,0.9032343344451401,0.026904962644422926
id08587,0.9094275549491931,0.03337602730434792,0.057196417746458776
id03346,0.9412193509005695,0.03642310182116516,0.022357547278265253
id02052,0.03992816899748299,0.07015443504895744,0.8899173959535597
id00916,0.7685630836962823,0.18067468945167867,0.0507622268520391
id11093,0.8345174053721606,0.027316678995609613,0.13816591563222974
id15190,0.9685105252674451,0.018135618774014376,0.013353855958540621
id23076,0.12463466228046292,0.16261839682356496,0.7127469408959722
id25738,0.014902426740718847,0.9652816746242165,0.019815898635064732
id21546,0.010323343591445504,0.009142700091751723,0.9805339563168027
id17764,0.956454909906814,0.025516701090993837,0.01802838900219208
id11990,0.8992925187432208,0.03831934241921366,0.06238813883756545
id21050,0.8549508141940031,0.11202361409559156,0.03302557171040549
id18324,0.5997911014144758,0.046523406732404494,0.35368549185311965
id20690,0.8859931202356659,0.028830489846061274,0.08517638991827296
id19799,0.049107041949912694,0.040549937842879843,0.9103430202072075
id12658,0.9710596696399972,0.019302486842866888,0.009637843517135807
id03781,0.03268706195742838,0.06676114070980287,0.9005517973327688
id04870,0.010084373482607215,0.9776888631948689,0.01222676332252393
id20596,0.05285988683733235,0.931470740163779,0.015669372998888736
id26849,0.9674743331122645,0.010776589889794888,0.021749076997940504
id00600,0.02246386782254723,0.9651379069337956,0.012398225243657118
id11902,0.9800227240561732,0.010011541982217933,0.009965733961608792
id19219,0.9728211769113959,0.01327111430089356,0.013907708787710462
id14788,0.016553735155098493,0.9746819631874494,0.00876430165745203
id22482,0.011791360054479822,0.9512384458280624,0.03697019411745778
id15378,0.012460496670912412,0.9792712428674264,0.008268260461661119
id14696,0.01698206146643763,0.9746974088402774,0.00832052969328485
id17359,0.035497276259534964,0.026177009077258683,0.9383257146632065
id16190,0.11884732761095118,0.03568349243882185,0.845469179950227
id21285,0.9350380811013997,0.01110856603393351,0.05385335286466683
id06812,0.9680851303407007,0.02100143271969996,0.010913436939599501
id15579,0.01241528194753817,0.050752226804631206,0.9368324912478305
id26672,0.9786627670415581,0.008734724473232551,0.012602508485209421
id09842,0.0143988789562483,0.9510580619673741,0.03454305907637775
id06045,0.9526815380948283,0.03337438705547754,0.013944074849694373
id21233,0.9783059331460123,0.009267184145284685,0.012426882708702852
id16227,0.9691165176178219,0.011644648526331725,0.019238833855846394
id17437,0.02397119537686606,0.053421398578859094,0.9226074060442747
id02309,0.9760683419160676,0.014022066571772856,0.009909591512159576
id18232,0.012054418751186324,0.012870834802626234,0.9750747464461875
id23419,0.010578940608028416,0.008795992128263465,0.9806250672637082
id11924,0.9659858586579865,0.012021095980281848,0.021993045361731692
id12263,0.9778275990753261,0.011875644823661808,0.010296756101012036
id16734,0.9637426495132135,0.014090321962432938,0.022167028524353597
id07989,0.9002406942281018,0.06350216929655225,0.03625713647534595
id24633,0.014255847869880137,0.017918914113238454,0.9678252380168815
id19770,0.9789366607945031,0.009384603332722737,0.01167873587277405
id05094,0.0401190589704944,0.04695406069650086,0.9129268803330046
id07252,0.9190090830430772,0.01747827986060946,0.06351263709631334
id12536,0.9411655411242453,0.033831304736525444,0.025003154139229104
id24324,0.9568226841464471,0.030474183592699478,0.01270313226085348
id25546,0.02817362054864023,0.015981659623840464,0.9558447198275193
id24732,0.9301513164812637,0.0195219735365535,0.050326709982182846
id07280,0.035320691942316323,0.856997240784086,0.10768206727359768
id23268,0.6082428674253435,0.2828425779405835,0.10891455463407287
id18050,0.024565901380350138,0.01008112099016664,0.9653529776294834
id19360,0.9562900165855873,0.03461484823407006,0.00909513518034249
id00456,0.041172644852137945,0.9407284697624666,0.018098885385395266
id14069,0.030502260789834926,0.9488547730399247,0.020642966170240477
id24965,0.013226221671941893,0.9742757821444219,0.012497996183636175
id13245,0.023795132641644262,0.031720341166125154,0.9444845261922307
id22515,0.03161782865824544,0.9521783722947978,0.01620379904695656
id11332,0.9635003387599497,0.00892633843191018,0.027573322808140236
id19876,0.022077961897299044,0.010011265742829022,0.9679107723598719
id18315,0.9708397234304338,0.012312782816787986,0.016847493752778258
id05260,0.03170738754264006,0.9540902023984575,0.014202410058902395
id14594,0.01142636504858397,0.9748124521480356,0.013761182803380517
id12867,0.9337880625489287,0.04711248884896677,0.019099448602104684
id05902,0.033541183273891516,0.9496926772020269,0.01676613952408169
id06390,0.018792180151834512,0.010824656162934458,0.9703831636852311
id06005,0.02649706448287078,0.21662275409911622,0.756880181418013
id24075,0.03904589668867396,0.034680320715680134,0.9262737825956459
id12630,0.10266678306465549,0.8739484187385023,0.023384798196842155
id26378,0.013015959541116414,0.012407625549670273,0.9745764149092134
id05535,0.06601783586480077,0.9031229067016778,0.030859257433521275
id26702,0.01050059456057514,0.008670578159559595,0.9808288272798652
id25209,0.8325299842673121,0.07420789624773062,0.09326211948495738
id19835,0.023739302718267595,0.019942658928156855,0.9563180383535755
id09511,0.040965309145216136,0.9332168914284023,0.0258177994263817
id27364,0.9134211196753227,0.06336731663271027,0.023211563691967092
id09695,0.8955036023112015,0.04430945703075818,0.06018694065804026
id16165,0.9017723130905936,0.03274250072866444,0.06548518618074184
id19503,0.021547344898712004,0.014743790016656285,0.9637088650846316
id13511,0.018653976033738504,0.03018791716066649,0.9511581068055951
id18752,0.02141604166428383,0.01892853625463062,0.9596554220810856
id18278,0.9683598852293452,0.021574333425148754,0.010065781345505878
id27219,0.9728045550857423,0.012321757248138516,0.014873687666119139
id05454,0.02206536781117962,0.9476154271209523,0.030319205067868258
id12347,0.7961441702737254,0.02628537960361684,0.17757045012265787
id10397,0.8194849535655979,0.028766192103185678,0.15174885433121646
id18543,0.9621346588475854,0.01627859403749633,0.021586747114918366
id05210,0.9701485195683179,0.01620325637497068,0.013648224056711492
id23141,0.03135236495496972,0.9426631879412073,0.02598444710382288
id17139,0.9557790805110395,0.03224430445575512,0.011976615033205209
id21399,0.9795550008175028,0.009471319500457659,0.010973679682039616
id18728,0.4110239387652376,0.06428199085704099,0.5246940703777215
id12170,0.044318192165418574,0.9453201775885567,0.010361630246024723
id02225,0.01723009471033435,0.9617600503380188,0.021009854951646954
id27210,0.060510035796129305,0.930187005644382,0.00930295855948878
id01242,0.017284542465059834,0.010669876491584405,0.9720455810433558
id16587,0.7454411073428492,0.034989420316017504,0.21956947234113322
id11144,0.026763230975861085,0.018617427592401915,0.9546193414317371
id13709,0.6807297220259013,0.05919792590256697,0.26007235207153173
id00841,0.029813699371927977,0.9100472273131561,0.06013907331491594
id09692,0.011393952783772213,0.008447828457937883,0.98015821875829
id07635,0.974345467964794,0.011835127094942348,0.013819404940263465
id11375,0.9790111187278939,0.010439841057424766,0.0105490402146812
id05703,0.92274009639191,0.04081180222731615,0.036448101380773694
id02757,0.9663987149192905,0.018592781148785695,0.015008503931923822
id08216,0.011883827534771909,0.9782086435651135,0.009907528900114673
id09311,0.013928956343567962,0.057276828639084267,0.9287942150173479
id11169,0.9318031673936021,0.032375790133852465,0.03582104247254527
id23806,0.9631378890620728,0.010618639599979055,0.02624347133794835
id01253,0.028697459098175653,0.010033395003007536,0.9612691458988168
id27558,0.2141662419714979,0.5338250253383752,0.2520087326901271
id06695,0.9830059882922513,0.008367394259821382,0.008626617447927292
id22654,0.045075641201884856,0.9059119483371487,0.04901241046096651
id16201,0.8394913646214323,0.017797488195811895,0.1427111471827557
id00873,0.9259090024691825,0.046004478185164635,0.02808651934565275
id07131,0.9587220153442204,0.014217201162247967,0.02706078349353164
id11454,0.022281635203166186,0.9634642488102415,0.014254115986592274
id19481,0.9472234283181886,0.028791744841439964,0.023984826840371485
id16409,0.9081854824768336,0.01839940015903389,0.07341511736413248
id01686,0.9624331498043821,0.013412283865726071,0.024154566329891797
id24068,0.8746874690687924,0.07639123509072483,0.04892129584048287
id14825,0.9782485419053615,0.010882710145123275,0.010868747949515327
id13611,0.9749187233831176,0.010046890619174327,0.01503438599770807
id05586,0.979997724717725,0.010953993182196222,0.00904828210007888
id04497,0.8617284170494197,0.12276768249591352,0.015503900454666805
id13912,0.06582561677361115,0.8939318356459836,0.040242547580405436
id09675,0.14411197944387708,0.14906074946495015,0.7068272710911729
id23620,0.02670727373662173,0.6804645461175116,0.2928281801458667
id05596,0.01718735608387973,0.05340673851416076,0.9294059054019596
id09067,0.027617819122811426,0.020787488330442323,0.9515946925467461
id05445,0.024080397283733686,0.9673230203655284,0.00859658235073782
id16825,0.010938313401264806,0.008435977701181064,0.9806257088975541
id21127,0.9826637281328723,0.008708311245811017,0.008627960621316657
id01740,0.010120395932694742,0.010560192840469147,0.979319411226836
id12719,0.965047997706277,0.015506375237575816,0.01944562705614711
id14137,0.026974808272845357,0.0565812773605881,0.9164439143665665
id08909,0.01635670520054921,0.009405448223915204,0.9742378465755355
id24041,0.6710578219389628,0.0438841011189396,0.2850580769420976
id14489,0.9515381075313235,0.022224624605814144,0.02623726786286222
id14961,0.14758553853486864,0.027075995834635276,0.8253384656304961
id19923,0.7177017947900303,0.2491725961292298,0.03312560908073992
id03339,0.016095125646124413,0.9751479637067832,0.008756910647092338
id08864,0.011690611933643921,0.009007661782368248,0.9793017262839879
id19803,0.9691546989276236,0.009986404191421244,0.02085889688095507
id09810,0.9777531785627278,0.00830974881258379,0.013937072624688494
id23324,0.9313979358559136,0.01822663829997333,0.050375425844113156
id22050,0.009866715002111805,0.9796246749153019,0.010508610082586252
id11386,0.12241634277939681,0.859217585569387,0.01836607165121633
id14739,0.9822610129869065,0.00834416708815784,0.009394819924935618
id02882,0.9646145239916795,0.014151932733089841,0.02123354327523067
id11988,0.2227812812554235,0.6724085689488104,0.10481014979576592
id18839,0.027744046331789573,0.9606134756514967,0.01164247801671379
id08474,0.012157514354131116,0.9783339474865387,0.009508538159330315
id01060,0.050022126473531804,0.9346482384792402,0.01532963504722794
id06551,0.9497861633291873,0.02674578479255946,0.023468051878253286
id06210,0.056470655780886905,0.010510478257664354,0.9330188659614487
id12349,0.048270725880608906,0.037638684924167304,0.9140905891952239
id21813,0.06975511748084658,0.013171190406047265,0.9170736921131061
id13028,0.04677063966471834,0.9373323709538885,0.01589698938139309
id10021,0.053918423539396874,0.020193105105380263,0.925888471355223
id07425,0.015044840753538381,0.009065543182478732,0.9758896160639828
id24409,0.012532742678406079,0.9782181927350937,0.009249064586500322
id21183,0.9663052166161599,0.008747737464566722,0.02494704591927334
id26178,0.8195652717367395,0.08683627327516387,0.0935984549880965
id24033,0.05317207789934593,0.04268378200796345,0.9041441400926907
id14793,0.014840773899944194,0.009273832606256785,0.9758853934937991
id03053,0.9734783774080509,0.011815286046036981,0.014706336545912321
id24285,0.9198941099686039,0.04501981853401827,0.03508607149737783
id09137,0.9802706844657317,0.00918029508905015,0.010549020445218021
id03185,0.9788666443952326,0.009224378117420192,0.01190897748734723
id21242,0.01813719096911925,0.9624164976509934,0.01944631137988749
id17446,0.9507964939077854,0.012408372310026833,0.03679513378218783
id00087,0.7953770022870473,0.1794928095703918,0.025130188142560808
id11019,0.8973093428155975,0.0791374258036131,0.023553231380789297
id18832,0.10881306261690087,0.7296995587502586,0.1614873786328406
id19224,0.45317588442932927,0.051042769391198985,0.4957813461794719
id17436,0.11319719973494959,0.023804202267469488,0.862998597997581
id09895,0.014368582890579544,0.008651340001636396,0.9769800771077841
id20296,0.01864190376935838,0.012081261707589431,0.9692768345230521
id03074,0.02124852422606721,0.9584097031842437,0.020341772589689076
id09152,0.021146097624184505,0.9678407915335892,0.01101311084222642
id15277,0.012899572155200966,0.009313273344144385,0.9777871545006546
id07520,0.11059204821157632,0.874566773098342,0.014841178690081714
id12928,0.009203267895317311,0.9816984737789015,0.009098258325781032
id06197,0.09958658057440489,0.01773679615889984,0.8826766232666954
id24099,0.9720136536064712,0.013100739133711499,0.014885607259817189
id17392,0.9002350735079565,0.04450109747752045,0.05526382901452289
id17303,0.24294297748219432,0.021223406163331297,0.7358336163544745
id05682,0.971077448542534,0.01416708967875756,0.014755461778708618
id14339,0.9750508161540502,0.010505094835939643,0.014444089010010283
id07873,0.047918493781705776,0.02381238846541915,0.928269117752875
id06939,0.062252025867599495,0.7924484835481581,0.1452994905842425
id14827,0.06736512154086756,0.06946319789808333,0.8631716805610492
id19768,0.06871763230869192,0.9048945972732247,0.026387770418083475
id18080,0.9718237896715897,0.012453809496122605,0.015722400832287747
id17384,0.9476380915882432,0.03311637252164041,0.019245535890116277
id12059,0.9316494671890844,0.05248104037804713,0.015869492432868594
id27382,0.009934497408336808,0.008582441484084843,0.9814830611075784
id23252,0.9458867086552801,0.024761645048304144,0.029351646296415627
id14797,0.03491826285003928,0.01951309371285453,0.9455686434371062
id25826,0.018242444337297943,0.010373652830702112,0.971383902832
id27569,0.971049570462966,0.011301993175667956,0.01764843636136598
id05079,0.8962613129551733,0.08613873889478509,0.017599948150041584
id23749,0.9783909738845163,0.01023842661582758,0.011370599499656178
id04852,0.012813631916046814,0.009078385609477163,0.978107982474476
id08920,0.6656525570509172,0.04209924713337533,0.2922481958157074
id15229,0.02421203642625532,0.037964579132063955,0.9378233844416808
id11992,0.19356927655682704,0.7366718941840859,0.06975882925908714
id21087,0.08251722774528124,0.4313819257744963,0.48610084648022256
id22173,0.956355230229574,0.016761220660366106,0.02688354911005999
id26488,0.9054103352171814,0.04697222303768384,0.047617441745134846
id09378,0.8850635499338956,0.02290904742114122,0.09202740264496323
id19280,0.2752974487285857,0.6929868063298174,0.031715744941596825
id00701,0.012490090552329454,0.009503804616543609,0.978006104831127
id18252,0.947643509966079,0.03943422545062971,0.012922264583291092
id19850,0.0424853702869955,0.07136555593825042,0.886149073774754
id00967,0.012530546681948392,0.9659633728009263,0.0215060805171252
id00670,0.7763787478571408,0.03044689461359879,0.19317435752926054
id10795,0.016060206809999138,0.011379420839125519,0.9725603723508754
id27312,0.03841965888176858,0.0322295102377729,0.9293508308804586
id10703,0.01800463502322545,0.010502413686149846,0.9714929512906247
id25596,0.7382586786453589,0.08727462515739756,0.1744666961972435
id00443,0.04412588059953812,0.010028915461299494,0.9458452039391623
id21638,0.054649514924513615,0.8811188719447485,0.06423161313073782
id15800,0.010855063098503665,0.9749539588103563,0.014190978091140147
id23367,0.9495262776453457,0.01928367363513987,0.03119004871951438
id03600,0.9103875011293561,0.04141322071292637,0.048199278157717705
id07147,0.6613808030697538,0.12647134220983677,0.2121478547204093
id02654,0.026577852946974748,0.9585916680493789,0.014830479003646417
id17965,0.010715638585808955,0.9747718053764252,0.014512556037765825
id24304,0.8771501783119952,0.09730316809892331,0.02554665358908162
id11626,0.9340137629381893,0.042983029161295414,0.02300320790051537
id17604,0.01231410732735238,0.011028405223437324,0.9766574874492103
id24725,0.942266070108675,0.041627001121289156,0.016106928770035795
id08894,0.9513247665363193,0.03434977213615159,0.014325461327529218
id01352,0.15209651175055913,0.026668561088786874,0.8212349271606539
id07907,0.9825913980639227,0.008739341300208406,0.008669260635869041
id02681,0.020815610715225436,0.01053692237862945,0.9686474669061452
id23951,0.028737272689496097,0.955661113358815,0.015601613951688941
id11154,0.45809879433430817,0.03398817798454153,0.5079130276811504
id13182,0.9012565748306585,0.07570898507433393,0.023034440095007533
id04576,0.028334379510703424,0.9609213988626654,0.010744221626631079
id16318,0.9602655180149096,0.01649348898940065,0.02324099299568985
id05472,0.07332741330099175,0.025932671649754383,0.9007399150492538
id20567,0.9596210498705693,0.025062295352098155,0.015316654777332631
id21385,0.04368008062778546,0.16036486222201607,0.7959550571501984
id09834,0.8272944313317947,0.12368231691638132,0.04902325175182382
id02954,0.9511306145587233,0.01867077478611109,0.030198610655165804
id15456,0.06956035285624243,0.9131412349150024,0.017298412228755135
id06958,0.9792042784957516,0.010550178247820261,0.010245543256427948
id18053,0.2796873306679006,0.022366864191639125,0.6979458051404602
id05180,0.02319780879116548,0.9592465370388131,0.017555654170021254
id21648,0.9696966351601485,0.014306817923196343,0.015996546916655256
id27095,0.1569022196126698,0.8057583917598279,0.03733938862750224
id16645,0.01725258152453509,0.9677850368310598,0.014962381644405012
id22508,0.9700752754271956,0.014581311893394821,0.015343412679409637
id01151,0.23817569525814059,0.04335957991692651,0.7184647248249331
id03451,0.3392742882826689,0.6008315031529227,0.05989420856440843
id20279,0.1613961289239239,0.035606561204399305,0.802997309871677
id17480,0.028359044842042675,0.9554592531180903,0.01618170203986702
id08280,0.07912527295064346,0.9012478585791593,0.019626868470197328
id19245,0.6609902324372239,0.04556119420861446,0.2934485733541617
id20463,0.9636356803876333,0.019830597728139072,0.01653372188422772
id01510,0.009643958254011745,0.9795575511846429,0.010798490561345317
id22724,0.01603354101518098,0.016481785388929183,0.9674846735958897
id03386,0.012524832281065717,0.008476372822537328,0.9789987948963971
id26858,0.8048048351158382,0.10412474605521628,0.09107041882894536
id27612,0.9657035079854609,0.011527709310986718,0.022768782703552485
id14606,0.9788341032845848,0.010814601102211243,0.010351295613204031
id09273,0.01229258280605202,0.010846248612699168,0.9768611685812489
id07736,0.013027465653785842,0.01264773853061179,0.9743247958156025
id22879,0.13147722687655777,0.8253407425177868,0.043182030605655446
id01075,0.013775462821807166,0.9767112368958902,0.009513300282302557
id14038,0.02977101506939001,0.9572265935124756,0.013002391418134258
id10294,0.9097641604114232,0.012059236303694367,0.07817660328488256
id06738,0.029145548522619195,0.90702860460792,0.0638258468694609
id06932,0.017275689569688352,0.9725681597155829,0.010156150714728886
id20905,0.08055204549153905,0.8818785966497256,0.037569357858735504
id03466,0.938460830220062,0.021490001380427094,0.04004916839951105
id17100,0.037370117103104346,0.02711620680670472,0.9355136760901909
id00585,0.025716922506854357,0.017053366504001,0.9572297109891447
id05385,0.9809681988695449,0.008817371774844056,0.010214429355611085
id21658,0.9672645377736241,0.0235179662717782,0.00921749595459753
id25140,0.5198150598844155,0.2712424686940047,0.20894247142157996
id14623,0.011330674755984222,0.9740084824382977,0.014660842805718081
id06925,0.9020058455102589,0.06429907816337431,0.0336950763263668
id03102,0.8919177496601488,0.01602708654568922,0.0920551637941621
id15215,0.01656020780410813,0.9741395215990266,0.009300270596865265
id16162,0.023159893809692796,0.9648294030345006,0.012010703155806693
id12412,0.01115644002972223,0.9771789035222135,0.011664656448064269
id27708,0.9346592716160831,0.012390766567085475,0.05294996181683146
id18508,0.9551064515414743,0.02510512468507338,0.01978842377345214
id19857,0.9593850428624116,0.015225032513939822,0.025389924623648613
id27904,0.9334952100596464,0.012461531937327542,0.054043258003025924
id27345,0.3722313365583835,0.04837661718679009,0.5793920462548264
id09516,0.06668676179333903,0.9202439790883981,0.01306925911826288
id24277,0.0770348923850618,0.9050748201010764,0.01789028751386169
id26935,0.023399254357015394,0.963520776183222,0.013079969459762758
id08544,0.04872380405869352,0.8591080141680965,0.09216818177321012
id13779,0.9546269696289333,0.014769372979113881,0.030603657391952876
id17103,0.4875750689527011,0.05475559658001061,0.4576693344672884
id01771,0.9163292436204225,0.029074886101145853,0.054595870278431734
id08211,0.013739415912981114,0.011982977506651159,0.9742776065803679
id06392,0.9830459186482224,0.008132221999009596,0.008821859352767969
id25629,0.9684614758104474,0.013876000393636411,0.01766252379591622
id15194,0.3500507048225513,0.36890835742855826,0.28104093774889055
id23962,0.015599661426240953,0.9731782063231393,0.011222132250619875
id14252,0.017588729809141383,0.0121774164406781,0.9702338537501806
id15381,0.976120725689014,0.008471779201513478,0.01540749510947244
id17385,0.05899226905541258,0.024231046403389488,0.9167766845411981
id22826,0.9446891391165109,0.02380753835366843,0.03150332252982084
id16485,0.025099128853551558,0.9516230831306604,0.023277788015788243
id25744,0.964325312255085,0.025486038606033008,0.010188649138881943
id09192,0.9585779338522397,0.028525427800988632,0.012896638346771802
id08619,0.03711963096366802,0.9448164182231953,0.018063950813136793
id27889,0.09025417505360649,0.8747098500147177,0.035035974931675935
id10964,0.015675467979579537,0.028479254474258055,0.9558452775461624
id00821,0.9041717039292805,0.043430863215055585,0.05239743285566405
id07120,0.9511497162507289,0.029871511296254635,0.01897877245301655
id05347,0.9510201552218035,0.03445302798885043,0.014526816789346149
id14047,0.8566181195802527,0.04301351141039695,0.10036836900935028
id24871,0.9440905956228229,0.03846707749922086,0.017442326877956174
id21417,0.8193973423925661,0.07781640585435635,0.10278625175307766
id03784,0.9355835998497425,0.036040783751391546,0.028375616398865957
id07389,0.3030280974866674,0.6279354548473276,0.06903644766600507
id16215,0.9746756832850502,0.015304431902808339,0.010019884812141578
id10976,0.017063760376116992,0.024433339142741622,0.9585029004811415
id00348,0.981453790096372,0.009148050454603547,0.009398159449024432
id04027,0.8189378919806141,0.0617782822569773,0.11928382576240873
id21625,0.8863276898205704,0.0702142249007157,0.04345808527871376
id15117,0.013788509205630255,0.01020685539177726,0.9760046354025925
id06776,0.037375813134341504,0.950990213592453,0.011633973273205549
id10947,0.9799230460538415,0.008542157889467949,0.011534796056690406
id11746,0.17533246914859626,0.029309090355706603,0.7953584404956973
id27779,0.0437759593697935,0.009395869513715316,0.9468281711164912
id20789,0.38540949705569416,0.3040044454086288,0.3105860575356769
id16187,0.021429955910973852,0.02046096299006667,0.9581090810989594
id23834,0.018318137326396006,0.9714289586998199,0.010252903973784205
id25848,0.008954080721503568,0.9828452404868734,0.00820067879162301
id08777,0.9621069052303405,0.016931583294193128,0.020961511475466543
id17045,0.016747825675320117,0.013621301435251422,0.9696308728894286
id01474,0.034916176078043114,0.010660161941339195,0.9544236619806176
id09396,0.019144817685677225,0.96756618689799,0.013288995416332619
id22208,0.9805210802610419,0.009552916683969839,0.009926003054988175
id13813,0.017873982063529113,0.01711761934544214,0.9650083985910287
id23386,0.9426410833978414,0.014723694513400382,0.04263522208875832
id02610,0.013370296114271426,0.9717270377297107,0.014902666156017987
id07647,0.039083332469953075,0.032902399874611174,0.9280142676554357
id24025,0.9158857524008963,0.05440646035470248,0.029707787244401113
id25573,0.9771946547050129,0.008720424903953748,0.014084920391033318
id23575,0.9598008314396409,0.019945119703197487,0.02025404885716174
id08968,0.10996763363602857,0.7822246087536641,0.10780775761030749
id09958,0.04731926880249513,0.9358161843642792,0.01686454683322562
id13648,0.8539330971264489,0.06337525404301625,0.08269164883053491
id00335,0.9792100465340391,0.00918503485485015,0.01160491861111063
id18099,0.9110414614602895,0.0721374573205276,0.01682108121918299
id24297,0.0312813285671679,0.01609250512805677,0.9526261663047753
id17751,0.026084328573893523,0.031505192754968034,0.9424104786711385
id02158,0.015121047914030128,0.9746408512588763,0.010238100827093607
id03039,0.9275432523376564,0.04799386146506001,0.024462886197283634
id09467,0.7932677788298619,0.01804477072737217,0.18868745044276608
id14903,0.9813700878632378,0.00905026219544148,0.00957964994132072
id03331,0.1005938510043269,0.1134210209121852,0.785985128083488
id27366,0.032805955186219135,0.014393688999809069,0.9528003558139719
id09199,0.9760695965926468,0.00921470668096415,0.014715696726389043
id07681,0.03146516688219058,0.012567382793786278,0.9559674503240232
id11502,0.009066026704845537,0.9825334876938665,0.008400485601288064
id00140,0.9713160351580036,0.01050931521536716,0.018174649626629312
id20159,0.912908524186526,0.02494176390885948,0.06214971190461463
id02007,0.01445761861187628,0.012634030734424003,0.9729083506536996
id08188,0.972766945204107,0.013452040534498126,0.013781014261394765
id04504,0.014117644855292148,0.00985474026594419,0.9760276148787638
id22031,0.9176156230846326,0.06489080845615007,0.017493568459217304
id17947,0.02613379610194681,0.037110069918815054,0.9367561339792382
id06267,0.9236716640325325,0.04789978387197687,0.02842855209549059
id14577,0.9636195549180416,0.014410903913800623,0.02196954116815783
id27313,0.9515374785191844,0.013972917940557866,0.034489603540257915
id16231,0.035109393156969204,0.9538648086919251,0.011025798151105663
id02587,0.9039712572150501,0.03432450855128752,0.061704234233662406
id04379,0.021749926884984182,0.9569829472105977,0.021267125904418017
id13503,0.04778691703935977,0.9317131099997356,0.02049997296090471
id03887,0.9779591020175478,0.010084306060735322,0.011956591921717068
id22338,0.9678521947465204,0.017690899136683935,0.014456906116795539
id20080,0.5584174835556671,0.39709060982228206,0.04449190662205093
id22392,0.25131152711571614,0.029671499880574666,0.7190169730037091
id03895,0.8902033363175668,0.012179389623858724,0.09761727405857444
id17179,0.06195558262616992,0.9025851533135983,0.03545926406023185
id23466,0.018606212624235684,0.008652608885400813,0.9727411784903636
id12592,0.06512235956330067,0.9186825085858059,0.016195131850893562
id16947,0.9627632023337844,0.015531236981662417,0.021705560684553052
id13870,0.07330465925017138,0.41328009465630355,0.5134152460935251
id10717,0.01606865717096683,0.018370632202789217,0.965560710626244
id09418,0.8946957353671977,0.08179442601028526,0.023509838622516953
id20753,0.9454744226577421,0.01723645870524974,0.03728911863700806
id00114,0.02644557414802204,0.023664810241811548,0.9498896156101663
id00627,0.9248098654155158,0.06661502963213929,0.008575104952344858
id07738,0.009320792692189947,0.9821456027822634,0.00853360452554674
id14516,0.6605129757185075,0.2603461701565096,0.07914085412498281
id02107,0.014541529444389013,0.9722389011130728,0.013219569442538086
id18378,0.020756569158160165,0.9670798254934985,0.01216360534834142
id02751,0.7438088125762884,0.016406603219649957,0.23978458420406154
id26105,0.03370503877343616,0.03720579611467992,0.9290891651118839
id07659,0.06844200353368435,0.519352339306005,0.41220565716031077
id07421,0.977569104726608,0.01007267310330696,0.012358222170084964
id00325,0.9239090786164571,0.04390864364464173,0.03218227773890102
id12253,0.9706881357044207,0.01890539112518878,0.010406473170390403
id23427,0.9755545567202952,0.013744097557059493,0.01070134572264513
id06202,0.9607064094221637,0.011201423309067645,0.02809216726876866
id21320,0.01095694997421176,0.010291453684970038,0.9787515963408181
id21994,0.8830276317937028,0.09539680508217822,0.021575563124119037
id13903,0.39999854697117815,0.06510196032284317,0.5348994927059787
id13767,0.9757401169550968,0.012190699989226146,0.012069183055677153
id03750,0.021388799066185186,0.011874435575880778,0.966736765357934
id08666,0.015762346827225757,0.008951506363426013,0.9752861468093482
id12171,0.028691765966293758,0.03574431123550483,0.9355639227982013
id26202,0.05710714005911564,0.021862392881111907,0.9210304670597725
id16310,0.02448502272909957,0.017462846725876856,0.9580521305450236
id02650,0.7464755287703513,0.06165034359759228,0.19187412763205652
id26558,0.9590996677233427,0.03036236061189754,0.010537971664759935
id24794,0.9730125786394553,0.009327759837551308,0.017659661522993284
id01299,0.8985972611246761,0.010356120530743406,0.09104661834458042
id19281,0.9799893744653995,0.010170294794160442,0.009840330740440065
id20504,0.8948142285469927,0.03759855104662911,0.06758722040637834
id15716,0.06669359933649786,0.032734846811619,0.900571553851883
id08222,0.024604315311689315,0.0881832725400624,0.8872124121482483
id12393,0.012858602942700087,0.011655651903058645,0.9754857451542414
id26841,0.09465576698330908,0.8840426289743164,0.021301604042374352
id22947,0.019441840703762456,0.971477772040588,0.009080387255649391
id10817,0.9818005272583744,0.008902407455337038,0.009297065286288656
id01486,0.8825246284016077,0.09621829565371447,0.02125707594467775
id00296,0.04111810365804063,0.92456674256251,0.034315153779449194
id24189,0.06323463268739213,0.030952507828003305,0.9058128594846045
id20909,0.9140057817617524,0.022621046916032214,0.0633731713222155
id21079,0.9771090157394324,0.010503186489674176,0.012387797770893366
id02478,0.030467783198712853,0.02573589664385803,0.9437963201574291
id03727,0.974494739957106,0.009576212684501827,0.015929047358392127
id09794,0.9189182827366597,0.048234943948874065,0.03284677331446645
id08527,0.041346849010119584,0.9414357762746105,0.017217374715270056
id18716,0.9755808520240737,0.010114367578561866,0.01430478039736431
id21733,0.011111183409234506,0.008925292166389135,0.9799635244243763
id08898,0.9206406771651082,0.05603585413219334,0.023323468702698323
id16571,0.0542446850491329,0.016011523169691576,0.9297437917811754
id17780,0.9735524451713917,0.010344940770684525,0.01610261405792364
id11537,0.9524448481714908,0.03668974667490692,0.010865405153602197
id23242,0.9532606740877532,0.03094784444688068,0.01579148146536602
id16749,0.03507681643567529,0.015861738046233084,0.9490614455180917
id02226,0.9592747687278154,0.012989181699275985,0.02773604957290876
id08369,0.011838380592734022,0.020464418323948776,0.9676972010833172
id18013,0.34316905199497955,0.5388793436395078,0.1179516043655126
id23454,0.9777165623337274,0.010700973731413488,0.011582463934859254
id03878,0.009298271214884388,0.976509898952748,0.014191829832367546
id15129,0.01018019679752232,0.010273668436947889,0.9795461347655298
id21874,0.6468438447514148,0.04600102175511383,0.30715513349347157
id24455,0.9166142649113149,0.012082861878831081,0.07130287320985389
id03860,0.009192669695357144,0.979971091835794,0.010836238468848899
id07622,0.02116698544825712,0.9523109688713005,0.02652204568044238
id18449,0.04077924394483006,0.021874776526548963,0.9373459795286209
id16952,0.9398184717412863,0.03983663689228292,0.02034489136643092
id08212,0.980582683645237,0.008944472735170185,0.010472843619592881
id05513,0.07540878469545058,0.023081774346646784,0.9015094409579028
id24536,0.9814356858154759,0.008833934237044374,0.00973037994747981
id18070,0.9649984511049854,0.011785696148491592,0.02321585274652303
id03094,0.019045225555864978,0.971538932832353,0.00941584161178196
id13815,0.04035025324832025,0.045708493925283256,0.9139412528263964
id14023,0.012029337324881926,0.974996181518265,0.012974481156853046
id14480,0.4070866410729506,0.5530664180948589,0.0398469408321904
id00059,0.8902181826293941,0.029582661543999866,0.0801991558266061
id16873,0.9588815600005852,0.02518264422076207,0.015935795778652652
id23144,0.959471347409491,0.011162912923579819,0.029365739666929163
id02845,0.9761556891312045,0.013068771746545369,0.010775539122249989
id25492,0.06546515492158417,0.018156472302738418,0.9163783727756774
id04097,0.09591074340291061,0.888383183379563,0.015706073217526477
id25883,0.9809983470395769,0.00844078196601006,0.010560870994413066
id23391,0.02724984517202802,0.962346718864912,0.010403435963059959
id27018,0.8966597034600404,0.08110258244632403,0.022237714093635584
id23614,0.0716439705598318,0.917694560061381,0.010661469378787144
id14309,0.04324031170138155,0.9322102314673818,0.024549456831236622
id27746,0.011039630864845771,0.9802645889366718,0.008695780198482538
id05057,0.9450922344734024,0.031695440947046995,0.023212324579550532
id06246,0.7509783243587511,0.024147579993750563,0.2248740956474984
id00509,0.013911569916317004,0.01578680222753606,0.9703016278561468
id19473,0.9323329661816071,0.05569528040766867,0.011971753410724324
id07044,0.030335471773947707,0.017946861466076672,0.9517176667599755
id09871,0.04666825370112171,0.014633479032037319,0.938698267266841
id26870,0.9110616017947459,0.0420482134475129,0.046890184757741066
id06125,0.0658065444963691,0.7116262408761201,0.2225672146275109
id02829,0.8970664134620606,0.03405003263380374,0.06888355390413575
id24935,0.287525603913101,0.027698747855297214,0.6847756482316019
id04557,0.010446319209278907,0.008606092049732506,0.9809475887409885
id01208,0.9772439608212751,0.01225304872871564,0.010502990450009362
id16235,0.009917523068985787,0.9810328086267568,0.009049668304257543
id05135,0.02869263579996473,0.9613125193909282,0.009994844809106916
id05892,0.02800054865734753,0.01593064079105731,0.9560688105515951
id21207,0.9803523953283492,0.009316409691456976,0.010331194980193905
id10722,0.8058243047933458,0.09075468548252975,0.10342100972412438
id17396,0.020910270230519598,0.05754886950694289,0.9215408602625376
id17755,0.905543917125947,0.04088277242730451,0.05357331044674845
id18529,0.043917404832228064,0.01688404719995685,0.9391985479678151
id18235,0.9582883957142818,0.025261253713363158,0.016450350572355135
id20188,0.02146955537491495,0.0109459695121954,0.9675844751128896
id13483,0.017861263389848954,0.03148095495793747,0.9506577816522137
id16860,0.9570561321931131,0.020891648306107506,0.02205221950077923
id11203,0.9799979731526685,0.009914895307859635,0.010087131539471793
id01104,0.971575144994981,0.017592237946265375,0.010832617058753631
id26195,0.03316590193657052,0.7968242124371057,0.17000988562632388
id19647,0.019632898292380203,0.01385626816365998,0.9665108335439597
id24377,0.05065253528761479,0.013849064551839695,0.9354984001605456
id07103,0.9714618715435126,0.00985893282366282,0.01867919563282448
id27061,0.9809159771544383,0.009462996320011212,0.009621026525550335
id06255,0.034308853290897286,0.9512996935159548,0.014391453193148005
id19483,0.10591703537018168,0.03130759909906362,0.8627753655307546
id27936,0.1302192143335335,0.8567402981467861,0.01304048751968049
id21761,0.9352835237245556,0.03763693694107901,0.027079539334365438
id06543,0.010078638127550435,0.9803071684564283,0.009614193416021405
id04779,0.06414791843583183,0.9107663832890159,0.02508569827515228
id05819,0.5012227539097931,0.042162014784835444,0.45661523130537157
id04670,0.07200195748643397,0.9036108899080031,0.024387152605562967
id22206,0.9601220975007122,0.024056967505249216,0.015820934994038666
id18557,0.9713874243239942,0.01535589029589902,0.013256685380106648
id24017,0.38544129162068846,0.15847289593010583,0.4560858124492058
id10305,0.970996345963324,0.01693643228203733,0.012067221754638709
id25879,0.9733129393367081,0.009661885749001923,0.017025174914290085
id08243,0.011763828513954662,0.9720383856162822,0.016197785869763216
id11999,0.11824102780047964,0.2217756823408961,0.6599832898586243
id13392,0.018839666486178484,0.9720146565745308,0.009145676939290673
id00681,0.03089382313513812,0.9551101308429596,0.013996046021902193
id03225,0.5839452592396936,0.08101111580882754,0.33504362495147866
id19684,0.027154816884928327,0.02285746484572798,0.9499877182693436
id01944,0.9735629627193277,0.009137096904638584,0.017299940376033753
id04903,0.039689882365808234,0.017297907672735337,0.9430122099614564
id22131,0.919488590218476,0.0625781244900208,0.017933285291503218
id17465,0.051642918245199114,0.010095500180105278,0.9382615815746956
id02341,0.021617037382915958,0.008843429386831882,0.9695395332302521
id23306,0.0491635889197918,0.8982900613151966,0.05254634976501146
id13543,0.03225823400962188,0.016587146930659706,0.9511546190597185
id05527,0.9281374247363727,0.028124451904696788,0.043738123358930445
id13622,0.0656339871732919,0.9203133186504835,0.014052694176224666
id04807,0.0209989258389861,0.9596351679250037,0.01936590623601015
id03763,0.09250260097977607,0.02168550550440167,0.8858118935158222
id04860,0.023248790465591376,0.010013189437285271,0.9667380200971234
id18552,0.9745381497132006,0.012574338593164456,0.012887511693635043
id05624,0.9267191239826369,0.040147688444060026,0.0331331875733032
id10691,0.019555406097266206,0.031874475937004994,0.9485701179657288
id12723,0.9201067521125962,0.04258154359648855,0.03731170429091524
id14533,0.8936278696359176,0.08677342049505217,0.01959870986903025
id07197,0.14872304505843503,0.017257541898269477,0.8340194130432955
id08284,0.8988699443422521,0.06326059248518713,0.037869463172560826
id13373,0.8313347822974683,0.03591692652038714,0.13274829118214465
id25880,0.7942529412202253,0.034643759614283696,0.1711032991654909
id00879,0.9444760190564928,0.0393988585569467,0.016125122386560668
id27931,0.009430744641565823,0.9654317881154498,0.02513746724298424
id20774,0.011792134925860223,0.008646324414955098,0.9795615406591848
id18642,0.03679894819003715,0.9364685218191676,0.02673252999079509
id26855,0.026465573155084052,0.5771482144536878,0.39638621239122834
id08684,0.17464202671895085,0.47923889410769227,0.346119079173357
id01743,0.2726714570413493,0.24827045982488355,0.4790580831337672
id09704,0.04921640926390683,0.9364596686060398,0.0143239221300534
id00696,0.15289163482841264,0.17627599347779552,0.6708323716937918
id08351,0.019175903401558173,0.9325164367114915,0.04830765988695025
id08495,0.9448334981396749,0.02687547523702959,0.028291026623295502
id05141,0.028551998579185826,0.011603682261708746,0.9598443191591054
id08515,0.044059398532634936,0.010876743121497511,0.9450638583458677
id23509,0.08127359193150756,0.013973737356492663,0.9047526707119997
id20577,0.016773610703367536,0.010532214261435977,0.9726941750351965
id04217,0.017861342804948565,0.010167660542469956,0.9719709966525816
id24430,0.08000894191732977,0.02786492700768893,0.8921261310749814
id11995,0.010041798081745748,0.008693953060269573,0.9812642488579846
id10871,0.018693137910774867,0.05017698551575633,0.9311298765734689
id21988,0.013164063141477514,0.013800425599797066,0.9730355112587253
id07248,0.9706912348800295,0.01531294430349329,0.013995820816477187
id22805,0.9285252732946219,0.026813739115653334,0.044660987589724734
id18064,0.01662682032706128,0.008784403507082726,0.9745887761658559
id02256,0.030301822182938108,0.041217946515422516,0.9284802313016393
id18835,0.9092404629771975,0.011325489266359519,0.07943404775644287
id06068,0.055768050719833366,0.12332966250056016,0.8209022867796065
id13355,0.022576433296694863,0.8193867033414705,0.1580368633618346
id15890,0.038689616054152484,0.9197402848285968,0.04157009911725066
id11828,0.9826689503515574,0.008591460754062107,0.008739588894380439
id14235,0.016481935872620188,0.009468260612247899,0.9740498035151319
id07891,0.10804280781940892,0.08906103030819741,0.8028961618723935
id00426,0.03141750965797799,0.8813043019177256,0.08727818842429635
id00194,0.01154145555359961,0.008447543990855202,0.9800110004555451
id10086,0.5802698111523227,0.03349256508868699,0.3862376237589904
id24683,0.021333057257871976,0.018896044935901756,0.9597708978062262
id01217,0.7626128268473189,0.2097756287869543,0.027611544365726885
id09906,0.12160865683543295,0.8244803005958367,0.053911042568730284
id04780,0.059605829477339896,0.008458151176054897,0.9319360193466053
id15682,0.9630136287672063,0.021999143898193574,0.014987227334600098
id27193,0.4960274120887703,0.02842406230918748,0.47554852560204214
id01574,0.013018819405221833,0.012561858431073747,0.9744193221637045
id26894,0.047858746549200006,0.015542213468956014,0.936599039981844
id08143,0.05091431431167186,0.8785676839547134,0.07051800173361458
id05756,0.025946325692996253,0.9585010216686364,0.015552652638367453
id14803,0.010299346014050983,0.008592125133954773,0.9811085288519943
id01103,0.023092299055082213,0.9574419117392985,0.01946578920561939
id17451,0.897384294145464,0.06297627626902488,0.039639429585511275
id10497,0.12202380109297199,0.41731675525257916,0.46065944365444894
id23770,0.9134723945740514,0.04783233755367446,0.03869526787227407
id01731,0.29322642719880465,0.47838475026345584,0.22838882253773957
id24021,0.06936553795769411,0.8523056531732622,0.07832880886904377
id24904,0.9687771432180384,0.008923578701296765,0.02229927808066485
id16795,0.012674502065144548,0.009270425076159291,0.9780550728586961
id27308,0.32180067998479095,0.19742161584394916,0.48077770417126
id16671,0.9692345685887646,0.013011110793107851,0.017754320618127636
id10035,0.3521444414565298,0.04654846762151485,0.6013070909219554
id12143,0.6713242209899973,0.08495038470599764,0.24372539430400514
id14087,0.9756779746103884,0.011786856861378347,0.012535168528233128
id02962,0.00985841279394074,0.9764805761964497,0.01366101100960959
id17035,0.019468132440139094,0.027672032775959983,0.952859834783901
id07600,0.11747071148520041,0.027206480434250266,0.8553228080805493
id08201,0.026439569526839,0.010235877874203615,0.9633245525989573
id04623,0.9791477441270768,0.009630306606687001,0.011221949266236096
id07245,0.32546828468730404,0.6098145309446525,0.06471718436804351
id01334,0.28689559773326767,0.6790441648881164,0.03406023737861608
id23105,0.9560110809480463,0.02015398540361924,0.023834933648334507
id19744,0.11638206764686845,0.5904405765823462,0.2931773557707855
id22884,0.9659927318543023,0.019056969426725016,0.014950298718972703
id01936,0.06034723168780581,0.8911451200851591,0.048507648227035065
id21910,0.011466796989813063,0.978425688565671,0.01010751444451577
id10801,0.038426639399182866,0.9416542149667069,0.019919145634110343
id02629,0.012152932933567064,0.009536587891468723,0.9783104791749643
id11940,0.024592372532291264,0.9367036793621903,0.0387039481055185
id12664,0.04512542700410051,0.06822967348345012,0.8866448995124493
id06308,0.012528372070021792,0.010097993085688938,0.9773736348442893
id21510,0.9698511068232454,0.009402452613612246,0.02074644056314226
id20043,0.01499963476363775,0.009311584802412374,0.9756887804339499
id01014,0.48830184980067043,0.4617107323727603,0.04998741782656942
id04968,0.034804743551561296,0.911638491292634,0.05355676515580466
id17552,0.030720775863219762,0.9226064943401001,0.046672729796680044
id25395,0.26436625110772893,0.03986684399066959,0.6957669049016014
id25931,0.9805475559562637,0.008569239846175448,0.010883204197560637
id21548,0.02306077349693403,0.026961919838329053,0.949977306664737
id07443,0.033841749380998064,0.014208177908968904,0.9519500727100332
id01215,0.012573445336924125,0.9747626130656862,0.012663941597389504
id20060,0.0099070665947533,0.9818107688471694,0.008282164558077412
id17279,0.8367657983428481,0.1162748274147217,0.04695937424243014
id20214,0.08594709043145185,0.8632520279950319,0.05080088157351635
id08809,0.012695704861114208,0.012077383253300877,0.9752269118855849
id17098,0.3552071132191196,0.17476176900735055,0.47003111777352996
id10146,0.9243644825605961,0.04044635164723256,0.03518916579217152
id24986,0.9255812997188498,0.027211092912257106,0.04720760736889312
id19690,0.024240992568165656,0.02054937545563054,0.9552096319762039
id14487,0.5423778967596196,0.07605409404299458,0.381568009197386
id26146,0.9179346713559051,0.023201504091456927,0.058863824552637826
id01942,0.011016227080416722,0.009627300897696764,0.9793564720218865
id03843,0.8772887866770775,0.09645658922531018,0.026254624097612332
id02026,0.09385916754221406,0.028438653827520904,0.8777021786302649
id10903,0.9723713893582484,0.015960852228745322,0.011667758413006301
id07340,0.6054377279744523,0.08459247431132345,0.30996979771422417
id25682,0.015284208316893979,0.9737624909503837,0.010953300732722415
id13830,0.9819131706695037,0.00915258871818789,0.008934240612308374
id08319,0.1271004098058217,0.02500097337036189,0.8478986168238163
id25558,0.030918416285549664,0.013343317531411367,0.9557382661830389
id07084,0.057892926810770996,0.0386818062295523,0.9034252669596767
id00203,0.04959235501766056,0.9313564948314786,0.019051150150860646
id23804,0.5641294479920387,0.02790298125704664,0.4079675707509147
id06863,0.028008602847259895,0.019752753818465578,0.9522386433342744
id11191,0.9047807025473246,0.07291174736290242,0.022307550089772935
id00846,0.015303022311210612,0.9661366752547842,0.018560302434005232
id17290,0.06011000503161191,0.8680025906383093,0.07188740433007866
id00047,0.01985254515787573,0.9263783190069492,0.05376913583517512
id27631,0.8538477561915948,0.13101196654520614,0.015140277263198932
id15793,0.029720109676405846,0.010875768953943725,0.9594041213696504
id03142,0.01560361931312814,0.00949692905535977,0.974899451631512
id24825,0.9803619988115532,0.009600853571255855,0.010037147617190836
id12069,0.01458418358921189,0.0248639555363065,0.9605518608744816
id23009,0.9711581780746792,0.014947214580058989,0.013894607345261743
id06793,0.011075676240675347,0.9702139751266786,0.018710348632646128
id18638,0.9786817269566341,0.010337265727865147,0.010981007315500776
id02966,0.9453352697102992,0.021345630370275953,0.033319099919424736
id20346,0.015844473131812923,0.010709404153048649,0.9734461227151385
id16855,0.925241004600329,0.021598913575692217,0.05316008182397893
id16350,0.00956541673932272,0.9730601123138336,0.017374470946843794
id25092,0.03127961224484725,0.9500066647474165,0.018713723007736216
id16132,0.9266626150778516,0.01763594294629029,0.0557014419758582
id15977,0.014832382905528445,0.010744292770304965,0.9744233243241667
id26922,0.8670342560027978,0.043503506220332666,0.08946223777686943
id20054,0.264905623051648,0.02038434589647898,0.7147100310518731
id14375,0.3165786306881838,0.03880146618410353,0.6446199031277128
id23372,0.869807279935399,0.036507673076453966,0.09368504698814695
id20360,0.021687615146736474,0.9505405034713281,0.027771881381935495
id25380,0.009506516372539736,0.9821950983216984,0.008298385305761935
id07295,0.012429677009081612,0.009023559166593328,0.9785467638243251
id20349,0.8624211475830572,0.07955562631320014,0.05802322610374253
id17177,0.03384370216984218,0.012497934226374298,0.9536583636037836
id07041,0.8783428678613092,0.020245831242621373,0.10141130089606935
id27459,0.02448198962927258,0.9392446331777428,0.03627337719298462
id24144,0.08898285931307442,0.8987179447882298,0.01229919589869597
id13748,0.03302448071063437,0.016022960715089615,0.950952558574276
id08295,0.9300028880662381,0.021014384332087396,0.048982727601674624
id00744,0.01755846642213964,0.0157367787604114,0.9667047548174491
id19662,0.020956644441592464,0.9618200339004815,0.017223321657926068
id13027,0.032204354522539,0.01066635362032722,0.9571292918571337
id21785,0.030427753265844043,0.050567673188297656,0.9190045735458584
id13431,0.34020965343533716,0.6412013156044382,0.018589030960224653
id21455,0.019150493745642688,0.964789581382224,0.01605992487213329
id25429,0.019670031822833053,0.9688078826059657,0.011522085571201211
id16944,0.06070700236828458,0.017390593253953972,0.9219024043777615
id01458,0.012431310975261239,0.9407511027603742,0.046817586264364656
id15684,0.03132622259449129,0.9602128454582838,0.008460931947224849
id00970,0.9671826081961253,0.01552512516736264,0.017292266636511972
id12185,0.03883469813818681,0.030710304303805776,0.9304549975580075
id15050,0.0747932826046475,0.7100933051732026,0.21511341222214997
id05062,0.012322558443334759,0.0111705892049329,0.9765068523517324
id13150,0.2852882846269351,0.6706449445004219,0.044066770872643
id02821,0.012414171995259094,0.978340176133878,0.009245651870862988
id05545,0.965838117551959,0.022077640045034524,0.012084242403006455
id03523,0.9826728670268934,0.00816309790530782,0.009164035067798849
id02098,0.018492104044455816,0.04405935114636925,0.937448544809175
id26788,0.4550052277196904,0.07362107606096796,0.47137369621934183
id22116,0.03243139129138945,0.9405773988131897,0.026991209895420816
id16175,0.9806798976620984,0.0084034102365825,0.010916692101319209
id24957,0.039005668905331144,0.6472022718422122,0.3137920592524565
id10844,0.009556465901480952,0.981996457619382,0.008447076479137146
id11758,0.9573185534403088,0.02755657617104001,0.015124870388651216
id05134,0.03938450511435611,0.08654131141818651,0.8740741834674575
id15865,0.021522340806911726,0.9556617533828148,0.022815905810273544
id08591,0.09021935089736864,0.8986461034832273,0.011134545619404143
id26318,0.037148197916792434,0.023836258138106865,0.9390155439451007
id05612,0.9221027182717277,0.014101781193469538,0.06379550053480285
id14561,0.07303784628332867,0.5420569463069633,0.38490520740970807
id07666,0.010139268409414955,0.00849043196670005,0.9813702996238851
id01297,0.9457321786130675,0.019715945152723062,0.03455187623420962
id10688,0.057772116506376175,0.07310639624138918,0.8691214872522347
id15377,0.02369681023475235,0.966930572302015,0.009372617463232816
id23377,0.046078567682661484,0.9047518340085586,0.04916959830878
id05797,0.012664637225416988,0.9568854613936812,0.030449901380901888
id06241,0.752127386233444,0.028557960380903177,0.2193146533856527
id10766,0.852300013121992,0.07773481078321764,0.06996517609479055
id03928,0.9746718193349346,0.012755195867797843,0.01257298479726746
id04429,0.02168682846319533,0.08688723960746206,0.8914259319293426
id24846,0.030877725423147446,0.018217185993782536,0.9509050885830699
id19784,0.025303853608702517,0.011965485738174601,0.9627306606531228
id02452,0.9747939335818531,0.009786781722091737,0.015419284696055085
id02600,0.5978355660409996,0.04818213199144886,0.35398230196755165
id27487,0.014468757697926524,0.00936337527689084,0.9761678670251828
id12323,0.9811343332381797,0.009645338909928412,0.009220327851892052
id00487,0.01795196506943063,0.01848591373245992,0.9635621211981096
id06032,0.9491481692700271,0.027519784773316215,0.023332045956656576
id05211,0.7044802135799519,0.026038968993905395,0.26948081742614277
id16523,0.957967564268501,0.02481836980013731,0.017214065931361672
id08800,0.33107536573268254,0.6239474032411785,0.044977231026138945
id08791,0.015400724778390761,0.030502948872311492,0.9540963263492978
id10429,0.018618197070022463,0.03711872890706426,0.9442630740229132
id20801,0.6381039767852552,0.33168535321851766,0.03021066999622706
id14055,0.019952061602315517,0.009301660902203279,0.9707462774954811
id09462,0.02486823142383354,0.9629260340608187,0.012205734515347908
id06725,0.02511623922293681,0.9641692819310079,0.010714478846055345
id01749,0.9644388046043323,0.023890602563885352,0.01167059283178234
id22054,0.010210434797841693,0.9794040317746986,0.010385533427459693
id07244,0.05322677193084131,0.016408335517441124,0.9303648925517175
id12562,0.9816473108291094,0.008811859337649672,0.009540829833240788
id13838,0.8106753190694773,0.15155041051244197,0.037774270418080666
id22535,0.013456256175397528,0.9772450500704877,0.009298693754114674
id01099,0.03351758571214905,0.9555294737598513,0.010952940527999732
id02190,0.05729904013141761,0.93250186792433,0.01019909194425236
id25921,0.3137453732876551,0.3850926460169737,0.3011619806953711
id16075,0.4386867737342436,0.028141913968460237,0.5331713122972963
id20465,0.9168016337218046,0.059631700074478954,0.023566666203716634
id06556,0.1340421096359417,0.02821562025954039,0.8377422701045181
id09360,0.011763120722423083,0.016804369054293847,0.971432510223283
id09042,0.01977688390587671,0.9681120910692437,0.012111025024879731
id08846,0.009922375543047554,0.9810718991806698,0.009005725276282546
id21274,0.021293589929238143,0.027055301601265378,0.9516511084694965
id05841,0.9671771395659013,0.017354521462155926,0.015468338971942719
id20361,0.9287527086502908,0.023939923619258518,0.04730736773045077
id07499,0.6782997028293988,0.03726637085095027,0.28443392631965086
id19466,0.9373338580157007,0.030223089437515224,0.03244305254678415
id16550,0.05808754190871591,0.9307833965014729,0.011129061589811159
id24512,0.8369493472173009,0.14051154242374378,0.022539110358955273
id14444,0.8901889818384214,0.051061689098038765,0.05874932906353994
id11395,0.8890743607082235,0.031953385363064336,0.07897225392871227
id14907,0.01788059740864402,0.010025868920921112,0.9720935336704348
id19393,0.015538870900649327,0.010505301655742818,0.973955827443608
id26780,0.9628366635291615,0.016813061932150705,0.02035027453868789
id03132,0.04585842548390445,0.013354818116854355,0.9407867563992413
id17709,0.9446910288619025,0.017430543750036723,0.03787842738806075
id19739,0.8589222792411163,0.10233689080384767,0.03874082995503593
id08470,0.9794646169266409,0.009495679655641602,0.011039703417717442
id22312,0.01155834841102432,0.9374502601129869,0.050991391475988676
id20391,0.9050940263502679,0.02951382465705635,0.06539214899267559
id05295,0.017602916262739396,0.009338428141740037,0.9730586555955205
id08129,0.04682741054954556,0.016790362367123068,0.9363822270833313
id10615,0.04576185222181593,0.014227351940688904,0.9400107958374952
id09506,0.9109330057080895,0.031680207910704826,0.05738678638120552
id22557,0.8722943675157545,0.09784988979850683,0.029855742685738762
id04181,0.040601988368190366,0.9462115720992585,0.013186439532550989
id22457,0.016665816500382628,0.9719987199467304,0.011335463552887044
id00340,0.06931318414109579,0.022851348056454526,0.9078354678024498
id18205,0.05362445563386667,0.015430678456891262,0.930944865909242
id03861,0.015573831754371175,0.9708260931080657,0.013600075137563254
id20546,0.7544340200212376,0.21384380939384126,0.031722170584921175
id17226,0.02153590958234622,0.00988929119378238,0.9685747992238715
id10376,0.8156494633257716,0.14502928387062233,0.03932125280360613
id17734,0.4357659473029833,0.5207262581155696,0.04350779458144706
id09703,0.012399583530468687,0.9693932734059503,0.018207143063581007
id16311,0.010654386613411995,0.9796831730865482,0.009662440300039857
id06524,0.02897674205082976,0.940320567401503,0.030702690547667062
id01082,0.011568537076801562,0.9761404346442131,0.012291028278985422
id01940,0.10813499437239059,0.05973693755539688,0.8321280680722126
id04146,0.02247471005223304,0.025778887698717425,0.9517464022490496
id03891,0.9557995303092188,0.012682157159835276,0.031518312530946
id14421,0.9435766802110371,0.01622560821913098,0.04019771156983198
id19027,0.977215405553761,0.009840103390849978,0.012944491055389112
id19813,0.017311013444545584,0.962515342515444,0.0201736440400102
id05827,0.1177202320283328,0.07570540445105713,0.8065743635206102
id03326,0.01831528782349015,0.025902822846901496,0.9557818893296083
id10089,0.010833029301117599,0.9804515088611288,0.00871546183775364
id06827,0.9749899793121747,0.011337555933126011,0.0136724647546994
id01209,0.9702847740583738,0.009130075854989636,0.020585150086636698
id08812,0.06719249130640931,0.04006563726796232,0.8927418714256283
id25906,0.24046657785342493,0.07935640529721853,0.6801770168493566
id25553,0.8657657433566145,0.024900965784215474,0.10933329085917015
id10193,0.039228643956836534,0.009472632102695515,0.951298723940468
id15438,0.9254300853234556,0.010125099523797974,0.06444481515274628
id04821,0.012232093417256779,0.9715528641200398,0.016215042462703368
id26592,0.037476562168015454,0.011640354517765527,0.9508830833142191
id20195,0.07015514569605764,0.02487062805407277,0.9049742262498697
id00378,0.052631249873406505,0.021788434519824453,0.925580315606769
id15052,0.9706012338262711,0.016790354952062627,0.012608411221666421
id09519,0.977847244493567,0.011762390082194058,0.01039036542423891
id04579,0.3215424465271377,0.07127278762318817,0.6071847658496743
id08274,0.9762490036389923,0.009457237097029917,0.014293759263977733
id26223,0.25649490774573697,0.6983809937746053,0.04512409847965772
id01914,0.903701033994581,0.05187147573068235,0.04442749027473653
id05244,0.9761854771542513,0.008921493927765235,0.01489302891798343
id14467,0.9704202367433975,0.01549446487428648,0.014085298382315987
id23284,0.10742082776855039,0.019971118446458703,0.8726080537849908
id20634,0.03005160138920921,0.00879825127488455,0.9611501473359063
id14659,0.9789418009823825,0.009223677023644225,0.011834521993973375
id23659,0.012814421932169646,0.9748874888308313,0.012298089236999
id16902,0.9648156456583901,0.0262818622506031,0.008902492091006655
id20509,0.9649911915176228,0.015280328504514839,0.019728479977862333
id08019,0.030177864273937007,0.013144482811806071,0.9566776529142569
id26180,0.010885025274387082,0.009009604492038572,0.9801053702335742
id01487,0.08488122493806995,0.8792654300153092,0.03585334504662078
id22898,0.022321734873402402,0.948718527892462,0.028959737234135644
id24005,0.9749461322544422,0.013138198397076051,0.011915669348481914
id00118,0.07600051641708667,0.9064119567041041,0.017587526878809205
id17435,0.09416431656715073,0.010025140297667613,0.8958105431351817
id22574,0.9748089192684032,0.011379290062698581,0.013811790668898165
id23882,0.05351073519970651,0.018099958606712624,0.928389306193581
id02618,0.9649591478557756,0.012771376695184956,0.02226947544903937
id06847,0.122759187419243,0.8551254881709048,0.022115324409852217
id15448,0.03070936600416382,0.013230876975530994,0.9560597570203051
id20383,0.010705042004383561,0.975643856033359,0.013651101962257346
id18722,0.00964963383577991,0.9806135940071571,0.009736772157062952
id24353,0.23046174842066364,0.02438442998402976,0.7451538215953066
id22196,0.9023120431089193,0.07072709906986104,0.02696085782121958
id13239,0.025200166892543598,0.009568341000393206,0.9652314921070633
id14507,0.025166631697956087,0.9638405808179779,0.010992787484065968
id04619,0.022713954050040598,0.01197941365471875,0.9653066322952406
id00176,0.9759992792713322,0.01424129302659243,0.009759427702075245
id14700,0.9664521682092161,0.018248931736831907,0.015298900053951877
id10930,0.9662857613453072,0.02059199614925454,0.013122242505438366
id03830,0.020715603833836013,0.02349689778275218,0.9557874983834119
id01840,0.011874895571579811,0.016782758378841245,0.971342346049579
id18025,0.027942849675191537,0.9515121425185883,0.020545007806220004
id21361,0.9822770343416494,0.008649315905586846,0.009073649752763807
id21999,0.02828468114277031,0.9449893517351223,0.026725967122107216
id20472,0.01717214760402861,0.010490024683582106,0.9723378277123892
id01282,0.9585483109962191,0.01034935153665301,0.03110233746712783
id05687,0.03451119947719771,0.6272440043955333,0.3382447961272691
id19713,0.9499505935272498,0.01471237881883266,0.03533702765391748
id18634,0.9195167393620368,0.06085978001226072,0.019623480625702506
id18322,0.31881616120933864,0.0502222423517751,0.6309615964388864
id25178,0.9499121135693371,0.021450780894336663,0.028637105536326292
id13911,0.015148105988770061,0.9723630983239167,0.012488795687313379
id02688,0.5346569438905819,0.18604203809530673,0.2793010180141113
id24097,0.9010013416705842,0.07679129477318945,0.022207363556226323
id05621,0.009422349758018079,0.9809199973531098,0.00965765288887201
id09435,0.03044813136261676,0.011430978052613772,0.9581208905847696
id22564,0.9787594981348929,0.012491926577063297,0.008748575288043606
id26044,0.9556533063345484,0.018577434766041408,0.02576925889941021
id24724,0.04416127079136172,0.057829447245022106,0.8980092819636161
id13568,0.14605216851443453,0.05003740206286606,0.8039104294226993
id11196,0.5973963777836744,0.046055825782030664,0.3565477964342949
id04842,0.0828994882401536,0.030739508230747767,0.8863610035290987
id03445,0.9829420991056016,0.008320945791593417,0.008736955102804991
id08194,0.03212599570652476,0.041384619605880704,0.9264893846875945
id19747,0.10061367610453856,0.017446678418292526,0.881939645477169
id06540,0.030040971315959918,0.9367690457811687,0.03318998290287132
id13171,0.8682423688662612,0.11005742184146437,0.02170020929227452
id23807,0.01973193839826469,0.008839160347878525,0.9714289012538567
id12408,0.021619036725163635,0.9552784213319895,0.023102541942847034
id18388,0.01174265207759468,0.00956467093105026,0.9786926769913551
id16219,0.012022940159785478,0.008618962600288105,0.9793580972399264
id11022,0.9488922985363384,0.03517208117710456,0.015935620286557137
id12514,0.5710130191792928,0.0420129013157682,0.38697407950493895
id07322,0.974182544747211,0.013175079825822646,0.012642375426966262
id04600,0.02380482508333561,0.03351609880099679,0.9426790761156675
id15608,0.027078091984415385,0.019417778173863042,0.9535041298417215
id19223,0.6166349889336844,0.08672036147145468,0.2966446495948611
id18680,0.973473282542995,0.008410111181151276,0.01811660627585372
id23359,0.9254491246606118,0.029180034593860132,0.04537084074552795
id07332,0.048085746487995955,0.9237592797125308,0.028154973799473373
id11424,0.06636333846528905,0.03074926357888949,0.9028873979558215
id01916,0.9106238998134433,0.03190364691770941,0.057472453268847375
id23814,0.9480271277633318,0.03146917404068383,0.020503698195984448
id05821,0.027239933000239965,0.009335056550728745,0.9634250104490313
id15471,0.8904407110672535,0.016610741620207103,0.09294854731253938
id06742,0.011467789322856596,0.008392501822461158,0.9801397088546822
id16393,0.19153501808561096,0.7862234504533112,0.022241531461077758
id14430,0.024156678066963394,0.011123178646229442,0.9647201432868072
id15086,0.9733847211597844,0.011546025201450883,0.015069253638764648
id13673,0.14925075640515217,0.8169989901384261,0.033750253456421755
id11456,0.9414353977416283,0.013565934730749843,0.044998667527621716
id08475,0.41607385120486823,0.03214485051949212,0.5517812982756397
id02793,0.9388258814988556,0.017845392407263426,0.04332872609388107
id03576,0.9474740270405296,0.019164536878591803,0.03336143608087844
id10747,0.9480158529687366,0.020885823896498706,0.031098323134764558
id17875,0.09378709339361344,0.8828585302185598,0.02335437638782692
id20045,0.02346198165303148,0.9681940279444081,0.008343990402560269
id25448,0.25330132231657787,0.7219512113941874,0.024747466289234687
id11715,0.976211460621708,0.008698919515125482,0.015089619863166589
id22739,0.03325119871653812,0.04429333410305403,0.9224554671804079
id07457,0.9772727495570759,0.010018442874304211,0.012708807568620034
id27357,0.8918832872871125,0.019857375432043,0.08825933728084431
id01139,0.2302440044348577,0.666065258258429,0.10369073730671341
id00407,0.04598438212716019,0.01430294671911788,0.939712671153722
id20956,0.9564298931624833,0.030122054137210242,0.013448052700306568
id13702,0.8599317646108502,0.04574409984418828,0.09432413554496165
id00327,0.9389357721277777,0.010508032582239944,0.05055619528998242
id24372,0.01335777418056847,0.9765908237439266,0.010051402075505034
id03983,0.048366214264773895,0.9383305709992704,0.013303214735955544
id15264,0.30365448422998054,0.6283015535548795,0.06804396221514006
id09679,0.9702323757707155,0.01284634243648772,0.01692128179279663
id20899,0.8640800842802349,0.026170389917227484,0.10974952580253768
id21494,0.009882968678221662,0.9621706578021041,0.02794637351967421
id02513,0.026380095617243977,0.9486994295353035,0.024920474847452613
id21834,0.013460031426924726,0.01728623741472449,0.9692537311583507
id23463,0.01142081852838751,0.9672430174851433,0.021336163986469245
id26529,0.45816955885270777,0.05427780472036084,0.4875526364269315
id22078,0.8752067284193914,0.06816075205433775,0.05663251952627077
id08063,0.05737152909399287,0.63989027573216,0.30273819517384715
id18690,0.00989283973252705,0.9810235045840183,0.00908365568345472
id03908,0.9796645187874118,0.008738034723365264,0.011597446489222913
id00876,0.8776324197713015,0.03099496450288692,0.09137261572581151
id19633,0.8714502490304757,0.04201521257835685,0.08653453839116736
id23096,0.028237143378516145,0.016405313351527697,0.9553575432699561
id07547,0.01822602327395673,0.9626610860379636,0.019112890688079587
id10136,0.031686640479112176,0.013788330707912664,0.9545250288129752
id22645,0.9758005614440174,0.013429261889349032,0.010770176666633565
id27376,0.031785295795471756,0.012136201371932985,0.9560785028325952
id26458,0.017231076619969705,0.963621988731247,0.019146934648783157
id07617,0.010042517619441176,0.9812449753599837,0.008712507020575173
id11254,0.9239202716738597,0.017792137999782437,0.05828759032635801
id25871,0.014230362799279195,0.9693711598097949,0.01639847739092574
id26074,0.0849013836675107,0.88370597841109,0.031392637921399416
id24558,0.031378503552992744,0.03316934001398865,0.9354521564330187
id26515,0.03776109271127305,0.9506628770469954,0.011576030241731722
id10532,0.5218974040519189,0.20410730972647476,0.27399528622160624
id24063,0.009713565752071569,0.9601064968198296,0.030179937428098675
id12872,0.07576426585484686,0.7505626027829002,0.17367313136225276
id23564,0.015522521331286301,0.9677289594673089,0.016748519201404688
id20074,0.677452760861692,0.20476949099552086,0.11777774814278698
id00703,0.9652556679465097,0.017372857676701447,0.01737147437678893
id07178,0.9258981074163752,0.029397294241689312,0.044704598341935596
id00468,0.7813718136680216,0.041215357677750156,0.17741282865422836
id08647,0.927363071621942,0.05148956678310529,0.02114736159495254
id27338,0.9721673541799561,0.010435006488985347,0.017397639331058676
id14958,0.010297507436471691,0.010495810432091652,0.9792066821314367
id20954,0.5000712934251891,0.4202060290416291,0.0797226775331819
id04495,0.010217879344836523,0.9794631161481578,0.010319004507005711
id09676,0.05268849378511337,0.879120055441983,0.06819145077290371
id16643,0.9730894062654827,0.010764431018626994,0.01614616271589039
id22018,0.14591717263174514,0.02646998732262261,0.8276128400456322
id09754,0.8831602135503115,0.07500638016927938,0.041833406280409005
id15184,0.76571586859945,0.15626437938130924,0.07801975201924068
id06930,0.013741805101731125,0.015553415269140253,0.9707047796291286
id19391,0.9626984439812517,0.024315223858707956,0.012986332160040451
id21111,0.01339286063482859,0.06058268487646173,0.9260244544887096
id19884,0.029499123425954035,0.02818915287883733,0.9423117236952087
id00356,0.030557294909137497,0.01687508810392387,0.9525676169869387
id03227,0.9691762040861077,0.00850067530906283,0.022323120604829404
id24959,0.9684031299551363,0.0097888617055037,0.02180800833936003
id23792,0.9252741149904377,0.009618695187533352,0.06510718982202905
id15765,0.017257595229698452,0.023561061385583993,0.9591813433847176
id22342,0.9156786844263122,0.0708320719902257,0.013489243583462047
id21764,0.036596838744462325,0.9550240608629247,0.008379100392613067
id08929,0.022948299948013697,0.02445097191429799,0.9526007281376884
id10860,0.01080306973391091,0.9709918511251954,0.018205079140893584
id14842,0.011046742096252669,0.009044124263183755,0.9799091336405635
id14149,0.020231963041536623,0.968013186474007,0.011754850484456156
id04850,0.9807254875757654,0.008747888139677699,0.01052662428455683
id03697,0.03513923550937299,0.9495477088769273,0.015313055613699571
id20031,0.016872158424376317,0.01353352662757096,0.9695943149480527
id10148,0.9572821117872571,0.02962381895246981,0.013094069260273187
id06233,0.024873562482529574,0.00966220316955826,0.9654642343479123
id17614,0.39135565239700915,0.4872112314027472,0.12143311620024376
id24548,0.9598252079519499,0.016642041599556585,0.023532750448493376
id04717,0.022936733768884915,0.9575736457193593,0.019489620511755876
id12557,0.052843219843053284,0.9123469274161136,0.034809852740833126
id15563,0.9809978790825398,0.008696232853152663,0.010305888064307612
id19414,0.010321322247489287,0.9814288412828039,0.008249836469706798
id24538,0.04449480129285474,0.0985677047590307,0.8569374939481147
id20701,0.07835284379137802,0.3093885489183577,0.6122586072902643
id16710,0.01438510856046759,0.9637633959617693,0.021851495477763043
id00190,0.025017971088905164,0.9595394679689778,0.015442560942117139
id12066,0.9826816839069676,0.008539416500629195,0.008778899592403048
id21743,0.03130908766280821,0.945469669743297,0.023221242593894596
id10746,0.06829011259527379,0.0174648320704883,0.914245055334238
id23032,0.011710998098034272,0.9661005273044723,0.02218847459749346
id02466,0.9088257883718637,0.04911627661685176,0.04205793501128464
id27963,0.015053641426952572,0.012976160263881174,0.9719701983091663
id05550,0.5321421775133965,0.39238196125878494,0.07547586122781863
id07328,0.0237506960198058,0.012477425129727774,0.9637718788504663
id06158,0.9787358691918628,0.009073567631933706,0.012190563176203395
id15690,0.018316250729474546,0.013734091686472353,0.9679496575840532
id17960,0.04872261658295786,0.01373804895340373,0.9375393344636385
id22487,0.9812752420910399,0.00945657995823895,0.009268177950721275
id25435,0.028166097304676844,0.013610022022504725,0.9582238806728185
id06988,0.014448392285968727,0.0161613833374525,0.9693902243765787
id19092,0.016256199647090224,0.9683179926562694,0.015425807696640476
id20677,0.97302072352358,0.014931172875010624,0.012048103601409491
id27009,0.8891318243045826,0.03735849873151671,0.07350967696390076
id14869,0.2305449877655944,0.10060442902295935,0.6688505832114463
id06306,0.9704446135963604,0.017168264882884827,0.01238712152075489
id13101,0.9222119322713153,0.017991068310431374,0.05979699941825327
id25263,0.9745605304795303,0.012242935047589729,0.013196534472880139
id01355,0.01711535076323374,0.8657999929105229,0.1170846563262435
id04460,0.016895565805344237,0.010030966700745358,0.9730734674939104
id08358,0.9167009792793638,0.07418032715572581,0.009118693564910484
id22714,0.02758186672385445,0.014934962934848967,0.9574831703412967
id19504,0.9452272489623212,0.026356364056895506,0.028416386980783304
id25736,0.45339232807304775,0.4549504609193248,0.09165721100762758
id24201,0.010416092545457743,0.9660070362708282,0.02357687118371414
id12920,0.9491178820197728,0.040519730151138335,0.010362387829089026
id12770,0.012098394834394045,0.9656899259788072,0.022211679186798717
id20615,0.9786402302039481,0.010978347159451205,0.010381422636600671
id19427,0.01092709468677991,0.009290772474360009,0.9797821328388601
id03006,0.9698670007696146,0.009106921857654288,0.021026077372731017
id00868,0.055608864406657056,0.02947520801818243,0.9149159275751604
id19695,0.036382261975222305,0.030094749536976013,0.9335229884878016
id06474,0.9618836172786874,0.01007372386658461,0.028042658854728047
id11108,0.009448594362328526,0.9805460956395172,0.010005309998154188
id01017,0.013228325464868346,0.025032268652193226,0.9617394058829385
id10104,0.4891159176318263,0.020772871935481253,0.4901112104326925
id15930,0.9560888782202072,0.023612345511708304,0.020298776268084427
id05883,0.026278548062081044,0.017299575293630323,0.9564218766442887
id10209,0.02527164191800642,0.015609830812670183,0.9591185272693233
id14868,0.07480105377001384,0.03536810770361594,0.8898308385263701
id27617,0.9343277651759445,0.04273580149870931,0.022936433325346135
id14264,0.8213578238007153,0.11918016800967264,0.05946200818961199
id07597,0.02396494552638667,0.018072703850086008,0.9579623506235272
id17732,0.9569735364085378,0.028470066294866474,0.014556397296595793
id13859,0.9258450907580388,0.042666519415157284,0.031488389826803964
id14976,0.04507782563434317,0.9417773393563658,0.013144835009290983
id25226,0.10043556972531158,0.020022937880080995,0.8795414923946075
id17268,0.015744821914145148,0.01881148971644384,0.965443688369411
id14936,0.009647114957047356,0.9807587354627106,0.00959414958024205
id18615,0.03531573228822972,0.9538216682664014,0.01086259944536888
id26184,0.9717208305925829,0.008291851804997436,0.019987317602419778
id11495,0.07233353806925105,0.0589953630881739,0.868671098842575
id05663,0.015712510860967473,0.010569535064913942,0.9737179540741187
id10335,0.08991934265172685,0.03860098925424882,0.8714796680940242
id08480,0.6467113568061365,0.270191759532407,0.0830968836614565
id21511,0.94300837949041,0.0421475432257319,0.014844077283858111
id20988,0.964045921212427,0.017608571220894088,0.018345507566678958
id19273,0.010749760279312506,0.9799199976533811,0.009330242067306488
id15420,0.15625192278505765,0.01811607662658307,0.8256320005883594
id16016,0.01608693930787272,0.965747324020314,0.01816573667181313
id16084,0.01810692760846399,0.030404220952832774,0.9514888514387033
id27093,0.0195360543248816,0.010490403190937242,0.9699735424841811
id24695,0.0465124195206088,0.0165214267162968,0.9369661537630946
id03245,0.01982421378661137,0.9383005937407483,0.041875192472640474
id26358,0.01680609450888773,0.009514730110850701,0.9736791753802616
id17966,0.9384996761247846,0.035396780709298144,0.026103543165917398
id26651,0.9473582622867671,0.023495764270714137,0.02914597344251885
id17275,0.9775169872678666,0.011188772235750145,0.01129424049638334
id21720,0.06306277234006015,0.05508792511468259,0.8818493025452573
id22926,0.013231224110612458,0.012173234677453366,0.9745955412119343
id12231,0.009246291654235567,0.9757334494058577,0.015020258939906894
id21026,0.02417511565565584,0.019946172890100897,0.9558787114542433
id11675,0.04844829964962565,0.044407508358157266,0.9071441919922171
id21890,0.8710776082099073,0.029431603294018154,0.09949078849607465
id04050,0.010726545197348057,0.009603975703486497,0.9796694790991654
id24996,0.01663672452861515,0.01194941687081187,0.9714138586005728
id00025,0.013107787277160821,0.9765690793043486,0.010323133418490683
id23916,0.011892126025867866,0.9783473811802635,0.009760492793868467
id21254,0.45877386513234847,0.3949696484279163,0.14625648643973532
id13322,0.9676687360646681,0.019955993555214574,0.012375270380117424
id23928,0.09518535645383398,0.011738470541272134,0.8930761730048938
id14748,0.16174993171730132,0.026320075886392173,0.8119299923963066
id26538,0.7293878326985347,0.03310718546689829,0.23750498183456722
id27759,0.024434657347178715,0.010793734169910047,0.9647716084829112
id19661,0.9822019412793498,0.008510555369430902,0.009287503351219166
id17018,0.02560306436204543,0.0269588792694981,0.9474380563684563
id05505,0.9162484398962492,0.04230887502224651,0.0414426850815043
id16155,0.7878757173393174,0.02894607685424512,0.18317820580643743
id06274,0.07620106236815188,0.014481688211744248,0.909317249420104
id13832,0.9404495311416948,0.03108863522154451,0.028461833636760612
id14666,0.9184819344720417,0.023416270780452747,0.05810179474750559
id04489,0.09918734690117714,0.01565852902939697,0.885154124069426
id19140,0.1756560940502327,0.019746366795078442,0.8045975391546888
id14570,0.7007528766348643,0.028263562657729103,0.27098356070740676
id16079,0.9582801830750189,0.011653528285387182,0.030066288639593805
id06866,0.037301701691643055,0.017674027560249286,0.9450242707481078
id12730,0.027300972970789136,0.9627867634497347,0.009912263579476234
id09257,0.07109419779139123,0.0148990834628774,0.9140067187457313
id02782,0.16075776333232822,0.04049819674990748,0.7987440399177644
id10412,0.9814012003377127,0.00818978275042889,0.010409016911858394
id04988,0.011790642650453301,0.9590724341236807,0.029136923225866012
id07728,0.8777785179097362,0.0998233538633868,0.022398128226877187
id21947,0.9582973327876573,0.029534839136475477,0.012167828075867327
id27700,0.9487698225534908,0.01989698295870196,0.0313331944878071
id18178,0.013568284501395831,0.9730469296858654,0.013384785812738715
id25949,0.10339497437710303,0.8578024752840414,0.0388025503388556
id23008,0.03300968717728366,0.012128034951247927,0.9548622778714685
id09238,0.9357001708918457,0.025158485204098142,0.039141343904056256
id12943,0.040763446080622885,0.9233856369319163,0.03585091698746063
id02659,0.010429017700567008,0.9779143106090016,0.011656671690431322
id03648,0.9638527400741925,0.02418217583177226,0.011965084094035088
id03954,0.9374007515417673,0.02313078900985799,0.03946845944837475
id07026,0.03286864592888727,0.9395134874788553,0.02761786659225745
id14228,0.016852985974593962,0.9599172642682197,0.023229749757186488
id22647,0.018258457453102683,0.026561498722746896,0.9551800438241503
id23435,0.935473102739884,0.04743799900373985,0.017088898256376196
id08200,0.036561606791470976,0.944622768587902,0.01881562462062704
id23257,0.013317083552494694,0.03487080976190176,0.9518121066856037
id02684,0.8498522015917289,0.04566493581830141,0.10448286258996962
id05186,0.9625979959858877,0.020962816571557037,0.016439187442555375
id25261,0.41947201752648294,0.062028056633066674,0.5184999258404506
id24081,0.9170125867605681,0.022352812814016576,0.06063460042541536
id27087,0.9808556386797331,0.009904704985121061,0.009239656335145651
id03533,0.8360025687938348,0.045610695678407816,0.11838673552775746
id07998,0.17991742567371027,0.04814650880257086,0.771936065523719
id01240,0.045368991447490604,0.9346564516604439,0.019974556892065412
id24927,0.014733760077827278,0.9741952908647937,0.011070949057379048
id15752,0.9275406160561754,0.027417331869821877,0.04504205207400261
id26594,0.012631098814148851,0.9759438158722624,0.011425085313588795
id20012,0.03218961061656754,0.01248695548484855,0.9553234338985839
id15476,0.018492448410878555,0.06588717074868045,0.915620380840441
id15624,0.9764764479164686,0.011528570627107968,0.011994981456423408
id02404,0.012089988821692705,0.9774325771804526,0.010477433997854712
id21944,0.34498593073646866,0.05303136925966251,0.6019827000038689
id24442,0.932365237579064,0.035697456661423925,0.0319373057595122
id26490,0.27267401310630907,0.04294685768164418,0.6843791292120468
id21897,0.9706865425421086,0.013681184881489141,0.01563227257640239
id05575,0.6922726501606442,0.07998176278120248,0.22774558705815326
id01874,0.021786424998694032,0.9628501609222232,0.015363414079082852
id26617,0.9781885848013153,0.011580137449667778,0.010231277749016955
id13079,0.02779433181681338,0.020803108110639228,0.9514025600725475
id02068,0.8555888454239925,0.04658010195933513,0.09783105261667248
id27872,0.9614625151360474,0.018382269221481742,0.02015521564247083
id08814,0.07647882271680703,0.019679887641222523,0.9038412896419703
id12841,0.04558995433809477,0.9191868753512451,0.03522317031066017
id06716,0.9759945078493945,0.009921293045185407,0.014084199105420137
id10115,0.3016224273055401,0.030530134305626365,0.6678474383888336
id16121,0.0331342961154066,0.951504977635407,0.015360726249186331
id00985,0.742626294298696,0.19491153943614664,0.0624621662651573
id06063,0.14695303194441955,0.8273845139969517,0.025662454058628752
id22076,0.01732346376956434,0.01008456051062424,0.9725919757198115
id27589,0.025576818065166138,0.9464518114440406,0.027971370490793283
id18996,0.04062977352333166,0.941687348716398,0.017682877760270155
id05801,0.012972269140099652,0.008539194086859539,0.9784885367730409
id06880,0.025321437274534665,0.08355217404241276,0.8911263886830525
id25746,0.9823169925655759,0.008363238506986876,0.00931976892743722
id02569,0.9522244375181119,0.011674672506999344,0.036100889974888827
id23368,0.014933359533832354,0.008996235533934173,0.9760704049322334
id23186,0.08052511436833451,0.06763189868149402,0.8518429869501716
id07484,0.079756496276111,0.057042097048087104,0.8632014066758018
id06951,0.0725796845147352,0.917235395372978,0.01018492011228681
id23972,0.10063043800933866,0.03455037834397315,0.8648191836466883
id25997,0.9569255740307057,0.02228258489172145,0.020791841077572728
id10863,0.7053222240752807,0.046202050417864265,0.24847572550685515
id25454,0.9683045856165907,0.010891704158628923,0.02080371022478043
id09071,0.021447107704903223,0.9665626524916285,0.011990239803468139
id15125,0.015090903216307471,0.9634823991521035,0.02142669763158886
id22672,0.019746176885554308,0.012689146510838705,0.967564676603607
id27813,0.026608816639510487,0.015582426036535523,0.9578087573239539
id03960,0.05162812358606795,0.0293545158900578,0.9190173605238744
id11526,0.0460128323131453,0.9404388109042199,0.013548356782634934
id07872,0.7485464715991587,0.0887298239775891,0.16272370442325226
id09497,0.9670759670008476,0.01512274045528989,0.017801292543862597
id24222,0.04015995104346442,0.14993345991953347,0.809906589037002
id04272,0.69318938298836,0.03068276765491004,0.2761278493567302
id02938,0.05703096268004664,0.924124891410624,0.018844145909329434
id00269,0.028610113380614272,0.9354495177883051,0.03594036883108066
id14925,0.01362595318382134,0.010575198322239706,0.9757988484939388
id17843,0.07503849006323626,0.025782400950313922,0.8991791089864497
id20327,0.9587580060785656,0.018629917568554723,0.022612076352879516
id13986,0.10719042072889168,0.011281892490107054,0.8815276867810014
id21777,0.06313557214197113,0.03468199477055342,0.9021824330874754
id16285,0.10914292933955563,0.8667057242793965,0.024151346381047892
id12045,0.8405371836544168,0.1359296495640198,0.023533166781563346
id06237,0.9679449183690909,0.013316162137708183,0.01873891949320084
id20483,0.01038849524950607,0.008359755536600937,0.9812517492138929
id21708,0.9589047905377112,0.022762149718832368,0.018333059743456337
id05422,0.8559460847163435,0.04883429708463547,0.09521961819902112
id14544,0.948528609010827,0.01710198173588388,0.03436940925328903
id07488,0.029848798183493466,0.9387638938342099,0.03138730798229648
id19353,0.009122423041994916,0.9824093405311163,0.008468236426888829
id16174,0.011380661399189449,0.009640100673022508,0.9789792379277882
id21765,0.1045862553834694,0.01206421931751637,0.8833495252990143
id21583,0.014602860320994974,0.9714253587956144,0.013971780883390763
id11740,0.1112591345590732,0.09091690608099535,0.7978239593599316
id23396,0.9323990034028956,0.022654186527688445,0.044946810069415866
id16511,0.33362055619413195,0.09951660274444445,0.5668628410614237
id11598,0.9546591145083344,0.029267459577828458,0.016073425913837223
id02804,0.9622131202639672,0.015776660642862587,0.022010219093170243
id07123,0.039377136819847294,0.9347385345796643,0.025884328600488317
id13092,0.8172673792566407,0.05181630139450942,0.13091631934884992
id13271,0.05435473187555596,0.9280516715725572,0.017593596551886775
id06272,0.011111859170720963,0.009361042808048312,0.9795270980212307
id06694,0.8681074547043928,0.030035532991914124,0.10185701230369319
id04330,0.874348627957122,0.050166457774924116,0.07548491426795398
id20492,0.014766704242445538,0.938650543549395,0.046582752208159495
id14774,0.10744406431942242,0.8741253265355863,0.01843060914499133
id02457,0.05141198879103363,0.9361070236119587,0.012480987597007638
id09725,0.21923470697858918,0.7453005256335236,0.03546476738788738
id17116,0.04743286721785881,0.23114858802693475,0.7214185447552064
id04106,0.1536391763392002,0.7808467911067314,0.06551403255406837
id00557,0.9649316143685971,0.018859338047553312,0.016209047583849636
id04683,0.01682853338493542,0.009197231333953858,0.9739742352811106
id12081,0.9566983150673196,0.01400985814315759,0.029291826789522774
id22575,0.01414135586707501,0.9660448081212158,0.019813836011709243
id05602,0.8227514980009114,0.031591828181361074,0.1456566738177276
id21532,0.8795261209570967,0.017766896654863366,0.10270698238804003
id14584,0.11973060645827868,0.8663711916017178,0.013898201940003444
id20301,0.9615321736466146,0.011320849458886863,0.027146976894498454
id15251,0.9606350566359407,0.028160325932806003,0.011204617431253167
id20270,0.05107810297497344,0.9353283361557841,0.013593560869242344
id04738,0.9271436030125639,0.016544729932215656,0.05631166705522052
id17962,0.050068443926285025,0.018218494538862224,0.9317130615348528
id05003,0.011937747672812363,0.012114551917570613,0.975947700409617
id23576,0.9305428879332143,0.018497742528272743,0.05095936953851291
id25745,0.07213448868321841,0.9020337083784213,0.025831802938360116
id17062,0.9711582227375029,0.010895061271474923,0.017946715991022107
id27507,0.03630393879869436,0.01489725756894237,0.9487988036323632
id23898,0.9665582476927027,0.01782942772441971,0.01561232458287767
id15929,0.01283604271293962,0.9737556247941899,0.01340833249287039
id21330,0.7475619749714373,0.02114839688747135,0.2312896281410913
id24990,0.9809411479896631,0.008344994878496242,0.010713857131840721
id24185,0.03711229996257991,0.018564973083754086,0.944322726953666
id20455,0.9711787563392947,0.01423245461592723,0.014588789044777907
id27952,0.897460895707896,0.028859535682439156,0.07367956860966494
id20592,0.9369468140156009,0.013375665821331768,0.04967752016306742
id20616,0.9315844447761881,0.03468004089965136,0.03373551432416046
id20591,0.11901799471595331,0.05714267903895348,0.8238393262450933
id14177,0.5571185710133878,0.08546717687720075,0.3574142521094115
id02169,0.9734299110420898,0.00832317841898901,0.018246910538921277
id09818,0.04777628017555521,0.008898794137623775,0.9433249256868211
id26864,0.07945542922823393,0.8874637323199469,0.03308083845181922
id12388,0.0471904310560184,0.9403533130770128,0.012456255866968916
id11038,0.9719933195652876,0.012663808147235129,0.015342872287477377
id12061,0.9684338116136265,0.01265366578384042,0.01891252260253298
id04018,0.1276900152477427,0.0713768682500602,0.8009331165021972
id12405,0.6892951598147874,0.14399252784299932,0.16671231234221345
id01878,0.9365690331267065,0.019220783449340337,0.04421018342395305
id18897,0.026414391976147457,0.9610306664383642,0.012554941585488286
id22682,0.0484958783251142,0.9330666305093835,0.018437491165502223
id27115,0.01632839536707026,0.9751102363193994,0.008561368313530226
id05234,0.9236655149499264,0.0312866939831189,0.04504779106695458
id23726,0.9813121728608815,0.009018998162329624,0.009668828976788973
id22075,0.01594433418381777,0.9710661613711971,0.012989504444985145
id27216,0.9668946175152671,0.01027290612108482,0.022832476363648005
id07109,0.0479366372367318,0.8628463274115865,0.08921703535168178
id21292,0.7622914584145563,0.16266181773952904,0.07504672384591483
id04158,0.015903498449467538,0.00927657191914128,0.9748199296313913
id10534,0.6491562292910565,0.15867011862713992,0.1921736520818036
id10989,0.0698962827669391,0.913509246243591,0.016594470989469985
id17817,0.04022567073092884,0.010106145222969931,0.9496681840461011
id14617,0.02753621906217504,0.9491200398138739,0.023343741123951045
id01978,0.9555516139100847,0.012177205434605579,0.03227118065530984
id14202,0.015217357534679213,0.01802834495316729,0.9667542975121534
id12332,0.3799750821134149,0.02477339425166273,0.5952515236349225
id03649,0.010931404806346861,0.9760350162539979,0.013033578939655111
id21830,0.7831125773693866,0.024115741884434952,0.19277168074617862
id11278,0.4538682635109329,0.3993153658632726,0.1468163706257944
id22343,0.9767047252010128,0.012998531474991889,0.010296743323995178
id08160,0.9739157544061499,0.013598926199952713,0.012485319393897425
id10506,0.9292895028240528,0.048299905377161896,0.022410591798785323
id01006,0.9291295240572374,0.027423844890311497,0.043446631052451216
id07000,0.0189030094283377,0.9691639132175498,0.011933077354112356
id15958,0.08993340839392262,0.013345935938792861,0.8967206556672846
id27256,0.8894331210311407,0.07855092533384961,0.03201595363500966
id00072,0.9746658978397122,0.00832172443461745,0.017012377725670207
id08562,0.12578420898324943,0.029380850059970896,0.8448349409567798
id24309,0.028476490288711465,0.036530617971032533,0.9349928917402561
id07355,0.06189343732508916,0.9277617972920698,0.010344765382841094
id18604,0.02281695639801574,0.008468820471470804,0.9687142231305134
id04076,0.04126153403385203,0.9317672977952777,0.026971168170870183
id26925,0.012376160332022183,0.9582811937609872,0.029342645906990483
id14852,0.9076321012063167,0.08056560313926683,0.011802295654416572
id05584,0.029489922253979717,0.01763343792576337,0.9528766398202568
id22864,0.19661203055403662,0.7625310251298026,0.04085694431616061
id05507,0.9791348039784494,0.011643440141726224,0.009221755879824383
id11434,0.3566592148616765,0.2207957018775137,0.4225450832608099
id08324,0.05835000912291131,0.9133760848780144,0.028273905999074256
id23117,0.04196163190369219,0.9466906624412105,0.011347705655097242
id16296,0.9421344506235412,0.009317519436195711,0.048548029940263006
id18924,0.8800511485040852,0.09434951583696627,0.02559933565894857
id15909,0.9719930690073544,0.013177699108062728,0.014829231884582938
id25338,0.8395300434987976,0.02212411504732875,0.1383458414538738
id25981,0.9758208031711226,0.013780738412978276,0.010398458415899032
id14670,0.9702415854641933,0.012516178456788405,0.017242236079018185
id12396,0.024528859133734232,0.9559769730366674,0.019494167829598334
id19277,0.013374781511561304,0.008906497057270398,0.9777187214311682
id24809,0.9154468393716687,0.026893708911093796,0.05765945171723739
id20846,0.016441734697232088,0.009026493712725734,0.9745317715900421
id11040,0.13124087008752983,0.014822579245302846,0.8539365506671674
id06094,0.9695161749576994,0.013787767492354585,0.016696057549946165
id22795,0.05780136816727969,0.9171492975371675,0.025049334295553016
id04747,0.040179600314435855,0.03601265757686586,0.9238077421086982
id05432,0.021802815074615227,0.01610913082471887,0.9620880541006658
id25198,0.9789596642212405,0.010897920375576537,0.010142415403182843
id00592,0.9610936141364856,0.017257909720097567,0.02164847614341694
id13221,0.010389423647307704,0.9803912689405079,0.009219307412184444
id23301,0.10505015356943845,0.01974655989632962,0.8752032865342319
id21781,0.12661569403117542,0.017132851372256706,0.8562514545965678
id00642,0.009704553101708991,0.9788642467097625,0.011431200188528605
id12760,0.9265595532047811,0.021270966949135404,0.0521694798460835
id13666,0.08051727492216465,0.02506475030554303,0.8944179747722925
id04997,0.9110037568065358,0.02088540538768233,0.06811083780578184
id21906,0.8980800716911306,0.07558617386842643,0.026333754440443065
id26072,0.05428771633199249,0.9210540250156398,0.024658258652367752
id19004,0.02886548453701498,0.011345956772445476,0.9597885586905397
id11638,0.013290497127117903,0.013280121410944904,0.9734293814619371
id01941,0.9580622984035259,0.015599718484389775,0.026337983112084313
id18590,0.9499802215095968,0.026149419376926754,0.023870359113476392
id01856,0.7676057922975404,0.1982744125250222,0.03411979517743742
id04469,0.9385148805926815,0.012913075349417524,0.04857204405790094
id11732,0.12176811985022017,0.027037796521544505,0.8511940836282353
id06824,0.013725381654410356,0.06050839892040837,0.9257662194251812
id11941,0.014143649407830618,0.9770364408306328,0.008819909761536675
id06786,0.9498514746220132,0.03798662188144043,0.012161903496546196
id22028,0.011975381149328354,0.008486222937617397,0.9795383959130544
id14323,0.05134318909456333,0.02050169503421253,0.9281551158712242
id11134,0.018374290658093723,0.97024999358407,0.011375715757836274
id09894,0.9793958577510566,0.011270150067792091,0.0093339921811513
id19046,0.8133147679409427,0.023423139139140826,0.16326209291991642
id26307,0.010910424895769148,0.9799697255842466,0.009119849519984485
id22554,0.022630645715515783,0.07756638563802182,0.8998029686464625
id16042,0.9340866687052287,0.04300356026478409,0.022909771029987064
id19948,0.9823775829243858,0.00831535918806035,0.009307057887553722
id02019,0.01047328214298762,0.9787918693422973,0.010734848514714863
id02727,0.44605250772554117,0.3132644756616705,0.24068301661278846
id08679,0.018973488031791566,0.022663109196305285,0.9583634027719032
id27436,0.038471746335840086,0.01943772895064968,0.9420905247135102
id07161,0.7367159250955208,0.08156102862207572,0.18172304628240343
id11869,0.024907482716020623,0.9498319991920888,0.025260518091890692
id00076,0.046837059014920385,0.03454415199772461,0.9186187889873549
id00586,0.029897882490620437,0.9362284188048315,0.033873698704548115
id14423,0.24499063887396158,0.08328833959782236,0.6717210215282161
id25611,0.04035591760266511,0.9293736365474018,0.03027044584993301
id13872,0.6566604441142591,0.2595268262855306,0.08381272960021031
id08102,0.02238217065399949,0.9580234637272502,0.019594365618750307
id03475,0.25532434842501356,0.701234202594596,0.04344144898039029
id07569,0.040602279502199176,0.015067705370734052,0.9443300151270668
id04616,0.9786546550858842,0.010659832176631304,0.010685512737484438
id07266,0.9779238173980683,0.012083071060221415,0.009993111541710372
id16104,0.17468171278886815,0.03535942480227212,0.7899588624088598
id05031,0.10633328743895512,0.09364254779768089,0.800024164763364
id12290,0.9399287615465473,0.0487388018784576,0.011332436574995159
id26428,0.26135698668711943,0.10850029078837406,0.6301427225245065
id07837,0.014395686581739975,0.013466850533662974,0.9721374628845971
id19918,0.027245066185833274,0.9557734419239189,0.016981491890247807
id13067,0.14195155475589122,0.6134696094562097,0.2445788357878992
id11540,0.02322389163975192,0.9625652424358059,0.014210865924442246
id17215,0.4674067592913132,0.07562575410946856,0.4569674865992183
id01745,0.029854029734526513,0.019364911840917116,0.9507810584245565
id00617,0.9448944761686738,0.022521918587190097,0.03258360524413604
id02879,0.024218067621089343,0.026516522860322692,0.9492654095185878
id22811,0.9816431290558698,0.008326639419548955,0.0100302315245812
id17744,0.014115432112157269,0.9616135377997155,0.02427103008812709
id04341,0.03873561710855774,0.9420750275852828,0.01918935530615961
id08690,0.9828839026573543,0.008513384510287929,0.0086027128323577
id11565,0.9779732555450792,0.010344149465302235,0.011682594989618668
id09634,0.02366691426305486,0.017192491397185674,0.9591405943397595
id15427,0.9202366603712774,0.05277985631699166,0.026983483311730984
id11484,0.03973871209143005,0.011838854090474785,0.9484224338180951
id26859,0.9660319184190004,0.02175144258309475,0.012216638997904856
id02880,0.9208620043493617,0.0315977020208235,0.04754029362981472
id21584,0.06643885519464914,0.011708856148482124,0.9218522886568686
id14918,0.9788372044964908,0.010938851079112542,0.010223944424396565
id20117,0.062081332576357076,0.9271941823905825,0.01072448503306036
id17002,0.12386636259920909,0.025068048528088232,0.8510655888727026
id13158,0.5639000705907778,0.06755785961253416,0.36854206979668785
id11457,0.801873151697015,0.03653181249219284,0.1615950358107921
id22103,0.9773255314278521,0.012927926749492296,0.00974654182265577
id27529,0.014798825183310351,0.010592611059379026,0.9746085637573108
id25918,0.01972187863195139,0.9673544628484815,0.012923658519566969
id24611,0.04703882710520677,0.9400644506533808,0.012896722241412313
id13996,0.02526405750091874,0.96237974402226,0.012356198476821194
id05259,0.7223892878353831,0.03681540900596056,0.2407953031586564
id13593,0.01595422047725017,0.01040481720930433,0.9736409623134457
id18017,0.46656151224789955,0.04779107109739579,0.48564741665470473
id04960,0.08263557732776308,0.8129607161280467,0.1044037065441904
id13758,0.028539890101326716,0.010148502255143682,0.9613116076435295
id04492,0.9302235116366706,0.022109175085496507,0.04766731327783291
id05023,0.012592887158392345,0.008738284318028307,0.9786688285235794
id05950,0.9511520542151981,0.014629666952644456,0.034218278832157535
id11006,0.9757668532775448,0.008633277875640067,0.015599868846815294
id09643,0.13487027677988542,0.09605544859170541,0.7690742746284093
id06055,0.027838623544165976,0.039834616065975055,0.932326760389859
id17368,0.0216784450722479,0.029254952758688637,0.9490666021690636
id14176,0.015337905931438413,0.013187495991188404,0.9714745980773731
id27198,0.03447069830127004,0.02114193817549602,0.9443873635232338
id05649,0.9814180690407032,0.009419092476690748,0.00916283848260601
id25189,0.9762179802578624,0.012771463368604406,0.011010556373533183
id05589,0.870061814434508,0.05378185131869685,0.07615633424679524
id08042,0.9738495442091072,0.012165520570210413,0.013984935220682358
id13680,0.07163246009710685,0.024306273182513622,0.9040612667203797
id07827,0.02275662504143234,0.008777240687803334,0.9684661342707644
id18530,0.9782646740959174,0.010967057923780638,0.010768267980301923
id08813,0.8821547381489108,0.07498168657580176,0.042863575275287384
id05914,0.39956067882955737,0.03299789546417761,0.5674414257062651
id00488,0.08381017046529211,0.7183990863586451,0.1977907431760629
id03668,0.9454124141931073,0.02310694214630491,0.031480643660587886
id24088,0.013186331389729897,0.9770972312664342,0.009716437343835814
id02988,0.16750729451218524,0.6312633820227004,0.2012293234651144
id20364,0.9637968406644234,0.0271134102219062,0.009089749113670236
id16851,0.04364376680933566,0.019548486706994907,0.9368077464836694
id20843,0.8957811960008221,0.017899507198838604,0.0863192968003393
id27424,0.8314568063282353,0.018296582318718033,0.1502466113530467
id06862,0.9805201173835888,0.010207056395830054,0.009272826220581135
id19411,0.009516815463171902,0.9821356218947745,0.008347562642053385
id23789,0.9580104205188981,0.009956315332859218,0.032033264148242695
id23545,0.009105118168284989,0.9825667573099457,0.00832812452176921
id05639,0.01951256959583104,0.015096493628958178,0.9653909367752107
id07046,0.015892403610186304,0.9623375908612058,0.021770005528607975
id23634,0.981330728152457,0.00856960205355019,0.010099669793992806
id05799,0.01888146578941852,0.012551447950616655,0.9685670862599647
id19418,0.024446589276053633,0.010500001935810953,0.9650534087881353
id21189,0.03310564628452124,0.9372712741596512,0.029623079555827478
id22281,0.9742824586774783,0.011411448736596377,0.014306092585925242
id16127,0.3921900415348622,0.04617843332708878,0.5616315251380491
id05867,0.32841974974932436,0.07073380345393046,0.6008464467967451
id01211,0.14681425168467224,0.8434039987478452,0.009781749567482628
id10078,0.01740568673302374,0.012457428068089355,0.9701368851988869
id17157,0.979163462007313,0.01201453855932939,0.008821999433357663
id23293,0.9041155129421364,0.03641349975450598,0.05947098730335772
id03589,0.957324442826089,0.021448610543659537,0.02122694663025163
id03387,0.025588200019145392,0.029995719410831928,0.9444160805700228
id21470,0.9537077206961426,0.021269293189819453,0.025022986114037783
id22763,0.023992665406456188,0.014140385403277379,0.9618669491902664
id02601,0.1714288706731786,0.5586912330422632,0.26987989628455816
id09923,0.9278373646760104,0.01843855884385096,0.05372407648013854
id05935,0.009581478449819525,0.9787465490115804,0.011671972538599964
id14296,0.02082543555716272,0.013081828457963015,0.9660927359848743
id04605,0.9814918970008064,0.00893586410609389,0.009572238893099636
id08167,0.011129671321151209,0.008749014449456659,0.9801213142293922
id12659,0.9714109973600158,0.018628644698051162,0.009960357941933135
id21553,0.914890922706849,0.06407318099500416,0.021035896298146943
id13510,0.011603094441780412,0.9668321319486864,0.021564773609533246
id04734,0.012152708622751338,0.0496393951632079,0.9382078962140408
id17689,0.011268901475353874,0.00849194546855119,0.980239153056095
id08148,0.8673706283995744,0.07942536282622618,0.05320400877419949
id14908,0.02381795774997797,0.9638286237555812,0.012353418494440853
id17238,0.04482360539705896,0.8457327687345527,0.10944362586838825
id27146,0.036301191745247235,0.009895498007866573,0.9538033102468861
id16670,0.5260936512976309,0.43212427431203365,0.04178207439033536
id12023,0.8557294745483832,0.06765064462757854,0.0766198808240382
id18129,0.5533954828685334,0.026622609724579277,0.41998190740688757
id07365,0.017196091809128584,0.9664046729474628,0.016399235243408566
id03073,0.6579501312457788,0.06369741972901392,0.2783524490252074
id14824,0.014510057917747132,0.9724586563891581,0.013031285693094802
id26339,0.9693647229054898,0.019644401350044204,0.010990875744465903
id16562,0.03139082367425747,0.927389045211284,0.041220131114458464
id22182,0.01101039286468163,0.9794612101578078,0.009528396977510413
id27892,0.9293389830551153,0.03142727551106982,0.03923374143381481
id23713,0.8929983610130574,0.08077204799112411,0.02622959099581843
id00214,0.9757374448607703,0.01495606997067547,0.009306485168554163
id21698,0.030867166668214062,0.011538418070479823,0.9575944152613062
id17685,0.05420941858720773,0.047026722991413555,0.8987638584213786
id24848,0.9277320155503389,0.017080039286842895,0.05518794516281827
id01544,0.9522418569746297,0.02441805499311951,0.023340088032250694
id12344,0.023391481861766088,0.9126534676692476,0.06395505046898639
id00513,0.9778229271354304,0.008207424622518738,0.013969648242050995
id19448,0.9558618087506988,0.02646442270674331,0.01767376854255802
id11942,0.7439240912244525,0.10442169253046242,0.15165421624508518
id16370,0.29389049047871013,0.6790382707132347,0.02707123880805504
id06508,0.018112230350072474,0.01690286794063669,0.9649849017092907
id20829,0.013271382806835756,0.9719151322506628,0.014813484942501303
id27450,0.9821303687798802,0.008268735516650642,0.009600895703469194
id07362,0.12905752026216,0.12014678316383738,0.7507956965740026
id15120,0.4306094906579029,0.3745521546965077,0.19483835464558924
id10568,0.9619356335525487,0.016521111296357964,0.021543255151093354
id09623,0.962940847345783,0.015116592294705036,0.021942560359511944
id06139,0.8488150385305298,0.12059415092028519,0.03059081054918513
id24022,0.1384329478131702,0.019797421657188185,0.8417696305296417
id02108,0.9774182829638101,0.012749125836580586,0.009832591199609305
id14950,0.030010244304599688,0.015611984961003682,0.9543777707343968
id01142,0.016043919850858627,0.009318952702102019,0.9746371274470395
id15655,0.9389807468572826,0.014620767839955143,0.046398485302762305
id13975,0.028076201233830842,0.9572326221675986,0.014691176598570582
id00160,0.04128888110042383,0.9392439451026744,0.0194671737969019
id08273,0.05420589801840053,0.015298646817358109,0.9304954551642414
id13642,0.01951378040397574,0.0270656537010981,0.9534205658949261
id25452,0.9103490853490452,0.05526174343071132,0.03438917122024348
id24806,0.38352524876830557,0.024306792292668765,0.5921679589390257
id20664,0.029631458378649916,0.025867462828791047,0.9445010787925592
id13359,0.4691581132758114,0.492918349012604,0.03792353771158467
id24579,0.9198991931661916,0.03520253083252632,0.044898276001281996
id23389,0.969109043693437,0.017457716285279347,0.013433240021283668
id06502,0.06240378748783999,0.01097206960797925,0.9266241429041807
id03083,0.9682000353143627,0.019812201012266203,0.011987763673370991
id01694,0.850414248807985,0.02120255705115865,0.12838319414085647
id21872,0.12956359048859387,0.7079874576573689,0.1624489518540373
id01860,0.0166052989762914,0.009678188738988226,0.9737165122847204
id18127,0.9221420638713089,0.019462147056647963,0.05839578907204297
id01490,0.015112624037605084,0.00881160669401036,0.9760757692683846
id00183,0.9636175504398726,0.018411056596937456,0.017971392963189777
id15458,0.8813696178072208,0.05118031051207732,0.06745007168070197
id04289,0.9571056108613665,0.028707472900473784,0.014186916238159682
id02129,0.05381047883393846,0.05945869911578677,0.8867308220502749
id10271,0.2878013708810938,0.026835921745261792,0.6853627073736445
id02982,0.11171093662592453,0.848233207331501,0.04005585604257438
id15036,0.021679728736030166,0.9677360176228016,0.010584253641168134
id15854,0.98069671903373,0.009612993426029542,0.009690287540240301
id10252,0.017849146582195677,0.013074231109420305,0.9690766223083841
id24359,0.012902391336570592,0.014365008353720283,0.9727326003097091
id18620,0.015533616282254914,0.9758441133517697,0.008622270365975345
id25768,0.014421206493833692,0.009927456103932796,0.9756513374022334
id16604,0.929271127685262,0.047365561691391694,0.0233633106233462
id24942,0.922019379535646,0.01081604820766981,0.06716457225668421
id12989,0.013495606340382885,0.9738542047749867,0.012650188884630334
id13841,0.9574547083251662,0.012133745112715888,0.030411546562117763
id15481,0.02372974901997382,0.032156440449429995,0.9441138105305963
id10600,0.015343766151542291,0.010555480672287273,0.9741007531761703
id18528,0.07681180775190816,0.038437094810024774,0.8847510974380671
id16465,0.011853219996868397,0.9788024311081133,0.009344348895018442
id14204,0.15594450675819727,0.8191985982665557,0.02485689497524715
id05924,0.938895997667745,0.03659885518386912,0.024505147148385854
id16756,0.011007549229593391,0.011297114060281197,0.9776953367101253
id01167,0.8271187955949623,0.02111098694326837,0.15177021746176939
id27624,0.01133268734709846,0.9778895478272022,0.010777764825699442
id13724,0.7807832397176427,0.03758892257885709,0.1816278377035003
id03677,0.9442837835363395,0.011110329495827385,0.044605886967833255
id26463,0.5472925741375011,0.20295811530684127,0.2497493105556578
id15623,0.8730297310117244,0.024905769144701224,0.10206449984357438
id26379,0.020641444660558284,0.009104709774372584,0.970253845565069
id25294,0.02577077108154144,0.015555626097456142,0.9586736028210023
id04100,0.032461484959206886,0.9288670823344437,0.038671432706349575
id23831,0.8620665448415052,0.0743153617277982,0.06361809343069666
id17334,0.9817750969101955,0.009160494900279577,0.009064408189524992
id19506,0.011903324991303676,0.014567823187988778,0.9735288518207076
id18629,0.44687870221311815,0.5267426087762074,0.02637868901067445
id09105,0.08149140909754575,0.014048772758643137,0.9044598181438112
id27735,0.935256722613077,0.03955659932069472,0.025186678066228155
id22840,0.9737300150808822,0.009302021599544082,0.016967963319573648
id01465,0.08316742920071146,0.033585140198585856,0.8832474306007025
id27750,0.9244978498870678,0.01749050147778821,0.058011648635143846
id20421,0.016775639140358563,0.00840190640096797,0.9748224544586734
id23826,0.6746125517490854,0.1291331486099322,0.19625429964098243
id23219,0.8853584755475962,0.0777699616018885,0.03687156285051518
id06442,0.013561755761505733,0.015360062158959584,0.9710781820795348
id07847,0.9818038232356305,0.008971984837804413,0.00922419192656496
id16995,0.6692436746124961,0.0794098712030111,0.2513464541844927
id07626,0.4196286424687622,0.3458070883549822,0.2345642691762556
id21920,0.06481995954834442,0.9215736366124764,0.013606403839179299
id22340,0.9342633477920036,0.05470116292341338,0.011035489284583139
id22108,0.93628653827363,0.03634709793733203,0.0273663637890381
id25661,0.9377207127209416,0.03529839871831242,0.02698088856074609
id16284,0.905286230173058,0.03182140316595534,0.06289236666098671
id19900,0.9660499304293206,0.01652223330527456,0.017427836265404888
id20864,0.978747599617998,0.008877624526851388,0.012374775855150701
id26099,0.9056706855538532,0.059321613704310786,0.035007700741835936
id00333,0.1543312258953594,0.022047093085800856,0.8236216810188397
id27278,0.027112615180316192,0.951526958959244,0.021360425860439666
id16758,0.9011440424133415,0.06655167023699361,0.03230428734966499
id25660,0.5204628792244593,0.302430316201008,0.17710680457453248
id05146,0.06620927569218753,0.021746427972919827,0.9120442963348928
id24812,0.03444005650926118,0.028904486059848696,0.9366554574308902
id12003,0.977812373105754,0.009323008332664019,0.012864618561582044
id04569,0.58662548106654,0.28369814122591963,0.12967637770754042
id08269,0.8384860338777845,0.08882082430977482,0.07269314181244058
id06080,0.9421200884350233,0.033734256865588695,0.024145654699387953
id09782,0.34002679080488846,0.6310749694757737,0.028898239719338057
id19722,0.050560083961821205,0.9392701714875471,0.010169744550631651
id02781,0.04160573343456344,0.01591583808684465,0.9424784284785918
id13385,0.9743512679376151,0.008446930795866643,0.01720180126651836
id24676,0.09898016997583048,0.03512120867991438,0.8658986213442552
id07628,0.8328753336330251,0.04011593606332803,0.12700873030364682
id19363,0.028066845491286494,0.021058174079191853,0.9508749804295218
id27392,0.9716256188475516,0.011877957393592743,0.01649642375885561
id26486,0.8853477897385548,0.028329192997084723,0.08632301726436062
id02440,0.918264159778003,0.040923108213588986,0.040812732008407904
id26878,0.9231975700653547,0.03599547797231044,0.0408069519623349
id23044,0.9829665058660367,0.008456128343022954,0.008577365790940364
id24170,0.025179134961475818,0.9640233231077483,0.010797541930775858
id22332,0.4534657616513522,0.03043095789698763,0.5161032804516602
id27933,0.9455256235275022,0.018026776693495523,0.036447599779002145
id17535,0.03907832554100445,0.024755982662979542,0.9361656917960159
id19700,0.017593326806624895,0.9686718708376191,0.013734802355756137
id19809,0.04501506646455769,0.3432031019230471,0.6117818316123952
id04484,0.08640136338937851,0.024487787077414797,0.8891108495332068
id00481,0.148234403056429,0.14900392158991838,0.7027616753536526
id27510,0.963676313084039,0.016777044717247294,0.01954664219871357
id04635,0.07762536174508523,0.01480438080689392,0.9075702574480208
id26027,0.9655426743703729,0.01660070395107954,0.017856621678547433
id09300,0.013524573557635504,0.9727875069037627,0.013687919538601863
id06381,0.014759778085439369,0.008505215027286697,0.9767350068872739
id18038,0.014326161497793628,0.008811988550852272,0.976861849951354
id22011,0.09680511551865385,0.8641429043639437,0.03905198011740237
id10608,0.009947410117385102,0.9813655540085489,0.008687035874065979
id23054,0.8702357154245285,0.02995092289959847,0.09981336167587303
id13904,0.041513172778759676,0.9444151303089953,0.014071696912245113
id13855,0.07437657353404649,0.1457095116010037,0.7799139148649499
id17630,0.537761143418448,0.3580532399353428,0.10418561664620903
id08595,0.12373315064341556,0.018871821981848946,0.8573950273747356
id09532,0.9472767018443502,0.014771386872029536,0.03795191128362018
id13176,0.02342014194852794,0.024296620159595834,0.9522832378918763
id27237,0.014448090558677538,0.009792171084325443,0.975759738356997
id16704,0.05577279370555738,0.04165898398214937,0.9025682223122933
id20994,0.01547017919695189,0.011964911943412048,0.972564908859636
id17501,0.010314261514881606,0.9795139367042294,0.010171801780888995
id16509,0.02246227175966296,0.014883552138894203,0.9626541761014428
id15081,0.502305179672497,0.031108346183510723,0.46658647414399235
id24414,0.2880898707565359,0.047509126124086476,0.6644010031193776
id09220,0.021750505941342646,0.02401256296665254,0.9542369310920049
id26514,0.011214973578869004,0.008453204371355934,0.980331822049775
id14703,0.9653782828284324,0.010681311549946889,0.023940405621620635
id19838,0.015196881284737975,0.02917604478359658,0.9556270739316656
id23297,0.3901527600352703,0.03583364722103394,0.5740135927436959
id17113,0.9092720741492823,0.07003244310129711,0.020695482749420437
id11693,0.9290396124074767,0.015468126080689088,0.055492261511834125
id00847,0.1286625851879141,0.11780798698909432,0.7535294278229916
id00233,0.38115075361717465,0.036087925136872034,0.5827613212459533
id02776,0.9306147758026996,0.0568928186413467,0.012492405555953875
id10396,0.771375783745427,0.04814414018463678,0.18048007606993602
id18222,0.19885820795618706,0.7712893953090814,0.029852396734731654
id13476,0.04401377215807576,0.09656938737756204,0.8594168404643622
id08007,0.05692575253851154,0.021276821499325648,0.9217974259621627
id12984,0.019902282106955046,0.018525613955578134,0.9615721039374668
id04174,0.061622817295256684,0.9253525065660838,0.013024676138659512
id23874,0.01196222600654826,0.011829675323272587,0.9762080986701791
id00595,0.011079061169155883,0.9800008480898391,0.00892009074100493
id18041,0.9381206839929835,0.05073814683042828,0.011141169176588151
id17403,0.8875550348284456,0.07543028610687322,0.03701467906468138
id11741,0.832713996093336,0.04756537809784596,0.11972062580881815
id16928,0.6661385927914689,0.054058160232575155,0.2798032469759561
id21913,0.02058940959955809,0.025548524907931653,0.9538620654925102
id05939,0.01060147981558222,0.00854799927711006,0.9808505209073078
id12429,0.017496183556397316,0.9629980267465036,0.01950578969709896
id04447,0.5955741793136512,0.07901662217052653,0.3254091985158223
id15928,0.8960775843388941,0.04672064917175412,0.057201766489351914
id13126,0.01575545057974145,0.013137718385144817,0.9711068310351137
id03989,0.9519296083713544,0.01329743871824125,0.03477295291040443
id08950,0.6091120501961781,0.34949568379703383,0.04139226600678799
id26494,0.02738911932961583,0.016170447980645528,0.9564404326897388
id09289,0.06544463839450805,0.04031293095970181,0.8942424306457901
id16295,0.03590444470925261,0.9305301652476345,0.033565390043112917
id01616,0.009849852590539594,0.968853136473644,0.02129701093581636
id25251,0.06374952019335753,0.012023830194763375,0.9242266496118791
id10354,0.930191357688518,0.02155281349464873,0.04825582881683309
id08559,0.47562682773252835,0.30475731859195176,0.21961585367552
id20385,0.931263289567816,0.013174352551530093,0.055562357880654015
id01760,0.9588930421663228,0.019213698582903106,0.0218932592507742
id04242,0.11740237194016048,0.026395971164420873,0.8562016568954187
id05652,0.019878099360688278,0.9713513020118691,0.008770598627442687
id05269,0.020768025022514323,0.9589064374605488,0.020325537516936925
id11218,0.04921685009844633,0.032722553937134254,0.9180605959644194
id19158,0.0545595447508936,0.9320405790962518,0.013399876152854541
id00927,0.07289037967637413,0.011953381336813592,0.9151562389868124
id25636,0.12048683584700512,0.0938937888553253,0.7856193752976697
id20727,0.10907126067180739,0.022768286829833107,0.8681604524983595
id01645,0.936404831060378,0.02749270664415797,0.036102462295464176
id19931,0.7379701015597041,0.20877070870268843,0.053259189737607376
id12473,0.01273770515364928,0.9736736937677691,0.013588601078581782
id00618,0.9284294685200343,0.04799868756858229,0.023571843911383533
id27329,0.012301109424719008,0.010398995738115617,0.9772998948371654
id11553,0.9784364255845428,0.010529153930610432,0.011034420484846642
id10357,0.010559943091647832,0.008442010876223715,0.9809980460321286
id11392,0.05475374272309845,0.012069808645830495,0.933176448631071
id03634,0.03585203992395445,0.9311777762217083,0.03297018385433738
id15781,0.9704824451867274,0.019375807927866473,0.010141746885406214
id11706,0.018860023660008995,0.009757084236973466,0.9713828921030176
id04248,0.9220743409446359,0.04027088335962318,0.03765477569574094
id26011,0.3587998822240619,0.16795262008605302,0.47324749768988517
id17478,0.026673623296030315,0.01938017499329849,0.9539462017106712
id16179,0.8100392148020668,0.13947366458237345,0.05048712061555989
id11340,0.9615283012171072,0.012746682106669708,0.025725016676223064
id05629,0.2717357881041685,0.6169885777969879,0.11127563409884345
id00266,0.021808806503745226,0.012457128781616783,0.9657340647146381
id18514,0.05279775095746375,0.014903778931683072,0.9322984701108532
id05167,0.028113254155942843,0.018981969378809922,0.9529047764652472
id08943,0.7352206860517904,0.06157691830770889,0.20320239564050085
id14580,0.012788543813408885,0.9701999127438738,0.017011543442717325
id24496,0.9597952817890874,0.026219640410135758,0.013985077800776794
id04884,0.019716177972888493,0.07521914849233236,0.905064673534779
id08011,0.047897130296094256,0.016877831563289338,0.9352250381406163
id17807,0.03795849140731791,0.010182432323619678,0.9518590762690624
id05694,0.9765003778180079,0.012486288443478025,0.011013333738514142
id02907,0.04329792130164393,0.8948076487979036,0.06189442990045238
id23235,0.6321967260087588,0.022541644855786816,0.34526162913545455
id26764,0.9396298295035034,0.03732131699806519,0.02304885349843139
id12226,0.0234848496479389,0.01651943535552084,0.9599957149965402
id15157,0.9478202594630587,0.010001634025445533,0.04217810651149564
id27127,0.04209943867272944,0.009474351760787864,0.9484262095664826
id27723,0.021407929132645966,0.023853101385514917,0.954738969481839
id10742,0.032620183857330336,0.9306184797963052,0.03676133634636437
id22951,0.05114133797655916,0.048916820691647246,0.8999418413317936
id09429,0.18963622210510916,0.03163944039631861,0.7787243374985722
id26058,0.07555037230416893,0.6258505721192502,0.29859905557658106
id27415,0.1215643323189156,0.16731858172832367,0.7111170859527608
id06938,0.9442003891259705,0.008492805344279087,0.04730680552975042
id18702,0.9636177884155963,0.01653236300339996,0.019849848581003693
id05229,0.9065945508051889,0.061454081453235124,0.03195136774157584
id05219,0.011911799847226205,0.009451536819696512,0.9786366633330772
id26375,0.02674076161167054,0.956985011190571,0.016274227197758392
id19622,0.95625295995931,0.015258611489283067,0.02848842855140705
id13333,0.3290227548688452,0.063434560681431,0.6075426844497238
id25849,0.018890743087543647,0.9714081531068591,0.009701103805597246
id06780,0.3404783111855761,0.04939014792310724,0.6101315408913167
id01128,0.09198444892094361,0.013328655205141976,0.8946868958739145
id22697,0.01674412206796781,0.010081352779218284,0.973174525152814
id03725,0.1950966178637607,0.05930735966738413,0.7455960224688551
id06570,0.8895332036448121,0.024267786936868818,0.08619900941831893
id07834,0.014740298996501486,0.009089910472279543,0.9761697905312191
id08930,0.9597679478701839,0.016405344808341195,0.023826707321474787
id03276,0.0131156055725726,0.0090616820029085,0.977822712424519
id07367,0.010133670731080612,0.9804131418248087,0.009453187444110852
id12250,0.9579719990077364,0.02621620606633669,0.015811794925926895
id00461,0.573304678085703,0.019148123584671342,0.4075471983296256
id17583,0.9798572483877678,0.009278499864642372,0.010864251747589919
id07331,0.2155074083108134,0.2866925078116463,0.49780008387754043
id09844,0.11718951022113534,0.034778909496906624,0.8480315802819579
id12595,0.03545418803601792,0.03916533289896237,0.9253804790650197
id12911,0.00967713689540671,0.9817967911281342,0.008526071976458976
id13334,0.09271301035778026,0.03554216753027191,0.8717448221119478
id03231,0.11688076163053447,0.8179355030877486,0.06518373528171689
id16441,0.021607660719208627,0.010368963726179313,0.9680233755546119
id11427,0.05546916349632369,0.012885984613986051,0.9316448518896902
id16919,0.9795317053586291,0.009272585416919749,0.011195709224451227
id04388,0.015091672257095248,0.02015454728569959,0.9647537804572051
id09608,0.10939420427185688,0.6335342228025468,0.2570715729255964
id14912,0.358670031817198,0.03899509848625343,0.6023348696965485
id24621,0.03121782466989185,0.6777588579729413,0.29102331735716697
id14904,0.028616760033550532,0.04423472239325251,0.9271485175731969
id09209,0.013852145421910067,0.010878586036500704,0.9752692685415891
id10425,0.9814809469308582,0.009760283233314104,0.008758769835827691
id04915,0.38487058388448225,0.04463718656505468,0.5704922295504631
id01417,0.04455531854763516,0.940650870463868,0.014793810988496737
id12318,0.870627855740474,0.09159619293112475,0.03777595132840119
id01184,0.027672060575028468,0.10145410431332845,0.8708738351116432
id05349,0.02849223638382267,0.015417905194917071,0.9560898584212603
id14718,0.018685081448241297,0.008949908401719891,0.9723650101500387
id20392,0.05083561310432919,0.04015305299396915,0.9090113339017017
id10071,0.08152702171281438,0.08928789676404601,0.8291850815231395
id24369,0.9810266601234741,0.008740992465925218,0.010232347410600674
id22137,0.9645863906523277,0.02689691767883974,0.008516691668832496
id14478,0.010383121284119431,0.009119512545340148,0.9804973661705405
id10018,0.024462683541871838,0.012690818993152168,0.9628464974649761
id13357,0.013062858115980772,0.974606753270524,0.01233038861349531
id06093,0.013112014268399887,0.01810842484815877,0.9687795608834414
id26039,0.012425212151697536,0.01112363368498259,0.97645115416332
id05974,0.026134847293407124,0.9526614822264106,0.02120367048018235
id09745,0.8975649460180495,0.06412013304617357,0.038314920935776924
id01255,0.0640039341116766,0.915510579330758,0.020485486557565356
id25995,0.010004211900603278,0.9792020320188528,0.010793756080543811
id01205,0.6678268491787682,0.11626455081694456,0.21590860000428733
id09735,0.10903067487456394,0.8774257875112521,0.013543537614183882
id19431,0.07886197477486276,0.8959310355630764,0.025206989662060707
id10226,0.9769894858914976,0.012515809871092147,0.010494704237410236
id22446,0.9788621925448718,0.00918124060638832,0.01195656684873992
id10207,0.05383529780475885,0.8634742501779709,0.08269045201727027
id02564,0.9682406353187936,0.01252946399883126,0.019229900682375147
id15113,0.9218266021728405,0.054278086863212796,0.023895310963946762
id20230,0.9649694270927593,0.011601120176477714,0.023429452730762863
id18155,0.9586338225338317,0.016437864555930416,0.024928312910237956
id23722,0.028249858953735198,0.01817341813304956,0.9535767229132153
id20241,0.9658444916154191,0.010850731042384884,0.02330477734219604
id10580,0.01089582777061548,0.009888656251472673,0.9792155159779119
id09405,0.06872888259810596,0.054513120466235764,0.8767579969356583
id16297,0.04345728719509113,0.9402819940321065,0.01626071877280246
id27247,0.1454649167180332,0.028642864377015256,0.8258922189049517
id26321,0.9816431279684431,0.008944747291186338,0.009412124740370474
id18503,0.06318749570675594,0.012640030528422842,0.9241724737648211
id04178,0.028925316212333907,0.9047228783373802,0.06635180545028596
id22695,0.017522484300297476,0.05328460247665333,0.9291929132230491
id04368,0.9808692945031158,0.008863851705965115,0.01026685379091896
id20585,0.9795481259293559,0.011523769264753254,0.008928104805890874
id21615,0.6910850689777401,0.032732103842378554,0.2761828271798814
id10830,0.008984895534222798,0.9782736363689644,0.012741468096812671
id22143,0.9751971773897747,0.012454945137918958,0.012347877472306491
id21600,0.9645946188171307,0.015403017216820008,0.020002363966049343
id23773,0.9781392793524872,0.00911700043400169,0.01274372021351109
id08505,0.9782152723529134,0.010178751108238356,0.011605976538848099
id27152,0.9488498410353506,0.016677481319190425,0.03447267764545883
id09817,0.11642201249770182,0.694188931375723,0.18938905612657533
id02355,0.3582567171659073,0.24028382248289137,0.40145946035120134
id23629,0.9793719811568333,0.008363056668165562,0.012264962175001073
id22194,0.9537617773345443,0.020146395121845663,0.02609182754361021
id05592,0.6990332909502418,0.03462474505359568,0.2663419639961626
id02916,0.02158326180639597,0.04753123474227846,0.9308855034513256
id22284,0.9573645286176192,0.013138832553440413,0.029496638828940276
id14574,0.045890764180369734,0.01422743509429269,0.9398818007253377
id16820,0.04081637217931959,0.010389280949948025,0.9487943468707323
id04513,0.9794769856840675,0.008149701421442529,0.012373312894490021
id05853,0.9173978067221626,0.049901374959860904,0.03270081831797642
id23528,0.020679586186858143,0.9545324751829695,0.02478793863017246
id06684,0.9098984958873484,0.01791700855548185,0.07218449555716977
id19793,0.9672507646287712,0.02167500822294862,0.01107422714828019
id05567,0.13187561811914522,0.018835123937035424,0.8492892579438193
id01637,0.011882576937979674,0.9716905404130273,0.016426882648993047
id24264,0.04926756620193815,0.025744978312419616,0.9249874554856421
id08558,0.01572393974035931,0.9487068502703158,0.03556920998932496
id01977,0.012178663582863774,0.0944478391610727,0.8933734972560635
id14665,0.01036781765445198,0.9768937435354218,0.012738438810126335
id24485,0.02833688507284548,0.9573816416593849,0.014281473267769606
id00331,0.4076294214032752,0.06451405996139359,0.5278565186353313
id06004,0.07250587467378156,0.021843134288804848,0.9056509910374136
id08168,0.012522399423065536,0.9711884267404094,0.016289173836524905
id02054,0.9718823984401371,0.010328057279410024,0.017789544280452922
id27733,0.0907858349243184,0.014354484413385604,0.8948596806622959
id26596,0.03495332749819204,0.9464860874382665,0.01856058506354142
id05275,0.07892009312254847,0.9013777613072388,0.019702145570212812
id23093,0.933767685147958,0.029297696316371486,0.03693461853567066
id13304,0.045129340276559134,0.019539618832981876,0.935331040890459
id09513,0.9784715877579171,0.009694307636282783,0.011834104605800236
id14943,0.9512965180069797,0.014412062558650744,0.034291419434369676
id10936,0.9028767933165652,0.04036964185710878,0.05675356482632613
id18771,0.5021859813911128,0.4336399325360151,0.06417408607287224
id09708,0.9113653160323176,0.05758932326025447,0.031045360707427826
id17204,0.9467097391204401,0.0334184081374166,0.01987185274214321
id27515,0.00933356616528177,0.9823412733727716,0.008325160461946736
id04438,0.7871932820378551,0.018599983519510352,0.19420673444263442
id14306,0.8770315355162718,0.09845863469124415,0.024509829792484013
id10235,0.051941405983233956,0.03464410127549247,0.9134144927412735
id19034,0.8751908873462916,0.0863814068601147,0.03842770579359358
id27850,0.10629983596771649,0.018554106824024055,0.8751460572082593
id23316,0.9328306320211966,0.04618593738236925,0.020983430596433938
id21265,0.9338959051708683,0.01464117788098249,0.05146291694814931
id13944,0.023914327961826694,0.010530675314793424,0.96555499672338
id00416,0.01837915630359937,0.9641090864001078,0.017511757296292778
id04702,0.937452946676966,0.037457262141557014,0.02508979118147706
id07679,0.06427405277510888,0.6794814577833435,0.25624448944154765
id17063,0.016513884797764798,0.9618039624123864,0.021682152789848853
id25840,0.340355032499953,0.40703970623104024,0.25260526126900673
id16767,0.09294419868263032,0.896344012017257,0.01071178930011262
id10275,0.01847016456404673,0.012347499600406564,0.9691823358355466
id19913,0.6632359011037006,0.23380185968772657,0.10296223920857275
id16158,0.025778314434041376,0.9613122229096597,0.012909462656299026
id19914,0.029991538133483892,0.010296521951335642,0.9597119399151803
id09409,0.04812850706412697,0.028825147589288454,0.9230463453465845
id14026,0.94517042407904,0.030677238570620335,0.02415233735033966
id27022,0.04808215752659057,0.9173704966138794,0.03454734585952999
id06324,0.010770095405764927,0.9767898707259,0.012440033868335124
id22614,0.025845321904077807,0.06467362073873449,0.9094810573571878
id02338,0.9631968030653163,0.009490257136831347,0.02731293979785227
id02862,0.06643623484982818,0.7085643254499893,0.22499943970018246
id14818,0.05641175698781577,0.05716238022372413,0.88642586278846
id00648,0.6430895675962294,0.3024280533577855,0.05448237904598508
id21812,0.02792161792729439,0.0175883587126288,0.9544900233600767
id04567,0.020743575294728995,0.9671663711683449,0.01209005353692597
id20462,0.01865795206809539,0.015106188825854079,0.9662358591060505
id21110,0.0598592570121141,0.01809411760436883,0.9220466253835171
id27524,0.5143558901708851,0.3833046981565126,0.10233941167260226
id10739,0.019607816052643032,0.013878460636454888,0.966513723310902
id25519,0.8929927223327767,0.0750733771703225,0.03193390049690082
id09509,0.19847832886820257,0.0439695468844426,0.7575521242473547
id24062,0.4071329060716197,0.5323599650596199,0.06050712886876023
id17909,0.7230286573156588,0.037289276360120506,0.23968206632422068
id09896,0.05433577198495933,0.014088512773817334,0.9315757152412233
id11587,0.014941072653348833,0.9752772031651143,0.00978172418153665
id09957,0.06741478592210773,0.9145560999518763,0.018029114126016002
id02070,0.011833855727612209,0.018576277633289718,0.969589866639098
id25658,0.9494209224506807,0.01652334877355258,0.0340557287757667
id19870,0.2944894625294187,0.632405303459497,0.0731052340110844
id11774,0.13519414900847634,0.025090991295248898,0.8397148596962748
id21315,0.9714888432694336,0.017697625947161653,0.01081353078340466
id15873,0.964404293489934,0.023964131943679554,0.011631574566386528
id19302,0.03452333869553372,0.9513075626353309,0.014169098669135302
id07239,0.056164792791923525,0.9282247994774719,0.015610407730604584
id10178,0.9250954800194229,0.010042557419592568,0.06486196256098448
id00074,0.9817682513865131,0.008536273509017854,0.009695475104469133
id21736,0.10351126055769926,0.8327488955990926,0.06373984384320804
id25383,0.04293686392239378,0.920981816240209,0.0360813198373971
id01649,0.8195948949527874,0.11741782208473832,0.06298728296247441
id15990,0.03365127802335548,0.03085115293541278,0.9354975690412317
id04940,0.9773728349475376,0.008570312589702957,0.014056852462759423
id09041,0.07480726786957308,0.8976514916030804,0.027541240527346585
id12499,0.8298865452603996,0.08333088158300588,0.08678257315659434
id27324,0.06666662748862101,0.9127245076446432,0.020608864866735695
id20396,0.07589464971816588,0.9115022715662104,0.012603078715623776
id20065,0.9805267884283162,0.00873628920643264,0.010736922365251098
id09659,0.039924716070669615,0.03497578543265355,0.9250994984966769
id04632,0.0122782060340267,0.008614609686113295,0.9791071842798601
id17313,0.9100117460069119,0.045948031872049204,0.0440402221210388
id04995,0.9587854486702814,0.019906289491351318,0.021308261838367426
id26559,0.9399135915597567,0.025919121633303205,0.03416728680694013
id06974,0.1776338361805934,0.06631303071196523,0.7560531331074415
id22141,0.9791394907417851,0.009407803215214084,0.011452706043000947
id11508,0.031091845035017225,0.011331290986999596,0.9575768639779833
id09766,0.0617098341435424,0.9136828197595712,0.02460734609688636
id24382,0.08157294020427085,0.2489807492233621,0.6694463105723671
id12016,0.9228233963161215,0.023692101263938687,0.053484502419939635
id07298,0.9618859112685738,0.010811160092170348,0.02730292863925587
id17985,0.052391591677712165,0.9286666933757788,0.018941714946508984
id09057,0.039213192852640834,0.011363902276108949,0.9494229048712504
id23310,0.010971131976531358,0.010702304001130652,0.9783265640223381
id13265,0.974439447557049,0.010057731249949405,0.015502821193001632
id25920,0.9788060764438745,0.00951363807032563,0.011680285485799732
id15012,0.8672437874220945,0.014376420869634325,0.11837979170827127
id12939,0.011316156231078244,0.9762778232721311,0.012406020496790685
id13329,0.9240358173288228,0.02865455619054779,0.047309626480629426
id11410,0.062230037155734524,0.9245522651624248,0.013217697681840744
id08203,0.08212683212779409,0.8814074281908756,0.036465739681330225
id09399,0.030122826604869476,0.955687135378678,0.014190038016452551
id24807,0.019316132280848015,0.010258817231201176,0.9704250504879507
id24976,0.9608843682855105,0.013643780118099802,0.025471851596389792
id19630,0.020213538657493767,0.012826653270599498,0.9669598080719067
id00231,0.013769209683629796,0.9771084647330085,0.009122325583361655
id06157,0.044558577275646556,0.9177243250549374,0.03771709766941602
id26817,0.08596008647088926,0.01902272342475945,0.8950171901043512
id21083,0.021741439547116655,0.010778083332662558,0.9674804771202208
id27634,0.9800984288009857,0.009310672361503694,0.01059089883751069
id12397,0.013266372677135797,0.011098475766929152,0.9756351515559349
id02643,0.019528262823458438,0.009937504735088813,0.9705342324414529
id13731,0.06598947857331443,0.9202910307704549,0.01371949065623072
id17953,0.04548754347514315,0.011678336201240105,0.9428341203236167
id10342,0.19100232094247707,0.03689890970301937,0.7720987693545035
id19652,0.7593241670148647,0.18041286187393102,0.06026297111120437
id03505,0.039876721493574165,0.933522706830717,0.026600571675708697
id27602,0.8054302992719985,0.0824139946068751,0.11215570612112645
id13311,0.03186524755755243,0.018090387481511382,0.9500443649609361
id20008,0.7171318263089965,0.15879618844558602,0.12407198524541735
id14404,0.011786879871709378,0.010486331023251189,0.9777267891050395
id09413,0.05232491024670807,0.01833869567586813,0.9293363940774237
id01897,0.06111369370286071,0.7893288580730434,0.1495574482240958
id14873,0.9606901433435197,0.023133988935137805,0.016175867721342625
id25588,0.9668675825987331,0.01468587492136248,0.01844654247990434
id15549,0.6234373726104905,0.32547888382550305,0.05108374356400636
id20796,0.21785690861285148,0.03135444102783837,0.7507886503593101
id11138,0.08600710862269606,0.021593683863878638,0.8923992075134253
id18398,0.01677822891826084,0.009848078858255938,0.9733736922234832
id01871,0.9723601907384776,0.008621433908238543,0.019018375353283948
id15968,0.9143702286644056,0.00834791448175298,0.07728185685384154
id18197,0.010542562517534673,0.009649328857504082,0.9798081086249611
id20939,0.04659083627270025,0.01065248259650242,0.9427566811307974
id20570,0.020138997818858955,0.01778424976941083,0.9620767524117302
id00432,0.9808172634048894,0.008229269589481919,0.010953467005628688
id19537,0.011719512868000086,0.9748174313459378,0.013463055786062071
id12930,0.9675509519780763,0.023291283226604738,0.009157764795318869
id26222,0.0242377272426425,0.9588039474454166,0.016958325311940903
id10623,0.9815460984535535,0.009367699470825077,0.009086202075621452
id15460,0.010989570668942343,0.979437346754198,0.00957308257685947
id22824,0.9759081272019327,0.013438861799016046,0.01065301099905123
id02968,0.7716411162739433,0.027484175387598935,0.20087470833845786
id19017,0.9023107358620396,0.07748616768888594,0.020203096449074615
id26743,0.010380937626120733,0.9744206016869142,0.015198460686964916
id04161,0.9371429586245364,0.021273704592428597,0.04158333678303501
id08976,0.012409298076095424,0.9768583104792129,0.010732391444691625
id13339,0.015866413687426733,0.9703205178933078,0.013813068419265542
id25051,0.9462898378635147,0.02006957843433125,0.033640583702154135
id22649,0.915993626546791,0.07204049858915279,0.01196587486405615
id00040,0.010114847664904399,0.9749087366764502,0.014976415658645327
id08855,0.92708592302559,0.059478156443599065,0.01343592053081083
id24622,0.969354675012125,0.01102935003860472,0.019615974949270216
id02301,0.9694424117579289,0.01103063792408701,0.01952695031798403
id07047,0.8710221961503642,0.02640748610109226,0.10257031774854357
id04423,0.9755770284407189,0.013965407680850995,0.0104575638784301
id02790,0.09797997492566204,0.8646444204639022,0.03737560461043569
id08754,0.09288175581570304,0.8948336073869967,0.01228463679730026
id20297,0.03187332026733967,0.02147902701573701,0.9466476527169232
id04307,0.03966263165004936,0.9083552391817916,0.05198212916815892
id18927,0.055980524898026615,0.028014622513707545,0.9160048525882658
id27393,0.49066501954933334,0.05548557200816634,0.4538494084425004
id15260,0.13273311784047126,0.8394297455248172,0.02783713663471164
id03679,0.25282136137748623,0.02831183043621506,0.7188668081862988
id17381,0.9812303465506232,0.009029486421430205,0.009740167027946608
id13196,0.9582602297128034,0.024466463523998425,0.01727330676319817
id21493,0.022104793000440638,0.0364006200327022,0.9414945869668573
id11088,0.02879071214938574,0.056907156947412836,0.9143021309032016
id15801,0.8358127612879436,0.020945216772343993,0.14324202193971244
id04647,0.06109116685299401,0.0155154656776483,0.9233933674693577
id16900,0.05981984242087371,0.9271169714735016,0.013063186105624595
id17174,0.9667080851278338,0.020934669856589056,0.012357245015577245
id23801,0.024134084651498716,0.9574922554285697,0.018373659919931524
id11952,0.89812714171984,0.04121674645452645,0.06065611182563361
id02738,0.9531855805807639,0.017025795146107022,0.029788624273129
id05365,0.9709107611550346,0.008789350092234794,0.020299888752730685
id19666,0.031231937879476507,0.9512672498107066,0.017500812309816937
id26638,0.0522201914351755,0.07749125137630926,0.8702885571885153
id03032,0.8746757294666561,0.07383114048154452,0.051493130051799445
id23471,0.981798231727546,0.008683312796193787,0.00951845547626022
id26135,0.009552675558665335,0.9821297759095056,0.00831754853182915
id18224,0.008868360384969486,0.9829017687540536,0.008229870860976837
id10782,0.9236896364778172,0.015012363793739974,0.06129799972844289
id08932,0.04049996951235241,0.013764304702237799,0.9457357257854097
id23126,0.01598999909377327,0.010445388655431483,0.9735646122507953
id22273,0.7214313378442891,0.19503338967012424,0.08353527248558668
id17427,0.19487436069068678,0.7814432735118277,0.023682365797485613
id21258,0.9333907081729657,0.05586804174885014,0.010741250078184167
id06604,0.9718373986492691,0.017068437843676725,0.011094163507054292
id02180,0.8652335825890088,0.04162693273071519,0.09313948468027596
id20505,0.03913976747217802,0.9376782009208517,0.0231820316069704
id27466,0.9358245825942934,0.024740850372966472,0.03943456703274029
id14249,0.058037121897014717,0.08823853926049982,0.8537243388424854
id15891,0.09091230389279331,0.021481878554401295,0.8876058175528054
id25366,0.03779841780373251,0.013950617314672693,0.9482509648815948
id13554,0.011119241342391104,0.008549077535562723,0.980331681122046
id09470,0.012034782873457902,0.01076685686069213,0.97719836026585
id15993,0.10118697612321267,0.07385124210426677,0.8249617817725207
id07273,0.7745947060742882,0.12011116037148677,0.105294133554225
id10805,0.9331255114316072,0.014039703309110845,0.05283478525928206
id07990,0.04262522704178611,0.8604417245143396,0.09693304844387418
id08107,0.041742299793715215,0.01154785808756702,0.9467098421187177
id07612,0.9333960192788586,0.048436705848158616,0.01816727487298285
id10593,0.89933474213419,0.06925594608152419,0.03140931178428599
id00906,0.023023097938531672,0.9614873822755925,0.01548951978587572
id22316,0.07629149498932293,0.06111062500825567,0.8625978800024214
id04826,0.9158670123916418,0.06795983230220387,0.01617315530615424
id13173,0.045393533380934395,0.009028195221346532,0.9455782713977191
id20075,0.756602064367741,0.05970334380871182,0.18369459182354728
id16427,0.8725377887504878,0.024197495700431785,0.10326471554908029
id21948,0.014426151487668156,0.012813309122563938,0.972760539389768
id05957,0.9723173844040176,0.014201063847892402,0.013481551748090086
id22982,0.016641865763492986,0.9444051844089896,0.03895294982751753
id01672,0.2297465687649092,0.7121333387553928,0.05812009247969792
id19463,0.050569971019183535,0.025648166780547297,0.9237818622002693
id17555,0.39487393027551704,0.5580791406696445,0.0470469290548386
id21387,0.009178084285258004,0.9815971992887355,0.009224716426006441
id00011,0.01628170160316466,0.9744320636539733,0.009286234742862004
id18538,0.9747646508579765,0.011620418117439133,0.01361493102458451
id14915,0.011244711537167695,0.9794752027350418,0.009280085727790552
id13773,0.05154873708191403,0.018342877207606797,0.9301083857104792
id26440,0.3047499670928074,0.03854239602425774,0.6567076368829348
id18862,0.11533980434832562,0.06052098871754532,0.824139206934129
id02510,0.024087040135826,0.009370723883260004,0.9665422359809142
id26288,0.03441556528470192,0.02281051659720525,0.9427739181180927
id01877,0.06256226674170633,0.07394745683173651,0.8634902764265571
id17532,0.03128023336449004,0.03292624086742186,0.935793525768088
id22973,0.9758464637934087,0.013527660386996552,0.010625875819594906
id10254,0.13716807949002363,0.031231700074032476,0.8316002204359438
id20420,0.011050150754679746,0.9799956431590425,0.008954206086277689
id16052,0.9081284429352828,0.017678906705336613,0.07419265035938043
id19578,0.9778061234000789,0.011226742845542932,0.010967133754378036
id06318,0.049600152572191365,0.033051181272051,0.9173486661557577
id18751,0.9826635991419319,0.008463429425309914,0.008872971432758095
id06756,0.0347709343218677,0.009723965379171548,0.9555051002989607
id00364,0.6405666221837714,0.3156394109236693,0.04379396689255926
id10714,0.4065144715256421,0.2916218813481669,0.3018636471261909
id27432,0.931141837538772,0.009350697967726937,0.059507464493501035
id02395,0.01960107512239665,0.9653932757188888,0.015005649158714576
id00502,0.911353363034065,0.04629918691315627,0.042347450052778644
id22856,0.029965854544872245,0.029659791321133114,0.9403743541339947
id16391,0.018135081389269513,0.9726728475187219,0.009192071092008633
id18170,0.06986307495983118,0.7578725050913262,0.17226441994884262
id19642,0.9742820151645211,0.01539695967747238,0.010321025158006612
id15742,0.9822533711140653,0.008290929271745894,0.009455699614188608
id18984,0.010592978927108913,0.00941625447414208,0.979990766598749
id22155,0.014052101360011992,0.01197903853833907,0.973968860101649
id13113,0.18684585852445773,0.03263518926878639,0.7805189522067558
id03817,0.6417828736819595,0.06871669296350802,0.2895004333545325
id13090,0.9079484836504101,0.02356302971933786,0.0684884866302519
id23521,0.010805246970194806,0.9645733486782677,0.02462140435153741
id21376,0.033594214988035685,0.012548189135409055,0.9538575958765554
id21795,0.020358758603362725,0.9582681254203749,0.021373115976262506
id03548,0.023917260920798673,0.008889599419129576,0.9671931396600717
id05018,0.9603138385010793,0.02898965973374701,0.010696501765173724
id00085,0.11741966931752575,0.864078939273291,0.01850139140918327
id12163,0.4520868624505906,0.44164878447831796,0.10626435307109133
id15341,0.043337142907511256,0.036194517101405296,0.9204683399910836
id12896,0.06824361510313404,0.9144483092173883,0.017308075679477557
id24019,0.914983994448016,0.03104860624977734,0.053967399302206516
id24981,0.9642309363690156,0.023312161707527333,0.012456901923456989
id12456,0.09529111916687018,0.7641050403287353,0.1406038405043946
id24590,0.10781993757829603,0.2254849345564103,0.6666951278652937
id01276,0.01036756235147775,0.9796662491103327,0.009966188538189667
id04235,0.02127416162090616,0.03623914090876274,0.9424866974703311
id21844,0.03728665767024231,0.03758317112566732,0.9251301712040904
id16876,0.009528647652277816,0.9815467024650806,0.008924649882641486
id10137,0.02792918822299216,0.017676227707616347,0.9543945840693916
id26435,0.07666170908421488,0.025967509695936863,0.8973707812198481
id15912,0.015500813018811448,0.024481758101982398,0.960017428879206
id09361,0.015097943862493784,0.009171113647844403,0.9757309424896619
id00071,0.33183853457095297,0.020701395376842825,0.6474600700522043
id21006,0.9798400184951827,0.00915197033013858,0.011008011174678875
id20942,0.10671519541733866,0.025378669290418147,0.8679061352922433
id00137,0.946197243922865,0.04161213467919878,0.012190621397936165
id10494,0.8610359257048611,0.0967859204134987,0.042178153881640264
id02933,0.9387395232188239,0.010210483594590147,0.051049993186585846
id22661,0.030795193954102438,0.958584711260607,0.010620094785290687
id01024,0.047480641616830924,0.018520431815910253,0.9339989265672587
id02183,0.041550913109878934,0.9337077418192161,0.024741345070904752
id22883,0.06019742876141353,0.9273220301519007,0.012480541086685884
id14780,0.03408494791225452,0.9563106163713061,0.009604435716439296
id00543,0.02099197695720881,0.026559209126368607,0.9524488139164227
id21237,0.3521567975637124,0.062384933471259015,0.5854582689650286
id09864,0.03547855332971584,0.9189763613670304,0.04554508530325376
id26171,0.018160041116632532,0.008756677409741554,0.973083281473626
id08115,0.9019816505145843,0.03933232235056485,0.058686027134850764
id18417,0.11488190098228963,0.8012896640372305,0.08382843498047979
id27910,0.014692573517815787,0.01815992694731918,0.967147499534865
id16918,0.815256945647314,0.07680073302343,0.10794232132925596
id10236,0.011620424915030668,0.008744552017585342,0.9796350230673839
id22481,0.8733043940305785,0.07801148664266994,0.048684119326751506
id25843,0.14230962760169857,0.790134120508156,0.06755625189014534
id24660,0.9783147889417929,0.009626623957385217,0.012058587100821772
id09637,0.024990010595611595,0.9636108228563067,0.011399166548081749
id19022,0.04403231032431652,0.023963804881553977,0.9320038847941294
id16809,0.02873931495905979,0.009923639028209624,0.9613370460127305
id13162,0.019977121225060516,0.01213931337477814,0.9678835654001614
id05384,0.12007634354731629,0.8577767666787324,0.022146889773951513
id15361,0.010727925125268567,0.009186512789429594,0.9800855620853018
id03967,0.02338170278169747,0.9640430867795275,0.012575210438774824
id03839,0.01691322779583835,0.9746726953395951,0.008414076864566479
id19644,0.3907339116925792,0.07183980697170521,0.5374262813357157
id14817,0.015773223020046474,0.009399957471934157,0.9748268195080194
id04190,0.11840744612680783,0.44919563411480723,0.432396919758385
id19018,0.012743436139999549,0.9644488441475071,0.022807719712493214
id23557,0.11582191620241852,0.8707656906679244,0.013412393129656936
id25241,0.033371174608883045,0.009535777707100646,0.9570930476840163
id01223,0.029338331133686134,0.027709190332193767,0.9429524785341201
id07529,0.04874242063213962,0.9283864631273435,0.022871116240516895
id13517,0.5425767070815826,0.04095166465764561,0.416471628260772
id11759,0.969537674093129,0.010737392616782393,0.019724933290088686
id13741,0.019868498167972416,0.011773333888405619,0.9683581679436218
id03305,0.03576825219783347,0.021804668097950487,0.942427079704216
id16474,0.009361707056489902,0.9824186332145572,0.008219659728952864
id04156,0.1295375087225396,0.02023462075824595,0.8502278705192143
id23223,0.05970051972207093,0.9281645759051776,0.01213490437275144
id25193,0.22335743940491776,0.0309521292863018,0.7456904313087804
id02100,0.9832342358960305,0.008153053279734302,0.008612710824235275
id20032,0.03807732248152573,0.5732633227082076,0.38865935481026687
id22179,0.01923725042503242,0.012107609236424007,0.9686551403385437
id15359,0.9528810499778235,0.00982010891333222,0.03729884110884429
id02571,0.00931490008367602,0.9812001105831168,0.009484989333207256
id21450,0.9619931744082884,0.02473151471587458,0.013275310875837056
id17293,0.9690168429494025,0.019869264952165372,0.011113892098432061
id13056,0.5475490299448352,0.04260794144491454,0.40984302861025024
id16833,0.11741391510565773,0.016866320502721466,0.8657197643916208
id25681,0.03166669866891894,0.9533924148273436,0.014940886503737339
id21263,0.011562793426321381,0.008957955505092903,0.9794792510685856
id02323,0.014164296240347433,0.9661508253787786,0.01968487838087408
id16481,0.5164224516789231,0.044086361083784054,0.43949118723729297
id05781,0.9507129803304308,0.010657815464096734,0.03862920420547251
id14416,0.9015889971398551,0.07748995930350475,0.020921043556640297
id20650,0.013823177494085749,0.9532250802549026,0.03295174225101172
id04357,0.9471017065340914,0.01632605137721579,0.03657224208869266
id16663,0.014175200727133172,0.014433618730434226,0.9713911805424326
id18312,0.8822814954236423,0.015195502174847738,0.10252300240150998
id24780,0.010605667656287567,0.009224784576470175,0.9801695477672422
id17348,0.023077204338038948,0.020338597884628433,0.9565841977773325
id22993,0.9587156508429863,0.008699193813056472,0.03258515534395741
id04847,0.026622342193700153,0.019382643643177516,0.9539950141631223
id27880,0.009869656229533211,0.9811521257556115,0.008978218014855325
id21160,0.026305882298900258,0.06766400399961581,0.906030113701484
id03354,0.21944855912183645,0.726411878214917,0.05413956266324643
id11002,0.028347273758875052,0.009493083385956277,0.9621596428551686
id02425,0.06833088067839478,0.018093894119277663,0.9135752252023275
id14067,0.9327065335137419,0.014620085106680968,0.05267338137957701
id05886,0.08073664130576971,0.010916540082654597,0.9083468186115756
id09256,0.9619201973710025,0.016408304727606904,0.021671497901390675
id11511,0.04584153966063336,0.022952971771454386,0.9312054885679122
id09029,0.05571420670835038,0.9134377764118654,0.03084801687978435
id22563,0.059631073288654766,0.035866361610026286,0.9045025651013189
id27838,0.723480035308717,0.02271171043120751,0.2538082542600755
id23184,0.9448153891070181,0.0360083316465967,0.01917627924638532
id15335,0.8824320088814339,0.09538654563793876,0.022181445480627424
id08607,0.9692081224754134,0.015401897497852599,0.015389980026734053
id26516,0.9040569578637715,0.07061084782739577,0.025332194308832812
id12417,0.19506363981564392,0.41631724264696657,0.3886191175373896
id21758,0.9767115666020402,0.01206792995711523,0.011220503440844564
id00729,0.06418435314591275,0.9251612766363148,0.010654370217772362
id25504,0.030147315303736547,0.9595535449414632,0.010299139754800228
id00360,0.015283679397632591,0.018637415613417016,0.9660789049889503
id05913,0.04829634368986481,0.9022882078690453,0.04941544844109002
id00089,0.10207893841755981,0.8857780588614811,0.012143002720959032
id03511,0.9602228783530814,0.011887059998316398,0.027890061648602093
id00449,0.0125707500325051,0.012226899343642496,0.9752023506238525
id14504,0.16613757583073152,0.6846165493795603,0.14924587478970813
id19106,0.9824225190748308,0.008686549332133078,0.008890931593036248
id19236,0.02111190026465887,0.9622711946008545,0.016616905134486465
id12743,0.9531908810568933,0.021902911899396638,0.02490620704371003
id04662,0.021691596343912257,0.012951543014310745,0.9653568606417771
id15139,0.05578897709965476,0.01790283339773617,0.9263081895026091
id07233,0.056573099613114276,0.039690977524333246,0.9037359228625526
id19160,0.974438551260864,0.015174273673216632,0.01038717506591936
id06867,0.010193583502757082,0.9802804666610118,0.009525949836231179
id04236,0.019527794930247436,0.9553112570597964,0.02516094800995625
id07591,0.01788140594450851,0.010831442300378148,0.9712871517551135
id25815,0.05387275306600191,0.04762799304422613,0.8984992538897719
id10925,0.9450066460393927,0.03144124229987725,0.02355211166073004
id27774,0.9436830367759528,0.037744316189120504,0.018572647034926847
id16090,0.05942756802151883,0.8754285235080121,0.06514390847046896
id24875,0.016968551859271923,0.01078843380388796,0.97224301433684
id03456,0.8406280759608242,0.03416830598453039,0.12520361805464536
id07559,0.03207467563328349,0.9480582335700812,0.0198670907966354
id10513,0.01643229372562794,0.9680252573837056,0.015542448890666367
id07094,0.9370546973371895,0.03151233042133832,0.03143297224147205
id04111,0.03572780430900962,0.011252391160785481,0.9530198045302049
id23356,0.9469190329008657,0.019317315642962463,0.03376365145617181
id04435,0.042143593567876454,0.010734700115707277,0.9471217063164163
id23706,0.038097051100031525,0.010323673236013986,0.9515792756639546
id04655,0.0573575529458363,0.011496450094190867,0.9311459969599728
id07661,0.08721330768305538,0.18471675070814472,0.7280699416088
id27176,0.07156224545739119,0.8238070721886597,0.10463068235394919
id13560,0.04603035943287705,0.053992186276584954,0.8999774542905381
id18020,0.5973398421245071,0.03551794429303586,0.3671422135824572
id16701,0.80983844856032,0.06907533451014376,0.12108621692953615
id19252,0.9247097490787837,0.015101704314981012,0.06018854660623529
id00910,0.2919164925335359,0.6644446401379765,0.04363886732848759
id12102,0.9778941699706543,0.008905348788026953,0.013200481241318736
id15820,0.93022100701531,0.015727189373522157,0.05405180361116796
id10698,0.9574529154590232,0.01541085047390789,0.027136234067068804
id15530,0.04007919438653377,0.07896110021202235,0.8809597054014437
id10740,0.9815393230853876,0.008374032035302851,0.010086644879309638
id24917,0.034219666126416345,0.01185356851757079,0.953926765356013
id07985,0.02997276685832454,0.06187441496450341,0.9081528181771722
id15897,0.16905560217756002,0.0899029733952354,0.7410414244272047
id07960,0.19557782528349582,0.08037917580038287,0.7240429989161212
id15529,0.3044279463489,0.1219099743510368,0.5736620793000633
id17855,0.38359794927308716,0.5610720015377001,0.05533004918921265
id24727,0.9658202766234276,0.017785240744591268,0.016394482631981105
id14835,0.929234960352653,0.01106272143844333,0.05970231820890361
id25557,0.040467190056430645,0.0511994659426685,0.9083333440009008
id18605,0.014122889120565595,0.009700396709264258,0.9761767141701702
id27760,0.9699456306092404,0.015789974175459534,0.01426439521530009
id10042,0.011782902316570415,0.0092600318319287,0.9789570658515008
id12074,0.04834287219858147,0.9258928469223376,0.025764280879081017
id19511,0.47842075175546595,0.060418416479336566,0.4611608317651976
id21924,0.03658110264902346,0.9527599463619155,0.010658950989060924
id13095,0.32017791495852643,0.315719682863157,0.3641024021783165
id11873,0.01508243088156387,0.009538580955002969,0.9753789881634333
id23651,0.09798421766960973,0.8704489361801343,0.0315668461502561
id09931,0.3520264614006472,0.023913495048062724,0.62406004355129
id05155,0.03627570813976751,0.03644075985510367,0.9272835320051289
id17668,0.9593578758899112,0.022779892179093868,0.017862231930994836
id03470,0.9528672950367021,0.03665233954640333,0.010480365416894689
id02208,0.9720342334247694,0.018441104380839478,0.009524662194391194
id07650,0.010010932278641683,0.978092116450377,0.011896951270981343
id24472,0.9745588738184764,0.011511331467562004,0.013929794713961642
id21211,0.013784528436359359,0.9646964271788612,0.02151904438477945
id11030,0.9501947637956559,0.0314920029590749,0.018313233245269234
id00943,0.010013686855215366,0.9750073112345468,0.014979001910238005
id19156,0.02012784704459968,0.012791593147028268,0.967080559808372
id22886,0.01872291975109289,0.01536284081031427,0.9659142394385928
id00992,0.01399439129371837,0.9764413841882055,0.00956422451807618
id27547,0.9643641983578439,0.018159589128961116,0.017476212513194894
id24073,0.9739717028553583,0.016047210233807892,0.009981086910833862
id05452,0.9555137322205343,0.025396834935100934,0.01908943284436477
id22492,0.013805990008978369,0.9636901492894581,0.022503860701563617
id11981,0.8990001125545396,0.07720196271830315,0.02379792472715713
id15552,0.00901866871778764,0.9811240436248336,0.009857287657378843
id04471,0.01521273422943279,0.014931789362425656,0.9698554764081415
id09231,0.017951700727586162,0.9066782675651118,0.07537003170730201
id12493,0.9301313216224375,0.022529139062238242,0.04733953931532419
id24967,0.7634296271369719,0.04371023974819562,0.19286013311483235
id05865,0.2325604644504255,0.04410365831403288,0.7233358772355416
id04811,0.9527319055996148,0.01964284833262785,0.027625246067757243
id19877,0.061655948390664746,0.034763280184471786,0.9035807714248635
id04024,0.041774269426024246,0.94847521602219,0.009750514551785862
id00395,0.08931876457568412,0.02294223339316275,0.8877390020311532
id22728,0.03281079061395889,0.9524411144573856,0.014748094928655385
id01268,0.8662327534202388,0.11416819248946043,0.019599054090300785
id08896,0.754048947591787,0.03031594669522216,0.21563510571299074
id09971,0.374865131906927,0.5254131569789846,0.09972171111408851
id26606,0.029100389829620606,0.031167828972500426,0.939731781197879
id27970,0.272689428389501,0.041726136329287164,0.6855844352812119
id25259,0.9812484094865369,0.008575410496065377,0.010176180017397585
id13834,0.027076418489311232,0.020532524071237124,0.9523910574394515
id19513,0.7463536801015851,0.03323650564706417,0.22040981425135062
id16082,0.08016368815887416,0.8995948796313923,0.020241432209733644
id22180,0.016893814901257607,0.011734995623840517,0.9713711894749018
id20498,0.917274157016356,0.027402708803628367,0.055323134180015714
id27595,0.010333159041034773,0.008450404770889569,0.9812164361880757
id08267,0.7023023972645346,0.08046396202024386,0.21723364071522155
id12823,0.9711332613596075,0.015893838959038935,0.012972899681353432
id18842,0.017039689645287938,0.9685630817629903,0.014397228591721638
id17534,0.9409214827957861,0.033119714054652874,0.0259588031495611
id05777,0.9648407283435844,0.014599811899488066,0.02055945975692757
id21689,0.9343627917200434,0.05314382767628173,0.012493380603674917
id18114,0.12529194428017612,0.6539488636063946,0.22075919211342918
id17707,0.0625167609624979,0.013081087457825002,0.924402151579677
id22956,0.02601812647654477,0.9635024322383811,0.010479441285074241
id27834,0.015710344074041562,0.016533368056620375,0.9677562878693382
id11377,0.021882200150405047,0.906382864195046,0.07173493565454896
id08333,0.8271491587959525,0.1493087661894104,0.02354207501463714
id07445,0.8950697866952766,0.06677907296357566,0.03815114034114766
id22703,0.9113761307305378,0.04217586292738028,0.04644800634208183
id09468,0.03389637861502073,0.9325602216001754,0.033543399784803835
id19397,0.04490757642355632,0.03628516914950252,0.9188072544269411
id07977,0.9498679122633006,0.019933555743736356,0.030198531992963146
id14555,0.02413377235231295,0.013428410266973985,0.9624378173807132
id02489,0.017677600268161765,0.022388623447533937,0.9599337762843042
id10445,0.9262275332458093,0.021834132677322836,0.05193833407686794
id02058,0.05254999787767146,0.041639702375004355,0.9058102997473241
id23101,0.9117508713997386,0.048320818530127325,0.03992831007013408
id18072,0.06707323122649884,0.3359706412838218,0.5969561274896793
id21085,0.08869463760885388,0.01455050463407646,0.8967548577570698
id16584,0.017864451162848568,0.008646975606941951,0.9734885732302094
id23136,0.01591081940770667,0.009502315680972907,0.9745868649113204
id17745,0.01782510386688054,0.04722215428438496,0.9349527418487344
id27391,0.928567812759273,0.01911834883128962,0.05231383840943749
id17240,0.02141139665437989,0.9692784390929825,0.009310164252637596
id11708,0.9159810878140023,0.023965518599986062,0.06005339358601159
id08712,0.02268633681775246,0.9624949046291607,0.014818758553086793
id23809,0.07526061909362036,0.03322976762812335,0.8915096132782564
id07274,0.9665906289582323,0.021362712309893332,0.012046658731874237
id15625,0.19668317661716042,0.574508112993704,0.22880871038913556
id22815,0.9227208728352952,0.06398011937205296,0.0132990077926517
id23200,0.9581303814244106,0.02595868038006468,0.015910938195524558
id04369,0.28510005119457427,0.08091318956426073,0.6339867592411651
id04659,0.8446058012734878,0.049489676093882766,0.1059045226326295
id05051,0.01397912924087858,0.013227709990282756,0.9727931607688388
id07815,0.032052982053063485,0.7052230364328315,0.2627239815141049
id27535,0.9600684189010508,0.021444097997944726,0.0184874831010046
id11916,0.024200086282837284,0.01587422932457911,0.9599256843925835
id07097,0.4468214573575119,0.3797353657672351,0.17344317687525315
id24599,0.9667010442824348,0.01498619050854042,0.018312765209024733
id03434,0.047619159549783914,0.03528079512529676,0.9171000453249192
id01685,0.05151117560241708,0.9199104374444309,0.028578386953151853
id23165,0.9052051081256361,0.07186533387962674,0.022929557994737018
id08601,0.06433931796596315,0.92559395203116,0.010066730002876677
id19593,0.9637526801238984,0.01823495793011929,0.018012361945982252
id04582,0.046281169962501666,0.013654977163258608,0.9400638528742398
id25659,0.9032491473284563,0.0574855192201247,0.03926533345141914
id08590,0.016692057333973144,0.009261644123485775,0.9740462985425411
id21959,0.1581772189282787,0.8066567008797383,0.03516608019198287
id21373,0.955006913415066,0.02475426987210857,0.02023881671282535
id12581,0.03950767668447204,0.017406143425560815,0.9430861798899672
id05240,0.6106188176156494,0.35031571509523746,0.039065467289113184
id25188,0.01081001724406623,0.00856182410587372,0.9806281586500599
id15719,0.021088183740013193,0.9497417804512732,0.029170035808713655
id17546,0.8031394644356968,0.06550891397878444,0.13135162158551883
id18546,0.6982278493725401,0.09895931819064005,0.20281283243681972
id16043,0.03316797303764383,0.17746701123706585,0.7893650157252904
id05236,0.9794427193618411,0.011114411589228908,0.009442869048930103
id01665,0.9769445635960503,0.013492926570308896,0.00956250983364085
id12811,0.9106751257673588,0.029182112585175588,0.06014276164746557
id11468,0.017690651761680037,0.017849853288483694,0.9644594949498364
id20311,0.5555157091752598,0.1395985132199778,0.30488577760476254
id04045,0.01687808360064468,0.00928247315712079,0.9738394432422345
id02671,0.030961910872356814,0.05347502314529081,0.9155630659823523
id19889,0.013350024615761015,0.9691869285772721,0.01746304680696693
id10371,0.07213318512225347,0.5925084908430406,0.3353583240347061
id13583,0.08482349493697808,0.05915528143144883,0.8560212236315731
id11070,0.8973479605196556,0.08886081432106055,0.013791225159283894
id13087,0.030061167386932715,0.9463159680035412,0.02362286460952603
id21670,0.029186954052784504,0.029333645172051323,0.9414794007751642
id16432,0.009790157140999168,0.9763742951307773,0.013835547728223416
id13899,0.9275244882528555,0.0506210238627625,0.021854487884382094
id02925,0.021604755038150403,0.968353565072281,0.010041679889568519
id27528,0.03995501540274598,0.9468104614048647,0.013234523192389375
id15950,0.9601784424456725,0.011571793169657068,0.0282497643846705
id07604,0.9229185656663312,0.015883925205545536,0.06119750912812326
id12682,0.9335491920164941,0.02142834550461222,0.04502246247889381
id16688,0.13360193794447617,0.8459976580210112,0.020400404034512525
id24150,0.01003944219998098,0.9811443443104676,0.008816213489551313
id04599,0.024635693587502033,0.010023264650416409,0.9653410417620816
id05609,0.01784235324246105,0.9633147641430395,0.01884288261449956
id27242,0.01771833422507473,0.010843478218946847,0.9714381875559784
id03464,0.686801127038042,0.1741099074969613,0.13908896546499658
id20129,0.015041970710069432,0.008447637922554912,0.9765103913673756
id07890,0.021648028445171524,0.9682981426748684,0.010053828879959953
id24082,0.8561610266195604,0.038267649715718555,0.10557132366472091
id18550,0.010980381221396884,0.008350205539574121,0.9806694132390291
id13345,0.07001000884520409,0.036239367802725776,0.8937506233520701
id21162,0.8810254104498387,0.08825444481727086,0.030720144732890368
id05896,0.01917897946869367,0.0326082587350632,0.9482127617962433
id00549,0.01747520348511737,0.013152246760599205,0.9693725497542833
id19986,0.06440780410637875,0.014209396770374626,0.9213827991232467
id12287,0.2850535174861089,0.032030724781973836,0.6829157577319174
id21149,0.05971714089905158,0.020238721712944035,0.9200441373880045
id15937,0.026244577656448012,0.9279992104202942,0.04575621192325766
id18043,0.9238279609939076,0.017729011858870884,0.05844302714722159
id19288,0.9669550392251907,0.017908252382343753,0.015136708392465713
id16304,0.02302316559040766,0.010968182206104899,0.9660086522034874
id03605,0.9705985513438028,0.015496483859407342,0.013904964796789935
id00126,0.03344630005940414,0.10945631037662909,0.8570973895639669
id11734,0.45980176352229557,0.08826813648765448,0.45193009999004985
id20670,0.019198796020323435,0.9572145432813037,0.0235866606983728
id02266,0.020251280726312392,0.01472809878512907,0.9650206204885585
id06651,0.014186113778308456,0.9442153779079705,0.04159850831372098
id12969,0.9793232238165908,0.008876932701503474,0.011799843481905724
id15664,0.07716656388938417,0.9054512372902553,0.017382198820360472
id09699,0.09042700837299153,0.08579903218313578,0.8237739594438728
id07426,0.045477408873380115,0.01719962947855218,0.9373229616480676
id12040,0.014254657308353586,0.9773266833932748,0.008418659298371814
id22961,0.9088519548352585,0.051726166564361846,0.03942187860037956
id23971,0.020142117415093672,0.9701449076148664,0.009712974970040035
id21433,0.863635403701936,0.04909432605391873,0.08727027024414531
id12028,0.013097803288230526,0.976230617722915,0.010671578988854579
id15673,0.03324686297169744,0.9355936799740906,0.031159457054212043
id18681,0.24254303613598444,0.05867568937747144,0.6987812744865443
id21339,0.6981259630651866,0.2758792796461229,0.025994757288690534
id23755,0.8916898920532186,0.06676657382103582,0.041543534125745685
id10369,0.011857732293889516,0.011663118412261196,0.9764791492938494
id03917,0.039514937731887634,0.0427157805677945,0.9177692817003178
id17078,0.023840414730958437,0.6797613280594954,0.29639825720954616
id10873,0.9584935170419026,0.015674931032215355,0.02583155192588201
id21158,0.8979798043491898,0.01546272206143231,0.0865574735893779
id16491,0.9692777801309416,0.01150407321902842,0.019218146650030143
id23930,0.009522331564264665,0.980871631298795,0.009606037136940273
id16048,0.03474166663954444,0.9455127448077607,0.019745588552694846
id10070,0.9795043966504745,0.010756284215760662,0.009739319133764794
id24962,0.45008561872850783,0.03620758974075608,0.5137067915307362
id27787,0.9210782161955003,0.021372335044202495,0.05754944876029728
id16840,0.555989427953272,0.17422921176845466,0.26978136027827315
id01994,0.9673403629129541,0.01762242024798652,0.015037216839059422
id10756,0.017939709610266266,0.010492803608038103,0.9715674867816956
id16697,0.02486118404691257,0.0909965937273431,0.8841422222257443
id19603,0.061333127213618416,0.9011080224933897,0.03755885029299194
id03903,0.9378691593963745,0.029485953245763905,0.03264488735786168
id20992,0.1731474468203768,0.06062155601592241,0.7662309971637008
id15687,0.0277517755911083,0.9619387017778405,0.010309522631051305
id19769,0.040572571404690685,0.8228448307764682,0.13658259781884105
id06048,0.15645310182958838,0.807529057074464,0.03601784109594772
id25098,0.020955668867484213,0.9674209627628323,0.011623368369683586
id16091,0.2194147411439766,0.7461101621124385,0.03447509674358481
id27192,0.9130519817939469,0.03614562560697516,0.05080239259907788
id05897,0.058791679228476064,0.03886648932049622,0.9023418314510276
id00828,0.5692083784997849,0.31777158719164933,0.11302003430856568
id20605,0.9547554214097306,0.010461552092895076,0.03478302649737441
id05872,0.04689590459021725,0.10318415871937431,0.8499199366904084
id00761,0.9805647024159895,0.00875082353529464,0.01068447404871594
id19573,0.045932886859600765,0.04546135943663488,0.9086057537037644
id03081,0.015428872515128948,0.0113043241602308,0.9732668033246403
id04887,0.1105115885640408,0.06798641918807727,0.8215019922478819
id17700,0.023320134161744666,0.016032151846984297,0.960647713991271
id03250,0.9331465789929279,0.04692547438380343,0.019927946623268654
id21027,0.009403623903471967,0.9810182655290205,0.009578110567507478
id19567,0.9131466473595581,0.0685494250228025,0.018303927617639312
id05661,0.07241940100553051,0.025812248057895212,0.9017683509365744
id27405,0.9557728834009922,0.022037769916277757,0.022189346682729934
id01546,0.019025023566258768,0.9641315671307876,0.016843409302953652
id02288,0.009588205359619366,0.9812817737536932,0.00913002088668753
id11057,0.025155487668487155,0.010527167489985273,0.9643173448415275
id09191,0.012104264574539933,0.9647281824011651,0.02316755302429491
id19074,0.012670391672827463,0.011541326183233218,0.9757882821439392
id25012,0.9434242235239056,0.04187188280798354,0.014703893668110769
id24857,0.030228953639509448,0.9549867108522357,0.014784335508254845
id07557,0.04021010911839303,0.05501691606760581,0.9047729748140012
id23072,0.9814145065142568,0.009205428926720705,0.009380064559022449
id20317,0.9351756228622465,0.042710511719333356,0.022113865418420114
id16642,0.9391300208503711,0.022340277484437173,0.03852970166519166
id04211,0.02439748834279175,0.08462142728940482,0.8909810843678034
id22871,0.010386553038076118,0.9809971353273645,0.008616311634559495
id16178,0.010671055457383238,0.00853590781616508,0.9807930367264516
id25172,0.027610032779060278,0.02671468200575599,0.9456752852151838
id15654,0.9443589755836606,0.02165307098799126,0.03398795342834821
id26067,0.9430782349147924,0.01497724611808713,0.04194451896712033
id11955,0.08873600703031115,0.05823682046180948,0.8530271725078793
id24939,0.02056212720108063,0.018486860188263607,0.9609510126106559
id07378,0.9636865144833139,0.018809394548677572,0.017504090968008496
id22455,0.01272850840550543,0.9704093862024725,0.01686210539202195
id12850,0.05686364223735961,0.02275411605720465,0.9203822417054358
id12403,0.9777647706989042,0.008853285141235326,0.01338194415986047
id11593,0.039101830522595526,0.8107450600660295,0.15015310941137502
id27776,0.9324915575684891,0.023602810570654317,0.04390563186085651
id14497,0.011780855074693636,0.00848854155706723,0.9797306033682391
id24628,0.024081680324561046,0.01817036132253674,0.9577479583529022
id11283,0.08177466824966063,0.014341257469958379,0.9038840742803809
id00459,0.9618881749219678,0.02689200674635097,0.011219818331681139
id11310,0.025964290784185204,0.9605631577421483,0.013472551473666527
id05177,0.019309587560270344,0.9694622321933853,0.011228180246344461
id22598,0.012300356416502107,0.9748942051527828,0.012805438430714938
id05214,0.20756344040495864,0.029262979616944122,0.7631735799780973
id22797,0.9248980999128853,0.012987850508857129,0.062114049578257606
id15832,0.023994160092911658,0.02803877261007438,0.9479670672970141
id00479,0.04734002374712226,0.9418253525642789,0.010834623688598971
id05840,0.045278401305444624,0.20163085535568476,0.7530907433388707
id27489,0.010523433853762757,0.008493241272603952,0.9809833248736333
id03281,0.009790446960808299,0.9810622009983188,0.009147352040873056
id27046,0.878531852318971,0.022650430802975994,0.09881771687805305
id09213,0.016808649617727083,0.009499712888761357,0.9736916374935116
id18775,0.9724619909294406,0.0146655137545016,0.012872495316057784
id09731,0.8865232765208773,0.07083171926401684,0.04264500421510588
id25031,0.07095341160702365,0.05843254751154924,0.870614040881427
id11945,0.04458307961681175,0.3003702428954121,0.6550466774877762
id20286,0.9658263290673806,0.021905490640426108,0.012268180292193391
id27960,0.03191047256106314,0.0386635660950239,0.9294259613439129
id13206,0.023315823986612874,0.013639585139026725,0.9630445908743603
id09964,0.6375418715920717,0.06866819276193738,0.29378993564599104
id16811,0.05110684224311626,0.9044615918895118,0.04443156586737189
id08948,0.8049832839732759,0.17600731408360795,0.019009401943116212
id17636,0.010459269929947695,0.008956220977577773,0.9805845090924744
id14046,0.1269584039216724,0.024972983891750455,0.8480686121865771
id22873,0.9319927715180009,0.013146398064556683,0.0548608304174425
id09962,0.012091507353642358,0.029439661922070134,0.9584688307242875
id26474,0.9713979760294235,0.009179732149116951,0.019422291821459464
id11898,0.06874142984610809,0.9002096651459303,0.03104890500796179
id25477,0.9772695251020603,0.011844518349433373,0.010885956548506309
id25457,0.9432215489373144,0.020013904225365833,0.036764546837319896
id26675,0.023172890627277263,0.0272737941208831,0.9495533152518397
id04422,0.016546883578030462,0.01558621122791374,0.9678669051940558
id04237,0.2903954040658872,0.3060754365839364,0.4035291593501766
id07049,0.015410148011152237,0.9690092207672137,0.01558063122163406
id18211,0.6158859436710036,0.1621435691814805,0.22197048714751583
id16033,0.032106564456987986,0.9314616440446875,0.03643179149832464
id16680,0.9048906525906569,0.012613230254743738,0.08249611715459924
id08977,0.05137615066251242,0.909050528429653,0.039573320907834685
id18494,0.011383694699323477,0.9782990785705606,0.010317226730115847
id07714,0.013214972095188826,0.00878906844498045,0.9779959594598308
id01243,0.39510231626973347,0.046472511140750884,0.5584251725895156
id18562,0.01596889092338689,0.9731296705246398,0.0109014385519733
id03147,0.020194636219928633,0.01583563931367059,0.9639697244664007
id24138,0.9301023634500002,0.021545168496073748,0.048352468053926116
id21062,0.9594703391763616,0.012193357292556906,0.028336303531081356
id25053,0.018460290508652995,0.017968762893568028,0.9635709465977791
id14390,0.022710986111359858,0.010617574676575781,0.9666714392120643
id10122,0.08204871947924619,0.021753815486788952,0.8961974650339648
id13160,0.1706746311413191,0.8048075058029095,0.024517863055771347
id00780,0.011987419294876631,0.9752823908212356,0.012730189883887707
id20996,0.9379296001239428,0.018597972911402052,0.04347242696465527
id16008,0.9026187966883683,0.06463699157522058,0.03274421173641113
id10522,0.040101236769707164,0.9319249184861713,0.02797384474412163
id18498,0.300570453448883,0.035257626400286804,0.6641719201508303
id09341,0.01413058663944382,0.9752474273732181,0.010621985987337882
id22456,0.8086248718109087,0.041723168972459014,0.14965195921663219
id07592,0.012109610815721523,0.9703761086475416,0.017514280536736992
id25634,0.9775765448274321,0.009518894197339868,0.012904560975228097
id15011,0.902347478442535,0.08662714445462244,0.011025377102842564
id14245,0.9661074369311334,0.015342518808244032,0.018550044260622414
id21107,0.41775564884731453,0.020967972596336915,0.5612763785563486
id01881,0.3584095548991891,0.5410694296612477,0.10052101543956302
id12772,0.0646802932854368,0.7355648116731034,0.1997548950414597
id17589,0.9623645749510492,0.008639447944007348,0.028995977104943428
id24421,0.013690066994499627,0.011852652738084463,0.974457280267416
id22088,0.04431973239172276,0.07139642539767661,0.8842838422106007
id21687,0.09097520829953883,0.04873379733509821,0.860290994365363
id17810,0.017451143805497928,0.009271291341952299,0.9732775648525497
id25153,0.011875299486415844,0.9648935115058326,0.023231189007751625
id18083,0.11507712919943347,0.8558869948722518,0.029035875928314792
id00655,0.05217778537387741,0.013723712534186057,0.9340985020919366
id13195,0.4582377738562231,0.06582452305211985,0.47593770309165717
id23708,0.01106195377200019,0.9474414501447092,0.041496596083290586
id17977,0.12243881151270235,0.024462928565290615,0.8530982599220072
id10501,0.048637285580951595,0.9263372207241956,0.025025493694852723
id08697,0.8298276552674845,0.14130944736094786,0.02886289737156763
id09269,0.009137487281030707,0.9807596229081887,0.010102889810780495
id21153,0.9808460156173173,0.009612292434843989,0.009541691947838733
id06257,0.9161438238138306,0.0387323790936033,0.045123797092566184
id08366,0.08006161626561789,0.05094787846670362,0.8689905052676786
id00263,0.8704706875487873,0.10852813327086189,0.021001179180350837
id14445,0.8978873808435028,0.012251472228790914,0.08986114692770637
id18864,0.020821805670620554,0.013374101959406305,0.9658040923699732
id18427,0.7516646731876017,0.02180359874364085,0.22653172806875765
id24348,0.021834659421164925,0.017429219165790735,0.9607361214130444
id17329,0.9784760992438691,0.010562326836743328,0.010961573919387384
id07519,0.03946534370807487,0.9384783088837909,0.022056347408134194
id17995,0.015602762486032967,0.011643714934331122,0.9727535225796359
id25329,0.9094757265567922,0.07324169408173423,0.017282579361473448
id14513,0.9786978683493524,0.011119127547096288,0.010183004103551246
id10203,0.037874352885975446,0.9361635609181028,0.02596208619592156
id25887,0.9567405595092127,0.012741524673037638,0.030517915817749635
id08186,0.14870868297109727,0.0307650751083558,0.820526241920547
id20535,0.027650546192275124,0.9480769527551249,0.02427250105259989
id06411,0.021427457348262863,0.02329536929378387,0.9552771733579533
id11984,0.9664193120350915,0.013218749394006355,0.02036193857090224
id16389,0.029634141693816292,0.789977218338131,0.1803886399680527
id23333,0.9782010912171918,0.011520691684598124,0.010278217098209962
id19447,0.32440015608101747,0.07157116076371617,0.6040286831552665
id01461,0.6992460015929456,0.09664809656474278,0.20410590184231167
id25601,0.012341928799673389,0.9782741759409188,0.009383895259407665
id04803,0.840610244249936,0.12476286979975992,0.03462688595030417
id19029,0.013527149947073254,0.9752577408407676,0.011215109212159081
id11507,0.17212475962325882,0.032118982623445154,0.7957562577532961
id13246,0.045225294740210774,0.01160637066348994,0.9431683345962995
id26927,0.07887680538146333,0.012390024371947209,0.9087331702465895
id12423,0.9775848338397135,0.012563546803446417,0.009851619356840086
id09601,0.024158775309323543,0.9385184562776732,0.03732276841300345
id23100,0.034889547774814386,0.025207780734109883,0.9399026714910758
id21939,0.9768795887944305,0.008771564478762714,0.014348846726806783
id16139,0.011391308446852998,0.011160011156727854,0.9774486803964192
id27334,0.9655588135295443,0.022425824936413628,0.012015361534042096
id22326,0.012262194637690049,0.008422658525077568,0.9793151468372324
id18527,0.011119980588355921,0.013197015680968802,0.9756830037306753
id05072,0.019078162769276413,0.008507869047864743,0.9724139681828587
id21820,0.018352283658126273,0.9730409869396024,0.008606729402271241
id13960,0.7680121186607585,0.04195364827409563,0.19003423306514586
id03958,0.9796709611524839,0.009345371218020473,0.010983667629495758
id10849,0.7490324608432465,0.21883850168598182,0.03212903747077181
id06252,0.9681772881459936,0.008912513463718623,0.02291019839028789
id26045,0.9825780200265326,0.008534884259618994,0.008887095713848457
id04849,0.012108518045468938,0.9777214687461308,0.01017001320840044
id05215,0.7633346638768413,0.2061231719260683,0.0305421641970902
id22830,0.8928669573201133,0.08804482508509302,0.019088217594793785
id21325,0.0204071400879589,0.9559507176253891,0.023642142286651936
id09287,0.0127239205182236,0.008994486595513367,0.9782815928862629
id24354,0.03668430516175079,0.9293854218502293,0.03393027298801998
id06784,0.029338959608609983,0.9575869746690987,0.013074065722291289
id03848,0.09158170592348264,0.018265779491985646,0.8901525145845317
id01410,0.27794372781360616,0.05326915260983592,0.668787119576558
id00874,0.10704512882223172,0.02970701018325021,0.8632478609945181
id00784,0.02764939222251558,0.009070183601489822,0.9632804241759947
id19909,0.0400989689413667,0.9482233572613128,0.011677673797320405
id18906,0.016432353866166795,0.9602219088989249,0.023345737234908483
id18748,0.011870458281020452,0.011031220157708709,0.977098321561271
id04654,0.9474983705423872,0.029255574235457407,0.023246055222155407
id07608,0.49878473623558456,0.41990866419538936,0.081306599569026
id10845,0.011072476387342179,0.9650148402962364,0.023912683316421313
id10718,0.014545263313340554,0.008893944572845073,0.9765607921138143
id19100,0.03956881260728877,0.9436142230286799,0.016816964364031205
id10416,0.9610698261527897,0.015543702229609883,0.023386471617600504
id02535,0.014579763843252073,0.9624733939769617,0.0229468421797862
id23920,0.09811637722136408,0.010603019346400957,0.891280603432235
id16226,0.13758642346417793,0.812955397992764,0.049458178543058305
id09196,0.008927517723511304,0.9828602637613908,0.008212218515097755
id03368,0.06718527440181964,0.8146837563118666,0.11813096928631375
id27373,0.09581284892652574,0.053156608303598946,0.8510305427698752
id11497,0.8935973133754723,0.05404141663856801,0.05236126998595974
id07640,0.81999762339167,0.1366700002938126,0.04333237631451722
id22416,0.020652285448725164,0.9704652100752325,0.008882504476042353
id20303,0.02535993116986405,0.9652202332070361,0.009419835623099788
id13811,0.019543664711030553,0.010321089582676253,0.9701352457062932
id04365,0.01598689572096872,0.931587268639125,0.05242583563990618
id00199,0.014004606139117404,0.018133017067842858,0.9678623767930397
id24884,0.9818975624867781,0.008630040214151868,0.009472397299070023
id06763,0.013960184686284684,0.9591402567403681,0.026899558573347207
id18275,0.9294353415868464,0.025303502965632496,0.04526115544752128
id20971,0.7898420007202981,0.14460267379670166,0.06555532548300011
id01581,0.012581842051548562,0.011729013156589623,0.9756891447918618
id24805,0.031458802046932674,0.009919276339929659,0.9586219216131378
id07950,0.07535671552007779,0.8986871676953266,0.02595611678459568
id26346,0.030889766887027426,0.027576206727668955,0.9415340263853037
id24046,0.9349417721451364,0.016461170546377298,0.04859705730848631
id05548,0.042057218717185,0.9423609557798007,0.015581825503014403
id17433,0.9655522066744052,0.009024491170606072,0.02542330215498882
id18712,0.8619158315510772,0.06340807017736527,0.07467609827155765
id21128,0.061954946102952886,0.015312832893439928,0.9227322210036072
id02906,0.25321212205170734,0.052288501790210405,0.6944993761580822
id22201,0.09706693198576954,0.8889591069967135,0.013973961017516825
id08614,0.06777507058640307,0.8709102661599631,0.06131466325363387
id22484,0.03306497262874376,0.9540846113839253,0.012850415987331013
id16291,0.6688528508512276,0.2904880082685822,0.040659140880190375
id26869,0.31435492931334214,0.6590346738399917,0.026610396846666055
id18062,0.02301702806237892,0.9677053350778846,0.009277636859736378
id27078,0.9592136550882754,0.02734733213382306,0.013439012777901632
id02756,0.03165375222139298,0.01953716511704826,0.9488090826615587
id03454,0.2151952678501434,0.04478470929874619,0.7400200228511103
id02195,0.03785446755871067,0.0145783572945922,0.9475671751466971
id27418,0.020711629551321387,0.964836637060262,0.014451733388416514
id02733,0.9683840703493256,0.017049731762555316,0.01456619788811897
id15677,0.972574512929794,0.010579891381323528,0.016845595688882466
id08204,0.9632599181261283,0.019796591813683068,0.016943490060188793
id11529,0.9738061101367906,0.012348741935722296,0.01384514792748713
id14000,0.01811201561384064,0.011237048810992955,0.9706509355751665
id11866,0.9190489500477845,0.016461678423499642,0.06448937152871582
id14084,0.015684999271285,0.9729974123974526,0.011317588331262262
id17826,0.04399611375222615,0.041626751107849254,0.9143771351399246
id07289,0.018686649123392005,0.041751902217713015,0.9395614486588949
id05102,0.9205504470993432,0.04551812773649283,0.03393142516416394
id14779,0.37399472752924434,0.03686988863393191,0.5891353838368238
id19144,0.05626729642345807,0.9021412756773896,0.04159142789915251
id12372,0.017986230507138264,0.9495187026302486,0.03249506686261308
id05673,0.012493138964433255,0.9788005507176167,0.008706310317950104
id07343,0.03380206286113791,0.013961534161062727,0.9522364029777994
id10390,0.015475470582372865,0.9717376781027318,0.012786851314895174
id27323,0.020642026860761102,0.013407904125380609,0.9659500690138582
id26483,0.07550604373448809,0.8895543488584843,0.034939607407027694
id07690,0.8291675982904444,0.028926252677196406,0.14190614903235937
id22766,0.2649926365113367,0.03624973875790184,0.6987576247307615
id10289,0.9797871967219998,0.010735275063622138,0.009477528214378236
id22243,0.042293239074499556,0.9230557057028221,0.03465105522267834
id24509,0.07289468781415816,0.9090001337174628,0.018105178468379127
id02407,0.0298797436730011,0.9519941386326618,0.01812611769433716
id08746,0.05000588136027918,0.015659794008627836,0.9343343246310929
id12854,0.9217046324022241,0.04264110683302057,0.03565426076475543
id25598,0.03071850831358839,0.08559783620240956,0.883683655484002
id16973,0.07847431312970041,0.02160611218933847,0.8999195746809611
id20066,0.04226920925119313,0.028937131960500677,0.9287936587883061
id25966,0.010541932946272134,0.9784445139275416,0.011013553126186314
id21599,0.04173191844740612,0.043335316698024685,0.9149327648545692
id17112,0.9646881505039957,0.012903806531228612,0.0224080429647758
id01775,0.014770267926347223,0.969448895510177,0.015780836563475856
id08484,0.01983152641995377,0.015567007513048618,0.9646014660669975
id12094,0.011456551031244084,0.9783768580931924,0.01016659087556341
id25422,0.08027418552856418,0.03955500315053063,0.8801708113209054
id25063,0.03558153019032696,0.9484895460753104,0.015928923734362593
id25508,0.018526714204096486,0.016432749191435062,0.9650405366044684
id01575,0.8871908331161705,0.018231906167834447,0.09457726071599513
id24368,0.03854652939065783,0.0228209253043039,0.9386325453050384
id16823,0.012324322361271437,0.974194715031945,0.0134809626067835
id22747,0.0162935036581075,0.9722290797310454,0.011477416610846987
id19321,0.022043567251048647,0.02342549699527314,0.9545309357536783
id08220,0.01238963936121017,0.9640598844163809,0.023550476222409092
id12296,0.6659313190301178,0.03510286222021722,0.29896581874966505
id11186,0.9818342871014474,0.008912158347380128,0.00925355455117259
id10551,0.012400487658323038,0.977844305450414,0.00975520689126309
id20839,0.7273480202232172,0.19986637937183027,0.07278560040495255
id06118,0.9401443261029686,0.04076629966999078,0.019089374227040445
id06330,0.017572211154772678,0.9568075126444957,0.02562027620073161
id02669,0.18724721346656922,0.7536245805804258,0.05912820595300507
id14811,0.9782799165655481,0.012738997704579506,0.008981085729872258
id04728,0.9414666389444053,0.03143642335508252,0.027096937700512174
id16646,0.02905682964356845,0.012827425383526641,0.9581157449729049
id13018,0.011435676352468045,0.9786291346754832,0.0099351889720489
id15248,0.801252386455378,0.1683958417107114,0.03035177183391064
id23476,0.019109022758835494,0.9424855761750164,0.03840540106614814
id09208,0.017036512333924333,0.9700586120065843,0.012904875659491414
id19351,0.9686825354012187,0.016422317556005303,0.014895147042776065
id02009,0.6170676731262508,0.05172401179932647,0.33120831507442294
id00785,0.9632681374205034,0.01382979377134455,0.022902068808151935
id07975,0.13179395322079482,0.3910018555400171,0.4772041912391882
id17892,0.025438781169598416,0.8983642676059144,0.07619695122448727
id03299,0.06284359007075908,0.05312475661938692,0.8840316533098541
id15351,0.04978029075253916,0.8975191130524024,0.05270059619505836
id11066,0.919999890823281,0.059429184571039524,0.02057092460567953
id20485,0.02381285344970921,0.9660339883356287,0.010153158214662172
id13866,0.9531335319770714,0.023411245546210702,0.023455222476717753
id17335,0.048356602053968634,0.9268224119233753,0.02482098602265596
id15220,0.9063112870818025,0.06643899077707464,0.027249722141122923
id24047,0.9241456022971775,0.060386806069379004,0.015467591633443599
id15180,0.06061341425073642,0.7769452261964439,0.1624413595528198
id16921,0.02295302904355237,0.019544744721952306,0.9575022262344952
id17207,0.024095199707525834,0.008971829901450271,0.966932970391024
id15068,0.06344110693930037,0.026312084943138064,0.9102468081175615
id22013,0.9446689367700297,0.024884360615669735,0.030446702614300575
id11929,0.8365362880198904,0.026255586894839703,0.13720812508526978
id12540,0.03152896532175066,0.955574150543668,0.012896884134581248
id12582,0.31731415134430346,0.598515547642591,0.08417030101310567
id05261,0.03655416242737475,0.9429146262393155,0.020531211333309804
id08471,0.9416530109599529,0.04181785885984973,0.01652913018019746
id15209,0.12118273617819951,0.709873201718672,0.16894406210312857
id01148,0.9637413870610775,0.022095235409372454,0.01416337752954997
id26519,0.012618210992321794,0.010754390405063997,0.9766273986026143
id16510,0.9603304069187908,0.015965311605281033,0.023704281475928197
id03888,0.025262946661561415,0.9203623581861167,0.05437469515232177
id27926,0.9067742180470412,0.050638920695645954,0.04258686125731278
id05359,0.8929540631714281,0.019279617582015466,0.08776631924655631
id04274,0.9583594341788941,0.01877795145535564,0.02286261436575026
id21013,0.09824069455644792,0.07907819053283366,0.8226811149107185
id11443,0.03496429018720782,0.06107474892906991,0.9039609608837222
id09956,0.9526031261904391,0.02774594103285692,0.019650932776703937
id03138,0.13416610061801942,0.8145210084838775,0.05131289089810298
id08516,0.9710221856333259,0.015300328030723252,0.013677486335951
id08608,0.01053673574591145,0.008391641536286005,0.9810716227178025
id04629,0.01576340685367841,0.013323788399235004,0.9709128047470865
id19808,0.9740035783351627,0.01095123079113061,0.015045190873706706
id16578,0.024639394399925456,0.03100899385712774,0.9443516117429467
id04607,0.017621750102404517,0.9633976748481173,0.01898057504947831
id22816,0.02762451508915366,0.9590087124610702,0.013366772449776002
id27913,0.9472870333328189,0.0225202415271366,0.030192725140044497
id00346,0.019742800558078376,0.015873767390048515,0.9643834320518732
id02198,0.011739992923243441,0.9736693395972995,0.014590667479457082
id27303,0.9525955887581978,0.0337925559245689,0.013611855317233372
id07033,0.01895234552201442,0.02324756805608707,0.9578000864218984
id03546,0.12974051938373396,0.42844809485419105,0.44181138576207507
id14709,0.9819225246204096,0.008277998597898283,0.009799476781692172
id25348,0.9790234606725365,0.009840773364524338,0.011135765962939166
id19596,0.06269306599694785,0.02052015120736229,0.9167867827956898
id12265,0.0455561362056752,0.01671431978110957,0.9377295440132153
id01054,0.8555981365979064,0.024605649534106936,0.11979621386798658
id03002,0.02214050799481306,0.010020354477395365,0.9678391375277915
id25624,0.9803502746076677,0.008915869050697814,0.010733856341634637
id16202,0.9209314006575767,0.02700567853581474,0.052062920806608425
id08187,0.22466771559052945,0.7438749740758435,0.03145731033362723
id24373,0.5509197408286869,0.057830692299214996,0.39124956687209816
id06415,0.023666573932044962,0.019895396519889603,0.9564380295480653
id09078,0.27505407722441483,0.6800760662624417,0.044869856513143444
id25989,0.9149752166016061,0.013112603978551005,0.07191217941984303
id05431,0.08517463869375794,0.02251025415641415,0.8923151071498279
id16557,0.02583859502717241,0.9554758800975243,0.018685524875303405
id22749,0.9569246012803526,0.025894877237354435,0.017180521482293005
id00697,0.04420830707778938,0.027140159977867128,0.9286515329443435
id22969,0.9562251672119385,0.01688455527418496,0.026890277513876425
id07440,0.0201476088005568,0.015305826165217858,0.9645465650342254
id19872,0.02890470978479174,0.020216162539933816,0.9508791276752745
id06054,0.9103087596644461,0.06970760698774599,0.019983633347807797
id27862,0.17989311590584592,0.021910129545543923,0.79819675454861
id27186,0.22858715678513497,0.7038156246352529,0.06759721857961214
id01617,0.04122935567067076,0.020919566792363727,0.9378510775369655
id11922,0.03682189185490006,0.9541143410202217,0.009063767124878127
id15003,0.04618556650149648,0.8666659855638691,0.0871484479346344
id09458,0.05727259507992952,0.018716739758662317,0.9240106651614083
id03568,0.9751402393201071,0.012076709787404773,0.012783050892488055
id27132,0.9626678877329283,0.021516701472273934,0.015815410794797858
id24204,0.29074539491654044,0.47161427165251824,0.2376403334309412
id24736,0.8467943093515924,0.04112077383928466,0.11208491680912311
id06990,0.009026375456950614,0.9758944971245304,0.015079127418518981
id24155,0.029113651025062116,0.6277919282181929,0.343094420756745
id22129,0.011653443063363116,0.008471954972041364,0.9798746019645954
id00191,0.03541174144891943,0.012393772484971737,0.9521944860661089
id05185,0.19468414547842738,0.024349960027030392,0.7809658944945422
id13399,0.4204182108048639,0.5142767113625477,0.06530507783258829
id20862,0.9599014082595223,0.019194411574011108,0.020904180166466644
id06180,0.9735992214250675,0.012717108868447376,0.013683669706485166
id27225,0.9671735073370874,0.018503657738586643,0.014322834924326028
id09447,0.027420085237122433,0.8536406618028476,0.11893925296002984
id18125,0.9812511958524249,0.00914186518741007,0.00960693896016489
id04010,0.015885728738054,0.013920256417620713,0.9701940148443252
id17932,0.9675144762865755,0.0212435766177798,0.011241947095644802
id17948,0.9584736875302304,0.00861886752283368,0.03290744494693594
id18545,0.018446381930389465,0.048912659764030336,0.9326409583055802
id03389,0.9000218964216397,0.06593899555401932,0.03403910802434091
id02487,0.07562833582484177,0.014960857821183839,0.9094108063539744
id04924,0.938023001221039,0.028014466664139485,0.03396253211482166
id23553,0.04177501292373657,0.015408172150112169,0.9428168149261512
id16831,0.9796471535598238,0.0081991917589817,0.012153654681194595
id01296,0.9783297672731583,0.011356242451179664,0.010313990275661888
id12033,0.032101215502720756,0.04074913375829585,0.9271496507389835
id06913,0.01122460039971595,0.9593470302953588,0.029428369304925216
id15715,0.0734215071329374,0.8704481611003355,0.05613033176672707
id23432,0.07294346619878812,0.020588887064084366,0.9064676467371275
id01152,0.679616887878097,0.25514465560728383,0.06523845651461903
id16384,0.734061747879278,0.09978549160398525,0.16615276051673664
id04060,0.06939533816365645,0.019506400246418656,0.9110982615899248
id21604,0.9578758702317809,0.029119394998727954,0.01300473476949122
id11212,0.011360007193677643,0.01586942136475375,0.9727705714415685
id26589,0.03231605816778929,0.06586130423834362,0.901822637593867
id15858,0.9281811030524851,0.051941475218852534,0.019877421728662217
id02814,0.09889428397035047,0.26707736030673657,0.634028355722913
id18347,0.7467142915608851,0.03363784687846727,0.21964786156064753
id02517,0.054859900413201636,0.02254828013058784,0.9225918194562106
id20800,0.9680464509812651,0.009483661915884848,0.022469887102850125
id16428,0.9383742673408082,0.033693638086553755,0.02793209457263818
id23844,0.9819381038829632,0.009118438917877218,0.008943457199159456
id11149,0.01629301112772544,0.9733748454333992,0.010332143438875148
id12505,0.010267136936545882,0.9777954316308347,0.011937431432619385
id10850,0.057213345148305686,0.927932280820996,0.014854374030698253
id05706,0.9483873341056527,0.010824680710423674,0.040787985183923646
id23216,0.020151416338743063,0.07820214274219128,0.9016464409190655
id16618,0.016853437374095455,0.011822832132323375,0.9713237304935811
id04283,0.014271265705031387,0.9693045509986639,0.016424183296304736
id20374,0.02118433349174761,0.062117123445960175,0.9166985430622923
id07227,0.01117399778790849,0.9604058184381387,0.028420183773952896
id06396,0.9674548479401851,0.020328233128722877,0.012216918931092124
id08884,0.9804836842699121,0.009301163475010553,0.010215152255077263
id10983,0.9720355228561995,0.01725219751935566,0.010712279624444777
id07296,0.02478456572079974,0.9633614069379774,0.01185402734122291
id17683,0.06033293151547135,0.05700225191242964,0.882664816572099
id26473,0.023684340656086666,0.009916374231002237,0.9663992851129111
id06454,0.012040276524142256,0.008379696682009755,0.9795800267938481
id19166,0.9769662358745398,0.009160215178676125,0.013873548946784147
id08406,0.8737919244668808,0.05068564106156911,0.07552243447155002
id25126,0.03781136794808056,0.014481723740160053,0.9477069083117594
id27593,0.954109912768303,0.031821944111515774,0.01406814312018138
id24613,0.41363730986467745,0.041652779723924706,0.5447099104113979
id26586,0.9062040910928711,0.04296189146465405,0.050834017442474816
id25719,0.02187523082614455,0.013920595699393693,0.9642041734744619
id05015,0.26032766676661434,0.06621098871093889,0.6734613445224469
id01594,0.9062012843675132,0.030164168477279363,0.06363454715520733
id01522,0.026426203852617302,0.03362706469630649,0.9399467314510763
id06935,0.9714303324962883,0.013448715813396019,0.015120951690315736
id01975,0.010094147778601516,0.00879940942084257,0.981106442800556
id20847,0.012810326496770934,0.012578395233160676,0.9746112782700683
id24960,0.024693376533340704,0.014015203851368943,0.9612914196152904
id27808,0.015891986868070456,0.9718149949188973,0.012293018213032162
id25463,0.9649316965584488,0.01816361367453203,0.016904689767019223
id11367,0.8371313945255953,0.026747709743411705,0.13612089573099306
id02273,0.06817808536371188,0.03035194752094561,0.9014699671153426
id02167,0.976293825775324,0.009187965720736095,0.014518208503940038
id08352,0.0120391128512124,0.9775907378420188,0.01037014930676883
id26928,0.10179300742030728,0.7927762040273232,0.10543078855236943
id04224,0.9784269599767837,0.011925335184746045,0.0096477048384702
id00462,0.3826427877507844,0.5828793646306145,0.034477847618600954
id16591,0.034080501671880516,0.9161657579347388,0.04975374039338077
id06982,0.019625304375716395,0.9254945932775438,0.054880102346739665
id24880,0.045143304018920354,0.7281466153309929,0.22671008065008671
id27479,0.014636350602350662,0.0307403805175522,0.9546232688800971
id16556,0.9751025456952155,0.015027535734808159,0.009869918569976254
id15231,0.23870832920245555,0.039484526914001464,0.7218071438835431
id14694,0.5601290573223267,0.04337419738031879,0.3964967452973544
id01114,0.9315474356259865,0.030727526039682197,0.03772503833433114
id18694,0.1884061466871034,0.05464151095390637,0.7569523423589901
id25551,0.4149814221289325,0.08163549207936728,0.5033830857917003
id23478,0.033662683170584455,0.02236765049658451,0.9439696663328311
id22780,0.9313136694250613,0.03722307142795509,0.031463259146983676
id06602,0.043007648478851884,0.9315847145017002,0.02540763701944781
id05176,0.010788095482587261,0.9807999349488388,0.008411969568573995
id15450,0.018820375306431814,0.017651421141281882,0.9635282035522864
id16956,0.01239669934216927,0.010961120109012741,0.9766421805488179
id23532,0.04378894076239817,0.9039569958451812,0.05225406339242069
id22688,0.018129303049730143,0.012227969409474437,0.9696427275407953
id12898,0.11595649937483364,0.8628631886448043,0.021180311980362108
id21525,0.9108451419809821,0.05829621203953213,0.030858645979485892
id13576,0.5648099451167121,0.04871634574448026,0.38647370913880774
id07080,0.10548520966865378,0.26576317429186197,0.6287516160394843
id25397,0.9093560035025469,0.07979886331605318,0.0108451331814001
id08383,0.0751970067753549,0.907471539791169,0.017331453433476123
id08285,0.9586764878959587,0.010243031802193606,0.031080480301847676
id10323,0.3494430027256666,0.032487209904367306,0.618069787369966
id10441,0.03777497536078585,0.9465844624655021,0.015640562173712087
id26298,0.13110673202634093,0.04030497794273411,0.8285882900309248
id13531,0.9420586483243164,0.037733871317066264,0.020207480358617216
id03191,0.8815995644679454,0.09393862748085874,0.02446180805119584
id19771,0.01572493788515671,0.967117009103587,0.017158053011256225
id03275,0.9790204748505259,0.010975762527443748,0.010003762622030394
id11616,0.022181315747728168,0.020566077447770493,0.9572526068045014
id03117,0.012322719991604269,0.9728462421957498,0.014831037812646025
id08054,0.02864556525614535,0.009983832597138542,0.9613706021467162
id15303,0.04312102312117801,0.9169724168987967,0.03990655998002536
id02470,0.03865512637889029,0.04710611195300065,0.9142387616681091
id01452,0.8894181738839935,0.014603998873203787,0.09597782724280274
id11934,0.011066358564113248,0.9729392182898152,0.015994423146071652
id00258,0.12676471346535606,0.364567966026513,0.508667320508131
id27905,0.9040426014751213,0.029209162489556306,0.06674823603532243
id23897,0.022738838205186365,0.9479834154560814,0.029277746338732317
id02334,0.009961476571213396,0.9812257814242354,0.008812742004551082
id07638,0.9661117252460867,0.018525126188013635,0.015363148565899721
id13181,0.73588095021093,0.06890258911859314,0.195216460670477
id01284,0.9822021986353322,0.008186526483645063,0.00961127488102268
id27402,0.9719947756657339,0.011410435137052867,0.016594789197213227
id14742,0.0116970713427778,0.011884552960740317,0.9764183756964818
id12370,0.29634013869357967,0.6388020618998856,0.06485779940653465
id19048,0.9538447890255373,0.027220991561174974,0.018934219413287757
id08388,0.09624189173461074,0.02698776274438079,0.8767703455210084
id19205,0.9362097589435883,0.04903744175892257,0.014752799297489093
id04851,0.015550149856729518,0.012852681126209076,0.9715971690170613
id16478,0.05664836927218803,0.9249096548303576,0.01844197589745454
id06806,0.009512641874276086,0.9819382833042912,0.008549074821432814
id13659,0.07656263927825799,0.137576443637622,0.7858609170841201
id09861,0.06624725416769044,0.9125866852627357,0.02116606056957394
id05986,0.009397872129989483,0.9823905919899909,0.008211535880019705
id15844,0.37904314251920107,0.5422865855321699,0.07867027194862915
id05900,0.29416205420409397,0.04625766028219392,0.6595802855137122
id20409,0.9605703563550059,0.02771544262815054,0.011714201016843525
id08751,0.0373283092867132,0.9412741379656758,0.021397552747611126
id22617,0.05900422131641349,0.035486561286569095,0.9055092173970173
id13064,0.05186158761950232,0.013550723218957528,0.9345876891615402
id14506,0.014048175541233143,0.015125154187900607,0.9708266702708662
id05783,0.04733461306419864,0.029563699594368463,0.9231016873414328
id23139,0.009956967399629486,0.008424814264538264,0.9816182183358322
id04770,0.9787110516638118,0.008871652124476236,0.012417296211712085
id11775,0.9804998740334798,0.008780046698699395,0.010720079267820861
id12936,0.021169026980589215,0.015110643280587097,0.9637203297388237
id20522,0.036572252115087536,0.9482919323658956,0.015135815519016743
id22929,0.9682161784823118,0.011995424769751373,0.019788396747936733
id11357,0.7351342837770509,0.0418511474390783,0.22301456878387083
id10028,0.024518198368815712,0.9534022600625468,0.022079541568637548
id10617,0.8109394434883694,0.027357052959410235,0.1617035035522204
id23988,0.9833058986759202,0.00824926609495957,0.0084448352291203
id20434,0.07607185054195387,0.07591659819819921,0.8480115512598468
id06611,0.011122074788245936,0.009384116997210477,0.9794938082145435
id18405,0.15606127994357616,0.8071442937365084,0.0367944263199155
id27427,0.8847050039357529,0.0753945020973583,0.03990049396688884
id16168,0.03667019853870514,0.9452753112345724,0.018054490226722505
id02139,0.6529583831406978,0.3181468518309357,0.02889476502836646
id18654,0.015004374904011816,0.9729556682703445,0.012039956825643546
id24598,0.9193294821057021,0.031102245351866623,0.04956827254243126
id23360,0.013985640266730926,0.9750724066466578,0.010941953086611212
id06220,0.02510990810899394,0.9370013259838065,0.03788876590719969
id26411,0.9710467303048469,0.01303960781517771,0.015913661879975415
id27660,0.8464856827979759,0.090165813918985,0.06334850328303901
id07192,0.03782332873551189,0.03291181010086319,0.9292648611636251
id18074,0.0158873667286251,0.012802885929997964,0.9713097473413769
id11784,0.06328463064086974,0.9055076757955423,0.03120769356358808
id04810,0.04117963606359782,0.016469530243356085,0.9423508336930461
id01716,0.9607052206371908,0.023775862459294996,0.01551891690351413
id27584,0.9317632648271692,0.04096930167943621,0.02726743349339462
id25409,0.030803605812234063,0.02127251165077657,0.9479238825369894
id06430,0.9172144496161466,0.025262668537838245,0.0575228818460152
id11135,0.9810984390084742,0.010274646099472486,0.00862691489205326
id27712,0.6912404742836733,0.026856193749236666,0.28190333196708994
id27233,0.8237157584846199,0.13948834983620273,0.03679589167917754
id13522,0.8651920783490522,0.019395503441036046,0.11541241820991181
id11625,0.010607943873538235,0.008565359677164474,0.9808266964492974
id03246,0.051892124069839285,0.9348381132661502,0.013269762664010625
id05341,0.1747645738553693,0.8039217424624765,0.02131368368215409
id22061,0.010525146917308733,0.00909996670179505,0.9803748863808961
id03170,0.9423148158423554,0.037700385013249675,0.019984799144394928
id09768,0.6826070598101447,0.03766176797228837,0.27973117221756705
id20721,0.6206023588046599,0.17492777981113083,0.20446986138420928
id14854,0.9507247607589503,0.03271632246237659,0.0165589167786731
id01123,0.9772407263886537,0.00891637199788088,0.01384290161346561
id00842,0.9722061368746313,0.014044181658703627,0.013749681466665031
id11035,0.9199263401709642,0.010577518871055474,0.06949614095798043
id19301,0.012180481620431121,0.9735919734511745,0.01422754492839424
id06409,0.0837394020221797,0.856424533182511,0.059836064795309306
id09883,0.9518173450076894,0.035446477745959964,0.012736177246350674
id04218,0.8568450698857402,0.038180688591468524,0.10497424152279144
id25171,0.01301736448959982,0.011006955294571186,0.975975680215829
id13394,0.1522031635671828,0.10214253955105208,0.7456542968817652
id14322,0.9742344316427551,0.009989913550656971,0.015775654806587807
id17623,0.024804672249782393,0.013768760132619396,0.9614265676175983
id16980,0.9002990154532516,0.08062754582944466,0.019073438717303527
id22634,0.2643827235703531,0.035652353480053633,0.6999649229495934
id03773,0.9677414346705763,0.013409578578371564,0.018848986751052114
id20243,0.02235854943177188,0.9192862910157202,0.05835515955250802
id12135,0.02293011805001202,0.9628427510282248,0.01422713092176332
id11727,0.9511240826111785,0.03177020858666499,0.0171057088021564
id06460,0.08907131157570682,0.8953066185692478,0.01562206985504556
id23515,0.9280156676958841,0.04629948964906211,0.02568484265505374
id16908,0.021140072877282392,0.021797488829496274,0.9570624382932215
id10641,0.9193200672568016,0.05516168501253117,0.02551824773066712
id22637,0.04951090274985231,0.046300374120734566,0.9041887231294131
id19724,0.9370043612324159,0.0489655307918378,0.014030107975746236
id12295,0.04209705488529887,0.942711479078897,0.015191466035804263
id18977,0.21972367147840438,0.08835204727666869,0.6919242812449269
id27456,0.9185402443768118,0.06992519056897241,0.011534565054215906
id02223,0.9784066834153411,0.011415110536900419,0.010178206047758596
id06374,0.043085349831267064,0.04266037271442587,0.9142542774543072
id13746,0.05847162703194995,0.018956773995666042,0.9225715989723842
id24107,0.36714386341919325,0.033830562208449474,0.5990255743723574
id09075,0.03941417886663052,0.016191318501217435,0.944394502632152
id06741,0.1701899761057119,0.024560646530357926,0.8052493773639303
id25474,0.8545300603690411,0.02624935002389748,0.11922058960706133
id02497,0.9754860422463038,0.011570240577414485,0.012943717176281839
id21878,0.9706989694312766,0.010002834419529366,0.019298196149193904
id23199,0.030987998273504364,0.01933787656751243,0.9496741251589833
id12018,0.97968806066344,0.010280377369494812,0.010031561967065079
id20722,0.017410608219315143,0.010471747188875708,0.9721176445918092
id05372,0.09098539465275055,0.8762616781133397,0.03275292723390986
id07964,0.8191432983695746,0.06519952511397532,0.11565717651645008
id02393,0.021211544494808967,0.010581200542086625,0.9682072549631043
id10923,0.16341057140530638,0.04247980579930898,0.7941096227953847
id01260,0.6760488906482679,0.22994431545819544,0.09400679389353661
id09037,0.03916855789704462,0.010585980948855609,0.9502454611540997
id01477,0.03596414164157691,0.01752274470671366,0.9465131136517095
id11164,0.978816570758617,0.010702571599491407,0.010480857641891649
id20313,0.897423380831208,0.019923451451153994,0.08265316771763816
id20067,0.01427924664085117,0.010089749129635854,0.9756310042295131
id17248,0.9612235104624377,0.014834025995067932,0.023942463542494324
id24557,0.018253230222500517,0.010015812205461964,0.9717309575720374
id26745,0.780845376125786,0.029360237664215295,0.18979438620999864
id16759,0.05652070373481036,0.015024111964608294,0.9284551843005813
id22382,0.900188500866196,0.013684624246359852,0.08612687488744404
id18404,0.07192089023635705,0.011640603364575364,0.9164385063990677
id23761,0.011787745906148799,0.008856714698452532,0.9793555393953985
id00511,0.01836402458899958,0.9697701592887804,0.011865816122219942
id15560,0.9596919150268419,0.025272256326145742,0.015035828647012247
id04834,0.9801742640726258,0.008502610942755152,0.011323124984619177
id26796,0.8564489530019326,0.047457518520300425,0.09609352847776706
id14809,0.013174285317881097,0.009188389763513922,0.9776373249186051
id15091,0.12755014521469682,0.05441293856069506,0.8180369162246083
id14861,0.014905270094526281,0.9726364271009248,0.012458302804548892
id21193,0.05022115567125003,0.9297240856962757,0.02005475863247413
id20331,0.016822448896644058,0.9730370748428412,0.010140476260514847
id17847,0.01261555413330258,0.9758245447077301,0.01155990115896748
id00795,0.9812574516908659,0.008570013037990005,0.010172535271144048
id22651,0.9614625610382672,0.01254995638668139,0.025987482575051353
id22803,0.9604812899633932,0.02697703532045971,0.012541674716146966
id01714,0.981449942827259,0.009073686907484795,0.00947637026525619
id05350,0.023173173369209623,0.010660497020372145,0.9661663296104184
id08674,0.9775612623129368,0.009447917721188338,0.012990819965874686
id04427,0.06525984756548305,0.9195327070391265,0.015207445395390536
id17815,0.009881680796451272,0.9804166336493513,0.009701685554197348
id22270,0.937508323948086,0.029917077837512365,0.032574598214401625
id11183,0.04410947068963312,0.03352661176481643,0.9223639175455505
id00326,0.6618148245809892,0.10727282261455873,0.23091235280445213
id00382,0.9823655715142976,0.008911166668003371,0.008723261817698842
id11557,0.01766762314910971,0.009471073123729579,0.9728613037271607
id20271,0.657412804807856,0.207976872758747,0.1346103224333969
id05133,0.9576648915628635,0.019892916315928315,0.022442192121208154
id14597,0.03993307612086249,0.9277502817543355,0.03231664212480222
id21411,0.02386424824443507,0.9556803346256791,0.020455417129885668
id15375,0.048292911572448007,0.011830633526210383,0.9398764549013415
id10172,0.013045757395687172,0.010032284956125974,0.9769219576481868
id13524,0.96485577666476,0.01153962102199847,0.023604602313241685
id26331,0.928128207291248,0.024651753952302256,0.047220038756449804
id20167,0.05536779888260063,0.010758954949374065,0.9338732461680254
id03249,0.035591611215147236,0.9522567267240077,0.012151662060844986
id15839,0.9775385429910767,0.009619182051004026,0.012842274957919191
id27200,0.02125472906724498,0.9495842732079194,0.02916099772483549
id15847,0.014239333926797304,0.009487342065307358,0.9762733240078953
id07249,0.016407706126540716,0.9698508214966852,0.013741472376773985
id19494,0.9653703828041422,0.011025234407805224,0.02360438278805251
id01388,0.020922196497685883,0.955971340863185,0.023106462639128956
id22045,0.011579879057649995,0.008747645976923001,0.9796724749654269
id09111,0.9260886975428047,0.046099901406498243,0.02781140105069695
id04011,0.1941241987871698,0.7178626970969156,0.08801310411591463
id26410,0.011496243384077608,0.9586198721872137,0.029883884428708873
id19614,0.4677035606851768,0.07956458254215397,0.4527318567726693
id10183,0.010015586141391926,0.9800672744278985,0.009917139430709506
id20388,0.01370768858202335,0.00888528798695813,0.9774070234310185
id16498,0.9706633523355245,0.017233515153132054,0.012103132511343635
id18488,0.0158753903819912,0.012984918132941708,0.9711396914850671
id11018,0.05092621214317944,0.9135645209513497,0.03550926690547086
id16185,0.922518670130257,0.06806019320120195,0.009421136668540978
id23501,0.8672463187110663,0.10491021727522368,0.02784346401371019
id02837,0.0896349615023691,0.013516851260465049,0.8968481872371659
id05544,0.23820602079425113,0.700617263422907,0.06117671578284192
id22784,0.0849704868830035,0.04389304872462565,0.8711364643923709
id15404,0.015952407043387032,0.011112062628218615,0.9729355303283944
id13010,0.9314629466373004,0.051318531039467624,0.01721852232323203
id22169,0.0360816734000153,0.9494002303484721,0.014518096251512435
id16438,0.02245061962346764,0.017393855939814917,0.9601555244367175
id20464,0.9488865276866343,0.021715899537664902,0.0293975727757009
id26306,0.967191564051813,0.011412072163261457,0.021396363784925706
id15995,0.10168300167939315,0.057108797131591046,0.8412082011890157
id26068,0.10818882029210956,0.07602479589164887,0.8157863838162416
id19348,0.04201349090070446,0.8909571118923111,0.06702939720698453
id04196,0.04956975976770803,0.9381494331101405,0.012280807122151339
id13002,0.040634025029823904,0.9364578929775307,0.022908081992645376
id25650,0.8635768044976652,0.08519223698028451,0.051230958522050354
id17598,0.09436675155247987,0.8919923622343686,0.013640886213151545
id10079,0.8934605578551787,0.07469074613614786,0.03184869600867342
id10094,0.09492493938750411,0.783451953515357,0.12162310709713897
id05918,0.9245841037519406,0.04577343472588071,0.029642461522178608
id18747,0.9557155941972211,0.02198855294759123,0.022295852855187825
id15571,0.03814343932760275,0.9441592972714112,0.01769726340098606
id16113,0.8931453266213426,0.02852431414731294,0.07833035923134443
id02316,0.793715356731396,0.021918710483861268,0.18436593278474261
id09545,0.9570205086762645,0.018532424493902362,0.024447066829833098
id13878,0.15698694980791142,0.023376903486601944,0.8196361467054866
id07476,0.9212953755714876,0.04391256227294665,0.034792062155565844
id20103,0.10910942752599789,0.021316519905261087,0.8695740525687411
id27367,0.07185586651767668,0.030157059958173346,0.8979870735241501
id25668,0.036947177537244524,0.009050729906702297,0.9540020925560533
id09680,0.9826063114184022,0.008457686921295194,0.008936001660302608
id00500,0.0731193769925128,0.769389788177584,0.15749083482990323
id06110,0.9537520277429629,0.014240091711638016,0.03200788054539911
id15804,0.009537605007322043,0.9820096625656713,0.008452732427006728
id03223,0.01331361098803428,0.9739932552788844,0.012693133733081494
id02039,0.02499482183948734,0.9521534335546071,0.022851744605905607
id09795,0.0162591489444987,0.01465350035822024,0.9690873506972811
id10808,0.05830318383151371,0.02470201139351869,0.9169948047749676
id10134,0.013826228673585713,0.9456501611335664,0.04052361019284781
id14361,0.8666285340158396,0.036231174931793494,0.09714029105236696
id15881,0.10811557051399713,0.02470224977611399,0.867182179709889
id27120,0.08300344767550805,0.021665489856928833,0.8953310624675631
id09860,0.9134639865284575,0.028748996571474773,0.05778701690006776
id11959,0.011606285534290408,0.9267564396973293,0.06163727476838035
id25770,0.010157045164122296,0.976927630427565,0.01291532440831268
id24364,0.7252661042609244,0.22271667858353408,0.052017217155541334
id22944,0.9788086417876315,0.008335259281212757,0.012856098931155793
id04345,0.9767684467083567,0.011775705981083746,0.011455847310559436
id05127,0.25236317173869816,0.022959363546554402,0.7246774647147475
id01779,0.019194001159677062,0.009404491767265979,0.9714015070730568
id05559,0.9779795873529575,0.010273320081306837,0.011747092565735742
id14474,0.9809473655776525,0.009198550109174624,0.009854084313172877
id13283,0.9428536980645204,0.015788601081611793,0.04135770085386791
id03301,0.8949376854515497,0.05616090596942612,0.04890140857902422
id16939,0.024250033672159197,0.9658697604485842,0.009880205879256539
id01166,0.02340154256958866,0.9162459386266796,0.0603525188037317
id16766,0.9679986026345841,0.008359390435432037,0.02364200692998395
id04338,0.9110205474663439,0.05510058942011417,0.03387886311354196
id12731,0.9817230528576162,0.008676201960786003,0.009600745181597784
id08988,0.022406123896670942,0.9685261270502635,0.00906774905306562
id08236,0.01003585765083776,0.9789130437907974,0.011051098558364829
id03309,0.13537952383022403,0.6226573565051089,0.2419631196646671
id16458,0.9340312430268298,0.04091839104076495,0.025050365932405134
id02442,0.9152082362772084,0.03833426061308642,0.04645750310970514
id25767,0.06008348814888151,0.01529895881934622,0.9246175530317722
id17357,0.302274273592633,0.62919559642673,0.06853012998063714
id08627,0.054323690780604464,0.018896663497862388,0.926779645721533
id19488,0.18196597837398312,0.017735458313969547,0.8002985633120473
id18345,0.824568630923845,0.06883859474932313,0.10659277432683172
id10661,0.8990339608518048,0.02896174638369931,0.07200429276449581
id01713,0.02378085771775635,0.9565486472640329,0.0196704950182107
id26237,0.042355816871054816,0.9477171060576407,0.009927077071304627
id08062,0.22222776395267071,0.6874734583255843,0.09029877772174509
id01497,0.033195155207843045,0.9453910908918866,0.021413753900270418
id07590,0.9734507308781595,0.016344639840768917,0.0102046292810716
id06299,0.046471565088745344,0.02441576277100513,0.9291126721402496
id02770,0.04947236266270885,0.02216098808658584,0.9283666492507052
id19197,0.013194050225736106,0.015677327565397046,0.9711286222088668
id16572,0.9501558989296114,0.019695410740700723,0.030148690329688005
id04518,0.016146168779780135,0.971899040920593,0.011954790299626903
id09316,0.08571096698816429,0.8908114423037184,0.02347759070811737
id17533,0.021870065925283278,0.012026670467972848,0.966103263606744
id13494,0.6493385264552315,0.05401157556963873,0.29664989797512986
id10024,0.9684071249412963,0.020698197000059357,0.01089467805864436
id19896,0.9595959475017116,0.02418904507381816,0.016215007424470275
id10956,0.959604492575771,0.029619298061934505,0.010776209362294611
id08458,0.018434585969906308,0.9683140839279061,0.013251330102187677
id09066,0.8034142209887986,0.02879122644821351,0.16779455256298803
id26608,0.9112006566309434,0.025144353171767875,0.0636549901972888
id20977,0.06879509340955453,0.04763416325948875,0.8835707433309569
id21587,0.06593404024208495,0.24436456723954358,0.6897013925183716
id19928,0.02704998567410264,0.011412513138506688,0.9615375011873906
id19077,0.05722434361139368,0.8719917845273016,0.07078387186130455
id06865,0.025285040966774225,0.02646417495248054,0.9482507840807451
id15224,0.012996840251236624,0.009415620157796427,0.9775875395909669
id09036,0.03452327549965014,0.92466434794113,0.040812376559220015
id04885,0.9794104045359493,0.010594621015423853,0.009994974448626787
id06619,0.019455118259317946,0.961885215697885,0.018659666042796987
id20211,0.009937546014101066,0.9801850309195983,0.009877423066300654
id23985,0.8926860279008325,0.058385455689526314,0.048928516409641076
id17048,0.977846681448525,0.011695301680738976,0.010458016870735913
id11272,0.9592853893863768,0.014962994086727495,0.025751616526895657
id16998,0.030803787539959368,0.022500953963257686,0.946695258496783
id16506,0.01859336416662524,0.015536631000466082,0.9658700048329086
id11558,0.13306952537564978,0.028614346607334164,0.8383161280170159
id04913,0.03595283793981032,0.009263865168673665,0.954783296891516
id10308,0.02543672275518221,0.015692267107761643,0.9588710101370561
id15956,0.015704736721966324,0.011234798804447147,0.9730604644735865
id21350,0.02146098876231141,0.9500384200448538,0.028500591192834906
id09246,0.9406297203067351,0.030685171920159994,0.02868510777310486
id00753,0.9545474569535234,0.02491025971968051,0.020542283326796033
id08101,0.07380307442107126,0.8768244593818117,0.04937246619711705
id26853,0.011793716503892727,0.9779463851146668,0.010259898381440471
id22044,0.04292176771580043,0.9346995894842428,0.022378642799956664
id27234,0.9399090967854877,0.010779846449497886,0.0493110567650145
id18357,0.028428266342985113,0.959092957051267,0.012478776605747881
id24187,0.970987952673486,0.012097364681713012,0.01691468264480091
id23934,0.3050833967370455,0.03478144085123764,0.660135162411717
id21378,0.013035947361565,0.9755587991709118,0.011405253467523328
id12777,0.158047920434989,0.12367210960777544,0.7182799699572356
id11493,0.025904233926979735,0.009323281475256276,0.964772484597764
id12824,0.37270447724036365,0.132685371498118,0.49461015126151847
id22565,0.01582244619598131,0.9727133440517219,0.01146420975229681
id02996,0.014663452072194536,0.024700309341394538,0.9606362385864109
id26154,0.8849290687182206,0.08218961043970599,0.03288132084207353
id22710,0.9035109671795113,0.0749217068040359,0.021567326016452733
id19389,0.04719020883128277,0.930757988024873,0.02205180314384417
id19539,0.03371002026415747,0.013263431430720833,0.9530265483051217
id17345,0.03317826327691435,0.9405991008977972,0.026222635825288363
id16938,0.9564009269489078,0.024956433942830047,0.018642639108262266
id05670,0.9757777367219789,0.011740980287447043,0.012481282990574093
id12991,0.0608380864543582,0.044856326357629796,0.8943055871880119
id26819,0.02069573812527899,0.9634234802456952,0.015880781629025804
id02679,0.0907754968298305,0.02318756251552886,0.8860369406546406
id11334,0.9166612712531333,0.05133322774773948,0.032005500999127086
id18553,0.951016512134707,0.028018834892351286,0.02096465297294159
id27899,0.9193175526693609,0.06555398013533209,0.015128467195306913
id20569,0.011177329659011392,0.9659177488348142,0.02290492150617451
id00759,0.010713961991979905,0.9781599327265137,0.011126105281506305
id13013,0.9722189598284354,0.010646748972659903,0.01713429119890481
id06798,0.959844287695039,0.023890369321732004,0.01626534298322903
id04524,0.030219507330360024,0.9377947357974454,0.03198575687219466
id19026,0.22502640479659836,0.045738191334228774,0.729235403869173
id17376,0.021519008916753953,0.02146340210748886,0.9570175889757573
id21794,0.013620401857833794,0.01257793030090775,0.9738016678412584
id22720,0.04280203418688702,0.03436625110141994,0.922831714711693
id26054,0.02622135563684889,0.010579877148963893,0.9631987672141872
id01050,0.012020993007214343,0.969003935662989,0.018975071329796627
id11917,0.9628662252132832,0.018683957308875183,0.018449817477841475
id12706,0.9634150797639176,0.016108645074023945,0.020476275162058553
id18796,0.049438052736325164,0.05287729575286367,0.8976846515108111
id10096,0.010857319548720167,0.008909946302371541,0.9802327341489083
id27514,0.41712578920994847,0.38373247436709074,0.1991417364229609
id22130,0.9211742623125303,0.017094360396748342,0.06173137729072145
id23378,0.9716009746877631,0.01061508602480704,0.01778393928742993
id27306,0.9612399389188603,0.02877508008235295,0.009984980998786775
id25914,0.038235949226657455,0.026196700931647724,0.9355673498416949
id05461,0.9797860161968922,0.008999652817127642,0.011214330985980318
id24782,0.7953980742103416,0.049564729861701996,0.1550371959279564
id11890,0.01908039483397373,0.9659153251661972,0.015004279999828962
id23405,0.03632650473882847,0.025217118719131116,0.9384563765420403
id15919,0.04692707852609889,0.27233414682567036,0.6807387746482307
id08430,0.10329805897260103,0.03340001412049131,0.8633019269069078
id16328,0.039841308058975546,0.018513713492054135,0.9416449784489704
id16599,0.9671992287984312,0.01840949700179223,0.014391274199776575
id25407,0.047943861829149934,0.5191770123744968,0.43287912579635346
id10786,0.9672199598790922,0.012246471986176892,0.02053356813473077
id08935,0.9419625923387861,0.042426080298865416,0.015611327362348555
id24742,0.9825322160881407,0.00863278559349151,0.008834998318367612
id15921,0.9178911823051964,0.033444452733718606,0.04866436496108518
id21816,0.02781331584258755,0.016562595781784744,0.9556240883756276
id06235,0.046908294205535515,0.9339123115296775,0.01917939426478708
id00527,0.9381394128144793,0.026292823002101857,0.03556776418341881
id17349,0.014511049030348548,0.009635040972722084,0.9758539099969292
id05356,0.9574664786921004,0.01205119941690917,0.03048232189099034
id13287,0.01158611264606879,0.9628405859497456,0.025573301404185535
id09044,0.773343875506125,0.050744257835939485,0.17591186665793532
id09374,0.06754180894016876,0.879900638568764,0.052557552491067375
id25625,0.5857819602957529,0.38674429922637626,0.027473740477870746
id03201,0.06383835587726243,0.8728251672747442,0.0633364768479933
id02709,0.9788839757461971,0.008941371850164729,0.01217465240363814
id08914,0.054491747922506474,0.029806532036674282,0.9157017200408192
id15753,0.8230510228397805,0.041190604016266175,0.13575837314395323
id20125,0.06874073446813439,0.9089418000612965,0.022317465470569023
id20784,0.9248944694958477,0.05552197283372166,0.019583557670430414
id26248,0.03512875488681068,0.017650587216622077,0.9472206578965672
id10016,0.09923072485080399,0.01132385669094817,0.8894454184582479
id18793,0.951960298495343,0.01854982684631939,0.029489874658337602
id04562,0.2530530660425289,0.7159848243566961,0.03096210960077516
id25106,0.04158081457597329,0.009227210184301862,0.9491919752397248
id00536,0.9824380708939338,0.008717398647540097,0.008844530458526042
id01946,0.07822279023183325,0.012714999433456074,0.9090622103347106
id18369,0.03719242914607935,0.9400733404441206,0.022734230409800153
id07345,0.018966710021350593,0.968417415120887,0.012615874857762513
id27752,0.9653140606672249,0.008986162023314039,0.025699777309461175
id21463,0.013689405911227874,0.9738596232540482,0.012450970834724013
id18922,0.04021867186064233,0.011028491704399429,0.9487528364349582
id17166,0.03177396708959551,0.9453919535161582,0.022834079394246178
id07458,0.0342690736407742,0.9529491724214323,0.012781753937793608
id01801,0.01464747514686422,0.019133408061569608,0.966219116791566
id10529,0.9787328833673423,0.011600596252812597,0.009666520379844959
id08774,0.04871414914357289,0.8139662115134197,0.13731963934300723
id22292,0.029140687302088308,0.02826622379316083,0.9425930889047508
id14044,0.9585734520298014,0.018688511393744257,0.022738036576454238
id20234,0.024214392322235948,0.9641504120114434,0.01163519566632055
id26960,0.9732225043343206,0.008301649763681038,0.018475845901998335
id20809,0.19346722210956224,0.7590276706937764,0.04750510719666145
id20365,0.9692266137880217,0.018491521309161103,0.012281864902817165
id09182,0.9458506116758465,0.03152299945541334,0.022626388868740067
id27671,0.943561755636616,0.025960523758896736,0.030477720604487325
id26438,0.8920394518029164,0.08889819334754151,0.019062354849542103
id22712,0.1258635749216046,0.8348440805791884,0.03929234449920716
id13988,0.036479728860640416,0.009675542075737292,0.9538447290636224
id01727,0.9820882738786184,0.008758949150946679,0.009152776970435048
id27147,0.9354231492429556,0.019980893166263752,0.04459595759078075
id23213,0.07774519303043514,0.8953114692507866,0.02694333771877841
id21969,0.07979823689578258,0.5473639210769162,0.3728378420273013
id12062,0.9810009217037601,0.009883755702585135,0.009115322593654704
id26579,0.05468332638246871,0.898125131664404,0.04719154195312719
id20568,0.7288627632665917,0.12120724860622788,0.1499299881271805
id04399,0.8948745700460553,0.03066309815385933,0.07446233180008532
id26756,0.018020452642519242,0.962350070464182,0.019629476893298844
id04580,0.03621879176840769,0.03962560775167317,0.9241556004799192
id16349,0.05904529511692914,0.875477894963582,0.06547680991948895
id23583,0.011255716978652002,0.9748686378306424,0.013875645190705686
id14643,0.9512280602392319,0.02002572760761644,0.028746212153151558
id22604,0.434931981374557,0.2290539137117454,0.3360141049136977
id25973,0.011946211279168778,0.9725573332192378,0.015496455501593525
id07553,0.052665405788167134,0.05730485824265568,0.8900297359691772
id05614,0.6542408227193675,0.05064320990472351,0.29511596737590906
id15320,0.8348468405594256,0.026785405399875686,0.13836775404069865
id01016,0.07344806728548205,0.011538209166173458,0.9150137235483445
id11463,0.012416631563620759,0.9787782252676285,0.008805143168750824
id18655,0.0445848744847845,0.9432244614268206,0.012190664088395043
id22527,0.011590344520558295,0.009843220363856327,0.9785664351155855
id05458,0.009448580107711735,0.9822319465750522,0.00831947331723612
id08802,0.022671115671182053,0.01903947639194076,0.9582894079368771
id11573,0.8723196229359061,0.029608964424835158,0.0980714126392585
id16935,0.039938387859443966,0.03646177026569539,0.9235998418748605
id27417,0.02657143548807611,0.013604004627600202,0.9598245598843236
id27781,0.9700394889563049,0.01073603308395319,0.019224477959741804
id21873,0.9784724219033257,0.009448645527424611,0.01207893256924963
id20624,0.01056012336709522,0.008572439688088553,0.9808674369448162
id19660,0.009838989223629689,0.9704651827166957,0.019695828059674576
id03783,0.9728562478393732,0.01262294404285334,0.014520808117773454
id22172,0.03546587346192749,0.774324112168712,0.1902100143693606
id20709,0.9768997023286596,0.011205010804645857,0.011895286866694534
id12524,0.9685219067658735,0.018208925642176292,0.01326916759195013
id27650,0.009689730748109603,0.9739134212636616,0.016396847988228883
id09501,0.06809320297647006,0.7969691303708001,0.1349376666527299
id20840,0.04926113162215246,0.9224806754180637,0.02825819295978395
id09960,0.011181364477523235,0.008766139355828395,0.9800524961666482
id13916,0.015617256012179092,0.008619861113426906,0.975762882874394
id00249,0.04168204778680779,0.00891359978452174,0.9494043524286704
id02540,0.9810089645236123,0.008469265937176765,0.010521769539211074
id23326,0.011543636131271011,0.008836482029771702,0.9796198818389573
id14632,0.9572448412335351,0.025051906090627758,0.017703252675837108
id25512,0.09390029286246399,0.21756764734848477,0.6885320597890512
id10628,0.9726845814307471,0.016597978233733997,0.010717440335518805
id08490,0.014911694768830487,0.9630964028118707,0.021991902419298756
id09084,0.9775339320459648,0.012178964747341791,0.01028710320669327
id27553,0.013938807180408056,0.9657261865152917,0.020335006304300105
id20930,0.054701678145191404,0.9321987047586332,0.013099617096175511
id21337,0.07114150169241247,0.03160372715606857,0.897254771151519
id25537,0.024360675593820446,0.05979403810679652,0.915845286299383
id27349,0.4346905022476932,0.04533576449490827,0.5199737332573986
id25655,0.014425792260106512,0.971660900022981,0.013913307716912446
id26464,0.9329854584503806,0.0516563115479917,0.015358230001627766
id00599,0.9161749046191555,0.011711610034447886,0.07211348534639653
id06964,0.05768376053061971,0.9252999343354801,0.017016305133900348
id21875,0.8286247013056998,0.06665136999704965,0.1047239286972507
id27488,0.9154055729640166,0.06546438041512868,0.0191300466208547
id07980,0.01241371588732093,0.022610782642609274,0.9649755014700697
id12995,0.019017587645241165,0.013406161812370001,0.9675762505423887
id08094,0.03143718110156946,0.03490223647450619,0.9336605824239245
id02134,0.8701641651545261,0.036851368345067116,0.09298446650040688
id14311,0.08155418638093193,0.8761300116958725,0.04231580192319576
id06514,0.9635964451725164,0.017315008841975697,0.019088545985507934
id19775,0.01863241879438632,0.028841214009631407,0.9525263671959823
id18618,0.05693585499474928,0.8134912762933312,0.12957286871191945
id26593,0.9778396972642809,0.009813950060255013,0.012346352675463967
id11975,0.02099426251646284,0.9600077181690995,0.018998019314437585
id07853,0.015800111142096233,0.009021896103601608,0.9751779927543022
id16848,0.9540065867279278,0.021861391617831807,0.02413202165424045
id11595,0.010213186657601356,0.9772099244302238,0.012576888912174854
id24777,0.6843337419329142,0.07059787415482056,0.2450683839122652
id07824,0.9794947274907393,0.010544224454845123,0.009961048054415672
id23007,0.015624234454118846,0.019186517005692478,0.9651892485401886
id04805,0.01816585999329021,0.023534055552521454,0.9583000844541885
id00504,0.8522508001178856,0.08784669112897202,0.05990250875314228
id24331,0.009670667479984076,0.9782585488545461,0.012070783665469957
id03914,0.01796121445809944,0.01391205073631753,0.9681267348055831
id16299,0.9746245930974385,0.012721753507663622,0.012653653394897772
id05565,0.9529267246200401,0.028799070022334654,0.01827420535762537
id27934,0.03031336114845695,0.9451131493122874,0.024573489539255585
id17027,0.9700244550153766,0.013798703760199302,0.01617684122442402
id02785,0.2471553103525299,0.6692976365671954,0.08354705308027459
id16094,0.7074806294086879,0.24454599922550568,0.04797337136580634
id22435,0.03176409836808088,0.01639083918621756,0.9518450624457017
id10586,0.06666267486809219,0.024703497435032997,0.9086338276968747
id06467,0.01873924537789828,0.9690859377981392,0.012174816823962419
id18227,0.9423619582414411,0.013487047258623007,0.04415099449993601
id02286,0.010094674547877045,0.9729151518254222,0.016990173626700876
id07393,0.07397399392196265,0.4609471059105206,0.46507890016751685
id11640,0.8809072574030768,0.0875692993567626,0.031523443240160626
id15718,0.893852237442282,0.00957101316801315,0.09657674938970492
id23756,0.009133949683440532,0.9819881349647592,0.008877915351800261
id14564,0.013555482019663863,0.010065911155081566,0.9763786068252545
id24963,0.9297117500337552,0.020574621215813348,0.049713628750431636
id03069,0.7329080919107738,0.028482599827084093,0.23860930826214224
id24648,0.9681414815816864,0.01907203139937474,0.012786487018938874
id15920,0.8974287711923753,0.06113362247807368,0.0414376063295511
id11255,0.9467007607436875,0.013202631893683313,0.040096607362629134
id00544,0.9125428905691613,0.04298201711628088,0.04447509231455775
id13211,0.9690795198330556,0.010623203776359447,0.020297276390585015
id26285,0.9283726192744399,0.04476975443113509,0.026857626294424966
id19879,0.174153708764607,0.04776196280528781,0.7780843284301051
id21440,0.769320516601604,0.022548707771939944,0.20813077562645588
id09539,0.014864374743773926,0.009575133809603056,0.9755604914466229
id10781,0.012222476707319642,0.9665263971931485,0.021251126099531704
id06557,0.026501370626563554,0.010703823264865195,0.9627948061085713
id16747,0.017473885239142038,0.010404285872752335,0.9721218288881055
id14358,0.015448962952571609,0.956569399196098,0.027981637851330503
id05250,0.9817583049012033,0.008307584710154801,0.009934110388641967
id02390,0.11108306284447578,0.043682427898694344,0.84523450925683
id14790,0.8970142778543528,0.031395446121892503,0.07159027602375474
id14355,0.8503921420876795,0.08702958493695434,0.06257827297536604
id23157,0.9622332877358255,0.01672824919838739,0.02103846306578709
id20324,0.0318891009940257,0.046279019228345444,0.9218318797776289
id01870,0.009489473354900125,0.9807145194868856,0.009796007158214423
id01079,0.010730290636205458,0.971721153302896,0.01754855606089855
id03392,0.960398837138987,0.020069288443441587,0.01953187441757134
id22758,0.9779434169757594,0.008343012077737345,0.013713570946503132
id05599,0.4841509802891326,0.07329490467507674,0.4425541150357906
id07189,0.013590184812003341,0.01036669787621516,0.9760431173117816
id13364,0.9554890856810229,0.013009037963169151,0.03150187635580801
id00902,0.2234186140639274,0.667470573253926,0.10911081268214659
id07164,0.9493408841577281,0.02163057051819541,0.029028545324076505
id27290,0.10392000401301969,0.06272132787110594,0.8333586681158744
id18931,0.9416861558409488,0.040172033140221365,0.0181418110188299
id22165,0.4088331441018438,0.5307054286975436,0.06046142720061255
id14677,0.0736877301585601,0.9084738135482643,0.017838456293175646
id18987,0.8739351921831534,0.021454442034176624,0.1046103657826699
id13143,0.009063517990592565,0.9803800031583049,0.010556478851102705
id18589,0.12032257114646833,0.0289435627373589,0.8507338661161729
id01635,0.010183181364214106,0.976764560232621,0.013052258403164773
id02661,0.029223426601068036,0.9617705323422296,0.009006041056702366
id12463,0.01230902587515737,0.9752594005022215,0.012431573622621187
id18461,0.9006537959381439,0.04033022159768828,0.059015982464167956
id12709,0.617471709359594,0.04602719039029234,0.3365011002501138
id11957,0.01650691161359543,0.9728566374462431,0.010636450940161359
id13040,0.8398878052051866,0.014497090950468574,0.1456151038443449
id03953,0.12459992973245569,0.05433499454804426,0.8210650757194999
id02623,0.6989330118004444,0.23712184896475566,0.06394513923480005
id21479,0.017569897412549128,0.017502800107582015,0.9649273024798688
id06976,0.030179030334085397,0.950059305875566,0.019761663790348754
id18721,0.8498723991123919,0.02924143799373442,0.12088616289387376
id12043,0.01465277620508715,0.01971997477502467,0.9656272490198883
id16526,0.014118571175969307,0.9602074326548022,0.02567399616922856
id03184,0.050587643342851894,0.015520268325543143,0.933892088331605
id23194,0.8667070809698392,0.048049872504110476,0.0852430465260505
id17544,0.22879634161187723,0.7042065730669728,0.06699708532114992
id17314,0.04822960775094457,0.02976570427608217,0.9220046879729733
id17306,0.9009403418180512,0.020649277300542224,0.0784103808814067
id11044,0.9464591145492601,0.033330438230415586,0.020210447220324165
id22762,0.9124547794370357,0.010085531945177702,0.07745968861778671
id02797,0.046724664127527196,0.014596310197591647,0.938679025674881
id13340,0.015981895510966557,0.01617978628054342,0.9678383182084901
id08131,0.9411005670449414,0.03778549653291653,0.021113936422142186
id24181,0.009566451492932747,0.9813458142077528,0.009087734299314388
id20359,0.9237359623493224,0.03803977342640197,0.0382242642242755
id14736,0.014706534947095465,0.9631440892694961,0.022149375783408552
id09362,0.9181563034851979,0.06056630431338968,0.021277392201412452
id07987,0.04639528012098736,0.01883492862015942,0.9347697912588532
id01664,0.01329000558187106,0.975442384745475,0.01126760967265402
id00096,0.9777116204563783,0.008912639112421215,0.01337574043120043
id01475,0.017181080379272972,0.030527975429338643,0.9522909441913885
id04020,0.035602052442830844,0.040310375437180836,0.9240875721199884
id09617,0.9127563716405822,0.028634506875484193,0.058609121483933706
id13098,0.9720362288296859,0.015469389578294156,0.012494381592019958
id19010,0.014079807613263487,0.9711348211459582,0.014785371240778234
id12754,0.9753188365332102,0.01215924478536044,0.012521918681429347
id25238,0.9402465941022126,0.013382455469888446,0.04637095042789902
id14896,0.07211633073759711,0.01419714390439709,0.9136865253580058
id16827,0.08520690719467282,0.016862814703968138,0.897930278101359
id11685,0.06645987226379665,0.04492595296912354,0.8886141747670797
id10496,0.0637852891272439,0.08823789937108666,0.8479768115016694
id08073,0.1758021032164358,0.05217147625797578,0.7720264205255885
id08504,0.08861166307531325,0.013214768208672322,0.8981735687160145
id25872,0.01254134571104909,0.009054734215604585,0.9784039200733463
id09498,0.9086203567068069,0.07740256813992104,0.013977075153272053
id23890,0.014934550789405277,0.9735646279931537,0.011500821217440992
id15065,0.019883902606956452,0.07921855136742716,0.9008975460256164
id11197,0.07767962212634523,0.8309339799372807,0.09138639793637406
id02832,0.055137807083585615,0.4314277629395174,0.5134344299768971
id26969,0.9676395620752642,0.011935504454775892,0.02042493346995972
id25442,0.11823239303699895,0.047611673373760634,0.8341559335892403
id09727,0.01806089423807452,0.04745022697427099,0.9344888787876545
id18592,0.011470775383304205,0.008386425719054914,0.9801427988976409
id11442,0.953507630520373,0.01905776338805991,0.027434606091567153
id22071,0.876073296180712,0.09191202782130624,0.03201467599798193
id09700,0.04141839514015251,0.02288720729010199,0.9356943975697455
id20265,0.9760594825317462,0.008185411856359709,0.015755105611894017
id23687,0.9808990676558089,0.008875915073690512,0.010225017270500465
id01055,0.1631960786456107,0.8193586037703801,0.017445317584009173
id08519,0.8735750994818011,0.06737257963347695,0.059052320884722016
id05922,0.7727475410846092,0.20124580333360856,0.026006655581782317
id02918,0.032802474898103486,0.9562011661015687,0.010996359000327943
id14502,0.9739583945257521,0.01279838650903932,0.01324321896520858
id01642,0.027347658846997448,0.03238842425862305,0.9402639168943796
id21251,0.9517612608086753,0.03738238990514763,0.010856349286176962
id09673,0.05099546024405205,0.03997357460901703,0.909030965146931
id17837,0.5308739435043253,0.031183822401572966,0.43794223409410193
id24245,0.9366089441359422,0.013480237246007042,0.04991081861805069
id15837,0.03241013543356428,0.012707149396129812,0.954882715170306
id13077,0.018971769966839625,0.026630350104024016,0.9543978799291364
id23079,0.2049459467850957,0.7375144803790056,0.05753957283589881
id12938,0.019713592276342295,0.017541733414526202,0.9627446743091315
id12144,0.01012055203322187,0.01149729198787891,0.9783821559788991
id06882,0.9444314872025003,0.012858864199800611,0.042709648597699025
id06354,0.023949895065117265,0.01001495558290321,0.9660351493519794
id23573,0.8656638748955532,0.022723972882542912,0.11161215222190392
id13800,0.015048681199469,0.008482974627454343,0.9764683441730766
id26115,0.06264189405735203,0.49816926645524806,0.4391888394874
id21179,0.03723774932620557,0.008685975276366477,0.954076275397428
id00125,0.9716162063441702,0.016525815977287656,0.01185797767854222
id22600,0.09214769065968084,0.04242446152351414,0.8654278478168052
id15726,0.039518067344043076,0.024536150861207355,0.9359457817947496
id08078,0.9316803975715986,0.0399519656985807,0.028367636729820827
id20091,0.012872211087136409,0.972511551872183,0.014616237040680722
id00026,0.9523683411105628,0.018931699628087186,0.028699959261350078
id03698,0.9666754262300291,0.013094666178491435,0.02022990759147945
id09198,0.9236090154831313,0.021064776412734482,0.05532620810413422
id12520,0.1661364297917535,0.8055294214311784,0.02833414877706797
id16277,0.01559090731692844,0.009784441780366998,0.9746246509027047
id17964,0.010168139247696988,0.00903516173966389,0.980796699012639
id24040,0.05266005416100126,0.9309229513410106,0.016416994497988117
id17613,0.9752489158424321,0.009556114916167306,0.015194969241400425
id00157,0.8372771382072436,0.026114762387297465,0.13660809940545884
id10012,0.13025786776053785,0.028972155265809634,0.8407699769736526
id02419,0.014336468753166956,0.008636307419456183,0.9770272238273767
id05562,0.9015262271862879,0.03560165168848852,0.06287212112522371
id09049,0.01409742190075281,0.9740155085646043,0.011887069534642854
id24915,0.12238242286919757,0.8323316711081941,0.04528590602260834
id02808,0.04492565169942329,0.05373429539515016,0.9013400529054266
id00167,0.9672379839525433,0.01604215724630463,0.01671985880115197
id13451,0.9793191622418015,0.010539797805955143,0.010141039952243478
id24775,0.893515753388974,0.03643724149716606,0.07004700511385996
id10240,0.00947990623091132,0.9809286711198655,0.009591422649223167
id24597,0.889968240584364,0.036454120305414846,0.07357763911022124
id15364,0.01600527284667119,0.9421906674813464,0.041804059671982474
id13191,0.06584938538609257,0.5291662498141291,0.40498436479977834
id09592,0.014233125918898954,0.012182783172766457,0.9735840909083346
id12083,0.08511845302039749,0.18319472711397944,0.731686819865623
id23492,0.8352091041131752,0.08200109029306861,0.0827898055937563
id06816,0.02370991199468178,0.014354954617708384,0.9619351333876099
id16971,0.7456281073859495,0.11539015415851692,0.1389817384555337
id05675,0.9812881906958334,0.008665559746629407,0.0100462495575372
id23037,0.023403576625219556,0.008933896911647046,0.9676625264631336
id00399,0.9076635322057625,0.019602989041047215,0.07273347875319044
id05925,0.024848179401543588,0.09529105891394334,0.8798607616845131
id01834,0.9383082563478247,0.04870186354131088,0.012989880110864585
id20350,0.014537849553546745,0.008472195663289694,0.9769899547831635
id18961,0.9071958000241738,0.01949883891598529,0.07330536105984077
id02132,0.02260565909378198,0.9609856303737422,0.01640871053247588
id26609,0.14324628280136653,0.8253050347022901,0.031448682496343326
id16532,0.05332454636112892,0.7773096144536753,0.16936583918519588
id23289,0.9642816138348405,0.0231272580596971,0.012591128105462396
id26621,0.9791807181046611,0.011081651736788194,0.009737630158550684
id03254,0.010768707822714932,0.977206517847428,0.01202477432985702
id04701,0.06070877221169202,0.01984404988088108,0.919447177907427
id26600,0.05336451086927346,0.9317045023748557,0.01493098675587087
id16006,0.033926901440026976,0.9105517241780778,0.0555213743818953
id25724,0.019106411049825682,0.010232422511666334,0.9706611664385079
id27223,0.9671247250405597,0.0129314660486167,0.019943808910823712
id14345,0.9625838360127896,0.020890064400744257,0.016526099586466284
id27374,0.0329077168917173,0.84382688220095,0.12326540090733269
id21131,0.05026201260036886,0.025333622440064135,0.9244043649595671
id12410,0.963787566982463,0.015311458044796862,0.02090097497274011
id15483,0.11087374472902362,0.059116404876950523,0.830009850394026
id15429,0.21161964918006895,0.48237934575596164,0.30600100506396954
id25480,0.8856486725796594,0.08682837987239592,0.02752294754794471
id11453,0.015972660952053155,0.9543052295612807,0.02972210948666619
id20437,0.040741318847460996,0.8904127126589659,0.06884596849357302
id08468,0.04340527796159729,0.6378399989547909,0.3187547230836119
id22181,0.9229942833145258,0.06370424361484504,0.013301473070629288
id18810,0.6928990145033632,0.2733023245697172,0.033798660926919605
id17482,0.47299094018942095,0.02795543141753501,0.49905362839304396
id22746,0.9464760932376081,0.032616406838293525,0.020907499924098485
id03107,0.9711927705173438,0.012417678951213632,0.016389550531442587
id02184,0.8923434590375056,0.07407516188946225,0.03358137907303229
id25068,0.9470201769565099,0.01273573585661081,0.040244087186879204
id19154,0.302130438996568,0.05641272655015436,0.6414568344532777
id10358,0.6964042069993631,0.21914651484443554,0.08444927815620129
id09126,0.21233899808555887,0.17389041185407272,0.6137705900603685
id05936,0.8961558378844422,0.0640256238977737,0.03981853821778406
id00020,0.015387145947217531,0.960392095594375,0.024220758458407425
id20771,0.3022212383620294,0.11601786534657917,0.5817608962913915
id00116,0.060576888781400814,0.928536156709666,0.010886954508933082
id12424,0.9109291298232799,0.01359139494297528,0.07547947523374497
id05755,0.010798144944013497,0.008983789989003343,0.9802180650669831
id27476,0.010459541383252167,0.9806165050009672,0.008923953615780566
id02686,0.9432973595178643,0.038874514115536045,0.017828126366599747
id10234,0.9331547281103488,0.021180271654207942,0.045665000235443357
id05969,0.962305606928776,0.009613956988425064,0.028080436082798806
id14440,0.0521359479905542,0.9330690675655621,0.014794984443883614
id09937,0.16235995578274115,0.7395132796356357,0.09812676458162323
id08238,0.01070930640294064,0.008593247966051282,0.9806974456310081
id11090,0.08676240213909577,0.8927453153978463,0.020492282463057815
id13183,0.012935476173382298,0.013962734931834989,0.9731017888947826
id25712,0.0154436137837792,0.9614430744324709,0.023113311783749948
id22510,0.011938335302780712,0.009274342925909687,0.9787873217713096
id19204,0.9814445649010459,0.00874095914582209,0.00981447595313199
id05758,0.03776015944204868,0.02513489012451481,0.9371049504334367
id27063,0.63078189577364,0.1178851177368154,0.2513329864895447
id11773,0.04398160971410267,0.009415593813733279,0.9466027964721639
id11562,0.5013775726800729,0.041991281035464186,0.45663114628446305
id16208,0.04041964100364893,0.012114659078558188,0.947465699917793
id04036,0.07461193105749284,0.04972776873190094,0.8756603002106063
id26159,0.9610258836842592,0.016950340415499577,0.02202377590024122
id26777,0.0913821923640559,0.8653491472391925,0.04326866039675161
id08501,0.9268374584891662,0.018233704911608573,0.05492883659922525
id11216,0.009196094284920296,0.9825814118608404,0.008222493854239505
id03410,0.797304415623072,0.0423229942384352,0.16037259013849275
id04537,0.04301211076271121,0.014391592490033887,0.9425962967472549
id26628,0.9105092716996344,0.020212880307345103,0.06927784799302067
id01586,0.01095569913495663,0.97968587130083,0.009358429564213537
id13421,0.2857969814287366,0.03270067958040875,0.6815023389908548
id26084,0.020105531018476158,0.951863797914827,0.028030671066696756
id05375,0.015765036109792244,0.00875166135199923,0.9754833025382085
id23212,0.96624782982951,0.022672253964427094,0.011079916206062992
id15980,0.9711083134148889,0.013290575842233138,0.015601110742877962
id11719,0.014286670339973311,0.9761547699266273,0.009558559733399325
id13109,0.9577225340062615,0.02420948004132388,0.018067985952414486
id07156,0.9710203167117994,0.00864613806938915,0.020333545218811266
id04893,0.09187800720236702,0.10212804300465414,0.8059939497929788
id11749,0.10832171935159951,0.014515864768438603,0.877162415879962
id10526,0.04102827204716671,0.011956589550892979,0.9470151384019403
id13477,0.9391213820106558,0.032802719302034926,0.028075898687309433
id13761,0.3685875193828273,0.028659189736786564,0.6027532908803861
id04282,0.07843936042941134,0.9119042157179168,0.009656423852671922
