id,EAP,HPL,MWS
id02310,0.021136174,0.025190687,0.9536732
id24541,0.9334277,0.021019343,0.04555298
id00134,0.02011336,0.9618432,0.01804351
id27757,0.9563956,0.020689992,0.022914382
id04081,0.70348275,0.05397578,0.24254146
id27337,0.9443345,0.01953228,0.03613321
id24265,0.9442919,0.027077522,0.028630584
id25917,0.019095523,0.024600524,0.95630395
id04951,0.9551645,0.021910721,0.022924723
id14549,0.94996583,0.023498166,0.026535993
id22505,0.01737855,0.022745775,0.9598757
id24002,0.019832393,0.96089125,0.01927641
id18982,0.1537658,0.7889974,0.057236813
id15181,0.023451546,0.95931476,0.017233653
id21888,0.862772,0.047376297,0.08985179
id12035,0.023762682,0.021381393,0.9548559
id17991,0.60106677,0.047648016,0.35128525
id10707,0.9542112,0.022405608,0.023383228
id07101,0.021957224,0.023741396,0.95430136
id00345,0.05622375,0.92374736,0.020028865
id05912,0.8886,0.053786803,0.057613216
id13443,0.924832,0.022880528,0.05228751
id09248,0.7473047,0.03533217,0.21736321
id17542,0.040443707,0.93861806,0.020938247
id06995,0.025770362,0.01920594,0.95502365
id25159,0.948894,0.026424872,0.024681034
id25729,0.020315265,0.96092594,0.018758817
id26949,0.93983984,0.027092785,0.033067383
id27191,0.020505842,0.021622019,0.9578721
id07668,0.023284482,0.019671489,0.957044
id02230,0.11415551,0.08785431,0.7979902
id15553,0.8018877,0.022092309,0.17602
id25688,0.02017038,0.96132106,0.01850858
id17545,0.9510604,0.027147073,0.021792527
id13929,0.15876444,0.028738197,0.8124973
id12880,0.02037433,0.9607392,0.018886508
id19282,0.94049644,0.026562158,0.032941435
id14690,0.026997993,0.022306371,0.95069563
id17975,0.19230518,0.7876885,0.020006385
id08037,0.9445398,0.020040696,0.035419505
id15412,0.54183847,0.029692037,0.4284695
id25032,0.43978167,0.044810243,0.5154081
id27165,0.9547478,0.02327368,0.021978524
id03327,0.9483073,0.020126395,0.03156633
id18515,0.94610536,0.02314839,0.030746188
id21003,0.021545215,0.021110903,0.9573439
id23855,0.020313365,0.9616893,0.017997326
id20724,0.9083943,0.040868185,0.050737564
id13303,0.5683792,0.023816902,0.40780392
id16521,0.019656498,0.96199113,0.018352415
id20775,0.953787,0.020603139,0.025609879
id13029,0.9370979,0.028188769,0.034713335
id14660,0.67966616,0.28764662,0.032687187
id11028,0.026788767,0.020719793,0.95249146
id14180,0.71158385,0.030953234,0.25746292
id25860,0.9476243,0.019984333,0.032391407
id11910,0.035037506,0.022428807,0.9425337
id08065,0.48455176,0.032520954,0.4829273
id22674,0.01944292,0.02117849,0.9593786
id25018,0.057515197,0.02967093,0.91281384
id10892,0.020454856,0.9612538,0.018291354
id10217,0.0197025,0.9630826,0.017214919
id12996,0.8168206,0.056892168,0.12628719
id18262,0.9566698,0.021801386,0.021528829
id08606,0.019563656,0.96084654,0.01958981
id17233,0.8384576,0.092697844,0.06884459
id00101,0.07353769,0.9062578,0.020204516
id12225,0.94251174,0.027014887,0.030473376
id01364,0.019575845,0.96065706,0.019767126
id24973,0.9420643,0.026625846,0.031309847
id25363,0.90754175,0.02203277,0.07042549
id10061,0.02131066,0.019943062,0.9587463
id17673,0.021967938,0.93450433,0.0435277
id13249,0.8344372,0.029152041,0.13641076
id10107,0.024477271,0.019661242,0.95586145
id04403,0.92841804,0.021503972,0.050077945
id25728,0.89052135,0.037680317,0.07179834
id16184,0.9414707,0.03523715,0.023292182
id03438,0.03717442,0.018882612,0.943943
id22923,0.020727107,0.9594738,0.019799087
id08610,0.9053981,0.025150452,0.06945142
id25355,0.029171716,0.051385,0.9194433
id16916,0.9099051,0.033486366,0.05660861
id12793,0.023182353,0.95929396,0.017523713
id11859,0.051320575,0.019685589,0.9289938
id02434,0.95675796,0.023006894,0.02023515
id27703,0.028670682,0.019748366,0.95158094
id25212,0.019257683,0.9627156,0.018026693
id11308,0.03526395,0.021898074,0.942838
id26094,0.8145651,0.024253633,0.16118129
id22080,0.9296963,0.028688379,0.041615292
id03545,0.9552843,0.023967534,0.020748185
id23725,0.022396415,0.020434843,0.95716876
id12009,0.84207994,0.032744322,0.12517577
id24241,0.1105824,0.027078623,0.862339
id03596,0.017837362,0.96301967,0.019142985
id10749,0.022518659,0.9588141,0.018667309
id22794,0.0228811,0.021346461,0.9557724
id15482,0.041290674,0.93842524,0.020284064
id04833,0.90168446,0.06910552,0.029210005
id00397,0.019227147,0.021344732,0.95942813
id14691,0.018463437,0.02198891,0.95954764
id05193,0.025266668,0.02081155,0.9539218
id19541,0.8116189,0.02322129,0.16515979
id22166,0.020281363,0.021182526,0.95853615
id20744,0.020493096,0.020848246,0.95865864
id10392,0.018803822,0.022059562,0.95913666
id00770,0.95495766,0.02332048,0.021721821
id06018,0.95395386,0.020590674,0.025455486
id15678,0.05054241,0.0201516,0.92930603
id08305,0.950865,0.024738615,0.024396455
id08903,0.034613907,0.02031729,0.94506884
id14752,0.020259868,0.960769,0.018971149
id12468,0.019505214,0.9615413,0.018953523
id05085,0.019936714,0.9613501,0.018713232
id21993,0.03098849,0.020998335,0.9480132
id15503,0.94914603,0.031034006,0.019819988
id03021,0.022253856,0.95957965,0.018166482
id16123,0.8985655,0.077872306,0.023562178
id19383,0.8481819,0.058893245,0.09292485
id04186,0.9547604,0.022011224,0.023228396
id17954,0.01971322,0.02154362,0.9587432
id12030,0.0466871,0.029800111,0.92351276
id13020,0.7928506,0.15647885,0.050670482
id25327,0.021423388,0.95335406,0.025222482
id16344,0.03093547,0.111148655,0.8579159
id12303,0.32504436,0.64526814,0.029687513
id15017,0.95949686,0.021239448,0.019263646
id22308,0.02754576,0.02049018,0.9519641
id06536,0.020432437,0.020371526,0.9591961
id19797,0.27115023,0.7021338,0.026716024
id06332,0.948983,0.021240741,0.02977621
id22941,0.041078944,0.03131539,0.9276056
id13547,0.025677519,0.021849388,0.9524731
id06928,0.024074849,0.021012323,0.95491284
id12521,0.8770638,0.087803066,0.035133135
id25716,0.5901679,0.037284333,0.37254786
id27116,0.022969102,0.019975841,0.9570551
id19941,0.019508706,0.96276015,0.017731156
id05711,0.021700619,0.021720076,0.9565793
id02097,0.020789716,0.021111874,0.9580984
id03563,0.01957445,0.9613981,0.019027388
id02295,0.0967748,0.88191414,0.021311073
id08179,0.95578384,0.020827588,0.023388593
id05332,0.018981818,0.9624934,0.01852474
id15697,0.6284155,0.027422626,0.34416187
id17026,0.056289352,0.023380253,0.9203304
id04243,0.9548911,0.025285335,0.0198236
id13175,0.95168185,0.030880464,0.017437715
id05387,0.42320165,0.029479492,0.5473188
id19989,0.93653595,0.026790574,0.036673494
id25173,0.023639722,0.020041894,0.9563184
id08925,0.019689178,0.962276,0.018034797
id03034,0.01957086,0.9633212,0.01710793
id13272,0.019678505,0.9613466,0.018974826
id07956,0.06392278,0.026275912,0.9098013
id02648,0.03194004,0.019804247,0.9482557
id01778,0.02103489,0.021238737,0.95772636
id12846,0.019678999,0.02212955,0.9581914
id19001,0.9237418,0.019359209,0.05689895
id05763,0.82067573,0.029947931,0.14937638
id15590,0.124252595,0.021653976,0.85409343
id04912,0.88263667,0.024045786,0.0933176
id21201,0.942272,0.024461169,0.03326689
id13215,0.83001846,0.056226805,0.11375478
id15612,0.031933732,0.95055676,0.017509524
id18501,0.40646654,0.029019544,0.5645139
id07223,0.4486739,0.24704772,0.3042783
id06707,0.024394084,0.021673633,0.9539323
id05238,0.020193696,0.960214,0.019592255
id00935,0.025277192,0.10010942,0.8746134
id00110,0.9447053,0.020615973,0.034678705
id17476,0.33177724,0.6391471,0.029075677
id15170,0.9557255,0.021122664,0.023151897
id13397,0.30827966,0.53042823,0.1612921
id24283,0.949087,0.02815783,0.022755088
id15234,0.77852666,0.1972005,0.024272788
id16884,0.026488312,0.9483494,0.025162281
id07831,0.022167822,0.96061444,0.017217763
id16038,0.8263332,0.15196398,0.0217028
id03629,0.9415785,0.0321697,0.026251813
id21019,0.86421573,0.02861692,0.10716735
id21835,0.47297135,0.3047437,0.22228496
id04480,0.021004437,0.9617447,0.01725084
id20838,0.06187291,0.8903553,0.047771823
id24195,0.5956294,0.022478908,0.38189176
id05448,0.95325214,0.021378014,0.025369879
id15957,0.02061626,0.96120244,0.018181322
id19956,0.023252532,0.02075944,0.95598805
id15104,0.049550522,0.25456458,0.6958849
id17559,0.93731415,0.03370791,0.028977916
id16839,0.02121154,0.95838165,0.02040679
id14493,0.9082667,0.02574071,0.065992564
id08833,0.483884,0.027752275,0.4883638
id15723,0.110673405,0.18758604,0.70174056
id02716,0.95533556,0.020819556,0.02384491
id06689,0.019710915,0.9614035,0.018885622
id18837,0.025038922,0.019989857,0.9549712
id04466,0.9546133,0.021165559,0.024221096
id00686,0.9052729,0.020428376,0.074298754
id09010,0.021328824,0.9611462,0.017525062
id23353,0.93797165,0.024221618,0.03780677
id00066,0.94611144,0.02772617,0.026162414
id15724,0.020451892,0.96107185,0.018476287
id23486,0.13217776,0.025845781,0.8419765
id22258,0.021693131,0.021464597,0.95684224
id02292,0.9348256,0.030799417,0.034375016
id16356,0.02505836,0.020550104,0.9543915
id00235,0.9553818,0.022363538,0.022254651
id25522,0.26487055,0.025862753,0.70926666
id04204,0.021802312,0.95997846,0.018219251
id22016,0.73570216,0.03646209,0.2278358
id06480,0.019540561,0.9624391,0.01802036
id08718,0.06164021,0.0233148,0.91504496
id05251,0.018833937,0.9620241,0.019141963
id03359,0.85886717,0.048284024,0.09284887
id16117,0.023497604,0.021175135,0.9553273
id17000,0.01916754,0.9615042,0.019328244
id01730,0.02153718,0.9610523,0.01741052
id00630,0.9485292,0.028379166,0.023091672
id18175,0.20164125,0.033572655,0.7647861
id00907,0.9361113,0.037430294,0.026458463
id18251,0.020561818,0.9595577,0.01988051
id25861,0.9479302,0.024921468,0.027148332
id00398,0.79405344,0.035542462,0.17040415
id27573,0.9539465,0.021277418,0.024776075
id10022,0.018227592,0.9629549,0.01881754
id15901,0.02124475,0.019826436,0.95892876
id00451,0.03227258,0.021326538,0.94640094
id23129,0.024484864,0.9521727,0.023342416
id26498,0.021890212,0.9598705,0.018239269
id14741,0.020713182,0.96070325,0.018583532
id18453,0.24217872,0.026428306,0.731393
id08309,0.52600116,0.42637682,0.047622036
id00320,0.9568744,0.020940775,0.022184797
id07688,0.5360721,0.029692024,0.43423596
id01556,0.025727421,0.020241167,0.95403147
id00178,0.028438002,0.019001398,0.9525606
id18902,0.020868996,0.022416092,0.95671487
id27002,0.9065132,0.056654464,0.036832355
id21418,0.9564737,0.020445699,0.023080578
id23018,0.52832067,0.040921673,0.4307576
id07032,0.7661833,0.029603444,0.20421328
id16195,0.5832996,0.03532466,0.3813758
id11202,0.021402435,0.9601113,0.018486258
id09578,0.92457217,0.03561518,0.039812624
id26984,0.530161,0.0273008,0.44253817
id19856,0.019568367,0.96246576,0.017965857
id12086,0.047171727,0.02127253,0.93155575
id12052,0.02937587,0.19370042,0.7769238
id17728,0.020283472,0.020065477,0.95965105
id24608,0.92890066,0.045895483,0.025203906
id21097,0.18419592,0.04747545,0.76832867
id20179,0.019532952,0.021418922,0.95904815
id15144,0.47312123,0.4860453,0.040833447
id00206,0.9527174,0.022317551,0.024965074
id22285,0.024633037,0.02048922,0.95487773
id06417,0.020254023,0.96057403,0.019171935
id00215,0.020163704,0.9614382,0.018398048
id04201,0.7752783,0.023378465,0.20134327
id21771,0.91889393,0.026873907,0.05423224
id12451,0.024717286,0.7391795,0.23610325
id14250,0.024504026,0.95394474,0.021551277
id03433,0.02074283,0.96170294,0.017554218
id03303,0.040517516,0.28342298,0.6760595
id25901,0.12510653,0.69729275,0.17760076
id06945,0.9104336,0.024037467,0.06552892
id05664,0.812445,0.14724027,0.040314734
id05741,0.95531064,0.02122906,0.02346032
id10652,0.92887473,0.023116011,0.04800929
id16300,0.94440824,0.020524532,0.035067245
id12319,0.9393548,0.028331365,0.032313906
id07500,0.019619627,0.9626062,0.017774183
id12478,0.3294286,0.56527776,0.10529362
id03076,0.03074069,0.031953283,0.93730605
id00969,0.022618968,0.9591991,0.018181978
id23636,0.025252506,0.9540793,0.020668259
id09791,0.042245902,0.05894648,0.89880764
id05680,0.019376531,0.9610211,0.019602356
id03672,0.022724714,0.95957714,0.017698182
id04286,0.019326052,0.9626693,0.018004682
id23883,0.018949436,0.021306507,0.95974404
id11914,0.029916538,0.02095938,0.9491241
id20974,0.022159327,0.9592989,0.018541757
id26125,0.3113524,0.024301006,0.66434664
id15543,0.7423282,0.025714442,0.23195732
id19471,0.9538047,0.022483576,0.023711685
id11503,0.90732425,0.05886915,0.033806607
id09321,0.02106155,0.9568574,0.02208111
id25560,0.02012473,0.02116215,0.9587132
id06726,0.78634334,0.1212287,0.092427954
id05709,0.95290387,0.02157302,0.025523107
id09788,0.03561699,0.12512404,0.8392589
id05289,0.9563233,0.020862678,0.022813918
id11815,0.020940157,0.9611756,0.017884176
id22422,0.94946396,0.021980705,0.028555343
id25954,0.9566107,0.020769674,0.022619668
id13601,0.90403736,0.061678004,0.03428463
id05677,0.71309507,0.027056884,0.2598481
id10498,0.020066325,0.96128047,0.018653257
id02665,0.9140464,0.051098265,0.034855332
id10114,0.020122595,0.9621336,0.017743781
id26314,0.9535197,0.026769947,0.019710375
id21240,0.5145792,0.084721796,0.400699
id15569,0.95131606,0.019250505,0.029433439
id25928,0.37819332,0.02771201,0.5940947
id22706,0.019333256,0.96389717,0.016769595
id20877,0.01931622,0.96264935,0.0180344
id04318,0.94063056,0.022933144,0.036436345
id18299,0.7688855,0.08887099,0.14224347
id08126,0.02036792,0.022729266,0.9569028
id14293,0.029572535,0.018731298,0.9516962
id12759,0.95585054,0.022795709,0.021353757
id11983,0.06682383,0.020860212,0.91231596
id05580,0.07570053,0.022465508,0.90183395
id25846,0.16626723,0.7759679,0.05776491
id01939,0.28225675,0.07392478,0.6438185
id26327,0.2690021,0.13307054,0.5979274
id11068,0.020932492,0.021480462,0.95758706
id08404,0.88241684,0.025303278,0.092279844
id27189,0.020868963,0.9610743,0.018056775
id15119,0.020098966,0.96251005,0.017390992
id26525,0.93534076,0.023650149,0.04100904
id03618,0.6308384,0.3308812,0.038280386
id27220,0.9555402,0.021404678,0.02305514
id18777,0.032967262,0.021102266,0.9459305
id20213,0.6656438,0.029702824,0.30465335
id20403,0.956207,0.01957145,0.02422159
id03777,0.030394208,0.020442348,0.94916344
id10595,0.02086547,0.96129626,0.017838307
id13816,0.027975086,0.020003138,0.9520218
id05667,0.028429532,0.020368854,0.9512016
id24629,0.9173538,0.028860573,0.053785652
id20398,0.06472681,0.021350063,0.91392314
id14108,0.020033175,0.021985143,0.9579817
id06196,0.019615136,0.96160066,0.018784225
id02800,0.95484114,0.021214362,0.023944486
id18732,0.019390175,0.961631,0.018978877
id11915,0.018519126,0.963872,0.017608894
id09739,0.94562644,0.022127286,0.03224627
id24672,0.9118924,0.0222737,0.065833904
id00414,0.022173565,0.019185044,0.9586414
id16307,0.9554373,0.020934958,0.023627793
id14043,0.06980808,0.022870079,0.9073218
id00517,0.021521905,0.019702861,0.9587752
id09744,0.94158006,0.0410498,0.017370194
id19257,0.9560752,0.022608316,0.021316525
id15437,0.037441634,0.9440547,0.018503647
id16352,0.05656219,0.023870653,0.91956717
id18849,0.064020574,0.023303894,0.9126755
id19434,0.01935658,0.96042,0.020223336
id17928,0.020738324,0.021598829,0.9576629
id16896,0.027314205,0.020545373,0.95214045
id02135,0.1023621,0.5916578,0.3059801
id15075,0.9561299,0.021852592,0.02201749
id27486,0.019711543,0.96061003,0.019678418
id19422,0.7539391,0.22377837,0.022282552
id09603,0.15471007,0.81927055,0.026019387
id02133,0.019873468,0.96187377,0.01825267
id03441,0.82513666,0.024500404,0.1503629
id02398,0.020878684,0.96118796,0.017933397
id05152,0.027981346,0.019454585,0.95256406
id17838,0.7006005,0.025855321,0.2735442
id25060,0.9532269,0.02434101,0.02243208
id09998,0.02239286,0.021232605,0.9563745
id01828,0.024356334,0.9581089,0.01753482
id25377,0.6573099,0.02679444,0.31589565
id22175,0.020571226,0.9603885,0.01904034
id02974,0.049548384,0.028884612,0.921567
id26955,0.9575696,0.021577101,0.0208533
id21091,0.9373113,0.02351207,0.039176624
id12802,0.9420053,0.035873182,0.022121575
id07432,0.019089662,0.96303326,0.017877117
id18749,0.03714439,0.9444445,0.018411182
id15030,0.020131763,0.02130382,0.9585644
id17155,0.018924365,0.96259224,0.01848343
id08128,0.019395841,0.9629757,0.017628485
id25706,0.020113174,0.9603739,0.019512953
id15645,0.9537739,0.022705508,0.02352058
id04943,0.15472287,0.82189655,0.023380619
id27566,0.01931524,0.021150548,0.9595342
id11765,0.024252024,0.040476963,0.935271
id13783,0.17119886,0.075473286,0.75332785
id00492,0.02004326,0.022904389,0.9570524
id27636,0.14675586,0.021915454,0.8313287
id04273,0.9484118,0.025070881,0.026517287
id02537,0.037282836,0.026553294,0.9361639
id24349,0.9414553,0.021688366,0.036856364
id00023,0.0195205,0.9614357,0.019043807
id23025,0.49747604,0.4789409,0.023583077
id08722,0.9407442,0.03551851,0.02373726
id02420,0.9453249,0.03714253,0.017532632
id10811,0.944317,0.023527032,0.032155983
id04019,0.021135267,0.020937376,0.9579274
id18334,0.95367724,0.022195349,0.024127439
id16781,0.9310107,0.03344216,0.03554711
id08773,0.45471373,0.50823814,0.037048142
id19214,0.9305357,0.02494331,0.044521052
id09589,0.020245772,0.96004516,0.01970904
id24246,0.9512719,0.020249419,0.028478703
id23577,0.94204605,0.027772024,0.03018192
id09305,0.69781893,0.03739994,0.26478112
id16460,0.6023157,0.039264586,0.35841975
id21115,0.94421214,0.019989973,0.0357979
id25996,0.71414965,0.041114517,0.24473587
id02551,0.019525481,0.02551831,0.95495623
id19352,0.021205831,0.022069246,0.95672494
id03806,0.8642809,0.03750928,0.09820983
id26544,0.9189434,0.02449908,0.05655756
id18761,0.9544203,0.02112261,0.024457067
id24148,0.0261879,0.95758134,0.016230762
id16095,0.021276515,0.9614719,0.017251594
id18442,0.8611401,0.06759052,0.07126938
id22596,0.019978538,0.021321192,0.9587003
id23002,0.053229347,0.025309846,0.9214608
id04797,0.95408106,0.02078117,0.025137773
id06610,0.02428675,0.019382218,0.9563311
id16173,0.6572962,0.16666323,0.17604057
id18292,0.0721588,0.022459809,0.9053814
id27328,0.9269057,0.02947205,0.043622244
id01695,0.020362083,0.9595331,0.020104852
id05761,0.20893633,0.03392459,0.7571391
id16354,0.9394164,0.024354806,0.03622872
id12207,0.0732528,0.9060181,0.020729184
id05665,0.025474744,0.020122582,0.9544027
id01911,0.93190676,0.0305981,0.037495077
id19153,0.03232608,0.019464629,0.9482093
id10295,0.9444883,0.029296698,0.026215008
id23038,0.8826644,0.07347651,0.043859094
id23783,0.022414092,0.95888746,0.018698426
id27879,0.9569659,0.022968711,0.02006541
id19190,0.022498397,0.95944333,0.018058276
id05065,0.9419666,0.033829365,0.024203967
id21296,0.019642925,0.9628151,0.017541934
id13262,0.45259404,0.04412683,0.5032791
id10333,0.9450968,0.022550298,0.032352917
id16677,0.034007058,0.9473073,0.018685613
id01392,0.03377929,0.020318797,0.94590193
id27874,0.92220145,0.04633517,0.031463407
id02294,0.86851114,0.06107607,0.07041283
id18298,0.020123718,0.02328207,0.95659417
id06997,0.9489292,0.02052274,0.030548077
id05243,0.25599542,0.53232914,0.21167545
id00860,0.028067017,0.802049,0.16988407
id26681,0.95446336,0.021368844,0.024167795
id06020,0.035938825,0.018713959,0.9453472
id27683,0.8865864,0.033271395,0.080142185
id17655,0.019455967,0.96186054,0.018683475
id08817,0.026667371,0.020609733,0.9527229
id11512,0.018968236,0.035505928,0.9455258
id00478,0.033680715,0.020352686,0.9459666
id02116,0.9477205,0.02117849,0.031100994
id06746,0.95043486,0.023176586,0.026388582
id03863,0.82334435,0.08638284,0.09027282
id01802,0.022396263,0.9588931,0.018710602
id11682,0.853634,0.07718242,0.069183625
id04033,0.021417683,0.9613649,0.017217394
id09286,0.018949894,0.9570017,0.02404844
id12904,0.9565467,0.021287384,0.0221659
id07420,0.019150043,0.022421505,0.95842844
id22398,0.018627692,0.9622629,0.01910935
id00424,0.022098858,0.019947885,0.9579533
id20960,0.9397109,0.027416091,0.03287301
id10267,0.021244666,0.9593729,0.019382473
id19330,0.09086506,0.02120771,0.88792723
id00994,0.020685459,0.9599403,0.019374222
id10785,0.58308434,0.3157293,0.10118638
id00955,0.021081103,0.95959204,0.019326836
id09757,0.018823821,0.96268386,0.018492326
id10030,0.03732252,0.022169003,0.9405085
id22952,0.022810793,0.020373363,0.95681584
id21955,0.020526465,0.021216031,0.9582575
id07674,0.49831033,0.237325,0.26436463
id13760,0.02157356,0.96070075,0.017725732
id18166,0.92797786,0.022582484,0.049439706
id23498,0.8950285,0.062674254,0.042297237
id05296,0.95235234,0.02283397,0.024813686
id26709,0.94809175,0.02473116,0.027177103
id02853,0.94876695,0.030334136,0.020898933
id06800,0.15807949,0.024777247,0.81714326
id14758,0.020626958,0.9597945,0.019578505
id12356,0.9579309,0.020655911,0.021413157
id21492,0.851838,0.11737358,0.030788427
id27540,0.022440422,0.020457705,0.9571019
id07376,0.06399407,0.7799389,0.15606706
id15201,0.071584605,0.90923876,0.019176653
id23388,0.020558119,0.9602084,0.019233417
id13923,0.020240897,0.96055394,0.019205142
id00794,0.022731924,0.95577574,0.021492377
id23910,0.021351332,0.021085057,0.9575636
id02556,0.041100767,0.025468227,0.933431
id22151,0.019910509,0.9617064,0.018383065
id11698,0.03635783,0.9446811,0.018961096
id11627,0.41123354,0.029407723,0.5593588
id06340,0.9521771,0.024602626,0.023220262
id05123,0.9319197,0.029944366,0.03813599
id26620,0.020998642,0.02048743,0.9585139
id04002,0.021189388,0.021193592,0.95761704
id26554,0.813722,0.069207296,0.11707069
id18012,0.031976234,0.01855568,0.9494681
id12964,0.63187885,0.09120543,0.27691573
id18965,0.029158842,0.2387447,0.7320965
id19082,0.037027225,0.021024656,0.9419481
id26742,0.023747971,0.019566588,0.9566854
id15442,0.02106822,0.9619746,0.016957162
id16647,0.0666192,0.026127622,0.90725315
id11544,0.030545311,0.021629067,0.9478256
id20581,0.049153257,0.021873074,0.9289737
id13192,0.41262683,0.027131613,0.5602415
id15814,0.024333484,0.021080209,0.9545863
id26279,0.022703916,0.95863473,0.01866139
id00240,0.8919704,0.054867115,0.053162552
id22836,0.9559124,0.022485662,0.021601904
id15085,0.018268704,0.9634975,0.018233795
id17495,0.36987224,0.034680314,0.5954475
id26762,0.2276359,0.1198114,0.6525527
id13685,0.9516152,0.02239396,0.025990894
id16560,0.11790367,0.86143136,0.020664992
id17184,0.020308908,0.96096116,0.018729955
id21635,0.95584285,0.021025926,0.02313125
id26751,0.9387836,0.033692505,0.027523933
id12351,0.9560615,0.021634843,0.022303754
id14872,0.34436855,0.029163983,0.62646747
id18372,0.9063352,0.022050146,0.071614675
id26851,0.75911313,0.037194304,0.2036926
id22659,0.8613617,0.113917015,0.02472121
id04102,0.018692952,0.022424543,0.9588825
id02353,0.019588158,0.96240634,0.018005494
id26721,0.95721805,0.020335134,0.02244681
id11171,0.92363244,0.023035096,0.05333242
id13562,0.931829,0.03559161,0.03257948
id26425,0.89225423,0.02543891,0.08230685
id26394,0.900138,0.04512728,0.054734714
id22187,0.794623,0.13619515,0.06918179
id00422,0.95453453,0.020770784,0.024694687
id22667,0.01939967,0.9616537,0.018946651
id00911,0.92164916,0.029307157,0.049043693
id17291,0.0385846,0.09171205,0.8697033
id01915,0.036331248,0.02023369,0.9434351
id01434,0.5184885,0.036949135,0.44456238
id01584,0.38662285,0.025466636,0.58791053
id09266,0.95374495,0.021606965,0.024648098
id17494,0.020260982,0.9614106,0.018328452
id24919,0.5922693,0.034933276,0.37279743
id21043,0.16728173,0.025801247,0.806917
id17796,0.020198442,0.96066684,0.019134663
id02166,0.95604765,0.01875228,0.025200123
id17503,0.7972511,0.032040663,0.17070821
id21203,0.89497614,0.051664412,0.05335949
id25626,0.9572636,0.01987768,0.022858784
id09836,0.9560222,0.023576325,0.020401465
id24202,0.01954865,0.023816023,0.9566353
id27260,0.02499059,0.04738015,0.9276293
id23167,0.019376878,0.022825051,0.9577981
id10393,0.020217141,0.96086204,0.018920826
id01171,0.95061797,0.02947208,0.019909952
id06380,0.95559907,0.022403361,0.021997588
id22686,0.020829944,0.021529974,0.95764005
id26250,0.041370295,0.022087468,0.9365422
id09315,0.3085368,0.16375868,0.5277046
id00886,0.06256195,0.8189488,0.11848929
id03101,0.9316293,0.020979661,0.04739109
id12367,0.8894418,0.04918582,0.06137242
id10770,0.9089409,0.023228953,0.06783015
id14949,0.019724865,0.9616028,0.018672403
id14141,0.94972104,0.020908061,0.029370908
id25417,0.5584441,0.37604395,0.06551199
id26873,0.67576337,0.29106316,0.033173453
id10818,0.026442917,0.021376278,0.95218074
id15146,0.8723917,0.02955823,0.09805004
id23328,0.9572406,0.021205666,0.021553786
id16765,0.045924455,0.89275044,0.06132516
id24383,0.9344425,0.024726767,0.040830754
id21304,0.9533158,0.020198064,0.026486184
id12551,0.020837843,0.96196735,0.017194865
id23274,0.020872695,0.020766854,0.9583605
id08117,0.94703925,0.02192026,0.031040529
id23961,0.95672834,0.02092246,0.022349128
id13865,0.02181152,0.9610181,0.017170375
id22807,0.02252419,0.01993271,0.9575431
id08951,0.03650783,0.021514807,0.9419774
id18684,0.95354414,0.021589873,0.02486593
id25179,0.567028,0.3808369,0.052135162
id27033,0.9553951,0.02100255,0.023602402
id13977,0.020902965,0.9549985,0.024098571
id19337,0.02105229,0.9623691,0.016578665
id25764,0.031423908,0.950506,0.018070098
id16106,0.020946367,0.020435482,0.95861816
id05468,0.06954666,0.020887058,0.9095663
id05241,0.81597155,0.028758418,0.15527005
id10215,0.057445645,0.021361979,0.92119235
id23457,0.020233078,0.020641865,0.95912504
id02200,0.95784074,0.02102807,0.02113123
id13714,0.019963026,0.96168566,0.01835137
id20332,0.02031002,0.019982718,0.95970726
id18573,0.034339093,0.17381796,0.79184294
id08569,0.9429139,0.018773066,0.038313042
id22767,0.020949261,0.9576293,0.021421418
id25390,0.085357286,0.8713972,0.043245528
id09288,0.9454454,0.022013182,0.03254139
id12381,0.9552356,0.02100517,0.023759248
id02895,0.020644903,0.021973986,0.9573811
id25270,0.023443526,0.02023544,0.95632106
id14248,0.89162695,0.03260597,0.07576708
id12831,0.95356864,0.0224934,0.02393796
id18305,0.40279135,0.024750564,0.5724581
id07805,0.95207113,0.027257275,0.020671591
id14027,0.020830093,0.021199547,0.9579704
id02760,0.1469397,0.026636776,0.8264235
id24362,0.9558945,0.022887088,0.021218399
id17065,0.019613976,0.96355724,0.016828815
id26583,0.1836469,0.7890721,0.027280957
id19664,0.9577481,0.021928519,0.0203233
id25145,0.93270105,0.032516968,0.034782007
id17858,0.02072145,0.960036,0.019242568
id05148,0.026999656,0.8016543,0.17134611
id22928,0.858471,0.11035397,0.031174969
id21549,0.05305015,0.019906977,0.92704284
id12649,0.020585626,0.9601965,0.01921786
id21597,0.93211573,0.028559506,0.039324712
id27945,0.89775574,0.023735872,0.07850842
id00243,0.95761853,0.020715658,0.021665838
id02745,0.955587,0.023614874,0.020798126
id23550,0.028896492,0.02041277,0.95069075
id13023,0.02899042,0.020148085,0.95086145
id24796,0.044521634,0.020639222,0.9348391
id12284,0.022174338,0.95955455,0.018271038
id02664,0.01918296,0.9616311,0.019185944
id23767,0.8128829,0.022529576,0.1645875
id05859,0.24402103,0.5466881,0.20929089
id14350,0.028929051,0.050634574,0.9204364
id01191,0.040033694,0.9324367,0.02752961
id17034,0.18845935,0.19967373,0.61186695
id25292,0.061725862,0.9144416,0.023832567
id22121,0.9541187,0.021417899,0.024463331
id20872,0.9553959,0.022729954,0.021874217
id17720,0.03002308,0.95326996,0.016706955
id22658,0.021626305,0.96110725,0.017266398
id09567,0.95405275,0.020166535,0.025780762
id16445,0.9494015,0.027507018,0.023091514
id08349,0.067230575,0.89996916,0.03280027
id27437,0.07054915,0.02716455,0.90228623
id03812,0.95755976,0.02334109,0.019099109
id22304,0.9539658,0.022145,0.02388927
id04449,0.02035065,0.9604374,0.019211927
id15605,0.023797628,0.02153128,0.9546711
id01768,0.9499804,0.02295581,0.027063843
id20019,0.02500539,0.958228,0.016766634
id09593,0.019058455,0.96233386,0.018607646
id23179,0.09155587,0.024559075,0.8838851
id21279,0.95407516,0.021563828,0.024360998
id06711,0.02272076,0.01988186,0.9573974
id14243,0.019667808,0.9599136,0.020418568
id04839,0.021650817,0.02086505,0.9574841
id17220,0.020290894,0.9615704,0.018138763
id24177,0.95264757,0.020675253,0.026677206
id20512,0.023476753,0.04914386,0.9273794
id14036,0.019804752,0.96013576,0.020059459
id25001,0.24842326,0.025863608,0.72571313
id06175,0.018946137,0.9619427,0.019111203
id24720,0.021604635,0.9612389,0.017156452
id08070,0.9558016,0.025342613,0.018855834
id18934,0.94870394,0.026338244,0.024957817
id01338,0.9567332,0.019853262,0.02341352
id19008,0.019580647,0.962331,0.018088348
id19632,0.051689386,0.91554976,0.032760866
id26224,0.019501373,0.020982267,0.95951635
id08219,0.932367,0.023423554,0.044209365
id24008,0.02027209,0.020541899,0.959186
id12475,0.4387803,0.49950042,0.061719347
id05766,0.6327248,0.22837362,0.13890156
id27386,0.021768084,0.9597284,0.018503457
id12476,0.01993138,0.96264935,0.017419318
id08311,0.95497155,0.02388153,0.02114691
id04996,0.7274428,0.24592762,0.02662961
id17350,0.059280913,0.83979124,0.10092786
id05546,0.026411805,0.95720446,0.016383728
id16504,0.022571785,0.95962733,0.017800808
id05782,0.022678806,0.021390399,0.9559308
id20560,0.91088235,0.027506862,0.06161077
id14171,0.026521295,0.021788564,0.9516902
id27461,0.035415776,0.02073291,0.9438513
id03581,0.039975286,0.021142649,0.93888205
id21847,0.019543005,0.020308787,0.9601482
id11712,0.8672063,0.033004403,0.09978933
id26738,0.025675792,0.023681264,0.95064294
id13668,0.95281094,0.02114494,0.026044142
id15114,0.95504445,0.021247549,0.023708016
id20130,0.66134703,0.03245996,0.30619305
id18331,0.47318223,0.025935596,0.5008822
id24465,0.9568615,0.022341799,0.020796755
id13539,0.9326264,0.02984427,0.037529312
id27564,0.14826733,0.8290624,0.022670282
id26043,0.029655071,0.018390642,0.9519543
id04965,0.026336372,0.021518655,0.952145
id08645,0.0302807,0.019482123,0.95023715
id26610,0.36610502,0.038541246,0.5953538
id21737,0.09210053,0.8772543,0.030645113
id25784,0.019832116,0.9623792,0.01778867
id23030,0.9528912,0.023658564,0.023450296
id16450,0.01946874,0.9612321,0.01929917
id02161,0.048037134,0.020727467,0.93123543
id25535,0.88730115,0.024358846,0.08834
id16566,0.9243988,0.022234181,0.053367037
id05714,0.9554608,0.025008796,0.019530429
id16524,0.57894886,0.028501024,0.39255014
id23941,0.018786658,0.96306866,0.018144693
id00831,0.019168489,0.023561899,0.95726967
id18145,0.67621005,0.027486276,0.29630366
id17227,0.9556622,0.021282097,0.023055753
id09417,0.9353853,0.029778294,0.034836438
id21307,0.93905586,0.028281359,0.032662828
id05650,0.021825101,0.96140164,0.016773308
id23901,0.9074565,0.06681196,0.025731495
id05831,0.9572222,0.020832436,0.021945382
id16708,0.031050842,0.95108765,0.01786149
id02281,0.043511808,0.021914212,0.93457395
id11599,0.42877084,0.07668454,0.49454466
id18353,0.1325583,0.6226266,0.24481504
id07413,0.07152505,0.90600485,0.022470092
id15653,0.03141761,0.95101887,0.017563544
id09715,0.02098333,0.020134669,0.958882
id05108,0.17978051,0.7987936,0.021425927
id09537,0.8443745,0.033595894,0.12202962
id27596,0.9498642,0.028542722,0.021593112
id24255,0.024003955,0.020325955,0.95567006
id05080,0.020792855,0.021141537,0.9580656
id09484,0.95711255,0.020000173,0.022887276
id14864,0.036044102,0.022093147,0.94186276
id26836,0.9025617,0.05875197,0.038686253
id07003,0.8942567,0.070852995,0.034890343
id13750,0.020157544,0.96042013,0.019422363
id21799,0.074358396,0.057076674,0.86856496
id11285,0.95566154,0.021963743,0.022374762
id04735,0.86806566,0.07726165,0.054672707
id23049,0.0194161,0.02149711,0.9590868
id05826,0.23700166,0.70580626,0.05719207
id17916,0.019168252,0.96323794,0.017593758
id14081,0.05613578,0.022283364,0.9215809
id10527,0.099699065,0.023861889,0.8764391
id16059,0.02041771,0.9609775,0.018604835
id25542,0.9557819,0.021980165,0.022237983
id05402,0.02444956,0.021144014,0.95440644
id01927,0.57954615,0.18898839,0.23146546
id27656,0.7690568,0.026515791,0.2044274
id06708,0.022912588,0.9563426,0.020744834
id03524,0.092224576,0.88386184,0.023913596
id12297,0.65301573,0.050976455,0.29600784
id03439,0.77787167,0.039816774,0.1823116
id04587,0.019315062,0.9618207,0.018864203
id25470,0.01873224,0.9622253,0.019042462
id01212,0.021595541,0.95919263,0.0192118
id13932,0.9532131,0.024796177,0.021990718
id00124,0.033261128,0.019144082,0.94759476
id01592,0.9531251,0.020678584,0.026196292
id13461,0.894137,0.054848958,0.051014055
id24681,0.093634985,0.02560034,0.88076466
id23245,0.03625633,0.019752521,0.9439912
id14073,0.66632974,0.034750197,0.29892012
id05172,0.9289261,0.026482802,0.04459112
id21979,0.9472227,0.023022065,0.029755268
id00328,0.9511654,0.023802124,0.025032545
id26102,0.9580016,0.02129901,0.02069934
id14867,0.09824961,0.02226886,0.87948155
id27544,0.023425177,0.9593036,0.017271204
id16228,0.9545191,0.020401647,0.025079245
id16342,0.03837017,0.94355243,0.018077364
id24933,0.9507267,0.026128065,0.023145229
id04601,0.4904171,0.030355548,0.4792274
id01599,0.020291617,0.96051323,0.019195193
id06238,0.9472005,0.027379215,0.025420358
id06826,0.052012213,0.288598,0.65938985
id23307,0.9510826,0.019679764,0.029237684
id13575,0.5632033,0.030666286,0.40613046
id24174,0.6633678,0.03429474,0.3023375
id19534,0.08855467,0.34431943,0.5671259
id19602,0.020427441,0.021241218,0.95833135
id26962,0.01945376,0.96251094,0.018035298
id04448,0.021924112,0.9605257,0.01755018
id09786,0.021741766,0.9603352,0.017923033
id25240,0.090782434,0.88750273,0.021714859
id14893,0.9579133,0.020848665,0.021237994
id24221,0.9566235,0.020426406,0.022950137
id04696,0.9326116,0.025890848,0.041497577
id15153,0.031256966,0.91655195,0.052191086
id13882,0.01997839,0.95954764,0.020473983
id17836,0.021174703,0.9620282,0.016797084
id00574,0.0187802,0.9627969,0.018422894
id02078,0.019986866,0.9565512,0.023461929
id21206,0.050812807,0.90603215,0.0431551
id20084,0.5610191,0.022592662,0.4163882
id26598,0.019405944,0.022511553,0.9580825
id06838,0.037776973,0.019219255,0.94300383
id08786,0.020296022,0.02629638,0.9534076
id09550,0.072912514,0.027451657,0.89963585
id10206,0.9488884,0.026397157,0.024714436
id21113,0.93557626,0.023679737,0.040744
id21151,0.028589223,0.9540103,0.017400471
id02692,0.9574206,0.021436995,0.02114241
id26446,0.11938758,0.031373054,0.84923935
id07377,0.024383983,0.9590561,0.01655998
id15998,0.8231185,0.028111551,0.14876997
id19637,0.9571008,0.018916167,0.023983011
id19735,0.020785207,0.9611484,0.018066386
id13739,0.16030137,0.37469664,0.465002
id25175,0.94571286,0.02152152,0.032765646
id00563,0.040968638,0.022391705,0.93663967
id09982,0.9469239,0.021653455,0.031422596
id15459,0.019665118,0.9608776,0.019457294
id20785,0.019132921,0.022319507,0.9585476
id07145,0.023887863,0.020712847,0.9553993
id22204,0.02380924,0.9590022,0.017188491
id09285,0.9419545,0.023882097,0.034163386
id18157,0.02440906,0.023027396,0.9525635
id12134,0.019407885,0.022268211,0.9583239
id23914,0.9472189,0.020417286,0.03236378
id10483,0.9159379,0.057507474,0.026554663
id07092,0.92585486,0.025573637,0.048571438
id14786,0.057735324,0.025184667,0.91708004
id25741,0.9539208,0.021899642,0.024179598
id09050,0.020654924,0.96144813,0.017896926
id04938,0.95146006,0.020947164,0.0275928
id05901,0.19571514,0.03155126,0.77273357
id16975,0.02041211,0.96173793,0.017849963
id08547,0.020638397,0.022104517,0.9572571
id16355,0.9408108,0.025910541,0.03327865
id14568,0.50047183,0.21747442,0.28205377
id25599,0.024824224,0.95033276,0.024843063
id01670,0.019110914,0.9625415,0.018347586
id23945,0.020287383,0.96215093,0.01756169
id17394,0.020107271,0.022672964,0.9572198
id06501,0.63297755,0.17239138,0.1946311
id26234,0.018977871,0.9622776,0.018744573
id21280,0.019435052,0.02184028,0.9587247
id20048,0.021745427,0.02228537,0.9559692
id01216,0.4104471,0.5679285,0.021624457
id25320,0.9529224,0.02366796,0.02340965
id22833,0.019060254,0.020786248,0.9601535
id22056,0.6948231,0.23832521,0.06685176
id02275,0.01985181,0.96244454,0.017703658
id26127,0.81099886,0.050873708,0.13812746
id17011,0.019541133,0.9617555,0.018703358
id13847,0.935959,0.023470426,0.040570594
id00013,0.019487647,0.96246773,0.018044652
id16463,0.94519126,0.02601716,0.0287916
id04845,0.026472768,0.8926151,0.080912165
id01787,0.45139068,0.030627044,0.5179823
id08637,0.9537587,0.022456665,0.023784652
id11414,0.02156253,0.020218033,0.9582194
id13177,0.104764424,0.766173,0.12906262
id24517,0.94249034,0.024927063,0.032582585
id26838,0.86542755,0.10998031,0.024592154
id23081,0.019369218,0.9625327,0.018098105
id16327,0.032857463,0.36806777,0.5990748
id27282,0.024548551,0.9582707,0.017180745
id07489,0.0265499,0.022112936,0.95133716
id01718,0.022179876,0.021345133,0.95647496
id15441,0.449797,0.51923203,0.030970894
id27736,0.024052165,0.94085574,0.03509213
id16324,0.025848676,0.6794503,0.294701
id12027,0.049262445,0.022113642,0.9286239
id24653,0.020571996,0.96110916,0.018318817
id17541,0.10914591,0.02655917,0.86429495
id22406,0.07739483,0.43129247,0.49131268
id18356,0.91635084,0.035588507,0.048060693
id04505,0.72757393,0.23055744,0.041868664
id04246,0.92700195,0.028797287,0.044200756
id07368,0.9426904,0.02044814,0.036861423
id26185,0.02085222,0.020475645,0.95867217
id08878,0.04105881,0.023363126,0.93557805
id27691,0.019417653,0.022732139,0.9578502
id18004,0.9302355,0.03116717,0.038597383
id24426,0.94571847,0.021065649,0.03321587
id14164,0.95481604,0.020677835,0.024506137
id12653,0.019188354,0.96235603,0.018455645
id18060,0.17204833,0.04019569,0.78775597
id18556,0.833435,0.063643485,0.10292157
id27371,0.020471737,0.02333596,0.9561923
id11989,0.025168857,0.9483701,0.0264611
id26095,0.9553914,0.021034943,0.023573596
id24978,0.11958156,0.05403303,0.8263854
id20322,0.7356984,0.024015097,0.24028656
id01954,0.9548707,0.022475231,0.022654116
id07434,0.94106054,0.026238844,0.032700542
id18144,0.01858115,0.02150186,0.959917
id16250,0.020577673,0.96021456,0.019207789
id17793,0.017857332,0.022489093,0.95965356
id24067,0.14194715,0.029879656,0.82817316
id13891,0.020083938,0.021873662,0.95804244
id07334,0.023557492,0.95619214,0.020250412
id15633,0.019106913,0.9621147,0.01877838
id23239,0.9496602,0.028025765,0.022314055
id10674,0.029558396,0.03294143,0.9375002
id22093,0.90568,0.028002381,0.066317625
id08444,0.02754399,0.87076354,0.10169248
id03257,0.019999873,0.020352041,0.95964813
id10040,0.9204251,0.048252653,0.03132222
id04902,0.029381113,0.017882546,0.9527363
id01219,0.9374916,0.029779028,0.032729372
id01340,0.9331321,0.037859704,0.02900822
id05117,0.021181611,0.96104664,0.017771807
id04908,0.021654595,0.019951427,0.95839393
id03626,0.020781854,0.020444278,0.9587739
id01888,0.9560684,0.021011844,0.022919811
id17199,0.021889271,0.021274267,0.95683646
id11200,0.92809564,0.045071606,0.026832778
id27561,0.86618793,0.03109732,0.10271481
id20966,0.019490616,0.9624773,0.018032074
id10257,0.019938748,0.9610054,0.01905586
id21168,0.019676683,0.9623899,0.017933445
id23363,0.042217575,0.020365445,0.937417
id05321,0.88193285,0.023049716,0.09501745
id09928,0.037207402,0.019856667,0.94293594
id18015,0.95677495,0.021185426,0.02203965
id02082,0.020960072,0.9603659,0.018673997
id19279,0.9148245,0.06607392,0.01910166
id08541,0.02166875,0.95879126,0.019539999
id15249,0.020080943,0.9612172,0.018701877
id03609,0.022588165,0.95756626,0.019845491
id22902,0.022366738,0.019162722,0.9584705
id17733,0.95741177,0.021334084,0.021254124
id07554,0.030140217,0.0331796,0.9366802
id14120,0.70552796,0.024365295,0.2701067
id21802,0.020315478,0.95958585,0.020098694
id15614,0.019347295,0.9617051,0.018947575
id19437,0.020564519,0.021177698,0.9582578
id22698,0.9539437,0.0234161,0.022640126
id21841,0.019629097,0.962026,0.018344883
id16177,0.8912487,0.032737,0.076014295
id15887,0.036754634,0.020664215,0.9425812
id22629,0.40093717,0.030646604,0.56841624
id10346,0.9505455,0.02637349,0.023080995
id05154,0.9543805,0.022327106,0.023292396
id22913,0.15154265,0.82653224,0.02192518
id10544,0.039234433,0.9317907,0.028974788
id08703,0.18919864,0.7928174,0.017983986
id12817,0.03702567,0.02110816,0.9418662
id25433,0.932436,0.023990944,0.04357313
id25112,0.020718979,0.021235209,0.9580458
id05054,0.019394321,0.96164596,0.018959723
id02311,0.06260378,0.91334116,0.02405504
id22160,0.019022482,0.9536993,0.027278246
id17422,0.9568473,0.021471761,0.021680925
id18985,0.92317593,0.025413016,0.051411033
id21905,0.020559037,0.020812761,0.9586282
id17474,0.3880262,0.027409947,0.58456385
id15236,0.01998359,0.95966345,0.02035291
id13964,0.95225924,0.023281926,0.024458801
id15962,0.020465184,0.96143717,0.018097654
id20866,0.10526641,0.02448836,0.8702453
id06625,0.16766277,0.14976294,0.68257433
id09793,0.8752703,0.04151381,0.083215885
id17365,0.020088594,0.96029234,0.019619057
id18463,0.020420227,0.960324,0.019255767
id20693,0.1231983,0.8168076,0.059994113
id08785,0.019066416,0.9629761,0.017957512
id06783,0.022247888,0.96030015,0.017451923
id23178,0.025165893,0.020816823,0.9540172
id13513,0.0206418,0.96209633,0.01726189
id25361,0.032604765,0.021576472,0.9458188
id22319,0.64230746,0.057490814,0.30020168
id14024,0.07793291,0.022898134,0.89916897
id24186,0.019043023,0.96257645,0.018380504
id20965,0.9392165,0.028559918,0.03222357
id06242,0.48850855,0.054311484,0.45718002
id25665,0.023482125,0.12952611,0.8469918
id09706,0.39923412,0.039522745,0.5612432
id11026,0.019211423,0.9618577,0.018930927
id04223,0.95629156,0.020249454,0.02345892
id19674,0.020093879,0.96148384,0.0184223
id23420,0.022335762,0.027844142,0.94982004
id18059,0.041112766,0.93927115,0.019616066
id22576,0.92309606,0.050077878,0.026825987
id18495,0.020207636,0.9612833,0.018509062
id14139,0.94562066,0.030218787,0.024160588
id18313,0.019418018,0.9604146,0.020167405
id27356,0.94962996,0.02146129,0.02890873
id16035,0.019500142,0.021820288,0.95867956
id04182,0.9314213,0.04500897,0.023569778
id15667,0.9576172,0.02118489,0.021197919
id08713,0.9518343,0.021437366,0.026728371
id25563,0.019465622,0.96075314,0.019781206
id17023,0.951177,0.026618358,0.022204623
id03014,0.019294348,0.96192425,0.018781371
id23812,0.052614868,0.92881215,0.018573003
id20057,0.7251437,0.048782367,0.22607398
id12385,0.323226,0.08060709,0.5961669
id24416,0.029867917,0.9504793,0.01965272
id15672,0.046317436,0.87253076,0.08115184
id13868,0.95513946,0.020488456,0.024372082
id21095,0.026255077,0.026044514,0.9477004
id05305,0.038133003,0.5664683,0.3953987
id15384,0.02914014,0.02218294,0.94867694
id14049,0.60975575,0.022417823,0.3678264
id23441,0.956143,0.021992153,0.021864817
id12856,0.021422047,0.021237627,0.95734036
id16055,0.024581589,0.019824464,0.95559394
id24771,0.93890405,0.042026144,0.019069817
id14053,0.94342566,0.024117855,0.032456502
id19547,0.021914247,0.04750686,0.9305789
id03639,0.019627608,0.9622208,0.018151613
id14546,0.730768,0.23633572,0.03289625
id13935,0.9278329,0.021049347,0.051117808
id20335,0.06411607,0.9140021,0.021881763
id07301,0.030056868,0.020391691,0.94955146
id10186,0.8417882,0.03095981,0.12725201
id00192,0.8916874,0.022220911,0.086091675
id17851,0.9555768,0.022882458,0.021540739
id08403,0.018204527,0.96308565,0.018709831
id06183,0.11436156,0.024292186,0.86134624
id24738,0.61469096,0.35617453,0.029134488
id15112,0.90638864,0.049997717,0.043613665
id19819,0.020627772,0.020752449,0.9586198
id17722,0.02038071,0.02094486,0.95867443
id24273,0.019153757,0.9592854,0.02156086
id18939,0.021408167,0.02084112,0.95775074
id16076,0.030416796,0.9509966,0.018586617
id23158,0.024359247,0.057432353,0.9182084
id12745,0.92230207,0.026430568,0.051267374
id22538,0.30888098,0.036659047,0.65446
id14975,0.10226183,0.87634295,0.021395216
id27537,0.95761216,0.021276824,0.021111056
id06632,0.1732592,0.025716139,0.8010247
id08100,0.026379062,0.9567025,0.016918497
id00843,0.9542675,0.020584846,0.025147736
id22159,0.025940645,0.019677352,0.95438206
id18672,0.66213703,0.028938588,0.3089244
id06916,0.3581779,0.6017493,0.04007283
id22212,0.94773096,0.020293476,0.031975593
id00273,0.021077583,0.02195391,0.9569685
id26325,0.024012187,0.95774996,0.018237878
id23683,0.022188324,0.95890504,0.01890668
id14419,0.020107817,0.9612513,0.018640883
id11931,0.02005121,0.96076745,0.01918135
id00568,0.019696636,0.96244496,0.017858367
id12271,0.9557171,0.024797551,0.019485302
id12622,0.6574311,0.32257396,0.019994954
id03156,0.02749389,0.9337624,0.03874374
id25592,0.9551614,0.020382171,0.024456488
id24367,0.9561329,0.021904306,0.021962764
id16007,0.020276187,0.02058739,0.9591364
id04785,0.67617685,0.043590784,0.28023237
id07888,0.021100508,0.021785213,0.9571142
id13557,0.09018372,0.8902858,0.01953052
id20726,0.9458046,0.021807319,0.03238808
id09580,0.95175695,0.028751662,0.01949132
id05173,0.05535227,0.92543,0.019217726
id10394,0.019212004,0.9616347,0.019153314
id03926,0.01938659,0.96194655,0.018666806
id07264,0.95425075,0.01894925,0.026799964
id01862,0.018910386,0.961755,0.019334583
id20808,0.045190062,0.9315381,0.023271775
id26658,0.6913232,0.028211165,0.28046563
id04479,0.7457592,0.029362664,0.22487812
id17445,0.28811234,0.6682948,0.04359289
id04430,0.01998203,0.96213824,0.01787975
id06052,0.9470067,0.02060483,0.032388426
id11485,0.9309,0.04196834,0.027131718
id13060,0.10019414,0.02653944,0.8732664
id20873,0.9082543,0.03136406,0.060381614
id21927,0.02630804,0.95703876,0.0166532
id02736,0.46586117,0.04044962,0.4936892
id11234,0.13953677,0.02584343,0.8346198
id27894,0.9533348,0.02057801,0.026087126
id23208,0.06795376,0.34936902,0.5826772
id18470,0.2363309,0.29432282,0.46934628
id23172,0.6390418,0.32232112,0.038637113
id08752,0.7075965,0.040044397,0.25235912
id14242,0.042498134,0.022142598,0.9353593
id22908,0.9183987,0.027711466,0.053889893
id17454,0.028055731,0.02143681,0.95050746
id23797,0.6251302,0.34017408,0.03469579
id03788,0.9041302,0.06720794,0.02866187
id23682,0.050070446,0.02314566,0.9267839
id07179,0.92689973,0.027386274,0.045714058
id09746,0.022589374,0.95784646,0.01956419
id26613,0.038977485,0.022449965,0.9385725
id05142,0.95671207,0.024461469,0.018826494
id04825,0.021762833,0.96068114,0.017556064
id13691,0.6345618,0.039462335,0.3259759
id14183,0.023097742,0.021073952,0.9558283
id19519,0.022341121,0.022161225,0.9554976
id26685,0.9380125,0.03188256,0.030104935
id07937,0.1354433,0.1433531,0.72120357
id10574,0.020150324,0.96168196,0.018167734
id15310,0.019777926,0.96085894,0.019363092
id27311,0.022390958,0.020703379,0.9569057
id11590,0.6049863,0.031507462,0.36350626
id19798,0.018857056,0.962753,0.018389914
id12201,0.26929885,0.6996614,0.03103975
id12460,0.10824599,0.11357568,0.77817833
id12019,0.9534876,0.02023455,0.02627788
id08046,0.613402,0.32886714,0.057730906
id02989,0.05001529,0.022191605,0.92779315
id26905,0.01974548,0.022608306,0.9576462
id09779,0.95537966,0.020722508,0.023897808
id04359,0.8089715,0.085216835,0.105811656
id01526,0.95783466,0.021357542,0.020807818
id22325,0.022339325,0.95815104,0.01950962
id27878,0.9204602,0.027510436,0.052029252
id06413,0.020060575,0.96067905,0.01926038
id12616,0.018549722,0.9624611,0.018989203
id05301,0.9484498,0.020583857,0.030966336
id13258,0.031799965,0.022151873,0.94604814
id08789,0.15273815,0.8217487,0.025513193
id11776,0.02004787,0.9606283,0.019323898
id21899,0.94545525,0.033062242,0.021482497
id18108,0.055107795,0.021920448,0.9229717
id23585,0.85455227,0.06320936,0.082238406
id22122,0.050335854,0.021265903,0.92839825
id22855,0.89010996,0.07027814,0.039611932
id19551,0.9554235,0.020679379,0.023897152
id18535,0.01934095,0.961388,0.019271065
id15115,0.042256065,0.021428604,0.93631536
id00678,0.9481244,0.034721754,0.017153868
id21876,0.2375491,0.6174513,0.14499962
id01553,0.91246986,0.031396627,0.05613349
id09456,0.93708134,0.020927442,0.041991215
id01455,0.028356895,0.9546175,0.017025635
id02454,0.019819278,0.9613086,0.01887215
id07911,0.2971346,0.023290403,0.67957497
id13383,0.9073262,0.070942685,0.02173109
id19953,0.34760007,0.02941371,0.6229862
id10316,0.5368358,0.09678921,0.36637503
id01991,0.07365202,0.022200165,0.9041478
id19176,0.94987017,0.023159407,0.02697046
id06744,0.52129006,0.02634837,0.4523616
id09999,0.109928295,0.023203142,0.8668686
id11253,0.020334655,0.02091994,0.9587454
id15089,0.018641083,0.9627007,0.01865825
id16821,0.042289026,0.018791635,0.93891937
id08256,0.9572658,0.023706438,0.019027745
id14844,0.44488367,0.03334511,0.5217712
id25950,0.019671172,0.9620329,0.018295944
id11961,0.019873258,0.9606123,0.019514387
id00092,0.020066615,0.02150872,0.9584247
id13083,0.018735457,0.025468042,0.95579654
id25825,0.9528892,0.019334288,0.027776532
id03045,0.022812035,0.01975902,0.95742893
id19037,0.24868461,0.7072488,0.04406657
id24357,0.039632514,0.020815423,0.93955207
id24449,0.06346086,0.9173593,0.019179894
id22847,0.021163752,0.95948565,0.019350559
id27720,0.9550933,0.021683034,0.023223642
id11619,0.95446825,0.023685673,0.021846004
id03129,0.9098851,0.027978549,0.06213633
id04264,0.01923864,0.96257097,0.01819042
id19748,0.030108355,0.026291976,0.9435997
id20851,0.039682604,0.019693518,0.9406239
id13277,0.9189762,0.036671422,0.04435247
id06419,0.021301104,0.9603893,0.018309617
id00581,0.9499279,0.021943836,0.02812829
id08765,0.93707573,0.019568723,0.04335557
id13492,0.03976085,0.94155663,0.018682588
id12049,0.02065013,0.96114695,0.018202905
id12700,0.9567793,0.02036852,0.022852201
id07697,0.9563086,0.02169306,0.021998305
id00262,0.02149581,0.96068066,0.017823547
id20969,0.027013024,0.63040316,0.3425838
id18465,0.022766601,0.01951598,0.9577174
id10027,0.020019129,0.962257,0.017723909
id03007,0.021290828,0.9490765,0.029632676
id23465,0.8927619,0.05097777,0.05626037
id09086,0.95086163,0.026695078,0.022443268
id08015,0.018494235,0.96340215,0.018103626
id04285,0.20580153,0.03047778,0.7637207
id04356,0.023024218,0.021068199,0.9559075
id03554,0.9318382,0.037258003,0.030903798
id06922,0.85224503,0.036596335,0.11115861
id15733,0.019036094,0.96159524,0.019368686
id24934,0.022726031,0.020213056,0.95706093
id05529,0.954743,0.023423072,0.02183388
id00298,0.020230236,0.9609713,0.018798487
id08158,0.49325934,0.034245186,0.47249547
id15135,0.19104946,0.024639992,0.7843105
id06574,0.6398071,0.1938446,0.16634834
id20017,0.020014143,0.9612751,0.018710723
id14386,0.018824853,0.022020865,0.9591543
id24226,0.94833857,0.027745334,0.023916107
id24212,0.03175912,0.90502316,0.06321765
id14116,0.021077266,0.021405373,0.9575174
id14500,0.022385355,0.019673388,0.95794123
id22744,0.023023464,0.024395702,0.9525808
id16163,0.95696324,0.02088443,0.022152286
id17883,0.951817,0.022473138,0.02570989
id04631,0.01910929,0.022594996,0.9582957
id26517,0.025284067,0.021249264,0.9534667
id12655,0.01854215,0.9604288,0.021029007
id01505,0.03543926,0.94609576,0.018464986
id00104,0.026781524,0.019155752,0.95406276
id20387,0.019435434,0.96262294,0.017941684
id02843,0.81081086,0.03803494,0.15115426
id04361,0.024689509,0.022448061,0.95286244
id26813,0.93439436,0.020303821,0.04530182
id01466,0.019734545,0.9617337,0.018531723
id17090,0.38383108,0.5572873,0.05888167
id06691,0.019936439,0.022166822,0.9578967
id09408,0.3669742,0.079828046,0.5531978
id15285,0.9355035,0.019199518,0.045297008
id16283,0.95553654,0.022464875,0.021998554
id12607,0.95094824,0.025528539,0.023523234
id25965,0.050328355,0.022403175,0.9272685
id07268,0.019609323,0.9625043,0.017886369
id13529,0.021155784,0.020979205,0.95786506
id11969,0.019015498,0.9630696,0.017914904
id20299,0.023813028,0.9373442,0.038842797
id08770,0.029698122,0.020733962,0.9495679
id20730,0.049632724,0.021963444,0.92840385
id06333,0.021457788,0.9609781,0.01756413
id27451,0.88916165,0.026513137,0.084325224
id12111,0.032283198,0.02102806,0.9466888
id06609,0.027993917,0.019755544,0.9522506
id12299,0.95504636,0.021464616,0.023488972
id23264,0.9521561,0.02167366,0.026170136
id04222,0.94980353,0.02483401,0.025362432
id17229,0.019216584,0.9628108,0.017972589
id24365,0.020219218,0.023090156,0.95669067
id18294,0.03429813,0.9471259,0.01857593
id04493,0.94771594,0.026530284,0.025753787
id27575,0.93506,0.022122715,0.042817235
id03801,0.93449414,0.020927852,0.044578005
id11611,0.07819331,0.020845592,0.9009611
id01632,0.41956824,0.027335444,0.5530963
id06510,0.22403832,0.30065754,0.4753042
id20431,0.6067911,0.030581664,0.3626273
id23529,0.1437644,0.30453467,0.55170095
id13951,0.019463165,0.03367227,0.94686455
id00803,0.023222398,0.95827436,0.018503254
id06737,0.86744976,0.030541768,0.10200844
id24288,0.95527476,0.02107936,0.023645852
id08385,0.29747978,0.6614141,0.041106183
id22859,0.019826867,0.9607487,0.019424463
id22234,0.019957392,0.954272,0.025770668
id10365,0.019765228,0.96027964,0.019955158
id00865,0.022093076,0.01951034,0.9583966
id19405,0.072715536,0.020255107,0.90702933
id11246,0.025440658,0.019153725,0.9554056
id19587,0.019235255,0.021522988,0.95924175
id24614,0.020348808,0.96045905,0.019192174
id23623,0.8451759,0.0328132,0.122010924
id15271,0.3015574,0.032974273,0.66546834
id20478,0.019318882,0.020462874,0.96021825
id25277,0.95505536,0.023929572,0.021015054
id22004,0.8747537,0.083582245,0.04166408
id16728,0.020374719,0.9598862,0.01973911
id06907,0.22750726,0.7168749,0.05561786
id11895,0.027976776,0.9545075,0.017515743
id13802,0.20078744,0.76872516,0.030487435
id18459,0.01936023,0.9619042,0.018735547
id21371,0.94977516,0.020374,0.029850846
id11408,0.020727519,0.960487,0.018785514
id05442,0.24798723,0.7217017,0.030311119
id21499,0.047942705,0.18891445,0.7631429
id18066,0.62679213,0.33905786,0.034150008
id23617,0.021406207,0.020994276,0.9575995
id07725,0.021820283,0.021956049,0.95622367
id24627,0.78466225,0.030843323,0.18449445
id19108,0.88576794,0.09424506,0.01998703
id11800,0.02393854,0.019872718,0.9561888
id14588,0.9551383,0.021247592,0.023614097
id27474,0.89014816,0.037709918,0.07214193
id07924,0.9514153,0.023881698,0.024703035
id10772,0.77254933,0.023240756,0.20420992
id19235,0.111285366,0.22076063,0.667954
id13647,0.6573783,0.1355151,0.20710663
id08673,0.9418829,0.02289388,0.035223205
id24850,0.02247549,0.9604032,0.017121306
id11764,0.9535174,0.023561757,0.022920838
id05197,0.6799865,0.27878746,0.04122611
id23600,0.031338286,0.019671226,0.94899046
id14699,0.020315802,0.960635,0.019049227
id26801,0.06919174,0.02305628,0.90775204
id25664,0.7064398,0.25097892,0.04258132
id07809,0.76353616,0.20425932,0.03220459
id13081,0.02222639,0.021660008,0.95611364
id11381,0.2133513,0.03208207,0.75456667
id14721,0.22091874,0.03698278,0.7420985
id07800,0.43418166,0.03392743,0.5318909
id13883,0.9147173,0.03831191,0.046970792
id04488,0.92108375,0.022414599,0.05650162
id03530,0.41658983,0.06678613,0.5166241
id15823,0.020842252,0.020659793,0.958498
id11701,0.21466276,0.025810027,0.7595272
id07806,0.020012429,0.9603664,0.019621156
id19036,0.018741257,0.96270365,0.018555103
id20765,0.94600296,0.03328117,0.020715889
id26691,0.037240967,0.037351467,0.9254076
id02642,0.024104934,0.02197644,0.95391864
id06475,0.95471126,0.026932321,0.018356455
id19019,0.8696664,0.043931957,0.08640165
id14616,0.02635253,0.019041806,0.9546057
id08537,0.9454004,0.03565383,0.018945727
id19126,0.04867156,0.032299828,0.91902864
id01774,0.021502059,0.020765347,0.9577326
id08623,0.84870434,0.10457496,0.04672072
id17150,0.020040728,0.021222807,0.9587365
id06325,0.019888978,0.021431636,0.9586794
id23161,0.019579519,0.020789374,0.9596311
id09876,0.36936846,0.035671026,0.5949606
id01551,0.50072616,0.18060593,0.31866798
id12334,0.019359719,0.9622755,0.018364795
id03577,0.060575746,0.02127464,0.91814965
id20706,0.9559237,0.021574778,0.022501556
id23704,0.017823454,0.9635808,0.018595736
id10029,0.019211154,0.95694417,0.023844602
id19600,0.019635428,0.9614013,0.018963326
id22367,0.021453846,0.9596893,0.018856863
id12262,0.9565159,0.021178972,0.022305122
id09698,0.022235584,0.96104765,0.016716776
id10919,0.9560154,0.02078331,0.023201346
id12508,0.019881647,0.96167165,0.018446699
id16206,0.047662735,0.02564573,0.92669153
id25927,0.02707237,0.021046069,0.9518816
id23189,0.028737452,0.9537857,0.017476846
id00406,0.027441364,0.9449317,0.027626922
id01257,0.22236982,0.73993194,0.037698247
id15147,0.95850843,0.02054107,0.020950474
id24692,0.5542677,0.41443112,0.031301085
id02919,0.021127526,0.9611584,0.017714098
id00339,0.01925498,0.9617477,0.01899733
id20981,0.020146172,0.96233845,0.017515384
id00658,0.82292396,0.020913502,0.15616262
id02255,0.025106428,0.020574702,0.9543189
id13282,0.9490471,0.028585903,0.02236696
id13189,0.68822086,0.046387993,0.2653912
id07267,0.9532259,0.02138719,0.02538699
id05272,0.59373313,0.029920733,0.37634608
id22653,0.94099057,0.024685433,0.034324042
id06894,0.028606715,0.02121698,0.9501763
id21657,0.296859,0.6712512,0.031889837
id00430,0.019277181,0.9613075,0.019415298
id21655,0.023871483,0.021945156,0.9541834
id04764,0.8116086,0.033661194,0.15473023
id08665,0.02104073,0.021750882,0.9572084
id20985,0.020468915,0.020514606,0.9590165
id08095,0.19584398,0.77840394,0.025752138
id12015,0.9537365,0.021732617,0.024530929
id13210,0.16256127,0.81703925,0.020399524
id24937,0.20183353,0.7774867,0.020679783
id03675,0.019106377,0.96218276,0.018710796
id26951,0.5212906,0.43499717,0.04371227
id06104,0.020752361,0.0220418,0.95720583
id20105,0.020352762,0.96122265,0.018424591
id20441,0.020268437,0.021480015,0.95825154
id05660,0.9334809,0.025816932,0.040702164
id04078,0.022035418,0.020396357,0.9575682
id26101,0.036559634,0.021464169,0.9419762
id10144,0.021813098,0.9605779,0.017609028
id15096,0.01998283,0.021712586,0.9583046
id11903,0.111473665,0.023378367,0.86514795
id24093,0.020470154,0.021282226,0.95824766
id06388,0.41259193,0.44888616,0.13852191
id01203,0.7707571,0.025331499,0.20391135
id18448,0.9507165,0.0238862,0.025397351
id10382,0.41154358,0.04606832,0.54238814
id25109,0.040115405,0.3330695,0.62681514
id15526,0.021428715,0.022111723,0.9564596
id09411,0.06260517,0.02787241,0.9095224
id03937,0.035739508,0.018404674,0.9458558
id09740,0.021626856,0.020868856,0.9575043
id11584,0.1557623,0.28543192,0.5588058
id06135,0.7256297,0.25237364,0.021996722
id22666,0.8535039,0.1223875,0.02410866
id03104,0.95582885,0.021665802,0.02250536
id21763,0.9237092,0.050279457,0.026011353
id26344,0.02409899,0.02009329,0.9558077
id11819,0.9376161,0.037850704,0.024533233
id20309,0.019821126,0.9611225,0.019056365
id12751,0.92593193,0.03462095,0.039447136
id16205,0.6398957,0.040553346,0.31955096
id07347,0.024812754,0.021080852,0.95410645
id20347,0.19168869,0.7899678,0.01834354
id05696,0.07593034,0.020391587,0.9036781
id04648,0.92712253,0.032068264,0.040809214
id19654,0.62018627,0.23255524,0.1472585
id03991,0.11952308,0.028830059,0.8516469
id05523,0.037938155,0.023701787,0.93836004
id27445,0.9571125,0.020756077,0.022131464
id27516,0.019557185,0.9613286,0.019114252
id13992,0.020469045,0.021882504,0.95764846
id02429,0.02121723,0.021030491,0.9577522
id01682,0.02197276,0.95927155,0.018755728
id20561,0.92453367,0.024515025,0.050951343
id26906,0.95527107,0.021801606,0.022927351
id01724,0.6398668,0.20473704,0.15539613
id25283,0.9509438,0.021309337,0.027746838
id06926,0.8804349,0.08616019,0.033404924
id13887,0.95633495,0.021061435,0.02260363
id07530,0.9511479,0.021877741,0.026974302
id13460,0.9556896,0.021508042,0.022802342
id14695,0.019358704,0.96092737,0.019713942
id08133,0.55765516,0.027500803,0.41484404
id06364,0.031448282,0.20727177,0.76127994
id22368,0.019999797,0.96139914,0.018601025
id04855,0.019568171,0.9610531,0.019378789
id14016,0.09926752,0.6358476,0.26488486
id25801,0.01960442,0.9611904,0.019205097
id16241,0.02303281,0.021031749,0.9559355
id01120,0.082720846,0.76150846,0.15577069
id00058,0.798094,0.07397327,0.12793268
id24503,0.042653207,0.022963483,0.93438333
id03213,0.032835655,0.9497553,0.017409077
id06040,0.93678635,0.020973658,0.04223991
id26219,0.028827816,0.88262063,0.08855157
id23723,0.018900976,0.96276873,0.018330228
id17565,0.629655,0.061614417,0.30873063
id02243,0.08785097,0.4155233,0.49662572
id04802,0.95660573,0.020186037,0.023208242
id07148,0.03307677,0.020933576,0.9459896
id16071,0.9409119,0.030710936,0.028377235
id14810,0.88211983,0.031841204,0.08603893
id15386,0.9413573,0.034258828,0.024383858
id14768,0.9549709,0.023738585,0.02129057
id05056,0.9509405,0.019652367,0.029407168
id27065,0.8449263,0.026824882,0.12824883
id27245,0.74897635,0.22490685,0.026116777
id25911,0.9551878,0.022891223,0.021921014
id10581,0.83663976,0.038184084,0.12517612
id21852,0.3020946,0.035107665,0.66279775
id13922,0.6076734,0.34580943,0.046517126
id21904,0.06829372,0.1833426,0.7483637
id25974,0.16429012,0.022091988,0.8136179
id03323,0.07245327,0.7570261,0.17052063
id01385,0.3802156,0.590999,0.028785426
id20469,0.92492455,0.034910284,0.04016519
id04281,0.27996755,0.21860941,0.50142306
id17752,0.9579583,0.021932261,0.020109482
id27768,0.891771,0.044223454,0.06400547
id15545,0.019513123,0.9618224,0.01866449
id27853,0.030092692,0.019115608,0.9507917
id10103,0.83246887,0.022892265,0.14463884
id04374,0.022424977,0.020197256,0.9573778
id23102,0.020779015,0.96189404,0.017326903
id15727,0.023402479,0.02162331,0.95497423
id22643,0.05185151,0.02091973,0.9272288
id26174,0.019277362,0.023624834,0.9570978
id16776,0.019045921,0.96220136,0.018752744
id11156,0.95120573,0.021192282,0.027601905
id18288,0.025014618,0.020407202,0.9545782
id21487,0.1272618,0.025633868,0.8471044
id06888,0.3547284,0.028787097,0.61648446
id24094,0.14611201,0.05568276,0.7982052
id21383,0.026747106,0.95404077,0.019212114
id10309,0.03453269,0.019608531,0.9458588
id09189,0.5544194,0.0402655,0.4053151
id26844,0.04506479,0.02489941,0.9300358
id02103,0.019557934,0.021273592,0.9591685
id13699,0.023373619,0.019309316,0.95731705
id05005,0.02003922,0.021520164,0.9584406
id19814,0.88667905,0.060685996,0.052634936
id24703,0.94245803,0.03557979,0.021962157
id04594,0.021516548,0.028877469,0.949606
id13789,0.95200795,0.022585431,0.025406571
id01938,0.021812841,0.9605985,0.017588643
id24274,0.61725146,0.03223608,0.35051247
id13727,0.8472806,0.032353085,0.12036629
id19335,0.024850098,0.019485245,0.95566463
id21064,0.021305736,0.0214988,0.95719546
id04044,0.019209405,0.9613451,0.01944554
id01696,0.04212174,0.019764207,0.93811405
id05601,0.044942312,0.019927597,0.9351301
id13591,0.73411816,0.020954575,0.24492729
id09164,0.021487644,0.9608434,0.017668955
id16563,0.01900738,0.021619184,0.9593734
id00380,0.95634645,0.021082709,0.022570865
id04612,0.01942632,0.022895934,0.9576777
id17341,0.030505022,0.028679717,0.94081527
id23426,0.018679265,0.9624553,0.018865466
id02177,0.94840354,0.02534167,0.026254784
id24279,0.0205031,0.020627597,0.95886934
id07226,0.84795284,0.1302602,0.021786908
id23305,0.071182735,0.023533437,0.9052838
id00684,0.106135294,0.043513615,0.85035115
id22025,0.020189283,0.021385917,0.9584248
id26143,0.9510938,0.021151554,0.027754694
id12002,0.020008996,0.94113195,0.038859073
id04610,0.7560664,0.22468214,0.01925147
id27224,0.02594386,0.020323284,0.95373285
id10716,0.08295731,0.8917006,0.025342032
id14057,0.95148766,0.021399379,0.02711299
id14982,0.95588416,0.021613676,0.022502199
id00401,0.9321658,0.024183191,0.043650955
id12248,0.95519507,0.021803256,0.023001663
id04641,0.9043532,0.046095643,0.049551222
id01658,0.7794245,0.027411934,0.19316363
id03153,0.028379574,0.04340813,0.9282123
id27961,0.4137881,0.033936847,0.552275
id15984,0.9454349,0.023783376,0.030781707
id01789,0.71685934,0.2459685,0.03717216
id27264,0.019988703,0.020307291,0.95970404
id05158,0.023261031,0.01998033,0.9567586
id14265,0.07502522,0.029751822,0.89522296
id20696,0.5171772,0.044049203,0.43877357
id01133,0.40834907,0.08002689,0.5116241
id24953,0.9380661,0.03944338,0.022490503
id11298,0.028212652,0.02236467,0.9494227
id20917,0.4191976,0.54599935,0.034802992
id25275,0.023388961,0.9607709,0.01584017
id00850,0.8949215,0.027568698,0.077509865
id23225,0.020576859,0.9606631,0.01876006
id15602,0.02313592,0.019595567,0.95726854
id12160,0.062400885,0.3433029,0.5942963
id25388,0.023660328,0.9597442,0.0165955
id13837,0.019635772,0.96258014,0.01778406
id06804,0.019602438,0.021252848,0.9591447
id19978,0.025900047,0.95639676,0.017703228
id27563,0.020841422,0.020860938,0.95829767
id23762,0.24332468,0.7344331,0.022242239
id22734,0.02170654,0.9610354,0.017258111
id09094,0.8440544,0.037863784,0.11808187
id27270,0.019916102,0.9621552,0.017928658
id05043,0.020006208,0.9605944,0.019399395
id15290,0.06930543,0.9091631,0.021531504
id26333,0.879472,0.023301829,0.09722617
id26111,0.08420393,0.8552124,0.060583603
id23029,0.025634144,0.021188322,0.9531776
id11837,0.4882226,0.45478964,0.056987785
id03497,0.7178928,0.024373095,0.25773406
id19290,0.9257382,0.037778895,0.036482867
id08008,0.8036415,0.17055814,0.025800344
id24949,0.023279028,0.95885825,0.017862765
id25023,0.022504797,0.022083133,0.9554121
id02205,0.018899981,0.95758456,0.023515522
id11041,0.9502286,0.023938563,0.025832897
id14395,0.019228604,0.96147466,0.01929675
id01130,0.23698382,0.69671386,0.06630235
id21066,0.196589,0.026781794,0.77662927
id17774,0.9540385,0.021905046,0.024056418
id24519,0.020146351,0.021323854,0.95852983
id08460,0.5022208,0.03378833,0.4639909
id19897,0.020713974,0.9625498,0.016736263
id19028,0.95646477,0.021922342,0.021612933
id01850,0.9447773,0.029303517,0.025919253
id22472,0.019994488,0.96029633,0.019709144
id10709,0.16749965,0.066973366,0.76552695
id17260,0.051827483,0.6063336,0.34183887
id22262,0.7702991,0.029565573,0.20013535
id00115,0.9556403,0.024594037,0.019765623
id17483,0.021654455,0.022045633,0.95629996
id10763,0.5288918,0.035385847,0.43572235
id18014,0.01904565,0.9624896,0.018464718
id20414,0.114373945,0.022469629,0.86315644
id14244,0.52959484,0.41255647,0.05784872
id24952,0.81769466,0.029633712,0.15267165
id08217,0.06301632,0.02924075,0.9077429
id01578,0.019678503,0.021852406,0.9584691
id00641,0.77679664,0.20494942,0.018253911
id24982,0.9584199,0.020280726,0.021299403
id11192,0.95480335,0.0250295,0.020167157
id13759,0.022683594,0.021187143,0.95612925
id26752,0.9312121,0.046223946,0.022563953
id06820,0.9376045,0.025082128,0.037313424
id27298,0.56093454,0.15173326,0.28733218
id20735,0.024361398,0.019461751,0.9561769
id08390,0.019949954,0.96141493,0.018635118
id18571,0.03556726,0.020167042,0.9442657
id05804,0.019026939,0.9610184,0.019954707
id11867,0.02078429,0.02111706,0.9580987
id10286,0.9202439,0.025145456,0.05461059
id22020,0.9550481,0.022520311,0.022431625
id25835,0.021746177,0.021859756,0.9563941
id06583,0.9447646,0.029389683,0.025845736
id21403,0.019578371,0.96144533,0.018976213
id26730,0.95756596,0.020907992,0.021526022
id06873,0.94511884,0.022105908,0.032775253
id03552,0.95789,0.020462664,0.02164737
id05607,0.024239603,0.020397693,0.9553627
id26395,0.03698128,0.020468233,0.9425505
id02844,0.5679096,0.39214566,0.039944753
id19710,0.01953147,0.9619063,0.018562231
id17076,0.14557357,0.026874762,0.82755166
id14070,0.8834237,0.030816961,0.08575935
id17106,0.9513192,0.020975757,0.02770504
id24689,0.9418934,0.02466856,0.03343805
id03718,0.03404198,0.021031406,0.9449266
id03957,0.95133007,0.019980855,0.02868911
id18995,0.019563375,0.9616741,0.018762529
id11668,0.94123536,0.033607863,0.025156792
id15721,0.91203773,0.022890355,0.06507193
id10379,0.027056279,0.9530296,0.019914158
id15009,0.94635373,0.028483242,0.02516305
id11339,0.022390546,0.9581062,0.01950324
id18532,0.020556903,0.960617,0.018826095
id16469,0.94084257,0.024709,0.034448437
id22464,0.019974066,0.9613338,0.01869214
id06314,0.022864072,0.019689618,0.95744634
id27085,0.9409262,0.030067429,0.029006422
id14452,0.9543171,0.021472411,0.024210494
id14939,0.93753976,0.028492797,0.033967417
id20094,0.9388875,0.033199947,0.02791256
id23077,0.7149853,0.22637935,0.058635343
id17527,0.9519948,0.022725405,0.02527984
id14895,0.9334554,0.041053966,0.025490638
id22577,0.021416927,0.021077994,0.9575051
id16111,0.019682828,0.9616729,0.018644255
id21649,0.03222476,0.045946546,0.9218287
id22954,0.9542601,0.022743987,0.022995878
id12624,0.020747164,0.02084161,0.9584112
id05737,0.953053,0.022512252,0.024434734
id23937,0.028298011,0.021233926,0.95046806
id06620,0.019642843,0.021434234,0.9589229
id18650,0.02133971,0.020813195,0.9578471
id09656,0.8105814,0.033961356,0.15545723
id10285,0.93749064,0.02081875,0.041690547
id05729,0.021832043,0.020244978,0.957923
id00102,0.024673812,0.036333658,0.93899256
id26276,0.077264555,0.40841094,0.51432455
id12620,0.85729855,0.12227389,0.020427488
id17949,0.6732351,0.037034396,0.2897305
id15708,0.019213993,0.9614309,0.019355102
id18300,0.09916115,0.020485122,0.88035375
id04039,0.62545836,0.12021609,0.25432557
id12158,0.952717,0.023022236,0.024260733
id23197,0.02056164,0.957834,0.021604382
id25384,0.5803537,0.36591843,0.05372791
id09070,0.024444561,0.08126779,0.8942877
id27734,0.93995136,0.028378097,0.031670596
id27332,0.88019073,0.07190627,0.047903012
id00973,0.9554557,0.019212073,0.0253322
id26625,0.1920722,0.73438513,0.07354267
id24578,0.02071239,0.9605967,0.018690981
id05423,0.020579148,0.9623167,0.017104205
id19124,0.020270076,0.962273,0.017456936
id00946,0.9442809,0.021376496,0.034342583
id19229,0.49236932,0.48317862,0.024452072
id05311,0.10289422,0.8157916,0.081314094
id03289,0.95527583,0.021883931,0.022840248
id17758,0.021699015,0.95985144,0.018449528
id24336,0.019785602,0.96170247,0.018511962
id00603,0.027098283,0.021737037,0.9511647
id26467,0.025866184,0.022157751,0.9519761
id27835,0.021056186,0.02838927,0.95055455
id06861,0.11784724,0.032640286,0.84951246
id23847,0.021286469,0.020587604,0.95812595
id06174,0.019059941,0.9629572,0.017982885
id10968,0.9537552,0.023565516,0.022679323
id10881,0.952876,0.02459355,0.02253048
id03204,0.018536694,0.9633249,0.018138431
id21921,0.63949394,0.04120278,0.31930327
id06539,0.94165164,0.023299942,0.035048462
id08880,0.040995266,0.04966611,0.90933865
id14725,0.022630535,0.020444376,0.9569251
id26107,0.020136412,0.021310652,0.95855296
id07874,0.020700652,0.9607995,0.018499866
id23638,0.90265954,0.027713101,0.06962739
id13498,0.025143128,0.02248999,0.9523668
id18940,0.022414643,0.02115795,0.95642745
id02120,0.9282347,0.0462031,0.025562238
id26663,0.91026795,0.041680302,0.048051827
id20127,0.020602133,0.020870067,0.9585278
id27922,0.17452645,0.023463575,0.80201
id15106,0.73501813,0.14767855,0.11730329
id22158,0.022639163,0.019219676,0.95814115
id17029,0.019526996,0.96294993,0.017523015
id02554,0.7184659,0.03640422,0.24512987
id18454,0.018986199,0.023816284,0.9571975
id09016,0.03179814,0.0210505,0.94715136
id02307,0.953438,0.021860527,0.024701422
id01650,0.023925727,0.020864904,0.9552094
id01254,0.01945107,0.9608717,0.019677257
id12921,0.024068963,0.020261526,0.9556695
id05721,0.023461139,0.021399233,0.95513964
id05798,0.03614056,0.94005793,0.02380151
id04417,0.023101715,0.019285608,0.9576127
id19620,0.94605184,0.027802952,0.026145233
id22680,0.020714551,0.9610381,0.018247375
id21992,0.04264703,0.021326534,0.93602645
id22823,0.04715903,0.93337107,0.019469906
id12750,0.89644766,0.039925147,0.06362719
id23220,0.026069585,0.020421704,0.95350873
id11851,0.27888694,0.4086153,0.31249782
id27438,0.90164995,0.052303277,0.046046678
id00797,0.07237665,0.023497595,0.9041258
id08593,0.77951825,0.028534532,0.19194725
id01042,0.021571135,0.022688502,0.9557404
id19898,0.19499193,0.7787479,0.026260156
id24615,0.021939494,0.021358036,0.9567025
id18594,0.02401888,0.020484794,0.9554963
id08534,0.019913381,0.021288337,0.9587983
id03889,0.9522503,0.027337462,0.02041221
id04873,0.9368562,0.022416191,0.04072761
id08264,0.95586056,0.022112893,0.022026556
id10187,0.5558053,0.034360938,0.40983373
id14278,0.021251922,0.02175718,0.9569909
id22528,0.019009266,0.9619287,0.019061947
id07416,0.01965659,0.9422069,0.03813648
id02857,0.5037357,0.46679533,0.029468976
id03875,0.019384248,0.96234864,0.018267086
id24437,0.018905167,0.9619311,0.019163739
id24940,0.041909557,0.86915153,0.08893892
id15070,0.25267282,0.032657556,0.71466964
id14891,0.95396185,0.021461334,0.024576835
id02110,0.9437035,0.02157337,0.034723174
id24405,0.28931445,0.55203867,0.15864687
id00373,0.02133499,0.0201265,0.95853853
id12728,0.9554326,0.021312023,0.023255438
id18958,0.95296806,0.020319091,0.026712818
id17443,0.021299306,0.96067685,0.01802387
id03959,0.95171124,0.020715661,0.027573105
id13218,0.04201756,0.022127826,0.9358546
id01980,0.94621843,0.02517352,0.028608026
id10697,0.9558253,0.020566413,0.02360826
id24816,0.3739915,0.038009517,0.587999
id00088,0.019749658,0.022335356,0.957915
id13846,0.023688827,0.9591187,0.017192427
id17597,0.88149625,0.02961708,0.08888672
id09947,0.02121236,0.95923513,0.019552514
id12050,0.7965306,0.029556835,0.17391257
id24060,0.019926207,0.021826705,0.95824707
id19942,0.9496559,0.024784688,0.025559431
id06541,0.3981061,0.5794761,0.022417733
id05746,0.95436865,0.025670521,0.019960849
id13577,0.11495445,0.36617678,0.5188688
id11877,0.02807123,0.955418,0.016510759
id19491,0.09587883,0.094581194,0.80954
id11352,0.02371047,0.020621693,0.95566785
id12791,0.95517474,0.021544393,0.023280863
id05282,0.025357768,0.02093902,0.9537032
id26833,0.6562092,0.3022598,0.041531023
id00580,0.020689167,0.020088967,0.95922184
id01236,0.025179524,0.021210155,0.9536103
id05455,0.02175217,0.9602429,0.01800485
id00069,0.02121308,0.9608105,0.017976496
id01605,0.9348651,0.019975131,0.045159776
id17737,0.8491549,0.037141245,0.113703854
id11315,0.020498041,0.022085179,0.95741683
id24044,0.1270945,0.029304937,0.8436006
id18677,0.9562779,0.020521978,0.02320007
id17678,0.95295775,0.021385178,0.025657093
id21528,0.95547587,0.022845954,0.021678125
id21985,0.94489217,0.030412115,0.0246957
id12860,0.69106895,0.20166668,0.1072644
id08793,0.95642996,0.022391975,0.02117807
id09245,0.9524214,0.023109557,0.02446897
id12523,0.026705274,0.020729844,0.9525649
id07158,0.028191721,0.9498122,0.021996109
id03473,0.019871661,0.9611554,0.018972928
id05999,0.9570011,0.02067814,0.022320744
id02469,0.93122464,0.024376966,0.044398353
id16675,0.025053974,0.02156618,0.95337987
id20508,0.022593787,0.02179935,0.9556069
id12669,0.9581766,0.019348193,0.022475185
id22277,0.023648906,0.020869087,0.955482
id00355,0.020990822,0.020434247,0.95857495
id24427,0.030246345,0.951459,0.018294703
id19241,0.9354907,0.036031265,0.028478011
id26301,0.7553305,0.089021996,0.15564752
id09404,0.02754778,0.95671034,0.01574194
id14347,0.95577973,0.022245975,0.021974243
id06898,0.95752627,0.021551108,0.02092263
id08750,0.94205654,0.022620067,0.035323378
id13572,0.5986801,0.04976507,0.35155493
id08731,0.019737119,0.9600668,0.020196075
id20124,0.9437391,0.021081185,0.035179712
id14276,0.019593654,0.020675097,0.9597312
id13035,0.94236577,0.022473097,0.035161175
id24056,0.022827193,0.020009631,0.95716316
id21132,0.95930284,0.021188349,0.019508861
id21465,0.027763102,0.022186387,0.95005053
id27148,0.019522851,0.962932,0.017545145
id14482,0.35106403,0.02792367,0.62101233
id17950,0.95260423,0.025917925,0.021477835
id15233,0.01967546,0.9608601,0.019464483
id11794,0.02198429,0.020161701,0.95785403
id27227,0.057990383,0.92203915,0.019970506
id13093,0.058941435,0.9211083,0.019950299
id12869,0.01893627,0.962846,0.018217724
id01256,0.54404354,0.03664404,0.41931242
id00934,0.30189848,0.0313297,0.6667718
id00121,0.17338583,0.8042037,0.022410497
id11054,0.020731386,0.96112746,0.018141177
id02573,0.46416968,0.030905727,0.5049246
id13626,0.08369477,0.02241435,0.89389086
id25047,0.7702826,0.19766837,0.03204897
id04465,0.02239747,0.9594956,0.018106954
id09344,0.020614924,0.024786804,0.9545983
id24254,0.019112235,0.9616169,0.019270938
id04266,0.02295651,0.020875325,0.9561682
id19734,0.14933261,0.06842768,0.78223974
id13127,0.9391985,0.024170263,0.036631275
id27066,0.022585802,0.022987608,0.9544266
id13629,0.022144664,0.019779023,0.9580763
id26484,0.5907226,0.030328374,0.378949
id02074,0.5827291,0.02543518,0.39183566
id24688,0.9358988,0.02247387,0.041627333
id17455,0.021611571,0.9600259,0.018362517
id14980,0.9028452,0.024043012,0.07311177
id15840,0.9530293,0.024484526,0.022486228
id20440,0.019789727,0.021308223,0.95890206
id25262,0.9537126,0.026614591,0.019672783
id20395,0.018961381,0.963644,0.017394615
id14332,0.02105864,0.9608126,0.018128764
id07118,0.5069073,0.037495185,0.45559755
id26424,0.95247644,0.020565223,0.026958365
id21308,0.40363201,0.27021983,0.32614812
id21688,0.03945349,0.018977253,0.9415692
id09581,0.020021249,0.961198,0.01878079
id27297,0.9061545,0.030798832,0.06304669
id20086,0.029960783,0.89823014,0.07180914
id03762,0.02491229,0.95725906,0.017828654
id10789,0.16301,0.034122624,0.8028674
id18058,0.051966064,0.040413357,0.90762055
id01701,0.95567167,0.021181675,0.02314661
id17232,0.57001346,0.39311472,0.03687183
id23541,0.6792149,0.04395963,0.27682546
id20699,0.019244118,0.96224356,0.018512262
id06657,0.019607674,0.023932746,0.95645964
id13807,0.050081756,0.020084606,0.92983365
id18344,0.2586338,0.6748362,0.06653007
id09363,0.02034703,0.021273186,0.9583798
id12470,0.020842897,0.9620045,0.017152593
id13430,0.8078769,0.15723534,0.034887828
id13549,0.0226217,0.01968055,0.95769775
id24423,0.9567188,0.022318788,0.02096237
id15402,0.90373534,0.028483665,0.06778099
id22070,0.105257966,0.8743911,0.020350972
id05977,0.9584477,0.02180311,0.019749202
id18772,0.20591521,0.025358826,0.76872593
id11214,0.07787056,0.9034545,0.01867498
id01263,0.58738816,0.13548522,0.2771266
id03187,0.95577615,0.024093265,0.020130586
id07817,0.9472727,0.021380194,0.031347122
id08796,0.023587408,0.9567804,0.019632246
id02347,0.07745709,0.0200743,0.9024686
id08989,0.019505154,0.024019921,0.9564749
id24462,0.54092914,0.4322504,0.026820462
id05147,0.026583325,0.019487182,0.95392954
id26389,0.028281447,0.9547185,0.017000107
id12300,0.03718042,0.021232273,0.9415873
id06273,0.9382655,0.02394151,0.037792984
id27453,0.07617643,0.8388714,0.08495218
id19255,0.76921356,0.08542438,0.14536211
id22593,0.9567517,0.021373253,0.021875028
id07089,0.9502095,0.02143422,0.02835629
id22379,0.019371934,0.96164423,0.018983837
id22024,0.9491919,0.025089627,0.025718492
id25541,0.028940404,0.9420239,0.029035727
id10216,0.04896632,0.9345501,0.016483556
id07493,0.9582497,0.02066156,0.021088805
id25552,0.58088744,0.027673613,0.39143893
id21244,0.777274,0.022834877,0.19989106
id17278,0.027799344,0.95438087,0.017819813
id14850,0.9475458,0.025071193,0.027383009
id21434,0.019516673,0.023946209,0.9565371
id22924,0.7521956,0.024179142,0.22362523
id17321,0.91949165,0.028435266,0.05207306
id04319,0.9306144,0.032190453,0.037195165
id09823,0.019308684,0.96172637,0.018964937
id03485,0.019652123,0.96266395,0.017683936
id12138,0.9204391,0.04917998,0.030380923
id00196,0.03640043,0.020614894,0.9429847
id07822,0.02319159,0.021003392,0.955805
id21775,0.05214262,0.32217225,0.6256851
id13407,0.6235762,0.031839225,0.34458452
id12430,0.0200254,0.9610755,0.018899031
id23691,0.9551537,0.023650622,0.02119559
id17641,0.01935958,0.96302354,0.017616857
id09125,0.020563718,0.9608566,0.018579673
id18512,0.9504878,0.025610019,0.023902204
id01639,0.09664459,0.027408969,0.87594646
id06860,0.02479211,0.020676399,0.95453143
id25534,0.955167,0.02176663,0.023066385
id13546,0.945875,0.021407679,0.03271737
id10032,0.9488902,0.021330055,0.029779792
id05228,0.059343494,0.09584335,0.84481317
id24992,0.02195784,0.020983832,0.9570583
id14168,0.7844909,0.022647299,0.1928618
id20747,0.9433362,0.020657133,0.03600668
id16986,0.9535489,0.023184765,0.02326632
id11226,0.8735186,0.08633149,0.04014996
id13998,0.93281823,0.02083874,0.04634309
id15169,0.91822255,0.023025837,0.058751673
id00737,0.9461486,0.02383426,0.030017095
id24476,0.70933664,0.027518848,0.26314455
id03044,0.9477042,0.021792263,0.030503588
id26746,0.9552866,0.021429535,0.023283834
id10776,0.93351233,0.022890178,0.04359755
id06266,0.025461517,0.019471854,0.9550666
id13362,0.9170584,0.057936564,0.025005056
id09335,0.9555047,0.020170126,0.024325151
id15894,0.01960425,0.9626449,0.017750889
id15866,0.2424181,0.025877547,0.73170435
id25763,0.030628547,0.021285364,0.9480861
id01091,0.020361139,0.9601387,0.01950019
id11647,0.9523045,0.027868148,0.019827371
id19671,0.027784865,0.050320514,0.92189467
id18007,0.02265611,0.019938588,0.9574053
id01473,0.844802,0.034000773,0.12119721
id07169,0.02207837,0.02181108,0.9561106
id05484,0.020511195,0.020985775,0.95850307
id18452,0.95195866,0.020764438,0.02727683
id27490,0.93826693,0.034616955,0.027116168
id11050,0.94976735,0.022221962,0.028010609
id07588,0.0240449,0.020340936,0.9556142
id21194,0.9577069,0.019385258,0.02290775
id07282,0.023298576,0.019252803,0.95744866
id03652,0.9173341,0.020575365,0.06209059
id04009,0.01865935,0.96272177,0.018618874
id27188,0.8955964,0.074508585,0.029895004
id19554,0.5816244,0.034092337,0.38428333
id04072,0.9473708,0.021879831,0.030749332
id19023,0.15169016,0.7682435,0.08006634
id08801,0.035509463,0.021174368,0.94331616
id08893,0.050198995,0.02404929,0.9257517
id03644,0.020401867,0.96058255,0.019015584
id00579,0.26510662,0.03979187,0.6951015
id15631,0.9495729,0.024403322,0.02602375
id07828,0.93940157,0.04055007,0.020048387
id00411,0.020836283,0.96179867,0.017365001
id26553,0.9114857,0.024018453,0.06449584
id05221,0.024500914,0.020340128,0.95515895
id20958,0.9244463,0.040549725,0.035004
id19691,0.9519452,0.02065707,0.027397761
id10400,0.95668226,0.021781854,0.021535888
id16157,0.022672584,0.021010928,0.9563165
id26110,0.020700924,0.96027803,0.019021025
id26270,0.024038186,0.9571706,0.018791247
id04157,0.9546158,0.024395864,0.020988315
id24711,0.18529795,0.02797561,0.7867265
id05534,0.2753451,0.026063621,0.69859135
id21712,0.024213968,0.9543176,0.021468418
id03280,0.044977,0.021526348,0.93349665
id14997,0.021586457,0.019955559,0.958458
id21964,0.020088008,0.02132177,0.9585902
id20963,0.019538121,0.021057008,0.9594049
id08635,0.022041647,0.95965254,0.018305898
id16390,0.033007424,0.9481284,0.018864173
id16486,0.19298123,0.02665053,0.7803682
id14367,0.021109289,0.035674997,0.9432157
id10560,0.94911337,0.026419012,0.024467666
id14106,0.94659686,0.026557218,0.02684591
id09668,0.95427626,0.023190072,0.022533635
id18250,0.9232297,0.044353805,0.032416515
id26648,0.9205136,0.025545571,0.053940877
id27314,0.9105749,0.040224783,0.04920033
id04581,0.06307652,0.020667028,0.9162564
id06405,0.06875454,0.90028095,0.030964505
id17908,0.02733003,0.020455956,0.95221406
id07217,0.7057743,0.02993848,0.26428726
id17285,0.05747884,0.023474067,0.9190471
id19589,0.93090457,0.020150362,0.048945084
id15916,0.79715776,0.062234115,0.1406081
id26239,0.8166178,0.02659275,0.15678951
id20163,0.94734544,0.02042581,0.032228757
id22845,0.021261426,0.029974407,0.94876415
id11509,0.80704975,0.04311788,0.14983241
id26789,0.9167835,0.03498308,0.04823336
id24679,0.9370421,0.036359105,0.026598763
id19832,0.9496277,0.020195909,0.030176455
id11724,0.9377383,0.022387369,0.039874334
id01539,0.3069349,0.027554953,0.6655102
id22039,0.5436397,0.256051,0.20030937
id07621,0.021264184,0.019900158,0.9588356
id16398,0.027521325,0.95532835,0.017150369
id15932,0.121135734,0.029850041,0.8490143
id17054,0.019676547,0.9614186,0.018904844
id23487,0.94520235,0.02429918,0.030498464
id16099,0.02043369,0.9608621,0.018704226
id25225,0.92791843,0.023648925,0.04843265
id18173,0.3293516,0.5977287,0.07291964
id24856,0.95061314,0.02085913,0.02852776
id14760,0.025206722,0.23431127,0.74048203
id25291,0.055007786,0.9260254,0.018966885
id16267,0.7864033,0.028934922,0.18466182
id07922,0.02467899,0.019743865,0.9555772
id20870,0.16137922,0.040096443,0.7985243
id21780,0.19243714,0.47609955,0.33146334
id21309,0.66940886,0.050616156,0.27997497
id05849,0.8722857,0.054465223,0.07324909
id16246,0.020847386,0.020635355,0.95851725
id25081,0.02023252,0.9609085,0.018859053
id06468,0.90613496,0.052757714,0.041107383
id13842,0.02762863,0.9546925,0.017678887
id23976,0.035033092,0.021311123,0.9436558
id25649,0.9485246,0.020558763,0.030916657
id26815,0.019600676,0.9622485,0.01815076
id09343,0.029582525,0.021446314,0.94897115
id03120,0.6737746,0.032886703,0.29333872
id16638,0.8229553,0.026696568,0.1503481
id18625,0.020170255,0.022041459,0.9577883
id01679,0.090266205,0.025512699,0.8842211
id17137,0.020940764,0.96052134,0.018537855
id14684,0.0198068,0.020819176,0.95937407
id01671,0.17068616,0.119776115,0.70953774
id27271,0.290132,0.02860285,0.6812652
id16321,0.8429386,0.02424426,0.13281712
id07468,0.01930645,0.9616179,0.019075677
id20777,0.0221881,0.021129495,0.9566824
id26036,0.8974011,0.066639185,0.035959717
id23135,0.02000225,0.021227878,0.9587699
id07669,0.0207484,0.020898663,0.9583529
id00142,0.020045556,0.96033156,0.019622922
id12357,0.9455897,0.021765683,0.03264453
id08890,0.025998112,0.058765907,0.915236
id21379,0.035220124,0.9470359,0.017743936
id12099,0.91829854,0.019967897,0.061733536
id06503,0.050487377,0.03680865,0.912704
id14408,0.037024204,0.9447278,0.01824804
id17370,0.71953994,0.17924336,0.101216674
id25432,0.95518094,0.021041725,0.02377731
id10132,0.039173078,0.019911285,0.9409156
id27069,0.023958016,0.95464736,0.021394644
id11515,0.85666674,0.10769335,0.035639882
id01323,0.9562556,0.02225386,0.021490464
id22520,0.020383324,0.021963779,0.95765287
id03293,0.02081197,0.021405471,0.95778257
id19708,0.025676116,0.021144085,0.95317984
id22346,0.9323306,0.026884524,0.0407849
id27744,0.9569067,0.021048954,0.02204437
id04004,0.65528387,0.038978968,0.30573723
id09476,0.9550536,0.0200184,0.024928031
id01582,0.023066722,0.022166312,0.9547669
id23782,0.3128847,0.024915593,0.6621997
id03403,0.01916447,0.022827132,0.9580084
id11119,0.019288179,0.96130675,0.0194051
id16681,0.91339266,0.058214255,0.028393138
id16399,0.9558072,0.02157377,0.022619026
id22630,0.9478895,0.027168186,0.024942337
id27950,0.9241065,0.02439711,0.05149637
id00046,0.9544894,0.020586897,0.024923716
id25556,0.06711658,0.02328254,0.90960085
id16039,0.954321,0.023528852,0.022150096
id09110,0.9383874,0.021617085,0.03999545
id19881,0.94976795,0.023503143,0.026728934
id21735,0.9256093,0.052295525,0.022095188
id02023,0.9552196,0.023279281,0.02150108
id01230,0.019639663,0.9624618,0.017898472
id14916,0.019361826,0.021787861,0.95885026
id04944,0.9517781,0.024914432,0.023307474
id04349,0.06490115,0.024658237,0.9104406
id22580,0.01875513,0.9626374,0.018607387
id00343,0.12918642,0.6860305,0.18478315
id14218,0.019512594,0.9617871,0.018700292
id10546,0.9552738,0.021573931,0.02315218
id05627,0.041870754,0.020732898,0.9373964
id13735,0.019983212,0.9606918,0.019324902
id01525,0.026230201,0.037921567,0.93584824
id25242,0.79013747,0.030068446,0.17979409
id17077,0.9437065,0.031823218,0.024470245
id05672,0.76878226,0.20764378,0.02357399
id22404,0.11815748,0.77336824,0.108474314
id25704,0.02045747,0.960227,0.019315533
id00903,0.956102,0.024471615,0.019426342
id15496,0.95765144,0.020849004,0.02149958
id09903,0.02411627,0.020697447,0.9551863
id03419,0.9449801,0.021956205,0.03306372
id06647,0.4817091,0.027610112,0.49068084
id16700,0.020521443,0.9615617,0.0179168
id08983,0.9059528,0.024613786,0.069433376
id20782,0.9326724,0.025158715,0.042168908
id24494,0.7809442,0.19626597,0.022789825
id10495,0.05442293,0.8019631,0.14361401
id21262,0.45151824,0.031970613,0.51651114
id25689,0.02060048,0.020906707,0.9584929
id03705,0.029987788,0.02646934,0.9435429
id01187,0.22856717,0.7521747,0.019258218
id24649,0.853008,0.05333827,0.093653716
id12629,0.0209206,0.0212418,0.9578376
id15211,0.05094441,0.9159409,0.03311472
id13170,0.049423244,0.02432275,0.926254
id14801,0.2373862,0.66809815,0.094515696
id18525,0.9037181,0.027980715,0.0683012
id21963,0.95453674,0.02407065,0.021392612
id23746,0.019548753,0.021872275,0.95857894
id18216,0.1024165,0.024732912,0.8728506
id16493,0.022784105,0.021368548,0.9558473
id12987,0.026912382,0.949257,0.023830626
id04814,0.286824,0.6701589,0.043017108
id18602,0.19008777,0.023883173,0.78602904
id23173,0.01934205,0.9612852,0.019372754
id21165,0.12274267,0.035298485,0.8419589
id26123,0.9555752,0.02158571,0.022839077
id22608,0.023534037,0.020720497,0.95574546
id21139,0.9528882,0.021247901,0.025863858
id21853,0.019048039,0.96258795,0.01836403
id24128,0.86535627,0.022163013,0.112480715
id15666,0.9395541,0.02926149,0.03118445
id11552,0.023845246,0.95859843,0.01755633
id17621,0.023253933,0.019588474,0.9571576
id20001,0.9182097,0.042728703,0.03906162
id14166,0.4171916,0.55858713,0.024221303
id24108,0.022068866,0.9594921,0.018439028
id19871,0.018924572,0.9634366,0.017638773
id22361,0.052347608,0.021902043,0.9257504
id21065,0.08825323,0.85535455,0.056392256
id20749,0.95695925,0.021555055,0.021485629
id20898,0.023309238,0.9606867,0.01600408
id10398,0.057759203,0.024046136,0.91819465
id03578,0.2661106,0.105038956,0.62885046
id25932,0.52844274,0.024763325,0.44679394
id11133,0.021518476,0.02198279,0.95649874
id15794,0.29497322,0.67800677,0.027019978
id24479,0.9549534,0.022117088,0.022929491
id09563,0.01972114,0.96132195,0.018956888
id11279,0.022802515,0.9566395,0.02055793
id26680,0.94749284,0.032118708,0.02038848
id20529,0.30456856,0.02868635,0.6667451
id11761,0.9528729,0.022862565,0.024264598
id02337,0.020144444,0.9613133,0.01854225
id04890,0.051301073,0.020819165,0.92787975
id15707,0.02148434,0.019881126,0.95863456
id26204,0.08404545,0.021204006,0.89475054
id15611,0.95690054,0.020655533,0.02244397
id17714,0.023432076,0.022565633,0.95400226
id15392,0.9558258,0.020290911,0.023883305
id14685,0.024847666,0.95590174,0.019250574
id02508,0.14809522,0.82064575,0.03125909
id12406,0.81017125,0.028580636,0.16124815
id24096,0.020434316,0.96083796,0.018727744
id19837,0.9573085,0.02069838,0.021993171
id25565,0.023065176,0.020731159,0.95620364
id27598,0.94960606,0.020097716,0.030296188
id26085,0.81407595,0.032393303,0.15353079
id17400,0.034820683,0.023194097,0.94198525
id04501,0.9019847,0.039553784,0.058461536
id02468,0.019980501,0.021790834,0.9582287
id07394,0.93094164,0.027239203,0.041819114
id18917,0.021412108,0.9602256,0.018362267
id14083,0.90421855,0.06637095,0.029410476
id22675,0.1017614,0.05498611,0.8432525
id27343,0.022758614,0.021659177,0.95558226
id23206,0.05293306,0.025807308,0.92125964
id11105,0.018534394,0.9638802,0.01758538
id21017,0.019719142,0.021647232,0.9586336
id13716,0.64592594,0.116194464,0.23787963
id00352,0.018602105,0.96336126,0.018036602
id12173,0.08517577,0.023214398,0.89160985
id15008,0.11528661,0.24172765,0.64298576
id23347,0.027923968,0.020910503,0.95116556
id23939,0.039378125,0.4043802,0.5562417
id12090,0.6851991,0.034344416,0.2804565
id08307,0.020741213,0.9603789,0.018879903
id21316,0.022146925,0.02003963,0.95781344
id16457,0.1446238,0.027867317,0.8275089
id23808,0.018890986,0.023016622,0.9580924
id12826,0.23310268,0.7442272,0.022670098
id16819,0.11069279,0.47512454,0.4141827
id15128,0.020683378,0.9609428,0.01837375
id14953,0.021248434,0.95955706,0.019194458
id04083,0.9542011,0.021680946,0.024117926
id00773,0.02159428,0.96078646,0.017619304
id24585,0.023225257,0.02079702,0.95597774
id01362,0.03229226,0.018204246,0.94950354
id04514,0.4114193,0.1262141,0.46236664
id19075,0.9567764,0.02127978,0.021943845
id06283,0.8557172,0.025556106,0.11872675
id19848,0.019732505,0.9607256,0.019541943
id02566,0.023930263,0.9598398,0.016229928
id26973,0.027633263,0.020076515,0.95229024
id09333,0.019909384,0.020346906,0.9597437
id21745,0.020323168,0.021361811,0.958315
id27167,0.021768855,0.9597685,0.018462619
id08481,0.021325793,0.96139634,0.017277906
id19456,0.95552844,0.024883013,0.019588567
id01495,0.5349855,0.42312306,0.04189142
id15069,0.07071319,0.023616394,0.9056704
id18174,0.020660693,0.020931713,0.9584076
id14450,0.028347999,0.34430048,0.6273515
id04149,0.020132376,0.9622961,0.017571505
id10972,0.022185674,0.01997041,0.95784396
id05547,0.019106058,0.9624922,0.01840176
id17670,0.020134697,0.96069014,0.019175218
id04740,0.93303037,0.024672873,0.04229678
id24842,0.022107927,0.020190008,0.95770204
id26895,0.07259114,0.021518504,0.90589035
id15591,0.1276382,0.025015693,0.8473461
id20895,0.02059286,0.9616143,0.017792802
id11532,0.01996843,0.021116052,0.95891553
id16516,0.10309406,0.04818136,0.84872454
id14940,0.036446143,0.8560249,0.107528925
id17152,0.9352193,0.020009616,0.044771086
id12870,0.026359085,0.9576613,0.015979683
id17405,0.32032204,0.6092297,0.07044827
id22274,0.022030162,0.95870703,0.019262742
id08337,0.02559567,0.021068083,0.95333624
id19549,0.032604795,0.021387257,0.94600797
id19195,0.9557655,0.02117926,0.023055231
id11564,0.95541745,0.024464548,0.020118032
id26771,0.020019915,0.02728776,0.95269233
id24955,0.020628413,0.962384,0.016987627
id22140,0.5453488,0.03151221,0.42313895
id19920,0.047493897,0.02090169,0.9316044
id09807,0.025908325,0.95741355,0.01667808
id27426,0.9512084,0.020587226,0.028204422
id22006,0.9565894,0.02190775,0.021502823
id10604,0.9306474,0.024752896,0.044599704
id11017,0.8716955,0.06902235,0.059282087
id14335,0.020026194,0.020917026,0.9590568
id08707,0.7000498,0.14467709,0.15527315
id15869,0.020669982,0.020533605,0.95879644
id20593,0.9466124,0.022169976,0.031217622
id07428,0.9440934,0.028792178,0.02711444
id11527,0.04087135,0.12832199,0.8308067
id14901,0.9579601,0.02078978,0.021250054
id19733,0.94972247,0.020656466,0.029621046
id24677,0.036242064,0.9459542,0.017803712
id26656,0.026051993,0.020819342,0.9531287
id11707,0.95229536,0.021415118,0.026289463
id26218,0.049499173,0.93263024,0.017870547
id19262,0.0228634,0.019384976,0.95775163
id24905,0.2410275,0.046662994,0.7123095
id09170,0.9255085,0.025170326,0.049321152
id05772,0.018970784,0.021308595,0.9597206
id25405,0.02934587,0.020312313,0.9503418
id18491,0.021960603,0.021075593,0.95696384
id07780,0.046286143,0.034190007,0.91952384
id01689,0.02528855,0.020526102,0.95418537
id17498,0.019313967,0.021620924,0.9590651
id19964,0.9388686,0.026838811,0.034292523
id14525,0.13544698,0.024593499,0.8399595
id26363,0.04344963,0.023811242,0.93273914
id07108,0.021492206,0.021052783,0.95745504
id11692,0.95644957,0.020970754,0.022579618
id10891,0.04902589,0.7634332,0.1875409
id16743,0.02038417,0.9620408,0.017574977
id11556,0.95459867,0.02045567,0.024945682
id09116,0.77560705,0.18580464,0.038588326
id24015,0.06802667,0.07957252,0.8524008
id00347,0.029576683,0.02412046,0.9463029
id06284,0.021812083,0.020442737,0.95774513
id18794,0.02027076,0.9621317,0.017597517
id10702,0.019566536,0.96125376,0.019179694
id19239,0.095085025,0.023029013,0.881886
id26016,0.48706985,0.028513735,0.48441643
id26227,0.049963094,0.033360355,0.9166765
id05367,0.7041166,0.27347457,0.02240883
id09568,0.03570897,0.05864836,0.9056427
id04660,0.95050824,0.025965545,0.023526244
id04744,0.7286369,0.03393313,0.23742999
id07251,0.27638108,0.666436,0.05718292
id25977,0.019881686,0.960132,0.019986343
id06244,0.032309324,0.021032156,0.9466585
id24560,0.021993782,0.95978224,0.018224014
id05091,0.3960917,0.038891155,0.5650171
id27248,0.05282517,0.9165419,0.030633014
id12528,0.28003955,0.041753292,0.67820716
id27322,0.9572389,0.020771764,0.021989368
id27213,0.024389531,0.020823684,0.9547868
id18588,0.9449083,0.024036799,0.03105489
id14485,0.032270055,0.03260327,0.93512666
id27475,0.03139441,0.044015218,0.9245904
id02280,0.106792465,0.5363783,0.35682923
id24083,0.021363696,0.9598887,0.018747633
id02321,0.0211045,0.020769466,0.95812607
id10299,0.019198595,0.021715155,0.9590863
id27680,0.95002836,0.021034794,0.02893688
id17607,0.019129576,0.021863773,0.95900667
id06661,0.023242105,0.021145131,0.9556128
id23860,0.95383483,0.02050499,0.025660163
id26850,0.019377153,0.9620395,0.01858333
id16484,0.9462914,0.023281125,0.030427517
id15302,0.1280966,0.023475569,0.8484278
id21138,0.7228075,0.2525039,0.02468855
id02525,0.09759385,0.7457331,0.15667306
id12608,0.018975575,0.96238565,0.018638752
id23863,0.15244831,0.027272929,0.82027876
id01755,0.94107956,0.021339662,0.03758081
id10567,0.8783595,0.024297096,0.09734341
id08445,0.15523311,0.37121952,0.4735474
id18146,0.019537078,0.026920147,0.95354277
id22263,0.645846,0.05469068,0.29946333
id13537,0.021259304,0.02076307,0.95797765
id19985,0.67517745,0.030647272,0.29417524
id08053,0.023275305,0.02104751,0.9556772
id18959,0.018759111,0.96205795,0.019182935
id06641,0.019183008,0.9616365,0.019180542
id27291,0.019874854,0.96215457,0.017970515
id16124,0.021315917,0.021449415,0.9572347
id18221,0.02311424,0.020560343,0.9563254
id25670,0.95770323,0.021014558,0.021282187
id18472,0.9425396,0.02177255,0.035687845
id10302,0.043263845,0.022348644,0.93438756
id07721,0.024483133,0.95899665,0.016520195
id22148,0.025684802,0.020077324,0.9542379
id04724,0.019355582,0.961734,0.0189104
id03980,0.95303845,0.025928376,0.021033177
id11982,0.95576483,0.02248259,0.021752624
id05566,0.019416835,0.96091163,0.019671537
id13235,0.019714525,0.9621455,0.018140007
id24524,0.7028502,0.076489925,0.22065982
id26783,0.020479262,0.021805096,0.9577157
id02220,0.019882327,0.9593091,0.0208086
id17163,0.9452208,0.029511139,0.025268044
id21903,0.9490531,0.02373963,0.027207289
id13350,0.020225707,0.021512713,0.9582616
id07036,0.95413554,0.021872,0.023992497
id09150,0.94123584,0.021901555,0.03686264
id22042,0.018449482,0.022379678,0.9591708
id19562,0.052068733,0.023478288,0.92445296
id05125,0.9485534,0.023339078,0.028107557
id19462,0.9550425,0.02101382,0.023943696
id02265,0.95168,0.027975336,0.02034466
id11769,0.8833366,0.09356936,0.023094075
id19021,0.92346144,0.02825258,0.04828596
id06166,0.95739925,0.021361033,0.02123971
id26800,0.934224,0.029178858,0.036597155
id21422,0.026172861,0.07255064,0.90127647
id13116,0.27565965,0.6875731,0.036767285
id05996,0.87266266,0.024247348,0.10308999
id23318,0.95775783,0.021044048,0.021198036
id20725,0.02354183,0.019525101,0.9569331
id09210,0.91688013,0.041450437,0.041669436
id25842,0.6392225,0.30239296,0.058384538
id00767,0.93069094,0.030590426,0.038718637
id05036,0.020479362,0.96256864,0.016952028
id14853,0.021305587,0.023462085,0.9552323
id16946,0.022498716,0.020989496,0.9565118
id26804,0.14596242,0.8353328,0.018704768
id24061,0.020364514,0.021430556,0.9582049
id19861,0.953506,0.023500253,0.022993755
id18210,0.94997233,0.023160134,0.02686745
id24313,0.02577841,0.020852968,0.95336866
id15960,0.035814784,0.020844195,0.9433411
id14037,0.9566431,0.020648992,0.022707935
id17785,0.020021448,0.022169122,0.95780945
id19362,0.028536715,0.020774297,0.950689
id10372,0.955899,0.021440974,0.02266
id03061,0.15517153,0.8167715,0.028057005
id27583,0.020696575,0.02014672,0.9591567
id22055,0.9535066,0.019954186,0.026539255
id07920,0.023542525,0.9588142,0.017643288
id16813,0.9502568,0.024509888,0.025233323
id03088,0.4199678,0.5229005,0.05713166
id03026,0.17587723,0.43617743,0.38794532
id09934,0.9564501,0.02119898,0.022350896
id21452,0.94308335,0.023613319,0.03330332
id05576,0.019292865,0.022225672,0.9584815
id22391,0.022292176,0.019592226,0.9581156
id10554,0.94910455,0.021686748,0.029208736
id03291,0.025865322,0.02069539,0.9534393
id23280,0.9561962,0.022336539,0.021467285
id17777,0.020608736,0.02142922,0.95796204
id24574,0.9337065,0.026423218,0.039870277
id05459,0.020055406,0.9618395,0.018105071
id02724,0.42837825,0.22913761,0.34248415
id27678,0.9405461,0.021666935,0.03778699
id21722,0.018568438,0.9594563,0.021975258
id18139,0.5033677,0.089788556,0.40684375
id16264,0.020175787,0.9620457,0.017778406
id14537,0.74247754,0.04819603,0.2093265
id18814,0.94644976,0.02360114,0.029949017
id08331,0.023956941,0.9568448,0.019198228
id03963,0.9515127,0.023008067,0.02547926
id07558,0.9459938,0.021223674,0.032782543
id26275,0.8458961,0.03313456,0.12096932
id26188,0.097082004,0.8792907,0.023627326
id06789,0.2727962,0.22503117,0.5021726
id21788,0.02208912,0.9597782,0.018132698
id13972,0.82755446,0.040635623,0.13180985
id08643,0.95798147,0.021432135,0.020586377
id09642,0.022021431,0.95964164,0.018336946
id14054,0.9466758,0.032262452,0.021061838
id12216,0.21497299,0.029667934,0.7553591
id09211,0.021530677,0.95962906,0.018840205
id16903,0.020833857,0.9603573,0.018808851
id18976,0.019264545,0.022363987,0.95837146
id01861,0.9565646,0.02229878,0.021136586
id22745,0.021723384,0.960951,0.017325632
id03560,0.9553006,0.021816125,0.022883212
id17799,0.9509293,0.0225895,0.026481196
id12387,0.023382531,0.020861508,0.955756
id09450,0.9422555,0.02380299,0.03394155
id18088,0.025901878,0.02430777,0.94979036
id21697,0.9566776,0.02037489,0.02294751
id26128,0.019470092,0.9625493,0.017980555
id27462,0.02383788,0.019382233,0.9567799
id19394,0.9581628,0.02059843,0.021238761
id19929,0.022343803,0.96036065,0.017295573
id16056,0.03827568,0.86361617,0.09810817
id08756,0.02159956,0.020283608,0.9581168
id09203,0.019608725,0.96253216,0.017859155
id14098,0.95356226,0.022074312,0.024363492
id24641,0.7549337,0.20114732,0.04391896
id24507,0.01952354,0.9615623,0.018914167
id20161,0.9360027,0.03904791,0.024949428
id11710,0.032691713,0.021850979,0.94545734
id15751,0.038636144,0.94245833,0.01890555
id06617,0.59991103,0.030630562,0.36945838
id19131,0.9217804,0.02179632,0.056423265
id02796,0.65158653,0.26162633,0.0867871
id15575,0.018579844,0.96278715,0.01863295
id21828,0.9244781,0.031148126,0.044373773
id15093,0.021258805,0.95976126,0.018979967
id27867,0.2376666,0.06709454,0.6952389
id19315,0.022541884,0.020273063,0.9571851
id19398,0.62513363,0.3212989,0.053567447
id01572,0.03286769,0.9494757,0.017656613
id09781,0.95599014,0.021877531,0.022132354
id19278,0.28887847,0.05463152,0.65649
id11852,0.03407669,0.020965332,0.944958
id07067,0.018777333,0.021598803,0.9596239
id08550,0.020153847,0.9608307,0.019015534
id02634,0.8282403,0.028249344,0.14351043
id02449,0.95197177,0.02095977,0.02706845
id10359,0.9330093,0.033489976,0.033500653
id00217,0.94624776,0.019755123,0.033997122
id20848,0.020867977,0.96135443,0.017777594
id20229,0.95723295,0.021514123,0.021252906
id02211,0.56875485,0.10617338,0.32507175
id08435,0.11899219,0.7473725,0.13363531
id23681,0.023128044,0.021100407,0.95577157
id00571,0.122512855,0.024522549,0.8529646
id16280,0.019840647,0.020894393,0.95926493
id15022,0.45819306,0.02889311,0.5129138
id08040,0.028279172,0.019694226,0.9520266
id18087,0.95131093,0.021430833,0.027258223
id11280,0.9569645,0.021355838,0.021679722
id21543,0.9266218,0.03920858,0.03416959
id00245,0.9276953,0.023619208,0.04868545
id13745,0.021499822,0.020569095,0.9579311
id15734,0.95530957,0.021983864,0.022706607
id22572,0.019883621,0.96280944,0.017306935
id12741,0.020420969,0.021331988,0.95824707
id16477,0.061849035,0.9186865,0.019464506
id26261,0.01989207,0.02070019,0.95940775
id15867,0.94402903,0.033874672,0.02209625
id10479,0.95196736,0.025042022,0.02299067
id17736,0.020933777,0.020825269,0.958241
id17768,0.019568235,0.021724751,0.95870703
id14172,0.9478857,0.033012852,0.019101467
id01972,0.023704952,0.020426927,0.9558681
id10962,0.936636,0.025701534,0.037662514
id16692,0.9515573,0.023190668,0.025252014
id25471,0.01933092,0.9620306,0.018638434
id05603,0.020418644,0.960069,0.01951239
id15340,0.51624596,0.047253303,0.4365007
id22971,0.90580654,0.026763132,0.067430265
id06765,0.021189708,0.96009654,0.018713752
id19864,0.94854736,0.021693531,0.029759075
id15834,0.02232281,0.9572219,0.020455267
id17395,0.02270305,0.02059147,0.95670545
id02585,0.020035267,0.9610475,0.018917257
id13154,0.9453826,0.029732456,0.02488495
id12972,0.107461475,0.8071599,0.08537863
id11103,0.92637384,0.02892054,0.044705667
id26062,0.029928412,0.1961743,0.7738973
id07339,0.95156,0.023745673,0.024694327
id06096,0.95747983,0.022120403,0.020399736
id22945,0.025868027,0.9570844,0.017047588
id10058,0.95083547,0.022435786,0.026728772
id06435,0.95614606,0.02470778,0.019146122
id12636,0.07965351,0.023208981,0.8971375
id25423,0.02002282,0.02180349,0.9581737
id12990,0.036489826,0.02445131,0.9390589
id24106,0.02235062,0.7134489,0.2642005
id14481,0.025289219,0.9544532,0.020257588
id03617,0.18344244,0.04234294,0.7742146
id26055,0.76213145,0.025687179,0.21218136
id23712,0.9546521,0.023969075,0.021378895
id19441,0.02347962,0.95906675,0.01745357
id17042,0.95236015,0.026652506,0.020987367
id09018,0.020080086,0.96216017,0.017759759
id08879,0.020117575,0.9608818,0.019000622
id10841,0.020040397,0.9605344,0.019425271
id04776,0.019681536,0.9615408,0.018777695
id26526,0.020228999,0.021124728,0.9586463
id14181,0.035035484,0.7370671,0.2278974
id18396,0.5587795,0.029772965,0.4114476
id05585,0.8104645,0.15823174,0.031303775
id11546,0.031354994,0.020373274,0.94827175
id08027,0.019742962,0.96243745,0.017819574
id00659,0.20678106,0.028384347,0.7648346
id10937,0.021260865,0.96142447,0.01731472
id01898,0.022565298,0.9594308,0.01800387
id23695,0.021203984,0.020483656,0.95831233
id07856,0.027262429,0.94615966,0.026577938
id25233,0.8374413,0.025414402,0.13714428
id24052,0.03426665,0.3097543,0.65597904
id01698,0.030660009,0.9533202,0.016019782
id01356,0.018685212,0.9633986,0.017916188
id10430,0.020944864,0.96033055,0.018724505
id04778,0.021544842,0.020202389,0.9582528
id24707,0.05499395,0.92857504,0.016431013
id04539,0.05907216,0.034306172,0.90662163
id20011,0.9138139,0.022534715,0.06365135
id09950,0.019868711,0.96296585,0.0171654
id14397,0.9508724,0.0246676,0.024459979
id04457,0.12826753,0.8490793,0.022653218
id19469,0.032503895,0.95032585,0.017170249
id24230,0.21234629,0.24295895,0.5446948
id16719,0.9078854,0.07263205,0.019482553
id20183,0.018940818,0.9628076,0.01825158
id24531,0.022308948,0.020424215,0.95726687
id04934,0.9358875,0.035543896,0.028568577
id17230,0.02261529,0.02051263,0.9568721
id07561,0.74160385,0.20612574,0.052270412
id12282,0.020571144,0.96162766,0.017801113
id14992,0.5939024,0.04847618,0.35762143
id02934,0.8399327,0.058846895,0.10122046
id00189,0.9495834,0.021709887,0.02870674
id27941,0.020359345,0.9609646,0.018676048
id14642,0.02020052,0.9616254,0.018174067
id23445,0.93859655,0.025226513,0.036176972
id21603,0.022893086,0.021061199,0.95604575
id21046,0.020175664,0.96072507,0.019099284
id02264,0.020873964,0.96053094,0.018595094
id00409,0.76458406,0.034952085,0.20046389
id00351,0.9457532,0.028453464,0.025793314
id14362,0.01915196,0.9616696,0.01917841
id20757,0.91422176,0.04912749,0.036650702
id22764,0.94511026,0.027870737,0.027019031
id19264,0.020225614,0.023750704,0.9560237
id04506,0.3871758,0.053080946,0.5597433
id18505,0.9488547,0.031538736,0.019606574
id27354,0.023052474,0.019392595,0.95755494
id22410,0.95757943,0.021271806,0.021148734
id14241,0.019870833,0.9616705,0.018458653
id18785,0.34968314,0.62093246,0.02938438
id16649,0.9572306,0.023099573,0.019669836
id16386,0.023091966,0.9598436,0.017064435
id09051,0.020805089,0.020840371,0.9583546
id22296,0.94652724,0.03178377,0.021688983
id08584,0.5261926,0.03556986,0.43823758
id22219,0.022484716,0.019826848,0.95768845
id18790,0.02000352,0.959932,0.020064468
id10922,0.036456466,0.8373966,0.12614694
id15002,0.065779224,0.020890856,0.9133299
id24862,0.019559786,0.9609596,0.019480566
id25845,0.66285473,0.23692204,0.10022325
id17586,0.35688582,0.6206343,0.022479925
id09390,0.019078588,0.021383112,0.95953834
id20069,0.9010466,0.07117426,0.02777915
id05953,0.02192354,0.9619684,0.01610804
id15583,0.020185245,0.9608531,0.018961666
id03482,0.026193174,0.020609282,0.95319754
id06243,0.5447143,0.20426802,0.25101775
id01116,0.022953127,0.057084054,0.91996276
id17530,0.01994808,0.9588362,0.021215755
id07552,0.021261904,0.021232877,0.9575052
id03131,0.019706061,0.9625189,0.017775062
id23142,0.020571273,0.021947823,0.9574809
id05540,0.6779774,0.29570594,0.026316663
id06292,0.95060796,0.027097207,0.022294814
id26506,0.8342927,0.11090343,0.054803897
id19068,0.02257422,0.020910772,0.956515
id21782,0.019609276,0.021096874,0.95929384
id24563,0.020829,0.9600685,0.019102428
id21986,0.2908733,0.23956423,0.46956247
id04967,0.111294724,0.038367428,0.85033786
id11760,0.030783867,0.022706976,0.9465092
id02483,0.95082563,0.020794539,0.02837988
id15791,0.02170228,0.02018252,0.9581152
id14256,0.024664368,0.020552367,0.95478326
id18328,0.9303967,0.025279189,0.044324182
id06213,0.029317398,0.9531828,0.01749978
id00772,0.9399739,0.033629335,0.026396692
id01113,0.91773057,0.05602201,0.026247447
id03972,0.95803857,0.02248058,0.019480774
id25386,0.018894302,0.96132725,0.019778388
id09156,0.019649956,0.95988894,0.02046113
id22624,0.5221094,0.22576013,0.25213048
id17789,0.020786095,0.96202934,0.017184505
id09039,0.044403017,0.92947525,0.026121726
id20538,0.21147235,0.082795724,0.705732
id05501,0.033955954,0.019832024,0.946212
id27641,0.9400274,0.02966832,0.030304262
id05965,0.027477225,0.019300172,0.95322263
id23431,0.15462804,0.50162864,0.34374332
id13075,0.019655768,0.022000406,0.9583438
id26190,0.049986843,0.021385413,0.9286278
id12196,0.7030295,0.022839528,0.27413097
id21318,0.018768808,0.9627461,0.018485157
id11277,0.031487983,0.9426026,0.025909444
id07193,0.9513645,0.02706034,0.021575177
id17105,0.022152247,0.029788448,0.9480593
id18263,0.90958035,0.021935528,0.068484105
id22875,0.03341155,0.042832434,0.923756
id07157,0.023617283,0.019889269,0.95649344
id15051,0.9298662,0.021907093,0.048226655
id08871,0.20740393,0.04859786,0.7439982
id17036,0.01928255,0.022581497,0.95813596
id02783,0.019148119,0.024740549,0.9561113
id26418,0.9548856,0.020989917,0.024124485
id15748,0.9106741,0.063338324,0.025987606
id00820,0.027312765,0.952964,0.019723227
id27695,0.5609439,0.21771991,0.22133616
id27286,0.62052435,0.33448118,0.04499453
id11680,0.020167198,0.021792758,0.95804006
id01070,0.021641828,0.021240305,0.95711786
id18486,0.022868844,0.021385768,0.9557454
id12389,0.020161081,0.9617629,0.018075997
id12544,0.2108862,0.741315,0.04779879
id04692,0.88658535,0.04183889,0.0715758
id17342,0.9482298,0.030468173,0.021301985
id09640,0.02139384,0.021940961,0.9566652
id24300,0.035537634,0.019497413,0.944965
id13725,0.0801219,0.022032527,0.8978456
id22633,0.9447176,0.029744882,0.025537554
id16653,0.91248024,0.04478204,0.04273772
id00184,0.733677,0.021600759,0.2447222
id23872,0.95591974,0.021611698,0.022468582
id05095,0.1382929,0.02678954,0.83491755
id05757,0.022749426,0.023050154,0.95420045
id26883,0.95544654,0.021371773,0.02318169
id01868,0.9361045,0.021366527,0.04252899
id13053,0.023407646,0.01993584,0.9566566
id24443,0.86579293,0.110065304,0.024141803
id12795,0.020441484,0.95982355,0.01973498
id05298,0.03163598,0.020123217,0.94824076
id07560,0.053502053,0.020190679,0.9263073
id10281,0.26689476,0.033768855,0.69933635
id07254,0.3749273,0.02411014,0.6009626
id00837,0.087580666,0.88628674,0.02613264
id04534,0.028750585,0.020787027,0.9504624
id16716,0.89326227,0.03540934,0.07132839
id04057,0.03796086,0.6302774,0.3317618
id14988,0.034460094,0.020187488,0.94535244
id05353,0.6363886,0.02862289,0.33498853
id21250,0.536767,0.4345681,0.028664876
id25963,0.020502653,0.95981896,0.019678395
id10370,0.02469056,0.2950762,0.6802333
id26934,0.19609645,0.02896775,0.77493584
id07649,0.02825786,0.022927897,0.9488143
id21169,0.93656385,0.028677756,0.03475842
id25824,0.9554327,0.021293363,0.023273973
id01154,0.11845537,0.841857,0.039687518
id02523,0.7763661,0.03518168,0.18845215
id07677,0.9237725,0.030098336,0.046129182
id24447,0.020365976,0.021208297,0.9584257
id23036,0.02784157,0.020469448,0.951689
id05424,0.9352247,0.03525674,0.029518545
id18807,0.023915462,0.019637125,0.9564474
id05894,0.018498927,0.9624103,0.019090805
id08494,0.43504804,0.101838686,0.46311325
id17181,0.7572457,0.040567808,0.2021865
id24037,0.019842949,0.96118754,0.018969517
id22495,0.7950089,0.027721105,0.17727
id21717,0.5681648,0.055381097,0.37645406
id00477,0.6894196,0.18046512,0.1301153
id03167,0.023141382,0.020233821,0.9566248
id08783,0.021567637,0.020500975,0.9579314
id11954,0.9554472,0.021431519,0.023121295
id03029,0.9514904,0.02123493,0.027274722
id16359,0.9505335,0.022516677,0.026949845
id02984,0.957414,0.022009986,0.020576095
id24559,0.6359254,0.3416347,0.0224399
id26880,0.020025697,0.020033129,0.9599412
id00656,0.24933302,0.023871649,0.7267953
id07825,0.018795308,0.96305263,0.018152092
id16525,0.01858124,0.9635581,0.017860625
id08849,0.33779916,0.6142696,0.047931217
id09260,0.021629995,0.9616788,0.01669124
id22233,0.93682265,0.020817183,0.04236018
id12191,0.019254703,0.022550967,0.9581944
id15505,0.019071093,0.9620655,0.01886344
id15882,0.23390782,0.13583142,0.63026077
id10569,0.026211813,0.031039834,0.94274837
id26059,0.83861786,0.12025591,0.041126285
id13055,0.03884913,0.020427,0.9407239
id05388,0.9551799,0.021130105,0.023690011
id25199,0.021168327,0.9611448,0.01768682
id11813,0.020099606,0.020941194,0.9589592
id14866,0.05890128,0.02781941,0.91327935
id22247,0.21658683,0.032423995,0.75098914
id08196,0.48231667,0.47686815,0.040815204
id27246,0.022279853,0.96017885,0.017541276
id21926,0.02155961,0.021646513,0.9567939
id01930,0.06685819,0.022412933,0.91072893
id26406,0.036107544,0.020034967,0.9438575
id07760,0.034039866,0.9468005,0.019159675
id24815,0.033799082,0.02031216,0.9458888
id22063,0.9502878,0.019985873,0.029726353
id21513,0.028086739,0.92059714,0.051316164
id04006,0.59078884,0.02709469,0.38211653
id06177,0.87556076,0.095329344,0.029109951
id24010,0.86007005,0.023345271,0.11658467
id16402,0.020328322,0.021028182,0.95864356
id23894,0.9565439,0.021055326,0.022400718
id18867,0.9486646,0.021030769,0.030304588
id01691,0.019437859,0.9622733,0.018288795
id11818,0.06521721,0.91094273,0.023840073
id18481,0.10144353,0.044794023,0.85376245
id20137,0.95375025,0.02254867,0.023701116
id14630,0.023879398,0.9583352,0.01778535
id03058,0.020098174,0.022684747,0.9572171
id27857,0.039473128,0.9424517,0.018075166
id19345,0.27040723,0.65621066,0.073382124
id12726,0.11473014,0.03092876,0.85434115
id06015,0.0249944,0.023544278,0.9514613
id26548,0.023232983,0.025140004,0.951627
id20284,0.029369375,0.022670884,0.9479597
id17912,0.14272793,0.034138046,0.82313406
id10287,0.9228822,0.027387988,0.04972983
id03604,0.020042915,0.9605288,0.01942831
id07423,0.086225614,0.28016895,0.6336054
id01484,0.019045519,0.9629485,0.018006025
id16904,0.95688057,0.021426931,0.02169254
id13187,0.019024577,0.022431944,0.9585435
id08507,0.021591488,0.9611046,0.017303921
id09599,0.94776356,0.020592922,0.03164356
id20460,0.02082297,0.9612293,0.017947648
id23743,0.0205651,0.9597311,0.019703837
id13914,0.019941483,0.961197,0.018861527
id23108,0.9460764,0.027166843,0.026756767
id20111,0.4984255,0.4766653,0.024909219
id00300,0.019800166,0.96171296,0.018486863
id25970,0.93565196,0.030033965,0.034314133
id24588,0.021144848,0.021825692,0.95702946
id04799,0.08657463,0.03645975,0.87696564
id19685,0.025995063,0.17507462,0.79893035
id00628,0.02068445,0.021124959,0.9581906
id10632,0.9463545,0.03010624,0.023539249
id24894,0.020919418,0.96156025,0.017520258
id06843,0.6023843,0.35651672,0.04109896
id16211,0.9574636,0.021029174,0.021507187
id10730,0.30954206,0.6686635,0.02179439
id06399,0.029492013,0.95267683,0.017831165
id25138,0.9564236,0.023109721,0.020466719
id04372,0.03017041,0.033755057,0.93607455
id01057,0.81050956,0.024868518,0.16462196
id07505,0.04929547,0.93173915,0.018965404
id17331,0.9543718,0.020534085,0.025094148
id11306,0.21575058,0.02881538,0.755434
id07490,0.019269,0.96208805,0.01864296
id00721,0.01873446,0.9624179,0.018847642
id07538,0.66985,0.06443129,0.26571876
id11289,0.03223743,0.020018557,0.94774395
id25207,0.9545911,0.021713717,0.023695154
id03831,0.95785636,0.02012154,0.022022132
id05371,0.25721952,0.7178169,0.02496359
id07405,0.021875355,0.95966786,0.0184568
id25960,0.019259842,0.96172726,0.019012919
id18497,0.019150516,0.9566824,0.024167106
id24478,0.9508964,0.023517989,0.025585655
id12431,0.021347873,0.9593248,0.019327365
id24080,0.025221542,0.019770965,0.95500755
id11862,0.020671006,0.020601533,0.9587275
id04798,0.9533345,0.02239719,0.02426835
id22638,0.021450683,0.9600404,0.018508956
id16105,0.020042771,0.96213275,0.017824452
id05863,0.083429046,0.021875951,0.894695
id11466,0.9576033,0.022183971,0.020212775
id06091,0.9472238,0.02322363,0.029552598
id04214,0.019395277,0.9607046,0.019900132
id21197,0.7174686,0.24329183,0.039239507
id06479,0.021964539,0.019293765,0.95874166
id21801,0.95176584,0.020355903,0.027878296
id00540,0.9550994,0.025445197,0.019455414
id07102,0.94900894,0.022149274,0.028841784
id12012,0.023025611,0.020517638,0.9564568
id17850,0.028409952,0.018699843,0.9528902
id12708,0.06290218,0.02474555,0.91235226
id09277,0.033019733,0.02179663,0.94518363
id11482,0.09264745,0.8736461,0.033706516
id15327,0.95562804,0.021321194,0.023050824
id17561,0.019294674,0.95940113,0.021304147
id21966,0.62121224,0.035397552,0.3433902
id05742,0.9564642,0.02185296,0.021682838
id21441,0.79945016,0.027994853,0.17255491
id10819,0.020933501,0.96134824,0.017718308
id00018,0.30495796,0.5910215,0.104020625
id17038,0.9506398,0.026779668,0.022580592
id14680,0.02339238,0.9581925,0.018415052
id17760,0.021029366,0.026206395,0.9527642
id14436,0.66585135,0.03380401,0.30034465
id17180,0.02040149,0.020421999,0.95917654
id19132,0.022185693,0.95988494,0.017929401
id17497,0.020197047,0.96044695,0.019356018
id26284,0.030564036,0.025599163,0.9438368
id04340,0.019353598,0.9617278,0.018918633
id06427,0.019953901,0.96076,0.019286066
id08340,0.94599915,0.034231644,0.019769177
id07167,0.020071248,0.95947397,0.02045477
id02218,0.9510375,0.019944003,0.0290185
id18406,0.40056717,0.539979,0.059453785
id22134,0.4367749,0.03041472,0.53281033
id04983,0.020013237,0.021288542,0.9586983
id17767,0.9484949,0.03061355,0.0208916
id15131,0.018696552,0.962006,0.019297484
id11132,0.95138043,0.023243736,0.025375864
id10054,0.80221826,0.04272618,0.15505563
id03797,0.020226952,0.02976158,0.9500115
id17143,0.92621946,0.022010619,0.05176992
id19078,0.019634303,0.021333557,0.9590322
id04919,0.9569262,0.020653855,0.022419931
id03272,0.12142179,0.83843225,0.04014602
id15047,0.025412343,0.020979661,0.953608
id23727,0.71807456,0.031677507,0.25024796
id07221,0.9498243,0.021809163,0.028366573
id13974,0.39318737,0.5676449,0.039167766
id24050,0.91702354,0.03043938,0.052537065
id18119,0.8308563,0.14616193,0.022981811
id05205,0.94801587,0.025760373,0.026223758
id05233,0.020365242,0.96097827,0.018656518
id23556,0.9162672,0.028766956,0.054965854
id06323,0.6041882,0.3335484,0.062263444
id27903,0.021909375,0.020495806,0.9575949
id15164,0.9511622,0.023300176,0.025537597
id14714,0.019229716,0.9619037,0.018866649
id11585,0.018755537,0.9623927,0.018851757
id09119,0.9247947,0.04517711,0.030028244
id03135,0.94901735,0.02608082,0.024901826
id23385,0.8913208,0.037969775,0.07070947
id18219,0.9420822,0.025894772,0.032023016
id17596,0.023406163,0.9592215,0.017372351
id12235,0.050078575,0.046890024,0.9030314
id15394,0.9527343,0.019401038,0.027864713
id07727,0.9392791,0.025808036,0.034912936
id02748,0.9554871,0.023573872,0.020939087
id14913,0.02444256,0.019630572,0.9559269
id05257,0.033132933,0.019006375,0.9478607
id23759,0.019864185,0.020503161,0.95963264
id08726,0.9528736,0.021024834,0.02610159
id24493,0.95030147,0.02379187,0.025906723
id19945,0.6825477,0.2931177,0.024334606
id27893,0.35201564,0.5389445,0.10903988
id04975,0.077076264,0.025412446,0.8975113
id14722,0.94650954,0.024080494,0.02940992
id10320,0.020406755,0.95619816,0.023395134
id09619,0.018989192,0.9631586,0.017852219
id07480,0.032892935,0.9486137,0.018493375
id00342,0.03807809,0.94114095,0.02078096
id08611,0.8168678,0.029967254,0.15316495
id24284,0.023981743,0.019883187,0.9561351
id20491,0.27860782,0.6499573,0.071434855
id18337,0.020195782,0.021253735,0.9585505
id04781,0.9428406,0.021345288,0.035814095
id11067,0.95449746,0.022675067,0.02282754
id19402,0.9414139,0.035030883,0.023555242
id20009,0.022710811,0.020708306,0.95658094
id08535,0.023932833,0.02105791,0.9550093
id07495,0.031489726,0.021237075,0.9472732
id06262,0.024016146,0.020956095,0.95502776
id10898,0.9242388,0.029997882,0.045763288
id17778,0.019689236,0.9620602,0.018250536
id07210,0.07971236,0.87884486,0.04144279
id04367,0.01901914,0.96183413,0.01914676
id27713,0.13650413,0.02276206,0.8407338
id15428,0.022469202,0.9585657,0.0189651
id25427,0.69938636,0.09555997,0.2050537
id09789,0.77987385,0.037217535,0.18290862
id07658,0.9513006,0.022940062,0.025759395
id25453,0.019262407,0.9613334,0.019404221
id24495,0.94992864,0.025673766,0.024397627
id03270,0.02543052,0.9572042,0.017365256
id11879,0.022554468,0.95968944,0.0177561
id24356,0.018602962,0.023323704,0.9580733
id22256,0.02091381,0.022131382,0.95695484
id06050,0.021095708,0.95967823,0.019226087
id09555,0.9265468,0.024487695,0.04896551
id23772,0.01949068,0.9608835,0.019625818
id21930,0.09361324,0.021921499,0.8844652
id00823,0.024905074,0.9538724,0.021222565
id23666,0.019923825,0.9616278,0.018448437
id08118,0.019698018,0.022808895,0.9574931
id21388,0.021629175,0.95672745,0.02164342
id23312,0.9354826,0.023227347,0.041290015
id08545,0.049499936,0.12559524,0.8249048
id20351,0.050571524,0.027246615,0.9221819
id13536,0.20794892,0.027004689,0.76504636
id27742,0.020267572,0.96216506,0.017567376
id13343,0.023557523,0.02088116,0.95556134
id11987,0.01986246,0.96036994,0.01976758
id08921,0.11641979,0.024148038,0.8594321
id09972,0.64699334,0.32365012,0.029356554
id26173,0.9550169,0.0201358,0.02484728
id07917,0.023991382,0.9259092,0.05009939
id01383,0.9332514,0.02922975,0.037518844
id26699,0.9557431,0.020845355,0.023411585
id11058,0.026525738,0.023727238,0.949747
id20425,0.019629657,0.961755,0.018615367
id20238,0.018537473,0.96339476,0.018067816
id21348,0.030694246,0.9001442,0.06916151
id09552,0.12594405,0.025577838,0.84847814
id25075,0.57332706,0.050457574,0.37621537
id17749,0.02164439,0.02094151,0.9574141
id18910,0.029949043,0.020150535,0.94990045
id13534,0.019441273,0.9631427,0.017416108
id22205,0.020085085,0.96203136,0.017883573
id23896,0.94613737,0.021615459,0.0322472
id23616,0.596652,0.09943257,0.30391547
id03537,0.94913596,0.020234838,0.030629223
id18147,0.3066864,0.6598455,0.033468075
id25408,0.9544736,0.021776415,0.02374997
id09997,0.5055839,0.03713994,0.45727617
id23357,0.022905234,0.01967579,0.9574189
id21880,0.36499748,0.03356199,0.60144055
id21633,0.023676954,0.9575111,0.01881193
id15976,0.0204059,0.026845131,0.95274895
id20266,0.021687187,0.020579537,0.9577333
id26726,0.9453893,0.03333902,0.021271687
id02958,0.045289975,0.9329731,0.021736942
id25211,0.19639581,0.02179199,0.7818122
id24314,0.95743877,0.022058435,0.020502865
id21475,0.019643262,0.021806296,0.95855045
id22733,0.1295558,0.8478864,0.02255787
id14297,0.01922886,0.96184474,0.01892642
id27627,0.03106164,0.9517672,0.017171131
id03580,0.021094052,0.9614156,0.01749037
id08858,0.020459395,0.0210399,0.9585007
id22512,0.019523501,0.96154976,0.018926729
id05634,0.037057195,0.02089213,0.9420507
id00105,0.020017225,0.020281564,0.95970124
id26635,0.9549161,0.023193676,0.02189021
id19324,0.020726932,0.020915167,0.95835793
id00210,0.9426022,0.02133811,0.036059674
id06809,0.77779514,0.050501518,0.17170337
id04074,0.019149374,0.96154165,0.01930898
id27010,0.95297265,0.023159308,0.023868022
id00699,0.24201342,0.040775903,0.71721065
id18549,0.08445364,0.025840085,0.8897063
id14089,0.9432674,0.023926703,0.032805942
id19792,0.020639908,0.9601941,0.019166004
id19935,0.074177474,0.02117378,0.9046488
id22960,0.020610835,0.02182496,0.9575642
id02471,0.028432705,0.01903464,0.95253265
id07896,0.020138511,0.021219522,0.958642
id20033,0.9417385,0.025248855,0.03301266
id15018,0.9557873,0.021183547,0.023029199
id19528,0.94986963,0.021098921,0.029031457
id21621,0.68350977,0.029917365,0.2865729
id14328,0.06526403,0.7955226,0.13921335
id19524,0.8876799,0.022203937,0.090116225
id00219,0.95570993,0.021045182,0.023244826
id23229,0.023391416,0.021085741,0.9555229
id14357,0.9520346,0.0211374,0.026828026
id21829,0.046045303,0.02065266,0.93330204
id02137,0.92764884,0.03110404,0.041247122
id23524,0.020418344,0.020891247,0.9586904
id12022,0.9572705,0.022528093,0.020201389
id05255,0.8960902,0.026474541,0.0774353
id14605,0.9517317,0.020498162,0.027770167
id15329,0.03880499,0.026883222,0.9343118
id06046,0.9238953,0.047956295,0.02814839
id16548,0.07039461,0.021506768,0.90809864
id23369,0.026520353,0.022255126,0.9512245
id17824,0.9283098,0.02453563,0.047154523
id17243,0.020811455,0.0213851,0.9578034
id13185,0.020549329,0.96024084,0.01920978
id27091,0.9525539,0.024626272,0.022819767
id21817,0.020960735,0.021451568,0.9575877
id21912,0.9433342,0.03327059,0.023395237
id24163,0.021480745,0.020989623,0.95752966
id12484,0.023227165,0.01892158,0.95785123
id15799,0.9521893,0.020971868,0.02683878
id22315,0.02091412,0.959429,0.019656824
id02608,0.023609325,0.95907134,0.017319307
id10057,0.95777035,0.02095403,0.021275636
id01709,0.9365694,0.020022169,0.043408472
id11153,0.020873668,0.96136504,0.01776133
id25154,0.17266922,0.75723475,0.07009607
id18207,0.019840294,0.96102506,0.019134697
id03370,0.019593306,0.96214676,0.018259974
id26760,0.917047,0.025461385,0.0574916
id15099,0.93151885,0.03319397,0.03528721
id16341,0.02048502,0.021564778,0.95795023
id15572,0.94282025,0.02559666,0.03158311
id24901,0.9511749,0.020283941,0.028541189
id04528,0.95037276,0.022508234,0.027118929
id26507,0.022408905,0.020780114,0.956811
id26687,0.9376384,0.025488073,0.03687354
id27819,0.024872152,0.022032235,0.9530956
id17610,0.019900972,0.96272695,0.017372014
id03373,0.38316917,0.58636755,0.030463284
id05881,0.10563364,0.02186941,0.87249696
id15875,0.022314643,0.022632925,0.95505244
id18400,0.95203626,0.027260978,0.020702764
id23596,0.07861175,0.02478601,0.8966023
id07006,0.019349484,0.9624202,0.018230306
id25134,0.020143082,0.9619097,0.017947221
id17393,0.95732766,0.02081032,0.021862056
id20155,0.02426753,0.95847285,0.01725962
id09536,0.019349776,0.9620328,0.018617483
id09155,0.10171614,0.8777097,0.02057418
id26482,0.9538015,0.022486132,0.023712337
id17001,0.020336645,0.96062773,0.019035686
id08134,0.7278923,0.054051228,0.21805647
id10174,0.8850851,0.048622098,0.06629283
id04760,0.81056327,0.035932265,0.1535045
id04941,0.95920545,0.01979443,0.021000147
id01339,0.94404525,0.028576095,0.027378667
id24710,0.2128077,0.11127869,0.67591363
id20408,0.93883616,0.02249433,0.038669523
id04028,0.06686498,0.023655077,0.9094799
id07153,0.04136594,0.021055141,0.93757886
id20098,0.020265859,0.9619069,0.017827166
id24146,0.13915214,0.024161965,0.83668584
id06276,0.032373644,0.018675681,0.94895065
id18978,0.029736472,0.94844335,0.0218202
id04247,0.6972654,0.25686982,0.045864798
id02020,0.020546934,0.96111155,0.018341487
id14299,0.020664496,0.021047434,0.9582881
id27255,0.68410635,0.28179345,0.03410021
id05751,0.021021703,0.020828566,0.95814973
id09428,0.9547461,0.021865897,0.023387939
id06941,0.9486375,0.022336697,0.029025735
id25678,0.022237046,0.020435542,0.9573274
id27425,0.95318854,0.02024534,0.026566196
id12619,0.81394947,0.16409694,0.021953668
id00530,0.019721732,0.021983543,0.95829475
id14683,0.9559017,0.021369692,0.022728644
id14618,0.019589571,0.9613893,0.01902116
id07599,0.9547636,0.02245335,0.022783047
id02786,0.9554298,0.021299446,0.023270799
id21563,0.9512778,0.023798697,0.024923503
id26412,0.020188278,0.020637162,0.9591746
id18320,0.56902707,0.029462684,0.4015103
id02043,0.5883638,0.032369107,0.3792671
id03179,0.76543677,0.19003794,0.044525277
id17256,0.020247214,0.9609376,0.01881516
id07435,0.01922754,0.022451105,0.9583214
id17659,0.19625852,0.03702023,0.7667213
id06828,0.021689087,0.9561888,0.022122156
id18636,0.024998516,0.021636918,0.95336455
id05216,0.9528909,0.022050885,0.025058297
id23156,0.54772043,0.25692317,0.19535637
id23861,0.9494144,0.024572667,0.026012963
id21416,0.040388193,0.021223165,0.93838865
id02763,0.9075875,0.036356784,0.056055672
id12625,0.021039192,0.021888299,0.9570725
id08033,0.08526489,0.025117844,0.8896173
id24105,0.37292355,0.57469225,0.05238419
id09295,0.95383406,0.019598613,0.026567334
id22062,0.3011465,0.5589286,0.13992488
id21044,0.95620745,0.019876987,0.023915553
id17419,0.5701636,0.03602477,0.39381167
id10969,0.95575124,0.021674972,0.02257378
id23066,0.10805502,0.052135795,0.8398091
id25667,0.9482425,0.02247591,0.029281605
id14534,0.94300574,0.027046407,0.029947853
id26645,0.34690446,0.50139135,0.15170424
id03965,0.0234352,0.019935297,0.9566295
id25956,0.9468603,0.021694446,0.03144532
id23707,0.95354056,0.023426495,0.023032986
id18026,0.8186866,0.062881686,0.118431725
id10767,0.02164913,0.9608554,0.01749543
id18802,0.28312337,0.68822885,0.028647777
id02940,0.07870527,0.90246993,0.018824829
id13403,0.9561377,0.021611867,0.022250442
id10201,0.020164622,0.9602856,0.01954977
id15333,0.09162699,0.022590714,0.88578236
id25619,0.030776557,0.020952133,0.94827133
id18506,0.024563089,0.9575,0.01793694
id09835,0.020506302,0.9610152,0.018478453
id14828,0.91923267,0.027623177,0.05314417
id26816,0.018585656,0.962722,0.018692357
id26134,0.020266939,0.9613079,0.018425198
id25064,0.7783077,0.0923808,0.12931144
id14254,0.6347535,0.042064752,0.32318178
id09352,0.091854654,0.041605517,0.86653984
id21495,0.9511719,0.021744058,0.027084
id15349,0.019747714,0.021472463,0.9587798
id06759,0.05603237,0.92578346,0.018184211
id20876,0.60971355,0.026888082,0.36339834
id14644,0.22040224,0.71826816,0.06132956
id16927,0.020465286,0.021664796,0.95786995
id00417,0.020273933,0.9583906,0.021335477
id18892,0.021305677,0.020602759,0.95809156
id17500,0.019539895,0.9617411,0.01871901
id17676,0.022592865,0.94492173,0.03248541
id03378,0.9586768,0.019945107,0.021378055
id26891,0.6400763,0.026023215,0.33390048
id15609,0.9528062,0.021817239,0.025376515
id11270,0.092528984,0.03188897,0.87558204
id01141,0.022247948,0.020705482,0.95704657
id18738,0.20417319,0.025162967,0.77066386
id23964,0.020264618,0.03253956,0.9471958
id08032,0.15460765,0.03323906,0.81215334
id10410,0.020382805,0.021162763,0.9584545
id15738,0.948401,0.020926049,0.030673003
id22293,0.054595564,0.020701269,0.9247031
id23174,0.9544422,0.021666348,0.023891438
id13041,0.03233135,0.9369208,0.030747773
id18377,0.07155223,0.021015383,0.9074324
id24269,0.023685407,0.95777893,0.01853566
id19445,0.06647267,0.8346659,0.09886144
id16449,0.019262671,0.96007884,0.020658545
id11857,0.022922667,0.021468861,0.9556085
id14929,0.019005809,0.9618426,0.019151576
id16029,0.5821274,0.09233634,0.3255363
id09091,0.9567234,0.02317116,0.020105379
id14431,0.020510204,0.9610901,0.018399667
id15857,0.039835528,0.92277217,0.03739234
id26177,0.024038818,0.020767204,0.955194
id07001,0.023712851,0.2549041,0.7213831
id00626,0.031092376,0.019534066,0.9493736
id25160,0.05890465,0.91575927,0.025336104
id21474,0.019787837,0.02034648,0.9598656
id03155,0.9578265,0.020640777,0.0215327
id11858,0.019441055,0.021490118,0.9590688
id12413,0.050976716,0.92954206,0.019481229
id25656,0.020508183,0.96003675,0.019455045
id24322,0.92683077,0.029087037,0.04408221
id20603,0.953054,0.021396963,0.025549075
id06878,0.9503178,0.023002652,0.026679557
id03535,0.52070963,0.02414186,0.45514855
id11831,0.9319105,0.020218177,0.047871273
id24685,0.9571296,0.021207953,0.021662489
id10426,0.02624093,0.019351784,0.95440733
id09024,0.019393172,0.96160156,0.019005338
id09728,0.026638344,0.021141585,0.9522201
id01065,0.018962149,0.9635401,0.017497795
id14005,0.87813514,0.07984509,0.042019814
id18534,0.021485144,0.021798518,0.95671636
id19862,0.112168215,0.09574746,0.79208434
id14707,0.95700157,0.021325616,0.021672856
id02248,0.018990677,0.96274346,0.018265862
id20494,0.031997394,0.021155903,0.9468467
id27072,0.9562712,0.0225592,0.021169584
id20587,0.919389,0.061699294,0.018911744
id24134,0.036378473,0.03461969,0.92900187
id22696,0.2568658,0.03207267,0.7110616
id23757,0.95371675,0.02233407,0.02394909
id18828,0.93481797,0.027054444,0.03812765
id14040,0.021764899,0.020459784,0.9577753
id09385,0.9402508,0.02731929,0.03242987
id16005,0.019375311,0.96179914,0.018825525
id12467,0.39492503,0.18590225,0.4191727
id16209,0.9378317,0.02717425,0.034994077
id01621,0.019614592,0.96139824,0.0189872
id18081,0.14353926,0.023220036,0.8332407
id06667,0.059141994,0.021385824,0.9194722
id07436,0.020629345,0.020437868,0.95893276
id19498,0.030955724,0.94955945,0.019484792
id12123,0.95615935,0.02365034,0.020190315
id17082,0.8915445,0.029407969,0.0790475
id00313,0.019131236,0.96316975,0.017699
id14281,0.020883728,0.029319933,0.9497963
id14755,0.30133483,0.025565205,0.6731
id17484,0.8640006,0.10397627,0.03202313
id00111,0.020220747,0.9592665,0.02051277
id16542,0.042698257,0.01973649,0.93756527
id00458,0.026481379,0.020726183,0.95279247
id07682,0.023754952,0.9591961,0.017048953
id02041,0.079181805,0.71803087,0.20278732
id26070,0.37667283,0.025041033,0.59828615
id05271,0.9555268,0.018780366,0.025692832
id18107,0.9172112,0.02578015,0.057008654
id01170,0.039868023,0.075257316,0.88487464
id23464,0.3231156,0.61117107,0.06571339
id03879,0.10221279,0.75666726,0.14111994
id22473,0.020381736,0.95938635,0.02023186
id20937,0.88892186,0.08465211,0.02642605
id16239,0.021517519,0.9598018,0.018680733
id02348,0.9573,0.021722583,0.020977447
id19796,0.9560861,0.020921204,0.022992685
id06531,0.045525216,0.020296227,0.93417853
id02641,0.16186985,0.7976483,0.04048179
id01332,0.06854446,0.021188397,0.9102672
id24038,0.040140506,0.9374943,0.022365246
id23699,0.66131216,0.025880655,0.3128072
id07294,0.9402574,0.02385032,0.035892308
id00319,0.9441198,0.030920902,0.024959266
id05699,0.93585664,0.045486,0.018657396
id18863,0.95002514,0.020837365,0.0291375
id07745,0.03855767,0.021541243,0.9399011
id02157,0.01827335,0.96330607,0.01842063
id00525,0.5950245,0.08738943,0.31758603
id14740,0.9149883,0.023233242,0.06177848
id01420,0.021675313,0.96024334,0.018081399
id17725,0.95922625,0.020007398,0.020766387
id07807,0.07029429,0.9113957,0.018310038
id11676,0.020151647,0.9614383,0.018410075
id06720,0.023021586,0.020053374,0.95692503
id08048,0.018805813,0.030433914,0.95076025
id04185,0.059903633,0.053649217,0.88644713
id02077,0.9462259,0.024235625,0.029538525
id12968,0.06654914,0.17063412,0.7628167
id01945,0.89685667,0.060501926,0.042641386
id06446,0.76992285,0.2015137,0.0285635
id01072,0.9543082,0.024168046,0.021523798
id15124,0.5792863,0.029125292,0.39158845
id14173,0.02018084,0.96110404,0.018715153
id27559,0.20588702,0.024242302,0.7698707
id13722,0.9472911,0.024724187,0.027984712
id09310,0.95361155,0.02305744,0.023331003
id23024,0.95735264,0.020746592,0.021900808
id24332,0.019068964,0.9630533,0.017877722
id07699,0.94463533,0.027276523,0.028088165
id06837,0.02253199,0.9591979,0.018270127
id07279,0.8082346,0.030736327,0.16102912
id16451,0.4079699,0.024909966,0.5671202
id17588,0.02863332,0.9479419,0.02342483
id07018,0.9559291,0.021287257,0.022783648
id12994,0.71347827,0.2514233,0.03509844
id03703,0.8847521,0.03627678,0.07897115
id01753,0.9486809,0.021770213,0.029548869
id02866,0.02816537,0.019074738,0.95275986
id21884,0.01909497,0.96254414,0.018360911
id27543,0.033132214,0.019483777,0.947384
id22149,0.17330377,0.7659949,0.06070134
id14595,0.9438737,0.033658534,0.022467742
id12383,0.8933357,0.0737422,0.032922093
id27714,0.95517576,0.022242377,0.02258186
id17634,0.9519946,0.021923436,0.02608199
id15906,0.021458749,0.020857848,0.9576834
id09047,0.019956602,0.020333808,0.95970964
id02059,0.9374752,0.026602885,0.03592193
id19107,0.9149758,0.021845814,0.06317839
id02385,0.020923954,0.02119761,0.9578784
id21312,0.950074,0.029515589,0.02041041
id02215,0.020205481,0.9604413,0.0193532
id08928,0.18810259,0.08122159,0.7306758
id07099,0.95619935,0.021765634,0.022034964
id01935,0.8322941,0.0930546,0.07465133
id24757,0.078361124,0.8992338,0.022404993
id01848,0.040043794,0.022226043,0.9377302
id06224,0.9576916,0.021662643,0.020645736
id15539,0.031797636,0.88435316,0.08384914
id22907,0.020908734,0.9605423,0.01854897
id12713,0.95171386,0.020921348,0.027364802
id15521,0.041401275,0.026923578,0.93167514
id25539,0.952064,0.023255086,0.02468093
id23370,0.01946185,0.020925334,0.95961285
id15868,0.7388542,0.055929475,0.20521629
id17808,0.039060544,0.020385254,0.9405542
id08241,0.026120955,0.9549546,0.018924387
id27284,0.82779026,0.15170127,0.020508476
id20707,0.95451546,0.019737337,0.0257472
id03823,0.022005389,0.9602184,0.01777623
id00463,0.021435635,0.9589063,0.019658124
id07241,0.95153207,0.026594514,0.021873394
id05702,0.020161126,0.9603774,0.019461408
id18973,0.8897388,0.028355097,0.08190607
id18662,0.76974,0.034164272,0.19609573
id06448,0.02234518,0.022147205,0.95550764
id21002,0.01920173,0.96167946,0.019118834
id08753,0.9573356,0.021927092,0.020737331
id27832,0.018890804,0.9635591,0.01755012
id11341,0.035494618,0.946045,0.018460413
id11426,0.027522309,0.03429176,0.93818593
id15388,0.037189327,0.030417072,0.9323936
id12801,0.95677876,0.022529712,0.020691508
id02380,0.0748037,0.021622261,0.90357405
id02777,0.06364236,0.020504553,0.915853
id05412,0.022577098,0.019570231,0.95785266
id01303,0.95813596,0.021207068,0.020656971
id21665,0.95397645,0.025143215,0.020880353
id12973,0.023821792,0.019272376,0.95690584
id22046,0.9145807,0.022634678,0.06278456
id24035,0.29786927,0.022471204,0.67965955
id15513,0.02041448,0.96103543,0.018550118
id12302,0.38137674,0.035515778,0.5831075
id01751,0.66709226,0.043471973,0.2894357
id27003,0.5408668,0.029319882,0.4298133
id14689,0.020237057,0.96054196,0.019220926
id11885,0.9459454,0.023895903,0.030158713
id16558,0.90412074,0.059814334,0.036064964
id15785,0.025144016,0.9579512,0.016904775
id25382,0.019358601,0.96207505,0.018566372
id19170,0.49295643,0.4796707,0.02737289
id22689,0.94949514,0.029471982,0.021032888
id03178,0.8499075,0.09602712,0.054065384
id22393,0.8754689,0.03485508,0.089676015
id19215,0.20622306,0.028676724,0.76510024
id27829,0.8269971,0.10710838,0.06589456
id11659,0.42761362,0.02822217,0.54416424
id25831,0.018973954,0.9613451,0.019681001
id08781,0.73458385,0.05631283,0.20910327
id11550,0.066324316,0.9149597,0.018716002
id25478,0.023554567,0.020385776,0.95605963
id09909,0.95052224,0.022567526,0.026910257
id09009,0.019892158,0.021642342,0.9584655
id12660,0.47686243,0.02827839,0.49485922
id23033,0.34464636,0.024892826,0.63046086
id25937,0.7979552,0.07422619,0.12781854
id10385,0.090675615,0.7005045,0.20881993
id15288,0.021093937,0.020893732,0.9580123
id06403,0.95747226,0.023759075,0.01876866
id18342,0.021134056,0.9611713,0.017694585
id00497,0.026139643,0.01987275,0.9539876
id12156,0.9540631,0.020296887,0.02564
id26825,0.9517951,0.022707924,0.02549694
id20140,0.023003828,0.018980475,0.9580157
id06714,0.7886228,0.028920814,0.1824564
id06017,0.01955615,0.022912322,0.9575315
id14841,0.8752041,0.10345109,0.021344882
id25646,0.024096355,0.023381403,0.9525223
id09218,0.84420055,0.031198628,0.12460082
id21857,0.020711454,0.9589639,0.020324698
id05750,0.034270503,0.038694665,0.92703485
id10507,0.501102,0.45591998,0.042978022
id09696,0.022865301,0.02303718,0.95409757
id00835,0.028588044,0.94892645,0.022485454
id26717,0.030231154,0.028398871,0.94137
id17573,0.020987209,0.020627636,0.95838517
id21144,0.10608712,0.86754704,0.026365906
id02305,0.95536643,0.026936773,0.017696798
id26035,0.6780127,0.20459262,0.11739471
id00878,0.9055545,0.021513665,0.07293183
id08728,0.94044423,0.030124439,0.029431354
id10579,0.019908575,0.9608975,0.019193871
id10720,0.9266243,0.027428601,0.045947116
id09163,0.019011628,0.022266949,0.95872146
id16298,0.19625388,0.78417295,0.019573148
id05342,0.580241,0.062806346,0.3569526
id24256,0.025346616,0.02049593,0.9541575
id12217,0.021195332,0.96063536,0.018169342
id06159,0.87483436,0.07482757,0.05033813
id24394,0.57419,0.033429958,0.39238003
id20232,0.025675492,0.029774316,0.9445502
id26856,0.95017886,0.020172894,0.029648256
id15108,0.68791366,0.2435656,0.068520755
id00751,0.7511406,0.024952712,0.22390673
id01784,0.94752866,0.024405068,0.028066326
id26419,0.9028556,0.026165482,0.07097894
id23877,0.03237968,0.9463215,0.021298768
id05019,0.9491353,0.02519033,0.025674388
id23003,0.02279228,0.020116903,0.95709085
id22153,0.019455671,0.96257526,0.017969085
id19726,0.019635547,0.96061933,0.01974513
id19033,0.9520748,0.021577,0.026348194
id00534,0.020788833,0.020537816,0.95867336
id07030,0.9528452,0.02301183,0.024142964
id08281,0.19702148,0.5900147,0.21296382
id00366,0.55724686,0.3692978,0.07345532
id25446,0.80036557,0.04561786,0.15401658
id25008,0.9574597,0.020557037,0.021983277
id24142,0.020657873,0.9612818,0.01806033
id25331,0.020663058,0.021956315,0.95738065
id16549,0.020317884,0.021288743,0.9583934
id12120,0.01994358,0.9605731,0.01948336
id07518,0.021741116,0.9598734,0.018385585
id24749,0.22432156,0.03413867,0.7415398
id23132,0.8565777,0.042384006,0.10103834
id05946,0.055442005,0.2537727,0.6907853
id07427,0.93612456,0.022433707,0.041441765
id14601,0.019206282,0.9611801,0.019613624
id26504,0.019873368,0.020958489,0.95916814
id27199,0.94345415,0.021857439,0.034688395
id09610,0.8449258,0.09424458,0.060829677
id02071,0.95649195,0.022671077,0.020836944
id24431,0.8608988,0.0310565,0.10804466
id20756,0.04991617,0.067022644,0.88306123
id06525,0.9316806,0.027173944,0.041145448
id11646,0.953392,0.020277651,0.02633038
id26808,0.9116056,0.058229294,0.030165112
id15122,0.8881553,0.030178612,0.081666104
id26052,0.02053827,0.020861316,0.9586004
id06693,0.94623125,0.03427548,0.019493287
id13520,0.9563689,0.020765359,0.022865713
id04381,0.95019615,0.021087686,0.028716128
id23315,0.5346446,0.048715662,0.4166398
id15685,0.9532844,0.023698675,0.023016905
id12974,0.026277844,0.019737927,0.95398426
id22302,0.95184606,0.024318105,0.023835855
id04848,0.94497806,0.02804799,0.026973944
id05104,0.018516464,0.022370862,0.9591127
id17169,0.019228835,0.96158135,0.01918986
id12736,0.02537062,0.9583861,0.016243296
id24659,0.95593834,0.021866571,0.022195127
id24829,0.7678445,0.20624928,0.025906181
id04164,0.020083806,0.9617974,0.018118793
id17795,0.66508496,0.049907126,0.2850079
id09104,0.022802476,0.95894086,0.018256664
id07833,0.024613168,0.018947618,0.9564392
id16733,0.9245508,0.021198139,0.0542511
id18630,0.02125521,0.019467272,0.9592775
id16064,0.019071411,0.021690177,0.9592384
id00561,0.018890465,0.9622985,0.018811082
id16627,0.9507538,0.026968118,0.022278065
id02162,0.9553846,0.022345133,0.022270268
id16092,0.16842225,0.7534298,0.07814803
id10710,0.020162705,0.9612667,0.018570635
id18885,0.47715348,0.02364484,0.49920163
id10689,0.019386014,0.021743983,0.95887005
id00486,0.05048076,0.8773409,0.07217835
id02370,0.9107833,0.062303055,0.026913663
id22279,0.9511401,0.024985375,0.023874493
id16068,0.8656173,0.028189313,0.10619347
id04053,0.02492461,0.019707963,0.95536745
id09228,0.95413303,0.021986643,0.023880305
id04227,0.023592051,0.9497075,0.026700417
id13578,0.95189524,0.024444662,0.023660116
id18744,0.030477976,0.02149009,0.94803196
id22966,0.02068679,0.021301754,0.9580115
id02979,0.8480665,0.027967285,0.12396623
id26203,0.94938534,0.026564468,0.024050202
id21184,0.9498717,0.027617624,0.022510653
id19201,0.9461837,0.022484979,0.031331386
id20340,0.018256212,0.9624627,0.019281097
id00692,0.018494494,0.023415454,0.95809007
id17757,0.023704104,0.019808762,0.9564871
id22771,0.020157099,0.021169346,0.9586736
id10753,0.24151011,0.72925967,0.029230252
id11899,0.8469297,0.03088833,0.122182
id20961,0.8604294,0.115884066,0.023686571
id06095,0.19015576,0.78799325,0.021850979
id23625,0.95169276,0.02781481,0.02049242
id03942,0.9523941,0.021016609,0.0265893
id19591,0.053517245,0.6222791,0.32420367
id19732,0.7944981,0.022849951,0.18265189
id24912,0.018593367,0.9632629,0.018143741
id15060,0.9370141,0.034122944,0.028862942
id08018,0.046006463,0.9361372,0.01785635
id02851,0.9506797,0.024084276,0.025235998
id02327,0.03255217,0.03541186,0.9320359
id22631,0.9236193,0.03474971,0.04163102
id22240,0.9460498,0.028887812,0.025062436
id05114,0.65047884,0.03310821,0.31641302
id14979,0.02003987,0.9606599,0.019300235
id25837,0.019516837,0.96213377,0.018349396
id17457,0.5959208,0.033057194,0.37102202
id23050,0.01975843,0.021240443,0.9590012
id06461,0.7279993,0.030466164,0.24153456
id03154,0.92488366,0.036684,0.038432397
id20285,0.9544705,0.021924367,0.023605054
id23166,0.019866847,0.9615012,0.018632002
id11496,0.50148886,0.46638614,0.032124974
id09569,0.949996,0.02632455,0.023679486
id11193,0.7334973,0.23643793,0.030064782
id26696,0.8667027,0.074512534,0.05878482
id15363,0.024895513,0.95758885,0.017515633
id13046,0.241094,0.5150074,0.24389863
id17653,0.021639997,0.9618491,0.016510908
id18812,0.027340136,0.019952036,0.95270777
id23232,0.019206768,0.9616748,0.019118402
id05290,0.34006694,0.07033959,0.5895935
id10667,0.9232033,0.03254617,0.04425053
id15546,0.020401739,0.021277245,0.95832103
id05862,0.76908195,0.05121566,0.17970239
id06225,0.02065923,0.038589653,0.9407511
id17617,0.032777503,0.020363495,0.946859
id00814,0.021767875,0.020721143,0.957511
id18898,0.024258075,0.02024724,0.9554947
id19395,0.01904038,0.9590901,0.021869477
id19520,0.069565184,0.90452623,0.025908556
id27501,0.16153331,0.043486122,0.7949805
id06327,0.023823863,0.02479316,0.951383
id00330,0.022450257,0.9585001,0.019049587
id03792,0.84435076,0.09338742,0.0622618
id09320,0.9525155,0.022196958,0.025287515
id04678,0.02132554,0.021638531,0.9570359
id11663,0.813073,0.026621064,0.160306
id24945,0.019900875,0.02123054,0.95886856
id03046,0.020061074,0.9617389,0.018200014
id20236,0.8321648,0.027758565,0.14007665
id07869,0.21503383,0.02871987,0.7562463
id08152,0.01889083,0.021675907,0.95943326
id02910,0.01919633,0.9619347,0.018868957
id26837,0.019974805,0.96144986,0.01857532
id24188,0.01992928,0.96078235,0.019288331
id08748,0.07525854,0.61920124,0.3055402
id18608,0.4247915,0.1571054,0.41810307
id18773,0.6463377,0.30384704,0.049815323
id21822,0.9508151,0.020037357,0.029147547
id09721,0.12671152,0.02810382,0.8451847
id23152,0.9561415,0.021232765,0.022625787
id02249,0.01965587,0.96124,0.019104112
id14065,0.936293,0.022366762,0.04134021
id01598,0.25222924,0.029285515,0.71848524
id06294,0.02149885,0.020364013,0.95813715
id19196,0.95570934,0.024406854,0.019883808
id06846,0.16188239,0.67104363,0.167074
id02239,0.02271059,0.020080144,0.9572093
id20363,0.02108546,0.01992822,0.9589863
id14986,0.038791124,0.9370206,0.024188254
id25864,0.02200148,0.021300826,0.9566977
id22272,0.8176859,0.026125005,0.15618913
id06212,0.089812145,0.036756665,0.8734312
id15497,0.044459175,0.9383513,0.017189588
id12206,0.02024488,0.02195561,0.95779955
id03109,0.3759211,0.59267765,0.03140127
id00812,0.026285002,0.02097241,0.9527426
id04837,0.6178016,0.08158176,0.30061665
id14518,0.95664,0.022545345,0.020814681
id18095,0.03870537,0.943429,0.01786564
id15831,0.020179315,0.96111673,0.018703965
id12558,0.55262774,0.41586718,0.031505108
id27858,0.9567448,0.023259485,0.019995747
id24074,0.9480685,0.03068923,0.021242253
id23039,0.95372546,0.01972807,0.026546512
id23415,0.019488534,0.9609462,0.019565301
id00613,0.021774946,0.020758124,0.95746696
id11373,0.029364979,0.019603586,0.95103145
id00493,0.01996747,0.96220666,0.017825823
id20781,0.026678773,0.9011268,0.07219442
id16367,0.94481134,0.02022655,0.03496211
id09831,0.02390969,0.95854825,0.01754206
id08016,0.059978,0.9138943,0.026127685
id02860,0.032642387,0.81485826,0.1524994
id02382,0.49538827,0.042510375,0.46210137
id06900,0.50813943,0.02810805,0.46375257
id26499,0.95777035,0.020671695,0.02155798
id21696,0.091540284,0.0265009,0.8819588
id21364,0.18682961,0.79415655,0.019013828
id02752,0.030199444,0.018833771,0.9509668
id02765,0.95548743,0.021079829,0.023432715
id10307,0.924199,0.026422925,0.049378064
id26542,0.024242586,0.019870086,0.9558873
id05416,0.93764746,0.02243816,0.03991442
id03671,0.021588588,0.95964015,0.01877135
id03740,0.020406343,0.96109957,0.01849409
id25818,0.93111646,0.023163417,0.045720108
id23290,0.9446564,0.022342008,0.033001583
id13438,0.020027127,0.021788575,0.95818424
id15502,0.6766004,0.02754443,0.2958552
id18946,0.8112956,0.048118208,0.14058615
id26357,0.024274005,0.07707785,0.89864814
id13701,0.9521079,0.021770185,0.026121918
id20217,0.022055764,0.95477295,0.02317132
id12716,0.020824244,0.9617872,0.017388487
id03995,0.024669569,0.9580639,0.017266482
id16808,0.9537497,0.020817716,0.025432594
id11082,0.94372195,0.025491087,0.030787019
id06832,0.023084661,0.020938717,0.9559766
id11655,0.5188399,0.43692696,0.04423309
id12727,0.8825901,0.022791829,0.09461812
id14495,0.019780187,0.021400867,0.958819
id15414,0.95590323,0.019876415,0.024220297
id03844,0.35336298,0.10494379,0.5416932
id22810,0.037314814,0.031526323,0.93115884
id05794,0.02083217,0.9603893,0.018778533
id01611,0.024294639,0.019435506,0.95626986
id11150,0.35922867,0.6092837,0.031487636
id27616,0.37392187,0.029066939,0.5970112
id09738,0.9433573,0.02744847,0.029194256
id23766,0.09809488,0.88424844,0.017656688
id06124,0.025387932,0.03620576,0.9384063
id00926,0.9473734,0.03409349,0.01853308
id11991,0.02019455,0.021881541,0.9579239
id22681,0.9432782,0.025549505,0.031172264
id00979,0.026049988,0.9480456,0.025904443
id26300,0.07179038,0.024210809,0.90399885
id15518,0.13207825,0.022702623,0.84521914
id26839,0.95607615,0.021138124,0.022785718
id16154,0.91962636,0.025416845,0.054956846
id12877,0.9059414,0.022172635,0.07188594
id02816,0.020833727,0.9601564,0.019009886
id13400,0.024943782,0.019757839,0.95529836
id14369,0.031369653,0.9477511,0.020879291
id04073,0.93373656,0.03223669,0.03402676
id04639,0.021395376,0.96059364,0.018010952
id09970,0.09839786,0.025495972,0.87610614
id23994,0.94598716,0.029991519,0.024021346
id24728,0.019105563,0.9631276,0.017766811
id11539,0.9494748,0.020404786,0.030120349
id18368,0.025202299,0.029915947,0.94488174
id07722,0.95393217,0.020504301,0.025563532
id10355,0.24993598,0.7168642,0.033199843
id02842,0.8772723,0.025395116,0.09733261
id02826,0.95742244,0.022650661,0.019926907
id14517,0.019983327,0.96067727,0.019339357
id14833,0.42458963,0.03369119,0.54171914
id00491,0.84958345,0.035009686,0.115406916
id10784,0.032936573,0.9500163,0.017047133
id27648,0.9547898,0.020986822,0.024223372
id00372,0.74961644,0.18299218,0.06739134
id12796,0.020910846,0.021176597,0.95791256
id06215,0.020606892,0.9610683,0.01832485
id24722,0.028421989,0.021168591,0.9504094
id02729,0.020741997,0.022638623,0.9566194
id01783,0.08023725,0.025565803,0.894197
id03025,0.019976743,0.020717738,0.95930547
id03714,0.020860486,0.96126485,0.017874679
id00173,0.751688,0.22402588,0.024286157
id09268,0.027205106,0.020121187,0.95267373
id08738,0.01906078,0.96190417,0.01903502
id18561,0.95895636,0.020062577,0.020981092
id04877,0.9531951,0.022727901,0.024077047
id15173,0.019486036,0.9621482,0.018365834
id23020,0.03388239,0.022641156,0.9434765
id04105,0.019737925,0.9622388,0.018023305
id27807,0.9336625,0.02865712,0.037680328
id08966,0.94950294,0.028008169,0.022488924
id15469,0.023723433,0.020682605,0.95559394
id26904,0.7616544,0.02606517,0.21228044
id14258,0.9443037,0.031555403,0.024140924
id04371,0.021953471,0.020556353,0.9574902
id13963,0.88957185,0.023613933,0.08681426
id19097,0.8321886,0.03022041,0.13759103
id00350,0.03055974,0.019580092,0.9498602
id03571,0.9474244,0.02387002,0.028705608
id05647,0.9541037,0.022915145,0.022981191
id03720,0.020325309,0.9603871,0.019287594
id10208,0.9550225,0.021951046,0.0230265
id04526,0.023637975,0.9588906,0.017471438
id23694,0.019958755,0.9612375,0.018803783
id13795,0.952237,0.02725012,0.02051285
id04551,0.023618337,0.958635,0.017746728
id13292,0.93215066,0.03915798,0.02869136
id18196,0.38944882,0.39375275,0.21679842
id12175,0.957908,0.020485993,0.021605998
id09482,0.9536283,0.02301072,0.023360994
id17574,0.025584253,0.020299055,0.9541167
id12316,0.02071832,0.9615897,0.01769199
id01875,0.07427904,0.022452438,0.9032685
id12688,0.018344931,0.9627549,0.018900197
id12192,0.5513587,0.23598969,0.21265158
id14713,0.021346306,0.022385076,0.9562686
id05961,0.019591466,0.022411587,0.95799696
id04556,0.17608337,0.023990111,0.7999265
id20641,0.9272107,0.03536089,0.037428435
id24624,0.02385866,0.020719733,0.9554216
id20096,0.020053929,0.021055344,0.95889074
id03013,0.17117977,0.61613977,0.21268043
id06775,0.94314706,0.022527238,0.034325697
id17068,0.9463451,0.029940423,0.023714427
id25344,0.023295691,0.9586016,0.018102722
id04523,0.8386874,0.033479232,0.12783341
id00132,0.95544165,0.021859122,0.022699226
id11631,0.020311158,0.022181239,0.9575076
id09022,0.04909699,0.021542547,0.9293605
id10188,0.019819874,0.021177666,0.9590025
id12752,0.9333906,0.045758728,0.020850638
id02576,0.020156678,0.021604713,0.9582386
id22768,0.93769044,0.03616928,0.0261403
id25350,0.3127222,0.029854923,0.65742284
id06560,0.94313765,0.022677206,0.034185175
id20366,0.11164088,0.029832365,0.85852677
id10840,0.95740086,0.021476658,0.02112249
id18880,0.9361626,0.031084761,0.032752655
id11683,0.895653,0.039176453,0.06517055
id14734,0.17736222,0.030987069,0.7916507
id15336,0.29094145,0.68386877,0.025189752
id15319,0.7476615,0.048125796,0.20421278
id03829,0.027177457,0.95485747,0.017965049
id18451,0.9039283,0.04199626,0.054075435
id11816,0.9573299,0.022324417,0.020345662
id21792,0.7792595,0.032457914,0.18828262
id26921,0.9488136,0.020544026,0.030642327
id08664,0.64656335,0.15424643,0.1991902
id06944,0.10678222,0.87271565,0.020502053
id20817,0.021316865,0.02068503,0.9579981
id02759,0.9500693,0.02616777,0.023762919
id01449,0.06441234,0.9129108,0.022676835
id26909,0.6174333,0.29083857,0.09172808
id03113,0.021360945,0.020505289,0.9581338
id18364,0.05303971,0.0200975,0.9268628
id21004,0.022453805,0.020181723,0.9573645
id00305,0.035686515,0.024714349,0.93959916
id03374,0.01879268,0.9615694,0.019637866
id18916,0.94990194,0.02466133,0.025436772
id06535,0.021200314,0.9617816,0.01701809
id25067,0.9569745,0.020439362,0.022586118
id27726,0.02227806,0.95847356,0.019248366
id21767,0.9328864,0.041928355,0.025185257
id17581,0.956979,0.022949275,0.020071719
id02354,0.7907655,0.031139692,0.17809477
id16505,0.9495229,0.023136644,0.027340498
id00573,0.95319164,0.020432927,0.026375461
id23256,0.94501406,0.020941747,0.034044195
id25798,0.018655725,0.9633146,0.018029703
id10439,0.15819244,0.43365908,0.40814847
id00652,0.019640667,0.96110296,0.019256303
id17696,0.95683515,0.021771356,0.02139349
id22911,0.024236705,0.019872913,0.95589036
id19382,0.03422678,0.02028804,0.94548523
id12258,0.641413,0.18633187,0.17225516
id19349,0.018774722,0.9637652,0.017459998
id05653,0.95639765,0.022299115,0.021303233
id24532,0.023855614,0.02050047,0.95564395
id04344,0.94473994,0.020565616,0.03469447
id26369,0.027065955,0.032459784,0.9404742
id07974,0.030530393,0.0205512,0.94891846
id11844,0.021105457,0.021644946,0.9572496
id15836,0.9544344,0.020410007,0.025155634
id03278,0.026669215,0.022769008,0.9505618
id25245,0.95119506,0.02161316,0.027191797
id10690,0.06207201,0.021538498,0.91638947
id13618,0.95112103,0.020493837,0.028385106
id05898,0.6216065,0.023280438,0.35511303
id08866,0.19910291,0.77723783,0.02365931
id21212,0.022345806,0.020519216,0.95713496
id14035,0.8305544,0.023734055,0.14571154
id27517,0.020610958,0.020187924,0.95920116
id22280,0.35947278,0.3051441,0.33538315
id05488,0.9442277,0.025320332,0.030451983
id07921,0.020595925,0.9597395,0.019664597
id26774,0.4855232,0.02852754,0.48594925
id05200,0.022526069,0.95980805,0.017665891
id07514,0.33689559,0.64327884,0.019825568
id26147,0.024576398,0.019133773,0.9562899
id16015,0.1726238,0.02325153,0.80412465
id05730,0.92349476,0.02603,0.050475225
id10680,0.027228566,0.019654026,0.95311743
id17677,0.6599995,0.21320923,0.12679128
id11519,0.030310964,0.020979935,0.94870913
id03255,0.9478257,0.021995338,0.030178942
id04658,0.11502322,0.028636165,0.85634065
id15449,0.019432036,0.022012755,0.9585552
id08702,0.020237137,0.9619064,0.017856477
id20255,0.8462474,0.10732351,0.046429075
id03108,0.018838862,0.9628501,0.018311061
id09118,0.019930178,0.020571526,0.9594983
id16335,0.88832504,0.026114454,0.08556056
id05595,0.92124987,0.034902453,0.043847658
id06774,0.94839525,0.021659728,0.02994503
id23750,0.02310025,0.019321611,0.9575781
id23246,0.70024323,0.25353086,0.046225853
id06156,0.052394737,0.2530174,0.6945879
id01049,0.024281269,0.9517835,0.0239353
id22801,0.019140704,0.96222895,0.018630307
id14034,0.95198965,0.02477508,0.023235226
id01156,0.019671027,0.9609252,0.019403804
id13489,0.93121666,0.032191064,0.036592335
id18217,0.098597124,0.87918246,0.022220489
id02048,0.027105026,0.95339346,0.019501466
id03684,0.9547272,0.02427036,0.021002488
id11208,0.018633,0.022361867,0.9590052
id14453,0.95049745,0.020486534,0.029016042
id03798,0.8238802,0.15172671,0.02439306
id19911,0.054058783,0.4703005,0.47564077
id04907,0.02063877,0.021316465,0.9580448
id11148,0.95533705,0.023127336,0.021535635
id23996,0.026630428,0.86847085,0.10489877
id19833,0.9541132,0.022679068,0.023207722
id01932,0.9567076,0.021073828,0.022218585
id12137,0.865589,0.03435107,0.10005995
id20511,0.7306675,0.031134209,0.23819833
id09367,0.019733125,0.9604871,0.019779764
id20856,0.02222911,0.021091247,0.95667964
id20704,0.92882794,0.021442646,0.049729414
id14526,0.024786843,0.020296348,0.95491683
id08881,0.029319607,0.9514623,0.019218076
id04366,0.95324767,0.02036193,0.02639041
id05521,0.9538682,0.021707028,0.024424767
id10588,0.13162537,0.33175704,0.5366176
id20689,0.43534735,0.48059458,0.084058136
id16667,0.027165795,0.9547739,0.018060302
id25279,0.94652355,0.021958834,0.031517647
id24194,0.021165075,0.95973426,0.019100696
id27341,0.9512269,0.02292407,0.0258491
id25695,0.8903176,0.037453264,0.07222917
id01758,0.2249299,0.041099515,0.73397064
id02431,0.020426635,0.9608596,0.018713767
id19940,0.02311003,0.019056836,0.9578331
id23926,0.95433044,0.022606982,0.023062598
id14343,0.74828017,0.021970984,0.22974887
id06043,0.022587808,0.020082528,0.9573297
id05551,0.94420093,0.023189945,0.032609086
id16698,0.02246442,0.9593007,0.018234925
id26006,0.95143586,0.025952954,0.022611251
id16244,0.03548411,0.508655,0.45586085
id21129,0.9534727,0.021650499,0.024876844
id14317,0.023997393,0.020442843,0.9555598
id16443,0.10722096,0.023695173,0.8690839
id00044,0.022414537,0.020148275,0.95743716
id01365,0.020795392,0.95963824,0.019566398
id12797,0.20412776,0.027662158,0.76821005
id21275,0.94650143,0.021059735,0.032438833
id13801,0.02103291,0.022231366,0.95673573
id20770,0.019256828,0.9616479,0.019095238
id03078,0.23712285,0.745613,0.017264213
id21589,0.5319374,0.030188933,0.43787366
id25572,0.05003985,0.021467594,0.92849255
id10712,0.9430003,0.023031004,0.0339687
id25061,0.02364143,0.020027883,0.9563307
id03163,0.024125606,0.022167452,0.9537069
id12341,0.90122867,0.027692335,0.07107902
id25107,0.01928544,0.9627569,0.017957715
id21945,0.9560271,0.021025248,0.022947693
id14078,0.019937938,0.022101266,0.9579608
id06876,0.020341353,0.021562744,0.9580959
id05232,0.021514729,0.95675266,0.021732617
id07071,0.38136294,0.03437458,0.5842625
id10646,0.019031614,0.9618149,0.019153517
id25540,0.7713431,0.2046983,0.023958536
id25607,0.021168936,0.9608234,0.018007675
id16479,0.9521011,0.024137799,0.023761095
id05998,0.019170519,0.9614291,0.019400338
id20554,0.8379013,0.028548414,0.13355026
id27217,0.9519143,0.02383656,0.024249084
id20110,0.02097885,0.9608101,0.018211013
id01990,0.02089242,0.9615588,0.017548777
id17080,0.11454549,0.83541125,0.05004331
id19120,0.5046481,0.4584198,0.036932144
id08476,0.019587684,0.021531837,0.9588804
id03715,0.22026472,0.75717723,0.022558039
id27208,0.9424703,0.023911772,0.033617903
id04508,0.95253813,0.021688875,0.025772993
id11233,0.11431815,0.025926154,0.8597557
id14237,0.9508951,0.02449617,0.024608811
id12006,0.6457571,0.3005677,0.053675205
id22925,0.053462606,0.02069441,0.925843
id07141,0.9565873,0.020748297,0.022664325
id08449,0.042415116,0.021707658,0.9358772
id16468,0.9536708,0.022330781,0.023998465
id21415,0.022875248,0.022690432,0.95443434
id09388,0.95013666,0.027085349,0.022777956
id24767,0.019855581,0.96071965,0.019424815
id19247,0.95305985,0.019826934,0.027113235
id07068,0.86803854,0.08654899,0.04541246
id27597,0.9520936,0.019429559,0.028476864
id21380,0.93063843,0.026861837,0.04249969
id01178,0.023131775,0.020605398,0.9562628
id15323,0.95619994,0.021490991,0.022309087
id14784,0.95056534,0.021764878,0.027669776
id07174,0.18972138,0.06096218,0.74931645
id06577,0.95266724,0.024917075,0.022415731
id06582,0.9539466,0.023223022,0.022830386
id21088,0.021489708,0.020981004,0.9575293
id16436,0.02954163,0.95339954,0.017058868
id25443,0.9466515,0.02431967,0.029028853
id16617,0.43094015,0.027412191,0.5416477
id21757,0.37791687,0.030244747,0.5918384
id25902,0.11035934,0.022754656,0.866886
id11238,0.7940761,0.156573,0.049350966
id13861,0.018969292,0.9625125,0.018518256
id04171,0.02033558,0.021140927,0.95852345
id21483,0.025404844,0.02000868,0.9545865
id12635,0.040560503,0.02426374,0.9351758
id11666,0.023306722,0.9578439,0.018849391
id21552,0.9348579,0.023553938,0.041588183
id13582,0.039495654,0.87937236,0.081132025
id06447,0.9504793,0.025009826,0.02451083
id22998,0.024821786,0.019686546,0.95549166
id15616,0.01902079,0.022862075,0.9581171
id09613,0.022179848,0.959349,0.018471155
id09318,0.80119675,0.1773494,0.021453872
id07653,0.9552332,0.021385962,0.023380825
id21311,0.9452094,0.020725064,0.034065593
id21030,0.9494001,0.025004046,0.025595855
id10363,0.018228361,0.9521961,0.029575512
id02624,0.66710484,0.029139495,0.3037557
id21462,0.4129486,0.29260597,0.29444543
id24961,0.019451002,0.9614714,0.019077633
id08598,0.22932895,0.026219511,0.7444515
id22701,0.7890322,0.0506209,0.1603468
id24954,0.25741845,0.027846837,0.71473473
id24432,0.9530241,0.02059772,0.026378209
id08123,0.022802422,0.020547133,0.95665044
id08456,0.021077354,0.027199522,0.9517231
id02792,0.53181183,0.04004658,0.4281416
id01034,0.024350863,0.95944244,0.016206697
id05336,0.07736875,0.880332,0.04229929
id16773,0.02412156,0.95817184,0.01770653
id20275,0.03059063,0.9512664,0.018142954
id22357,0.023698881,0.9534582,0.022842979
id08426,0.95584327,0.02082537,0.023331363
id26118,0.95411474,0.022367716,0.023517527
id27377,0.15786585,0.03341869,0.80871546
id19738,0.35564885,0.30510542,0.33924577
id27211,0.9572433,0.020661488,0.022095228
id20362,0.045571707,0.020569062,0.9338592
id10769,0.04324135,0.02172149,0.93503714
id02037,0.23045425,0.32696202,0.44258377
id24338,0.9531442,0.021229858,0.025625955
id21154,0.020089632,0.95903724,0.020873154
id15815,0.021344308,0.020276166,0.95837957
id03643,0.020386677,0.021329796,0.95828354
id24266,0.019503983,0.9625363,0.017959759
id09707,0.79636455,0.029578894,0.17405649
id22786,0.9568822,0.019965839,0.023151966
id27783,0.18017015,0.46578002,0.35404986
id13684,0.022146676,0.020874532,0.9569788
id03721,0.93622005,0.02151156,0.04226838
id00139,0.3460956,0.11213971,0.54176474
id07113,0.9242733,0.022098655,0.053628057
id25748,0.9578317,0.021523621,0.020644719
id01901,0.06705654,0.048169237,0.8847742
id15688,0.81118834,0.16537698,0.023434721
id20660,0.6747421,0.039903656,0.28535426
id03335,0.9407357,0.02305821,0.03620607
id05947,0.8699972,0.11078008,0.019222718
id14528,0.95408595,0.024292123,0.021621933
id04437,0.9286332,0.04071583,0.030650964
id10804,0.021155618,0.960658,0.018186392
id17859,0.02372556,0.95927095,0.017003445
id01631,0.024888113,0.9543381,0.020773811
id10949,0.9237417,0.048610445,0.027647873
id02613,0.6341877,0.27756697,0.08824535
id21773,0.18015578,0.65504396,0.16480026
id08523,0.032489903,0.021823581,0.9456865
id08014,0.020005723,0.96268684,0.01730745
id08659,0.019459706,0.9629959,0.017544435
id17792,0.14052957,0.839869,0.0196014
id25612,0.024328444,0.032156613,0.94351494
id27792,0.12887004,0.75373715,0.117392756
id08889,0.94472873,0.020024024,0.035247274
id17156,0.949694,0.02456491,0.025741076
id04124,0.12019736,0.023158422,0.8566442
id05048,0.46697858,0.4875097,0.04551175
id18882,0.08107206,0.023790788,0.8951372
id03999,0.06819469,0.7527506,0.17905474
id04390,0.041669063,0.94038284,0.017948048
id06734,0.6303507,0.033911966,0.33573738
id12623,0.6605485,0.09523861,0.2442129
id10904,0.020206856,0.9620178,0.017775338
id23535,0.9526612,0.026902933,0.020435844
id08442,0.87287045,0.022101795,0.10502777
id25272,0.95307285,0.023758829,0.023168344
id15926,0.031871025,0.94365454,0.024474472
id07186,0.028562805,0.018580845,0.95285636
id20674,0.021990087,0.027496094,0.95051384
id13297,0.9295638,0.043840624,0.026595552
id08076,0.950065,0.024089584,0.02584542
id10493,0.05245669,0.022268228,0.9252751
id19450,0.95431423,0.019465145,0.026220653
id21746,0.31318688,0.65828514,0.02852797
id22034,0.020416114,0.020968888,0.958615
id05074,0.93312687,0.03605646,0.030816702
id07348,0.029004127,0.019966122,0.9510298
id01308,0.46457738,0.12418736,0.4112353
id06705,0.21298619,0.02996324,0.75705063
id21444,0.9477944,0.022214008,0.02999161
id12010,0.019534605,0.9614722,0.018993188
id19949,0.020109449,0.96124995,0.018640604
id01125,0.75287503,0.024829552,0.22229537
id20380,0.9313918,0.029029872,0.039578307
id04880,0.9065108,0.07197877,0.021510469
id10095,0.034051307,0.94496953,0.020979157
id01379,0.0346388,0.9477001,0.01766106
id11651,0.9549659,0.022874061,0.022160042
id24870,0.020704795,0.9617909,0.017504245
id11307,0.038487725,0.021571232,0.93994105
id00731,0.022379324,0.9601671,0.017453525
id18806,0.95258015,0.021936435,0.025483409
id16899,0.51036984,0.23283085,0.2567993
id12522,0.020164937,0.9611788,0.018656211
id20119,0.9564183,0.021344783,0.022236964
id26937,0.69601655,0.2719254,0.032058097
id27439,0.020544996,0.9598827,0.019572329
id27579,0.22553307,0.023855418,0.75061154
id13459,0.9595058,0.02085223,0.019641997
id11534,0.19650671,0.029159352,0.77433395
id19984,0.0195758,0.9620906,0.018333586
id06404,0.90360147,0.062299706,0.03409889
id23309,0.026298797,0.9535611,0.020140076
id19314,0.033172246,0.9473916,0.019436093
id13300,0.018284785,0.96314114,0.0185741
id09562,0.027581826,0.023680322,0.9487378
id08036,0.018809449,0.96255285,0.01863777
id03683,0.09616094,0.022583095,0.881256
id04784,0.9378844,0.025843613,0.036271937
id08715,0.021214915,0.020347804,0.95843726
id08479,0.9577242,0.022083264,0.02019251
id18360,0.95357364,0.020049408,0.026376968
id26170,0.021793088,0.9601899,0.018017074
id20424,0.874323,0.029958209,0.09571877
id10361,0.46121058,0.51077,0.028019402
id02335,0.03986513,0.41763932,0.5424956
id18664,0.024816435,0.020604093,0.9545795
id11480,0.14804767,0.022231344,0.829721
id13229,0.028367896,0.029678905,0.9419532
id19658,0.021304425,0.021413617,0.95728195
id01421,0.88078356,0.024886597,0.09432989
id26050,0.02270411,0.9600955,0.017200347
id27136,0.8326515,0.061756898,0.10559161
id14688,0.16339153,0.81219363,0.02441486
id24936,0.95549405,0.022180479,0.022325506
id09776,0.022019403,0.9599472,0.01803341
id14765,0.0484574,0.02168296,0.92985964
id06704,0.025618702,0.021584254,0.95279706
id06961,0.021210385,0.020823643,0.957966
id12725,0.08558963,0.89251107,0.021899253
id27875,0.091856346,0.04187385,0.86626977
id20750,0.025617832,0.020273546,0.9541086
id19081,0.08460072,0.021254007,0.8941453
id05773,0.022371996,0.020239294,0.9573887
id04241,0.071287476,0.020644538,0.908068
id24438,0.01919842,0.9615338,0.019267818
id09353,0.9561863,0.020875594,0.022938114
id19446,0.018397978,0.961946,0.019656
id20203,0.023073573,0.021177087,0.9557494
id07711,0.04807136,0.91287977,0.039048877
id15758,0.87033653,0.042365663,0.08729782
id17665,0.11425054,0.6860682,0.19968125
id14167,0.7462896,0.023134554,0.23057584
id00687,0.025995336,0.022145873,0.9518588
id00735,0.020823982,0.02021783,0.95895815
id26443,0.053778306,0.022393817,0.9238278
id15242,0.9498388,0.024235008,0.025926188
id13474,0.017998813,0.96495694,0.017044187
id04409,0.73299277,0.24105659,0.025950689
id19438,0.08040715,0.027314108,0.8922788
id04101,0.22889371,0.3437394,0.42736688
id26992,0.9481227,0.033093844,0.01878343
id14645,0.02568109,0.9580992,0.016219752
id26429,0.2942235,0.6284208,0.07735573
id05710,0.9311053,0.023227513,0.045667168
id07474,0.026455509,0.019521361,0.9540231
id21067,0.118538395,0.025121247,0.8563404
id20264,0.026409363,0.9565631,0.01702753
id04991,0.020942828,0.021522036,0.95753515
id07054,0.074717335,0.12032773,0.80495495
id14413,0.03436659,0.020779826,0.9448536
id21861,0.020342749,0.02059139,0.95906585
id12933,0.023547491,0.9591726,0.017279902
id08074,0.020789927,0.020741438,0.9584686
id03176,0.9124024,0.039719626,0.047877993
id15239,0.02148471,0.021790478,0.9567248
id05322,0.027886173,0.95363206,0.018481787
id25957,0.0201759,0.021143477,0.9586806
id22789,0.020863919,0.021167528,0.95796853
id03435,0.032087952,0.018784937,0.94912714
id06122,0.026576629,0.956303,0.017120387
id00869,0.9370918,0.026275823,0.036632407
id23400,0.019267539,0.9615053,0.019227136
id08127,0.95405596,0.022325572,0.023618458
id08856,0.06341978,0.020465942,0.9161143
id01919,0.024905361,0.021252368,0.9538423
id22051,0.8653463,0.034900792,0.09975287
id19791,0.9572325,0.021366108,0.02140143
id06679,0.020247307,0.02135841,0.9583942
id25385,0.019993965,0.96230173,0.017704293
id04313,0.020802397,0.020422835,0.95877475
id01389,0.028009454,0.9470247,0.02496583
id17264,0.05465495,0.92529154,0.020053517
id23062,0.9537171,0.025179991,0.021102905
id17008,0.023520894,0.9592232,0.01725588
id04746,0.13090692,0.84660923,0.02248383
id11487,0.02193088,0.95988715,0.018182017
id02111,0.78349197,0.03445406,0.18205398
id08911,0.7287061,0.05908086,0.21221301
id00845,0.32757133,0.027150834,0.64527786
id02409,0.8462227,0.02818974,0.12558758
id20141,0.020059086,0.9609976,0.018943321
id06353,0.9136416,0.040149406,0.046209086
id14766,0.022239037,0.9595249,0.01823606
id05294,0.019364677,0.955821,0.02481439
id12568,0.9564245,0.021119498,0.022456078
id27571,0.14172406,0.55384696,0.304429
id20377,0.9581347,0.020694632,0.02117069
id24340,0.9556408,0.024694001,0.019665191
id05355,0.179809,0.025222305,0.7949687
id01246,0.34109303,0.6295581,0.029348891
id17173,0.9467136,0.026024442,0.027261948
id16338,0.65845084,0.029218882,0.31233028
id14712,0.021983057,0.95969456,0.0183224
id10590,0.023414763,0.020898072,0.95568717
id13157,0.031679623,0.021479592,0.94684076
id23915,0.94086874,0.030228961,0.028902268
id05903,0.16762757,0.8045136,0.027858878
id03661,0.249205,0.0323264,0.7184686
id21177,0.95689076,0.020911183,0.022198062
id12025,0.019144198,0.9621847,0.018671077
id14031,0.78426355,0.1571218,0.058614634
id21299,0.022352796,0.020040518,0.9576067
id00758,0.0210825,0.022806732,0.9561108
id25034,0.7499678,0.037737243,0.2122949
id01407,0.9522379,0.020231124,0.027531018
id24205,0.019410318,0.961866,0.0187237
id22350,0.669756,0.30819887,0.022045199
id05983,0.020314228,0.020929242,0.95875657
id23821,0.20842111,0.28451708,0.5070618
id21960,0.020584455,0.022692656,0.9567229
id08108,0.86188203,0.0246594,0.11345861
id03232,0.024795452,0.020064868,0.9551397
id12956,0.022840545,0.02010394,0.9570555
id03217,0.019946044,0.9613802,0.018673789
id08955,0.020426273,0.9581133,0.021460455
id22567,0.17877127,0.023448369,0.79778033
id20367,0.9568186,0.02172633,0.02145508
id06319,0.72235864,0.23378377,0.04385758
id14239,0.9382464,0.031474233,0.030279309
id05013,0.942479,0.03457932,0.022941623
id26491,0.02275207,0.95946604,0.017781897
id23540,0.5843348,0.032013122,0.38365206
id25631,0.8034175,0.05042004,0.14616251
id01591,0.65759444,0.05792459,0.28448102
id01193,0.9546763,0.021644384,0.023679359
id24819,0.02106767,0.9604799,0.01845241
id08308,0.9464011,0.031953655,0.021645233
id27567,0.027922943,0.020358887,0.9517182
id12998,0.042271342,0.04987738,0.9078512
id08315,0.02034933,0.96186334,0.017787352
id16118,0.92056465,0.024270449,0.05516491
id27505,0.30858064,0.66858214,0.022837233
id08529,0.019183293,0.96097666,0.019840054
id20249,0.6329188,0.20163152,0.16544971
id24343,0.08825031,0.027985506,0.8837642
id03631,0.27270532,0.69312,0.034174673
id00349,0.027000805,0.9558347,0.017164513
id04969,0.020972896,0.9609701,0.018056978
id11856,0.9448833,0.022228269,0.032888487
id26020,0.741963,0.030500632,0.22753635
id07957,0.9516638,0.026599,0.021737218
id03899,0.95494634,0.021368617,0.023685083
id14650,0.9574393,0.021340797,0.02121995
id21807,0.6861069,0.22617656,0.08771654
id21685,0.9574999,0.021084944,0.02141509
id06655,0.88330007,0.08936951,0.02733048
id27764,0.9504009,0.02363193,0.02596715
id02847,0.051111653,0.9311564,0.01773199
id07271,0.34863234,0.025999416,0.62536824
id15978,0.9435679,0.02882179,0.027610388
id12075,0.2712214,0.041101415,0.6876772
id23611,0.9512374,0.019788759,0.028973848
id05191,0.946159,0.030148959,0.02369203
id04303,0.06961013,0.07331311,0.85707676
id12277,0.022143053,0.02180584,0.95605105
id15582,0.94500655,0.020037264,0.034956127
id02917,0.9430319,0.034684546,0.02228355
id25622,0.17631653,0.026896995,0.7967865
id16495,0.041141342,0.46215615,0.4967025
id17839,0.020805648,0.021399602,0.9577948
id20373,0.025494015,0.9426258,0.03188019
id25342,0.9475509,0.021336608,0.031112503
id13518,0.9444062,0.027262652,0.02833113
id19958,0.8657149,0.022749983,0.11153514
id00228,0.11896117,0.031970646,0.84906816
id00367,0.0414156,0.028923009,0.9296614
id16274,0.022453193,0.9601327,0.017414121
id27969,0.019048868,0.96187085,0.019080302
id18474,0.944147,0.03362966,0.022223359
id02892,0.01965494,0.9608946,0.019450523
id03838,0.020832488,0.95938283,0.019784715
id08960,0.030956466,0.95145357,0.017590005
id17320,0.08770847,0.023227006,0.8890645
id20922,0.020337913,0.020926183,0.9587359
id17364,0.054241903,0.080106035,0.8656521
id06523,0.9536396,0.023994446,0.022365969
id16232,0.053587504,0.92726076,0.019151807
id01886,0.019256184,0.96237975,0.018364057
id18234,0.09204327,0.888528,0.019428747
id26057,0.94973165,0.028777923,0.021490443
id09436,0.061843816,0.9185022,0.019654002
id09543,0.019462299,0.9613945,0.019143201
id15732,0.20555195,0.42050338,0.3739447
id22927,0.92041266,0.033804417,0.045782924
id26551,0.0199216,0.020763576,0.9593148
id11126,0.035509527,0.021930799,0.94255966
id02903,0.9511652,0.02520852,0.023626223
id24549,0.019971898,0.96152365,0.018504463
id01618,0.0601085,0.9215868,0.018304702
id22005,0.021852456,0.020484073,0.9576635
id02603,0.017671656,0.9548372,0.027491152
id22118,0.9518953,0.022343166,0.025761561
id24985,0.67974323,0.032587856,0.28766897
id19044,0.95707715,0.02224645,0.0206764
id03296,0.02005159,0.9629419,0.017006544
id17299,0.82981867,0.13709785,0.033083487
id08251,0.94230163,0.027774526,0.029923854
id05491,0.7124903,0.02537946,0.26213023
id17009,0.95487005,0.022043895,0.023086067
id07381,0.022148602,0.96074426,0.017107124
id07643,0.5969356,0.34572825,0.05733619
id24227,0.9561957,0.021079775,0.022724552
id04099,0.9069831,0.025775315,0.06724162
id11393,0.019521434,0.9618033,0.018675258
id19396,0.17426133,0.8056661,0.020072576
id15362,0.92535776,0.021496829,0.0531454
id00195,0.9535323,0.021618627,0.024849132
id02296,0.022956695,0.021500243,0.95554304
id27754,0.94251984,0.025553558,0.031926546
id16471,0.022336738,0.95999527,0.017668035
id15237,0.033175122,0.9437197,0.023105184
id10099,0.019049374,0.96227187,0.018678801
id21647,0.92508286,0.032185227,0.04273184
id13571,0.021421323,0.95610505,0.022473652
id15137,0.019175407,0.9631504,0.017674189
id10965,0.02283438,0.021404829,0.9557608
id24918,0.019635271,0.9608467,0.019518003
id01700,0.9257429,0.026651874,0.047605254
id03901,0.024834773,0.95839214,0.016773123
id24411,0.10973278,0.86965585,0.020611411
id02597,0.026038121,0.9555744,0.01838747
id07981,0.0235899,0.02020998,0.9562001
id07429,0.023845308,0.01948554,0.95666915
id13354,0.73102707,0.055657197,0.21331573
id25693,0.9266321,0.030113628,0.04325428
id11305,0.068363205,0.025105149,0.9065317
id26634,0.9581969,0.021095095,0.020708038
id09180,0.8847918,0.060256377,0.054951873
id19991,0.5070113,0.02870005,0.46428865
id05497,0.07386766,0.021987054,0.9041453
id08058,0.04502348,0.7350055,0.21997103
id06612,0.029126419,0.03171397,0.93915963
id22846,0.01920006,0.9608239,0.019976003
id09588,0.9530592,0.025069516,0.021871272
id10337,0.022896802,0.020842845,0.9562603
id05744,0.9559045,0.021203665,0.02289192
id19624,0.021797476,0.9609523,0.01725026
id00939,0.045665182,0.93263215,0.021702625
id24424,0.023984851,0.026423765,0.9495914
id14406,0.049207453,0.019999024,0.9307935
id08961,0.020725166,0.020641936,0.9586329
id27004,0.28374478,0.026826033,0.68942916
id24072,0.45121536,0.5042553,0.044529285
id23738,0.020992305,0.9599759,0.019031812
id13676,0.03477888,0.03365174,0.9315694
id19636,0.036189176,0.021370236,0.9424406
id09466,0.9265505,0.03799826,0.035451204
id04434,0.01839552,0.96277285,0.018831622
id24016,0.9223899,0.05658969,0.021020431
id09168,0.046859436,0.019039834,0.93410075
id24262,0.9541312,0.022607675,0.023261113
id01441,0.94068754,0.024586458,0.03472603
id20170,0.25494787,0.034515858,0.71053624
id02342,0.9489703,0.026745606,0.02428407
id23334,0.044136435,0.93723947,0.018624077
id09262,0.9521439,0.019927172,0.027928924
id17822,0.921147,0.031372696,0.047480337
id14466,0.0210798,0.96093965,0.017980572
id14319,0.5574976,0.063005894,0.37949646
id02387,0.9467482,0.022292592,0.030959202
id13617,0.9222952,0.030650582,0.04705427
id08025,0.94610995,0.024192078,0.029697994
id23364,0.12140979,0.8546354,0.023954805
id01438,0.9167652,0.02578947,0.05744528
id05288,0.03217943,0.9511173,0.01670333
id24441,0.5334609,0.19504128,0.27149782
id18048,0.026896039,0.020366352,0.9527376
id27822,0.019361382,0.96067184,0.019966805
id23906,0.94370896,0.026175044,0.030116042
id07059,0.020697754,0.020972826,0.95832944
id08357,0.8462128,0.028866714,0.124920495
id13619,0.020494714,0.020854592,0.9586507
id27086,0.019016651,0.96224,0.018743424
id03789,0.9473349,0.023588222,0.029076893
id00177,0.024474362,0.020300291,0.95522535
id01552,0.3657482,0.028577518,0.6056743
id03027,0.023860505,0.95936126,0.016778264
id15841,0.020770703,0.96192193,0.01730729
id27214,0.030229714,0.94881815,0.020952156
id14095,0.9153786,0.055995274,0.02862612
id08434,0.019905,0.96095,0.019145014
id05532,0.043227706,0.020336201,0.9364361
id06247,0.018856704,0.9624106,0.018732646
id09916,0.22952811,0.72096866,0.04950325
id18651,0.9570915,0.021268073,0.021640437
id26324,0.08551402,0.13774702,0.776739
id27363,0.035223283,0.020195868,0.94458085
id02302,0.02825313,0.018895037,0.9528518
id12845,0.5105988,0.33276647,0.15663478
id20294,0.02388193,0.020105856,0.95601225
id04233,0.044251718,0.025262287,0.930486
id20000,0.020599147,0.96040297,0.01899788
id02527,0.021068184,0.02144865,0.9574832
id26763,0.019034417,0.961759,0.01920656
id15763,0.019029383,0.96234673,0.018623898
id10374,0.94777435,0.02834886,0.023876805
id00901,0.019717209,0.96124136,0.019041432
id22161,0.8237175,0.12967268,0.0466099
id15200,0.95817184,0.0200635,0.02176469
id15430,0.037139162,0.06518909,0.89767176
id27468,0.035487097,0.022263078,0.94224983
id02378,0.025466565,0.019829439,0.954704
id23250,0.95439285,0.022513758,0.023093417
id18374,0.02192456,0.020453466,0.957622
id01146,0.099019445,0.86938155,0.031599008
id24617,0.9527905,0.023270575,0.023938932
id01754,0.01921246,0.96298057,0.017806942
id11383,0.040871948,0.021267388,0.93786067
id24713,0.023655102,0.9586433,0.017701508
id26161,0.7497362,0.06895713,0.18130669
id12466,0.91954595,0.03184267,0.048611432
id17409,0.7508182,0.024730857,0.22445098
id04066,0.92024946,0.05819136,0.021559212
id16890,0.019357953,0.96175176,0.018890312
id03358,0.9546156,0.024079397,0.021305047
id19133,0.9551975,0.019650659,0.02515184
id07358,0.022756072,0.95355046,0.023693483
id27773,0.020275967,0.96098626,0.018737763
id10699,0.020595089,0.9585765,0.020828404
id08693,0.95558804,0.022591604,0.02182038
id11944,0.022520088,0.9561166,0.021363324
id02240,0.068064615,0.9124225,0.019512866
id23124,0.25927868,0.03545987,0.70526147
id05465,0.25785792,0.030658865,0.7114832
id15540,0.022412732,0.9602754,0.017311849
id16715,0.020255798,0.02162253,0.95812166
id12563,0.02050722,0.020567754,0.95892507
id00583,0.025574844,0.909008,0.065417156
id27730,0.037590772,0.027236788,0.93517244
id00896,0.023450691,0.01945404,0.9570953
id15031,0.9447366,0.03228532,0.022978108
id23271,0.025983544,0.7504885,0.223528
id17004,0.02354765,0.022205591,0.9542467
id10247,0.019771151,0.021484388,0.95874447
id12055,0.9316848,0.031612575,0.036702678
id22719,0.91141164,0.03498501,0.053603362
id06891,0.01998016,0.9602423,0.019777643
id27281,0.9509773,0.022506371,0.026516289
id23104,0.93262184,0.021044675,0.04633347
id14491,0.020585055,0.96049356,0.018921318
id24292,0.135535,0.8349554,0.029509624
id15777,0.040437996,0.02112593,0.93843603
id22522,0.0187254,0.02238428,0.9588903
id25136,0.019164845,0.96208304,0.018752111
id17735,0.09314786,0.88821155,0.018640595
id18869,0.09704022,0.87338036,0.02957939
id20815,0.02171604,0.9605172,0.017766748
id15238,0.86943907,0.033645287,0.0969157
id24454,0.02152991,0.020804541,0.95766556
id14402,0.021454053,0.020753754,0.9577922
id10985,0.94516265,0.02332567,0.031511653
id12747,0.9559495,0.020766823,0.023283742
id11581,0.1771586,0.69566655,0.12717484
id07594,0.9484068,0.020322721,0.031270467
id08240,0.9373867,0.037097733,0.025515575
id12773,0.047503434,0.916057,0.036439583
id12838,0.6168243,0.068255186,0.31492049
id23322,0.019330252,0.9613146,0.019355135
id22344,0.9522592,0.023004469,0.02473638
id12881,0.82616127,0.12640327,0.047435462
id20147,0.018925916,0.022100266,0.9589738
id13261,0.12722288,0.8524839,0.020293202
id01842,0.019859308,0.020655867,0.9594849
id25884,0.9580638,0.021342508,0.020593714
id01643,0.40160185,0.050729237,0.5476689
id26737,0.020417804,0.9611883,0.018393878
id10558,0.26071054,0.1949426,0.5443469
id20458,0.019468015,0.021363871,0.95916814
id23965,0.07401415,0.26003495,0.66595095
id26758,0.8753123,0.025021682,0.09966604
id27519,0.6175266,0.03283224,0.34964117
id20676,0.37029922,0.5889207,0.040780142
id10536,0.9492169,0.023534207,0.02724893
id12652,0.9560439,0.018855192,0.025100896
id00041,0.02221523,0.020833168,0.9569516
id16051,0.28915787,0.5926678,0.1181744
id02396,0.019799665,0.020963954,0.9592363
id00294,0.022158045,0.023276815,0.95456517
id07695,0.93494934,0.023843024,0.041207626
id12440,0.034960143,0.9432,0.021839846
id18373,0.5920172,0.38363722,0.02434563
id16812,0.021587199,0.9601624,0.018250426
id20901,0.019748207,0.9602531,0.019998685
id12076,0.0229321,0.02083814,0.9562298
id19184,0.9519186,0.021327222,0.026754234
id08937,0.021525854,0.96043193,0.0180422
id08181,0.1317089,0.8085492,0.059741832
id10111,0.9495395,0.030733194,0.019727329
id24104,0.040808327,0.9393975,0.019794153
id24837,0.032246422,0.94934696,0.018406613
id15659,0.07600025,0.027836481,0.8961633
id14673,0.8988627,0.059369233,0.041768104
id22539,0.020908842,0.019918565,0.9591726
id22413,0.77539194,0.19309765,0.0315103
id19433,0.19310361,0.37847984,0.42841655
id11633,0.019730156,0.022110742,0.9581591
id04727,0.026285479,0.020791704,0.9529228
id26735,0.028542072,0.93954676,0.031911116
id17167,0.019584129,0.96157855,0.018837342
id04188,0.63344073,0.21820629,0.14835295
id07861,0.03369058,0.9485704,0.017739091
id05163,0.7543455,0.022568721,0.22308579
id14142,0.20109499,0.7046224,0.09428263
id16011,0.6694094,0.030943638,0.29964694
id24117,0.0207103,0.96031934,0.018970367
id06439,0.026700424,0.019411417,0.9538882
id06481,0.020020025,0.021568943,0.95841104
id10069,0.8453463,0.028615076,0.12603864
id11204,0.034279417,0.019861387,0.94585913
id15541,0.021479312,0.021425437,0.95709527
id11872,0.020839613,0.9579026,0.021257734
id21639,0.025086543,0.9270962,0.04781732
id19801,0.020415884,0.0225984,0.9569858
id15798,0.8208265,0.08243532,0.09673824
id18282,0.019528702,0.022273041,0.95819825
id27107,0.029914325,0.02338615,0.9466995
id23052,0.9556647,0.02188188,0.02245337
id19129,0.01875955,0.9623903,0.01885013
id08088,0.05209942,0.9287379,0.019162716
id26398,0.9519067,0.022817643,0.02527572
id06010,0.6077087,0.028562684,0.3637286
id24813,0.95711744,0.02124053,0.02164206
id27399,0.026337583,0.019588668,0.9540737
id15776,0.91551805,0.02512428,0.05935773
id25955,0.019385716,0.02167866,0.9589356
id19866,0.04230232,0.9364618,0.021235857
id00804,0.019933313,0.0205757,0.95949095
id03140,0.95493555,0.022325993,0.022738453
id21261,0.89183694,0.039249033,0.06891406
id11754,0.95596254,0.025711372,0.018326126
id07880,0.943653,0.032970913,0.023376128
id25080,0.03253556,0.51827234,0.44919214
id09317,0.92700654,0.044471316,0.028522175
id15488,0.63085496,0.34603623,0.02310882
id19606,0.9282653,0.022648465,0.04908629
id14247,0.023200503,0.019950962,0.95684856
id21692,0.024176288,0.95706403,0.018759679
id24843,0.9110324,0.044019513,0.04494807
id11433,0.8563703,0.032293815,0.111335956
id04705,0.019551357,0.9607745,0.019674212
id04583,0.019306617,0.96284217,0.017851252
id21401,0.24019699,0.0229228,0.7368802
id20649,0.9431796,0.02576499,0.031055424
id02631,0.118688025,0.86135244,0.019959517
id19128,0.027835319,0.9528457,0.019319028
id27401,0.2590634,0.71924984,0.021686813
id10015,0.9370509,0.025867468,0.037081685
id09875,0.20988886,0.76347077,0.026640382
id07941,0.9571082,0.020762654,0.022129098
id00882,0.92846996,0.03724037,0.034289632
id14143,0.9507933,0.021754526,0.027452152
id02713,0.020960564,0.021516979,0.9575225
id16462,0.51549745,0.30588913,0.17861342
id08522,0.9429533,0.022355674,0.034691088
id07181,0.021806918,0.9600421,0.01815103
id20918,0.018991657,0.022123413,0.9588849
id06178,0.022597019,0.023320101,0.9540829
id08857,0.01887791,0.96331346,0.017808566
id23193,0.94975275,0.019567791,0.030679455
id19651,0.9565219,0.02062388,0.022854235
id09135,0.031203896,0.01980758,0.94898856
id16416,0.020472346,0.96138304,0.018144626
id03990,0.94927627,0.021725671,0.02899811
id09922,0.021214422,0.02059498,0.9581906
id17688,0.15970907,0.21063551,0.6296554
id05846,0.91355836,0.042982627,0.043458942
id22599,0.019846397,0.9607266,0.019427001
id15087,0.8000118,0.17251822,0.027469981
id14711,0.0207179,0.02179541,0.95748675
id09969,0.021157214,0.96051466,0.018328136
id21377,0.022435324,0.019680705,0.957884
id25247,0.047712155,0.8807403,0.07154763
id23590,0.022817561,0.9594911,0.017691368
id21390,0.059240878,0.032924302,0.9078348
id21176,0.037034765,0.9444515,0.018513799
id27310,0.7422942,0.025334707,0.23237112
id03802,0.030903246,0.020063294,0.94903344
id19012,0.94895124,0.021980235,0.02906858
id02414,0.023301413,0.019494116,0.95720446
id21814,0.048499122,0.022939522,0.9285614
id00247,0.952731,0.02110058,0.026168447
id24584,0.9589743,0.021138487,0.019887228
id01109,0.029377453,0.02090812,0.9497144
id07953,0.80544937,0.02303581,0.17151482
id02030,0.76801294,0.065023996,0.1669631
id23912,0.12048844,0.02276744,0.85674417
id13856,0.54758537,0.030853257,0.42156133
id18661,0.023701528,0.9581137,0.018184764
id16595,0.02280574,0.021569438,0.9556248
id11387,0.03132388,0.022589747,0.9460864
id12489,0.023666602,0.021247545,0.9550859
id26079,0.95600367,0.021043833,0.022952551
id05553,0.24458683,0.7217824,0.033630807
id09596,0.953203,0.025928196,0.020868778
id23663,0.02000564,0.9607714,0.019223008
id25726,0.19120605,0.035373457,0.7734205
id18105,0.465133,0.025975976,0.50889105
id23249,0.5701757,0.35861033,0.0712139
id19756,0.029991578,0.020711025,0.9492974
id23981,0.0196917,0.9614177,0.018890616
id11521,0.021806613,0.019742105,0.9584513
id17449,0.022055062,0.020614682,0.9573303
id15479,0.94876385,0.026305709,0.024930477
id13555,0.019438881,0.022908352,0.95765275
id01520,0.15140113,0.025026882,0.823572
id03093,0.08940856,0.04808746,0.862504
id09992,0.52488804,0.44313225,0.031979624
id06668,0.10340474,0.59529936,0.30129594
id19568,0.20136634,0.6670393,0.1315944
id17963,0.6749953,0.071256764,0.253748
id04142,0.9369629,0.028705364,0.034331713
id24508,0.029398981,0.019102637,0.9514984
id10791,0.48312074,0.035148866,0.48173037
id01228,0.04442535,0.025216412,0.93035823
id24879,0.4182394,0.035218205,0.54654235
id19795,0.082485266,0.028105242,0.8894095
id02488,0.03051633,0.02151778,0.9479659
id10204,0.8877598,0.052669086,0.059571147
id20878,0.4072158,0.5532038,0.039580416
id10163,0.027956564,0.022683885,0.9493596
id26439,0.05733456,0.020322323,0.92234313
id06268,0.9551298,0.022763822,0.022106323
id05530,0.02005883,0.02020507,0.9597361
id15914,0.018461185,0.96385276,0.017686062
id21656,0.019199518,0.96295565,0.017844813
id16473,0.072747715,0.9001459,0.027106406
id11262,0.01950516,0.021141643,0.95935315
id15332,0.01898646,0.021093512,0.95992005
id01765,0.019366456,0.02154832,0.9590852
id12527,0.9322146,0.02398456,0.043800805
id16877,0.021342102,0.02077901,0.9578789
id19105,0.025841484,0.9524763,0.021682236
id19533,0.92382556,0.020581776,0.055592667
id27557,0.020718846,0.9605875,0.018693577
id19487,0.020650383,0.01999418,0.9593555
id25958,0.021886708,0.020103054,0.9580102
id22331,0.94189006,0.02277326,0.035336655
id13674,0.9235796,0.047973946,0.028446525
id04688,0.95448285,0.022234323,0.023282874
id25663,0.019419506,0.02130141,0.95927906
id00344,0.021105452,0.9611814,0.017713143
id11323,0.95671946,0.021707123,0.021573437
id18670,0.26104337,0.714876,0.02408067
id23811,0.9147248,0.023402363,0.061872847
id27702,0.90035295,0.075475045,0.024172021
id09979,0.82205856,0.02812106,0.14982042
id25040,0.019695414,0.9601545,0.020150116
id00083,0.6473266,0.32781616,0.024857283
id19751,0.9550144,0.022473596,0.022512041
id19385,0.019484945,0.02161056,0.95890445
id22498,0.92946184,0.029550446,0.04098775
id20381,0.95360744,0.022558508,0.023834076
id00428,0.021912333,0.020641912,0.95744574
id26942,0.019445509,0.9629944,0.017560132
id10242,0.8574692,0.034634043,0.107896805
id08136,0.019592723,0.022554222,0.957853
id00055,0.02169252,0.021285163,0.95702237
id15243,0.031101309,0.023555385,0.94534326
id13954,0.95172787,0.027182886,0.021089282
id26797,0.95487654,0.02076422,0.024359202
id11384,0.025303265,0.9550023,0.019694481
id07965,0.05739432,0.03387844,0.9087273
id19311,0.08569786,0.020829165,0.89347297
id08841,0.038533017,0.9444983,0.016968621
id14884,0.8869969,0.03914938,0.07385368
id10859,0.9516839,0.019983254,0.028332917
id10460,0.28017306,0.6935487,0.026278293
id25236,0.92881984,0.031369127,0.039810963
id19325,0.024598392,0.9576854,0.017716259
id03265,0.01930963,0.9625673,0.018123062
id08636,0.019506523,0.96310604,0.01738748
id11848,0.01978517,0.96183395,0.018380936
id20945,0.6593056,0.030221831,0.31047264
id04971,0.95249087,0.023321679,0.02418739
id08496,0.9573817,0.022341067,0.020277206
id23091,0.02538506,0.020563422,0.9540515
id06654,0.029445719,0.92318135,0.047372937
id10002,0.9318067,0.020516071,0.047677267
id16426,0.33368507,0.05164229,0.61467266
id12285,0.022367973,0.95973647,0.017895553
id18466,0.9479074,0.021396525,0.030696085
id27110,0.94306743,0.022431526,0.034501057
id07502,0.92620814,0.04642894,0.027362958
id02890,0.035127714,0.92369175,0.041180536
id19800,0.02296018,0.9597793,0.017260456
id19162,0.7443304,0.02933369,0.22633585
id23696,0.95636624,0.022744574,0.020889165
id25580,0.9463708,0.024043279,0.029585904
id09671,0.020039598,0.9605815,0.019378845
id21501,0.020398924,0.9605567,0.019044427
id23983,0.027907493,0.019257085,0.95283544
id15163,0.25745887,0.69384587,0.04869529
id03351,0.02056525,0.9601773,0.019257415
id07575,0.036111925,0.9458533,0.01803471
id12149,0.27982506,0.668181,0.051993992
id10262,0.021511853,0.9599447,0.018543448
id20055,0.021807052,0.96050817,0.017684799
id16660,0.951038,0.019420061,0.02954188
id03200,0.12232648,0.84329987,0.034373693
id19508,0.053983223,0.022208296,0.92380846
id03793,0.020174427,0.9617853,0.01804021
id19882,0.0791977,0.42245468,0.4983476
id16261,0.95522225,0.02121035,0.023567386
id22519,0.019036282,0.022864725,0.958099
id24023,0.024537755,0.95783424,0.017628042
id04432,0.5858201,0.12633997,0.28783995
id06228,0.9549144,0.023472322,0.021613326
id20655,0.9368531,0.024299463,0.038847502
id10603,0.02233988,0.9589997,0.018660447
id05162,0.9226329,0.027985033,0.04938204
id18462,0.023950817,0.20640811,0.7696411
id10034,0.019028027,0.96299535,0.017976651
id20090,0.019983713,0.021203574,0.9588127
id10966,0.08935988,0.022145722,0.88849443
id10696,0.01930273,0.9618846,0.018812679
id01326,0.12664244,0.07775244,0.7956052
id03613,0.7335113,0.2443775,0.022111196
id01794,0.9489122,0.027313344,0.023774466
id26181,0.02017595,0.021943033,0.95788103
id27587,0.9580824,0.020574993,0.02134267
id08364,0.95665044,0.021490447,0.021859083
id24179,0.9307922,0.037140712,0.032067075
id02284,0.93328255,0.03879292,0.027924508
id10671,0.95525265,0.022599498,0.022147885
id08252,0.052121814,0.926238,0.021640187
id15951,0.7001504,0.03598503,0.26386458
id21864,0.027320096,0.020809457,0.95187044
id04453,0.0203066,0.96170217,0.017991284
id12771,0.05827596,0.035002053,0.90672195
id09751,0.854165,0.068315804,0.0775192
id10572,0.91196966,0.04511158,0.04291869
id13036,0.019996392,0.022453146,0.95755047
id00112,0.05914213,0.053243227,0.8876146
id13299,0.018826839,0.027687106,0.9534861
id00858,0.02770288,0.026959796,0.9453373
id08297,0.020341216,0.96192336,0.017735424
id11005,0.0230998,0.019949097,0.95695114
id25101,0.01943714,0.9619241,0.018638773
id26150,0.955554,0.02152704,0.02291897
id13836,0.93070424,0.020827224,0.048468553
id07352,0.028172696,0.94030476,0.031522624
id08883,0.53558636,0.04237346,0.42204016
id09328,0.11344433,0.85734224,0.02921337
id03934,0.025808133,0.07759235,0.8965995
id14064,0.021113157,0.9611977,0.017689183
id06643,0.1269952,0.023311915,0.8496928
id21558,0.9291122,0.02115697,0.049730863
id17053,0.16091669,0.021863027,0.81722033
id06434,0.040151995,0.023918675,0.9359293
id16616,0.025087934,0.020974627,0.9539374
id03306,0.022453891,0.019257484,0.9582886
id07375,0.018190002,0.957351,0.02445897
id07934,0.026033271,0.019768525,0.95419824
id02202,0.6645251,0.028853482,0.3066215
id03667,0.85377324,0.02455993,0.121666834
id27531,0.89472663,0.06314957,0.042123772
id00608,0.019089645,0.9626608,0.01824957
id18141,0.62548167,0.029681578,0.34483677
id00008,0.95566833,0.02117994,0.023151781
id08845,0.87837785,0.0379109,0.08371128
id16610,0.9556478,0.02152585,0.022826329
id07464,0.023252903,0.020456115,0.956291
id02189,0.9526356,0.021040987,0.026323447
id17456,0.025015455,0.019563606,0.955421
id09421,0.03421794,0.039756976,0.9260251
id12813,0.026364168,0.024130657,0.9495052
id23428,0.046814818,0.021710679,0.9314745
id01358,0.9499668,0.02855251,0.021480646
id02737,0.023825405,0.9561574,0.020017218
id27430,0.023916265,0.021232229,0.9548515
id12857,0.022508772,0.9601508,0.017340368
id01905,0.04163916,0.019459343,0.9389015
id18314,0.9530017,0.020350002,0.026648324
id02216,0.9383,0.026015684,0.035684276
id04034,0.018999415,0.9625664,0.0184342
id11461,0.01992939,0.96143675,0.018633809
id09397,0.14984265,0.12780665,0.7223507
id25870,0.01889461,0.9631834,0.017922005
id11653,0.5557563,0.027857255,0.41638651
id10046,0.85366106,0.028789867,0.11754911
id27294,0.9458989,0.03521654,0.018884555
id09975,0.9576007,0.02057134,0.021827962
id09133,0.01946904,0.021794626,0.9587363
id08410,0.94902945,0.021619733,0.029350877
id19062,0.141149,0.67834663,0.18050441
id26530,0.019983243,0.02064218,0.9593746
id09772,0.9540324,0.02466018,0.02130742
id10360,0.9421025,0.023728518,0.034168903
id12530,0.019140579,0.9619603,0.018899063
id06013,0.026375236,0.02203734,0.95158744
id10525,0.9403582,0.0220101,0.0376317
id25934,0.01897433,0.96203077,0.01899492
id10624,0.94308746,0.035608932,0.021303581
id16000,0.020001546,0.02227469,0.95772374
id01995,0.95008606,0.021986343,0.027927604
id26809,0.024785686,0.01822488,0.95698947
id06631,0.020893024,0.960651,0.018456012
id23869,0.019630782,0.02281305,0.9575562
id06357,0.08536342,0.8947267,0.019909928
id02926,0.01873396,0.020620313,0.96064574
id14130,0.95719606,0.021200376,0.021603595
id12672,0.020635447,0.9606163,0.018748268
id21593,0.9396922,0.022699649,0.037608128
id06089,0.019955667,0.9604016,0.019642664
id09878,0.021940518,0.02147035,0.9565891
id06940,0.022162706,0.96046567,0.017371655
id11312,0.020852678,0.9616207,0.01752662
id25039,0.025763888,0.01963829,0.95459783
id25401,0.47655377,0.39485598,0.12859021
id21772,0.03503919,0.28540206,0.67955875
id22915,0.019705635,0.9606037,0.019690644
id01096,0.029320925,0.95396566,0.016713385
id15071,0.020543495,0.96221304,0.017243426
id01062,0.027997555,0.019407177,0.95259523
id09059,0.01908056,0.96274585,0.018173557
id16954,0.8082756,0.030893663,0.16083075
id11730,0.9532959,0.020303706,0.026400339
id26294,0.032371145,0.020345056,0.94728374
id00940,0.024896469,0.9568024,0.018301113
id08422,0.9318512,0.040601425,0.02754734
id14612,0.029198598,0.020123284,0.95067817
id11545,0.8984421,0.0485892,0.052968718
id24921,0.3571356,0.028066268,0.6147981
id18942,0.93786603,0.025198245,0.036935724
id23652,0.11905139,0.08995112,0.7909975
id07261,0.94900304,0.021209177,0.029787803
id11791,0.9374618,0.023621282,0.03891694
id07207,0.34576684,0.024344888,0.6298883
id19774,0.9572612,0.0220319,0.020706948
id06049,0.85310346,0.11002755,0.03686902
id13983,0.4100588,0.027194748,0.56274647
id27463,0.025820784,0.022010243,0.952169
id09046,0.019009527,0.022589907,0.95840055
id25994,0.35246083,0.6265031,0.021036055
id02689,0.02038473,0.9623731,0.017242227
id14829,0.02396183,0.9588043,0.017233891
id20759,0.023756022,0.019965235,0.9562788
id27848,0.9309696,0.027799185,0.041231245
id08225,0.023728842,0.01983929,0.95643187
id17637,0.026939264,0.020983506,0.9520772
id15355,0.92942834,0.024437517,0.046134062
id13448,0.06389405,0.020424131,0.91568184
id01981,0.032807358,0.56218874,0.40500388
id09107,0.7650025,0.03453217,0.20046537
id20630,0.9254698,0.021776153,0.052754067
id10726,0.9559375,0.024497356,0.019565191
id03636,0.021071123,0.022702422,0.95622647
id01736,0.921078,0.055570938,0.02335104
id23828,0.95653313,0.021995455,0.021471392
id27861,0.327573,0.42373434,0.24869268
id14983,0.8918487,0.02626721,0.08188413
id04726,0.46347627,0.08361202,0.4529117
id03313,0.590234,0.025986467,0.3837796
id21981,0.032859758,0.78483856,0.18230169
id20082,0.771982,0.103302926,0.12471511
id03502,0.9444501,0.023323234,0.03222663
id04804,0.9312085,0.027400808,0.041390743
id20635,0.17342936,0.028487187,0.7980834
id09564,0.42643166,0.03659839,0.53696996
id01354,0.02952211,0.95346576,0.017012125
id09441,0.020270985,0.021257242,0.9584718
id07175,0.06248944,0.9196547,0.01785583
id15544,0.28831705,0.36962032,0.34206265
id25935,0.81385803,0.13532926,0.05081274
id19230,0.021897782,0.9610235,0.017078692
id00718,0.054650087,0.022175265,0.9231747
id00274,0.94873637,0.030366102,0.020897515
id16546,0.02531212,0.95596325,0.018724624
id02136,0.020101873,0.96012306,0.019775124
id19618,0.13916208,0.83009374,0.030744204
id00503,0.02131699,0.02075166,0.95793134
id11300,0.019561822,0.96273804,0.017700113
id21526,0.037227616,0.9459782,0.016794087
id07300,0.02083968,0.9613024,0.017857956
id18782,0.021926463,0.9591727,0.018900793
id01883,0.023258982,0.9600545,0.016686488
id25235,0.9410188,0.03077687,0.02820433
id03747,0.024747385,0.02080989,0.9544427
id07155,0.8835189,0.02997448,0.08650665
id00565,0.9576357,0.020620355,0.021743935
id11232,0.9580284,0.020557104,0.0214145
id00722,0.021863732,0.020890433,0.9572458
id19963,0.022103874,0.019638155,0.958258
id16866,0.9490122,0.019175246,0.03181256
id17280,0.2720812,0.6589749,0.06894389
id04309,0.9480058,0.031723898,0.020270325
id23317,0.018703755,0.96213895,0.019157326
id25757,0.019063087,0.961475,0.019461913
id17088,0.03266453,0.020146456,0.94718903
id19779,0.02065753,0.020907246,0.95843524
id26845,0.019905228,0.95994264,0.0201522
id01923,0.85295963,0.09992135,0.047119007
id09394,0.025689311,0.921798,0.05251273
id25978,0.30840462,0.04684198,0.6447534
id03898,0.6359581,0.3387966,0.025245382
id11967,0.03059621,0.019518698,0.94988513
id14964,0.70838153,0.022535482,0.26908296
id06337,0.02157522,0.020249091,0.95817566
id26501,0.022859363,0.020181626,0.956959
id20513,0.9530237,0.023692567,0.02328376
id05044,0.9535121,0.02190423,0.024583729
id07951,0.021954332,0.02093489,0.95711076
id14796,0.5706782,0.22158287,0.20773897
id09780,0.02999419,0.019608606,0.9503972
id13597,0.9570236,0.02191244,0.021063922
id26413,0.9574698,0.021517163,0.021013027
id14007,0.019088462,0.9636016,0.01730995
id01799,0.3632895,0.033745073,0.6029654
id24712,0.021359129,0.039109416,0.93953145
id13156,0.15076837,0.17606503,0.67316663
id25468,0.019880425,0.021454562,0.958665
id25877,0.53856957,0.044041425,0.417389
id22485,0.019801542,0.9606174,0.019581065
id09229,0.052878816,0.061821558,0.8852997
id25687,0.15856184,0.03259252,0.8088457
id12266,0.020253086,0.029810995,0.9499359
id19723,0.9554237,0.022504007,0.02207223
id03536,0.9568486,0.020502081,0.022649232
id24370,0.019044546,0.96359754,0.017357975
id10745,0.020066092,0.9615397,0.01839426
id17620,0.9077294,0.028872354,0.06339826
id16290,0.01962516,0.9625718,0.017803028
id04325,0.4360102,0.027860295,0.5361295
id23332,0.04078401,0.020090867,0.9391252
id15082,0.019452903,0.9632664,0.017280698
id21581,0.03176275,0.02019265,0.9480446
id17460,0.9583202,0.020874074,0.020805737
id17003,0.9499798,0.024799127,0.025221128
id15193,0.019425375,0.96159273,0.018981868
id08389,0.12067859,0.026146537,0.85317487
id19831,0.019447187,0.021149078,0.95940375
id25627,0.020919262,0.023104003,0.9559767
id14051,0.022870824,0.020099744,0.95702946
id00942,0.9465413,0.022725824,0.03073287
id09184,0.018625064,0.9602026,0.021172352
id21762,0.95698625,0.023821067,0.01919271
id07390,0.8251818,0.1448148,0.030003423
id25785,0.020996349,0.96043885,0.018564828
id17567,0.02144732,0.9610661,0.017486574
id13118,0.019435301,0.9607121,0.019852672
id17508,0.021007756,0.021748602,0.9572436
id21192,0.05861389,0.020938184,0.92044795
id27884,0.03864277,0.022286398,0.9390709
id08686,0.018822541,0.9630127,0.018164743
id01360,0.9466831,0.031788882,0.021527994
id13689,0.030058142,0.91477615,0.055165727
id01772,0.08720914,0.14552572,0.76726514
id17507,0.019197622,0.96190435,0.01889805
id17644,0.9391239,0.023073558,0.03780254
id00494,0.95467234,0.02339972,0.021927945
id09881,0.055151273,0.92568624,0.019162504
id02306,0.8860966,0.027814344,0.08608909
id06761,0.8207354,0.15523069,0.02403398
id15045,0.07969631,0.12699606,0.79330766
id05992,0.02348892,0.019063143,0.95744795
id18245,0.67334396,0.026569348,0.30008668
id01047,0.94218016,0.025904208,0.03191569
id23601,0.022260055,0.020239662,0.9575003
id13140,0.89245284,0.023949819,0.08359735
id05280,0.01830204,0.96341234,0.018285612
id03728,0.030673483,0.03322547,0.9361011
id15626,0.41358376,0.062306464,0.5241098
id03086,0.019110976,0.022370825,0.9585182
id27898,0.075202115,0.7932378,0.1315601
id05891,0.94843423,0.021278016,0.030287746
id02214,0.021001106,0.021226387,0.9577725
id17274,0.93732226,0.019574014,0.043103777
id09359,0.95764565,0.020497141,0.021857213
id03320,0.94541323,0.022587439,0.031999342
id26061,0.9400223,0.020730656,0.03924704
id02869,0.957458,0.020522892,0.022019094
id21891,0.018994238,0.9619787,0.019027112
id06182,0.021872992,0.9599126,0.018214434
id13429,0.019470522,0.96188205,0.018647432
id15943,0.021691835,0.022811841,0.9554963
id13008,0.019715762,0.9629274,0.01735684
id08587,0.8672271,0.025581507,0.10719147
id03346,0.95344096,0.023699442,0.022859562
id02052,0.021514209,0.021229537,0.95725626
id00916,0.24687366,0.71951485,0.033611514
id11093,0.66187656,0.040535253,0.29758817
id15190,0.9560682,0.021572089,0.02235964
id23076,0.4480413,0.095036365,0.45692238
id25738,0.09592205,0.8742121,0.029865876
id21546,0.019990712,0.02138031,0.95862895
id17764,0.95695573,0.02081624,0.022228038
id11990,0.941356,0.025990695,0.032653343
id21050,0.92044973,0.03856751,0.04098268
id18324,0.2685061,0.03264075,0.69885314
id20690,0.5726558,0.026366958,0.40097728
id19799,0.02138818,0.020148193,0.95846367
id12658,0.9522082,0.028934488,0.01885733
id03781,0.027828665,0.018713774,0.95345753
id04870,0.021690657,0.96031564,0.017993718
id20596,0.09864797,0.8771718,0.024180204
id26849,0.9566822,0.020763861,0.022553906
id00600,0.019755851,0.9622355,0.01800868
id11902,0.9540464,0.023746673,0.022206903
id19219,0.9431402,0.022105617,0.034754142
id14788,0.020041218,0.9623016,0.017657148
id22482,0.020250458,0.9614092,0.018340398
id15378,0.019858899,0.960829,0.019312082
id14696,0.021182926,0.95804864,0.020768443
id17359,0.02412354,0.019440925,0.95643556
id16190,0.80245197,0.030131985,0.167416
id21285,0.6490416,0.027841836,0.32311657
id06812,0.9440858,0.024530407,0.03138379
id15579,0.019801963,0.02009196,0.9601061
id26672,0.95744634,0.022797918,0.019755684
id09842,0.0211893,0.9596657,0.01914504
id06045,0.95337975,0.022919357,0.023700912
id21233,0.95116115,0.020814408,0.028024446
id16227,0.95599127,0.021645857,0.02236289
id17437,0.021270983,0.019778034,0.958951
id02309,0.95803094,0.021107303,0.020861723
id18232,0.020648396,0.02165842,0.9576932
id23419,0.019708,0.0214533,0.95883864
id11924,0.9005535,0.02052807,0.07891841
id12263,0.9565878,0.022723764,0.0206885
id16734,0.88276803,0.033080373,0.08415158
id07989,0.92869216,0.051182814,0.020125084
id24633,0.021020565,0.021133143,0.9578463
id19770,0.9530977,0.02372015,0.023182184
id05094,0.04978753,0.02288657,0.9273259
id07252,0.9520777,0.020078719,0.02784363
id12536,0.94781315,0.023505058,0.028681815
id24324,0.8801058,0.029392669,0.09050159
id25546,0.023071937,0.020154407,0.95677364
id24732,0.95742065,0.022196472,0.020382911
id07280,0.025226638,0.95536757,0.019405797
id23268,0.8190052,0.09760762,0.08338722
id18050,0.024956644,0.019869635,0.95517373
id19360,0.95604235,0.023276052,0.020681633
id00456,0.020262001,0.96186376,0.017874246
id14069,0.01993794,0.96192217,0.018139841
id24965,0.019956587,0.96102315,0.019020298
id13245,0.019329667,0.022165,0.95850533
id22515,0.019432258,0.96067894,0.019888798
id11332,0.94810575,0.020733617,0.031160679
id19876,0.019880962,0.021412382,0.9587067
id18315,0.94929373,0.022606518,0.02809981
id05260,0.10060684,0.8548716,0.044521607
id14594,0.030473668,0.95111215,0.018414173
id12867,0.9386579,0.028422642,0.032919493
id05902,0.020054191,0.9619535,0.017992254
id06390,0.023536764,0.021354612,0.95510864
id06005,0.019855836,0.95406276,0.026081443
id24075,0.06110701,0.02560988,0.91328317
id12630,0.28070986,0.6976526,0.021637553
id26378,0.022079641,0.02269321,0.95522714
id05535,0.01940021,0.9627193,0.017880421
id26702,0.018671334,0.02158592,0.9597427
id25209,0.6662203,0.040165246,0.29361448
id19835,0.022493342,0.019772496,0.9577341
id09511,0.019931369,0.9623299,0.01773869
id27364,0.95347834,0.024008153,0.022513513
id09695,0.8850903,0.030860715,0.08404898
id16165,0.6608355,0.03271458,0.3064499
id19503,0.020524275,0.029815594,0.9496601
id13511,0.020895949,0.02972568,0.9493784
id18752,0.021099072,0.02096473,0.95793617
id18278,0.8592944,0.029458068,0.111247554
id27219,0.91087747,0.034407347,0.054715212
id05454,0.02318788,0.9597853,0.01702687
id12347,0.21420565,0.030966243,0.7548281
id10397,0.8551633,0.08506912,0.059767626
id18543,0.9479138,0.024084918,0.028001254
id05210,0.95399237,0.020396437,0.025611255
id23141,0.019147921,0.9614774,0.019374723
id17139,0.9568679,0.01967691,0.023455147
id21399,0.94924945,0.022005834,0.028744722
id18728,0.74749917,0.026827672,0.22567315
id12170,0.024617221,0.95692515,0.018457629
id02225,0.018753503,0.96344817,0.017798293
id27210,0.021221768,0.96008426,0.01869398
id01242,0.02099868,0.022240369,0.956761
id16587,0.83700675,0.057513148,0.10548012
id11144,0.02283583,0.020105146,0.957059
id13709,0.4911023,0.04202406,0.46687362
id00841,0.020222489,0.96066916,0.019108355
id09692,0.021462236,0.020967664,0.9575701
id07635,0.9546665,0.021161025,0.024172492
id11375,0.9364406,0.02038268,0.04317675
id05703,0.91329926,0.02512351,0.06157725
id02757,0.9556377,0.022886494,0.021475758
id08216,0.018947281,0.96314335,0.017909357
id09311,0.019403934,0.023980599,0.95661545
id11169,0.94963723,0.02276103,0.02760171
id23806,0.9511501,0.02213152,0.02671833
id01253,0.024625681,0.020241564,0.9551328
id27558,0.13936935,0.8191075,0.041523177
id06695,0.9569389,0.02074333,0.022317793
id22654,0.082547225,0.865745,0.0517078
id16201,0.900115,0.020132218,0.07975272
id00873,0.946737,0.023436317,0.02982669
id07131,0.9567272,0.021243954,0.0220289
id11454,0.019255685,0.9616989,0.019045444
id19481,0.94567084,0.027040211,0.027288975
id16409,0.17001477,0.023307474,0.8066778
id01686,0.9507098,0.024972621,0.024317581
id24068,0.93398875,0.037915505,0.028095704
id14825,0.9320901,0.022447184,0.0454627
id13611,0.95354855,0.021454165,0.024997313
id05586,0.9538125,0.020817999,0.02536948
id04497,0.9477984,0.030981317,0.021220364
id13912,0.92643964,0.035950996,0.03760936
id09675,0.17662922,0.055876873,0.7674939
id23620,0.020837601,0.9603791,0.018783258
id05596,0.02023094,0.022004377,0.95776474
id09067,0.022752028,0.021740908,0.9555071
id05445,0.019989144,0.96143305,0.018577784
id16825,0.020750817,0.021775732,0.95747346
id21127,0.956833,0.020767365,0.022399647
id01740,0.01949529,0.021889376,0.9586153
id12719,0.9136586,0.024567729,0.061773635
id14137,0.021525083,0.043217395,0.93525755
id08909,0.019686757,0.021321516,0.9589917
id24041,0.1960993,0.023912111,0.7799886
id14489,0.9443205,0.02413415,0.031545322
id14961,0.021534225,0.020285906,0.9581799
id19923,0.7097542,0.26786265,0.022383152
id03339,0.01998674,0.9611653,0.018847954
id08864,0.022872273,0.020872269,0.95625544
id19803,0.94904196,0.019268477,0.031689618
id09810,0.9498619,0.019424612,0.030713474
id23324,0.9442894,0.022674395,0.033036236
id22050,0.019978693,0.96068096,0.019340357
id11386,0.031800494,0.9507229,0.017476596
id14739,0.9571683,0.020255413,0.022576308
id02882,0.9515313,0.022930395,0.025538296
id11988,0.18909821,0.7839644,0.026937392
id18839,0.030922556,0.9508519,0.018225536
id08474,0.019882109,0.96056634,0.019551555
id01060,0.05619284,0.92125434,0.022552872
id06551,0.9352606,0.027879411,0.03686003
id06210,0.03318418,0.019701071,0.94711477
id12349,0.05447523,0.022477973,0.92304677
id21813,0.113680236,0.022856614,0.86346316
id13028,0.019339217,0.96196336,0.018697463
id10021,0.022729006,0.02067129,0.9565997
id07425,0.020976907,0.020925727,0.95809734
id24409,0.019437917,0.9607747,0.019787394
id21183,0.95349014,0.021114552,0.02539531
id26178,0.51007456,0.37320215,0.11672332
id24033,0.7612672,0.030611236,0.20812158
id14793,0.022198493,0.020486712,0.95731485
id03053,0.9310567,0.02339834,0.04554499
id24285,0.9502519,0.022525445,0.027222723
id09137,0.95771885,0.021802224,0.020478915
id03185,0.9516947,0.019413581,0.028891666
id21242,0.028036734,0.95471287,0.01725039
id17446,0.7768385,0.033101797,0.19005975
id00087,0.12989472,0.8490671,0.021038229
id11019,0.94838756,0.023383018,0.028229408
id18832,0.031797368,0.93164015,0.03656248
id19224,0.052655503,0.020749724,0.9265948
id17436,0.11756186,0.022581363,0.8598568
id09895,0.021570982,0.01960379,0.9588252
id20296,0.022149287,0.020469187,0.95738155
id03074,0.022686234,0.9588623,0.018451426
id09152,0.019074226,0.9625059,0.018419934
id15277,0.021756543,0.020486383,0.95775706
id07520,0.45911655,0.5179034,0.022980094
id12928,0.01944001,0.96158344,0.018976578
id06197,0.04783334,0.020374326,0.9317923
id24099,0.9495623,0.022315837,0.02812179
id17392,0.9072609,0.03905908,0.05367998
id17303,0.9355602,0.019425686,0.04501407
id05682,0.95737356,0.021590194,0.021036273
id14339,0.95457613,0.023246963,0.022176951
id07873,0.019329762,0.022185646,0.9584846
id06939,0.019834908,0.9597518,0.020413358
id14827,0.21993339,0.14706865,0.63299793
id19768,0.571259,0.3777689,0.050972134
id18080,0.95533884,0.022361001,0.02230016
id17384,0.9194207,0.046957497,0.033621732
id12059,0.95230025,0.023479022,0.024220651
id27382,0.020787712,0.023020795,0.95619154
id23252,0.7783177,0.030058537,0.19162387
id14797,0.052933693,0.024085667,0.92298067
id25826,0.037103157,0.01911999,0.94377685
id27569,0.9562875,0.021892292,0.021820242
id05079,0.94280833,0.03488973,0.022301901
id23749,0.9486405,0.026267428,0.02509208
id04852,0.022156848,0.02085135,0.9569918
id08920,0.88810706,0.025516521,0.086376384
id15229,0.028394733,0.022555474,0.9490498
id11992,0.2686807,0.21549593,0.5158234
id21087,0.04420563,0.23898804,0.71680635
id22173,0.95111346,0.02020332,0.028683221
id26488,0.95423126,0.023681035,0.0220877
id09378,0.4037938,0.025636593,0.5705696
id19280,0.6786276,0.29182282,0.02954962
id00701,0.01974702,0.021060003,0.959193
id18252,0.9548346,0.026987204,0.018178228
id19850,0.033290084,0.022296337,0.9444136
id00967,0.020399919,0.9619639,0.0176362
id00670,0.8548458,0.062805414,0.08234876
id10795,0.024556214,0.019401668,0.9560421
id27312,0.028754931,0.023240332,0.9480047
id10703,0.02354686,0.020382434,0.9560707
id25596,0.70699966,0.23634736,0.056652963
id00443,0.026808664,0.019184968,0.9540064
id21638,0.0232737,0.95533687,0.021389442
id15800,0.0198192,0.9611328,0.01904798
id23367,0.9553402,0.02054297,0.024116818
id03600,0.94958687,0.025652358,0.024760753
id07147,0.1453422,0.030540358,0.8241175
id02654,0.021233834,0.9608561,0.017910117
id17965,0.022142157,0.95996696,0.017890872
id24304,0.5609702,0.40907255,0.029957289
id11626,0.94343203,0.023098016,0.033469968
id17604,0.019233292,0.022096068,0.9586706
id24725,0.95333654,0.02562361,0.021039885
id08894,0.9328097,0.048035413,0.01915481
id01352,0.09137858,0.022721475,0.88589996
id07907,0.9563552,0.02146573,0.022179116
id02681,0.019731078,0.020658353,0.9596106
id23951,0.020110434,0.9601183,0.01977129
id11154,0.47091758,0.025161423,0.50392103
id13182,0.9149055,0.06387829,0.021216221
id04576,0.019869665,0.96125996,0.018870363
id16318,0.94564503,0.027658869,0.026696067
id05472,0.07603106,0.020510124,0.9034588
id20567,0.9485477,0.024091978,0.02736029
id21385,0.028163068,0.10718664,0.8646503
id09834,0.93055665,0.033633165,0.035810225
id02954,0.92681754,0.023858923,0.049323566
id15456,0.019941831,0.9605524,0.019505773
id06958,0.95757073,0.021372948,0.021056298
id18053,0.25583285,0.025491431,0.71867573
id05180,0.020314444,0.96004945,0.019636076
id21648,0.940359,0.027835455,0.03180549
id27095,0.116246365,0.86188996,0.021863732
id16645,0.019989554,0.9599203,0.02009018
id22508,0.95509034,0.022335833,0.02257381
id01151,0.032740224,0.0242428,0.943017
id03451,0.23123898,0.74495935,0.023801697
id20279,0.043493737,0.02090178,0.93560445
id17480,0.025028994,0.9575669,0.017404051
id08280,0.119795494,0.8470754,0.033129107
id19245,0.8105019,0.027826931,0.16167122
id20463,0.95308244,0.02306084,0.023856746
id01510,0.018509215,0.9624607,0.019030109
id22724,0.020611256,0.019977788,0.95941097
id03386,0.025882807,0.019495059,0.95462215
id26858,0.35023856,0.613474,0.036287516
id27612,0.94469637,0.023438614,0.031865016
id14606,0.9555644,0.02168886,0.022746712
id09273,0.019553222,0.0293087,0.951138
id07736,0.01919976,0.023059737,0.9577405
id22879,0.41722327,0.4145193,0.16825739
id01075,0.025660044,0.95626134,0.01807864
id14038,0.023029782,0.9597086,0.01726162
id10294,0.9486356,0.022326913,0.029037569
id06738,0.021656636,0.9562429,0.022100443
id06932,0.019708525,0.9617664,0.01852507
id20905,0.059982203,0.918264,0.021753844
id03466,0.9341876,0.023414489,0.042397894
id17100,0.26970014,0.033964522,0.6963353
id00585,0.019685172,0.022352794,0.95796204
id05385,0.9553549,0.020568563,0.024076544
id21658,0.95647955,0.020986529,0.022533877
id25140,0.55444443,0.41450816,0.03104738
id14623,0.020748382,0.9607143,0.01853735
id06925,0.7177143,0.24909978,0.033185944
id03102,0.89870167,0.025418395,0.07587992
id15215,0.019292763,0.96272475,0.017982425
id16162,0.020070493,0.9601226,0.019806955
id12412,0.018340591,0.96316606,0.018493406
id27708,0.90754557,0.027652971,0.06480144
id18508,0.9456027,0.024465567,0.029931728
id19857,0.909706,0.024893966,0.065400094
id27904,0.95363474,0.022348357,0.024016868
id27345,0.038371123,0.019572379,0.94205654
id09516,0.5761434,0.38631436,0.037542224
id24277,0.29606834,0.67120796,0.03272367
id26935,0.019712647,0.9616391,0.018648256
id08544,0.041510668,0.4851111,0.47337827
id13779,0.9535756,0.022671882,0.02375253
id17103,0.70437926,0.038591348,0.2570294
id01771,0.92709035,0.03428007,0.038629573
id08211,0.02081023,0.020618487,0.9585713
id06392,0.956563,0.021708874,0.021728167
id25629,0.94628304,0.02144705,0.03226993
id15194,0.11388983,0.027710626,0.85839957
id23962,0.022009816,0.9597158,0.018274454
id14252,0.020519808,0.022841554,0.9566387
id15381,0.7501711,0.020475332,0.22935359
id17385,0.033509403,0.02216531,0.94432527
id22826,0.7873465,0.17436771,0.038285792
id16485,0.03444808,0.94003236,0.025519576
id25744,0.95309144,0.025369888,0.02153867
id09192,0.887638,0.09419276,0.018169288
id08619,0.022476355,0.95963717,0.017886465
id27889,0.020500952,0.96233654,0.017162444
id10964,0.01905462,0.02811784,0.9528276
id00821,0.9592163,0.020715943,0.020067787
id07120,0.9521574,0.024695488,0.023147155
id05347,0.9548186,0.023676911,0.021504436
id14047,0.8825886,0.04694318,0.07046821
id24871,0.9445039,0.023789788,0.031706356
id21417,0.51879483,0.029258747,0.45194644
id03784,0.9555438,0.02259485,0.021861305
id07389,0.19863103,0.77835715,0.023011796
id16215,0.9557208,0.022925217,0.021354022
id10976,0.020879742,0.025684396,0.9534359
id00348,0.95715547,0.02209461,0.02074994
id04027,0.6016421,0.06423511,0.3341228
id21625,0.8221051,0.15239072,0.025504114
id15117,0.024510443,0.022770943,0.9527186
id06776,0.4845943,0.49515322,0.020252528
id10947,0.9547324,0.019882666,0.025384843
id11746,0.032375135,0.020702105,0.9469228
id27779,0.03623116,0.019749394,0.94401944
id20789,0.10145309,0.7973622,0.10118471
id16187,0.024184782,0.020467738,0.95534754
id23834,0.02078078,0.9610119,0.018207282
id25848,0.020009765,0.9606846,0.01930565
id08777,0.8692654,0.02838723,0.10234735
id17045,0.019909915,0.021140583,0.9589495
id01474,0.03310954,0.021076363,0.94581413
id09396,0.032718055,0.9494767,0.01780522
id22208,0.9569392,0.021132251,0.021928553
id13813,0.024895076,0.019675381,0.95542955
id23386,0.9528079,0.021632293,0.025559744
id02610,0.019458478,0.9610808,0.019460743
id07647,0.06880717,0.74592674,0.1852661
id24025,0.76844746,0.2083832,0.023169257
id25573,0.9567982,0.02121387,0.021987943
id23575,0.34161615,0.023434766,0.6349491
id08968,0.1160239,0.4212988,0.4626773
id09958,0.020908114,0.96131825,0.017773585
id13648,0.7996089,0.13524927,0.06514179
id00335,0.9552906,0.021234427,0.023474976
id18099,0.9488675,0.023808405,0.027324036
id24297,0.023969492,0.03116275,0.9448678
id17751,0.025201766,0.021941753,0.9528565
id02158,0.029419981,0.9531486,0.017431444
id03039,0.83422965,0.13144875,0.034321617
id09467,0.13380954,0.02319735,0.84299314
id14903,0.9517249,0.022693396,0.02558166
id03331,0.3811136,0.35566092,0.26322547
id27366,0.030419227,0.021012994,0.9485678
id09199,0.9484406,0.023113074,0.028446294
id07681,0.020134266,0.020409111,0.9594566
id11502,0.019736592,0.96022975,0.020033678
id00140,0.9544842,0.02174223,0.023773557
id20159,0.5523263,0.03257037,0.41510335
id02007,0.020434812,0.0210096,0.9585556
id08188,0.9366598,0.037014026,0.026326215
id04504,0.028270723,0.022276832,0.94945246
id22031,0.9544103,0.0200652,0.02552452
id17947,0.0194723,0.02035533,0.96017236
id06267,0.9280735,0.03572247,0.03620403
id14577,0.93705463,0.026157774,0.036787525
id27313,0.94941705,0.02302236,0.027560605
id16231,0.035349876,0.9461969,0.018453263
id02587,0.8952714,0.036695145,0.06803343
id04379,0.020427495,0.9606323,0.01894024
id13503,0.018032975,0.9633907,0.01857633
id03887,0.9547776,0.022417638,0.02280468
id22338,0.93127984,0.031621665,0.037098423
id20080,0.20806651,0.7619907,0.029942812
id22392,0.8411126,0.03151144,0.1273759
id03895,0.76952165,0.028017465,0.20246086
id17179,0.029004082,0.953238,0.017757887
id23466,0.0200289,0.020889845,0.9590813
id12592,0.020079346,0.96142614,0.01849443
id16947,0.94726896,0.021620484,0.031110536
id13870,0.03103174,0.09095218,0.8780161
id10717,0.021183182,0.021035692,0.95778114
id09418,0.8867177,0.08682488,0.026457455
id20753,0.9488662,0.023393752,0.027740031
id00114,0.021997448,0.020443778,0.9575588
id00627,0.95679504,0.021361958,0.021842996
id07738,0.01969767,0.9615753,0.018727055
id14516,0.47865173,0.4837836,0.03756472
id02107,0.020086858,0.9612358,0.018677339
id18378,0.020031365,0.96167904,0.018289655
id02751,0.033833135,0.019166563,0.9470003
id26105,0.02372754,0.019717874,0.9565546
id07659,0.10386346,0.2920448,0.60409176
id07421,0.95382965,0.021699358,0.024470977
id00325,0.8237978,0.03414332,0.14205882
id12253,0.95402,0.020783465,0.025196522
id23427,0.9440319,0.02138002,0.03458807
id06202,0.95103437,0.021547163,0.027418476
id21320,0.01903153,0.022928836,0.95803964
id21994,0.55862725,0.4126132,0.028759588
id13903,0.11221348,0.024034686,0.86375177
id13767,0.9540581,0.022757426,0.023184491
id03750,0.024508094,0.02065953,0.9548324
id08666,0.02529734,0.021228846,0.95347387
id12171,0.019496351,0.022952925,0.9575507
id26202,0.03626057,0.020549059,0.9431904
id16310,0.021162093,0.02055593,0.958282
id02650,0.077284515,0.8841022,0.03861324
id26558,0.95191276,0.026982041,0.021105163
id24794,0.954857,0.023760248,0.02138276
id01299,0.92325854,0.021218197,0.055523288
id19281,0.95571995,0.021050543,0.023229456
id20504,0.71331984,0.06569667,0.22098354
id15716,0.18443081,0.046560165,0.76900905
id08222,0.019966897,0.028243631,0.9517895
id12393,0.018970143,0.023734033,0.95729584
id26841,0.83636004,0.13890651,0.024733486
id22947,0.030629542,0.95284086,0.016529618
id10817,0.951886,0.022591088,0.025522912
id01486,0.16988038,0.8089131,0.02120657
id00296,0.022735817,0.9585622,0.01870203
id24189,0.031732485,0.021455228,0.9468123
id20909,0.9383105,0.029559344,0.03213012
id21079,0.95614946,0.021042868,0.022807688
id02478,0.03345198,0.02142731,0.9451207
id03727,0.9527087,0.024078121,0.023213152
id09794,0.78529906,0.035108157,0.17959282
id08527,0.023263823,0.9584657,0.018270481
id18716,0.95458907,0.021791562,0.023619343
id21733,0.019228837,0.022427535,0.9583436
id08898,0.9432961,0.025274673,0.031429276
id16571,0.034765024,0.02160405,0.9436309
id17780,0.6819974,0.028169708,0.28983292
id11537,0.9551857,0.024323255,0.020490998
id23242,0.9378419,0.03227606,0.029882094
id16749,0.028869912,0.020103265,0.9510268
id02226,0.9110401,0.023218036,0.06574182
id08369,0.021018185,0.024838123,0.9541437
id18013,0.24763241,0.41656366,0.33580393
id23454,0.9323498,0.027407,0.040243227
id03878,0.019902162,0.96095604,0.019141812
id15129,0.018312227,0.025288219,0.95639956
id21874,0.570358,0.058184557,0.37145746
id24455,0.9450315,0.02966434,0.025304135
id03860,0.019953152,0.9600445,0.020002386
id07622,0.019700065,0.96119404,0.01910589
id18449,0.026060825,0.02064144,0.9532977
id16952,0.9374385,0.029510945,0.033050604
id08212,0.95437413,0.019957503,0.025668388
id05513,0.34244102,0.041510914,0.61604804
id24536,0.95753884,0.021073757,0.021387355
id18070,0.9556383,0.020934906,0.023426834
id03094,0.019561024,0.96219814,0.018240787
id13815,0.03169758,0.020574111,0.94772834
id14023,0.020145971,0.9597025,0.02015159
id14480,0.64592886,0.3268539,0.02721724
id00059,0.90918237,0.042926632,0.04789102
id16873,0.8616252,0.025215289,0.11315952
id23144,0.94656473,0.02666996,0.026765289
id02845,0.9301776,0.031006064,0.038816333
id25492,0.07013684,0.024576541,0.9052866
id04097,0.7894577,0.17852284,0.032019522
id25883,0.9546711,0.021871658,0.023457263
id23391,0.019587724,0.9615904,0.018821916
id27018,0.9114089,0.04178506,0.046806034
id23614,0.019864751,0.96137667,0.018758623
id14309,0.020496797,0.9614598,0.01804342
id27746,0.020254059,0.9612343,0.018511642
id05057,0.9473663,0.030055715,0.022578007
id06246,0.22113845,0.03132002,0.74754155
id00509,0.024653386,0.019082913,0.9562637
id19473,0.9532301,0.026838234,0.019931685
id07044,0.027112603,0.020895388,0.95199203
id09871,0.038848005,0.01969826,0.94145375
id26870,0.81741333,0.047548708,0.135038
id06125,0.031264167,0.93722934,0.031506423
id02829,0.9505807,0.021785764,0.027633566
id24935,0.76010007,0.042092104,0.19780788
id04557,0.019246776,0.022235373,0.95851785
id01208,0.9535054,0.021674927,0.024819706
id16235,0.019045118,0.96211624,0.018838668
id05135,0.019107135,0.9620843,0.018808533
id05892,0.024861032,0.020979734,0.95415926
id21207,0.90889406,0.023201939,0.06790405
id10722,0.4162441,0.47777754,0.10597841
id17396,0.018148815,0.023195818,0.95865536
id17755,0.5607978,0.0375294,0.40167278
id18529,0.02695508,0.022238402,0.9508065
id18235,0.9402034,0.0288511,0.030945497
id20188,0.029630933,0.018596387,0.9517727
id13483,0.038943347,0.024646483,0.9364102
id16860,0.94956625,0.021264052,0.02916966
id11203,0.9553057,0.019860279,0.024834061
id01104,0.9559241,0.02139599,0.02267995
id26195,0.020404387,0.95649755,0.023098037
id19647,0.019448701,0.020917034,0.9596343
id24377,0.042245768,0.02292179,0.93483245
id07103,0.94957465,0.021667415,0.028757924
id27061,0.9560108,0.02389657,0.02009258
id06255,0.06006236,0.8547225,0.08521512
id19483,0.031109842,0.024372613,0.94451755
id27936,0.079798944,0.8980049,0.022196129
id21761,0.93458605,0.041618686,0.023795258
id06543,0.01962272,0.9614162,0.018961081
id04779,0.029509494,0.9504965,0.019994065
id05819,0.8223804,0.02684137,0.15077823
id04670,0.84443474,0.12212093,0.03344437
id22206,0.9531594,0.023859102,0.022981528
id18557,0.95526856,0.023733208,0.020998253
id24017,0.90563744,0.04923907,0.045123417
id10305,0.95486724,0.023839092,0.021293612
id25879,0.9538032,0.020437181,0.025759634
id08243,0.021939538,0.95984614,0.018214345
id11999,0.7030364,0.12836277,0.16860078
id13392,0.02048956,0.9619872,0.017523233
id00681,0.019548332,0.9621075,0.01834415
id03225,0.32790595,0.04901275,0.6230813
id19684,0.019015417,0.022972602,0.958012
id01944,0.9310667,0.028036479,0.040896844
id04903,0.022169434,0.020085784,0.9577448
id22131,0.9444367,0.020323358,0.03523996
id17465,0.2586995,0.026825959,0.7144745
id02341,0.024108937,0.020067647,0.9558234
id23306,0.0480889,0.8805518,0.07135926
id13543,0.04018495,0.020360693,0.9394544
id05527,0.9408114,0.027381163,0.031807452
id13622,0.019073002,0.963457,0.017470019
id04807,0.020928347,0.9613703,0.017701373
id03763,0.046307012,0.022500914,0.9311921
id04860,0.028225377,0.020469893,0.95130473
id18552,0.9478531,0.022461703,0.029685194
id05624,0.9233818,0.029708538,0.04690963
id10691,0.019408673,0.020905565,0.9596858
id12723,0.72410744,0.07831934,0.19757326
id14533,0.7143777,0.25329366,0.032328635
id07197,0.39483532,0.026919167,0.5782455
id08284,0.8849208,0.035443407,0.07963578
id13373,0.723938,0.029630676,0.24643132
id25880,0.47195858,0.052196417,0.47584495
id00879,0.9527073,0.02054451,0.026748221
id27931,0.019209437,0.9615599,0.019230697
id20774,0.019446211,0.021148479,0.9594053
id18642,0.020733953,0.9604163,0.018849732
id26855,0.065197125,0.5406351,0.3941678
id08684,0.31501427,0.6001125,0.08487325
id01743,0.21493694,0.6620166,0.123046495
id09704,0.40635377,0.57192403,0.021722239
id00696,0.6662069,0.16933823,0.16445489
id08351,0.0312065,0.9508375,0.017955994
id08495,0.9237801,0.027876377,0.04834359
id05141,0.02453604,0.024702186,0.9507618
id08515,0.02351104,0.020156935,0.956332
id23509,0.027439762,0.020541403,0.95201886
id20577,0.025695637,0.019462552,0.9548418
id04217,0.03459898,0.019126797,0.9462742
id24430,0.027362099,0.020850807,0.9517871
id11995,0.019789994,0.022461984,0.95774806
id10871,0.01933539,0.021721046,0.95894355
id21988,0.022843624,0.020712998,0.9564434
id07248,0.9540358,0.02009016,0.02587404
id22805,0.58205825,0.035285022,0.38265672
id18064,0.021705396,0.02210453,0.9561901
id02256,0.026309246,0.0276191,0.9460716
id18835,0.8903247,0.024695614,0.08497968
id06068,0.030876618,0.4236291,0.54549426
id13355,0.019799903,0.9623071,0.017893026
id15890,0.021950109,0.96086776,0.017182127
id11828,0.9576637,0.020492364,0.02184388
id14235,0.021838702,0.020438094,0.95772326
id07891,0.029032364,0.022452388,0.94851524
id00426,0.019852927,0.96237516,0.017771918
id00194,0.020359982,0.02080589,0.9588341
id10086,0.37489834,0.025173748,0.59992796
id24683,0.02432574,0.020367628,0.95530665
id01217,0.8077524,0.16038373,0.031863913
id09906,0.1890223,0.7883674,0.022610316
id04780,0.022638878,0.020100094,0.957261
id15682,0.8486428,0.12855417,0.022802955
id27193,0.8774699,0.028028598,0.09450152
id01574,0.01993784,0.020934658,0.95912755
id26894,0.09783219,0.025031608,0.87713623
id08143,0.1441428,0.7846085,0.071248695
id05756,0.021959396,0.9607741,0.0172664
id14803,0.019122897,0.021703225,0.95917386
id01103,0.021597076,0.9602891,0.018113809
id17451,0.9161128,0.042075813,0.041811388
id10497,0.04872849,0.82219076,0.12908074
id23770,0.89411795,0.038104855,0.06777723
id01731,0.095295906,0.34358072,0.5611234
id24021,0.020103712,0.96168697,0.01820933
id24904,0.9537625,0.02063747,0.025600078
id16795,0.018156348,0.021473676,0.96037
id27308,0.10727943,0.027729632,0.86499095
id16671,0.9471039,0.03276336,0.020132704
id10035,0.26461333,0.028506333,0.70688033
id12143,0.6084405,0.29672986,0.094829604
id14087,0.9555493,0.021434035,0.023016674
id02962,0.018518887,0.96264076,0.018840376
id17035,0.022062395,0.020548053,0.95738953
id07600,0.08001615,0.061930038,0.8580538
id08201,0.019808177,0.020391539,0.9598003
id04623,0.75757205,0.027074682,0.21535318
id07245,0.5543995,0.13401884,0.31158173
id01334,0.23724106,0.73612326,0.026635665
id23105,0.9398904,0.034537878,0.025571782
id19744,0.15110613,0.117073245,0.73182064
id22884,0.95614815,0.022450535,0.021401374
id01936,0.052713733,0.832589,0.114697255
id21910,0.020126982,0.9605734,0.019299647
id10801,0.020497466,0.96140325,0.018099321
id02629,0.020676298,0.02032819,0.9589955
id11940,0.01956927,0.96196795,0.018462779
id12664,0.12597455,0.21900928,0.6550162
id06308,0.02234655,0.020417603,0.9572359
id21510,0.9546985,0.01940969,0.025891777
id20043,0.02116768,0.021586271,0.95724607
id01014,0.8627367,0.11806128,0.01920202
id04968,0.02586558,0.9443603,0.029774126
id17552,0.022342652,0.95815027,0.019507093
id25395,0.052027933,0.03154882,0.91642326
id25931,0.9549807,0.019874517,0.025144864
id21548,0.020761095,0.021447212,0.9577917
id07443,0.027303306,0.019880636,0.95281607
id01215,0.02088362,0.96116334,0.017953057
id20060,0.02031631,0.9600334,0.019650308
id17279,0.6642475,0.2866434,0.04910914
id20214,0.30292782,0.6048267,0.09224554
id08809,0.024338307,0.020382967,0.95527875
id17098,0.3739913,0.104093716,0.52191496
id10146,0.8954934,0.024672598,0.07983396
id24986,0.9112396,0.03287258,0.055887774
id19690,0.03946433,0.033075098,0.92746055
id14487,0.23441479,0.02874144,0.73684376
id26146,0.9388801,0.029915502,0.031204393
id01942,0.019659659,0.021391861,0.9589485
id03843,0.92297924,0.051500835,0.025519896
id02026,0.45052066,0.038361866,0.51111746
id10903,0.9501392,0.024704443,0.02515629
id07340,0.52617097,0.041008115,0.43282095
id25682,0.067533635,0.9135611,0.018905273
id13830,0.95561725,0.02094929,0.023433462
id08319,0.29829726,0.026828064,0.6748747
id25558,0.059757873,0.020901956,0.91934013
id07084,0.06606784,0.03224869,0.9016835
id00203,0.022798253,0.9600162,0.017185597
id23804,0.47597092,0.026339045,0.49769002
id06863,0.020511076,0.021079278,0.95840967
id11191,0.93674994,0.026092937,0.03715714
id00846,0.01939343,0.9620511,0.018555481
id17290,0.033151515,0.94009244,0.026756037
id00047,0.019108271,0.96211433,0.018777385
id27631,0.865775,0.11334505,0.020879876
id15793,0.043052487,0.019883173,0.93706435
id03142,0.020932985,0.020720877,0.9583462
id24825,0.95714223,0.020677518,0.022180252
id12069,0.019745516,0.021361573,0.95889294
id23009,0.9580029,0.02073493,0.021262197
id06793,0.019760653,0.96154106,0.01869831
id18638,0.94963247,0.021716852,0.028650695
id02966,0.95609856,0.022596398,0.021305066
id20346,0.021669129,0.021551017,0.95677984
id16855,0.93479764,0.032658912,0.032543436
id16350,0.020068845,0.9595002,0.020431
id25092,0.026431935,0.95485884,0.018709263
id16132,0.9013513,0.034083813,0.06456495
id15977,0.02385135,0.020864623,0.955284
id26922,0.51736206,0.029039908,0.45359802
id20054,0.23155187,0.02476952,0.7436786
id14375,0.08653191,0.022162858,0.89130527
id23372,0.81583756,0.042791963,0.14137045
id20360,0.025209153,0.9556961,0.01909478
id25380,0.018978888,0.9621892,0.018831912
id07295,0.021230023,0.020705149,0.95806485
id20349,0.91816455,0.03750599,0.044329464
id17177,0.025481105,0.02030508,0.9542138
id07041,0.26984367,0.034219995,0.6959364
id27459,0.018984528,0.9617242,0.01929124
id24144,0.09622886,0.88316834,0.020602835
id13748,0.02030541,0.020508517,0.9591861
id08295,0.942873,0.024691751,0.032435253
id00744,0.03174721,0.021994267,0.94625854
id19662,0.020716235,0.9619829,0.017300839
id13027,0.045309722,0.018308053,0.9363822
id21785,0.025664961,0.020060636,0.9542744
id13431,0.91337067,0.062325183,0.024304166
id21455,0.020236108,0.96184444,0.017919414
id25429,0.020862881,0.96155775,0.017579366
id16944,0.33293182,0.027878657,0.63918954
id01458,0.019349506,0.96167785,0.018972648
id15684,0.019854704,0.9609488,0.01919645
id00970,0.841149,0.033211213,0.12563977
id12185,0.023092462,0.019365538,0.95754206
id15050,0.026333423,0.9391227,0.034543827
id05062,0.020234138,0.020807201,0.9589586
id13150,0.05928933,0.9201683,0.02054238
id02821,0.01934842,0.9610883,0.019563317
id05545,0.9518137,0.020699902,0.027486414
id03523,0.9564887,0.020705212,0.02280608
id02098,0.022683349,0.024890486,0.9524262
id26788,0.857117,0.034550846,0.10833222
id22116,0.018856842,0.9627181,0.018425098
id16175,0.9573185,0.020522961,0.022158585
id24957,0.022309447,0.9538175,0.02387311
id10844,0.019209731,0.9621814,0.018608924
id11758,0.92703754,0.023475388,0.049487073
id05134,0.084059976,0.068654396,0.8472856
id15865,0.019618815,0.9622435,0.018137686
id08591,0.027520427,0.95496655,0.01751307
id26318,0.02530538,0.021303754,0.9533909
id05612,0.95356333,0.023144329,0.0232924
id14561,0.078894295,0.17729913,0.7438066
id07666,0.020030772,0.021966483,0.95800275
id01297,0.8807271,0.03789615,0.08137676
id10688,0.033663485,0.13176015,0.8345764
id15377,0.022558909,0.9588584,0.018582713
id23377,0.021540534,0.9604222,0.018037304
id05797,0.026547283,0.95550764,0.017945027
id06241,0.0842175,0.022674374,0.89310807
id10766,0.8232465,0.12713842,0.049615085
id03928,0.9556843,0.020292869,0.024022847
id04429,0.019018607,0.02191242,0.95906895
id24846,0.020765852,0.024079356,0.9551548
id19784,0.029931236,0.01963126,0.95043755
id02452,0.94834024,0.023194818,0.028465003
id02600,0.58844733,0.034166053,0.37738666
id27487,0.019877693,0.020573037,0.9595493
id12323,0.95721227,0.023013406,0.019774375
id00487,0.020370807,0.0213438,0.95828545
id06032,0.92273295,0.052804183,0.02446291
id05211,0.6436391,0.035723694,0.32063723
id16523,0.9272557,0.025907071,0.0468373
id08800,0.2617546,0.71153295,0.026712397
id08791,0.021145537,0.019995887,0.9588586
id10429,0.040464558,0.027709138,0.9318263
id20801,0.54755056,0.4309865,0.021462962
id14055,0.02594166,0.02031991,0.95373845
id09462,0.01958455,0.96173906,0.018676404
id06725,0.022223955,0.9598067,0.017969387
id01749,0.93718904,0.04066852,0.02214246
id22054,0.02068398,0.9613013,0.018014621
id07244,0.019536529,0.021581894,0.95888156
id12562,0.95739156,0.01987031,0.02273818
id13838,0.4233351,0.5465383,0.030126512
id22535,0.019827466,0.9606868,0.019485738
id01099,0.019739421,0.9622428,0.018017747
id02190,0.020644912,0.96079534,0.018559782
id25921,0.051854573,0.8435925,0.10455295
id16075,0.6853728,0.031233042,0.28339416
id20465,0.8768154,0.07033429,0.05285026
id06556,0.021972697,0.019418653,0.9586086
id09360,0.019816061,0.021484205,0.9586997
id09042,0.02151194,0.96014106,0.018347042
id08846,0.020036008,0.9600281,0.019935915
id21274,0.019018194,0.022566002,0.9584158
id05841,0.94807005,0.025095725,0.026834294
id20361,0.621881,0.026486974,0.35163206
id07499,0.81770647,0.029212851,0.15308067
id19466,0.28327367,0.023954587,0.69277173
id16550,0.024857292,0.9575844,0.017558368
id24512,0.91963005,0.045802835,0.034567077
id14444,0.4680758,0.030538354,0.5013858
id11395,0.5632598,0.03958776,0.39715248
id14907,0.02313977,0.020934768,0.95592546
id19393,0.021191379,0.023584852,0.9552238
id26780,0.94103974,0.032761663,0.026198616
id03132,0.020129234,0.021274347,0.9585964
id17709,0.95164764,0.02025401,0.028098326
id19739,0.93207854,0.044772107,0.023149345
id08470,0.95574677,0.020830631,0.023422614
id22312,0.019761987,0.96074915,0.019488826
id20391,0.7158537,0.03169853,0.2524478
id05295,0.021285145,0.021041272,0.95767355
id08129,0.040187925,0.023427656,0.93638444
id10615,0.045816224,0.022174971,0.93200886
id09506,0.93616986,0.036064073,0.02776607
id22557,0.8054555,0.1616598,0.032884702
id04181,0.019652614,0.9624648,0.017882526
id22457,0.02030953,0.9611707,0.018519763
id00340,0.03524887,0.022497779,0.9422534
id18205,0.02081682,0.020524336,0.9586589
id03861,0.01925293,0.9626457,0.018101381
id20546,0.8301346,0.14831617,0.021549266
id17226,0.025546327,0.018873822,0.9555799
id10376,0.8787106,0.044174645,0.07711469
id17734,0.1548318,0.8129792,0.032188933
id09703,0.02026837,0.96014965,0.019582013
id16311,0.0194169,0.96050096,0.020082088
id06524,0.018859385,0.9624715,0.018669073
id01082,0.019000776,0.9622593,0.018739944
id01940,0.10683542,0.040905688,0.8522589
id04146,0.041916817,0.04976563,0.90831757
id03891,0.75687325,0.022147061,0.22097972
id14421,0.6589288,0.030588299,0.31048292
id19027,0.9548905,0.022312447,0.022797054
id19813,0.01992799,0.96205646,0.018015618
id05827,0.55228263,0.028899854,0.41881752
id03326,0.021639667,0.020636572,0.95772374
id10089,0.020106437,0.96085644,0.019037154
id06827,0.95159674,0.020970084,0.027433168
id01209,0.93258893,0.023125103,0.04428598
id08812,0.037430473,0.023289213,0.93928033
id25906,0.475784,0.04083777,0.48337823
id25553,0.90224993,0.031903464,0.0658466
id10193,0.032045547,0.01989216,0.9480623
id15438,0.9517845,0.024431556,0.023783918
id04821,0.018866569,0.9618831,0.019250238
id26592,0.019482015,0.022279482,0.9582385
id20195,0.059047453,0.02393062,0.91702193
id00378,0.027111322,0.025250304,0.9476384
id15052,0.9469325,0.026417669,0.026649784
id09519,0.9549389,0.021393586,0.02366746
id04579,0.39858738,0.07019436,0.53121823
id08274,0.94388235,0.020138491,0.03597915
id26223,0.02956509,0.95332384,0.01711107
id01914,0.94763625,0.028401405,0.02396238
id05244,0.9531315,0.020331725,0.026536774
id14467,0.9545833,0.021818895,0.023597833
id23284,0.11163513,0.022757098,0.86560774
id20634,0.02552331,0.019094054,0.95538265
id14659,0.95287716,0.021939885,0.025182983
id23659,0.019322501,0.9617942,0.018883293
id16902,0.956415,0.020732004,0.022853008
id20509,0.9085749,0.023206612,0.06821853
id08019,0.022135505,0.020752218,0.9571123
id26180,0.0218712,0.020992115,0.9571367
id01487,0.023651944,0.95841295,0.017935129
id22898,0.0193664,0.9631797,0.01745392
id24005,0.9539144,0.024469493,0.021616114
id00118,0.03664198,0.94356084,0.019797219
id17435,0.027293473,0.022406237,0.95030034
id22574,0.9397666,0.019536097,0.04069736
id23882,0.018820416,0.021026481,0.9601531
id02618,0.94121134,0.022673968,0.036114708
id06847,0.028631585,0.95304006,0.01832839
id15448,0.022596385,0.01911821,0.95828545
id20383,0.019255588,0.9619193,0.018825088
id18722,0.019657629,0.9617591,0.018583314
id24353,0.5904676,0.026743168,0.38278928
id22196,0.94606084,0.024234334,0.029704776
id13239,0.025253544,0.019945882,0.9548006
id14507,0.02099039,0.9601742,0.018835437
id04619,0.03024294,0.019351404,0.9504057
id00176,0.9535382,0.022140397,0.02432145
id14700,0.9549008,0.021146217,0.023952935
id10930,0.9521254,0.026204657,0.021670023
id03830,0.023417663,0.019282926,0.9572994
id01840,0.018883651,0.024265124,0.95685124
id18025,0.019475425,0.95952815,0.020996448
id21361,0.95637393,0.021722523,0.021903595
id21999,0.018979717,0.96394026,0.017080028
id20472,0.023044826,0.02027656,0.9566786
id01282,0.954493,0.02107717,0.024429869
id05687,0.027404293,0.3822292,0.5903665
id19713,0.9522556,0.021385895,0.026358526
id18634,0.94877446,0.025002073,0.026223455
id18322,0.09978618,0.024710108,0.8755037
id25178,0.87599355,0.09667967,0.027326792
id13911,0.021106225,0.96060926,0.018284515
id02688,0.9100831,0.052093804,0.03782309
id24097,0.9242896,0.033700284,0.042010088
id05621,0.020881135,0.9600529,0.019065969
id09435,0.061923057,0.022272434,0.9158045
id22564,0.954352,0.02126856,0.02437943
id26044,0.9537253,0.023354497,0.022920258
id24724,0.07375102,0.023155982,0.903093
id13568,0.042490967,0.020551296,0.9369577
id11196,0.8588873,0.02663279,0.11447992
id04842,0.088883065,0.024458278,0.88665867
id03445,0.9567601,0.02115312,0.022086712
id08194,0.027151596,0.01974185,0.9531066
id19747,0.09040737,0.022570869,0.8870218
id06540,0.019347424,0.9623512,0.018301353
id13171,0.68883795,0.28859606,0.022566034
id23807,0.022829304,0.020325521,0.95684516
id12408,0.019965038,0.9618457,0.018189266
id18388,0.023718255,0.020605633,0.95567614
id16219,0.019680724,0.021664206,0.95865506
id11022,0.9514287,0.026506051,0.02206527
id12514,0.0947104,0.020133851,0.8851558
id07322,0.9567749,0.021654848,0.02157024
id04600,0.018968208,0.021684133,0.9593476
id15608,0.026803613,0.022126455,0.95106995
id19223,0.0893798,0.039094243,0.87152594
id18680,0.95580655,0.021539671,0.022653744
id23359,0.93235445,0.023665477,0.04398005
id07332,0.020158563,0.960997,0.01884442
id11424,0.03431617,0.022634218,0.9430496
id01916,0.9271487,0.041925527,0.03092576
id23814,0.9419525,0.026445081,0.03160243
id05821,0.02291405,0.02001804,0.9570679
id15471,0.92360365,0.026484426,0.04991196
id06742,0.020340314,0.021266537,0.9583931
id16393,0.022723129,0.9592099,0.018066952
id14430,0.023000624,0.0208312,0.9561682
id15086,0.9235877,0.023328543,0.05308376
id13673,0.439876,0.41572928,0.14439473
id11456,0.89946467,0.034328718,0.06620665
id08475,0.5375176,0.025336426,0.43714595
id02793,0.9250091,0.024656514,0.050334413
id03576,0.93841267,0.02501979,0.036567584
id10747,0.94152534,0.038230035,0.020244574
id17875,0.02576232,0.9566489,0.017588735
id20045,0.019262763,0.9610647,0.01967254
id25448,0.4796067,0.4930469,0.027346391
id11715,0.9242512,0.021877686,0.053871118
id22739,0.035282567,0.038804043,0.92591333
id07457,0.95682687,0.02089229,0.02228086
id27357,0.7978941,0.030339409,0.1717665
id01139,0.1398193,0.72842103,0.13175969
id00407,0.04319172,0.02305458,0.93375367
id20956,0.7531539,0.027315255,0.21953079
id13702,0.7465034,0.024991633,0.22850494
id00327,0.8495639,0.02418338,0.12625274
id24372,0.022712858,0.9597964,0.017490765
id03983,0.025316063,0.95732975,0.017354209
id15264,0.023125308,0.9590727,0.017802054
id09679,0.9505183,0.023379881,0.026101856
id20899,0.85094583,0.052830726,0.09622349
id21494,0.021521134,0.96080035,0.017678525
id02513,0.030093532,0.9440956,0.025810882
id21834,0.021440675,0.0205977,0.9579617
id23463,0.087080665,0.8827525,0.03016686
id26529,0.30130845,0.033621244,0.66507035
id22078,0.887368,0.03224326,0.08038876
id08063,0.025689732,0.9390501,0.03526017
id18690,0.019280773,0.96139705,0.01932213
id03908,0.9507632,0.020736596,0.028500235
id00876,0.9288863,0.024609728,0.04650401
id19633,0.90952766,0.031438563,0.059033796
id23096,0.01874635,0.023949916,0.95730376
id07547,0.018659674,0.9626331,0.018707266
id10136,0.040094208,0.019140456,0.9407654
id22645,0.9580318,0.020536035,0.021432191
id27376,0.13725854,0.02786909,0.8348723
id26458,0.022345575,0.96127135,0.016383016
id07617,0.020409841,0.9605024,0.019087793
id11254,0.6868401,0.025685623,0.28747427
id25871,0.020527521,0.96095556,0.018516915
id26074,0.025014719,0.9577927,0.017192619
id24558,0.023263428,0.022462273,0.95427436
id26515,0.020047897,0.96274996,0.017202197
id10532,0.71814054,0.16089866,0.120960854
id24063,0.019525055,0.9623535,0.018121453
id12872,0.040518995,0.94046974,0.019011246
id23564,0.019053204,0.9620401,0.0189066
id20074,0.6483971,0.055743665,0.29585925
id00703,0.95747644,0.022059089,0.020464454
id07178,0.931876,0.023324065,0.044799898
id00468,0.77456313,0.023999084,0.20143774
id08647,0.95302176,0.02321737,0.023760857
id27338,0.9148486,0.028883476,0.05626791
id14958,0.020327048,0.023138156,0.9565348
id20954,0.7277831,0.17558853,0.096628405
id04495,0.0196032,0.9623763,0.01802049
id09676,0.37576324,0.5893357,0.03490108
id16643,0.95099384,0.022665275,0.026340878
id22018,0.1582212,0.036289144,0.80548966
id09754,0.87850225,0.09257552,0.028922182
id15184,0.5661204,0.37983692,0.054042716
id06930,0.019341126,0.020052057,0.9606069
id19391,0.92376566,0.056389578,0.019844761
id21111,0.03225541,0.13981356,0.82793105
id19884,0.04159418,0.027699789,0.930706
id00356,0.034466133,0.018841961,0.94669193
id03227,0.9503206,0.02156827,0.028111052
id24959,0.9426353,0.028328499,0.029036235
id23792,0.95247614,0.019631157,0.027892714
id15765,0.020048449,0.021402013,0.95854956
id22342,0.8133153,0.14384593,0.042838816
id21764,0.019733876,0.9618888,0.01837736
id08929,0.02063602,0.025038837,0.95432514
id10860,0.019717667,0.9629471,0.017335268
id14842,0.019940326,0.022139363,0.9579203
id14149,0.02634383,0.9567659,0.016890293
id04850,0.9552605,0.022143086,0.022596449
id03697,0.022784533,0.9583671,0.018848386
id20031,0.022742685,0.021585817,0.9556715
id10148,0.9543749,0.019671101,0.025953978
id06233,0.03215518,0.021544896,0.9462999
id17614,0.03881512,0.9310523,0.030132558
id24548,0.92900693,0.022097804,0.048895232
id04717,0.019856952,0.9628493,0.017293781
id12557,0.021080874,0.9602998,0.01861937
id15563,0.95758533,0.021340664,0.021074012
id19414,0.020847162,0.9593913,0.019761536
id24538,0.03955495,0.026419919,0.93402517
id20701,0.02131974,0.025684219,0.9529961
id16710,0.020828523,0.9606274,0.018544113
id00190,0.01826756,0.96370256,0.018029908
id12066,0.9555917,0.021508217,0.022900086
id21743,0.026688883,0.954322,0.01898912
id10746,0.15376727,0.031227222,0.81500554
id23032,0.018832874,0.96317446,0.017992673
id02466,0.8909522,0.03597024,0.07307761
id27963,0.019811982,0.020913074,0.95927495
id05550,0.8326338,0.13608769,0.03127848
id07328,0.025764668,0.021426849,0.9528085
id06158,0.94577366,0.02094953,0.03327679
id15690,0.02126685,0.020141754,0.9585914
id17960,0.02904371,0.020716792,0.95023954
id22487,0.95778286,0.020695759,0.021521375
id25435,0.021821933,0.020642133,0.9575359
id06988,0.02314578,0.020098433,0.95675576
id19092,0.019240249,0.96199286,0.01876693
id20677,0.9551874,0.022090329,0.022722332
id27009,0.84150755,0.030141184,0.12835126
id14869,0.116169736,0.027319157,0.8565111
id06306,0.9504253,0.028675277,0.020899432
id13101,0.9037099,0.02269439,0.0735957
id25263,0.83352685,0.027547674,0.13892552
id01355,0.02229124,0.95319784,0.02451093
id04460,0.025022874,0.019295363,0.9556818
id08358,0.9569085,0.024569053,0.018522415
id22714,0.019753404,0.022855593,0.957391
id19504,0.8515269,0.02997758,0.11849555
id25736,0.86777365,0.09610289,0.03612349
id24201,0.020580363,0.9611848,0.018234909
id12920,0.9383086,0.041755356,0.019935999
id12770,0.020391267,0.9604777,0.019131012
id20615,0.95710665,0.022275727,0.020617561
id19427,0.019902194,0.021321345,0.9587765
id03006,0.95620227,0.020220127,0.023577653
id00868,0.024477001,0.02252046,0.9530026
id19695,0.024566745,0.02048901,0.95494425
id06474,0.93498504,0.02575609,0.039258827
id11108,0.019559829,0.9604449,0.019995207
id01017,0.019617436,0.021266293,0.9591163
id10104,0.16350885,0.024934148,0.811557
id15930,0.95533216,0.024797153,0.019870695
id05883,0.021122117,0.022008117,0.9568698
id10209,0.023209397,0.020428041,0.9563626
id14868,0.100682065,0.020225596,0.87909234
id27617,0.9005249,0.066234335,0.03324076
id14264,0.6838776,0.15954241,0.15657996
id07597,0.022454735,0.023353904,0.9541914
id17732,0.95662224,0.020217484,0.023160262
id13859,0.55781084,0.41602182,0.026167354
id14976,0.032365654,0.95023274,0.017401643
id25226,0.13008136,0.026712202,0.84320647
id17268,0.019357938,0.02050454,0.96013755
id14936,0.019825978,0.96051735,0.019656675
id18615,0.028864544,0.9541353,0.017000161
id26184,0.932499,0.022753034,0.044747952
id11495,0.025458965,0.027561868,0.94697917
id05663,0.021752337,0.02058979,0.95765793
id10335,0.032863047,0.025348516,0.94178843
id08480,0.6760443,0.26966947,0.054286186
id21511,0.8659069,0.10404012,0.030053005
id20988,0.9303853,0.048908878,0.020705856
id19273,0.019134352,0.9625201,0.01834553
id15420,0.12986961,0.031819902,0.83831054
id16016,0.02232324,0.96083796,0.016838806
id16084,0.02229481,0.020668548,0.9570367
id27093,0.020482685,0.021119596,0.95839775
id24695,0.024069756,0.020077363,0.95585287
id03245,0.019669885,0.96082354,0.01950652
id26358,0.02190333,0.021428058,0.95666856
id17966,0.9533065,0.023969758,0.022723759
id26651,0.65656674,0.103047,0.24038625
id17275,0.95873326,0.020746056,0.020520687
id21720,0.03481245,0.02241885,0.9427687
id22926,0.019777104,0.021360379,0.95886254
id12231,0.019926475,0.9596938,0.020379664
id21026,0.029299298,0.020917285,0.94978344
id11675,0.03169956,0.01951693,0.9487835
id21890,0.87603253,0.027656235,0.096311174
id04050,0.022537997,0.020893835,0.9565682
id24996,0.019965267,0.02114438,0.9588904
id00025,0.019879399,0.96236837,0.017752193
id23916,0.021793388,0.9609759,0.017230734
id21254,0.14572364,0.8153245,0.038951904
id13322,0.953475,0.02058134,0.025943624
id23928,0.037496556,0.019952947,0.9425505
id14748,0.049537707,0.020785606,0.9296767
id26538,0.12833573,0.025146376,0.8465179
id27759,0.025511902,0.019569503,0.9549186
id19661,0.9446719,0.020772751,0.034555297
id17018,0.020652503,0.022352202,0.9569953
id05505,0.8648927,0.033030298,0.102077
id16155,0.6072165,0.034925442,0.35785806
id06274,0.028072372,0.01986973,0.95205796
id13832,0.9401442,0.03492952,0.024926301
id14666,0.9496856,0.021341393,0.028972983
id04489,0.036599338,0.01990818,0.94349253
id19140,0.025969738,0.019474607,0.95455563
id14570,0.90338343,0.026468493,0.070148006
id16079,0.927721,0.027326452,0.044952467
id06866,0.026695797,0.022396233,0.950908
id12730,0.019276569,0.9624731,0.01825035
id09257,0.03205891,0.019282183,0.94865894
id02782,0.09549679,0.025878336,0.8786249
id10412,0.95689666,0.020953663,0.022149628
id04988,0.019056631,0.9611037,0.019839711
id07728,0.90842104,0.06635118,0.025227752
id21947,0.9516804,0.0279057,0.02041389
id27700,0.9406478,0.03516457,0.024187597
id18178,0.0193456,0.9613575,0.019296886
id25949,0.07362104,0.9062012,0.0201778
id23008,0.023608435,0.02129898,0.9550926
id09238,0.88204575,0.040233288,0.07772089
id12943,0.02004578,0.9609013,0.019052943
id02659,0.019697152,0.96324295,0.017059952
id03648,0.94905996,0.024294188,0.026645828
id03954,0.9578827,0.021657739,0.020459542
id07026,0.020866144,0.9608588,0.018274995
id14228,0.01917936,0.96234965,0.018471016
id22647,0.019192474,0.022492953,0.9583146
id23435,0.952494,0.020930639,0.026575383
id08200,0.05183673,0.9297932,0.018370114
id23257,0.01954052,0.021066826,0.95939267
id02684,0.89324445,0.045793653,0.06096195
id05186,0.94343454,0.03845293,0.018112581
id25261,0.045340948,0.024779249,0.92987984
id24081,0.93937945,0.02670954,0.033911016
id27087,0.9582829,0.021787439,0.01992966
id03533,0.92995167,0.020096608,0.049951714
id07998,0.28297082,0.03918784,0.67784137
id01240,0.020605436,0.96020836,0.019186199
id24927,0.020418627,0.96156716,0.01801422
id15752,0.946046,0.025417631,0.028536394
id26594,0.020358184,0.9597155,0.019926336
id20012,0.023766492,0.020066451,0.95616704
id15476,0.022479216,0.02063423,0.9568866
id15624,0.95567083,0.022516528,0.021812588
id02404,0.02010251,0.9603819,0.019515563
id21944,0.115250275,0.0265054,0.8582443
id24442,0.9391451,0.024690483,0.03616445
id26490,0.63758564,0.04783872,0.3145756
id21897,0.95366395,0.021782713,0.024553377
id05575,0.5570198,0.044380914,0.39859933
id01874,0.018776733,0.9636257,0.01759756
id26617,0.9562093,0.021839034,0.021951692
id13079,0.0357957,0.021013485,0.9431909
id02068,0.4712712,0.14656304,0.38216582
id27872,0.8500844,0.022402328,0.12751326
id08814,0.519416,0.047068737,0.4335153
id12841,0.02129028,0.9604716,0.018238142
id06716,0.9485548,0.021606918,0.029838294
id10115,0.77845335,0.027635435,0.19391122
id16121,0.03278668,0.9496662,0.01754718
id00985,0.8265424,0.1332768,0.04018078
id06063,0.064155415,0.9141175,0.021727033
id22076,0.022842737,0.020745954,0.9564113
id27589,0.02472931,0.95670456,0.018566122
id18996,0.019794576,0.96241975,0.017785676
id05801,0.022028727,0.02080347,0.9571678
id06880,0.042797767,0.029366205,0.92783606
id25746,0.95210725,0.022410398,0.025482347
id02569,0.8945392,0.027655616,0.077805206
id23368,0.02028556,0.022262864,0.9574515
id23186,0.029042233,0.03720457,0.9337532
id07484,0.1644871,0.20744959,0.6280633
id06951,0.03771993,0.9452197,0.017060418
id23972,0.1355612,0.025242064,0.8391968
id25997,0.9520407,0.024906036,0.023053333
id10863,0.20769973,0.046733648,0.74556667
id25454,0.956319,0.019183028,0.024498044
id09071,0.019102622,0.96320087,0.01769652
id15125,0.018991483,0.9630963,0.017912222
id22672,0.020995205,0.021336436,0.95766836
id27813,0.021630416,0.020236881,0.95813274
id03960,0.022699753,0.026253128,0.9510471
id11526,0.02181391,0.959741,0.018445073
id07872,0.23740944,0.043805577,0.718785
id09497,0.9444302,0.024508843,0.031060964
id24222,0.020176634,0.048958384,0.930865
id04272,0.9121329,0.022990441,0.0648766
id02938,0.02005524,0.9621183,0.017826453
id00269,0.24371225,0.6794635,0.07682427
id14925,0.019911252,0.021705234,0.95838356
id17843,0.0528252,0.019919444,0.92725533
id20327,0.9533671,0.024089316,0.022543507
id13986,0.033298418,0.020533584,0.94616795
id21777,0.040918272,0.022277707,0.936804
id16285,0.028570836,0.9542511,0.017178077
id12045,0.79794246,0.17758612,0.024471458
id06237,0.94524556,0.022990871,0.03176357
id20483,0.019645602,0.020996649,0.95935774
id21708,0.9516781,0.022169165,0.02615279
id05422,0.9074922,0.03166714,0.06084069
id14544,0.94978434,0.022845974,0.027369699
id07488,0.022677297,0.9578966,0.019426098
id19353,0.020586971,0.96217203,0.017241031
id16174,0.01979521,0.021152286,0.9590525
id21765,0.06811754,0.027933184,0.90394926
id21583,0.023099096,0.9600031,0.016897878
id11740,0.051584207,0.38433936,0.5640764
id23396,0.92420816,0.028238755,0.047553003
id16511,0.6515726,0.070479356,0.27794814
id11598,0.9549394,0.024872143,0.020188479
id02804,0.9499546,0.020868352,0.029177
id07123,0.024437211,0.9564015,0.019161314
id13092,0.3481657,0.024416525,0.6274178
id13271,0.036607996,0.9438442,0.019547824
id06272,0.019766668,0.020474892,0.95975846
id06694,0.79346216,0.03855497,0.16798288
id04330,0.83773476,0.039796975,0.122468315
id20492,0.020621408,0.9617423,0.017636327
id14774,0.047376458,0.9347266,0.017896952
id02457,0.022012806,0.959451,0.018536162
id09725,0.039329004,0.9370015,0.0236695
id17116,0.03877069,0.8331713,0.12805803
id04106,0.2594889,0.04734834,0.6931628
id00557,0.9465839,0.023775244,0.029640839
id04683,0.022403665,0.020529252,0.95706713
id12081,0.92389774,0.0348969,0.041205294
id22575,0.019093502,0.9621105,0.018795917
id05602,0.5659278,0.021743707,0.4123285
id21532,0.8468971,0.025639933,0.12746295
id14584,0.7795427,0.18325935,0.037198033
id20301,0.95024824,0.020861378,0.028890425
id15251,0.9227929,0.032740355,0.044466756
id20270,0.020766908,0.96111906,0.018114055
id04738,0.9498818,0.024464017,0.025654187
id17962,0.06239339,0.020770913,0.9168357
id05003,0.021026293,0.021742024,0.9572317
id23576,0.94772184,0.028479567,0.023798574
id25745,0.020319525,0.96282995,0.01685053
id17062,0.95711166,0.020920465,0.021967934
id27507,0.028615545,0.020386811,0.95099765
id23898,0.9515565,0.02537236,0.02307111
id15929,0.018278342,0.9622961,0.01942555
id21330,0.13357079,0.029459378,0.83696985
id24990,0.95503616,0.020192102,0.024771739
id24185,0.027290288,0.019877221,0.9528325
id20455,0.9545092,0.020622265,0.024868542
id27952,0.29990894,0.67584187,0.024249246
id20592,0.9242463,0.020339658,0.05541405
id20616,0.13491866,0.33595687,0.52912444
id20591,0.04402871,0.020227147,0.93574417
id14177,0.87735397,0.057335973,0.0653101
id02169,0.95068777,0.02371347,0.02559875
id09818,0.030832708,0.019748537,0.9494187
id26864,0.021679902,0.9608891,0.017431006
id12388,0.019735811,0.9611096,0.019154595
id11038,0.86477536,0.034218222,0.101006374
id12061,0.95708126,0.020290615,0.02262812
id04018,0.12656596,0.025396517,0.84803754
id12405,0.19607224,0.7640847,0.03984311
id01878,0.94368947,0.022355868,0.03395472
id18897,0.019783651,0.9609299,0.019286446
id22682,0.029858917,0.95380706,0.016334038
id27115,0.020055838,0.9605856,0.01935858
id05234,0.8506032,0.06394301,0.085453734
id23726,0.9568674,0.021049704,0.022082895
id22075,0.020757843,0.96074325,0.018498901
id27216,0.9550185,0.01992574,0.025055777
id07109,0.024997827,0.95267755,0.022324624
id21292,0.7016939,0.21851762,0.07978852
id04158,0.019672748,0.020075534,0.9602517
id10534,0.9451254,0.023352522,0.031522084
id10989,0.21701019,0.7565375,0.026452389
id17817,0.026790217,0.02066434,0.95254546
id14617,0.019574704,0.9610797,0.01934564
id01978,0.9501475,0.021955779,0.02789675
id14202,0.019199343,0.02173219,0.9590685
id12332,0.07861334,0.0233534,0.8980333
id03649,0.018840352,0.96235967,0.018799921
id21830,0.67717016,0.029093226,0.29373664
id11278,0.77914196,0.10277621,0.11808187
id22343,0.95635605,0.021652648,0.021991316
id08160,0.95083505,0.022597233,0.026567718
id10506,0.9242387,0.022794578,0.052966762
id01006,0.8966231,0.023262972,0.08011394
id07000,0.019518329,0.96257055,0.017911175
id15958,0.028617604,0.0196707,0.9517117
id27256,0.92679894,0.027610773,0.04559031
id00072,0.9493413,0.021593533,0.029065173
id08562,0.061563592,0.02770515,0.91073126
id24309,0.02294498,0.020772906,0.95628214
id07355,0.045171198,0.93526447,0.019564355
id18604,0.021414641,0.020346506,0.9582389
id04076,0.035817266,0.9454385,0.018744253
id26925,0.02001975,0.96108264,0.018897539
id14852,0.95477307,0.023271084,0.021955851
id05584,0.035068363,0.020901075,0.9440306
id22864,0.021106426,0.9619023,0.01699125
id05507,0.95720035,0.02160661,0.021193026
id11434,0.20025429,0.75607157,0.043674055
id08324,0.03581645,0.94058174,0.023601832
id23117,0.21911368,0.76006895,0.020817423
id16296,0.9568303,0.021953505,0.021216143
id18924,0.1478966,0.8217373,0.03036606
id15909,0.80035555,0.03133202,0.1683124
id25338,0.28949255,0.026206652,0.6843008
id25981,0.9504615,0.02397909,0.025559437
id14670,0.95469475,0.023818322,0.021486968
id12396,0.02320763,0.95774007,0.01905234
id19277,0.022847954,0.021646159,0.95550585
id24809,0.90808815,0.055135373,0.03677647
id20846,0.13615713,0.024328262,0.8395146
id11040,0.02540138,0.019297395,0.9553013
id06094,0.9559452,0.020449188,0.023605676
id22795,0.04946745,0.93260354,0.017929006
id04747,0.024252143,0.022538964,0.9532089
id05432,0.04243226,0.021325475,0.9362423
id25198,0.9521861,0.023541199,0.024272706
id00592,0.9540652,0.021807421,0.024127353
id13221,0.022151355,0.9597244,0.018124247
id23301,0.09739266,0.024495233,0.87811214
id21781,0.035850897,0.020480484,0.94366866
id00642,0.019174788,0.964419,0.016406229
id12760,0.7457298,0.030059794,0.22421041
id13666,0.103888266,0.027240789,0.868871
id04997,0.9137385,0.031691246,0.054570273
id21906,0.582724,0.18220781,0.23506826
id26072,0.028080212,0.95485663,0.017063152
id19004,0.08069617,0.020815726,0.89848816
id11638,0.022676168,0.021331739,0.9559921
id01941,0.95580214,0.02140064,0.022797238
id18590,0.94933206,0.03176574,0.018902222
id01856,0.023541419,0.9592728,0.017185796
id04469,0.949547,0.025458908,0.024994072
id11732,0.029613545,0.019922754,0.9504637
id06824,0.02035727,0.020764796,0.9588779
id11941,0.020273333,0.96358705,0.01613964
id06786,0.9501585,0.022550926,0.027290544
id22028,0.022805044,0.020645734,0.9565492
id14323,0.0362548,0.02362163,0.94012356
id11134,0.022542674,0.95823944,0.019217929
id09894,0.95543116,0.02106758,0.023501256
id19046,0.5504982,0.03225296,0.41724887
id26307,0.018989468,0.96279866,0.018211896
id22554,0.02962643,0.5046922,0.46568137
id16042,0.66383266,0.24046175,0.09570558
id19948,0.94541574,0.021564253,0.03302003
id02019,0.019355293,0.9619582,0.018686492
id02727,0.37190425,0.6000541,0.028041666
id08679,0.019971605,0.020596575,0.9594318
id27436,0.025675848,0.020863095,0.95346105
id07161,0.8628289,0.0788765,0.058294535
id11869,0.024994956,0.9590598,0.015945286
id00076,0.033232562,0.01896604,0.9478014
id00586,0.036904115,0.9345978,0.028498167
id14423,0.07162249,0.021318432,0.9070591
id25611,0.021745618,0.96208686,0.01616751
id13872,0.46786618,0.50190634,0.030227479
id08102,0.019420175,0.9616197,0.018960172
id03475,0.71078014,0.14988878,0.13933107
id07569,0.022126757,0.02123771,0.9566355
id04616,0.95239323,0.020365281,0.02724143
id07266,0.95640683,0.022107936,0.021485196
id16104,0.46443424,0.035728134,0.49983764
id05031,0.78650755,0.047950532,0.16554196
id12290,0.95589066,0.023111437,0.020997915
id26428,0.08718745,0.023262745,0.88954985
id07837,0.020405754,0.02069809,0.95889616
id19918,0.021022204,0.961431,0.01754677
id13067,0.03636361,0.8501268,0.113509625
id11540,0.020068979,0.96102476,0.018906252
id17215,0.3368857,0.05052375,0.61259055
id01745,0.03794319,0.021341112,0.9407157
id00617,0.9536856,0.019752676,0.026561767
id02879,0.020810734,0.020987546,0.9582017
id22811,0.9462873,0.019247625,0.034465127
id17744,0.019815711,0.9609346,0.019249743
id04341,0.026818484,0.95583135,0.017350178
id08690,0.9562575,0.019755395,0.02398711
id11565,0.95157737,0.025012646,0.023410004
id09634,0.019527303,0.021036949,0.95943576
id15427,0.58703625,0.29910696,0.113856815
id11484,0.029148297,0.019998288,0.9508534
id26859,0.9571434,0.023502778,0.019353809
id02880,0.93365765,0.031862687,0.034479737
id21584,0.020354299,0.02161992,0.95802575
id14918,0.9552434,0.022605728,0.02215088
id20117,0.02005185,0.96221864,0.017729526
id17002,0.045319207,0.02035665,0.93432415
id13158,0.10944714,0.048195533,0.84235734
id11457,0.08521906,0.024237217,0.89054376
id22103,0.9543997,0.022673981,0.022926386
id27529,0.02868349,0.068119235,0.9031973
id25918,0.020101931,0.962218,0.017680122
id24611,0.089255154,0.89130485,0.019439965
id13996,0.020709315,0.9609909,0.0182997
id05259,0.8797237,0.030297514,0.08997873
id13593,0.02405782,0.020543357,0.95539886
id18017,0.45562798,0.032992437,0.5113796
id04960,0.07143986,0.8830409,0.04551927
id13758,0.020307753,0.02143386,0.95825833
id04492,0.78343344,0.04344392,0.17312263
id05023,0.022779193,0.019492405,0.9577284
id05950,0.9522157,0.02313377,0.024650557
id11006,0.953468,0.021367736,0.025164189
id09643,0.085902795,0.028084464,0.88601273
id06055,0.024322815,0.021096755,0.9545804
id17368,0.017645119,0.023347983,0.9590069
id14176,0.02099247,0.020594154,0.95841336
id27198,0.030477496,0.020083582,0.9494389
id05649,0.9513774,0.022940453,0.025682092
id25189,0.95554316,0.021051098,0.02340576
id05589,0.91645306,0.032801665,0.05074525
id08042,0.9573225,0.021149175,0.021528305
id13680,0.030964494,0.020894993,0.9481405
id07827,0.02409092,0.020170985,0.95573807
id18530,0.95673645,0.0210264,0.022237191
id08813,0.5955563,0.03155009,0.37289363
id05914,0.10608177,0.021564344,0.8723539
id00488,0.022795884,0.9605993,0.01660483
id03668,0.94419307,0.027152356,0.02865457
id24088,0.019767119,0.96087116,0.019361734
id02988,0.11993609,0.7425581,0.13750578
id20364,0.9535417,0.02295619,0.02350211
id16851,0.034491908,0.022970537,0.94253755
id20843,0.7130685,0.030137468,0.2567941
id27424,0.895521,0.02839714,0.07608186
id06862,0.95483416,0.021961458,0.023204397
id19411,0.01940985,0.96032506,0.020265078
id23789,0.83342963,0.023645766,0.14292459
id23545,0.02021777,0.96039146,0.019390775
id05639,0.02445477,0.020949446,0.9545958
id07046,0.019834278,0.96236277,0.017802965
id23634,0.9291253,0.020477444,0.05039716
id05799,0.0212791,0.021159159,0.9575618
id19418,0.045429546,0.020190567,0.9343799
id21189,0.029850265,0.95117027,0.018979492
id22281,0.9561195,0.021026205,0.022854356
id16127,0.9092256,0.023186948,0.06758752
id05867,0.70888555,0.029461762,0.26165268
id01211,0.06226595,0.9217824,0.015951743
id10078,0.02001013,0.021895006,0.9580949
id17157,0.95267725,0.027821295,0.019501435
id23293,0.7443985,0.037949882,0.21765164
id03589,0.91823596,0.037214812,0.04454924
id03387,0.026823593,0.021328403,0.95184803
id21470,0.9539223,0.021405518,0.02467224
id22763,0.018752987,0.020732071,0.96051496
id02601,0.34168735,0.5724256,0.085887104
id09923,0.9317591,0.023736803,0.04450411
id05935,0.018940505,0.96125335,0.019806135
id14296,0.032927014,0.02007373,0.94699925
id04605,0.95677745,0.020364553,0.022858026
id08167,0.021089911,0.02177667,0.9571334
id12659,0.9443846,0.025471276,0.030144146
id21553,0.8768817,0.0807651,0.04235319
id13510,0.018615212,0.9629963,0.0183885
id04734,0.018290892,0.02332698,0.9583821
id17689,0.021227978,0.02083898,0.95793307
id08148,0.8826662,0.0843251,0.03300878
id14908,0.019630913,0.96187794,0.01849118
id17238,0.04193553,0.5966346,0.36142984
id27146,0.022983968,0.019648993,0.95736706
id16670,0.6883528,0.27941465,0.032232597
id12023,0.58812815,0.036390506,0.3754814
id18129,0.928735,0.026165744,0.04509927
id07365,0.021067461,0.9596372,0.019295353
id03073,0.08908412,0.029745812,0.8811701
id14824,0.01909485,0.96339244,0.017512752
id26339,0.95424783,0.02150108,0.024251102
id16562,0.022901094,0.9555576,0.021541327
id22182,0.019981274,0.96049684,0.019521879
id27892,0.9317465,0.026341505,0.041911963
id23713,0.91444284,0.05958888,0.025968283
id00214,0.9537205,0.02102333,0.025256153
id21698,0.020048713,0.02077784,0.95917344
id17685,0.048383184,0.02255426,0.92906255
id24848,0.6411074,0.03053947,0.3283532
id01544,0.93338823,0.03732457,0.0292872
id12344,0.024646997,0.95703745,0.018315563
id00513,0.92941874,0.02139842,0.04918277
id19448,0.9561631,0.022613611,0.021223301
id11942,0.5792977,0.047410507,0.3732918
id16370,0.04131123,0.941592,0.017096702
id06508,0.029728968,0.020056587,0.9502145
id20829,0.019061588,0.9624313,0.018507117
id27450,0.9574695,0.019974424,0.022556085
id07362,0.038902335,0.06532033,0.89577734
id15120,0.2544096,0.044883102,0.70070726
id10568,0.91338927,0.023578392,0.06303236
id09623,0.9390354,0.025400385,0.035564177
id06139,0.5302415,0.44382253,0.025935993
id24022,0.24328259,0.02797782,0.72873956
id02108,0.9565719,0.022192767,0.021235371
id14950,0.02690802,0.019919487,0.9531725
id01142,0.021563884,0.020766703,0.95766944
id15655,0.83286154,0.027833452,0.139305
id13975,0.020403152,0.9626237,0.016973171
id00160,0.024540585,0.9567976,0.01866176
id08273,0.03452339,0.020511491,0.9449651
id13642,0.019731976,0.021173192,0.9590948
id25452,0.90963644,0.03320769,0.05715592
id24806,0.2780382,0.028543329,0.69341844
id20664,0.025383908,0.020687353,0.95392877
id13359,0.02794344,0.9545755,0.017481064
id24579,0.9508345,0.022306865,0.026858654
id23389,0.9418777,0.03298412,0.025138121
id06502,0.024036217,0.019714883,0.9562489
id03083,0.9528731,0.020618876,0.026508007
id01694,0.9415369,0.02126256,0.03720054
id21872,0.24152078,0.63836896,0.1201103
id01860,0.021576867,0.020666404,0.95775676
id18127,0.8669393,0.030088197,0.10297254
id01490,0.020856488,0.020081762,0.9590618
id00183,0.9487288,0.023367846,0.027903398
id15458,0.2155848,0.035142124,0.7492731
id04289,0.8627795,0.10664277,0.030577725
id02129,0.024171166,0.02287538,0.9529534
id10271,0.7489318,0.024303261,0.22676495
id02982,0.02190925,0.96071774,0.017373051
id15036,0.043264426,0.9406535,0.016082082
id15854,0.95641917,0.021101983,0.022478769
id10252,0.022587053,0.021173332,0.95623964
id24359,0.019513773,0.022572603,0.95791364
id18620,0.031237895,0.951835,0.016927129
id25768,0.021193055,0.021431683,0.9573753
id16604,0.9410746,0.028172767,0.03075257
id24942,0.70721865,0.02604658,0.26673478
id12989,0.019590117,0.9614401,0.018969722
id13841,0.95229656,0.019866176,0.027837267
id15481,0.019617993,0.026840717,0.9535413
id10600,0.022660056,0.022457335,0.9548826
id18528,0.2951735,0.022459932,0.68236655
id16465,0.01993496,0.961621,0.018444095
id14204,0.11004305,0.87093115,0.019025765
id05924,0.94579935,0.024603574,0.029597037
id16756,0.019227944,0.024239669,0.95653236
id01167,0.8824948,0.04415423,0.07335096
id27624,0.018860599,0.96280277,0.01833665
id13724,0.61633426,0.051816575,0.3318492
id03677,0.5720017,0.0217601,0.40623817
id26463,0.6229106,0.18778294,0.18930648
id15623,0.9346952,0.026763385,0.03854142
id26379,0.01929513,0.02164849,0.9590564
id25294,0.026588272,0.019834451,0.9535773
id04100,0.021441812,0.9601679,0.018390289
id23831,0.75454175,0.06863894,0.17681932
id17334,0.9556841,0.022258712,0.022057189
id19506,0.021071078,0.021772299,0.95715666
id18629,0.72697705,0.24948053,0.023542378
id09105,0.07289013,0.02451716,0.90259266
id27735,0.94900405,0.025124442,0.025871519
id22840,0.91578376,0.023960933,0.06025527
id01465,0.09690594,0.057201765,0.8458923
id27750,0.944969,0.029095972,0.025935043
id20421,0.023007724,0.019533098,0.95745915
id23826,0.9345829,0.03981299,0.025604129
id23219,0.7257747,0.22725457,0.04697066
id06442,0.021452503,0.021174897,0.95737255
id07847,0.9537705,0.02233928,0.023890179
id16995,0.831377,0.05076793,0.117855
id07626,0.25538528,0.3929729,0.35164183
id21920,0.020470485,0.96222067,0.017308803
id22340,0.9403232,0.023632262,0.03604457
id22108,0.8077717,0.13128385,0.060944498
id25661,0.48133278,0.026906405,0.49176082
id16284,0.8578313,0.057437647,0.084731065
id19900,0.9541397,0.022247788,0.023612536
id20864,0.9375232,0.022220852,0.040256
id26099,0.6960621,0.1647496,0.13918829
id00333,0.16798688,0.088654764,0.7433584
id27278,0.019019637,0.9617407,0.019239703
id16758,0.080081284,0.89582455,0.024094218
id25660,0.77524173,0.07037242,0.15438583
id05146,0.5807937,0.050344568,0.36886176
id24812,0.024245897,0.02001801,0.95573604
id12003,0.94892013,0.02330454,0.027775345
id04569,0.032057222,0.94945323,0.018489523
id08269,0.68199074,0.11571437,0.2022949
id06080,0.9546696,0.02082012,0.024510298
id09782,0.19953552,0.78005296,0.020411573
id19722,0.019522924,0.96153986,0.01893726
id02781,0.021011734,0.020210799,0.9587775
id13385,0.95081663,0.021293495,0.027889874
id24676,0.20963903,0.029523563,0.76083744
id07628,0.85362136,0.028820211,0.1175584
id19363,0.022477567,0.0200572,0.9574653
id27392,0.958388,0.021151975,0.020460125
id26486,0.7715268,0.033841114,0.1946321
id02440,0.81894064,0.046573736,0.13448563
id26878,0.8492239,0.056054246,0.09472185
id23044,0.95660836,0.021597607,0.02179405
id24170,0.15800661,0.82221353,0.019779887
id22332,0.1936419,0.028469246,0.77788883
id27933,0.88559496,0.0298285,0.08457653
id17535,0.020562256,0.021250281,0.95818746
id19700,0.01881037,0.96380126,0.017388333
id19809,0.04044165,0.40281332,0.55674505
id04484,0.02514199,0.0209153,0.9539427
id00481,0.028116928,0.024035484,0.9478476
id27510,0.95517683,0.021027977,0.023795202
id04635,0.93389577,0.026511531,0.03959266
id26027,0.94212985,0.023466835,0.03440335
id09300,0.05380231,0.92936736,0.01683033
id06381,0.024556406,0.019879896,0.9555637
id18038,0.019926202,0.021132858,0.9589409
id22011,0.040418886,0.93463737,0.02494375
id10608,0.01895076,0.9630503,0.017998962
id23054,0.7822724,0.028313648,0.189414
id13904,0.020343205,0.962729,0.01692781
id13855,0.024405504,0.04956908,0.9260254
id17630,0.18386911,0.6267962,0.18933466
id08595,0.09485515,0.023476731,0.88166815
id09532,0.47572327,0.03753667,0.48674005
id13176,0.021595582,0.021066323,0.95733815
id27237,0.025967922,0.020424124,0.953608
id16704,0.021157676,0.024201987,0.9546403
id20994,0.029888872,0.02121971,0.94889146
id17501,0.019913074,0.96298873,0.017098207
id16509,0.02691662,0.022300974,0.9507824
id15081,0.097514875,0.022770684,0.8797145
id24414,0.11814003,0.035162736,0.8466972
id09220,0.02035221,0.022235977,0.9574118
id26514,0.02369265,0.021351133,0.95495623
id14703,0.9539307,0.01983448,0.026234876
id19838,0.025207048,0.02206258,0.95273036
id23297,0.81262696,0.032053825,0.15531926
id17113,0.9563759,0.02085502,0.022769151
id11693,0.8726614,0.033204395,0.094134256
id00847,0.09296335,0.19380483,0.7132318
id00233,0.22708535,0.03323946,0.73967516
id02776,0.7572219,0.21644282,0.02633528
id10396,0.85904866,0.02526991,0.11568141
id18222,0.83682597,0.13264778,0.030526299
id13476,0.026822373,0.026086092,0.9470916
id08007,0.028954532,0.020871302,0.95017415
id12984,0.022214392,0.020663304,0.9571223
id04174,0.025255434,0.95708656,0.017657954
id23874,0.019956337,0.02140308,0.9586406
id00595,0.019608239,0.9603007,0.020091059
id18041,0.95334923,0.023185482,0.02346531
id17403,0.95080173,0.024209125,0.024989069
id11741,0.9491544,0.025736991,0.025108635
id16928,0.28305334,0.052071434,0.6648752
id21913,0.022311054,0.024181157,0.9535078
id05939,0.019392269,0.022410268,0.9581975
id12429,0.019420069,0.9624608,0.018119145
id04447,0.20772664,0.05737526,0.7348981
id15928,0.59815645,0.04589743,0.35594612
id13126,0.037934363,0.021429686,0.940636
id03989,0.9432077,0.020445308,0.036347013
id08950,0.03141244,0.950393,0.018194536
id26494,0.020787967,0.020907084,0.95830494
id09289,0.06973892,0.03317582,0.8970853
id16295,0.019355802,0.9622213,0.018422808
id01616,0.02067278,0.96150255,0.017824695
id25251,0.03149844,0.020205377,0.9482962
id10354,0.6350003,0.03698325,0.3280165
id08559,0.17751625,0.7911947,0.031289086
id20385,0.95273614,0.022401681,0.024862193
id01760,0.9317767,0.023903536,0.04431972
id04242,0.31941858,0.029655397,0.65092605
id05652,0.041928805,0.9417982,0.016273018
id05269,0.022341972,0.9605984,0.017059635
id11218,0.1312462,0.06822,0.8005338
id19158,0.01952603,0.96266675,0.017807238
id00927,0.024793152,0.020893784,0.9543131
id25636,0.074421324,0.29929465,0.62628406
id20727,0.035424985,0.021982152,0.9425929
id01645,0.9514303,0.023279166,0.02529049
id19931,0.67609197,0.12451936,0.19938865
id12473,0.019767616,0.96108264,0.019149741
id00618,0.94980997,0.023105102,0.027084945
id27329,0.019537466,0.022477709,0.9579848
id11553,0.95593023,0.02213664,0.021933103
id10357,0.020100074,0.021201437,0.9586985
id11392,0.049699068,0.020947665,0.92935324
id03634,0.20262298,0.77317417,0.024202844
id15781,0.9520203,0.02084042,0.027139317
id11706,0.021495387,0.021406468,0.9570982
id04248,0.9287894,0.043050375,0.02816027
id26011,0.11988406,0.030731004,0.84938496
id17478,0.021269545,0.020264294,0.9584662
id16179,0.16487552,0.762827,0.07229754
id11340,0.9095418,0.024943631,0.065514624
id05629,0.095003985,0.87964666,0.02534937
id00266,0.033031974,0.020624848,0.9463431
id18514,0.0412494,0.022754375,0.93599623
id05167,0.028923415,0.026550934,0.9445256
id08943,0.91918653,0.033204403,0.047609102
id14580,0.020705733,0.9619295,0.017364735
id24496,0.9519044,0.026337001,0.021758586
id04884,0.021125872,0.03563794,0.9432362
id08011,0.021905793,0.02093218,0.957162
id17807,0.021249771,0.019941945,0.9588083
id05694,0.94704276,0.026498308,0.026458958
id02907,0.020928003,0.9606923,0.018379642
id23235,0.06219093,0.023328735,0.9144803
id26764,0.9513556,0.019876024,0.028768396
id12226,0.02005238,0.022233034,0.95771456
id15157,0.95378476,0.02025001,0.025965273
id27127,0.024922784,0.020422023,0.9546552
id27723,0.02202295,0.020823833,0.9571532
id10742,0.02062117,0.96090144,0.018477427
id22951,0.0965839,0.024521608,0.8788945
id09429,0.21832725,0.029617,0.75205576
id26058,0.023099467,0.9575496,0.019350888
id27415,0.30107346,0.62518847,0.073738076
id06938,0.9290585,0.02133966,0.049601838
id18702,0.94371665,0.021120582,0.035162773
id05229,0.9420168,0.031224603,0.0267586
id05219,0.021873752,0.020343512,0.95778275
id26375,0.02466404,0.95773816,0.017597798
id19622,0.93940353,0.035827942,0.024768574
id13333,0.34411108,0.20096529,0.45492363
id25849,0.019810427,0.962632,0.017557593
id06780,0.34401736,0.027275989,0.62870663
id01128,0.050569892,0.023342293,0.92608786
id22697,0.019189287,0.021180328,0.95963037
id03725,0.73516655,0.036887705,0.22794572
id06570,0.9309055,0.024978219,0.044116236
id07834,0.020246062,0.021541368,0.95821255
id08930,0.9200036,0.021377852,0.058618516
id03276,0.023256673,0.020799927,0.9559434
id07367,0.021786446,0.9606535,0.017560005
id12250,0.9502666,0.025509177,0.024224238
id00461,0.26688215,0.03720062,0.69591725
id17583,0.95506907,0.022577245,0.022353662
id07331,0.044382986,0.78851306,0.16710395
id09844,0.0495722,0.021804221,0.92862356
id12595,0.066557296,0.02292088,0.9105218
id12911,0.01953609,0.960606,0.019857932
id13334,0.27059853,0.028685186,0.7007163
id03231,0.22458026,0.6805972,0.094822526
id16441,0.023567544,0.023594579,0.9528378
id11427,0.034927014,0.021265035,0.94380796
id16919,0.9515613,0.02170164,0.026737073
id04388,0.02147222,0.021089163,0.95743865
id09608,0.054800063,0.7908111,0.15438884
id14912,0.050577395,0.019196406,0.9302262
id24621,0.035966296,0.86036396,0.10366978
id14904,0.025650874,0.02329917,0.95105
id09209,0.023205284,0.02125527,0.9555394
id10425,0.9574294,0.020138845,0.022431763
id04915,0.789703,0.032508414,0.17778859
id01417,0.09719,0.8790123,0.023797713
id12318,0.95038044,0.0265357,0.02308392
id01184,0.06732512,0.028711261,0.9039636
id05349,0.020088876,0.020900033,0.9590111
id14718,0.029829467,0.020428509,0.949742
id20392,0.3517933,0.024338828,0.62386787
id10071,0.036966342,0.027351901,0.9356817
id24369,0.9571099,0.020778751,0.022111282
id22137,0.95769733,0.022049027,0.020253655
id14478,0.024411067,0.018355202,0.9572337
id10018,0.029685805,0.020544907,0.9497693
id13357,0.019562535,0.9619366,0.018500863
id06093,0.025749914,0.021433558,0.95281655
id26039,0.024126144,0.020287912,0.95558596
id05974,0.021510335,0.96090114,0.017588558
id09745,0.6817001,0.2949107,0.023389248
id01255,0.15868594,0.82253957,0.01877453
id25995,0.018893333,0.96330726,0.017799428
id01205,0.8654105,0.05631808,0.07827148
id09735,0.07122711,0.9104618,0.018311108
id19431,0.16164342,0.81821877,0.020137832
id10226,0.94498914,0.0203196,0.034691304
id22446,0.9549477,0.021655688,0.023396602
id10207,0.030703193,0.30025938,0.66903746
id02564,0.9212165,0.029882256,0.04890123
id15113,0.92341006,0.028433671,0.048156254
id20230,0.900474,0.027672729,0.0718533
id18155,0.9455214,0.024095755,0.030382788
id23722,0.020489832,0.020866742,0.95864344
id20241,0.9437785,0.020776609,0.035444908
id10580,0.022243313,0.020575142,0.9571816
id09405,0.04193921,0.020661606,0.9373992
id16297,0.020964723,0.9610387,0.0179966
id27247,0.23340328,0.027107546,0.7394892
id26321,0.9562443,0.022256225,0.021499531
id18503,0.025906026,0.01925465,0.95483935
id04178,0.042052865,0.9400517,0.0178955
id22695,0.019794885,0.022557175,0.957648
id04368,0.9515562,0.02236211,0.026081692
id20585,0.95639133,0.023182726,0.02042594
id21615,0.56479484,0.080985285,0.35421988
id10830,0.018641563,0.9624993,0.018859038
id22143,0.95509607,0.024063408,0.020840542
id21600,0.954652,0.023893386,0.021454526
id23773,0.95345443,0.019323241,0.02722234
id08505,0.95651066,0.021735234,0.021754079
id27152,0.948277,0.022295441,0.029427573
id09817,0.026174858,0.9537207,0.020104475
id02355,0.7573592,0.069805175,0.17283562
id23629,0.9361226,0.021336248,0.04254116
id22194,0.94997513,0.019886049,0.030138858
id05592,0.032236658,0.021547284,0.9462161
id02916,0.021160712,0.021333342,0.957506
id22284,0.9451677,0.03032599,0.024506249
id14574,0.027257971,0.020241147,0.9525009
id16820,0.031407822,0.02377389,0.9448183
id04513,0.9554372,0.020470269,0.024092548
id05853,0.9315942,0.03063921,0.03776661
id23528,0.020892369,0.9610516,0.018056039
id06684,0.9462107,0.020109227,0.03368012
id19793,0.955696,0.020627351,0.023676641
id05567,0.2084617,0.029274797,0.76226354
id01637,0.018658422,0.9622337,0.019107891
id24264,0.030777896,0.019447295,0.94977486
id08558,0.01892162,0.96248734,0.018591069
id01977,0.045293856,0.8125106,0.14219557
id14665,0.021704247,0.96083826,0.017457502
id24485,0.05714097,0.9207066,0.02215242
id00331,0.6149013,0.05447244,0.33062625
id06004,0.032100655,0.02004154,0.94785786
id08168,0.019412788,0.9612767,0.019310493
id02054,0.955036,0.021236321,0.023727696
id27733,0.03728868,0.022584038,0.94012725
id26596,0.020437554,0.9620326,0.017529825
id05275,0.18294257,0.76684356,0.050213926
id23093,0.9529906,0.024475047,0.022534396
id13304,0.024987938,0.019668043,0.955344
id09513,0.9500656,0.019890891,0.030043468
id14943,0.95252055,0.022249296,0.02523014
id10936,0.924591,0.03365786,0.041751143
id18771,0.7478436,0.21680813,0.03534823
id09708,0.9462211,0.029899431,0.023879476
id17204,0.939706,0.030568946,0.02972504
id27515,0.019933958,0.9614507,0.018615376
id04438,0.692929,0.021381753,0.28568923
id14306,0.8231699,0.14785811,0.028972004
id10235,0.033013575,0.020282777,0.9467037
id19034,0.50722027,0.4572278,0.035551947
id27850,0.12430024,0.028426792,0.847273
id23316,0.95288885,0.023708383,0.023402724
id21265,0.8933939,0.023889694,0.08271638
id13944,0.028666444,0.019466387,0.95186716
id00416,0.01909207,0.96186864,0.019039307
id04702,0.9446811,0.02267453,0.032644406
id07679,0.051745713,0.66057026,0.28768405
id17063,0.020589923,0.96106696,0.018343113
id25840,0.04866593,0.7366787,0.21465531
id16767,0.023115879,0.9585282,0.018355884
id10275,0.02369223,0.019060563,0.95724726
id19913,0.40806162,0.54681635,0.045122083
id16158,0.020148298,0.96194124,0.01791044
id19914,0.023830213,0.020189935,0.9559798
id09409,0.10746854,0.026508711,0.86602277
id14026,0.9301532,0.025764968,0.044081837
id27022,0.023873627,0.9585974,0.017528936
id06324,0.019131884,0.9623262,0.018541874
id22614,0.020823887,0.022256915,0.9569192
id02338,0.949007,0.023728272,0.027264802
id02862,0.028426573,0.9440663,0.027507069
id14818,0.041635524,0.023191094,0.9351734
id00648,0.5810346,0.37554708,0.043418374
id21812,0.025218636,0.019630669,0.9551507
id04567,0.019974226,0.96123093,0.018794823
id20462,0.022495318,0.020328494,0.9571762
id21110,0.04269123,0.02040503,0.9369038
id27524,0.9150527,0.05848697,0.02646028
id10739,0.018994357,0.023994815,0.95701087
id25519,0.66476935,0.040027987,0.2952027
id09509,0.08848946,0.036989026,0.87452155
id24062,0.19717556,0.77015126,0.03267316
id17909,0.67697346,0.024709286,0.29831725
id09896,0.1423087,0.02492181,0.8327695
id11587,0.020842195,0.95890397,0.02025385
id09957,0.31133217,0.5260075,0.16266033
id02070,0.020627037,0.020966655,0.9584063
id25658,0.94894856,0.024664838,0.026386647
id19870,0.67974055,0.056334067,0.26392537
id11774,0.032239348,0.019976484,0.9477841
id21315,0.9314013,0.037298903,0.031299796
id15873,0.93661547,0.040899646,0.022484878
id19302,0.019473279,0.96158254,0.018944185
id07239,0.03509511,0.94204867,0.02285623
id10178,0.92267275,0.021490565,0.055836633
id00074,0.9539676,0.022825863,0.023206599
id21736,0.04806051,0.9285574,0.02338208
id25383,0.029457742,0.95215815,0.018384097
id01649,0.90414083,0.04862763,0.04723157
id15990,0.21719143,0.031708777,0.7510998
id04940,0.95428985,0.020169618,0.025540557
id09041,0.48016527,0.4968072,0.023027493
id12499,0.42826515,0.35061413,0.22112074
id27324,0.021076843,0.9586174,0.02030571
id20396,0.7475577,0.23227103,0.020171303
id20065,0.9523284,0.021645654,0.026026005
id09659,0.13839701,0.033399187,0.82820386
id04632,0.019965412,0.020561542,0.9594731
id17313,0.94922894,0.021598434,0.02917257
id04995,0.9408339,0.039767496,0.019398568
id26559,0.8942146,0.025952296,0.079833165
id06974,0.10147969,0.022845414,0.8756749
id22141,0.9505839,0.021374699,0.028041434
id11508,0.027590817,0.02102528,0.95138395
id09766,0.039475176,0.9445044,0.016020399
id24382,0.04513098,0.28017524,0.6746938
id12016,0.9335868,0.029890856,0.036522333
id07298,0.95406157,0.022311129,0.023627305
id17985,0.022000898,0.95965886,0.018340219
id09057,0.04845359,0.019305857,0.93224055
id23310,0.019535169,0.021249857,0.959215
id13265,0.9087925,0.02101348,0.07019403
id25920,0.95274067,0.022948403,0.024310917
id15012,0.8920762,0.023822527,0.084101245
id12939,0.019614292,0.9605562,0.019829517
id13329,0.95329726,0.020065313,0.026637465
id11410,0.02135062,0.9606536,0.017995818
id08203,0.081371084,0.8958271,0.022801854
id09399,0.08101901,0.89912057,0.01986045
id24807,0.020951191,0.020745788,0.958303
id24976,0.77392536,0.026328582,0.19974606
id19630,0.02575472,0.022167545,0.95207775
id00231,0.022763222,0.9590448,0.01819202
id06157,0.025555706,0.9559375,0.018506777
id26817,0.02190577,0.022161184,0.95593303
id21083,0.029977987,0.019863907,0.9501581
id27634,0.88918793,0.085508645,0.025303433
id12397,0.019930385,0.0215129,0.9585567
id02643,0.025505662,0.021665778,0.9528286
id13731,0.021935277,0.95992994,0.018134804
id17953,0.02008502,0.020936256,0.9589788
id10342,0.23018768,0.032933723,0.7368786
id19652,0.47003525,0.4908287,0.039136022
id03505,0.022717167,0.9590306,0.018252136
id27602,0.49494597,0.42615244,0.07890161
id13311,0.033410694,0.018036712,0.9485526
id20008,0.87895834,0.03326639,0.08777526
id14404,0.020563757,0.021720361,0.95771587
id09413,0.02200229,0.020744255,0.95725346
id01897,0.021789616,0.95982087,0.018389504
id14873,0.9425421,0.034752265,0.022705685
id25588,0.9560513,0.021412639,0.022536103
id15549,0.04748496,0.9298222,0.02269286
id20796,0.14627814,0.023274353,0.8304475
id11138,0.09904261,0.023667391,0.87729
id18398,0.01875033,0.02254131,0.9587084
id01871,0.88190275,0.022892766,0.0952045
id15968,0.9548299,0.021267636,0.023902481
id18197,0.020208929,0.020768004,0.9590231
id20939,0.021262158,0.02022238,0.95851547
id20570,0.020677907,0.023135928,0.9561862
id00432,0.9505453,0.020228285,0.029226422
id19537,0.021964459,0.96061635,0.017419245
id12930,0.95347565,0.024860507,0.021663824
id26222,0.019910265,0.96026725,0.019822467
id10623,0.95442235,0.02196643,0.023611194
id15460,0.01864559,0.96288073,0.018473733
id22824,0.95482445,0.020242516,0.024933038
id02968,0.17011783,0.031349443,0.7985327
id19017,0.7832457,0.18717684,0.029577503
id26743,0.020546895,0.9621255,0.017327607
id04161,0.9049276,0.026877707,0.06819471
id08976,0.01962623,0.96005577,0.020318056
id13339,0.019560557,0.96178055,0.01865888
id25051,0.731665,0.026728556,0.24160644
id22649,0.9472855,0.0205985,0.032116033
id00040,0.019623509,0.9601401,0.020236358
id08855,0.8731682,0.08391271,0.042919118
id24622,0.94920725,0.022457307,0.028335435
id02301,0.9338332,0.037931297,0.02823545
id07047,0.2986064,0.081896625,0.619497
id04423,0.9566671,0.021619696,0.021713236
id02790,0.07390228,0.90588176,0.02021592
id08754,0.021801114,0.96163523,0.016563637
id20297,0.030999806,0.018861037,0.95013916
id04307,0.021157412,0.96103,0.017812638
id18927,0.07117967,0.028036598,0.9007837
id27393,0.0306019,0.023464166,0.94593394
id15260,0.18349922,0.7933304,0.023170467
id03679,0.6352934,0.036917556,0.327789
id17381,0.9554738,0.022806892,0.021719353
id13196,0.8073597,0.023925412,0.16871491
id21493,0.023240922,0.022282748,0.95447636
id11088,0.024458203,0.020902345,0.95463943
id15801,0.7589587,0.02680068,0.21424064
id04647,0.072788164,0.022959933,0.90425193
id16900,0.023157459,0.959768,0.017074475
id17174,0.93978274,0.033638448,0.026578788
id23801,0.087085135,0.88601,0.026904885
id11952,0.91848594,0.028812855,0.052701216
id02738,0.88767636,0.041714326,0.0706093
id05365,0.9574604,0.019293765,0.023245776
id19666,0.046815753,0.91532004,0.037864245
id26638,0.024396827,0.022020638,0.9535825
id03032,0.42005196,0.3056996,0.2742485
id23471,0.95762956,0.022620087,0.019750357
id26135,0.01932935,0.9635668,0.017103845
id18224,0.019749006,0.96080005,0.019450974
id10782,0.9514297,0.026571224,0.02199907
id08932,0.023398986,0.020079965,0.95652103
id23126,0.01891972,0.022976885,0.9581034
id22273,0.6792387,0.27233014,0.04843121
id17427,0.907886,0.05948468,0.03262931
id21258,0.9562793,0.023085315,0.020635432
id06604,0.9550349,0.020864451,0.02410067
id02180,0.9548392,0.022081597,0.023079192
id20505,0.020865276,0.9604052,0.018729538
id27466,0.5385151,0.02579936,0.43568558
id14249,0.038791414,0.28717226,0.6740364
id15891,0.24333794,0.14027224,0.6163899
id25366,0.024275267,0.02006018,0.9556646
id13554,0.020079507,0.021303171,0.9586173
id09470,0.021570038,0.021329073,0.95710087
id15993,0.027362728,0.061171006,0.9114663
id07273,0.30150446,0.025062721,0.6734328
id10805,0.22732165,0.026882004,0.7457963
id07990,0.0229038,0.95580924,0.021286985
id08107,0.036703855,0.024117302,0.9391788
id07612,0.953513,0.025414566,0.021072362
id10593,0.9101082,0.03408601,0.055805862
id00906,0.021219771,0.95928335,0.019496879
id22316,0.03015792,0.029777415,0.94006467
id04826,0.94215137,0.03794112,0.019907555
id13173,0.019711496,0.021021212,0.9592673
id20075,0.79688305,0.029256903,0.17386009
id16427,0.58725923,0.039785467,0.37295532
id21948,0.021026151,0.021026654,0.9579472
id05957,0.9441059,0.027765578,0.02812856
id22982,0.019910492,0.9605145,0.019574996
id01672,0.11898105,0.8213638,0.05965519
id19463,0.020871524,0.022660395,0.9564681
id17555,0.2884807,0.6916321,0.01988726
id21387,0.01977525,0.9608903,0.019334432
id00011,0.0981447,0.7835804,0.11827487
id18538,0.86563313,0.02840433,0.10596255
id14915,0.019786613,0.9607927,0.019420657
id13773,0.04312528,0.020764014,0.9361107
id26440,0.36823496,0.027375288,0.6043898
id18862,0.07181224,0.022546094,0.9056417
id02510,0.30908602,0.043524094,0.6473899
id26288,0.02503675,0.020669134,0.95429415
id01877,0.030379161,0.021798542,0.9478223
id17532,0.026741026,0.01992792,0.95333105
id22973,0.95569247,0.022048064,0.02225948
id10254,0.119567946,0.024213122,0.85621893
id20420,0.021824168,0.9607934,0.01738239
id16052,0.92036116,0.028281113,0.05135774
id19578,0.9477415,0.022311863,0.029946614
id06318,0.081331745,0.025376242,0.89329207
id18751,0.9552016,0.020571182,0.024227228
id06756,0.020886688,0.020637292,0.95847607
id00364,0.9394779,0.034393054,0.026129017
id10714,0.4125206,0.23688832,0.3505911
id27432,0.9420457,0.01933614,0.038618136
id02395,0.01975378,0.96244204,0.017804245
id00502,0.6499544,0.31638044,0.033665188
id22856,0.03135411,0.020508707,0.94813716
id16391,0.019868677,0.96147263,0.018658737
id18170,0.020973412,0.95139307,0.027633568
id19642,0.9449231,0.024344618,0.030732222
id15742,0.9506064,0.01928573,0.030107867
id18984,0.02053876,0.021228403,0.9582328
id22155,0.023863772,0.019510256,0.956626
id13113,0.03472067,0.022307042,0.9429723
id03817,0.5274302,0.1873567,0.28521314
id13090,0.78059816,0.117584564,0.10181727
id23521,0.019653171,0.9620478,0.018299049
id21376,0.021070717,0.020525362,0.95840394
id21795,0.0203819,0.9579922,0.02162591
id03548,0.028526703,0.019519735,0.95195353
id05018,0.9461546,0.0209761,0.03286924
id00085,0.38706222,0.5903259,0.022611903
id12163,0.78639543,0.17236906,0.041235514
id15341,0.05380308,0.02064766,0.9255492
id12896,0.02449706,0.9585444,0.016958617
id24019,0.8920053,0.03341668,0.07457797
id24981,0.9561659,0.022886878,0.020947207
id12456,0.056283552,0.86018217,0.08353428
id24590,0.08657028,0.026426572,0.8870031
id01276,0.018339377,0.96362185,0.01803878
id04235,0.3472702,0.026002672,0.62672716
id21844,0.02339125,0.021240506,0.9553682
id16876,0.019268394,0.96266586,0.018065743
id10137,0.020791348,0.02067103,0.95853764
id26435,0.06312373,0.0217066,0.9151697
id15912,0.025041923,0.04200351,0.9329546
id09361,0.019258354,0.020918489,0.95982313
id00071,0.9206008,0.021522786,0.057876438
id21006,0.95051336,0.020921556,0.028565133
id20942,0.14182548,0.024633158,0.8335414
id00137,0.89110553,0.04159085,0.06730358
id10494,0.16224644,0.80913705,0.028616548
id02933,0.9330112,0.022446815,0.044541992
id22661,0.020427054,0.9623385,0.01723447
id01024,0.0801209,0.03164052,0.8882386
id02183,0.018577488,0.9609402,0.020482328
id22883,0.041426636,0.94035614,0.018217266
id14780,0.020127384,0.9615526,0.018320017
id00543,0.022176573,0.021342753,0.9564807
id21237,0.45509654,0.028719783,0.51618373
id09864,0.024759969,0.9558856,0.019354487
id26171,0.019977763,0.02183741,0.95818484
id08115,0.80931824,0.042668935,0.14801276
id18417,0.36357594,0.6042105,0.03221362
id27910,0.021633904,0.022387976,0.9559781
id16918,0.8286834,0.119688235,0.05162838
id10236,0.020278608,0.02155232,0.9581691
id22481,0.90770644,0.054674376,0.037619226
id25843,0.14205801,0.8334154,0.024526635
id24660,0.95282936,0.02194534,0.025225326
id09637,0.020517899,0.96097594,0.018506205
id19022,0.023104623,0.0230766,0.9538188
id16809,0.023842234,0.019558502,0.95659924
id13162,0.021503191,0.020824261,0.95767254
id05384,0.022012651,0.96059054,0.0173968
id15361,0.021115927,0.021445688,0.9574384
id03967,0.020867715,0.95868665,0.02044562
id03839,0.020526174,0.9596058,0.019868072
id19644,0.8839151,0.03366049,0.08242439
id14817,0.02140904,0.020753326,0.95783764
id04190,0.098063126,0.7455911,0.15634575
id19018,0.019614687,0.9620774,0.01830791
id23557,0.087682866,0.89376646,0.01855072
id25241,0.020409677,0.021621909,0.9579684
id01223,0.035511285,0.021188295,0.9433004
id07529,0.25276172,0.7256259,0.021612365
id13517,0.40762615,0.029793343,0.56258047
id11759,0.9373356,0.02532059,0.03734378
id13741,0.021888532,0.0216878,0.95642364
id03305,0.030219357,0.021861676,0.947919
id16474,0.01993092,0.9606435,0.019425655
id04156,0.07009579,0.028473029,0.9014312
id23223,0.033150107,0.9482362,0.018613696
id25193,0.03686486,0.025065035,0.9380701
id02100,0.9516802,0.02184913,0.026470628
id20032,0.039189883,0.9169838,0.043826383
id22179,0.025626713,0.020510659,0.95386267
id15359,0.9523845,0.020438207,0.02717731
id02571,0.019575946,0.9608485,0.01957548
id21450,0.9452064,0.02386579,0.03092785
id17293,0.93263876,0.048059687,0.019301567
id13056,0.89992046,0.047587436,0.05249212
id16833,0.028288722,0.019685503,0.9520258
id25681,0.020740455,0.9605794,0.018680165
id21263,0.020434286,0.021570325,0.9579954
id02323,0.018940307,0.9625839,0.018475728
id16481,0.62426126,0.033153243,0.3425855
id05781,0.93834627,0.024046678,0.037607122
id14416,0.39782247,0.56541014,0.03676737
id20650,0.020813454,0.96077347,0.018413045
id04357,0.6595446,0.05602817,0.28442723
id16663,0.020825516,0.020452749,0.95872176
id18312,0.72209084,0.022040036,0.25586912
id24780,0.018660406,0.022933546,0.9584061
id17348,0.023256224,0.020117298,0.95662653
id22993,0.8365475,0.023815287,0.1396372
id04847,0.019155158,0.022242166,0.9586027
id27880,0.022913098,0.95869887,0.018388037
id21160,0.031157847,0.06765306,0.9011891
id03354,0.07124609,0.90906286,0.019691031
id11002,0.023070646,0.0198098,0.9571196
id02425,0.030148318,0.020301655,0.94955003
id14067,0.90583026,0.0326286,0.06154113
id05886,0.03274165,0.017879818,0.94937855
id09256,0.5985263,0.025841549,0.37563223
id11511,0.026253905,0.020360619,0.9533855
id09029,0.020555643,0.9622004,0.017244007
id22563,0.046066992,0.022672797,0.9312602
id27838,0.6939208,0.03497186,0.27110738
id23184,0.7766954,0.19757074,0.025733933
id15335,0.9429361,0.03224903,0.024814866
id08607,0.9445709,0.019876214,0.035552837
id26516,0.9496118,0.024754899,0.025633305
id12417,0.16577733,0.55892223,0.27530044
id21758,0.9584259,0.020359505,0.021214632
id00729,0.14958902,0.8219056,0.028505312
id25504,0.024105845,0.9587294,0.017164774
id00360,0.021999042,0.020838443,0.95716256
id05913,0.021499148,0.9600259,0.018474946
id00089,0.030109156,0.9512452,0.01864565
id03511,0.9538285,0.024011662,0.022159794
id00449,0.024362106,0.021664346,0.9539736
id14504,0.28293663,0.6786791,0.038384274
id19106,0.9564637,0.021245746,0.022290602
id19236,0.038389917,0.94536036,0.016249709
id12743,0.9463941,0.021184042,0.032421894
id04662,0.1044453,0.043234866,0.8523199
id15139,0.050745912,0.019668648,0.92958546
id07233,0.030825669,0.16686204,0.80231225
id19160,0.94450486,0.021028675,0.034466483
id06867,0.021816058,0.9610468,0.017137151
id04236,0.019979928,0.9628485,0.017171599
id07591,0.02076736,0.020610219,0.95862246
id25815,0.028535962,0.019480566,0.95198345
id10925,0.60330325,0.027457733,0.36923903
id27774,0.95112085,0.029089704,0.019789478
id16090,0.019886898,0.96316534,0.01694769
id24875,0.018891912,0.033606503,0.9475016
id03456,0.2484839,0.025468111,0.72604805
id07559,0.020578371,0.9616213,0.017800285
id10513,0.019458532,0.9611365,0.019404951
id07094,0.9460484,0.027678553,0.026273102
id04111,0.02371566,0.019918274,0.95636606
id23356,0.95687026,0.019595578,0.023534201
id04435,0.022538427,0.020261819,0.95719975
id23706,0.023938457,0.019762615,0.95629895
id04655,0.020736871,0.020247718,0.9590154
id07661,0.030796604,0.025179839,0.94402355
id27176,0.28110084,0.5704888,0.14841034
id13560,0.024129543,0.029964766,0.9459057
id18020,0.1692369,0.0258946,0.8048685
id16701,0.3826673,0.12559135,0.49174136
id19252,0.94763553,0.019892382,0.032472055
id00910,0.087249905,0.8916374,0.021112762
id12102,0.9525916,0.02188326,0.025525138
id15820,0.7060672,0.033582408,0.26035044
id10698,0.9474395,0.022093926,0.030466596
id15530,0.03775275,0.22745597,0.7347913
id10740,0.9555138,0.02063315,0.023853052
id24917,0.0376552,0.021391146,0.9409537
id07985,0.030142019,0.021532679,0.9483253
id15897,0.16488841,0.80397713,0.031134497
id07960,0.03833497,0.02809653,0.9335685
id15529,0.29643333,0.052081853,0.6514848
id17855,0.392467,0.5823314,0.02520155
id24727,0.9536931,0.022626849,0.023680065
id14835,0.7607104,0.025276871,0.21401264
id25557,0.02928491,0.2933367,0.6773784
id18605,0.025629181,0.019562282,0.95480853
id27760,0.9524714,0.021790612,0.025738
id10042,0.0211823,0.022268463,0.9565492
id12074,0.037400372,0.9447036,0.017896047
id19511,0.57394296,0.18088417,0.24517295
id21924,0.074596226,0.908549,0.01685479
id13095,0.40979472,0.030737266,0.55946803
id11873,0.021280417,0.02051771,0.9582019
id23651,0.021662872,0.96013486,0.018202223
id09931,0.035654522,0.018443214,0.9459023
id05155,0.026140803,0.023397507,0.9504617
id17668,0.95585203,0.020866126,0.023281831
id03470,0.9383543,0.02015454,0.04149118
id02208,0.9569688,0.024020383,0.019010874
id07650,0.019444773,0.961444,0.019111209
id24472,0.9518376,0.021388315,0.026774134
id21211,0.018947028,0.9618205,0.019232525
id11030,0.90431964,0.063263744,0.03241654
id00943,0.021166362,0.9601328,0.01870087
id19156,0.021857398,0.01938024,0.95876235
id22886,0.026856447,0.020183947,0.95295966
id00992,0.019645903,0.9628598,0.017494287
id27547,0.9323174,0.023709755,0.043972857
id24073,0.9542653,0.024861075,0.020873645
id05452,0.9443925,0.027008962,0.028598541
id22492,0.018566128,0.9632381,0.01819575
id11981,0.9526617,0.02431237,0.023025958
id15552,0.020354273,0.9581347,0.021511039
id04471,0.019846484,0.02148188,0.9586717
id09231,0.03054356,0.9284046,0.04105186
id12493,0.9418535,0.0261834,0.031963084
id24967,0.38814566,0.025757147,0.58609724
id05865,0.037743427,0.025766898,0.9364897
id04811,0.9233915,0.03684431,0.039764162
id19877,0.026580762,0.020793308,0.95262593
id04024,0.019666534,0.96231335,0.018020082
id00395,0.18302265,0.0264725,0.7905049
id22728,0.019607132,0.9615611,0.018831803
id01268,0.9299229,0.04890242,0.02117473
id08896,0.6880666,0.029474044,0.2824594
id09971,0.042748086,0.9237396,0.033512317
id26606,0.029019937,0.019103903,0.95187616
id27970,0.40531224,0.028541183,0.56614655
id25259,0.9568919,0.02108565,0.022022367
id13834,0.11006441,0.023824545,0.86611104
id19513,0.15717085,0.031431966,0.8113972
id16082,0.3747004,0.60325086,0.022048766
id22180,0.02078203,0.021216674,0.9580013
id20498,0.94627047,0.025903076,0.027826468
id27595,0.020682579,0.020776039,0.9585414
id08267,0.8409128,0.033754002,0.12533322
id12823,0.95282984,0.020379137,0.026791012
id18842,0.020320198,0.96192706,0.017752806
id17534,0.84323883,0.025068363,0.13169277
id05777,0.95580405,0.02114579,0.023050208
id21689,0.9560058,0.02368076,0.020313457
id18114,0.022097806,0.95467985,0.023222277
id17707,0.03646809,0.019749654,0.94378227
id22956,0.02219318,0.96148276,0.016324071
id27834,0.020072622,0.021027835,0.95889956
id11377,0.019607214,0.962615,0.017777795
id08333,0.953057,0.026057955,0.020885076
id07445,0.7398002,0.031240944,0.22895885
id22703,0.949594,0.02744908,0.022956934
id09468,0.024616126,0.9469514,0.028432513
id19397,0.019243967,0.020383924,0.96037215
id07977,0.9541219,0.021633273,0.024244843
id14555,0.021177964,0.02060898,0.95821303
id02489,0.025916494,0.020587487,0.95349604
id10445,0.94614124,0.02652241,0.02733641
id02058,0.03158104,0.027307935,0.94111097
id23101,0.76615644,0.05380992,0.18003373
id18072,0.025110986,0.38533726,0.58955175
id21085,0.025203222,0.01926983,0.95552695
id16584,0.020901639,0.019572988,0.9595254
id23136,0.02071769,0.021547958,0.95773435
id17745,0.01824527,0.022741338,0.9590134
id27391,0.8254293,0.026703393,0.14786729
id17240,0.019392118,0.9638916,0.016716233
id11708,0.46810398,0.49646297,0.035433065
id08712,0.022072522,0.9592924,0.018635113
id23809,0.079392694,0.045717098,0.8748902
id07274,0.94332933,0.02606646,0.030604161
id15625,0.107584454,0.53470314,0.35771242
id22815,0.9518914,0.026287008,0.021821544
id23200,0.92529416,0.03438003,0.04032585
id04369,0.34656072,0.120799065,0.5326402
id04659,0.1674833,0.26352307,0.5689937
id05051,0.021524264,0.021442182,0.9570335
id07815,0.025334563,0.9354046,0.039260887
id27535,0.95191836,0.025966441,0.02211518
id11916,0.02172302,0.020305311,0.9579717
id07097,0.120820895,0.8503543,0.028824788
id24599,0.9548217,0.021219514,0.023958776
id03434,0.049700674,0.020673877,0.92962545
id01685,0.039229196,0.9398225,0.020948326
id23165,0.8589604,0.047358066,0.093681455
id08601,0.02150631,0.9606799,0.017813815
id19593,0.95143044,0.02683342,0.021736149
id04582,0.026340181,0.019540016,0.95411986
id25659,0.6516418,0.028405871,0.31995237
id08590,0.023276182,0.020540278,0.9561835
id21959,0.7154506,0.23930423,0.045245215
id21373,0.95536894,0.022807023,0.021824038
id12581,0.021678649,0.020613417,0.95770794
id05240,0.7211648,0.22758643,0.05124875
id25188,0.019125177,0.02139899,0.9594759
id15719,0.018315058,0.9639856,0.017699283
id17546,0.3543691,0.041819975,0.6038109
id18546,0.78239477,0.033248637,0.18435657
id16043,0.03384093,0.9319582,0.03420082
id05236,0.95751846,0.022184404,0.020297155
id01665,0.95899373,0.020135542,0.020870732
id12811,0.9494133,0.02406226,0.026524406
id11468,0.023590371,0.021713719,0.9546959
id20311,0.60104364,0.028550616,0.37040576
id04045,0.020392798,0.020935008,0.9586722
id02671,0.022183007,0.022783289,0.9550337
id19889,0.021643689,0.9599933,0.01836302
id10371,0.023396458,0.8748646,0.10173897
id13583,0.032995023,0.021514371,0.94549066
id11070,0.71211797,0.26086524,0.027016807
id13087,0.019608147,0.9615388,0.018853018
id21670,0.0224455,0.020258477,0.9572961
id16432,0.021775322,0.96078527,0.017439423
id13899,0.95649797,0.021670207,0.02183185
id02925,0.023628458,0.9574108,0.018960685
id27528,0.022930488,0.95947564,0.017593866
id15950,0.82579404,0.031901084,0.14230493
id07604,0.7529719,0.022990748,0.22403741
id12682,0.94820887,0.021683456,0.0301077
id16688,0.060393084,0.919419,0.02018793
id24150,0.019615138,0.9609162,0.01946869
id04599,0.024808057,0.021358324,0.95383364
id05609,0.022070166,0.9601396,0.01779028
id27242,0.022996042,0.020748362,0.9562556
id03464,0.6985726,0.23046033,0.07096713
id20129,0.021149877,0.020676762,0.9581734
id07890,0.020120954,0.96088743,0.01899162
id24082,0.6234471,0.029418048,0.3471349
id18550,0.02834878,0.019557543,0.9520937
id13345,0.026383912,0.020158498,0.95345753
id21162,0.9362506,0.035415277,0.028334064
id05896,0.022820868,0.024405783,0.95277333
id00549,0.02267148,0.02156029,0.9557682
id19986,0.022653732,0.02143898,0.95590734
id12287,0.1067621,0.03702473,0.8562132
id21149,0.023951717,0.020081582,0.95596665
id15937,0.018901188,0.96288264,0.018216237
id18043,0.8471489,0.03126999,0.12158114
id19288,0.93578804,0.033645738,0.030566193
id16304,0.022868076,0.020311961,0.95682
id03605,0.95557344,0.022812927,0.02161363
id00126,0.049654365,0.52298063,0.42736503
id11734,0.44784337,0.028608391,0.52354825
id20670,0.02136688,0.9544486,0.024184514
id02266,0.024007503,0.02104729,0.95494515
id06651,0.023110546,0.95131403,0.025575347
id12969,0.9478114,0.02106016,0.031128392
id15664,0.07023157,0.90355587,0.026212614
id09699,0.095330596,0.033381574,0.8712878
id07426,0.023276787,0.021272914,0.9554503
id12040,0.027893675,0.9551537,0.016952654
id22961,0.9122551,0.049746327,0.037998565
id23971,0.06565541,0.9164506,0.01789403
id21433,0.65901935,0.031924427,0.30905622
id12028,0.019672086,0.9630328,0.017295102
id15673,0.023601282,0.957965,0.018433718
id18681,0.14361824,0.019250702,0.837131
id21339,0.86595744,0.107209004,0.026833555
id23755,0.71977794,0.066119745,0.21410234
id10369,0.019431233,0.021376899,0.9591919
id03917,0.46904874,0.031818602,0.49913263
id17078,0.020138893,0.95013434,0.029726721
id10873,0.9456408,0.02547461,0.028884588
id21158,0.89180535,0.025624873,0.08256973
id16491,0.9510878,0.022472825,0.026439417
id23930,0.019835459,0.96090794,0.019256596
id16048,0.04204022,0.9398923,0.018067459
id10070,0.95148546,0.021003375,0.027511189
id24962,0.4114094,0.0297551,0.55883545
id27787,0.6629777,0.022753036,0.31426927
id16840,0.2942473,0.6819017,0.023851044
id01994,0.9557063,0.021044467,0.02324921
id10756,0.020199878,0.021043336,0.9587568
id16697,0.03428238,0.022658385,0.94305927
id19603,0.065790966,0.9135729,0.020636147
id03903,0.9556324,0.020536795,0.023830848
id20992,0.2702718,0.029291108,0.70043707
id15687,0.02979787,0.95207995,0.018122196
id19769,0.022436686,0.9519104,0.025652973
id06048,0.19793971,0.7778476,0.024212731
id25098,0.019191701,0.9628946,0.017913675
id16091,0.40194497,0.5538333,0.0442217
id27192,0.7098323,0.091259874,0.19890782
id05897,0.1093414,0.03281852,0.85784006
id00828,0.69468856,0.25636944,0.048942026
id20605,0.9483462,0.020817121,0.030836714
id05872,0.2713434,0.036134947,0.69252163
id00761,0.95513725,0.022044979,0.022817783
id19573,0.37122455,0.034214847,0.5945606
id03081,0.022855578,0.020298934,0.95684546
id04887,0.04012072,0.038965862,0.9209134
id17700,0.023970097,0.020663092,0.9553668
id03250,0.89767253,0.022947403,0.07937998
id21027,0.01894371,0.9617468,0.01930952
id19567,0.95497894,0.024246937,0.020774096
id05661,0.02386288,0.019061921,0.9570752
id27405,0.9396648,0.041160606,0.019174619
id01546,0.020027732,0.9610863,0.018885933
id02288,0.019615207,0.96085423,0.019530542
id11057,0.02391454,0.019264176,0.95682126
id09191,0.019432245,0.96159714,0.018970622
id19074,0.018758668,0.021489043,0.95975226
id25012,0.94512284,0.02418806,0.030689115
id24857,0.052455533,0.929772,0.017772445
id07557,0.027363753,0.027775642,0.94486064
id23072,0.9578785,0.01975681,0.022364795
id20317,0.9546892,0.0257654,0.019545402
id16642,0.9423251,0.020474857,0.037200067
id04211,0.021928689,0.02337451,0.95469683
id22871,0.021738699,0.96054715,0.017714113
id16178,0.0202628,0.022464497,0.9572727
id25172,0.023055883,0.02115625,0.9557879
id15654,0.9165721,0.026272926,0.057155013
id26067,0.95252407,0.02221629,0.02525961
id11955,0.033145204,0.019881314,0.9469735
id24939,0.02208866,0.019893859,0.95801747
id07378,0.9347898,0.025258416,0.039951816
id22455,0.021873929,0.95951533,0.018610729
id12850,0.12948398,0.44579735,0.42471868
id12403,0.8834054,0.022105472,0.09448909
id11593,0.02887418,0.38000464,0.5911212
id27776,0.9272148,0.02550653,0.047278665
id14497,0.019117007,0.021641852,0.95924115
id24628,0.021695254,0.020420749,0.957884
id11283,0.03381609,0.03308939,0.9330945
id00459,0.95148534,0.027024457,0.021490242
id11310,0.020705616,0.9608416,0.018452788
id05177,0.020069214,0.9612088,0.018721923
id22598,0.019522436,0.9621513,0.01832629
id05214,0.15802985,0.021191157,0.820779
id22797,0.87670267,0.029602941,0.093694426
id15832,0.035732828,0.17654113,0.78772604
id00479,0.028394328,0.9542897,0.017316004
id05840,0.05244419,0.8716798,0.07587594
id27489,0.019677147,0.021797441,0.95852536
id03281,0.01961808,0.9614375,0.018944357
id27046,0.8134516,0.025396353,0.16115206
id09213,0.021747245,0.020557808,0.9576949
id18775,0.76931477,0.023887679,0.20679756
id09731,0.93889964,0.028895568,0.032204844
id25031,0.026932176,0.020970378,0.9520974
id11945,0.24238773,0.6302229,0.12738934
id20286,0.95466125,0.023735596,0.021603186
id27960,0.022480823,0.020807648,0.9567115
id13206,0.02392619,0.019546827,0.956527
id09964,0.14071083,0.0376951,0.82159406
id16811,0.04825343,0.9336813,0.018065289
id08948,0.6701888,0.30600804,0.023803212
id17636,0.02000923,0.022088366,0.95790243
id14046,0.026397849,0.023159996,0.95044214
id22873,0.8296589,0.029124942,0.14121619
id09962,0.019466128,0.02256284,0.95797104
id26474,0.9433609,0.02021212,0.036426984
id11898,0.020469744,0.96206146,0.01746883
id25477,0.9562403,0.020718971,0.023040736
id25457,0.93507034,0.020156676,0.04477296
id26675,0.03063433,0.020444237,0.9489214
id04422,0.01999913,0.019914886,0.960086
id04237,0.5692173,0.07404782,0.35673493
id07049,0.021784034,0.9590229,0.019193113
id18211,0.6535971,0.051996432,0.2944065
id16033,0.022944808,0.95883334,0.018221907
id16680,0.93257594,0.021638772,0.045785304
id08977,0.025418287,0.95698273,0.01759902
id18494,0.02034147,0.9594229,0.020235637
id07714,0.021733418,0.020621134,0.9576454
id01243,0.89821994,0.021777228,0.08000286
id18562,0.022057164,0.9598651,0.018077772
id03147,0.022068646,0.019939616,0.9579917
id24138,0.5782573,0.036797825,0.38494486
id21062,0.95068455,0.020970637,0.028344773
id25053,0.019390985,0.034143902,0.94646513
id14390,0.025150616,0.020572955,0.95427644
id10122,0.47406864,0.035473816,0.49045753
id13160,0.48070747,0.48605853,0.033234052
id00780,0.021037586,0.9602985,0.018663956
id20996,0.7451292,0.030908233,0.22396252
id16008,0.9227185,0.02826684,0.04901457
id10522,0.024853846,0.9570109,0.018135235
id18498,0.04272916,0.020990402,0.9362804
id09341,0.02184547,0.9596292,0.018525358
id22456,0.73682183,0.030415837,0.23276234
id07592,0.019700058,0.9604374,0.019862538
id25634,0.9555233,0.020749617,0.02372704
id15011,0.9433738,0.028025944,0.028600331
id14245,0.94685376,0.026067331,0.027078986
id21107,0.5613554,0.027966589,0.41067794
id01881,0.43863422,0.50239676,0.058969013
id12772,0.047221653,0.5626313,0.39014703
id17589,0.8611795,0.02412118,0.114699386
id24421,0.023702245,0.019488197,0.9568096
id22088,0.048139807,0.044690445,0.9071697
id21687,0.14674257,0.022403942,0.8308535
id17810,0.019760635,0.021016456,0.95922285
id25153,0.022716941,0.9586002,0.018682826
id18083,0.9005536,0.06803327,0.031413168
id00655,0.025853103,0.021455102,0.9526918
id13195,0.16440086,0.030618116,0.80498105
id23708,0.018875258,0.9626636,0.018461185
id17977,0.081171036,0.021111123,0.89771783
id10501,0.01985451,0.96238106,0.01776443
id08697,0.8069089,0.12104423,0.07204687
id09269,0.018991971,0.9621215,0.018886587
id21153,0.95394385,0.020438224,0.025617938
id06257,0.9181306,0.04172247,0.040147003
id08366,0.09143549,0.03803492,0.8705296
id00263,0.73782974,0.19690517,0.06526508
id14445,0.11431005,0.023998942,0.861691
id18864,0.020287009,0.021493461,0.9582195
id18427,0.03993594,0.020933036,0.9391311
id24348,0.043267734,0.020101955,0.93663037
id17329,0.9555421,0.02176876,0.022689145
id07519,0.0268414,0.9569472,0.01621142
id17995,0.021714052,0.022217523,0.9560684
id25329,0.9478677,0.03167674,0.02045559
id14513,0.94485736,0.030550327,0.024592355
id10203,0.1088806,0.8682841,0.022835305
id25887,0.6335107,0.028108317,0.33838096
id08186,0.66058517,0.03264956,0.30676526
id20535,0.020574713,0.9613851,0.018040255
id06411,0.01937483,0.020133642,0.96049154
id11984,0.94073266,0.025584746,0.033682574
id16389,0.026974652,0.9348772,0.038148127
id23333,0.95541966,0.02022627,0.024354104
id19447,0.2601017,0.1800372,0.55986106
id01461,0.74261814,0.19450046,0.062881395
id25601,0.02072593,0.96083814,0.018435994
id04803,0.9175354,0.031029468,0.051435165
id19029,0.019282183,0.9639805,0.016737381
id11507,0.07045774,0.023898492,0.90564376
id13246,0.039445315,0.022587556,0.9379671
id26927,0.02516611,0.019283434,0.9555505
id12423,0.95796317,0.021510994,0.020525811
id09601,0.032648347,0.9512192,0.016132487
id23100,0.022141155,0.021941002,0.95591784
id21939,0.9565647,0.020863675,0.02257167
id16139,0.020359257,0.021318939,0.95832175
id27334,0.95832956,0.022199517,0.01947092
id22326,0.021514572,0.019750211,0.9587352
id18527,0.02005007,0.023064137,0.9568858
id05072,0.02326871,0.020413239,0.9563181
id21820,0.020329561,0.9619263,0.017744217
id13960,0.9335108,0.024128636,0.042360563
id03958,0.95206517,0.020792695,0.02714207
id10849,0.84425145,0.12451901,0.031229556
id06252,0.88397646,0.021252023,0.09477146
id26045,0.9560585,0.020041252,0.023900267
id04849,0.021285532,0.96072525,0.017989246
id05215,0.30816385,0.6650045,0.026831664
id22830,0.95580137,0.022036495,0.022162158
id21325,0.02261802,0.9594631,0.017918909
id09287,0.020487739,0.020300107,0.9592122
id24354,0.061219167,0.9194237,0.019357136
id06784,0.021264564,0.96039355,0.018341957
id03848,0.2196501,0.026772574,0.75357735
id01410,0.074707195,0.028492147,0.89680064
id00874,0.07267369,0.031313546,0.8960128
id00784,0.023216136,0.020353965,0.9564299
id19909,0.020978304,0.9609393,0.018082438
id18906,0.029593537,0.9519888,0.018417697
id18748,0.019774774,0.021118063,0.9591072
id04654,0.924999,0.04107323,0.03392778
id07608,0.87929946,0.07236123,0.0483393
id10845,0.019879041,0.95553917,0.024581764
id10718,0.020469978,0.022156194,0.9573738
id19100,0.020346498,0.9614164,0.018237073
id10416,0.94767064,0.02517353,0.027155759
id02535,0.022527654,0.9597751,0.017697275
id23920,0.054478515,0.025028327,0.9204931
id16226,0.024210902,0.9573816,0.018407537
id09196,0.020614801,0.9605341,0.01885112
id03368,0.10311504,0.84366655,0.053218435
id27373,0.06544019,0.5901776,0.3443822
id11497,0.86651516,0.0393941,0.094090804
id07640,0.8800292,0.053709272,0.06626148
id22416,0.022267913,0.9594868,0.018245302
id20303,0.021826502,0.961768,0.016405556
id13811,0.023762181,0.020286623,0.9559512
id04365,0.01997228,0.96148205,0.018545713
id00199,0.02145876,0.02166551,0.95687574
id24884,0.9538714,0.021438267,0.024690326
id06763,0.018884113,0.9621966,0.018919311
id18275,0.94881123,0.023656223,0.027532522
id20971,0.82537997,0.046665467,0.12795459
id01581,0.020272907,0.02158175,0.9581453
id24805,0.03360127,0.024816064,0.9415827
id07950,0.025102336,0.9581095,0.016788198
id26346,0.025920909,0.024266552,0.94981253
id24046,0.95602316,0.020965204,0.023011606
id05548,0.04047515,0.94182795,0.01769694
id17433,0.9578118,0.021248743,0.020939464
id18712,0.26289332,0.0639519,0.67315483
id21128,0.058256023,0.021136202,0.9206078
id02906,0.30495697,0.06488723,0.6301558
id22201,0.02043515,0.9625748,0.0169901
id08614,0.024801444,0.9473092,0.027889421
id22484,0.026386702,0.95522034,0.018392956
id16291,0.10665418,0.84313184,0.05021398
id26869,0.057125974,0.9246663,0.018207747
id18062,0.019577006,0.96033317,0.020089809
id27078,0.95655376,0.019726636,0.023719609
id02756,0.018074343,0.02737277,0.9545529
id03454,0.04821547,0.027435804,0.9243487
id02195,0.02065542,0.020591378,0.9587532
id27418,0.019784363,0.96273774,0.017477846
id02733,0.9528654,0.025772229,0.021362403
id15677,0.9333925,0.023390858,0.043216694
id08204,0.95301014,0.023095222,0.023894561
id11529,0.93252534,0.029840535,0.037634138
id14000,0.02033195,0.021653473,0.9580146
id11866,0.95379496,0.023326248,0.02287877
id14084,0.02222732,0.95930976,0.018462893
id17826,0.04556178,0.055277705,0.8991605
id07289,0.0292223,0.02132537,0.94945234
id05102,0.9512176,0.023296123,0.025486266
id14779,0.85414386,0.060470764,0.0853854
id19144,0.020366037,0.961601,0.018032959
id12372,0.019814767,0.9609892,0.01919602
id05673,0.020048853,0.95932096,0.020630205
id07343,0.02423247,0.01963015,0.95613736
id10390,0.02040326,0.9609197,0.018677078
id27323,0.0355702,0.023618573,0.9408113
id26483,0.306616,0.6645713,0.028812703
id07690,0.42453584,0.041705187,0.533759
id22766,0.083974384,0.02425696,0.89176863
id10289,0.9532908,0.02323847,0.023470756
id22243,0.01981018,0.9610133,0.019176448
id24509,0.06769786,0.9133595,0.018942568
id02407,0.042804737,0.9353383,0.021856993
id08746,0.033608463,0.023946969,0.94244456
id12854,0.9553566,0.020859638,0.02378375
id25598,0.021590753,0.019927677,0.9584816
id16973,0.036802575,0.021821836,0.9413756
id20066,0.026560033,0.020716827,0.95272315
id25966,0.019417651,0.96163344,0.018948935
id21599,0.06430323,0.021647071,0.91404974
id17112,0.9478232,0.024836216,0.027340561
id01775,0.020135967,0.9610823,0.018781768
id08484,0.024595259,0.024364237,0.95104045
id12094,0.019698754,0.96208864,0.018212622
id25422,0.13513139,0.0501535,0.8147151
id25063,0.020081474,0.96280193,0.017116556
id25508,0.020850131,0.021480823,0.9576691
id01575,0.19430733,0.0255909,0.7801018
id24368,0.037807606,0.02120674,0.9409857
id16823,0.020614417,0.9607355,0.018650034
id22747,0.022433968,0.9588703,0.018695666
id19321,0.027029002,0.02053931,0.9524317
id08220,0.01879219,0.9615582,0.01964953
id12296,0.18715377,0.033552185,0.7792941
id11186,0.95458865,0.023978602,0.021432754
id10551,0.020919185,0.9610612,0.018019615
id20839,0.8752824,0.04509019,0.07962737
id06118,0.93371886,0.023573466,0.04270764
id06330,0.018587625,0.9624272,0.01898518
id02669,0.11063204,0.83787364,0.0514943
id14811,0.9566606,0.023408774,0.019930582
id04728,0.93227315,0.022306008,0.045420766
id16646,0.024663616,0.02005759,0.9552788
id13018,0.019257959,0.9617716,0.018970454
id15248,0.9475403,0.03053405,0.02192567
id23476,0.01899507,0.96182716,0.019177806
id09208,0.020045266,0.9620288,0.017925924
id19351,0.94457144,0.029409824,0.026018756
id02009,0.40365618,0.41766602,0.17867783
id00785,0.8201498,0.023285028,0.15656516
id07975,0.21924344,0.52109766,0.25965893
id17892,0.018786542,0.96075034,0.020463105
id03299,0.08420997,0.2762613,0.6395287
id15351,0.019933036,0.96200144,0.018065527
id11066,0.8707089,0.023970803,0.10532036
id20485,0.020794543,0.9616409,0.017564597
id13866,0.9538929,0.022562174,0.023544954
id17335,0.021351282,0.9623121,0.016336666
id15220,0.92287767,0.030447716,0.04667462
id24047,0.8900132,0.08589517,0.024091583
id15180,0.02316675,0.95207995,0.024753261
id16921,0.02616201,0.02462318,0.9492148
id17207,0.024629554,0.019727113,0.95564336
id15068,0.40739852,0.047735024,0.5448665
id22013,0.94096017,0.023820853,0.03521892
id11929,0.3311332,0.029302001,0.6395648
id12540,0.020187326,0.9615241,0.018288601
id12582,0.67043966,0.29613146,0.033428937
id05261,0.10037016,0.87027407,0.029355798
id08471,0.95641434,0.023244165,0.020341542
id15209,0.09933576,0.81568563,0.08497855
id01148,0.9367773,0.022389531,0.040833205
id26519,0.021166353,0.020543972,0.9582896
id16510,0.88649976,0.024819233,0.08868098
id03888,0.01916208,0.96232855,0.018509444
id27926,0.18875931,0.027812526,0.7834282
id05359,0.9331901,0.020359231,0.046450663
id04274,0.9519388,0.02327815,0.02478302
id21013,0.038932756,0.038533725,0.9225335
id11443,0.07246954,0.022818444,0.90471196
id09956,0.9317487,0.037308056,0.030943284
id03138,0.04302243,0.93700826,0.01996929
id08516,0.947709,0.022045514,0.03024548
id08608,0.021985462,0.019708915,0.95830566
id04629,0.021485785,0.023530522,0.9549837
id19808,0.95822144,0.021388056,0.020390475
id16578,0.024826748,0.019670196,0.95550305
id04607,0.020095337,0.9611909,0.018713797
id22816,0.02014973,0.96192837,0.017921874
id27913,0.9107951,0.031546377,0.057658542
id00346,0.026810795,0.020021688,0.95316756
id02198,0.020242432,0.9603305,0.019427035
id27303,0.9559039,0.02119199,0.02290409
id07033,0.022001753,0.020301526,0.95769674
id03546,0.10014405,0.3097415,0.5901145
id14709,0.9573381,0.021096317,0.021565635
id25348,0.9311534,0.022960799,0.045885805
id19596,0.13198826,0.027332922,0.8406788
id12265,0.03778331,0.025629159,0.9365875
id01054,0.31417778,0.030311,0.6555112
id03002,0.020417793,0.021356432,0.9582257
id25624,0.9579132,0.019503945,0.022582844
id16202,0.9471399,0.028054632,0.024805369
id08187,0.23825686,0.7426308,0.019112373
id24373,0.8173183,0.051071696,0.13160995
id06415,0.02526499,0.026121613,0.94861335
id09078,0.044933207,0.93716276,0.01790404
id25989,0.4106006,0.031034708,0.5583647
id05431,0.08535852,0.04749373,0.8671477
id16557,0.020542223,0.9606309,0.018826906
id22749,0.95503944,0.020753032,0.024207542
id00697,0.019998472,0.020341137,0.9596604
id22969,0.93190336,0.022822699,0.045273982
id07440,0.02312104,0.019932877,0.9569461
id19872,0.021200243,0.020206714,0.9585931
id06054,0.91879606,0.056382626,0.02482126
id27862,0.109389745,0.027277678,0.86333257
id27186,0.2511217,0.70607364,0.04280464
id01617,0.026376817,0.021727206,0.951896
id11922,0.020364601,0.9619585,0.017676879
id15003,0.07725907,0.87510014,0.047640793
id09458,0.027290266,0.02198007,0.95072967
id03568,0.9535044,0.02192173,0.024573887
id27132,0.9468664,0.021085007,0.032048553
id24204,0.09446291,0.52242965,0.3831075
id24736,0.36981106,0.030474765,0.5997142
id06990,0.018730655,0.9617239,0.01954544
id24155,0.039606404,0.5897202,0.3706734
id22129,0.020090682,0.022052418,0.9578569
id00191,0.02278551,0.02090405,0.95631045
id05185,0.5442206,0.032244235,0.4235351
id13399,0.72243625,0.24577346,0.031790294
id20862,0.9422857,0.025886549,0.03182776
id06180,0.95385283,0.024205487,0.021941697
id27225,0.9533178,0.023556847,0.023125332
id09447,0.027175972,0.71844447,0.25437963
id18125,0.95692664,0.02092458,0.022148773
id04010,0.020013196,0.021355662,0.95863116
id17932,0.95548934,0.021911247,0.022599427
id17948,0.95063037,0.021200217,0.028169405
id18545,0.021252636,0.020800952,0.9579464
id03389,0.8183434,0.15538599,0.02627063
id02487,0.03250716,0.020802135,0.94669074
id04924,0.9571,0.022646545,0.020253507
id23553,0.02171589,0.019983685,0.9583004
id16831,0.95357054,0.021630168,0.024799308
id01296,0.9577467,0.01999835,0.022254925
id12033,0.022324007,0.025076484,0.9525995
id06913,0.020162802,0.9614652,0.018372009
id15715,0.022138756,0.9591542,0.01870705
id23432,0.026020514,0.019383973,0.9545955
id01152,0.79733497,0.14989376,0.052771263
id16384,0.86323684,0.04893638,0.08782678
id04060,0.02450758,0.023223303,0.9522691
id21604,0.9512242,0.022002209,0.026773594
id11212,0.019699603,0.021676835,0.9586236
id26589,0.021394312,0.021014748,0.95759094
id15858,0.9468905,0.026244799,0.026864737
id02814,0.028466575,0.88697696,0.08455648
id18347,0.9041701,0.026536645,0.06929325
id02517,0.028858438,0.021153877,0.9499877
id20800,0.9539356,0.024508659,0.021555725
id16428,0.8916832,0.047810007,0.060506772
id23844,0.95691,0.021350618,0.02173936
id11149,0.019502785,0.9616262,0.018871108
id12505,0.01951146,0.9619142,0.018574348
id10850,0.20734479,0.7630454,0.029609866
id05706,0.39692053,0.03903497,0.56404454
id23216,0.027440887,0.3792653,0.5932938
id16618,0.055255003,0.018813075,0.92593193
id04283,0.021323787,0.95898116,0.019695077
id20374,0.019649971,0.020643946,0.9597061
id07227,0.019557862,0.9626844,0.017757798
id06396,0.9521341,0.022848746,0.0250172
id08884,0.9540513,0.020533457,0.025415212
id10983,0.95557016,0.02145663,0.022973217
id07296,0.034206685,0.94082546,0.02496784
id17683,0.024972621,0.025432497,0.94959486
id26473,0.02189108,0.02074785,0.95736104
id06454,0.019581363,0.022209024,0.95820963
id19166,0.9215219,0.021009944,0.057468202
id08406,0.72167224,0.19388704,0.08444069
id25126,0.024253178,0.020767272,0.9549796
id27593,0.9363991,0.03661011,0.026990797
id24613,0.056987587,0.027543498,0.91546893
id26586,0.93081903,0.025812129,0.043368816
id25719,0.020655822,0.027297737,0.9520464
id05015,0.19913855,0.036664486,0.764197
id01594,0.87224376,0.036729455,0.09102682
id01522,0.026338276,0.122695364,0.85096633
id06935,0.9448496,0.025753597,0.029396784
id01975,0.020232657,0.021686804,0.9580806
id20847,0.01965612,0.02098049,0.9593634
id24960,0.02195274,0.021240441,0.95680684
id27808,0.025966736,0.9557884,0.018244928
id25463,0.9566487,0.02119039,0.022160875
id11367,0.891071,0.031098213,0.077830814
id02273,0.026145201,0.027838659,0.94601613
id02167,0.9476328,0.020196665,0.03217052
id08352,0.020355774,0.9611523,0.018491907
id26928,0.023904996,0.9525607,0.023534337
id04224,0.95907104,0.020944342,0.019984577
id00462,0.03912367,0.9417911,0.019085215
id16591,0.04352335,0.8538017,0.10267494
id06982,0.019471541,0.9625765,0.017951943
id24880,0.020723155,0.9608286,0.018448245
id27479,0.019502327,0.025150012,0.95534766
id16556,0.95320743,0.021332717,0.02545981
id15231,0.1443958,0.023093289,0.83251095
id14694,0.82806665,0.03226971,0.1396637
id01114,0.94561565,0.026193975,0.028190391
id18694,0.16723976,0.030430675,0.80232954
id25551,0.15927157,0.026155433,0.814573
id23478,0.023969177,0.019539967,0.9564909
id22780,0.9337082,0.021503143,0.044788625
id06602,0.5688322,0.1643125,0.26685533
id05176,0.020131832,0.9591802,0.020687992
id15450,0.09086802,0.025695648,0.8834364
id16956,0.02029855,0.0206351,0.95906633
id23532,0.07245302,0.8832145,0.044332508
id22688,0.021102127,0.020339413,0.95855844
id12898,0.22077736,0.7523644,0.026858259
id21525,0.9501028,0.022182513,0.02771468
id13576,0.5194929,0.040431518,0.44007555
id07080,0.09761121,0.39271864,0.5096702
id25397,0.9544241,0.020929454,0.024646508
id08383,0.08404038,0.884641,0.031318627
id08285,0.9163532,0.022167893,0.06147886
id10323,0.2771429,0.040800713,0.68205637
id10441,0.03816099,0.94405043,0.01778861
id26298,0.106735066,0.025359238,0.86790574
id13531,0.91956156,0.052238017,0.028200345
id03191,0.84993964,0.10978788,0.04027248
id19771,0.02135977,0.9604142,0.018226061
id03275,0.95168304,0.02136556,0.026951402
id11616,0.034053624,0.021338668,0.94460773
id03117,0.018344775,0.9631316,0.018523613
id08054,0.10817474,0.023731684,0.8680936
id15303,0.3222734,0.6544871,0.02323952
id02470,0.02258227,0.02075783,0.9566599
id01452,0.94547296,0.02685641,0.027670605
id11934,0.017862676,0.9634821,0.018655196
id00258,0.15774347,0.70967716,0.13257937
id27905,0.63918126,0.028821582,0.33199716
id23897,0.14471442,0.82827276,0.027012846
id02334,0.020628743,0.96190655,0.017464703
id07638,0.95743895,0.020929359,0.021631699
id13181,0.5431053,0.03952288,0.4173718
id01284,0.9520872,0.020918712,0.026994083
id27402,0.9468446,0.022332788,0.030822635
id14742,0.02128189,0.02069803,0.9580201
id12370,0.56733793,0.08983864,0.34282345
id19048,0.95451677,0.022893898,0.022589339
id08388,0.024379926,0.021064635,0.9545554
id19205,0.95518553,0.022387393,0.022427056
id04851,0.021313507,0.021401636,0.9572848
id16478,0.026258387,0.95645875,0.017282788
id06806,0.019315034,0.96183354,0.018851487
id13659,0.07013196,0.29428333,0.6355847
id09861,0.03378402,0.94217765,0.024038315
id05986,0.019897548,0.96122026,0.018882236
id15844,0.019263525,0.96266997,0.018066514
id05900,0.931061,0.02167548,0.04726349
id20409,0.9548066,0.02141807,0.023775294
id08751,0.021235492,0.9621839,0.01658063
id22617,0.035761178,0.046843708,0.9173951
id13064,0.037760228,0.020905193,0.9413346
id14506,0.020864466,0.021825839,0.9573097
id05783,0.22454824,0.027179487,0.7482723
id23139,0.0221424,0.02057286,0.95728475
id04770,0.9569815,0.020400029,0.022618446
id11775,0.9512522,0.020703606,0.028044192
id12936,0.025757086,0.022989735,0.95125324
id20522,0.021652311,0.9601488,0.0181988
id22929,0.9580761,0.01986341,0.02206047
id11357,0.8994273,0.041001063,0.05957158
id10028,0.01943704,0.961965,0.018597974
id10617,0.048778348,0.021472089,0.9297496
id23988,0.9566589,0.02149751,0.021843612
id20434,0.07743572,0.04053034,0.8820339
id06611,0.019171579,0.021218833,0.95960957
id18405,0.11900707,0.8576856,0.02330735
id27427,0.683887,0.10474982,0.2113632
id16168,0.019655209,0.9620917,0.018253114
id02139,0.7433022,0.23477599,0.021921724
id18654,0.01854654,0.9642747,0.017178793
id24598,0.881748,0.09348303,0.024768995
id23360,0.020214949,0.9592438,0.02054122
id06220,0.020366374,0.9612006,0.01843305
id26411,0.9502994,0.02060475,0.029095879
id27660,0.80375034,0.025135323,0.1711143
id07192,0.027017549,0.019393269,0.9535892
id18074,0.018966584,0.022008516,0.9590249
id11784,0.052432947,0.9291634,0.01840367
id04810,0.2043721,0.025031557,0.7705964
id01716,0.9526218,0.02396682,0.023411307
id27584,0.75980127,0.03881768,0.20138101
id25409,0.022817291,0.020795517,0.9563872
id06430,0.77608746,0.030040264,0.19387229
id11135,0.95915717,0.021435447,0.01940739
id27712,0.16362618,0.04032145,0.7960524
id27233,0.49509603,0.4796667,0.025237286
id13522,0.80676305,0.036739692,0.1564972
id11625,0.01947255,0.022674972,0.9578525
id03246,0.020823214,0.9618394,0.017337324
id05341,0.39873648,0.57344216,0.027821397
id22061,0.019635113,0.021636324,0.9587286
id03170,0.9452715,0.026132086,0.02859645
id09768,0.026881522,0.022495244,0.9506232
id20721,0.8870778,0.043839853,0.069082335
id14854,0.9419058,0.023379821,0.03471441
id01123,0.9538126,0.023697393,0.022490013
id00842,0.9576408,0.022455718,0.019903455
id11035,0.93857795,0.023678834,0.037743267
id19301,0.019196238,0.96179974,0.01900405
id06409,0.42970696,0.49615416,0.07413888
id09883,0.94797504,0.022032013,0.02999292
id04218,0.66060007,0.18321502,0.15618497
id25171,0.020081693,0.021223065,0.95869523
id13394,0.023404257,0.023303967,0.9532918
id14322,0.95711774,0.020468531,0.022413734
id17623,0.08947609,0.093992814,0.81653106
id16980,0.42041367,0.5524169,0.027169427
id22634,0.026915755,0.019128626,0.95395565
id03773,0.94912136,0.020236664,0.030642003
id20243,0.029445931,0.56826836,0.40228572
id12135,0.018409455,0.96292216,0.018668415
id11727,0.9508692,0.02783892,0.021291897
id06460,0.021248838,0.96179163,0.016959574
id23515,0.9431025,0.029705983,0.02719158
id16908,0.041110404,0.1067608,0.8521288
id10641,0.83399177,0.13628979,0.029718487
id22637,0.13970798,0.025687998,0.8346041
id19724,0.9424462,0.036856618,0.020697227
id12295,0.020152234,0.96116215,0.018685635
id18977,0.05344666,0.02718297,0.91937035
id27456,0.9437645,0.029004958,0.027230617
id02223,0.94120425,0.025236616,0.03355915
id06374,0.03377658,0.021749118,0.94447434
id13746,0.106053606,0.023718152,0.8702283
id24107,0.02530248,0.02131233,0.9533852
id09075,0.019756716,0.021581557,0.95866174
id06741,0.2711528,0.03017791,0.6986693
id25474,0.9175241,0.02026365,0.062212233
id02497,0.9574524,0.020890245,0.021657337
id21878,0.94769365,0.022334648,0.029971695
id23199,0.023504796,0.022296812,0.95419836
id12018,0.95536363,0.02195097,0.0226854
id20722,0.020965094,0.02053556,0.9584994
id05372,0.31251755,0.22539136,0.46209106
id07964,0.71586514,0.04292577,0.2412091
id02393,0.021859959,0.021704737,0.9564353
id10923,0.028747048,0.024450919,0.946802
id01260,0.93822515,0.030515,0.031259775
id09037,0.020839205,0.019978326,0.95918244
id01477,0.14627632,0.031108027,0.8226157
id11164,0.95188856,0.02035575,0.027755683
id20313,0.8622941,0.027135365,0.11057049
id20067,0.021110874,0.020870527,0.9580186
id17248,0.95144904,0.024065908,0.024485027
id24557,0.031142473,0.018918391,0.94993913
id26745,0.4143588,0.02895034,0.5566909
id16759,0.021883352,0.020921549,0.95719504
id22382,0.9180638,0.036808558,0.045127623
id18404,0.031496175,0.025639927,0.94286394
id23761,0.019470124,0.021686342,0.9588435
id00511,0.025724202,0.9561692,0.018106524
id15560,0.9509504,0.023935767,0.025113769
id04834,0.94499135,0.023396578,0.031612102
id26796,0.936179,0.021298276,0.042522736
id14809,0.042816002,0.019458236,0.9377257
id15091,0.25379,0.03185965,0.7143504
id14861,0.022451242,0.9596674,0.017881392
id21193,0.11609341,0.7702215,0.11368515
id20331,0.020183813,0.96040165,0.019414548
id17847,0.01971378,0.9618348,0.018451475
id00795,0.95668447,0.021076018,0.02223953
id22651,0.9284614,0.021687094,0.049851507
id22803,0.9539608,0.025049414,0.020989846
id01714,0.9550635,0.020024577,0.02491187
id05350,0.03436421,0.025246914,0.94038886
id08674,0.94325066,0.020793568,0.03595584
id04427,0.020809582,0.9612593,0.017931096
id17815,0.021070944,0.959545,0.01938398
id22270,0.94530195,0.027018867,0.027679183
id11183,0.03405343,0.020102125,0.9458445
id00326,0.9278759,0.041777644,0.030346444
id00382,0.9570277,0.022731615,0.020240739
id11557,0.021676723,0.020157788,0.95816547
id20271,0.93714905,0.02783088,0.03502005
id05133,0.9352989,0.020627249,0.04407384
id14597,0.025064753,0.9581365,0.016798737
id21411,0.020211646,0.96196616,0.017822223
id15375,0.022192258,0.019960811,0.95784694
id10172,0.020541366,0.02018406,0.9592746
id13524,0.945055,0.023304397,0.031640597
id26331,0.94858396,0.025362294,0.026053742
id20167,0.019473081,0.021902176,0.9586247
id03249,0.01930237,0.9616895,0.019008208
id15839,0.91712654,0.025604108,0.057269353
id27200,0.02053061,0.9599096,0.019559775
id15847,0.021457013,0.02238228,0.9561607
id07249,0.019683827,0.9622179,0.018098284
id19494,0.9562789,0.019985098,0.023736041
id01388,0.027334232,0.81880647,0.15385935
id22045,0.020835333,0.020001315,0.95916337
id09111,0.9171386,0.04710598,0.035755493
id04011,0.042404506,0.8462428,0.11135273
id26410,0.019714382,0.9601679,0.020117808
id19614,0.9354083,0.022358648,0.042233072
id10183,0.019273654,0.9617778,0.018948566
id20388,0.020639766,0.020351125,0.95900905
id16498,0.9550494,0.022157595,0.022793053
id18488,0.020839684,0.02078489,0.95837545
id11018,0.12638602,0.8459698,0.027644191
id16185,0.95864594,0.02055826,0.020795817
id23501,0.69751775,0.2777689,0.024713326
id02837,0.04261682,0.019963767,0.9374194
id05544,0.45229968,0.41740733,0.13029304
id22784,0.069059335,0.020635948,0.9103047
id15404,0.020004742,0.020958511,0.95903677
id13010,0.95069945,0.019628733,0.029671824
id22169,0.020663403,0.9609971,0.018339498
id16438,0.019442486,0.021115437,0.95944214
id20464,0.35955554,0.026817929,0.61362654
id26306,0.95162976,0.019275377,0.029094866
id15995,0.4031086,0.08577064,0.51112074
id26068,0.19251862,0.030548248,0.77693313
id19348,0.093715265,0.8748981,0.03138665
id04196,0.021902269,0.9610108,0.017086897
id13002,0.03949216,0.89763963,0.06286822
id25650,0.78358257,0.118018106,0.098399386
id17598,0.020625181,0.9587306,0.020644281
id10079,0.4631637,0.49581918,0.04101712
id10094,0.054555975,0.825328,0.12011608
id05918,0.8975426,0.029705435,0.07275204
id18747,0.9540375,0.020599948,0.025362592
id15571,0.025795614,0.95631707,0.017887319
id16113,0.18903856,0.028924216,0.7820372
id02316,0.47839117,0.04743614,0.47417262
id09545,0.94741,0.027665475,0.024924498
id13878,0.073826596,0.022724675,0.9034487
id07476,0.91686547,0.034939066,0.048195537
id20103,0.11853671,0.023016637,0.8584467
id27367,0.030571174,0.019048953,0.95037985
id25668,0.026422316,0.02062307,0.9529546
id09680,0.95702904,0.020835498,0.022135451
id00500,0.040862154,0.6734152,0.28572267
id06110,0.86069345,0.026019877,0.11328665
id15804,0.028188428,0.9536776,0.01813402
id03223,0.020852666,0.96109664,0.01805064
id02039,0.026823308,0.95227563,0.020901103
id09795,0.024457287,0.023491371,0.95205134
id10808,0.036931872,0.020624852,0.94244325
id10134,0.018221823,0.96202254,0.019755684
id14361,0.7281898,0.24127257,0.030537546
id15881,0.093839705,0.020762388,0.8853979
id27120,0.022304121,0.020962667,0.9567332
id09860,0.8880648,0.042361777,0.06957343
id11959,0.019063007,0.96264106,0.018295934
id25770,0.018502267,0.9624672,0.019030523
id24364,0.19491032,0.78273517,0.022354525
id22944,0.95570207,0.020488614,0.02380926
id04345,0.95436543,0.024494259,0.021140365
id05127,0.036424704,0.019408854,0.9441665
id01779,0.023493968,0.021286208,0.95521986
id05559,0.95487165,0.020896915,0.024231415
id14474,0.9567912,0.021194663,0.022014152
id13283,0.9112889,0.061764278,0.026946783
id03301,0.91150045,0.035310313,0.053189207
id16939,0.020021109,0.9597742,0.020204747
id01166,0.019017307,0.96136194,0.019620772
id16766,0.95161575,0.021371806,0.02701245
id04338,0.956066,0.022192437,0.02174154
id12731,0.95610535,0.020966241,0.02292845
id08988,0.020163983,0.9615003,0.018335735
id08236,0.019695316,0.9613799,0.018924814
id03309,0.48132682,0.06206716,0.45660606
id16458,0.89456093,0.060468435,0.044970613
id02442,0.788818,0.17916492,0.03201712
id25767,0.032741293,0.020574523,0.9466841
id17357,0.53634495,0.4092072,0.054447915
id08627,0.022799755,0.021385645,0.9558146
id19488,0.09946626,0.022853892,0.8776798
id18345,0.5952462,0.071903184,0.3328506
id10661,0.81785154,0.046233434,0.13591504
id01713,0.02125316,0.96097064,0.017776214
id26237,0.91049004,0.06958244,0.019927528
id08062,0.11166647,0.86407346,0.02426
id01497,0.022885052,0.95719963,0.019915363
id07590,0.9510619,0.028415909,0.020522162
id06299,0.0223935,0.020221286,0.95738524
id02770,0.022219652,0.02041755,0.95736283
id19197,0.01937836,0.022827383,0.9577943
id16572,0.94208723,0.024186939,0.033725888
id04518,0.019123793,0.96312475,0.017751476
id09316,0.02400521,0.9585017,0.017493078
id17533,0.021549065,0.023762073,0.95468885
id13494,0.50931823,0.030954903,0.45972687
id10024,0.956498,0.021659847,0.021842128
id19896,0.95214164,0.021083046,0.026775273
id10956,0.95634145,0.021498537,0.02215995
id08458,0.019975156,0.95977044,0.02025443
id09066,0.68284446,0.030372275,0.2867833
id26608,0.9407677,0.026910545,0.03232175
id20977,0.0384271,0.18325144,0.7783215
id21587,0.030280542,0.3119726,0.6577469
id19928,0.019885464,0.02231907,0.9577955
id19077,0.14756773,0.8222736,0.030158697
id06865,0.020563638,0.0207962,0.95864016
id15224,0.021012148,0.021072067,0.9579158
id09036,0.020894762,0.9606864,0.018418835
id04885,0.9563359,0.021511765,0.02215237
id06619,0.019953715,0.96003765,0.020008605
id20211,0.020113386,0.96085876,0.01902785
id23985,0.7944156,0.061096568,0.14448786
id17048,0.95258164,0.025431475,0.021986878
id11272,0.89401835,0.025828958,0.080152705
id16998,0.035296027,0.020040322,0.94466364
id16506,0.022070814,0.022145793,0.95578337
id11558,0.02777436,0.020269703,0.9519559
id04913,0.055669058,0.020034373,0.92429656
id10308,0.021204289,0.020402115,0.9583936
id15956,0.046743877,0.02270624,0.9305499
id21350,0.01878492,0.96200085,0.019214215
id09246,0.9294661,0.029671932,0.040861968
id00753,0.9183399,0.040020775,0.04163933
id08101,0.024570202,0.9561493,0.019280482
id26853,0.019279595,0.9628035,0.017916897
id22044,0.019610565,0.9607695,0.01961999
id27234,0.89128846,0.025357882,0.08335363
id18357,0.037080564,0.9453893,0.017530167
id24187,0.9516493,0.022576459,0.025774274
id23934,0.04226546,0.02148401,0.9362505
id21378,0.020972725,0.96091527,0.01811201
id12777,0.1491769,0.03124767,0.8195755
id11493,0.021994833,0.019500995,0.9585042
id12824,0.20215507,0.18582657,0.61201835
id22565,0.024378788,0.95826656,0.017354652
id02996,0.023162466,0.022462543,0.95437497
id26154,0.7556304,0.2228742,0.021495435
id22710,0.37614885,0.59919184,0.02465931
id19389,0.025183503,0.9584006,0.01641589
id19539,0.028664328,0.033405628,0.93793005
id17345,0.030305773,0.9524773,0.017216928
id16938,0.94116944,0.020833656,0.037996925
id05670,0.9536375,0.02080545,0.025557099
id12991,0.6416983,0.077702254,0.28059942
id26819,0.019689998,0.96176654,0.018543493
id02679,0.05238692,0.022321243,0.92529184
id11334,0.5795713,0.037579287,0.3828494
id18553,0.9556663,0.022638828,0.021694789
id27899,0.95370144,0.02415086,0.022147706
id20569,0.018828584,0.9629593,0.018212188
id00759,0.020100173,0.96119535,0.018704485
id13013,0.87512094,0.028316367,0.09656273
id06798,0.9476493,0.026811698,0.025539016
id04524,0.018473627,0.9629469,0.018579423
id19026,0.1172718,0.026382664,0.85634553
id17376,0.020099146,0.021338057,0.95856285
id21794,0.018841768,0.021214733,0.9599435
id22720,0.03335681,0.23879749,0.7278457
id26054,0.023901118,0.02114763,0.9549513
id01050,0.020447694,0.9584083,0.021144055
id11917,0.944868,0.024030577,0.031101426
id12706,0.93447256,0.024604253,0.040923122
id18796,0.0284477,0.036351368,0.9352009
id10096,0.020042233,0.020610178,0.9593476
id27514,0.32765138,0.14351201,0.52883667
id22130,0.93090224,0.021591991,0.047505803
id23378,0.9480096,0.025246946,0.026743485
id27306,0.9549397,0.020722836,0.024337456
id25914,0.018620308,0.021709325,0.95967036
id05461,0.9558784,0.021195447,0.022926161
id24782,0.9296936,0.039045718,0.031260706
id11890,0.02038405,0.96021605,0.019399846
id23405,0.027645564,0.22430722,0.7480472
id15919,0.026642228,0.7600379,0.21331987
id08430,0.38924578,0.026194332,0.5845599
id16328,0.06325067,0.023352386,0.9133969
id16599,0.9496549,0.02075548,0.029589657
id25407,0.032281235,0.5524881,0.41523066
id10786,0.95114523,0.021348407,0.02750635
id08935,0.95650303,0.022645136,0.020851906
id24742,0.95560235,0.022987077,0.021410579
id15921,0.9471176,0.028738314,0.024144055
id21816,0.021326238,0.022445597,0.95622814
id06235,0.026362509,0.9548625,0.018775037
id00527,0.9562798,0.021468863,0.022251263
id17349,0.021817217,0.019278519,0.95890427
id05356,0.9551667,0.02154632,0.023287013
id13287,0.021806479,0.96054095,0.01765259
id09044,0.77314335,0.024472963,0.20238367
id09374,0.07905818,0.7070961,0.21384573
id25625,0.35490182,0.6235361,0.021562122
id03201,0.029412277,0.94587636,0.024711387
id02709,0.9578189,0.02117999,0.021001132
id08914,0.14141892,0.03168247,0.8268986
id15753,0.3620996,0.029333223,0.60856724
id20125,0.022056561,0.9598027,0.018140703
id20784,0.9573891,0.021814907,0.020795982
id26248,0.02363611,0.023230812,0.9531331
id10016,0.20422158,0.0428505,0.7529279
id18793,0.93867344,0.033061966,0.028264558
id04562,0.19047435,0.7857755,0.023750175
id25106,0.021232316,0.020200688,0.958567
id00536,0.9558603,0.02042466,0.023714993
id01946,0.027905872,0.021757888,0.9503363
id18369,0.07402073,0.90478486,0.021194419
id07345,0.022490967,0.96044946,0.017059555
id27752,0.9443553,0.021488119,0.034156576
id21463,0.019244118,0.96216965,0.01858626
id18922,0.032010615,0.021445889,0.9465435
id17166,0.022254817,0.95995563,0.01778953
id07458,0.02022877,0.9609625,0.018808773
id01801,0.021368694,0.022986108,0.9556452
id10529,0.95603466,0.022759933,0.021205444
id08774,0.03556466,0.30540237,0.65903294
id22292,0.025257584,0.022006951,0.9527354
id14044,0.9238618,0.025082296,0.051055957
id20234,0.02028848,0.9615298,0.01818176
id26960,0.9483553,0.01970756,0.031937137
id20809,0.46127427,0.48818514,0.050540622
id20365,0.9450484,0.027688928,0.02726269
id09182,0.6050661,0.32251358,0.072420284
id27671,0.94548935,0.020260653,0.034250017
id26438,0.9486164,0.02582987,0.025553757
id22712,0.35079578,0.6267263,0.022477923
id13988,0.03247474,0.019581553,0.9479437
id01727,0.9537877,0.020245152,0.025967186
id27147,0.8410408,0.029323826,0.12963544
id23213,0.021255687,0.9602287,0.018515645
id21969,0.038398232,0.69606745,0.2655343
id12062,0.9537822,0.0221822,0.024035549
id26579,0.26060325,0.72013617,0.019260619
id20568,0.5177864,0.37833866,0.10387494
id04399,0.5908551,0.026589323,0.38255554
id26756,0.020498076,0.96306163,0.016440263
id04580,0.035345636,0.19775544,0.76689893
id16349,0.055797,0.87801915,0.06618389
id23583,0.018789854,0.9628437,0.018366497
id14643,0.9465698,0.022052046,0.03137812
id22604,0.5130519,0.29704303,0.18990502
id25973,0.019905766,0.96207964,0.018014591
id07553,0.08191226,0.027674869,0.8904129
id05614,0.27046832,0.36746547,0.36206624
id15320,0.10238024,0.021366429,0.87625337
id01016,0.03501321,0.019377261,0.9456095
id11463,0.01982723,0.96036345,0.019809326
id18655,0.36890325,0.60480314,0.026293661
id22527,0.022007108,0.019394355,0.95859855
id05458,0.020034565,0.9614128,0.018552644
id08802,0.019590521,0.0207233,0.95968616
id11573,0.56956834,0.06632675,0.36410493
id16935,0.061268665,0.025299784,0.9134315
id27417,0.020674957,0.020137161,0.95918787
id27781,0.9175971,0.049681086,0.032721806
id21873,0.95491093,0.020526463,0.024562553
id20624,0.019151337,0.022550136,0.9582985
id19660,0.018362287,0.96334463,0.01829311
id03783,0.9542552,0.022930562,0.02281419
id22172,0.020433966,0.9500332,0.029532868
id20709,0.95445645,0.025804838,0.019738764
id12524,0.93834925,0.028620278,0.033030502
id27650,0.019614374,0.9606084,0.019777156
id09501,0.020794358,0.9563056,0.022900049
id20840,0.022230718,0.9600164,0.017752845
id09960,0.02292462,0.020850021,0.9562254
id13916,0.024050176,0.020008685,0.9559411
id00249,0.02202164,0.019553741,0.95842457
id02540,0.954576,0.019174045,0.026249979
id23326,0.022990227,0.02016384,0.95684594
id14632,0.9543389,0.022632722,0.023028348
id25512,0.115830705,0.31082004,0.57334924
id10628,0.95658493,0.021853406,0.021561662
id08490,0.0197535,0.96251816,0.017728345
id09084,0.9503454,0.023635168,0.026019445
id27553,0.019567486,0.96064156,0.019790962
id20930,0.022227187,0.9593245,0.018448377
id21337,0.105611645,0.022083998,0.8723043
id25537,0.020057049,0.02226583,0.95767707
id27349,0.68823814,0.0445726,0.26718923
id25655,0.021941999,0.96047866,0.017579269
id26464,0.95213777,0.02689833,0.020963939
id00599,0.9232696,0.02125001,0.0554804
id06964,0.02324554,0.959001,0.01775351
id21875,0.35167196,0.07460336,0.5737247
id27488,0.94561034,0.02522847,0.02916121
id07980,0.018725056,0.022278888,0.95899606
id12995,0.06459896,0.025223082,0.910178
id08094,0.019579321,0.021013515,0.95940715
id02134,0.8098097,0.050779022,0.13941129
id14311,0.026810652,0.95455873,0.018630652
id06514,0.9572326,0.020610023,0.022157412
id19775,0.020648202,0.021364197,0.9579876
id18618,0.056039315,0.9142535,0.02970721
id26593,0.95432127,0.021758057,0.023920631
id11975,0.019906044,0.9612833,0.018810678
id07853,0.022024954,0.022676026,0.9552991
id16848,0.953842,0.021614041,0.024544002
id11595,0.01921871,0.96185225,0.01892908
id24777,0.7893313,0.026404891,0.18426381
id07824,0.9555642,0.02134768,0.023088109
id23007,0.019839648,0.025310587,0.9548497
id04805,0.020406816,0.023192678,0.9564005
id00504,0.8485921,0.12818238,0.023225538
id24331,0.018785475,0.9636213,0.017593214
id03914,0.02188385,0.022684108,0.95543206
id16299,0.9577801,0.02018633,0.02203352
id05565,0.9232998,0.046540126,0.03016001
id27934,0.02300995,0.9587947,0.018195303
id17027,0.9488411,0.027428309,0.023730598
id02785,0.61996114,0.20300123,0.17703757
id16094,0.5868759,0.38416174,0.028962374
id22435,0.020885676,0.020627318,0.95848703
id10586,0.030324593,0.030928845,0.9387466
id06467,0.020667005,0.9607247,0.018608268
id18227,0.9448595,0.02247496,0.032665554
id02286,0.019610323,0.961187,0.019202707
id07393,0.05363379,0.8872426,0.059123587
id11640,0.6365483,0.07892042,0.28453133
id15718,0.67900187,0.025746724,0.29525143
id23756,0.02042442,0.96041137,0.019164208
id14564,0.020690678,0.021149972,0.9581593
id24963,0.84680825,0.037562195,0.115629576
id03069,0.15900862,0.029787311,0.8112041
id24648,0.93193823,0.0480682,0.019993601
id15920,0.29550895,0.6240649,0.08042614
id11255,0.9306136,0.027095987,0.042290457
id00544,0.3672943,0.5759398,0.056766
id13211,0.94920474,0.020385627,0.030409614
id26285,0.87162143,0.058384586,0.06999399
id19879,0.19397391,0.041354526,0.7646716
id21440,0.37103093,0.029115375,0.5998537
id09539,0.018751886,0.020927927,0.9603202
id10781,0.019218098,0.9612593,0.019522622
id06557,0.023617158,0.019651024,0.9567318
id16747,0.023528615,0.019870987,0.95660037
id14358,0.01884966,0.9619048,0.019245535
id05250,0.9288971,0.02523245,0.045870475
id02390,0.100515984,0.02731524,0.87216884
id14790,0.922455,0.029304791,0.048240155
id14355,0.8255188,0.10282466,0.071656615
id23157,0.8754654,0.022748094,0.10178653
id20324,0.025123592,0.029535599,0.9453408
id01870,0.020962344,0.9605285,0.018509153
id01079,0.02030208,0.96140593,0.018291952
id03392,0.9473891,0.026814979,0.025795849
id22758,0.94727534,0.020216424,0.032508273
id05599,0.18765062,0.026740724,0.78560865
id07189,0.022070434,0.020842817,0.95708674
id13364,0.9551088,0.01993518,0.024956034
id00902,0.20339784,0.77259797,0.024004204
id07164,0.82959974,0.06795606,0.102444135
id27290,0.08991941,0.024180157,0.88590044
id18931,0.9413869,0.040223587,0.018389558
id22165,0.29161975,0.6739569,0.03442335
id14677,0.020151375,0.96093047,0.018918145
id18987,0.098749235,0.030449767,0.870801
id13143,0.018776817,0.96294725,0.018275898
id18589,0.50521743,0.047125634,0.44765696
id01635,0.019189268,0.9617819,0.019028848
id02661,0.027507711,0.954649,0.017843323
id12463,0.018850273,0.9617058,0.019443933
id18461,0.9291704,0.028783882,0.042045735
id12709,0.5479465,0.03152534,0.42052817
id11957,0.020279627,0.9616224,0.018097952
id13040,0.52681047,0.036374427,0.4368151
id03953,0.3575934,0.03101874,0.61138785
id02623,0.6723356,0.2713364,0.056327928
id21479,0.024030846,0.019969428,0.95599973
id06976,0.022413816,0.9601588,0.01742736
id18721,0.6355846,0.16437365,0.20004179
id12043,0.01994944,0.02197541,0.95807517
id16526,0.019626563,0.9619626,0.01841089
id03184,0.09649967,0.022725457,0.88077486
id23194,0.6667194,0.037470497,0.2958101
id17544,0.6537816,0.31171137,0.034507032
id17314,0.025440414,0.02053059,0.95402896
id17306,0.8154537,0.029135281,0.15541105
id11044,0.5034018,0.03477098,0.46182725
id22762,0.9550268,0.022896133,0.022077104
id02797,0.05589819,0.026147071,0.91795474
id13340,0.020585021,0.020856434,0.95855856
id08131,0.94930255,0.02460555,0.026091898
id24181,0.019481866,0.96118283,0.019335337
id20359,0.8298435,0.12007935,0.05007719
id14736,0.020006707,0.9623056,0.01768769
id09362,0.939062,0.037429623,0.023508376
id07987,0.019348033,0.021742878,0.95890903
id01664,0.021079537,0.96028924,0.018631227
id00096,0.9553226,0.021045286,0.02363209
id01475,0.020068128,0.02159294,0.9583389
id04020,0.021473357,0.021764316,0.9567623
id09617,0.49190053,0.02850079,0.4795987
id13098,0.9529494,0.025647875,0.021402737
id19010,0.019118331,0.96149653,0.019385187
id12754,0.931355,0.024771614,0.043873403
id25238,0.72697616,0.028109236,0.24491462
id14896,0.065286234,0.020398939,0.91431487
id16827,0.028690046,0.020198494,0.9511115
id11685,0.051422235,0.022636857,0.92594093
id10496,0.0664599,0.02205081,0.9114893
id08073,0.32793102,0.044797223,0.6272718
id08504,0.032436386,0.023260055,0.9443036
id25872,0.025572885,0.02027411,0.95415306
id09498,0.78730816,0.1880235,0.024668422
id23890,0.02059563,0.9602179,0.019186502
id15065,0.020609675,0.02301783,0.9563725
id11197,0.21386047,0.5783568,0.20778275
id02832,0.025899488,0.78922683,0.18487367
id26969,0.95358336,0.022170339,0.024246274
id25442,0.46545434,0.039336734,0.49520892
id09727,0.022363007,0.020812009,0.95682496
id18592,0.021893881,0.021076635,0.9570295
id11442,0.95571107,0.02174309,0.022545809
id22071,0.8819252,0.04079815,0.07727663
id09700,0.039149456,0.01928386,0.9415667
id20265,0.95652705,0.020545136,0.022927793
id23687,0.9568696,0.0206989,0.022431457
id01055,0.04222098,0.9407024,0.017076688
id08519,0.9313847,0.033256844,0.03535851
id05922,0.67695755,0.30296737,0.020075105
id02918,0.031806584,0.95121413,0.016979303
id14502,0.95573413,0.020584282,0.02368164
id01642,0.06983687,0.022442736,0.9077204
id21251,0.95668966,0.020614464,0.022695893
id09673,0.023934515,0.021437226,0.9546283
id17837,0.024129624,0.02156211,0.9543083
id24245,0.95331925,0.022331638,0.024349114
id15837,0.066288166,0.023098152,0.91061366
id13077,0.02168589,0.020770824,0.9575433
id23079,0.59621966,0.36674842,0.037031863
id12938,0.020482672,0.022078985,0.95743835
id12144,0.020904386,0.021626722,0.95746887
id06882,0.95478725,0.021125486,0.024087258
id06354,0.02271033,0.020170394,0.9571193
id23573,0.61996645,0.0366404,0.34339315
id13800,0.021461317,0.019715417,0.9588233
id26115,0.053155053,0.6612867,0.28555825
id21179,0.03005995,0.018152049,0.95178795
id00125,0.9559991,0.021982552,0.022018367
id22600,0.022951381,0.031132758,0.9459159
id15726,0.027302964,0.019845014,0.952852
id08078,0.82411367,0.1399031,0.03598322
id20091,0.021002045,0.96052974,0.018468225
id00026,0.94864637,0.024661724,0.02669194
id03698,0.9550146,0.02176595,0.023219477
id09198,0.9452571,0.024532242,0.030210612
id12520,0.17836685,0.7797296,0.041903537
id16277,0.027434355,0.020274127,0.95229155
id17964,0.020539215,0.020931818,0.958529
id24040,0.022414401,0.9603138,0.01727179
id17613,0.95079714,0.02192956,0.02727332
id00157,0.92468804,0.036087353,0.039224636
id10012,0.16954702,0.02548944,0.8049636
id02419,0.020460458,0.021382121,0.9581574
id05562,0.7007984,0.031337444,0.2678642
id09049,0.01967976,0.9622351,0.01808517
id24915,0.043718703,0.93948597,0.016795354
id02808,0.03886119,0.14286624,0.8182726
id00167,0.9582371,0.020818528,0.020944383
id13451,0.9506383,0.019925017,0.02943672
id24775,0.9484765,0.029202998,0.022320485
id10240,0.019550111,0.9619787,0.018471269
id24597,0.81109923,0.028838862,0.1600619
id15364,0.02000149,0.9612144,0.018784117
id13191,0.027406912,0.63114244,0.34145066
id09592,0.021534,0.021705592,0.9567604
id12083,0.07956555,0.50997984,0.41045466
id23492,0.6821999,0.1957603,0.12203985
id06816,0.026498381,0.020387277,0.95311433
id16971,0.7083674,0.03710129,0.25453132
id05675,0.9542326,0.021621697,0.02414567
id23037,0.02266269,0.019426407,0.9579109
id00399,0.23588668,0.030375637,0.7337377
id05925,0.022264404,0.020454405,0.9572812
id01834,0.95595104,0.020933175,0.023115832
id20350,0.021553785,0.020989245,0.95745695
id18961,0.93716985,0.023530882,0.039299246
id02132,0.018485311,0.9634926,0.018022114
id26609,0.024135925,0.95274067,0.023123372
id16532,0.019751936,0.96122617,0.019021928
id23289,0.95176774,0.025935147,0.02229716
id26621,0.9541423,0.021909613,0.023948131
id03254,0.019675858,0.962105,0.018219147
id04701,0.047955748,0.021629652,0.9304146
id26600,0.021503981,0.96014833,0.01834768
id16006,0.028001184,0.95416415,0.017834667
id25724,0.026225235,0.019649412,0.9541254
id27223,0.9387148,0.024219666,0.037065502
id14345,0.94195527,0.03250853,0.025536219
id27374,0.01785249,0.9564046,0.025742866
id21131,0.022533985,0.021285765,0.9561803
id12410,0.9487995,0.02629439,0.024906132
id15483,0.095560335,0.031930752,0.8725089
id15429,0.29819888,0.61667365,0.08512745
id25480,0.8924961,0.08107244,0.026431441
id11453,0.029084554,0.80339175,0.16752373
id20437,0.14754748,0.78508896,0.067363545
id08468,0.026370512,0.84399843,0.12963098
id22181,0.89982927,0.06800725,0.032163527
id18810,0.94659775,0.030297944,0.023104282
id17482,0.14899604,0.033273246,0.8177307
id22746,0.85286963,0.035829157,0.1113012
id03107,0.94570315,0.023380356,0.030916493
id02184,0.72042525,0.25227156,0.027303219
id25068,0.9499553,0.023484698,0.026560014
id19154,0.4252593,0.033842236,0.54089844
id10358,0.2766074,0.700319,0.023073653
id09126,0.36533684,0.027884156,0.606779
id05936,0.8933075,0.04075571,0.06593681
id00020,0.020091778,0.9608608,0.019047461
id20771,0.52008164,0.033423427,0.4464949
id00116,0.17732157,0.79817766,0.024500707
id12424,0.62446696,0.025125416,0.3504077
id05755,0.023440126,0.019448105,0.9571118
id27476,0.018144067,0.96332467,0.018531311
id02686,0.94062203,0.024333712,0.035044275
id10234,0.9471495,0.026841136,0.026009398
id05969,0.95499104,0.020497555,0.024511386
id14440,0.020891191,0.96105796,0.018050851
id09937,0.28174666,0.6436989,0.07455447
id08238,0.020557765,0.019358313,0.96008396
id11090,0.15840529,0.8198931,0.021701662
id13183,0.022088991,0.023943147,0.95396787
id25712,0.022702739,0.9584398,0.018857386
id22510,0.02239691,0.022427952,0.95517516
id19204,0.9481577,0.02110775,0.030734556
id05758,0.13814998,0.02579152,0.8360585
id27063,0.6394311,0.075456865,0.28511202
id11773,0.02229174,0.01988302,0.95782524
id11562,0.95326364,0.019961778,0.026774634
id16208,0.033599354,0.020461988,0.9459387
id04036,0.13245575,0.51762223,0.349922
id26159,0.9254343,0.021891613,0.052674163
id26777,0.06800231,0.90936273,0.022634992
id08501,0.92098475,0.028924754,0.050090473
id11216,0.0204279,0.9609807,0.01859138
id03410,0.7919736,0.047371607,0.16065481
id04537,0.024325032,0.020375084,0.95529985
id26628,0.8934735,0.023038708,0.083487816
id01586,0.021163786,0.9604222,0.01841398
id13421,0.52979547,0.03025878,0.4399458
id26084,0.020745888,0.9623098,0.016944362
id05375,0.02154357,0.020240022,0.95821637
id23212,0.91465104,0.06010437,0.025244612
id15980,0.94426674,0.022043599,0.03368969
id11719,0.019278558,0.9614674,0.019254055
id13109,0.95200443,0.025352512,0.022643037
id07156,0.9556405,0.020559229,0.023800239
id04893,0.4995958,0.47402325,0.026380952
id11749,0.731527,0.031837504,0.23663549
id10526,0.03203401,0.020575853,0.9473902
id13477,0.8975949,0.024233608,0.07817153
id13761,0.496533,0.042249896,0.4612171
id04282,0.020683238,0.9609119,0.018404845
