id,EAP,HPL,MWS
id02310,0.17653939824467124,0.05974650858407506,0.7637140931712537
id24541,0.9185507695763612,0.037478521099679564,0.04397070932395919
id00134,0.03359296599502195,0.9488693822435101,0.017537651761467942
id27757,0.4338970463769833,0.4837869982231428,0.08231595539987388
id04081,0.8326339593843048,0.09881868324065482,0.06854735737504032
id27337,0.9176405702975866,0.03835593132230775,0.04400349838010557
id24265,0.8569187597047431,0.08444481266054692,0.058636427634709984
id25917,0.06547854573421354,0.8370950590272637,0.09742639523852287
id04951,0.9152969368932575,0.04042705733761778,0.044276005769124695
id14549,0.916774985337755,0.03915567817925437,0.04406933648299057
id22505,0.05933285950236468,0.03718618744116976,0.9034809530564656
id24002,0.03015865731586372,0.9539621672583448,0.015879175425791398
id18982,0.165816821805626,0.1981181358337347,0.6360650423606393
id15181,0.03797485317826207,0.9403683179596272,0.02165682886211075
id21888,0.5712238690716582,0.20016425299156315,0.22861187793677865
id12035,0.04698908955017433,0.02077144786344053,0.9322394625863851
id17991,0.7631922503873765,0.08679824851377867,0.1500095010988448
id10707,0.9213023966897309,0.036771101369683895,0.04192650194058523
id07101,0.5455306382703219,0.22555212454345858,0.22891723718621965
id00345,0.8499061526522583,0.05773589230892323,0.09235795503881854
id05912,0.8786782765607238,0.06314569964843311,0.05817602379084306
id13443,0.29895193857585456,0.1501966926408754,0.5508513687832701
id09248,0.8330219784057039,0.07026116927769203,0.09671685231660421
id17542,0.4882077624981418,0.20849792394303365,0.3032943135588246
id06995,0.2650025854839212,0.04982274464630093,0.6851746698697778
id25159,0.6951951683126559,0.11339173771215832,0.19141309397518574
id25729,0.6452199307877349,0.22350862112811812,0.1312714480841471
id26949,0.9148734408418296,0.03911243356444856,0.04601412559372183
id27191,0.04170222738047,0.019548051251052825,0.9387497213684772
id07668,0.08333145446500798,0.028782156664047147,0.8878863888709448
id02230,0.08621006183618883,0.03734982815479375,0.8764401100090174
id15553,0.9209221582795498,0.03597660879805377,0.043101232922396406
id25688,0.0322908418691843,0.9509205288848066,0.01678862924600914
id17545,0.7255922218478135,0.16111507730345953,0.11329270084872695
id13929,0.24477290763535745,0.5582365797884913,0.1969905125761513
id12880,0.03223740958480138,0.9464774430149608,0.021285147400237802
id19282,0.25219423003971264,0.6555016231214131,0.09230414683887422
id14690,0.05913685587841444,0.025766927674949636,0.915096216446636
id17975,0.2707609640191203,0.2213802705943352,0.5078587653865445
id08037,0.8910304404240014,0.04269844974585901,0.06627110983013956
id15412,0.28155813324332435,0.055033005564368714,0.663408861192307
id25032,0.8678346679294734,0.046021704755468885,0.08614362731505777
id27165,0.9049713420028818,0.045374667026155974,0.04965399097096213
id03327,0.8456782711691675,0.0744803887554761,0.07984134007535641
id18515,0.8615468545713347,0.05157791803395665,0.08687522739470861
id21003,0.1257185989659277,0.06474528100318243,0.8095361200308898
id23855,0.09671001354921083,0.8399557894442312,0.0633341970065579
id20724,0.7326993277834724,0.07826502909652071,0.189035643120007
id13303,0.8244114457349265,0.0727656602961068,0.10282289396896675
id16521,0.033121184676684394,0.9479546678678109,0.01892414745550477
id20775,0.9174065324332656,0.03700795623983306,0.04558551132690124
id13029,0.8357039031138681,0.06617321989835842,0.09812287698777342
id14660,0.8642883238978515,0.05707069726869886,0.07864097883344962
id11028,0.04054518997860487,0.019228784501887884,0.9402260255195073
id14180,0.810077202347541,0.12092519181178162,0.06899760584067728
id25860,0.9155411569465831,0.038858257142190385,0.04560058591122658
id11910,0.5580056544099508,0.06384993890743222,0.3781444066826171
id08065,0.08182887493809454,0.036094551196686,0.8820765738652194
id22674,0.14842187938725754,0.043185399110218965,0.8083927215025235
id25018,0.2865198195034912,0.06578542366313836,0.6476947568333704
id10892,0.029876435875496633,0.9543465965189576,0.015776967605545762
id10217,0.07749619735013395,0.8890743350772528,0.03342946757261312
id12996,0.8062679585504556,0.05730155404512693,0.13643048740441746
id18262,0.6718400941322048,0.22996761229384527,0.09819229357394994
id08606,0.031978327700291416,0.9498064767726727,0.018215195527035863
id17233,0.35438151459972594,0.13276155597480294,0.5128569294254712
id00101,0.6687505373633615,0.1709560056943256,0.1602934569423129
id12225,0.7864529317562775,0.08561513407045653,0.127931934173266
id01364,0.05350761768694088,0.9078405768038644,0.03865180550919462
id24973,0.7684138108208365,0.06618063624604575,0.16540555293311782
id25363,0.4331480170262511,0.05605705215829179,0.5107949308154571
id10061,0.4967538901836747,0.06164267921211729,0.441603430604208
id17673,0.1683266010955374,0.6563424316339322,0.17533096727053044
id13249,0.13567772456707913,0.038766730405988575,0.8255555450269322
id10107,0.18456164257158245,0.06458342756038372,0.7508549298680338
id04403,0.9175146159555116,0.03894788632304383,0.043537497721444635
id25728,0.8393035458886515,0.06131777212676547,0.09937868198458291
id16184,0.39894683597166647,0.5276368409300535,0.07341632309828013
id03438,0.12858322534705566,0.03478112980867564,0.8366356448442687
id22923,0.054622849316657764,0.9194969323086819,0.025880218374660372
id08610,0.9178850114135733,0.03796940659577018,0.04414558199065658
id25355,0.16963636578019572,0.10157572577171553,0.7287879084480887
id16916,0.34812277001040987,0.4784102041968517,0.17346702579273832
id12793,0.09864754525378316,0.8498419282779259,0.05151052646829097
id11859,0.8132277305002046,0.05774970220624224,0.12902256729355321
id02434,0.9208452582313217,0.03689082400753164,0.04226391776114674
id27703,0.087763307073257,0.030274988455552335,0.8819617044711907
id25212,0.2691667328390555,0.6590297618853074,0.0718035052756372
id11308,0.12057575884261972,0.03654909024634756,0.8428751509110328
id26094,0.9032703472748235,0.04443130219122182,0.05229835053395465
id22080,0.7780478341090642,0.14702487709151776,0.07492728879941803
id03545,0.6921404133582426,0.22861602037935433,0.07924356626240311
id23725,0.07082174637154276,0.026374872075412042,0.9028033815530452
id12009,0.5439855837899008,0.3509357053947477,0.10507871081535136
id24241,0.8141680465288691,0.07508117476394588,0.11075077870718507
id03596,0.030232123815264317,0.9537452957050028,0.016022580479732828
id10749,0.03695299974093337,0.9251006376616259,0.037946362597440796
id22794,0.044781751477144756,0.02318685689437867,0.9320313916284766
id15482,0.1249445159155923,0.6505047561193776,0.22455072796503012
id04833,0.398567259057019,0.4777272594087924,0.12370548153418866
id00397,0.0396545258898559,0.0189481926210298,0.9413972814891144
id14691,0.055318917566939,0.026042253104720112,0.918638829328341
id05193,0.10216032248383873,0.034439776946458035,0.8633999005697033
id19541,0.7594449203428932,0.08631678567694982,0.15423829398015704
id22166,0.04367702056091948,0.020599138829384578,0.9357238406096959
id20744,0.04288706871322147,0.019774427198894943,0.9373385040878836
id10392,0.04780282791581001,0.025508953437762903,0.9266882186464271
id00770,0.880103521962126,0.06166394166587621,0.0582325363719978
id06018,0.8730120596527127,0.0658041754051349,0.06118376494215228
id15678,0.45644008376379086,0.0843800825436875,0.45917983369252163
id08305,0.8578723767345422,0.07585206552936528,0.06627555773609259
id08903,0.13599659345080192,0.06179712052925869,0.8022062860199394
id14752,0.14881711340469692,0.6881018339355429,0.1630810526597603
id12468,0.032673611603789274,0.9498675096656509,0.017458878730559735
id05085,0.44184554337290866,0.46295379157672695,0.09520066505036444
id21993,0.09692274962141134,0.03281739084162392,0.8702598595369648
id15503,0.5462990876871223,0.3114585796180391,0.14224233269483855
id03021,0.050554607551852135,0.9051413580532801,0.04430403439486764
id16123,0.9139215740644376,0.041957614764416576,0.0441208111711457
id19383,0.9092303380198635,0.042451586846480774,0.04831807513365566
id04186,0.8003603232624995,0.0817591788914973,0.11788049784600325
id17954,0.04291728823245172,0.020461920078948367,0.9366207916885999
id12030,0.31923010107018424,0.0601029934341211,0.6206669054956946
id13020,0.16977326090166076,0.7226564291981682,0.10757030990017113
id25327,0.1080122314409481,0.49963479149138473,0.3923529770676671
id16344,0.12570646178304928,0.04035392217335721,0.8339396160435936
id12303,0.7874980752674066,0.13861054445644894,0.07389138027614447
id15017,0.9094363410133008,0.043835042353629707,0.04672861663306957
id22308,0.2519441134347012,0.06606851117625538,0.6819873753890434
id06536,0.05048296046905257,0.026459666503484268,0.923057373027463
id19797,0.0855053408638132,0.871433013459723,0.04306164567646381
id06332,0.27335037655065103,0.06755929369396585,0.6590903297553832
id22941,0.3044730258516789,0.2446057871562437,0.45092118699207745
id13547,0.24988816870815495,0.1167144860110416,0.6333973452808035
id06928,0.1346701105127709,0.04326367499846962,0.8220662144887595
id12521,0.8590597218927568,0.07888629346056734,0.06205398464667586
id25716,0.5558830506818407,0.06821679319261634,0.375900156125543
id27116,0.07572269780371735,0.02651817623625823,0.8977591259600245
id19941,0.03120612282979022,0.951708714905876,0.017085162264333712
id05711,0.04952621888353417,0.021714074923703208,0.9287597061927627
id02097,0.04938513431778683,0.02931927828166792,0.9212955874005453
id03563,0.0299946707178299,0.9541733568153092,0.015831972466860817
id02295,0.552554537420322,0.3470554269043784,0.10039003567529955
id08179,0.9219610318622418,0.036044179348888136,0.04199478878887011
id05332,0.03198041417287755,0.9503512318100625,0.01766835401705991
id15697,0.34359966885687254,0.5111593933946436,0.14524093774848387
id17026,0.29959576906740315,0.10785807186607706,0.5925461590665199
id04243,0.8954130371492425,0.05612838722098642,0.048458575629771156
id13175,0.7110821300352567,0.20512753372254494,0.08379033624219849
id05387,0.8871520423025168,0.04369282554546638,0.06915513215201682
id19989,0.6094531968695668,0.23988818517890265,0.15065861795153068
id25173,0.2570740062056653,0.07752442502611182,0.6654015687682229
id08925,0.4501897983669008,0.4669196045513895,0.08289059708170977
id03034,0.04617660459500279,0.9247078940554762,0.02911550134952102
id13272,0.029961591210742256,0.9540040968473432,0.016034311941914507
id07956,0.08150522514977075,0.037390215891890746,0.8811045589583386
id02648,0.14298366841599613,0.038000597804051406,0.8190157337799524
id01778,0.31301295851864025,0.10151372540491514,0.5854733160764446
id12846,0.041853884400887095,0.020574111527849704,0.9375720040712633
id19001,0.07320310048310093,0.02874848078744751,0.8980484187294515
id05763,0.7974713982703037,0.08686666424059039,0.11566193748910598
id15590,0.07588053039843536,0.026659701794552338,0.8974597678070123
id04912,0.7119799100631025,0.15071732062533919,0.1373027693115584
id21201,0.7535397885640893,0.10620033114370171,0.14025988029220904
id13215,0.9168219675548726,0.03714194901605466,0.04603608342907284
id15612,0.23029631321569916,0.7100424068300026,0.0596612799542982
id18501,0.5241829073024183,0.29326301136751765,0.182554081330064
id07223,0.8320698533457949,0.08845119111751915,0.07947895553668605
id06707,0.1098088225178876,0.6050353249735272,0.2851558525085853
id05238,0.029837757181127734,0.9545024878488216,0.01565975497005067
id00935,0.08684570657030878,0.7380839904669859,0.17507030296270532
id00110,0.11481050432405276,0.036040008303164714,0.8491494873727826
id17476,0.3064824319389168,0.271358143918125,0.42215942414295826
id15170,0.9120997229093115,0.043693973251357106,0.044206303839331385
id13397,0.10849271812852121,0.039400837695277906,0.852106444176201
id24283,0.7929652804791306,0.12217112863144433,0.08486359088942502
id15234,0.9194495420178256,0.037009990910678206,0.04354046707149612
id16884,0.6046704788130127,0.2445450490192414,0.15078447216774582
id07831,0.611029096321506,0.21293480367417544,0.17603610000431857
id16038,0.8386956035281508,0.09096841622535813,0.07033598024649115
id03629,0.8680960394006949,0.047605611146133306,0.08429834945317188
id21019,0.8814663250260114,0.0557312128340826,0.06280246213990612
id21835,0.07932364132760938,0.039617066372424764,0.8810592922999659
id04480,0.03367068808467646,0.9482936019843242,0.01803570993099938
id20838,0.8624430768380598,0.07761107487179598,0.05994584829014431
id24195,0.3538674864092344,0.06685032024005566,0.57928219335071
id05448,0.848313304196086,0.08082673708954283,0.0708599587143713
id15957,0.08126132289906733,0.8712385008132916,0.04750017628764108
id19956,0.042343213287718895,0.019823867769989272,0.9378329189422918
id15104,0.1656669297798136,0.3629285601158854,0.47140451010430096
id17559,0.09745620428562131,0.857177420727023,0.045366374987355684
id16839,0.11389830668343678,0.09922369039697629,0.786878002919587
id14493,0.45812596272971834,0.12086187978142612,0.4210121574888555
id08833,0.22321390273297512,0.06183920442535557,0.7149468928416693
id15723,0.07284702925867326,0.027217630274333653,0.8999353404669932
id02716,0.9153007839357924,0.03911717641295019,0.045582039651257344
id06689,0.06342583287190966,0.9073928055545153,0.029181361573574947
id18837,0.2685885478021072,0.061294787716105525,0.6701166644817872
id04466,0.9223946124373987,0.035775429510082654,0.04182995805251864
id00686,0.8988883912333778,0.04921532539112237,0.05189628337549982
id09010,0.09907686950013314,0.8588433870452182,0.042079743454648516
id23353,0.9200105770072298,0.03649940153297138,0.04349002145979884
id00066,0.7846409917032428,0.1059189407032333,0.10944006759352376
id15724,0.05509885823508048,0.9135028398252412,0.03139830193967845
id23486,0.41434834036858914,0.05841805881345077,0.5272336008179601
id22258,0.05503922509704336,0.026716320981514153,0.9182444539214425
id02292,0.5308501194769645,0.38857032957895604,0.08057955094407952
id16356,0.11115593591072429,0.046393403582275186,0.8424506605070006
id00235,0.9155607955010042,0.04011539769805242,0.044323806800943395
id25522,0.041493577444531936,0.019480372118182415,0.9390260504372856
id04204,0.03704512589840658,0.9438737730477044,0.019081101053889032
id22016,0.5865654527036588,0.06994341504168913,0.3434911322546521
id06480,0.029653424763593283,0.9544521687066093,0.015894406529797483
id08718,0.45414634668083187,0.0662177121353985,0.4796359411837696
id05251,0.03005173854100219,0.9540299185604265,0.0159183428985713
id03359,0.8124344213900352,0.06190621950263271,0.12565935910733217
id16117,0.04979908905974556,0.023811424390938238,0.9263894865493162
id17000,0.029859551367481023,0.954453700096524,0.0156867485359951
id01730,0.032032196327939674,0.950877777711408,0.017090025960652334
id00630,0.9157089522146522,0.039103761766553224,0.04518728601879445
id18175,0.23638847202968544,0.050268281109215225,0.7133432468610993
id00907,0.35742132219260586,0.5268542621323642,0.11572441567502988
id18251,0.0298855353047678,0.95439115168647,0.015723313008762244
id25861,0.714242893959921,0.08760273989086917,0.19815436614920978
id00398,0.48013500029514905,0.41179909090671907,0.10806590879813188
id27573,0.9129823157637691,0.041329235558733385,0.04568844867749755
id10022,0.0984731950084772,0.2823422945493674,0.6191845104421555
id15901,0.06690981530055767,0.02454591520245544,0.908544269496987
id00451,0.12962468986644016,0.19337212382179397,0.6770031863117659
id23129,0.25468628827823236,0.6799878071655983,0.06532590455616935
id26498,0.6772135810988584,0.22072812037382716,0.10205829852731442
id14741,0.03947902236446754,0.9404031978198426,0.020117779815689858
id18453,0.4796356272263629,0.15003446136238596,0.3703299114112512
id08309,0.8550262400434453,0.0814266941187082,0.06354706583784653
id00320,0.9112466525447668,0.04326865249229058,0.04548469496294263
id07688,0.1512167270733454,0.06605349726595024,0.7827297756607042
id01556,0.042402704811581045,0.01986136478733715,0.9377359304010818
id00178,0.9054997352835135,0.04207270188287404,0.05242756283361257
id18902,0.0520400714670432,0.02508749558372871,0.9228724329492282
id27002,0.8028450207825204,0.13067939830913897,0.06647558090834076
id21418,0.9196968792689899,0.037920565714495445,0.0423825550165147
id23018,0.33265289226521433,0.15615562014113482,0.511191487593651
id07032,0.058555970239432494,0.02857235374667792,0.9128716760138896
id16195,0.15957656962563047,0.06774365131745795,0.7726797790569115
id11202,0.671369338375754,0.2495289325816659,0.07910172904258009
id09578,0.8510832839925181,0.05299401321037599,0.09592270279710588
id26984,0.7584067056761812,0.0646370585215646,0.1769562358022543
id19856,0.0426888817191329,0.9354075409273845,0.021903577353482657
id12086,0.2704551813979212,0.07342918858909349,0.6561156300129855
id12052,0.03991316610050395,0.01952648862513438,0.9405603452743617
id17728,0.042300585123947076,0.01953476090457807,0.9381646539714747
id24608,0.5688218184358576,0.33649158700465726,0.09468659455948522
id21097,0.13296106356565335,0.31062869365802304,0.5564102427763237
id20179,0.03956023784314947,0.01921502909529334,0.9412247330615571
id15144,0.6936819444043855,0.14108050782102696,0.16523754777458752
id00206,0.8893916552830229,0.04703597563769867,0.06357236907927849
id22285,0.7264317415207404,0.0667901350254042,0.2067781234538554
id06417,0.10430872435544553,0.8299407773754285,0.06575049826912592
id00215,0.31998406206954705,0.60270122050186,0.07731471742859287
id04201,0.2451275103906616,0.2572558460795859,0.4976166435297525
id21771,0.9012666807297463,0.046770606413360276,0.05196271285689342
id12451,0.066812556835219,0.8947240075030668,0.038463435661714125
id14250,0.08715276557404368,0.8602389744554839,0.05260825997047252
id03433,0.6857092393508843,0.23061692261813263,0.08367383803098315
id03303,0.09550958138326977,0.03305966188898899,0.8714307567277413
id25901,0.1230667125511006,0.0690056889309507,0.8079275985179487
id06945,0.9011622849220228,0.04882477457082123,0.050012940507155955
id05664,0.8006168707370294,0.07799663482578606,0.12138649443718467
id05741,0.9192272510252549,0.03728355072466134,0.04348919825008371
id10652,0.8600673819987648,0.060430072632267795,0.07950254536896756
id16300,0.9166229952701224,0.037109413727637736,0.04626759100223996
id12319,0.6530358527559292,0.21078088145337304,0.1361832657906977
id07500,0.030411961380585602,0.9532343652711456,0.016353673348268878
id12478,0.4888940022821028,0.11001173577101186,0.40109426194688536
id03076,0.049064496482672214,0.021802866740505824,0.929132636776822
id00969,0.04398704663832368,0.9339116471731465,0.022101306188529932
id23636,0.1504920750318689,0.7998405791121576,0.0496673458559736
id09791,0.21140704945815098,0.2449558619755164,0.5436370885663326
id05680,0.07669577108026791,0.8519124132761252,0.07139181564360683
id03672,0.03101795706394267,0.9485500995920375,0.02043194334401988
id04286,0.03052351636320044,0.9518314198972241,0.017645063739575504
id23883,0.059860071377380995,0.045456545407849026,0.89468338321477
id11914,0.35478362178709444,0.0777367098355404,0.5674796683773652
id20974,0.05903614422457835,0.9111935902643665,0.029770265511055195
id26125,0.8586884262169552,0.05934464956348948,0.08196692421955526
id15543,0.19368262125263203,0.04496078803915376,0.7613565907082142
id19471,0.764889178964178,0.09444672397379436,0.14066409706202768
id11503,0.26572799094409866,0.6472685974746958,0.08700341158120556
id09321,0.08418694040338494,0.8764183884829618,0.03939467111365327
id25560,0.03825324869376969,0.018669604098278912,0.9430771472079514
id06726,0.15713402687735212,0.05181686504039578,0.791049108082252
id05709,0.8604424958593959,0.049762452066042386,0.0897950520745617
id09788,0.04390796393514203,0.9092959453789035,0.046796090685954514
id05289,0.92028701734951,0.03742211184905967,0.0422908708014303
id11815,0.03973347346858447,0.9396371632595736,0.02062936327184201
id22422,0.5711055354466562,0.11284405653116904,0.3160504080221748
id25954,0.2420666657539334,0.6703924396970529,0.08754089454901372
id13601,0.5355200574703481,0.15084517539036713,0.31363476713928473
id05677,0.46363607248124333,0.4253734298049128,0.110990497713844
id10498,0.6780102526310502,0.23956842784118274,0.08242131952776721
id02665,0.8468253778194639,0.08918923618050129,0.06398538600003478
id10114,0.03380917916197223,0.9431250080803928,0.023065812757634988
id26314,0.9068288444593087,0.04738813977687169,0.04578301576381956
id21240,0.12574252338051792,0.043474463097007386,0.8307830135224747
id15569,0.9016455952409079,0.04941506578148105,0.0489393389776111
id25928,0.6875269357229913,0.08165504084902775,0.23081802342798094
id22706,0.08514867167127256,0.8789365594113576,0.035914768917369846
id20877,0.03208452316788689,0.9375466516893858,0.030368825142727384
id04318,0.8455380926939606,0.0792174607159355,0.07524444659010386
id18299,0.4624954081798634,0.37318978261364893,0.16431480920648758
id08126,0.04023156164899714,0.019850905448756,0.9399175329022469
id14293,0.6316668514414674,0.06208933595445301,0.30624381260407957
id12759,0.8776618390077024,0.045985278110151157,0.07635288288214644
id11983,0.09175124919285808,0.8610796981774711,0.04716905262967083
id05580,0.2422585800033401,0.6426644392860981,0.11507698071056176
id25846,0.06752687309011411,0.9014967333994389,0.03097639351044701
id01939,0.7090023352386037,0.11768637444557423,0.17331129031582207
id26327,0.2814191034464067,0.5713437601555801,0.14723713639801334
id11068,0.0386599580237229,0.01897501533095442,0.9423650266453227
id08404,0.8880330849618377,0.04587689494944655,0.0660900200887157
id27189,0.1993230701049043,0.73352066922869,0.06715626066640583
id15119,0.03234405983042822,0.9494463421538708,0.01820959801570102
id26525,0.8817725038964751,0.049447149882646854,0.06878034622087807
id03618,0.06131726952524919,0.9105942630660742,0.028088467408676595
id27220,0.7927719972858032,0.13941783980111305,0.06781016291308387
id18777,0.053046922176439464,0.022797614013855914,0.9241554638097047
id20213,0.5227247576212591,0.38245151584952575,0.09482372652921511
id20403,0.9190366406909719,0.03779798287172922,0.04316537643729897
id03777,0.14943739062955635,0.5077886521007788,0.3427739572696648
id10595,0.815256725115841,0.11945178840275367,0.06529148648140519
id13816,0.304085611337165,0.08761639392651523,0.6082979947363198
id05667,0.0442977783410055,0.020938718093029322,0.9347635035659652
id24629,0.31748212885574106,0.055356579866467186,0.6271612912777919
id20398,0.05946015598419572,0.026332783859155592,0.9142070601566487
id14108,0.04803592577437689,0.02103265764841075,0.9309314165772125
id06196,0.03038530201969689,0.9533550943184624,0.016259603661840615
id02800,0.8511646622298606,0.061275189285972094,0.08756014848416731
id18732,0.030632586908220193,0.9530006873789559,0.016366725712823726
id11915,0.030354699288924755,0.9537218019907665,0.01592349872030875
id09739,0.891453036272793,0.054231949393872644,0.05431501433333425
id24672,0.9136693822343298,0.03820800452301368,0.04812261324265659
id00414,0.039444886041075156,0.01942809021010304,0.9411270237488218
id16307,0.8545963690531,0.08422735858776931,0.06117627235913066
id14043,0.23001163793714377,0.06618777596960326,0.7038005860932529
id00517,0.040774188667772555,0.01919191591941782,0.9400338954128096
id09744,0.8098418232138426,0.12561085693025684,0.0645473198559007
id19257,0.9191815050271676,0.03695380576535107,0.04386468920748149
id15437,0.8889824797757101,0.05424395649213652,0.056773563732153275
id16352,0.052597484719102784,0.02322933104805204,0.9241731842328451
id18849,0.7301848076736905,0.06240510536060606,0.20741008696570348
id19434,0.03153730777964058,0.9520961254503084,0.01636656677005107
id17928,0.127567431262787,0.1262403051194576,0.7461922636177554
id16896,0.13799153608611012,0.04988741016693297,0.8121210537469569
id02135,0.4606810936346029,0.3707203095286887,0.16859859683670847
id15075,0.9193945235531779,0.0364534084260982,0.044152068020723814
id27486,0.054249570290904166,0.9198966702390933,0.025853759470002454
id19422,0.7966104754291251,0.13188280127419447,0.07150672329668044
id09603,0.22906346729338156,0.7069342624628877,0.06400227024373084
id02133,0.08911664340992026,0.8588230906863586,0.052060265903720995
id03441,0.8274785492346697,0.05510877801405194,0.1174126727512784
id02398,0.03264696416812741,0.9498576215435753,0.01749541428829732
id05152,0.24524972016153954,0.0764489772719447,0.6783013025665158
id17838,0.07758635142859346,0.02776077840275127,0.8946528701686554
id25060,0.4774684168353761,0.4324830434024616,0.09004853976216233
id09998,0.3606493475614381,0.22945798088385286,0.409892671554709
id01828,0.050447981760883186,0.905652519362228,0.04389949887688892
id25377,0.52076208961152,0.11586541356025425,0.36337249682822576
id22175,0.04153253699619087,0.9370806166770076,0.02138684632680158
id02974,0.08045452475931729,0.0474745337676629,0.8720709414730198
id26955,0.8907490728456524,0.053771426098388815,0.05547950105595883
id21091,0.6673915139932435,0.08434393348345595,0.24826455252330062
id12802,0.7241760807090258,0.20036956475355644,0.07545435453741772
id07432,0.029642990043534236,0.953489837672464,0.016867172284001763
id18749,0.04924394900119482,0.9267164248395912,0.024039626159214088
id15030,0.04461526832373442,0.021039682054769637,0.934345049621496
id17155,0.031656893514955486,0.9480941477794262,0.02024895870561838
id08128,0.16031338218648003,0.3305356326002112,0.5091509852133088
id25706,0.04121915465537994,0.9210355899478698,0.03774525539675012
id15645,0.9090734404988405,0.03934559076304255,0.051580968738117
id04943,0.11505736016047968,0.3185494057446098,0.5663932340949105
id27566,0.3294319598188148,0.22730003595903103,0.4432680042221542
id11765,0.08194644954504922,0.11538874132625619,0.8026648091286945
id13783,0.1829257787479164,0.5340184830655567,0.2830557381865269
id00492,0.057075705116530324,0.030029384065562378,0.9128949108179074
id27636,0.08209685619489288,0.03133574325546382,0.8865674005496433
id04273,0.3356552959447236,0.48943977762470947,0.17490492643056696
id02537,0.2284756898664432,0.04739231784055602,0.7241319922930008
id24349,0.9066684390276104,0.04397194482766218,0.049359616144727426
id00023,0.029877179353965517,0.9540873318360784,0.016035488809956113
id23025,0.0635471895570697,0.9069683218705195,0.02948448857241088
id08722,0.3339834467655263,0.48867701072901926,0.17733954250545442
id02420,0.13642838930527512,0.8177023229186033,0.0458692877761216
id10811,0.9094744704791978,0.04161356131606317,0.04891196820473892
id04019,0.13152020921434182,0.2648863244213592,0.6035934663642991
id18334,0.9106993372810085,0.04276014809152023,0.046540514627471274
id16781,0.9066356292171271,0.04223470585286841,0.05112966493000448
id08773,0.9089477553507765,0.04199132855519577,0.049060916094027796
id19214,0.3949474285775648,0.5030197884375921,0.10203278298484314
id09589,0.0721795974981212,0.8952414451185758,0.032578957383303006
id24246,0.9107785635791459,0.04408786868511847,0.04513356773573554
id23577,0.7551890789124831,0.17290888501156157,0.07190203607595537
id09305,0.8598219159957365,0.06145111916095897,0.07872696484330438
id16460,0.5862330558097015,0.1987540660408118,0.21501287814948664
id21115,0.7479151088069961,0.06577946507887732,0.18630542611412665
id25996,0.10794408471639545,0.03837846697034084,0.8536774483132636
id02551,0.3013547757837356,0.055972239422499674,0.6426729847937647
id19352,0.05585398123662072,0.02307548592875541,0.9210705328346239
id03806,0.05313116214956008,0.025418326302547707,0.9214505115478923
id26544,0.48885558769915977,0.07284845785702723,0.438295954443813
id18761,0.6231394625279512,0.2188426967564576,0.1580178407155913
id24148,0.18831388617855804,0.6404623426724043,0.17122377114903767
id16095,0.13324082714381777,0.7622097531975616,0.10454941965862063
id18442,0.8865173744293278,0.06155916792277149,0.0519234576479007
id22596,0.04015888641075935,0.019630971401771235,0.9402101421874695
id23002,0.1621319663528989,0.04293537416978742,0.7949326594773137
id04797,0.91981742656697,0.038133233619332164,0.04204933981369786
id06610,0.6695172685790426,0.06299803052795447,0.267484700893003
id16173,0.5721108484942956,0.0905586905033786,0.3373304610023258
id18292,0.04683550020275484,0.022452946291377007,0.9307115535058681
id27328,0.8789491209435681,0.057616320673817674,0.06343455838261432
id01695,0.031674875675393774,0.9514829003604098,0.016842223964196358
id05761,0.18580739055152534,0.06270284875527808,0.7514897606931966
id16354,0.8576573558057067,0.05647977470446241,0.08586286948983093
id12207,0.4753721470951556,0.33043284692924246,0.19419500597560196
id05665,0.35753784555215323,0.06449306681366257,0.5779690876341843
id01911,0.885938413053836,0.05859718396318347,0.05546440298298047
id19153,0.04645946306921484,0.020880527832200443,0.9326600090985847
id10295,0.38067124930424456,0.21704247216756808,0.40228627852818727
id23038,0.8235854597579582,0.0954923280735811,0.08092221216846068
id23783,0.046990204664472957,0.9251950038842186,0.027814791451308482
id27879,0.8742610398668861,0.06824738649537548,0.057491573637738394
id19190,0.04530359414958731,0.9321484356497891,0.022547970200623546
id05065,0.1709222600681119,0.747218334377193,0.0818594055546951
id21296,0.23193949259485935,0.6870981544862436,0.08096235291889717
id13262,0.0690250499788944,0.027863319610660894,0.9031116304104447
id10333,0.317457398734936,0.22053499626805428,0.4620076049970097
id16677,0.677287035686921,0.15073645391057472,0.17197651040250436
id01392,0.41218935697911163,0.07382301082992644,0.5139876321909619
id27874,0.826347555512714,0.07273222194583656,0.10092022254144956
id02294,0.8188024724570548,0.1071659137090846,0.07403161383386062
id18298,0.21464775607180253,0.10569164329310228,0.6796606006350951
id06997,0.9163386301894249,0.03839735716197256,0.04526401264860261
id05243,0.8021455484035126,0.10081528635784123,0.09703916523864625
id00860,0.05482838302102199,0.9067831243197512,0.038388492659226794
id26681,0.9055996551819915,0.048313715738718184,0.04608662907929028
id06020,0.17754323495027846,0.04127956501369874,0.7811772000360228
id27683,0.22535889869684136,0.14340787595774657,0.631233225345412
id17655,0.030868976034724986,0.9520862301115907,0.017044793853684303
id08817,0.07381635227387877,0.029625967618353375,0.8965576801077678
id11512,0.042525137749527354,0.022375822549063864,0.9350990397014087
id00478,0.40975625008063254,0.47019653397354355,0.12004721594582397
id02116,0.7244340822852643,0.12031990601333038,0.15524601170140523
id06746,0.6357878539356474,0.18638304549044946,0.17782910057390322
id03863,0.8798256842260112,0.05961181334243065,0.06056250243155817
id01802,0.039950630284598374,0.9351115662188669,0.024937803496534686
id11682,0.4900361659322372,0.08418465007295547,0.42577918399480724
id04033,0.037624337114310936,0.9428247077681448,0.019550955117544334
id09286,0.04932304198551014,0.9047983794537797,0.04587857856071016
id12904,0.9136855002029237,0.03788476612664783,0.04842973367042847
id07420,0.05143114427012589,0.033593052168866246,0.9149758035610079
id22398,0.03142995293993457,0.9517943550118085,0.016775692048256977
id00424,0.043752380783739685,0.02190652674214303,0.9343410924741173
id20960,0.9072844539717952,0.04475742758297549,0.04795811844522923
id10267,0.36709788398182097,0.5395581585779303,0.09334395744024868
id19330,0.7039208980069784,0.07135932657964623,0.22471977541337537
id00994,0.030746014894297728,0.9527850658132454,0.016468919292456828
id10785,0.2876905981389375,0.10478649663070666,0.6075229052303559
id00955,0.44923419460278946,0.15707606846629846,0.3936897369309121
id09757,0.030352258869740755,0.9530223152014486,0.016625425928810618
id10030,0.0728815550566617,0.027792840848876628,0.8993256040944616
id22952,0.054107343912589645,0.02379922854653281,0.9220934275408776
id21955,0.04343512987283483,0.02188898492052508,0.9346758852066401
id07674,0.1428972784009953,0.7236385639454734,0.13346415765353134
id13760,0.05491185428151755,0.9182953382806653,0.026792807437817093
id18166,0.9182096732930799,0.037862996809370046,0.04392732989755015
id23498,0.6037400396744896,0.2936729205732828,0.10258703975222758
id05296,0.9069157564680533,0.04682065000635573,0.04626359352559094
id26709,0.8484329074231742,0.05143953780914074,0.10012755476768515
id02853,0.886847162575994,0.05459778228149817,0.05855505514250783
id06800,0.22584413214113228,0.07231980513311181,0.7018360627257559
id14758,0.044709335425428626,0.9285707856418448,0.026719878932726586
id12356,0.9204195274494998,0.03741595799567169,0.04216451455482849
id21492,0.7093937137539905,0.09288273928171543,0.19772354696429403
id27540,0.9103754333986098,0.04139892363800474,0.04822564296338539
id07376,0.3184502950663383,0.10686209684635238,0.5746876080873092
id15201,0.37125949891652144,0.4894629477103811,0.13927755337309744
id23388,0.03185848268713621,0.9489159258708518,0.019225591442011965
id13923,0.039050433704043416,0.9408091706951758,0.020140395600780892
id00794,0.02961484334203303,0.954297435414267,0.01608772124369995
id23910,0.05372939939881508,0.0238091516409337,0.9224614489602512
id02556,0.15002534779904192,0.13898064635803975,0.7109940058429184
id22151,0.029935254750310333,0.954359419855475,0.01570532539421473
id11698,0.7986916640109859,0.11650952790082907,0.0847988080881851
id11627,0.711962381193134,0.0617949653434702,0.22624265346339584
id06340,0.8446511381069797,0.09573723305272776,0.0596116288402926
id05123,0.9004849553660407,0.04375818922537286,0.05575685540858641
id26620,0.04005675311965872,0.019481655199471495,0.9404615916808698
id04002,0.1569017763762427,0.296345803707386,0.5467524199163712
id26554,0.03216794580750879,0.9469161453704852,0.020915908822006026
id18012,0.07504255685884807,0.03772804651456977,0.8872293966265822
id12964,0.33846582480130843,0.05919283752629147,0.6023413376724002
id18965,0.038710964201751304,0.9256587290833331,0.03563030671491555
id19082,0.5116725492095833,0.0677513960943426,0.42057605469607423
id26742,0.10263311028631429,0.032904668678731666,0.8644622210349541
id15442,0.05397837569606823,0.9211697756362673,0.024851848667664444
id16647,0.25690427564982027,0.06256109812214342,0.6805346262280363
id11544,0.06431051860726195,0.027188979297907753,0.9085005020948304
id20581,0.5136993518565043,0.086225385991536,0.40007526215195977
id13192,0.8506203002515655,0.07132050732931373,0.07805919241912074
id15814,0.1924171759373041,0.07242491058469408,0.7351579134780019
id26279,0.26262616250341686,0.6385988917251516,0.09877494577143159
id00240,0.6209028550108725,0.27523515535870335,0.10386198963042419
id22836,0.9186192109834685,0.03765679896726922,0.04372399004926222
id15085,0.06860707342364343,0.8867632459203191,0.0446296806560375
id17495,0.7416333315391186,0.11952763397300747,0.13883903448787396
id26762,0.1485069689141569,0.040455697869872506,0.8110373332159706
id13685,0.8459731619973605,0.05086332008545355,0.1031635179171859
id16560,0.05333496503350534,0.9201954821855888,0.02646955278090588
id17184,0.08270546272520385,0.860221918743041,0.057072618531755215
id21635,0.9199394645618365,0.03705456789593936,0.04300596754222423
id26751,0.7303662670502443,0.10500784176176471,0.16462589118799092
id12351,0.8920651986665861,0.056643461987215,0.05129133934619891
id14872,0.4842741330921441,0.40281562412920674,0.1129102427786492
id18372,0.8785530743891543,0.05017085844358016,0.0712760671672655
id26851,0.8057828392195525,0.07435606972476085,0.11986109105568664
id22659,0.181013812993731,0.7514988128985479,0.0674873741077211
id04102,0.2181267956411126,0.04476576504360882,0.7371074393152786
id02353,0.03072105126580211,0.9519722375716866,0.017306711162511416
id26721,0.9216312508375132,0.036747258590484236,0.04162149057200265
id11171,0.8436954948419004,0.05075853974691389,0.10554596541118562
id13562,0.9051199280973373,0.044881226657358886,0.049998845245303916
id26425,0.8146140416481882,0.06295302164315097,0.12243293670866089
id26394,0.6548901565654618,0.2208853499033083,0.12422449353122991
id22187,0.9113708996851837,0.040933336600745523,0.047695763714070846
id00422,0.9097786937831958,0.041707370014053134,0.048513936202751164
id22667,0.030884299858212293,0.9526481689584155,0.01646753118337217
id00911,0.7990652549563212,0.0703709209903158,0.13056382405336298
id17291,0.21983222560808263,0.055566311719151405,0.7246014626727659
id01915,0.06917141729955222,0.8832424026226601,0.04758618007778772
id01434,0.1811896927665177,0.052944034577226226,0.7658662726562561
id01584,0.9089236389784712,0.04045874804317374,0.05061761297835508
id09266,0.22071685790392725,0.7168922431632535,0.062390898932819294
id17494,0.03190700575210905,0.9507824267622449,0.01731056748564616
id24919,0.46455471638375584,0.2504539883639062,0.2849912952523381
id21043,0.5862395197809726,0.06200302343688066,0.35175745678214676
id17796,0.03119892544746203,0.9508347633768476,0.017966311175690263
id02166,0.5801250473207161,0.06319354717063216,0.35668140550865174
id17503,0.7027763295554089,0.07692220454534342,0.22030146589924768
id21203,0.8542271424494929,0.061837574172399726,0.0839352833781073
id25626,0.9154662019340867,0.038314957186634524,0.046218840879278716
id09836,0.7725074643159199,0.07972621337416264,0.14776632230991754
id24202,0.13768260740098864,0.2805247368417927,0.5817926557572186
id27260,0.8542257580423108,0.06314828731573002,0.08262595464195921
id23167,0.23291206625420088,0.07804994275556877,0.6890379909902303
id10393,0.07095479907420027,0.8904731843038681,0.0385720166219317
id01171,0.6728051309018462,0.24799881432888024,0.07919605476927359
id06380,0.9202781907516858,0.03768717273883451,0.042034636509479716
id22686,0.7934599840432124,0.07504936092662375,0.1314906550301639
id26250,0.524818320194598,0.06401029504891673,0.41117138475648535
id09315,0.07299583313966045,0.8880573144113425,0.038946852448997135
id00886,0.03984776673200036,0.9325084962541854,0.027643737013814236
id03101,0.5973900847719852,0.32008978505404556,0.08252013017396927
id12367,0.9132736883675575,0.03848807074574755,0.048238240886695
id10770,0.8702675703167377,0.06392388325963198,0.0658085464236303
id14949,0.032547895029686046,0.9503940939998257,0.017058010970488337
id14141,0.2251725348154432,0.7007609257084411,0.07406653947611577
id25417,0.061248835491541476,0.8996068540275934,0.0391443104808651
id26873,0.056592965674468504,0.9162801678166724,0.027126866508859114
id10818,0.20794348328993809,0.055558484031619566,0.7364980326784424
id15146,0.8549359783081785,0.05833705881629513,0.08672696287552646
id23328,0.81269067377936,0.07363181666108863,0.11367750955955135
id16765,0.09459399458854056,0.8484949830756878,0.056911022335771576
id24383,0.6011439259837329,0.08098145489328905,0.31787461912297804
id21304,0.9072612583270512,0.04426599622310262,0.04847274544984622
id12551,0.03821731380272081,0.9396286197796363,0.022154066417642906
id23274,0.22156959866766926,0.11939234392001315,0.6590380574123176
id08117,0.9205298402885328,0.03655063014291969,0.04291952956854756
id23961,0.8562917027434519,0.058237599346733705,0.08547069790981446
id13865,0.03185377727757751,0.951213452513625,0.016932770208797434
id22807,0.23952213348749965,0.14469948766629484,0.6157783788462055
id08951,0.20584013956146896,0.0445449675737121,0.749614892864819
id18684,0.9083922883073797,0.042916990067774316,0.04869072162484602
id25179,0.8949198019342304,0.04794653642103924,0.05713366164473043
id27033,0.9075534784011668,0.04378540213981538,0.048661119459017785
id13977,0.15803820535628216,0.7756397409309171,0.06632205371280064
id19337,0.04353369715433565,0.921175401688413,0.03529090115725129
id25764,0.042199879834408045,0.9359702694287739,0.021829850736818028
id16106,0.07351593932354053,0.029868663372181435,0.8966153973042781
id05468,0.24126027660362406,0.053165391501869136,0.7055743318945068
id05241,0.7298710384660626,0.06256299480389442,0.20756596673004302
id10215,0.25904736832599407,0.13715070020859646,0.6038019314654095
id23457,0.08932926970960033,0.043433361487639016,0.8672373688027606
id02200,0.9213594433000506,0.0370173195001318,0.04162323719981769
id13714,0.39063091646096804,0.5283815212822747,0.08098756225675746
id20332,0.04286627252398057,0.021025952877226885,0.9361077745987926
id18573,0.07202640097597465,0.07752625128189825,0.8504473477421272
id08569,0.7825523525830312,0.0554447471323755,0.16200290028459333
id22767,0.2726039339086567,0.4247158438361329,0.3026802222552104
id25390,0.03166681649444067,0.951023469673929,0.017309713831630325
id09288,0.9093494370033229,0.0385424492000605,0.05210811379661658
id12381,0.9184000985358358,0.036663863304156157,0.04493603816000792
id02895,0.057059814187540685,0.02409340248209197,0.9188467833303673
id25270,0.1087679727905917,0.033933156192306586,0.8572988710171018
id14248,0.39384926431877254,0.057006387289751936,0.5491443483914755
id12831,0.8956899848606593,0.04208144885282309,0.06222856628651762
id18305,0.2968861175174051,0.06250476301826048,0.6406091194643344
id07805,0.23078096407731005,0.70570874057875,0.06351029534393994
id14027,0.0733917332837964,0.031093411252109786,0.8955148554640939
id02760,0.9157003118737018,0.03836282168966626,0.04593686643663204
id24362,0.9135928236481826,0.03961783779434502,0.04678933855747237
id17065,0.03381656144190394,0.9477540875234777,0.01842935103461836
id26583,0.23266660488268343,0.5285081025679669,0.2388252925493497
id19664,0.9058543054534232,0.047426456555544685,0.046719237991032225
id25145,0.824797460524262,0.08223250681769866,0.09297003265803949
id17858,0.037905040721268976,0.9384024444838575,0.023692514794873637
id05148,0.14778831438440448,0.08363827761951127,0.7685734079960842
id22928,0.15608947843875406,0.795822659336098,0.048087862225148006
id21549,0.05560914038755309,0.02400322784833035,0.9203876317641165
id12649,0.08125818103443723,0.8843798906559679,0.03436192830959477
id21597,0.9132025852038429,0.03899906199933681,0.0477983527968203
id27945,0.6233133967054919,0.12195309696293952,0.25473350633156855
id00243,0.9193114600424156,0.03698173764231846,0.04370680231526581
id02745,0.9210161714608485,0.037184373438149614,0.041799455101001894
id23550,0.050290176101936514,0.023286616326385526,0.9264232075716781
id13023,0.7446126612960606,0.06988704673078631,0.18550029197315307
id24796,0.7460739798803602,0.05919111798430445,0.1947349021353354
id12284,0.3120864534897425,0.5866818443228777,0.10123170218737973
id02664,0.029679860299303324,0.9535700585573598,0.01675008114333685
id23767,0.7357016849405996,0.08784434376139313,0.17645397129800725
id05859,0.20676768466629158,0.12403883923050636,0.6691934761032021
id14350,0.6889483736649815,0.19753826503607375,0.11351336129894472
id01191,0.07800487084231184,0.8237774995572292,0.09821762960045896
id17034,0.6629194204246477,0.17261398693130187,0.16446659264405053
id25292,0.8189424951585899,0.09516922814220954,0.08588827669920064
id22121,0.8703639867501616,0.06464726551399258,0.06498874773584587
id20872,0.9196275829627245,0.0377752821198689,0.04259713491740662
id17720,0.04017427755258912,0.9387673408098867,0.021058381637524312
id22658,0.14687632564481462,0.803861749054137,0.049261925301048407
id09567,0.7117105838813297,0.10182916370504574,0.18646025241362446
id16445,0.7605318815531484,0.07996850907116376,0.15949960937568763
id08349,0.04437387948345001,0.021491805063897928,0.9341343154526521
id27437,0.2617415432679322,0.6191624759274769,0.11909598080459088
id03812,0.9170894718349883,0.04018666383735779,0.0427238643276539
id22304,0.4499678012733959,0.4401742262013447,0.1098579725252593
id04449,0.04192626824883421,0.937180920698597,0.020892811052568745
id15605,0.6687693225874162,0.10688097756894684,0.22434969984363703
id01768,0.9157926255185745,0.03857992481938726,0.04562744966203826
id20019,0.15526973451985815,0.7443310531971736,0.10039921228296822
id09593,0.03158672660748969,0.9498510356269277,0.018562237765582572
id23179,0.1961972088023208,0.06459962989386797,0.7392031613038113
id21279,0.9151434347096836,0.04107658847398643,0.043779976816329925
id06711,0.06679577478246435,0.028204639470268626,0.904999585747267
id14243,0.05962841205085532,0.8932368610856999,0.04713472686344469
id04839,0.07221035420995799,0.07890339381156838,0.8488862519784737
id17220,0.03137401676559133,0.9515429126205817,0.017083070613827047
id24177,0.818707244672053,0.10337901245963732,0.07791374286830972
id20512,0.058140193260664726,0.027802970379015256,0.91405683636032
id14036,0.031170646528162708,0.9523683139185715,0.016461039553265815
id25001,0.06983752829724936,0.03138790692768535,0.8987745647750652
id06175,0.030523633292848264,0.9522178620393488,0.017258504667803036
id24720,0.05370656558309396,0.9199935981281383,0.02629983628876778
id08070,0.13371749815954584,0.8195887553309112,0.04669374650954297
id18934,0.06508850993269553,0.8991763559426006,0.03573513412470385
id01338,0.8961558538022361,0.05299969393933042,0.05084445225843355
id19008,0.03038356461556532,0.9520235878028896,0.017592847581544994
id19632,0.043065548235640495,0.9223418356012839,0.03459261616307568
id26224,0.047938807676429114,0.021281015029931627,0.9307801772936393
id08219,0.7641414380230493,0.0715321045093415,0.16432645746760913
id24008,0.04846367677706397,0.02098063113812926,0.9305556920848067
id12475,0.10197955976608547,0.8531499964793969,0.044870443754517646
id05766,0.504509102151172,0.39090998126413135,0.10458091658469673
id27386,0.04278578331439507,0.9352800563941548,0.021934160291450146
id12476,0.02986608504285816,0.9543674834229714,0.015766431534170428
id08311,0.6378789745978464,0.28101788337430195,0.08110314202785165
id04996,0.3766174748205199,0.5341764189216462,0.08920610625783394
id17350,0.08917109227631133,0.7983046531150148,0.1125242546086738
id05546,0.0350153122736057,0.9463245359172274,0.01866015180916691
id16504,0.0916803083633329,0.5887542992637598,0.31956539237290743
id05782,0.04203563207242834,0.020443736644773444,0.9375206312827982
id20560,0.6845349967039582,0.07465976940456005,0.24080523389148167
id14171,0.2406216160602588,0.10766326511272105,0.6517151188270203
id27461,0.42308955037355317,0.1970938966344002,0.37981655299204664
id03581,0.7095913877978797,0.12200988282239661,0.16839872937972378
id21847,0.3148268542282371,0.07194346443571512,0.6132296813360478
id11712,0.8521760391338321,0.07041670262117242,0.07740725824499539
id26738,0.09014830641112967,0.07029557654858384,0.8395561170402865
id13668,0.9125786548054553,0.04281730432447074,0.04460404087007399
id15114,0.9207382175296576,0.035961842159567145,0.04329994031077528
id20130,0.8253305986725764,0.057031107429319654,0.11763829389810407
id18331,0.7595787815321338,0.08855348142995956,0.15186773703790665
id24465,0.9218025720096817,0.037001237733151456,0.041196190257166705
id13539,0.8028190456574168,0.07263525846054782,0.12454569588203535
id27564,0.6864056949540936,0.20816722193472062,0.1054270831111857
id26043,0.07424201810870847,0.0300855852177936,0.895672396673498
id04965,0.07527249166348904,0.03242826089903029,0.8922992474374807
id08645,0.08348902575432711,0.08489247888227532,0.8316184953633976
id26610,0.370730464817647,0.11151069998654389,0.5177588351958091
id21737,0.8302467284643326,0.10219168138870612,0.06756159014696139
id25784,0.02963513077966245,0.954465690424044,0.015899178796293593
id23030,0.8757694448070563,0.05643519677796821,0.06779535841497557
id16450,0.03093145496236904,0.9520532473037483,0.017015297733882658
id02161,0.7929325658898941,0.09512347176254231,0.11194396234756358
id25535,0.91349614079713,0.03979591099618882,0.04670794820668107
id16566,0.9204538908909234,0.036542466588324746,0.043003642520751784
id05714,0.892649350659604,0.057867297376330534,0.049483351964065364
id16524,0.8918498618581996,0.05458443356243486,0.05356570457936565
id23941,0.1456229070074776,0.3262785737922487,0.5280985192002736
id00831,0.0589090307737276,0.7869026055681262,0.1541883636581463
id18145,0.29826993604499064,0.07779237565749282,0.6239376882975166
id17227,0.9174506301191929,0.03704790070110835,0.04550146917969872
id09417,0.5606999462167522,0.10639748629234208,0.3329025674909057
id21307,0.782334419177684,0.10501716503306589,0.11264841578925013
id05650,0.030401177013050774,0.9536190043231154,0.015979818663833897
id23901,0.9041763828201851,0.047630240377131094,0.048193376802683666
id05831,0.41835747183286515,0.06856093705220179,0.5130815911149331
id16708,0.037646309017349396,0.94275382109905,0.019599869883600574
id02281,0.24627855083410694,0.06597412971862816,0.687747319447265
id11599,0.8592283006694833,0.054821234942456804,0.0859504643880598
id18353,0.3552185842896404,0.41140962104347595,0.23337179466688374
id07413,0.18672447183832594,0.6319295530020843,0.1813459751595898
id15653,0.08501174716312898,0.8715907213471916,0.04339753148967937
id09715,0.04704250044552964,0.02079877487367549,0.932158724680795
id05108,0.7047192800353067,0.21790645223947872,0.07737426772521463
id09537,0.7118750168173099,0.06406437337929165,0.22406060980339843
id27596,0.9046108802026099,0.04231910333158794,0.053070016465802054
id24255,0.04842115843916097,0.025985438204637876,0.9255934033562011
id05080,0.04086099969611634,0.019555274506364226,0.9395837257975195
id09484,0.9083247348821861,0.04369665469120134,0.04797861042661252
id14864,0.25367883157282695,0.048626710007556515,0.6976944584196165
id26836,0.8774903169899538,0.0633039775375562,0.05920570547248992
id07003,0.21170956572922256,0.7156340220594718,0.07265641221130559
id13750,0.03135707936494025,0.9523439486827986,0.01629897195226121
id21799,0.19449663023861807,0.6276875417091476,0.17781582805223434
id11285,0.9224552720826598,0.036305097742948274,0.041239630174391875
id04735,0.6194365521658091,0.2687030839544067,0.11186036387978421
id23049,0.03988839712024287,0.01975644554073871,0.9403551573390184
id05826,0.6481045963362986,0.24839273799677855,0.10350266566692277
id17916,0.585992606148605,0.11750716559189568,0.2965002282594993
id14081,0.17181998258811484,0.04007508466595517,0.7881049327459301
id10527,0.2878490926996299,0.05407646747212663,0.6580744398282435
id16059,0.1419744150909225,0.7951978517259092,0.06282773318316837
id25542,0.9169578988089316,0.03694071765870339,0.04610138353236503
id05402,0.05756624267596499,0.027757090510630838,0.9146766668134042
id01927,0.8069695246828936,0.08306169990966873,0.10996877540743763
id27656,0.3349478626211902,0.08649521349007923,0.5785569238887306
id06708,0.040274287287231834,0.9284786908722628,0.031247021840505425
id03524,0.19985322570942013,0.7339014185885273,0.06624535570205259
id12297,0.8071068997909059,0.08728671107127677,0.10560638913781745
id03439,0.8877858984247551,0.052892602645199426,0.05932149893004548
id04587,0.02961238787609234,0.9542613394390359,0.01612627268487177
id25470,0.029715563131415976,0.9544777742360415,0.01580666263254254
id01212,0.07357180367700625,0.891047547541651,0.035380648781342706
id13932,0.8908423850023423,0.05635001205951437,0.052807602938143294
id00124,0.173973797822517,0.6381910096364874,0.1878351925409955
id01592,0.8207063587459124,0.05373106626756284,0.12556257498652468
id13461,0.6638783240682071,0.20981997637091263,0.12630169956088028
id24681,0.0304712813161965,0.9524440032518229,0.017084715431980632
id23245,0.10618354308026225,0.037357756002749695,0.8564587009169881
id14073,0.18553522899420097,0.08063178789152325,0.7338329831142758
id05172,0.4687566132677585,0.09511851002164737,0.4361248767105942
id21979,0.6151892735040486,0.1622265667992737,0.22258415969667764
id00328,0.8529314692741518,0.049054295781858534,0.0980142349439897
id26102,0.920966125317076,0.0367614100771517,0.04227246460577238
id14867,0.04699681884774888,0.023672124604814063,0.9293310565474371
id27544,0.029701537788347606,0.9543159117711759,0.015982550440476466
id16228,0.9131566293132345,0.04059613008002654,0.046247240606739015
id16342,0.0594570746729796,0.9041183595451169,0.03642456578190354
id24933,0.9199979007372162,0.03815378593296316,0.0418483133298206
id04601,0.23596024300097326,0.5921215037024894,0.17191825329653737
id01599,0.03146706278428501,0.9506674908912882,0.01786544632442683
id06238,0.16324803787735562,0.7709677201053938,0.06578424201725064
id06826,0.08005235886244592,0.8725938776604738,0.047353763477080354
id23307,0.9148378551523295,0.03964586796434181,0.04551627688332881
id13575,0.5117541670239537,0.28787464059991863,0.20037119237612763
id24174,0.2648062246329079,0.18091965357260154,0.5542741217944905
id19534,0.36848344794221016,0.13525895895365772,0.49625759310413214
id19602,0.08320176574614173,0.02877271308570875,0.8880255211681496
id26962,0.0477148607159023,0.923087195533756,0.029197943750341886
id04448,0.5228596841078093,0.3705552858997357,0.10658502999245517
id09786,0.3802925196084016,0.188411868483307,0.43129561190829147
id25240,0.5877054502391207,0.19161774847422536,0.22067680128665396
id14893,0.6037849033934151,0.3156869065426131,0.08052819006397197
id24221,0.9161276968677718,0.041046332146516394,0.04282597098571172
id04696,0.17518199237395923,0.05089815256815897,0.7739198550578819
id15153,0.03613727047750841,0.9441676418920265,0.01969508763046511
id13882,0.029691742478679336,0.9547138757378166,0.01559438178350412
id17836,0.10572542615082264,0.6280361029468228,0.26623847090235475
id00574,0.03186873438288643,0.9511952440644632,0.016936021552650404
id02078,0.18080403866801348,0.5132219669115673,0.3059739944204192
id21206,0.04859203451056496,0.9278030925155577,0.023604872973877433
id20084,0.32008410323639164,0.10473164199157112,0.5751842547720373
id26598,0.043369062119434074,0.020333675585330252,0.9362972622952357
id06838,0.30121908813832354,0.04930682243973115,0.6494740894219453
id08786,0.0980361062608898,0.03622891069456859,0.8657349830445417
id09550,0.07813814560314354,0.031752133225517815,0.8901097211713387
id10206,0.8115725135237245,0.06983917508699249,0.11858831138928301
id21113,0.7934416852189077,0.05848668978280517,0.14807162499828713
id21151,0.08930880162509648,0.8733481539565027,0.0373430444184009
id02692,0.920362021745257,0.03766482060518649,0.04197315764955654
id26446,0.8299045646243925,0.10026235102320977,0.06983308435239777
id07377,0.593287428371887,0.3198399871517628,0.08687258447635023
id15998,0.842491043309915,0.06417622054426371,0.09333273614582123
id19637,0.910050233338335,0.03842180267883535,0.05152796398282968
id19735,0.040338824739196755,0.9323465845635736,0.027314590697229652
id13739,0.3186145435853781,0.09923817517063298,0.582147281243989
id25175,0.40990185944223206,0.12850781315266338,0.46159032740510453
id00563,0.24443033139603898,0.07928144124471125,0.6762882273592499
id09982,0.8958826294540406,0.04711654230480956,0.05700082824114986
id15459,0.03043260533745866,0.9535956548400859,0.015971739822455453
id20785,0.039449270235181556,0.018943996469644037,0.9416067332951744
id07145,0.04034574860726912,0.02003305060073976,0.9396212007919912
id22204,0.11836974334047617,0.8405674890013978,0.04106276765812607
id09285,0.5054240091336508,0.08386693721799117,0.410709053648358
id18157,0.0504990244026974,0.028449952231094984,0.9210510233662077
id12134,0.05836176684382134,0.03312383260270168,0.908514400553477
id23914,0.9172042025932545,0.03714122846102582,0.045654568945719655
id10483,0.9068394012646046,0.045327686474231216,0.04783291226116421
id07092,0.6900795660190975,0.0884514516411651,0.22146898233973747
id14786,0.04355498747307883,0.021465852469535217,0.934979160057386
id25741,0.8799937578081465,0.04922891387373593,0.07077732831811757
id09050,0.043303588355900945,0.9344858991536782,0.02221051249042085
id04938,0.916805607784258,0.037611292221141644,0.04558309999460023
id05901,0.4193160730438955,0.12873098835155436,0.45195293860455016
id16975,0.030336513377886943,0.9536002120576196,0.016063274564493482
id08547,0.22956818730551284,0.1904105211239817,0.5800212915705055
id16355,0.6982331543111066,0.07339161940808703,0.22837522628080645
id14568,0.3065643850260741,0.07107529671424623,0.6223603182596797
id25599,0.13361314491763732,0.060987587346651176,0.8053992677357115
id01670,0.0336727981883109,0.9485664979286603,0.017760703883028823
id23945,0.030759470573776825,0.9530082987791357,0.016232230647087478
id17394,0.0539727016209571,0.025789003197839718,0.9202382951812031
id06501,0.8190699129032591,0.07701016909491663,0.1039199180018242
id26234,0.03992346882173289,0.935602515910286,0.024474015267981163
id21280,0.044312424795631584,0.020293091354052776,0.9353944838503157
id20048,0.09434874133696493,0.06463023561131724,0.8410210230517179
id01216,0.2403366980824536,0.5634276784192995,0.19623562349824694
id25320,0.8076873819075714,0.058243788115154654,0.134068829977274
id22833,0.04369908769368441,0.022004541325828714,0.9342963709804869
id22056,0.26865912978352285,0.662880191941932,0.06846067827454522
id02275,0.031645428819142514,0.94992724882975,0.018427322351107448
id26127,0.8497198161139046,0.051260845333324506,0.09901933855277084
id17011,0.19795219751658882,0.4500167913864189,0.3520310110969923
id13847,0.18473349730242547,0.05234039458471569,0.7629261081128589
id00013,0.03324281880677831,0.9487976773953506,0.017959503797871094
id16463,0.8556550635767375,0.0726118879241004,0.07173304849916216
id04845,0.05222347049996233,0.9161711176679459,0.031605411832091757
id01787,0.5606634273108507,0.18211523109520314,0.25722134159394616
id08637,0.8405145044634463,0.07052973001178649,0.0889557655247673
id11414,0.20856279435196076,0.04431583444239451,0.7471213712056448
id13177,0.2294600383862615,0.1389475468901175,0.6315924147236209
id24517,0.7298061019057548,0.05992573194173815,0.21026816615250715
id26838,0.8958688000373298,0.05444652272140025,0.04968467724126985
id23081,0.045378042978198155,0.9278887261434743,0.02673323087832757
id16327,0.057729682762193556,0.0315681485672954,0.9107021686705111
id27282,0.03010860985735531,0.9535095175432612,0.016381872599383465
id07489,0.08722335187537081,0.8596815961819017,0.053095051942727574
id01718,0.044949998604736814,0.020557217504625105,0.9344927838906382
id15441,0.8606969414494526,0.05610096209573104,0.08320209645481637
id27736,0.029901025183899928,0.9528430571246288,0.01725591769147134
id16324,0.12796137557090662,0.22710557508312307,0.6449330493459703
id12027,0.20438283669335564,0.05936961965735752,0.7362475436492869
id24653,0.03242851952243006,0.9501679647340296,0.01740351574354016
id17541,0.24125080854444864,0.0500583354587716,0.7086908559967797
id22406,0.1092695259130469,0.4616053467715318,0.42912512731542124
id18356,0.8439422575505602,0.08794134523417062,0.06811639721526923
id04505,0.8969332702829154,0.045408300320607435,0.05765842939647727
id04246,0.8563737288500646,0.0810244259174634,0.06260184523247207
id07368,0.5235014419758924,0.07976167409301933,0.3967368839310882
id26185,0.04985263338668698,0.021078220713132,0.929069145900181
id08878,0.1914037176827586,0.20217587482185384,0.6064204074953876
id27691,0.03951834891909206,0.019614459109069178,0.9408671919718388
id18004,0.12124970007298376,0.8205441382627002,0.058206161664316025
id24426,0.8690407902357489,0.056157418053247095,0.07480179171100387
id14164,0.8702048889500182,0.069955924167856,0.05983918688212583
id12653,0.030039575892283867,0.9535129418221074,0.016447482285608772
id18060,0.09354155570088964,0.8633532517438424,0.04310519255526803
id18556,0.8625360547088464,0.06560468594119703,0.07185925934995643
id27371,0.13301100607251068,0.2044724791239686,0.6625165148035208
id11989,0.2248282113584296,0.5889660304956108,0.18620575814595966
id26095,0.9098009524312005,0.040766836582048833,0.049432210986750706
id24978,0.4962935127468198,0.27141807113031197,0.23228841612286832
id20322,0.06234359894222751,0.03033069877420206,0.9073257022835705
id01954,0.9153255750411056,0.03932685945032586,0.045347565508568555
id07434,0.47418367152177704,0.2470328923864994,0.2787834360917236
id18144,0.04403147940153251,0.021744470346791774,0.9342240502516758
id16250,0.18463670314184463,0.7097877591229795,0.1055755377351758
id17793,0.0445781993960236,0.024405734296515016,0.9310160663074615
id24067,0.4572599787724324,0.155153530479898,0.38758649074766965
id13891,0.03969543097034461,0.01943288503335007,0.9408716839963054
id07334,0.12483680709201571,0.8316152506388251,0.0435479422691592
id15633,0.036750079781245205,0.9427120343077647,0.02053788591099012
id23239,0.47723567818939355,0.09036485033682336,0.4323994714737831
id10674,0.04690206266309992,0.025204778566248455,0.9278931587706516
id22093,0.6940989428658255,0.1657224194036915,0.14017863773048295
id08444,0.04673821397889257,0.02387167139160669,0.9293901146295007
id03257,0.04207679507455495,0.021484539302113373,0.9364386656233317
id10040,0.8989624691473371,0.04977272806230963,0.05126480279035329
id04902,0.0420561330605871,0.020063291595432877,0.9378805753439801
id01219,0.45384995796883043,0.466977376651223,0.07917266537994638
id01340,0.9173531391817304,0.03736860910819237,0.045278251710077225
id05117,0.2626330174045724,0.6717006210205713,0.06566636157485632
id04908,0.04139540272494577,0.019355283204685894,0.9392493140703684
id03626,0.0507631341004519,0.022045426481368997,0.927191439418179
id01888,0.9218183580592014,0.035677557552351157,0.0425040843884474
id17199,0.04737312018009209,0.02083526732122877,0.9317916124986791
id11200,0.6550509381704034,0.10061190537679535,0.24433715645280132
id27561,0.18321243186860042,0.04340316389590953,0.77338440423549
id20966,0.03237119505000733,0.9495892053028148,0.01803959964717798
id10257,0.034397676772265136,0.9466377172671548,0.018964605960579983
id21168,0.8342969094102931,0.10081323877731914,0.06488985181238782
id23363,0.050730138325860784,0.02156947120464012,0.927700390469499
id05321,0.6993999150518752,0.1003712677823995,0.2002288171657254
id09928,0.10237519470474482,0.03295626657380687,0.8646685387214483
id18015,0.9167958007757674,0.03878928620871156,0.044414913015521126
id02082,0.055802289576103926,0.9139320425466166,0.030265667877279488
id19279,0.9016913212432702,0.048997049738665484,0.04931162901806426
id08541,0.2031824859613868,0.7057191877440364,0.09109832629457684
id15249,0.03860595789220053,0.9314099485294477,0.029984093578351856
id03609,0.12154696508146987,0.5347572715474885,0.34369576337104163
id22902,0.13516301016656146,0.03727015101127231,0.8275668388221662
id17733,0.9169140159299195,0.04030925135505869,0.04277673271502187
id07554,0.05027203071392343,0.024903541314200545,0.9248244279718761
id14120,0.32478668563426083,0.5696832702540829,0.10553004411165619
id21802,0.03195848159437414,0.9490729553499623,0.018968563055663433
id15614,0.09307134175735328,0.7636124418902912,0.14331621635235556
id19437,0.040632384842103325,0.01955012615867091,0.9398174889992258
id22698,0.867243152247414,0.05980348158671575,0.07295336616587027
id21841,0.03278551042976264,0.9488136742485209,0.018400815321716425
id16177,0.8469691592377752,0.05548906071835077,0.09754178004387408
id15887,0.6810666065705124,0.10131018464173475,0.2176232087877528
id22629,0.7978394365676289,0.06343578920961111,0.13872477422275997
id10346,0.4659472169155652,0.20965632468227396,0.32439645840216075
id05154,0.8713005811857519,0.0717070515994142,0.056992367214833896
id22913,0.4884302117105577,0.3721188835245989,0.13945090476484334
id10544,0.14610173677885882,0.14221507621159604,0.7116831870095451
id08703,0.47661315717493474,0.3723279878548716,0.1510588549701936
id12817,0.8767691941943857,0.04574269638614207,0.07748810941947226
id25433,0.8035088078060528,0.12754191664677778,0.06894927554716948
id25112,0.043444110665326045,0.020914578994943138,0.9356413103397309
id05054,0.05107561272077294,0.8963658423200002,0.05255854495922695
id02311,0.047007327360632206,0.9294018632847794,0.02359080935458835
id22160,0.0319297830876629,0.9514212052935713,0.0166490116187658
id17422,0.8850376921041645,0.061933122266886104,0.053029185628949475
id18985,0.8162444416881587,0.11156666261913992,0.07218889569270139
id21905,0.08071796402894586,0.032215036384246575,0.8870669995868076
id17474,0.8514598371024396,0.051206569368357456,0.09733359352920296
id15236,0.03108620211387216,0.9515722825007966,0.017341515385331335
id13964,0.8623164299292484,0.061288366745981725,0.0763952033247699
id15962,0.14892324155667402,0.8008449152530591,0.050231843190266946
id20866,0.11583466923207417,0.0416225597977775,0.8425427709701484
id06625,0.2804050570363832,0.065118258936195,0.6544766840274219
id09793,0.3109177991259559,0.272274272168102,0.4168079287059421
id17365,0.029897514224433333,0.9543404663106652,0.015762019464901553
id18463,0.7309885654164894,0.19133906652010893,0.07767236806340172
id20693,0.1135865462130517,0.12504088534249513,0.7613725684444531
id08785,0.030117916567473698,0.953461607356453,0.016420476076073328
id06783,0.041332145402379665,0.9307346971130559,0.027933157484564458
id23178,0.05817399894765851,0.03335769241003495,0.9084683086423065
id13513,0.030511347611508328,0.9530391730336886,0.0164494793548031
id25361,0.04388538284950394,0.021676314772709024,0.934438302377787
id22319,0.39831347537159767,0.08738386990076315,0.5143026547276391
id14024,0.8236112949757411,0.10512421012536405,0.07126449489889487
id24186,0.03169220807836777,0.9514710955450443,0.01683669637658789
id20965,0.46474508962050515,0.41262037689006625,0.12263453348942849
id06242,0.23917519653211897,0.09273565255257143,0.6680891509153096
id25665,0.1547884079395447,0.22411961777760617,0.6210919742828491
id09706,0.3220381194121652,0.4266326347218047,0.25132924586603006
id11026,0.030615901810287508,0.9525370228383697,0.016847075351342885
id04223,0.9116381323994179,0.04269263296104306,0.045669234639538994
id19674,0.08206334698324556,0.7204224839144507,0.19751416910230374
id23420,0.14854672494489202,0.30997917586988305,0.5414740991852249
id18059,0.12387300023675223,0.8331387480554365,0.04298825170781134
id22576,0.8896906406451679,0.05830900894568113,0.052000350409151
id18495,0.1560462697623771,0.7612077728175969,0.08274595742002601
id14139,0.9054048841996594,0.0436115698005831,0.05098354599975752
id18313,0.03592859812946848,0.9443040169199084,0.01976738495062318
id27356,0.8899227313217438,0.04275031959969977,0.06732694907855649
id16035,0.04235658903100647,0.020264082568852936,0.9373793284001406
id04182,0.8474731839465028,0.08132817159953003,0.0711986444539672
id15667,0.9173540986223571,0.03850932426484949,0.044136577112793327
id08713,0.8245976930150675,0.07241467305834941,0.10298763392658324
id25563,0.029812632540449042,0.9544709125939369,0.01571645486561404
id17023,0.912819472530607,0.042029375090494106,0.045151152378898905
id03014,0.02892043892031464,0.9530978730882502,0.017981687991435152
id23812,0.5922959728245178,0.32597491607738727,0.08172911109809504
id20057,0.11862043518525478,0.0463252482154797,0.8350543165992655
id12385,0.8255362442131237,0.07138423489533893,0.10307952089153748
id24416,0.0853496239496896,0.8474974717789587,0.0671529042713517
id15672,0.04065511277738447,0.9358700745878398,0.023474812634775778
id13868,0.9192944888937997,0.038340617416645406,0.0423648936895548
id21095,0.3139022176994748,0.5410772831852007,0.14502049911532458
id05305,0.4947838170377226,0.3247744051929436,0.1804417777693338
id15384,0.4521813687926767,0.09000410543391275,0.4578145257734106
id14049,0.15601523952657348,0.04233577091844921,0.8016489895549773
id23441,0.23016844197853992,0.7040200772867631,0.06581148073469698
id12856,0.05368651213229756,0.022879024219322423,0.92343446364838
id16055,0.038823570067729365,0.018922473335926216,0.9422539565963445
id24771,0.35074872563757087,0.5580103170750189,0.09124095728741012
id14053,0.05028588624630681,0.9247982601488487,0.024915853604844586
id19547,0.06065235232632238,0.04633388218148121,0.8930137654921964
id03639,0.1891053638337771,0.7179231611722768,0.09297147499394609
id14546,0.3617958223403708,0.2763595675624873,0.36184461009714197
id13935,0.8868871292763358,0.04881812614506083,0.0642947445786032
id20335,0.4510686784722207,0.4347925779380764,0.1141387435897029
id07301,0.10928483117836904,0.052002228417712376,0.8387129404039186
id10186,0.9159293996468759,0.03845298285566407,0.04561761749745994
id00192,0.8132907300976304,0.11586495098735478,0.07084431891501479
id17851,0.7981970940973792,0.1316788839102989,0.07012402199232189
id08403,0.043741863258786186,0.02050673244303608,0.9357514042981777
id06183,0.49008578448699963,0.424798966373467,0.08511524913953335
id24738,0.7143454498633662,0.20486198610313444,0.08079256403349937
id15112,0.8680138793068299,0.047125650764226215,0.08486046992894387
id19819,0.042863152059054485,0.021469180774979498,0.935667667165966
id17722,0.04059876326448584,0.019558485495545418,0.9398427512399689
id24273,0.3543582503810358,0.268920173145534,0.37672157647343024
id18939,0.040752164052867475,0.01925335142242562,0.9399944845247069
id16076,0.48037030838163597,0.2436474321424621,0.2759822594759019
id23158,0.04903545654307615,0.0250865063362906,0.9258780371206333
id12745,0.4207065432871095,0.09967507610026448,0.479618380612626
id22538,0.5956950416161205,0.1997586987915317,0.2045462595923478
id14975,0.9040654118993378,0.04733616272937472,0.04859842537128758
id27537,0.8809624653677627,0.06369220340734068,0.05534533122489655
id06632,0.04353311329923956,0.02014156269473546,0.936325324006025
id08100,0.14951913433437514,0.800220950354729,0.05025991531089593
id00843,0.9141938765112064,0.04243081939812476,0.043375304090668886
id22159,0.04085511164565526,0.019243812203619776,0.9399010761507249
id18672,0.8949262738372733,0.04177894429724562,0.06329478186548121
id06916,0.3041411111341834,0.3793415626339325,0.31651732623188406
id22212,0.15988530786147373,0.042133176924505314,0.797981515214021
id00273,0.047747812920950455,0.020923527346138587,0.9313286597329109
id26325,0.43954136452375936,0.4564515187840637,0.10400711669217697
id23683,0.034043991367052266,0.947664621815006,0.018291386817941842
id14419,0.03005069338072605,0.9537252727752715,0.016224033844002395
id11931,0.03343065450734582,0.9492279280342051,0.017341417458449027
id00568,0.03347757782234289,0.9485712915860269,0.017951130591630275
id12271,0.879189931573749,0.06604294037672315,0.05476712804952787
id12622,0.9024072423568267,0.0503243909983166,0.047268366644856764
id03156,0.08475520708767594,0.035747329582271746,0.8794974633300524
id25592,0.9165623163839764,0.039629784102638135,0.04380789951338546
id24367,0.7585831236934217,0.14921080358119487,0.0922060727253834
id16007,0.1302323698397177,0.28484324080357015,0.5849243893567121
id04785,0.8468413942941927,0.06379955934778006,0.08935904635802726
id07888,0.05472822692303221,0.025240492883794076,0.9200312801931737
id13557,0.8764412735151604,0.06634359411761429,0.05721513236722535
id20726,0.8735660265796001,0.06533900169707137,0.06109497172332855
id09580,0.2698155097515733,0.6643068646438499,0.06587762560457694
id05173,0.6356934441544136,0.26748545589161343,0.09682109995397305
id10394,0.04246252767243144,0.9322235870659443,0.02531388526162427
id03926,0.05506243998546318,0.9142406810906973,0.03069687892383959
id07264,0.9207052164168462,0.03758641016837043,0.04170837341478337
id01862,0.18703004272489335,0.3933829170705859,0.4195870402045207
id20808,0.05192457550087558,0.9150446300839076,0.03303079441521689
id26658,0.3018098341101453,0.06530517258191869,0.632884993307936
id04479,0.826458275347457,0.09618006981439518,0.07736165483814784
id17445,0.11964033269611671,0.7837319613689697,0.09662770593491357
id04430,0.0688381152737001,0.8827194602794624,0.04844242444683749
id06052,0.8677177645870561,0.05365688975909022,0.07862534565385376
id11485,0.1292902128122603,0.03796171079886462,0.8327480763888752
id13060,0.29091015053442254,0.055863373220331934,0.6532264762452455
id20873,0.8516854928909661,0.06707085373006855,0.08124365337896547
id21927,0.13390914990631148,0.8150186371544288,0.05107221293925958
id02736,0.8421253595386338,0.07416099981701618,0.0837136406443501
id11234,0.3647421627986741,0.09842057990602888,0.5368372572952971
id27894,0.9218158058725852,0.036369313567862105,0.04181488055955272
id23208,0.08085277530776287,0.8728306158206075,0.04631660887162959
id18470,0.6160957743549464,0.22115817381418876,0.16274605183086494
id23172,0.22967246963228544,0.6439928850064693,0.12633464536124522
id08752,0.14665505444273064,0.04395416974678028,0.809390775810489
id14242,0.3588095060574993,0.07272766544874541,0.5684628284937554
id22908,0.1474956688370007,0.03962831976492116,0.8128760113980781
id17454,0.056296451338723054,0.9072995543691893,0.036403994292087655
id23797,0.9035689577831368,0.044726184308966306,0.05170485790789683
id03788,0.343060741654886,0.5761507978218522,0.08078846052326193
id23682,0.7689516452054393,0.0827852555191703,0.14826309927539041
id07179,0.9132778973349647,0.03930589021998061,0.04741621244505474
id09746,0.0318377352125833,0.9499492512772312,0.018213013510185606
id26613,0.09068730474266509,0.03900572955840814,0.8703069656989268
id05142,0.917305761005119,0.039966921914575036,0.04272731708030599
id04825,0.030554779760318312,0.9525715138402344,0.016873706399447245
id13691,0.10861854912598798,0.03647311408879032,0.8549083367852217
id14183,0.05154953680226737,0.021616041958174022,0.9268344212395586
id19519,0.042398598264401184,0.019654774190487202,0.9379466275451116
id26685,0.28738098609937573,0.05626133226933707,0.6563576816312872
id07937,0.14640794506401314,0.39684392182505895,0.45674813311092793
id10574,0.02974304512974367,0.9546032193779836,0.015653735492272586
id15310,0.06826656709832016,0.8946656144913705,0.03706781841030933
id27311,0.05045167591273489,0.021697092014649057,0.9278512320726161
id11590,0.7607199303998898,0.06229315991865009,0.17698690968146005
id19798,0.03336091554497672,0.946435294046167,0.02020379040885612
id12201,0.5892184398713048,0.3069569773671092,0.10382458276158603
id12460,0.05461280972464598,0.022707741661693547,0.9226794486136606
id12019,0.9101450383895858,0.043764190615046855,0.04609077099536734
id08046,0.1612974600514654,0.6951352366537842,0.1435673032947504
id02989,0.15633261888396205,0.10776762607554034,0.7358997550404975
id26905,0.04483639222440451,0.021678312180896383,0.9334852955946991
id09779,0.9202292881502984,0.037689760070489166,0.0420809517792124
id04359,0.8446268321591611,0.06419620403944966,0.09117696380138918
id01526,0.9184181267284255,0.039079403031203594,0.042502470240370946
id22325,0.036460354951206864,0.9383525324459802,0.02518711260281292
id27878,0.07405684447650156,0.8801860972596816,0.045757058263817006
id06413,0.03011004905023255,0.9540189128316877,0.01587103811807975
id12616,0.041897832572243096,0.9366630468376697,0.021439120590087235
id05301,0.6289884342320098,0.1698801401566847,0.20113142561130554
id13258,0.8844943845396228,0.044103122750916025,0.0714024927094613
id08789,0.12199736933275544,0.35513938562998404,0.5228632450372604
id11776,0.0335247316898582,0.9487541673731249,0.01772110093701701
id21899,0.29217759939256016,0.6354060044645576,0.07241639614288223
id18108,0.06806373446975106,0.028410605989384115,0.903525659540865
id23585,0.33894184980803616,0.5871180608411173,0.07394008935084656
id22122,0.04654106932245226,0.020547432207247494,0.9329114984703002
id22855,0.3874606609190622,0.220417047383722,0.3921222916972158
id19551,0.8508299873076633,0.06828590742795201,0.08088410526438458
id18535,0.029883185037468545,0.9543769914977834,0.015739823464748046
id15115,0.05608858579904109,0.02522934066609537,0.9186820735348635
id00678,0.2375238709497676,0.6882302079195961,0.07424592113063633
id21876,0.1650172826213054,0.7151489882530941,0.11983372912560045
id01553,0.7545456751792596,0.06953554059189486,0.17591878422884558
id09456,0.8407723771043789,0.06308346328863343,0.09614415960698759
id01455,0.17001036150487872,0.617081281781632,0.2129083567134893
id02454,0.037219617010170215,0.9428297036982848,0.019950679291545086
id07911,0.7769633750764521,0.061458917761616744,0.16157770716193126
id13383,0.8782016120060911,0.06414339214461777,0.05765499584929107
id19953,0.05741071764318371,0.02376747806554402,0.9188218042912722
id10316,0.7316999177968654,0.17389905590134538,0.0944010263017893
id01991,0.394297185343575,0.4790538300303852,0.12664898462603977
id19176,0.8859258339291559,0.05798456552082192,0.056089600550022226
id06744,0.36371403314497036,0.07172326652969853,0.5645627003253311
id09999,0.4105066520157676,0.05904529609657384,0.5304480518876585
id11253,0.07587199164150438,0.08544058528774559,0.8386874230707501
id15089,0.03293168821257241,0.9491854411405498,0.01788287064687777
id16821,0.2661735773241769,0.08712520603299817,0.646701216642825
id08256,0.91855768641259,0.03658224336565641,0.04486007022175356
id14844,0.22014212485008203,0.11315362739305103,0.666704247756867
id25950,0.030225636421089712,0.953223612061993,0.016550751516917386
id11961,0.029846366137563793,0.9538097646952003,0.01634386916723593
id00092,0.04213379586572532,0.020633920024437008,0.9372322841098377
id13083,0.045642039663113025,0.02439339931102422,0.9299645610258628
id25825,0.8426015586913546,0.057644453095677055,0.09975398821296852
id03045,0.042423508082359465,0.021067335227493444,0.936509156690147
id19037,0.7735537230634107,0.15152330804555156,0.07492296889103761
id24357,0.1033898052972868,0.07515174276850478,0.8214584519342085
id24449,0.5157244506339809,0.2466582839412402,0.23761726542477898
id22847,0.03641543096799798,0.9441091845854849,0.019475384446517217
id27720,0.9192385324454759,0.03811247212373614,0.04264899543078793
id11619,0.18734009820081793,0.7430172465664162,0.0696426552327658
id03129,0.49443679894425696,0.06846366087327055,0.4370995401824724
id04264,0.05076795506663891,0.9217771054892699,0.027454939444091178
id19748,0.8812195917977409,0.0538995355068836,0.06488087269537544
id20851,0.592966205706269,0.06505734726117712,0.34197644703255403
id13277,0.8068963152706259,0.08690861442123021,0.10619507030814393
id06419,0.03448284278845945,0.947256773131976,0.01826038407956453
id00581,0.9161324671501461,0.03751071249862102,0.046356820351232945
id08765,0.6305612561727886,0.07994545382834267,0.2894932899988688
id13492,0.06463218248322404,0.8811600624713816,0.05420775504539448
id12049,0.11014630270915585,0.8482630425798764,0.04159065471096776
id12700,0.9024866219941434,0.048349023464954115,0.049164354540902525
id07697,0.9210732018600097,0.03710948881425327,0.04181730932573702
id00262,0.03338777855159132,0.94798682485892,0.018625396589488676
id20969,0.05826704594821706,0.03315164378798243,0.9085813102638004
id18465,0.04783251645916943,0.024196521888273537,0.9279709616525571
id10027,0.24282979183745787,0.514436143956982,0.2427340642055602
id03007,0.06725622318126805,0.06737518776337403,0.865368589055358
id23465,0.6963420724429856,0.10658033219526783,0.19707759536174652
id09086,0.6100507423458174,0.3081446209942364,0.0818046366599462
id08015,0.03157669121370678,0.9500809839015427,0.018342324884750474
id04285,0.8848062498729747,0.05766734890977633,0.057526401217248974
id04356,0.05187304554039353,0.022994051233193948,0.9251329032264126
id03554,0.5045348004775163,0.4089661011209168,0.08649909840156693
id06922,0.7944519632628096,0.122175276936117,0.08337275980107337
id15733,0.030682858185019053,0.9520122444032644,0.017304897411716584
id24934,0.20729214313614697,0.0427588612481679,0.7499489956156852
id05529,0.7427307767564876,0.07501792664370616,0.18225129659980635
id00298,0.03725846564972015,0.9354615349163392,0.02727999943394068
id08158,0.7309200360575436,0.17282133053120693,0.09625863341124935
id15135,0.8476389719235119,0.06875370275175946,0.08360732532472868
id06574,0.5285903505121876,0.06438009973574883,0.4070295497520637
id20017,0.07619228969978883,0.8690253505007169,0.05478235979949428
id14386,0.06968434739831798,0.061634859836686054,0.868680792764996
id24226,0.6891087505986953,0.21424169054760037,0.09664955885370441
id24212,0.033095178484643,0.9456989950047477,0.021205826510609174
id14116,0.043045386997089576,0.019692048630671682,0.9372625643722388
id14500,0.04122087674529313,0.019380196279912637,0.9393989269747943
id22744,0.06343596396512341,0.034758342242823474,0.9018056937920531
id16163,0.9078547236103764,0.03951079875498638,0.052634477634637244
id17883,0.8907050304294805,0.050029443443845585,0.05926552612667402
id04631,0.04094240660937189,0.020388359148125573,0.9386692342425026
id26517,0.6893028401954508,0.20545680161234278,0.1052403581922065
id12655,0.14698792201208796,0.7553326755719656,0.09767940241594655
id01505,0.5348610486505987,0.2759132885009345,0.18922566284846679
id00104,0.07213076377160592,0.028474224425994617,0.8993950118023994
id20387,0.03032289102415166,0.9535284767947976,0.01614863218105078
id02843,0.061997136817338774,0.02554331594408308,0.9124595472385781
id04361,0.2822289206086897,0.07532972065519357,0.6424413587361167
id26813,0.9136762067555545,0.041067233877813976,0.04525655936663156
id01466,0.03120306225016574,0.9506353326487443,0.01816160510108994
id17090,0.05479788920229941,0.9124151867551907,0.03278692404250983
id06691,0.21667946187218035,0.2992419545962413,0.48407858353157845
id09408,0.8480300676497321,0.07510449374807478,0.07686543860219311
id15285,0.746249165986878,0.056449182974455586,0.19730165103866645
id16283,0.8931051386532339,0.05695656239845922,0.049938298948306786
id12607,0.9167951082952274,0.03824357579104492,0.0449613159137278
id25965,0.2662814995935548,0.07742223910163162,0.6562962613048136
id07268,0.03677636093696305,0.944063540961015,0.019160098102022
id13529,0.08427631927853291,0.04408135984132189,0.8716423208801453
id11969,0.029972663994853016,0.9540387125262368,0.015988623478910148
id20299,0.030414746280065408,0.9530484655455708,0.016536788174363857
id08770,0.1262524753055558,0.048296943066106886,0.8254505816283373
id20730,0.8917826324462917,0.04600214067298911,0.062215226880719156
id06333,0.08777017042561236,0.8766366474556591,0.03559318211872865
id27451,0.8425084177726102,0.08724460847905544,0.07024697374833444
id12111,0.05601940200608622,0.0234972197371295,0.9204833782567843
id06609,0.29665596322465265,0.057098010799988615,0.6462460259753587
id12299,0.8673393168532765,0.04986225714969351,0.08279842599703004
id23264,0.6971339012341196,0.06382573266212928,0.23904036610375115
id04222,0.12397674244542285,0.8028102851960667,0.0732129723585105
id17229,0.19227697867659227,0.7474991928007989,0.060223828522608845
id24365,0.05033913639631262,0.02434267650208104,0.9253181871016063
id18294,0.031121190745154712,0.9522212308315666,0.01665757842327873
id04493,0.869431894797427,0.07017719925720975,0.06039090594536312
id27575,0.916034999823576,0.040222903678191646,0.043742096498232484
id03801,0.740424006692022,0.060117208964364635,0.19945878434361336
id11611,0.04117692963189037,0.019234947069526297,0.9395881232985834
id01632,0.1498256586315287,0.038864111344086516,0.8113102300243848
id06510,0.09027536640436389,0.8726307974130378,0.037093836182598275
id20431,0.6848295407809292,0.15847908809569133,0.1566913711233795
id23529,0.22146124025152103,0.04737727252989684,0.7311614872185822
id13951,0.05531208201703236,0.03690947567099134,0.9077784423119764
id00803,0.05451852446754368,0.9203620992383886,0.025119376294067724
id06737,0.8299838154287335,0.05874903328600476,0.11126715128526166
id24288,0.9203700182876604,0.03652787226211684,0.04310210945022265
id08385,0.08088255896304111,0.8848116617740167,0.03430577926294225
id22859,0.03035422820729877,0.9538418076468979,0.015803964145803224
id22234,0.11103837174212779,0.6884923724815443,0.20046925577632793
id10365,0.030341921016483808,0.95338114065586,0.01627693832765631
id00865,0.1293995721674306,0.04569197304680411,0.8249084547857652
id19405,0.24420989147574282,0.04765965885600123,0.7081304496682559
id11246,0.05300176079222368,0.024164312632783593,0.9228339265749927
id19587,0.05276168642482233,0.029813497172184476,0.9174248164029932
id24614,0.11230128228024111,0.8459019433023635,0.0417967744173955
id23623,0.7944070799381295,0.1252067417117409,0.08038617835012943
id15271,0.19234741465065217,0.08195494126323669,0.7256976440861111
id20478,0.044697857310004106,0.022743567995943608,0.9325585746940522
id25277,0.09257710635234562,0.03956411571783236,0.8678587779298221
id22004,0.38492371858491,0.5303735548552523,0.08470272655983759
id16728,0.03018374488117487,0.9539787327379509,0.01583752238087431
id06907,0.21468332173901122,0.6007703487342207,0.18454632952676814
id11895,0.03203449568125673,0.9506728492088231,0.017292655109920143
id13802,0.7358221781583223,0.1390890739270092,0.1250887479146685
id18459,0.032052398427235014,0.9502402542364639,0.017707347336301162
id21371,0.823987878123152,0.05733479745016947,0.1186773244266785
id11408,0.03878274422368631,0.94066167117441,0.020555584601903654
id05442,0.8382185192006192,0.091678325290512,0.0701031555088688
id21499,0.34220824986124687,0.061487150851147684,0.5963045992876055
id18066,0.26495722546597217,0.09286701724439937,0.6421757572896284
id23617,0.21607981341444482,0.17224315088932762,0.6116770356962276
id07725,0.042298627413545356,0.019695575648148864,0.9380057969383058
id24627,0.894689861264727,0.05284784428455288,0.052462294450720134
id19108,0.03700189176794705,0.9427609309592175,0.02023717727283539
id11800,0.04683458120728787,0.021460176869040035,0.931705241923672
id14588,0.3240408083112663,0.054770418416489594,0.6211887732722441
id27474,0.3141521990355957,0.15239698427132145,0.5334508166930828
id07924,0.8940925439150614,0.04532023048276094,0.06058722560217763
id10772,0.15003921045294097,0.03818567157393491,0.8117751179731241
id19235,0.17018793073598965,0.3185550725292465,0.5112569967347639
id13647,0.8097894507816014,0.11272399054667041,0.07748655867172821
id08673,0.5494318836364606,0.06640423067434759,0.38416388568919174
id24850,0.5337559740046791,0.38152150108272315,0.08472252491259775
id11764,0.8939541674170075,0.04285923158443508,0.06318660099855747
id05197,0.03253492113441842,0.9476628462960766,0.019802232569505016
id23600,0.07477944456394633,0.028882788486553103,0.8963377669495006
id14699,0.03741566870709185,0.9418967174939583,0.02068761379894993
id26801,0.17889462226283276,0.06899767583278517,0.752107701904382
id25664,0.8543366086494552,0.07181347264431148,0.07384991870623325
id07809,0.0689499003629907,0.8981727481181717,0.03287735151883763
id13081,0.23683731575752637,0.10685921583105072,0.656303468411423
id11381,0.0833818330746131,0.030602425033218507,0.8860157418921684
id14721,0.819615589727602,0.07083478710340037,0.10954962316899772
id07800,0.9045725437054619,0.04788854724849392,0.04753890904604413
id13883,0.8307265262628766,0.0685348781649428,0.10073859557218064
id04488,0.5922652652550778,0.11623279942196092,0.29150193532296126
id03530,0.21974296575353203,0.10577738411558453,0.6744796501308834
id15823,0.3455671620742868,0.05382671858016821,0.600606119345545
id11701,0.32739946148842203,0.06716769544315544,0.6054328430684226
id07806,0.029988904994028273,0.9526571569124254,0.017353938093546354
id19036,0.02987290822896121,0.953297266499468,0.016829825271570686
id20765,0.3763839830448879,0.5481191802271517,0.07549683672796047
id26691,0.46201119304803634,0.28402599556246677,0.2539628113894969
id02642,0.8741309921636153,0.062381778702524975,0.06348722913385978
id06475,0.6740877601657914,0.17686097728460792,0.1490512625496007
id19019,0.7464733725515926,0.17822455775759358,0.07530206969081388
id14616,0.20451798964088547,0.049931899511332783,0.7455501108477818
id08537,0.8349038705616975,0.09137036712432693,0.07372576231397569
id19126,0.30773934283508897,0.07231456128407233,0.6199460958808387
id01774,0.042569229440951366,0.020174906930967188,0.9372558636280814
id08623,0.9047150824333864,0.042681351503458066,0.05260356606315558
id17150,0.038927017913388776,0.018837400026883232,0.942235582059728
id06325,0.28183380794188695,0.22340167395940147,0.4947645180987117
id23161,0.09880784270725833,0.6632551009646572,0.23793705632808448
id09876,0.6126263494869567,0.06604481828994364,0.3213288322230997
id01551,0.7269032045510629,0.16146945039572236,0.11162734505321475
id12334,0.030410158963231775,0.9533019610280933,0.016287880008675027
id03577,0.04566643325194527,0.02074128946198852,0.9335922772860662
id20706,0.9178685184995536,0.03869783411306799,0.04343364738737829
id23704,0.03191007226032566,0.9509622850542535,0.017127642685420715
id10029,0.030000676250785025,0.9535145636902638,0.016484760058951123
id19600,0.03300042477269919,0.9479204700273539,0.019079105199946884
id22367,0.044120976233329216,0.9332969906745302,0.02258203309214067
id12262,0.8935857195600879,0.04311153055722854,0.06330274988268363
id09698,0.7765833193461794,0.12317880468025776,0.10023787597356282
id10919,0.876916436294625,0.06607320234620673,0.05701036135916828
id12508,0.07870649045467243,0.8721326313386436,0.0491608782066839
id16206,0.8659583481696783,0.0611163324170881,0.07292531941323352
id25927,0.05961939388084729,0.024494318114438782,0.9158862880047139
id23189,0.059262330508131664,0.9007354519254106,0.04000221756645776
id00406,0.2460763786506804,0.3682550965696068,0.38566852477971286
id01257,0.17432039864686638,0.6348498087169747,0.19082979263615882
id15147,0.9229226436434772,0.03584685202585211,0.041230504330670596
id24692,0.6909078835983313,0.21856496854137666,0.09052714786029209
id02919,0.02997205966629862,0.9542595687965312,0.015768371537170235
id00339,0.03319818610461669,0.9482375181418713,0.018564295753512015
id20981,0.05187360375147974,0.9182836257211894,0.029842770527330836
id00658,0.5289494480225826,0.11854438700921374,0.35250616496820364
id02255,0.07495288455808338,0.03323856732109208,0.8918085481208246
id13282,0.6358245199410164,0.07479058956475819,0.2893848904942255
id13189,0.20694723923656336,0.09243853743444602,0.7006142233289906
id07267,0.9237528747783035,0.03567853037027609,0.04056859485142029
id05272,0.33867962836660953,0.06520666049239342,0.5961137111409971
id22653,0.5395932754781178,0.08967706076079014,0.3707296637610922
id06894,0.2889064958768252,0.053093398340980376,0.6580001057821945
id21657,0.8579277508072827,0.07749178568325271,0.06458046350946457
id00430,0.08415983156720437,0.13841832792370168,0.7774218405090939
id21655,0.19579243130090543,0.6386631769277639,0.16554439177133062
id04764,0.3684468865743945,0.06102312250062217,0.5705299909249834
id08665,0.04559897420681358,0.02052226035954775,0.9338787654336387
id20985,0.04184887575173655,0.021439932880996913,0.9367111913672665
id08095,0.9071581351489624,0.04250791371760564,0.050333951133431976
id12015,0.9056146874802086,0.04757341716128451,0.04681189535850702
id13210,0.8439324633439039,0.08567435418849145,0.07039318246760458
id24937,0.0462147586247382,0.9183220367558725,0.03546320461938915
id03675,0.029788966031546422,0.9540783045377167,0.016132729430736827
id26951,0.6935968203270371,0.16086766827759474,0.14553551139536813
id06104,0.06503205523952213,0.026325606279535712,0.9086423384809422
id20105,0.030968302572941545,0.952496013164453,0.016535684262605405
id20441,0.04250911359191135,0.02034269855299512,0.9371481878550936
id05660,0.9096877045501398,0.04362031738198609,0.0466919780678741
id04078,0.05770885731840928,0.029482382236703866,0.9128087604448869
id26101,0.2567375488533103,0.13872915131446195,0.6045332998322278
id10144,0.036052636209771324,0.9448155305033559,0.019131833286872884
id15096,0.041778894024154925,0.020376929976073814,0.9378441759997712
id11903,0.8161849964118313,0.06482402081918864,0.11899098276897996
id24093,0.04367152460284197,0.02160144843224026,0.9347270269649178
id06388,0.8292434187605513,0.09252094873322743,0.07823563250622112
id01203,0.8650916343081856,0.06290985629994043,0.07199850939187406
id18448,0.9175870760502366,0.03762859857960261,0.04478432537016076
id10382,0.4151482695181021,0.3054091620494333,0.2794425684324647
id25109,0.0671305719480465,0.051657105434629036,0.8812123226173245
id15526,0.06329213221298188,0.024638278373007548,0.9120695894140105
id09411,0.5204334393668794,0.06789320049385869,0.41167336013926203
id03937,0.31031372502427573,0.06055505619201433,0.6291312187837099
id09740,0.046968077808384474,0.02191221332304542,0.9311197088685701
id11584,0.3141374462991377,0.3467226696345867,0.33913988406627565
id06135,0.8043206436724718,0.1271052831750274,0.06857407315250065
id22666,0.8833328701230893,0.06477153668611779,0.05189559319079304
id03104,0.9238478318352483,0.03527037279305943,0.04088179537169224
id21763,0.8033697975933483,0.11670858642673156,0.07992161597992022
id26344,0.10448072116745201,0.0462484554135641,0.8492708234189839
id11819,0.09869717890678309,0.8618375664019001,0.03946525469131684
id20309,0.029990231845895488,0.9540117935188238,0.015997974635280795
id12751,0.8252205872902708,0.08167167096805898,0.0931077417416703
id16205,0.24675925563478865,0.4868313517988254,0.26640939256638607
id07347,0.07017471473758753,0.028210503123184558,0.901614782139228
id20347,0.06915511062618522,0.8998359430029496,0.031008946370865258
id05696,0.06360181184267824,0.024931713811589467,0.9114664743457324
id04648,0.7334803246487167,0.11368292911008147,0.15283674624120186
id19654,0.6593963830496276,0.25257682586857855,0.08802679108179386
id03991,0.24205449325709863,0.09253093108558352,0.6654145756573179
id05523,0.9084045335673471,0.04434984197321118,0.0472456244594416
id27445,0.9153544878495109,0.03870319702538608,0.045942315125103036
id27516,0.03921139595198921,0.9366477230925467,0.024140880955464024
id13992,0.04201732891598712,0.019576144265377758,0.9384065268186351
id02429,0.04161399947342984,0.01947967012509334,0.9389063304014769
id01682,0.030625836988913864,0.952684057575716,0.01669010543537019
id20561,0.9149553602465537,0.037784911502128496,0.0472597282513178
id26906,0.8749207599873249,0.06824738186017637,0.056831858152498776
id01724,0.06439052948379614,0.9011740449497462,0.0344354255664576
id25283,0.4811789357623118,0.33671878872848177,0.18210227550920643
id06926,0.8821271085497214,0.060631317158512464,0.05724157429176613
id13887,0.8816895237771104,0.05704680909218287,0.06126366713070678
id07530,0.8394366119950522,0.06706498669509448,0.09349840130985344
id13460,0.9009021237230245,0.04121637566199539,0.05788150061498009
id14695,0.031608288980487904,0.951573620042132,0.016818090977380122
id08133,0.2438761581837985,0.05400696643204566,0.7021168753841558
id06364,0.04948049847721754,0.03076241486614466,0.9197570866566378
id22368,0.050950264256419533,0.9223738409593265,0.026675894784253806
id04855,0.030243904713245225,0.9538853155225414,0.015870779764213437
id14016,0.16630965185729563,0.06105473745961068,0.7726356106830937
id25801,0.033566010644453186,0.9485839344013614,0.01785005495418548
id16241,0.24305057994652418,0.12756987279508022,0.6293795472583956
id01120,0.19908797483008783,0.6728126152210524,0.1280994099488597
id00058,0.19920155503532389,0.7407390076361509,0.060059437328525214
id24503,0.7568770296970849,0.10337145802209975,0.13975151228081545
id03213,0.08419318363424973,0.8615027595585826,0.05430405680716764
id06040,0.9129124696959751,0.038274406483347706,0.048813123820677304
id26219,0.05507344558292226,0.9107809344185746,0.03414561999850308
id23723,0.041174873401004224,0.933837665992261,0.024987460606734783
id17565,0.6345836070312182,0.06983042794370972,0.2955859650250721
id02243,0.07517041945155635,0.032694608790978956,0.8921349717574648
id04802,0.9186945286008393,0.03773132649316612,0.04357414490599463
id07148,0.04490897637505404,0.020888859221562802,0.9342021644033831
id16071,0.874588900128253,0.06673626372313163,0.05867483614861535
id14810,0.8565228195571245,0.0656720508634841,0.07780512957939129
id15386,0.1941203103790331,0.7498390055826873,0.056040684038279574
id14768,0.8488365515671107,0.06101876761775132,0.090144680815138
id05056,0.6465973281744121,0.059089347746355145,0.2943133240792327
id27065,0.28587366450091867,0.09159528654780565,0.6225310489512758
id27245,0.650015468132338,0.1328833921265941,0.2171011397410679
id25911,0.8761230187673484,0.06175729080571967,0.06211969042693183
id10581,0.8695169655052003,0.06265011300177423,0.06783292149302549
id21852,0.6393909335275706,0.08127033058190544,0.279338735890524
id13922,0.4363402050293002,0.467080377140113,0.09657941783058678
id21904,0.15315651003075906,0.5944227707961276,0.2524207191731134
id25974,0.05390708828666881,0.023194758338382228,0.922898153374949
id03323,0.6220202972086023,0.15263377493674068,0.225345927854657
id01385,0.3066798046051632,0.29697205499882484,0.39634814039601207
id20469,0.2925904853590648,0.6363325207810683,0.07107699385986695
id04281,0.0436627785623195,0.9264926525792457,0.029844568858434735
id17752,0.8510076794859447,0.08874226147929276,0.06025005903476243
id27768,0.49527244335192716,0.2417440939017678,0.262983462746305
id15545,0.030254549304198172,0.953508233685838,0.016237217009963827
id27853,0.06511734021095417,0.027884635331235388,0.9069980244578105
id10103,0.800517758811928,0.054483127359590225,0.14499911382848177
id04374,0.1815480949674382,0.36411976023220755,0.4543321448003542
id23102,0.09310186038071812,0.4985647615725333,0.4083333780467485
id15727,0.04120063505627834,0.02009481844502661,0.9387045464986951
id22643,0.26708703799902495,0.6168145783219702,0.11609838367900499
id26174,0.07663059349284909,0.1301461985793326,0.7932232079278183
id16776,0.0301693288499043,0.953292843591354,0.016537827558741627
id11156,0.9205309960647892,0.03639168079822448,0.04307732313698622
id18288,0.7874552530998081,0.06859410623557917,0.1439506406646127
id21487,0.05707449112451528,0.02572976957110746,0.9171957393043773
id06888,0.2043079028285732,0.06225525753647075,0.7334368396349561
id24094,0.6782507931946298,0.16643936475690665,0.15530984204846363
id21383,0.8116322196872402,0.1140041888845894,0.07436359142817042
id10309,0.071095254624,0.030306839605732883,0.8985979057702671
id09189,0.11738229029833858,0.7403504976245189,0.14226721207714257
id26844,0.13445926923831547,0.3140028779236929,0.5515378528379917
id02103,0.04673641583617053,0.022791442749877072,0.9304721414139524
id13699,0.04723898117204215,0.020685126246874835,0.932075892581083
id05005,0.040698246917725084,0.02014126367906964,0.9391604894032053
id19814,0.7071251486352459,0.1716606952701831,0.12121415609457106
id24703,0.8881495959764821,0.05602793876782124,0.05582246525569673
id04594,0.044833607441714815,0.020470472990577134,0.934695919567708
id13789,0.7839107263205584,0.14689320916222956,0.06919606451721219
id01938,0.8419728188013573,0.06945360092081457,0.08857358027782816
id24274,0.811811551854512,0.06244979928774706,0.12573864885774078
id13727,0.9182673429755106,0.03854893862233948,0.04318371840215006
id19335,0.08341156636961804,0.02910930963762192,0.8874791239927601
id21064,0.04700407612704261,0.023771063828899437,0.9292248600440579
id04044,0.031667749463411554,0.9503672378943029,0.0179650126422856
id01696,0.47161188811882304,0.07216160776105658,0.45622650412012034
id05601,0.3083505722470101,0.0500171150044251,0.6416323127485648
id13591,0.8476251966044299,0.06254342430479658,0.08983137909077353
id09164,0.11160832539719738,0.8459605945937397,0.042431080009062976
id16563,0.044625207931188675,0.02236906418234074,0.9330057278864706
id00380,0.8003701618471816,0.05552399908446165,0.1441058390683568
id04612,0.048314789428638975,0.03136862830508208,0.920316582266279
id17341,0.1322600032372737,0.056133158192430935,0.8116068385702954
id23426,0.08411368163103991,0.8535864469965726,0.06229987137238753
id02177,0.7728702254919514,0.06762223454946185,0.15950753995858682
id24279,0.04615236947073607,0.02238814960350444,0.9314594809257595
id07226,0.8979134308999759,0.05242744630400111,0.04965912279602299
id23305,0.358157066713457,0.06217716887096684,0.5796657644155762
id00684,0.7788109171760166,0.07249659393463659,0.14869248888934677
id22025,0.04072584668841945,0.0194219344498589,0.9398522188617217
id26143,0.9049552968454746,0.04840005500740255,0.04664464814712291
id12002,0.053250426309022277,0.9099931962172861,0.03675637747369169
id04610,0.054135147772676584,0.9211819755661939,0.024682876661129616
id27224,0.1172990923555231,0.03392992742326338,0.8487709802212134
id10716,0.47939958924838727,0.360562198183335,0.16003821256827772
id14057,0.887024292382238,0.05845998826956918,0.05451571934819292
id14982,0.8979266734286354,0.04937337912272605,0.05269994744863864
id00401,0.7587844231422974,0.07599449912024267,0.16522107773745995
id12248,0.7671255538639227,0.15257985023291862,0.08029459590315875
id04641,0.8051549465335635,0.09494731210049999,0.09989774136593654
id01658,0.9026440215061112,0.04126565177032656,0.05609032672356212
id03153,0.12032969410297802,0.05402379407573726,0.8256465118212847
id27961,0.8765310659731106,0.060274951947005995,0.06319398207988346
id15984,0.9171682311151322,0.0381353537777727,0.044696415107095155
id01789,0.061952397035055985,0.9102575578203403,0.02779004514460372
id27264,0.04026777044680699,0.020079704420399268,0.9396525251327937
id05158,0.039165282315848704,0.019255213616205125,0.9415795040679462
id14265,0.5734882820644395,0.2341661167934931,0.19234560114206753
id20696,0.8697887332714018,0.05674159717372872,0.07346966955486946
id01133,0.3410922850243377,0.06699155088288176,0.5919161640927806
id24953,0.8355811779550754,0.09623792707088415,0.06818089497404053
id11298,0.06645573551748672,0.027619473157485214,0.9059247913250281
id20917,0.6406687156102805,0.18422432855872817,0.17510695583099128
id25275,0.08960165711899372,0.8633587181727757,0.047039624708230705
id00850,0.6245815569979556,0.06916639299534033,0.306252050006704
id23225,0.029910324040767,0.95426326572966,0.015826410229572895
id15602,0.13815400184408014,0.051306346361632976,0.8105396517942869
id12160,0.42838991050480446,0.21610556208369675,0.35550452741149874
id25388,0.031948036961715214,0.9502369286236045,0.017815034414680343
id13837,0.6824285012503812,0.21787337897676257,0.09969811977285631
id06804,0.05042088230048634,0.0275269324444688,0.9220521852550448
id19978,0.49961636586745467,0.39632695419470926,0.10405667993783609
id27563,0.04441727004134682,0.0202089038672977,0.9353738260913556
id23762,0.7521893430618051,0.16951736820192942,0.07829328873626554
id22734,0.03224272300483606,0.9504726916431281,0.017284585352035847
id09094,0.36629224048591086,0.21465944293345712,0.4190483165806321
id27270,0.030534287248735834,0.9528564856250175,0.01660922712624679
id05043,0.06507885490434948,0.8923992883096379,0.0425218567860125
id15290,0.6537767737077567,0.24332539718522947,0.10289782910701395
id26333,0.31306712814279736,0.07689067740861243,0.6100421944485903
id26111,0.901770411231723,0.044236891191271686,0.053992697577005345
id23029,0.0399888226503198,0.019051519831393544,0.9409596575182867
id11837,0.5615126151348405,0.28151885003167265,0.156968534833487
id03497,0.39401552419449265,0.05953547404245436,0.546449001763053
id19290,0.8473994386700562,0.057206062699111264,0.09539449863083264
id08008,0.8552054203775848,0.07159924607552716,0.07319533354688797
id24949,0.03322691935534702,0.9488333948043087,0.017939685840344118
id25023,0.1695443593896695,0.060606119411179396,0.7698495211991511
id02205,0.03717856473673672,0.9381417509497336,0.02467968431352953
id11041,0.9186906011065881,0.03835087204928171,0.04295852684413027
id14395,0.029962151119888716,0.9540804308227996,0.015957418057311733
id01130,0.7316618084830141,0.16852938874472032,0.09980880277226564
id21066,0.11167401593874794,0.8382519183301609,0.050074065731091286
id17774,0.8970620933375796,0.049835226855312546,0.05310267980710796
id24519,0.04148241844120234,0.02058051319050732,0.9379370683682904
id08460,0.2568934047789266,0.1625730254258756,0.5805335697951979
id19897,0.07261615709498404,0.8951807521541926,0.03220309075082342
id19028,0.881173433875857,0.06543980179034792,0.0533867643337951
id01850,0.849822792661175,0.05311661559266505,0.09706059174615997
id22472,0.029844574809919228,0.9544722516320329,0.01568317355804792
id10709,0.06237962447165348,0.028190547902972988,0.9094298276253736
id17260,0.2554949463145656,0.6656133850861772,0.07889166859925727
id22262,0.821771391912186,0.09824352600733907,0.07998508208047485
id00115,0.8901695792190569,0.05859358078680142,0.05123683999414168
id17483,0.041510809863471373,0.020007350065230006,0.9384818400712986
id10763,0.8847121164689609,0.055372215076745744,0.05991566845429336
id18014,0.0311037550465183,0.9515163003466357,0.01737994460684597
id20414,0.12161771659028307,0.035445101119400566,0.8429371822903163
id14244,0.6602620419054267,0.2011433234247347,0.13859463466983857
id24952,0.7257745162025798,0.06356121880989332,0.21066426498752686
id08217,0.5164187196558897,0.11165854002388052,0.3719227403202297
id01578,0.039061215163817484,0.01894964086464593,0.9419891439715365
id00641,0.06440532908138079,0.9053038610324723,0.03029080988614707
id24982,0.9226269888339514,0.03593257936269028,0.041440431803358324
id11192,0.8922066259960427,0.05725330361276227,0.05054007039119497
id13759,0.25952752504903887,0.07259088213075886,0.6678815928202022
id26752,0.3677515343690592,0.546098635008653,0.08614983062228797
id06820,0.35216930150078735,0.11926485082222578,0.5285658476769869
id27298,0.3729919499495085,0.42719828573160745,0.19980976431888406
id20735,0.05124207465669776,0.02166177357328631,0.9270961517700159
id08390,0.054370083517333384,0.8975222693667309,0.04810764711593569
id18571,0.6865676386715102,0.07793821647348602,0.23549414485500392
id05804,0.032529573029200565,0.9502006601507542,0.017269766820045253
id11867,0.04324825440317967,0.020710395764787858,0.9360413498320325
id10286,0.8756521176390937,0.0474184513157997,0.07692943104510659
id22020,0.8986978320959471,0.05162639432270533,0.0496757735813476
id25835,0.04767876200062239,0.021934204563923622,0.930387033435454
id06583,0.46588855501730597,0.10472685289405133,0.42938459208864277
id21403,0.0381357001867708,0.9332647865037375,0.028599513309491686
id26730,0.9177270349806926,0.03941959324820644,0.04285337177110092
id06873,0.9119762167290903,0.04246029274749753,0.04556349052341218
id03552,0.9209984551029627,0.03735458133303376,0.041646963564003596
id05607,0.11683850485759417,0.06351946179847116,0.8196420333439347
id26395,0.0672723183138405,0.03765783013319409,0.8950698515529654
id02844,0.2886881910466156,0.604135066945097,0.10717674200828742
id19710,0.09798604261169246,0.037679683202813154,0.8643342741854945
id17076,0.3451849428127906,0.24879072989114312,0.40602432729606636
id14070,0.8448055006739695,0.09174130573292173,0.06345319359310869
id17106,0.8465306927737393,0.07071402582298388,0.08275528140327695
id24689,0.6250338463391237,0.11173101274817253,0.2632351409127037
id03718,0.3450185421023095,0.14245824612143115,0.5125232117762594
id03957,0.9065794559696294,0.047403636545015886,0.046016907485354704
id18995,0.030805902480435795,0.9527351994590781,0.01645889806048616
id11668,0.6398037550231982,0.14423096177475422,0.21596528320204753
id15721,0.9007599718733446,0.04330134254325885,0.055938685583396625
id10379,0.30998526557434314,0.23156390329739165,0.4584508311282653
id15009,0.7424290432000576,0.18394433995443868,0.07362661684550362
id11339,0.0339017859868414,0.9475651085078725,0.018533105505286192
id18532,0.031779858965597034,0.9511871412598654,0.017032999774537497
id16469,0.8960150711422677,0.044680483051713696,0.05930444580601864
id22464,0.2896340196427607,0.641801572429275,0.06856440792796423
id06314,0.09180000135841541,0.02899291673873553,0.8792070819028491
id27085,0.851526162881042,0.05263774984744562,0.0958360872715125
id14452,0.8981470676182449,0.0507799398496195,0.05107299253213569
id14939,0.9066956832891063,0.04296901145006131,0.050335305260832394
id20094,0.8263316368074364,0.061402520114075765,0.11226584307848786
id23077,0.3659293618345369,0.5111419472978782,0.12292869086758484
id17527,0.9108962489089605,0.043208147638048554,0.045895603452990846
id14895,0.8554427805425878,0.08070260047925393,0.0638546189781582
id22577,0.04077497469891802,0.019243845807389314,0.9399811794936926
id16111,0.050660674529945486,0.9252849897123274,0.02405433575772707
id21649,0.3974434262185567,0.06700568120444864,0.5355508925769946
id22954,0.9166447627281789,0.039168660560765935,0.04418657671105521
id12624,0.04252669581270203,0.021233239435200814,0.9362400647520972
id05737,0.8862570203737562,0.051805095723624836,0.06193788390261902
id23937,0.27170497727289955,0.054203970542417615,0.6740910521846829
id06620,0.04404320182345652,0.021534835835821456,0.9344219623407221
id18650,0.13894410862649964,0.06005117294277883,0.8010047184307215
id09656,0.8486293295938859,0.07913748029761819,0.07223319010849588
id10285,0.7510679386503648,0.17111180548540086,0.07782025586423434
id05729,0.06846572390482,0.026579719919776475,0.9049545561754035
id00102,0.08817963162597281,0.8236139832971785,0.08820638507684869
id26276,0.23999360657060445,0.4556361584969397,0.3043702349324558
id12620,0.8841065241359575,0.056626756773158544,0.05926671909088402
id17949,0.3217604793214105,0.10359461390011693,0.5746449067784726
id15708,0.8305960104893618,0.10689951805128246,0.06250447145935578
id18300,0.5896421983883979,0.06911691079940115,0.3412408908122009
id04039,0.8089770507349552,0.10823001920610803,0.08279293005893673
id12158,0.9064199481022438,0.04504703000335823,0.048533021894398065
id23197,0.03007369774297884,0.9536728156962737,0.0162534865607474
id25384,0.2988436002794755,0.6283136875014464,0.07284271221907812
id09070,0.15616816519373333,0.32941705188621156,0.514414782920055
id27734,0.8528337629991879,0.057280713037156615,0.08988552396365543
id27332,0.8533072968930889,0.06129990706931948,0.08539279603759155
id00973,0.8390112377809439,0.07441107109740598,0.08657769112165013
id26625,0.7369287497648908,0.11550149683458229,0.14756975340052703
id24578,0.07186039269081483,0.8843409779592747,0.04379862934991044
id05423,0.06588847496691715,0.9037043010821073,0.030407223950975566
id19124,0.036525680225697583,0.9443332358632135,0.019141083911088912
id00946,0.9169551741211381,0.03848530240358875,0.04455952347527311
id19229,0.9007531389132011,0.04985676876635419,0.04939009232044465
id05311,0.057551816139625254,0.9149099002890327,0.027538283571342113
id03289,0.8879370032615944,0.060939800594533064,0.05112319614387244
id17758,0.07306676726678778,0.88184382962235,0.04508940311086219
id24336,0.03274336399316752,0.9503497710122712,0.016906864994561305
id00603,0.07002183403095548,0.027205411787597826,0.9027727541814468
id26467,0.2540055058449317,0.06559710981321011,0.6803973843418583
id27835,0.05311697350384333,0.02608840038789407,0.9207946261082626
id06861,0.1486542873019317,0.04133825627963131,0.810007456418437
id23847,0.04024666589384477,0.018997413996344352,0.9407559201098109
id06174,0.251293157637859,0.662515300229546,0.08619154213259506
id10968,0.8813246930134196,0.054125157903727086,0.06455014908285323
id10881,0.852761083077511,0.0763725178049844,0.07086639911750461
id03204,0.04116887190617063,0.9290931788931212,0.029737949200708227
id21921,0.8927061292101469,0.0521790982412293,0.055114772548623785
id06539,0.8731015472538382,0.052345697530937894,0.07455275521522406
id08880,0.19561805623688358,0.08342778906920621,0.7209541546939102
id14725,0.7610286670227976,0.0673215521786154,0.17164978079858706
id26107,0.10535709016899557,0.034607844860789355,0.8600350649702151
id07874,0.4433199910258414,0.4681414934837077,0.0885385154904509
id23638,0.9145433797932142,0.0389431745547913,0.046513445651994514
id13498,0.12480792661485408,0.13680523708844042,0.7383868362967055
id18940,0.04351138444418049,0.019899472406075914,0.9365891431497436
id02120,0.9163998497860684,0.03866187195742083,0.04493827825651075
id26663,0.533079781621165,0.07180998704852926,0.39511023133030587
id20127,0.03906892036736263,0.018948981254556862,0.9419820983780806
id27922,0.058452204986147414,0.025553061833010565,0.915994733180842
id15106,0.818222544887147,0.07434957412632279,0.1074278809865303
id22158,0.05363214273752705,0.027453775418170304,0.9189140818443027
id17029,0.03418079888848244,0.9476778832369152,0.018141317874602415
id02554,0.7722421788064217,0.10324450004115013,0.12451332115242814
id18454,0.07188793914369947,0.07549803576976355,0.8526140250865369
id09016,0.48354913263420707,0.07749090883723662,0.43895995852855635
id02307,0.8899100859068011,0.04312623601467857,0.06696367807852023
id01650,0.05640115345395922,0.024964146724420273,0.9186346998216205
id01254,0.029681907320138316,0.9547247181900445,0.01559337448981725
id12921,0.05879909385823094,0.025977393561351987,0.9152235125804171
id05721,0.05070348090603717,0.021774816337835273,0.9275217027561276
id05798,0.23321378279572905,0.6594240910629728,0.10736212614129809
id04417,0.047881146034032644,0.02184316487007271,0.9302756890958948
id19620,0.6535867152543519,0.08253721520823765,0.26387606953741044
id22680,0.03665508784224,0.94344204681421,0.019902865343550076
id21992,0.3765310893415026,0.05676819759196052,0.5667007130665369
id22823,0.35570680976339275,0.569334907367018,0.0749582828695893
id12750,0.5116944857147749,0.26382620319034744,0.22447931109487762
id23220,0.041834159060568664,0.02024280766497973,0.9379230332744516
id11851,0.4319917456154554,0.06875112409609745,0.49925713028844715
id27438,0.3467299428310924,0.4941144433260609,0.15915561384284668
id00797,0.20274118172792194,0.05348283182359718,0.7437759864484809
id08593,0.890502206069185,0.04387771447442133,0.06562007945639368
id01042,0.135869555313873,0.15527766770086404,0.7088527769852631
id19898,0.38649819866744145,0.14145813548624286,0.47204366584631574
id24615,0.05978869776229138,0.028370522757321714,0.911840779480387
id18594,0.04658328749518942,0.020906529858415242,0.9325101826463953
id08534,0.05156960496336616,0.02925222122935373,0.9191781738072801
id03889,0.9181271671464915,0.03914808089444129,0.04272475195906725
id04873,0.8029260973753843,0.07759509199544223,0.11947881062917347
id08264,0.9151514562804636,0.04142121472069746,0.04342732899883898
id10187,0.6288780285806794,0.06600200982420999,0.3051199615951106
id14278,0.5875641620274156,0.1954933605839277,0.21694247738865682
id22528,0.030191980387180697,0.9539531299669799,0.0158548896458393
id07416,0.1206307324524042,0.8053959019014276,0.0739733656461682
id02857,0.8453162086310031,0.08431447144721811,0.07036931992177879
id03875,0.033852631943667895,0.9469113600426144,0.01923600801371765
id24437,0.02972424316335271,0.9501555251030944,0.020120231733552818
id24940,0.14705551820278606,0.06849767464729778,0.7844468071499162
id15070,0.5574953399927853,0.14314870172573116,0.2993559582814834
id14891,0.055706512465762345,0.9185571074598555,0.02573638007438223
id02110,0.09264757106045013,0.035924668299095484,0.8714277606404545
id24405,0.19682127465199864,0.6829822249410683,0.1201965004069331
id00373,0.13715777617513186,0.03787511035015491,0.8249671134747133
id12728,0.9037332478298576,0.040804546323957275,0.055462205846185095
id18958,0.9092685878000105,0.043929063700315726,0.04680234849967378
id17443,0.037093039712267316,0.9435223139312151,0.01938464635651768
id03959,0.9207155380586163,0.03761864213502444,0.041665819806359326
id13218,0.6014421200603047,0.0929864927192184,0.30557138722047694
id01980,0.8154690805353741,0.09508411296795566,0.08944680649667025
id10697,0.9231454733659054,0.03540792603670942,0.04144660059738534
id24816,0.4832220428090224,0.39594466515130644,0.12083329203967107
id00088,0.2193522151308581,0.43133772942170095,0.34931005544744104
id13846,0.05970979132952148,0.9065643282962411,0.033725880374237405
id17597,0.3430369163298353,0.12653749674096976,0.530425586929195
id09947,0.0354961240041406,0.9460867277332636,0.018417148262595686
id12050,0.8775987136479972,0.0606790395416558,0.061722246810347055
id24060,0.04279446383012657,0.020225142440595548,0.9369803937292779
id19942,0.9057703890553553,0.04382047150651765,0.050409139438126964
id06541,0.8421658409976057,0.09516465833249255,0.06266950066990185
id05746,0.913042313793486,0.042714304105854764,0.044243382100659284
id13577,0.04553521375496467,0.9306994136209557,0.023765372624079777
id11877,0.030211954215992414,0.95356557478162,0.016222471002387658
id19491,0.09930789891222437,0.8440106398619991,0.0566814612257766
id11352,0.058913820113363,0.02461490308376282,0.9164712768028742
id12791,0.8446268822900006,0.08163938419196881,0.07373373351803066
id05282,0.048794911762523985,0.022405114165270024,0.928799974072206
id26833,0.058187135290876775,0.8991984044147266,0.042614460294396535
id00580,0.04230488716684017,0.021552572501730764,0.9361425403314291
id01236,0.07592665354353315,0.027784619627293592,0.8962887268291733
id05455,0.3378377989169632,0.48858555118167657,0.17357664990136012
id00069,0.07465295628839325,0.8736728811414726,0.051674162570134186
id01605,0.9116605848153571,0.03839002140409184,0.049949393780551035
id17737,0.7517713191943474,0.06199801405249332,0.18623066675315933
id11315,0.04588321286002297,0.022497475900003165,0.9316193112399739
id24044,0.6902818776586764,0.14218013893798173,0.16753798340334178
id18677,0.793320542452096,0.08470696118053828,0.12197249636736567
id17678,0.7539626640674291,0.16663830938537533,0.07939902654719548
id21528,0.796037518334957,0.06438321534511433,0.13957926631992879
id21985,0.31108760716539213,0.6124721231455601,0.07644026968904782
id12860,0.7527123200757309,0.10018463569965712,0.14710304422461185
id08793,0.9176300463028981,0.03896701652085074,0.04340293717625113
id09245,0.9181916907942916,0.03776915952168099,0.044039149684027376
id12523,0.07839655987323914,0.028744077329109156,0.8928593627976518
id07158,0.09617576243886805,0.8309360233027031,0.07288821425842881
id03473,0.0329542417224665,0.9467613878048792,0.02028437047265428
id05999,0.9224531131187012,0.03566854744306556,0.04187833943823328
id02469,0.2739716337134672,0.09553855523892685,0.6304898110476059
id16675,0.2235343706768497,0.0641086238329386,0.7123570054902117
id20508,0.04267747381453905,0.019915059700629192,0.9374074664848319
id12669,0.9064873862405075,0.047464349671095404,0.046048264088397156
id22277,0.8342385799367512,0.07072002647239499,0.09504139359085388
id00355,0.04159464041212503,0.020185059315125833,0.9382203002727492
id24427,0.2744251417158645,0.6196989890294804,0.10587586925465502
id19241,0.5394346631631178,0.1732301323485508,0.28733520448833144
id26301,0.43786727217152716,0.17827294729169213,0.3838597805367807
id09404,0.11344101072020991,0.8232775002848479,0.06328148899494214
id14347,0.9154617095921237,0.03884270606812831,0.045695584339748005
id06898,0.9210826142036637,0.03711808728055534,0.04179929851578101
id08750,0.8717256500382975,0.05137875525711781,0.0768955947045846
id13572,0.8807671047432981,0.0605312648643754,0.05870163039232646
id08731,0.030878767633226965,0.9530528544619201,0.016068377904852986
id20124,0.718916796277304,0.08234281991595832,0.1987403838067377
id14276,0.09407892615184972,0.40218465636645245,0.5037364174816978
id13035,0.9003136841127753,0.046296188285519645,0.05339012760170507
id24056,0.21897559476584963,0.04947403837210388,0.7315503668620466
id21132,0.6327061820448214,0.28911171020641174,0.07818210774876688
id21465,0.09177010540987335,0.029898939828638144,0.8783309547614885
id27148,0.03131992282233606,0.95206152064311,0.016618556534553998
id14482,0.7544925714271837,0.06253795227794531,0.18296947629487081
id17950,0.6764787598481417,0.21297847880469034,0.11054276134716805
id15233,0.0298783615708238,0.9543169321795516,0.01580470624962465
id11794,0.2295259881749969,0.06978981901958624,0.7006841928054169
id27227,0.4374165411512773,0.08806399339537016,0.47451946545335255
id13093,0.0881496964191488,0.8771951798793223,0.034655123701529005
id12869,0.029945791945409566,0.9540152597995575,0.016038948255032923
id01256,0.8692366351996913,0.0461330837738023,0.08463028102650642
id00934,0.06855491442092847,0.04377244963030868,0.8876726359487629
id00121,0.410545497734848,0.4840408973825948,0.10541360488255712
id11054,0.06401708293627682,0.8147025935002874,0.12128032356343588
id02573,0.1219962137489609,0.03475745296570015,0.8432463332853389
id13626,0.31819026307610077,0.07526707918166094,0.6065426577422384
id25047,0.671471496993236,0.22924736820267336,0.09928113480409059
id04465,0.29348434640431975,0.6365102654800168,0.07000538811566348
id09344,0.18060145945615155,0.07909404223649706,0.7403044983073513
id24254,0.030265201949396102,0.9537084102181097,0.01602638783249421
id04266,0.07854552488194712,0.030405597660703595,0.8910488774573494
id19734,0.06707695879240418,0.0334638187020562,0.8994592225055397
id13127,0.9158160155320926,0.03835351640033743,0.04583046806756998
id27066,0.0806465626315342,0.03000888125381605,0.8893445561146497
id13629,0.044641609835571354,0.02050169094665101,0.9348566992177776
id26484,0.1469266574133095,0.5782118637722188,0.27486147881447176
id02074,0.7670110118507796,0.07276800064586891,0.16022098750335162
id24688,0.909096580843944,0.041176128455292095,0.04972729070076401
id17455,0.030154421086581933,0.9537841931314412,0.01606138578197687
id14980,0.9046652315648024,0.041863093579709305,0.05347167485548837
id15840,0.8758515698491321,0.053576158631121036,0.0705722715197469
id20440,0.055293384762481614,0.03090087023486676,0.9138057450026517
id25262,0.8744377492922605,0.06813384155970177,0.05742840914803784
id20395,0.02974213694234647,0.9545951726455368,0.015662690412116723
id14332,0.037171039663606506,0.9429407492692441,0.019888211067149497
id07118,0.40073864622561006,0.11989071473114034,0.47937063904324956
id26424,0.9118281667375824,0.0439770806247644,0.04419475263765332
id21308,0.08419160745489893,0.8719412138357381,0.043867178709362964
id21688,0.04619915679275232,0.021105954302793235,0.9326948889044544
id09581,0.1009852130554142,0.8293512932006354,0.06966349374395037
id27297,0.9064635806069259,0.04711548797474374,0.04642093141833041
id20086,0.09802969174815312,0.24481459541499861,0.6571557128368483
id03762,0.4476867837811369,0.46858232996068616,0.083730886258177
id10789,0.0760885190742222,0.032290608283866575,0.8916208726419113
id18058,0.07828732062528597,0.03368484610882736,0.8880278332658867
id01701,0.8788045518233922,0.05408686172632248,0.06710858645028532
id17232,0.1853652566370435,0.7158127021673515,0.09882204119560506
id23541,0.18306954009025408,0.05148425212817472,0.7654462077815712
id20699,0.03203285075912014,0.9513165406437238,0.01665060859715601
id06657,0.042056024281367246,0.02179963282645772,0.936144342892175
id13807,0.7502437546383182,0.0680993545679667,0.1816568907937152
id18344,0.03154439091248682,0.9513138588425878,0.017141750244925417
id09363,0.596022256196953,0.16567809963117244,0.23829964417187452
id12470,0.030696410552422126,0.9529063060492189,0.016397283398359025
id13430,0.7976579601831093,0.11747039385194222,0.08487164596494856
id13549,0.1939181892211665,0.04109727717132201,0.7649845336075115
id24423,0.9090997141569412,0.03962426601913932,0.05127601982391958
id15402,0.8656150025235695,0.05528164285534597,0.07910335462108457
id22070,0.32566239456339807,0.5954720312807816,0.07886557415582031
id05977,0.9196573930055486,0.03718216404694612,0.04316044294750533
id18772,0.6546901768414326,0.06711713166825847,0.2781926914903089
id11214,0.6397345823155098,0.2763488962146729,0.08391652146981726
id01263,0.8866328275492436,0.051619610756323826,0.06174756169443261
id03187,0.7700933572583171,0.08449388800361245,0.14541275473807053
id07817,0.793945279305435,0.08405151170894676,0.12200320898561824
id08796,0.1372940714426173,0.8059777288404506,0.0567281997169321
id02347,0.15514669298492423,0.03853456450367026,0.8063187425114055
id08989,0.042994217065266745,0.020113510943018525,0.9368922719917148
id24462,0.44901924526377457,0.46715916491774123,0.08382158981848421
id05147,0.061974934751627624,0.02983864589586787,0.9081864193525045
id26389,0.09692536923984581,0.07809235068428766,0.8249822800758665
id12300,0.40056780291769195,0.11433192325230666,0.4851002738300014
id06273,0.884515602659973,0.04784710379819251,0.06763729354183434
id27453,0.048978119773934466,0.9285358165300152,0.022486063696050395
id19255,0.6601096966084508,0.08523338755179047,0.25465691583975886
id22593,0.1967704263722979,0.08826425851176185,0.7149653151159403
id07089,0.9114959600178885,0.038498401041635176,0.05000563894047637
id22379,0.04276190928405388,0.9355905216103998,0.021647569105546365
id22024,0.9009155898622674,0.0490591210741254,0.05002528906360733
id25541,0.07086210050409819,0.8737943699658973,0.055343529530004515
id10216,0.8468890099283299,0.07994226003298636,0.07316873003868385
id07493,0.9207339766107856,0.03735722948961542,0.04190879389959895
id25552,0.879041899130262,0.04606069930961405,0.07489740156012396
id21244,0.9181675240622001,0.037482709973013624,0.04434976596478625
id17278,0.14507269195892333,0.7706870836542632,0.08424022438681349
id14850,0.462933292485268,0.457874308135634,0.07919239937909807
id21434,0.06444033407200538,0.028160086610125905,0.9073995793178687
id22924,0.9044699510897445,0.046172049580246885,0.04935799933000866
id17321,0.8169472248517519,0.0676106193824514,0.1154421557657968
id04319,0.8238488306208114,0.09203027322776282,0.08412089615142582
id09823,0.03516522850721348,0.9454600441351001,0.01937472735768648
id03485,0.09346594191917845,0.8574773044161724,0.04905675366464922
id12138,0.7648666252531395,0.09480921019143074,0.14032416455542981
id00196,0.04385360427091988,0.9243985818522694,0.03174781387681065
id07822,0.055734822536927485,0.024851770745676956,0.9194134067173956
id21775,0.13154146606071476,0.17161459882114535,0.6968439351181399
id13407,0.13469247583607707,0.06067938606475747,0.8046281380991654
id12430,0.0298970676051091,0.9542507050182142,0.01585222737667665
id23691,0.7940516878935923,0.13232461806396692,0.07362369404244082
id17641,0.11521662810542205,0.8346036797369724,0.05017969215760566
id09125,0.0399218101420347,0.9378506067122451,0.0222275831457203
id18512,0.4239405839756772,0.08860919284300108,0.48745022318132175
id01639,0.07076657771869964,0.04277541328175012,0.8864580089995503
id06860,0.03943880293512743,0.019000474181911847,0.9415607228829608
id25534,0.908747551069679,0.04546200560572651,0.045790443324594435
id13546,0.914171978150895,0.04012811654268763,0.0456999053064174
id10032,0.8792629113896886,0.043996332246721906,0.07674075636358942
id05228,0.0893279834058854,0.03274146943521453,0.8779305471589001
id24992,0.05188082588130676,0.022338746896866178,0.9257804272218271
id14168,0.9009278788680607,0.04101547622088005,0.0580566449110591
id20747,0.7173989435089776,0.1564956432429885,0.12610541324803384
id16986,0.9195195820349877,0.037273625725023796,0.043206792239988426
id11226,0.7690177041632922,0.096187841232652,0.13479445460405592
id13998,0.7678415975521067,0.06498910961308824,0.16716929283480514
id15169,0.5963743053488858,0.08200793841874693,0.3216177562323672
id00737,0.3104739140723544,0.05518840164878191,0.6343376842788637
id24476,0.5714385988066941,0.09972518132892982,0.328836219864376
id03044,0.7035533239566094,0.06756270391637394,0.22888397212701672
id26746,0.6207699921418139,0.2686590123694152,0.11057099548877079
id10776,0.5918305313087229,0.07207290436981353,0.3360965643214637
id06266,0.1347651303869576,0.056017738688097535,0.8092171309249448
id13362,0.7423723173208869,0.18319969606433142,0.07442798661478166
id09335,0.9207848939029697,0.03654021652823056,0.042674889568799744
id15894,0.1258891286246816,0.7428172212216224,0.131293650153696
id15866,0.0870254667220198,0.0442148480994322,0.868759685178548
id25763,0.5674478356021144,0.08166518957349282,0.35088697482439274
id01091,0.03010827801538999,0.9539801772670317,0.01591154471757833
id11647,0.603104454216277,0.31063163776354824,0.08626390802017483
id19671,0.16010006847818983,0.6456780938899039,0.19422183763190626
id18007,0.6739235180384429,0.06947122679585734,0.25660525516569976
id01473,0.8229829304044777,0.10908478567609577,0.06793228391942661
id07169,0.05146093582392671,0.02405418463620921,0.924484879539864
id05484,0.03910853439481781,0.018880813977769688,0.9420106516274125
id18452,0.8300447260320347,0.09563566850507496,0.07431960546289025
id27490,0.6596983028675121,0.2366800204675372,0.10362167666495081
id11050,0.857781968103928,0.08145881015708101,0.06075922173899095
id07588,0.08521812041410792,0.032104398088063764,0.8826774814978283
id21194,0.9166954157140595,0.03997380550827202,0.043330778777668506
id07282,0.04177027485627953,0.01971328468312445,0.938516440460596
id03652,0.914362528152486,0.037270161657658195,0.04836731018985592
id04009,0.029681047181573245,0.9512122081887039,0.019106744629722797
id27188,0.7515693282575109,0.06987409164221438,0.17855658010027475
id19554,0.22397131665310915,0.15276838886362254,0.6232602944832683
id04072,0.8637425474353067,0.05003675178247689,0.08622070078221647
id19023,0.8421015711827875,0.08835240099328744,0.06954602782392502
id08801,0.08520798024971356,0.04337657724493557,0.871415442505351
id08893,0.36099987454845006,0.05667630239690113,0.5823238230546488
id03644,0.14777409835287572,0.7987063964064538,0.05351950524067056
id00579,0.17910872461623134,0.060420608361524304,0.7604706670222444
id15631,0.9216481782341476,0.036757059769750806,0.04159476199610153
id07828,0.3175505873694397,0.6114619253210264,0.07098748730953391
id00411,0.03401437433215795,0.9483283112288923,0.017657314438949884
id26553,0.7251216828847319,0.07848224243513469,0.1963960746801334
id05221,0.04538438323558983,0.020461765159784286,0.9341538516046259
id20958,0.9157468161137979,0.0383096073703353,0.04594357651586676
id19691,0.2894460526910255,0.053719445978218976,0.6568345013307555
id10400,0.9173390787447087,0.03705588028524524,0.04560504097004624
id16157,0.04207927087541438,0.01965195058645694,0.9382687785381286
id26110,0.28967950873982723,0.644721563846117,0.06559892741405572
id26270,0.7196010056006638,0.07043974465016815,0.2099592497491682
id04157,0.9094639183475285,0.04448564692165284,0.0460504347308187
id24711,0.05460366792357878,0.023392176215177633,0.9220041558612436
id05534,0.1232240855400279,0.04763269261439936,0.8291432218455728
id21712,0.3214256056252237,0.23685324633310792,0.44172114804166834
id03280,0.05438690157564361,0.024537171084549007,0.9210759273398075
id14997,0.31834976291668776,0.04940884069681788,0.6322413963864943
id21964,0.03973541848353209,0.019002539394291414,0.9412620421221765
id20963,0.03899793626803987,0.018828921099748572,0.9421731426322116
id08635,0.3868820995635825,0.23470239155323142,0.3784155088831861
id16390,0.2377732323962746,0.3162313847112699,0.44599538289245555
id16486,0.8429397312618985,0.06850963274951502,0.08855063598858655
id14367,0.07241742705385629,0.8145430176107985,0.11303955533534531
id10560,0.918912650976282,0.038370357297075115,0.04271699172664286
id14106,0.2873686690635087,0.14382117496265756,0.5688101559738337
id09668,0.9101377228281773,0.04447871673405187,0.04538356043777081
id18250,0.9066619992585901,0.04618286637926914,0.04715513436214073
id26648,0.45506866452501,0.08550050731044857,0.45943082816454134
id27314,0.6646094018895391,0.0651543466883603,0.2702362514221006
id04581,0.09612659834123605,0.08181846689719392,0.8220549347615701
id06405,0.5392734160887074,0.3440532097515235,0.11667337415976922
id17908,0.06484630888107354,0.027400420129179388,0.9077532709897471
id07217,0.45798045221997796,0.10045612420884874,0.4415634235711733
id17285,0.8911781293990552,0.04832562078086074,0.06049624982008417
id19589,0.8637729740227196,0.0652093984497996,0.07101762752748075
id15916,0.8571150298235443,0.058135612844197035,0.08474935733225877
id26239,0.8514706920490666,0.052166027988325765,0.09636327996260777
id20163,0.9202008014472791,0.036571403680788435,0.04322779487193257
id22845,0.19677947907806195,0.6597167704810646,0.1435037504408735
id11509,0.6806138552028022,0.11005235754436973,0.20933378725282814
id26789,0.8449790717485308,0.08796893203130658,0.0670519962201625
id24679,0.8747011165781448,0.06594204586189072,0.05935683755996465
id19832,0.8686512952654848,0.049217486834686026,0.08213121789982908
id11724,0.7548304931360357,0.08153856207859395,0.16363094478537024
id01539,0.7876917910762655,0.07640421773660723,0.13590399118712732
id22039,0.7856029291670806,0.10706041438514331,0.10733665644777617
id07621,0.04985128726514565,0.02132956065362953,0.9288191520812248
id16398,0.04555017908573088,0.929758524573811,0.024691296340457983
id15932,0.642068298711355,0.23679037279846693,0.1211413284901782
id17054,0.0297906200157097,0.9541073542968107,0.016102025687479656
id23487,0.06240745108883321,0.030645038281488072,0.9069475106296788
id16099,0.07400423617540137,0.8769445414434297,0.049051222381168914
id25225,0.9112336203614403,0.03854209833900577,0.05022428129955393
id18173,0.6507076235208484,0.08265751126400622,0.2666348652151454
id24856,0.8302868708116323,0.053425393760358486,0.11628773542800927
id14760,0.06391191311637955,0.8701538259695449,0.06593426091407553
id25291,0.8333205067639812,0.10244922686030705,0.06423026637571189
id16267,0.863133790488154,0.04844451555617295,0.08842169395567309
id07922,0.04722762799276138,0.020903727881348203,0.9318686441258904
id20870,0.7641719747236702,0.08553054602138083,0.15029747925494905
id21780,0.8364201075259856,0.07448256292240236,0.08909732955161202
id21309,0.8687205767722048,0.0549913556656161,0.07628806756217915
id05849,0.8517898807746481,0.06584079342439139,0.08236932580096044
id16246,0.09457717324098694,0.11271525072458013,0.792707576034433
id25081,0.030694224798293916,0.9524013104439382,0.01690446475776782
id06468,0.15946056548985577,0.06785163001880971,0.7726878044913346
id13842,0.6910612821691402,0.16428521002732646,0.1446535078035334
id23976,0.19236728170289255,0.05067624177571668,0.7569564765213909
id25649,0.9149209222182975,0.039000546457053115,0.04607853132464948
id26815,0.03482848200155926,0.9456737320445108,0.019497785953929935
id09343,0.44476303168585274,0.3350171059270391,0.22021986238710806
id03120,0.04768115697867421,0.02403070462607198,0.9282881383952539
id16638,0.9151562329979599,0.03776769528124091,0.04707607172079916
id18625,0.04133300158017419,0.01948923528616562,0.9391777631336602
id01679,0.15570297360501806,0.05019412593675712,0.7941029004582248
id17137,0.05519663678458438,0.9181834046730969,0.026619958542318748
id14684,0.2125503280955722,0.059546662553196836,0.727903009351231
id01671,0.8361488064588979,0.08537408552033925,0.07847710802076288
id27271,0.679460071661951,0.07168973549559357,0.2488501928424554
id16321,0.9231091472185655,0.03622200660043842,0.04066884618099614
id07468,0.029935103474564018,0.9542660864262339,0.015798810099202164
id20777,0.0393294129266012,0.019092964357981277,0.9415776227154176
id26036,0.8087218836133248,0.06573642493982695,0.1255416914468484
id23135,0.04521883746176724,0.021173844861746317,0.9336073176764865
id07669,0.24360716453889486,0.3383883215351601,0.4180045139259451
id00142,0.02970084035367221,0.9546885047609076,0.015610654885420282
id12357,0.791453005794142,0.09845257688448886,0.1100944173213692
id08890,0.04747058385402103,0.027847552739046374,0.9246818634069326
id21379,0.03632040590180481,0.9449352902248277,0.018744303873367497
id12099,0.5946842975295639,0.07785456110686693,0.3274611413635692
id06503,0.4766278831189143,0.07130948901725236,0.4520626278638334
id14408,0.2993069595714846,0.5929078591306587,0.10778518129785677
id17370,0.856832225571805,0.07587957777338206,0.06728819665481296
id25432,0.91709821056466,0.03888935902304686,0.04401243041229318
id10132,0.8803028079744197,0.05524016129889055,0.06445703072668969
id27069,0.03433596805537881,0.9448050188336176,0.02085901311100357
id11515,0.8135220385139866,0.1070129113442497,0.07946505014176374
id01323,0.9045723874478788,0.04493701688864093,0.05049059566348028
id22520,0.04052575400259496,0.01987485714385842,0.9395993888535467
id03293,0.04043098119031762,0.019016894628960352,0.940552124180722
id19708,0.15782603961440614,0.20772286868224327,0.6344510917033507
id22346,0.6347735617254644,0.10217591407272451,0.2630505242018112
id27744,0.9189709783293939,0.037537576456598894,0.04349144521400723
id04004,0.4196498678075979,0.06462748177741559,0.5157226504149865
id09476,0.9137950638511649,0.04140557274471793,0.044799363404117276
id01582,0.19659609320810525,0.1284644720319927,0.6749394347599021
id23782,0.3061218269152469,0.10904047945938185,0.5848376936253713
id03403,0.03966876292502467,0.01960441113451915,0.9407268259404562
id11119,0.09893024896705685,0.5803407148771474,0.3207290361557957
id16681,0.6385345717975965,0.27743598105753997,0.08402944714486339
id16399,0.9238817020646714,0.03576730268566168,0.04035099524966697
id22630,0.673558260395771,0.11670765499549067,0.20973408460873832
id27950,0.6616522963960906,0.2495870191115487,0.08876068449236076
id00046,0.7622226878118085,0.0794385424104932,0.15833876977769834
id25556,0.07007714576592429,0.03134928709420264,0.8985735671398731
id16039,0.8896673535485217,0.04481955260786599,0.06551309384361235
id09110,0.9175374399230877,0.037664895659776605,0.04479766441713584
id19881,0.8708757160668156,0.05288475252558232,0.07623953140760208
id21735,0.8934710365691061,0.04917645461402583,0.05735250881686809
id02023,0.8249550256597532,0.08191834870734889,0.09312662563289796
id01230,0.030572922945885705,0.952986418511746,0.01644065854236811
id14916,0.0524157640727907,0.03104218701785389,0.9165420489093554
id04944,0.43259572800505924,0.10628768072325642,0.4611165912716842
id04349,0.49780922755919144,0.2076909547961246,0.29449981764468397
id22580,0.0705308803364979,0.0589329401877507,0.8705361794757513
id00343,0.3548348833687659,0.5718983821960527,0.07326673443518128
id14218,0.03220596586585507,0.9496192961675165,0.018174737966628395
id10546,0.9213373964741214,0.03689874475350949,0.041763858772369045
id05627,0.0954150820166676,0.03418717270558051,0.8703977452777519
id13735,0.040755091515033516,0.9366500384165475,0.022594870068418982
id01525,0.11478391160576426,0.049481542862658136,0.8357345455315776
id25242,0.7037911049912323,0.06718839784469606,0.22902049716407155
id17077,0.7942220757088518,0.06068207842774419,0.14509584586340396
id05672,0.8594366736421034,0.07726938020393181,0.06329394615396482
id22404,0.4395221678685698,0.441116915904908,0.11936091622652228
id25704,0.13794410587033434,0.050137580179090147,0.8119183139505756
id00903,0.8267114354284839,0.10613782715210232,0.06715073741941378
id15496,0.9090104245749684,0.0457744650106612,0.0452151104143705
id09903,0.5288902775440507,0.07331408483366655,0.3977956376222828
id03419,0.9058326891473989,0.04525140722329572,0.04891590362930548
id06647,0.5930867547095962,0.30087469188130944,0.10603855340909447
id16700,0.040539959614796776,0.9336270992582394,0.025832941126963938
id08983,0.8338071296932749,0.09199834236703734,0.07419452793968774
id20782,0.6859501868185992,0.11360178780060501,0.20044802538079573
id24494,0.8836614981481667,0.06271464385768727,0.05362385799414591
id10495,0.62217400586052,0.23252554466449832,0.1453004494749818
id21262,0.7584584132413718,0.056760058490070216,0.18478152826855804
id25689,0.056832430746415724,0.03994860533693398,0.9032189639166504
id03705,0.07774553042617971,0.8744729101072377,0.047781559466582676
id01187,0.8941204646303861,0.05197178564933891,0.05390774972027496
id24649,0.7268686163491828,0.09839652648504803,0.17473485716576928
id12629,0.046447350766212016,0.02238329890002332,0.9311693503337647
id15211,0.034108033998268165,0.9458616974355265,0.02003026856620534
id13170,0.4295348666220393,0.16105813459045654,0.40940699878750414
id14801,0.09218081734694468,0.8496544285434516,0.05816475410960371
id18525,0.8747177680851691,0.06386216437377862,0.061420067541052344
id21963,0.9049373188124037,0.04869467428912042,0.04636800689847577
id23746,0.045178525906392195,0.02152614080846033,0.9332953332851475
id18216,0.5864375775624171,0.2523442450034072,0.16121817743417569
id16493,0.053821357284824116,0.02228362532201579,0.9238950173931602
id12987,0.30765747717772657,0.3985216100920346,0.29382091273023886
id04814,0.9076614778298314,0.04377519733602436,0.04856332483414428
id18602,0.17799965582338095,0.05382988293525,0.768170461241369
id23173,0.03118207720717297,0.9520426712382976,0.016775251554529563
id21165,0.143817352278501,0.09256987161069921,0.7636127761107998
id26123,0.915271756542725,0.03747971235710634,0.04724853110016865
id22608,0.050795156410060376,0.022312353374892634,0.9268924902150469
id21139,0.9173661238075201,0.03674749021977029,0.045886385972709644
id21853,0.09704776640455884,0.8502753418166016,0.05267689177883967
id24128,0.8965985098609446,0.0541649425700471,0.04923654756900819
id15666,0.8785717708953711,0.06164423547616603,0.05978399362846287
id11552,0.06423314360819027,0.9060935199441,0.029673336447709798
id17621,0.045456540684716995,0.02265603716178406,0.931887422153499
id20001,0.4221648709249292,0.4045179303573968,0.17331719871767406
id14166,0.0404017771002564,0.9381866031033158,0.021411619796427757
id24108,0.3648408996197198,0.5530682483615724,0.08209085201870786
id19871,0.09736959765082695,0.8136915017021449,0.0889389006470281
id22361,0.6073385373256546,0.10046300252769913,0.2921984601466464
id21065,0.04810389954278688,0.02333381678367456,0.9285622836735385
id20749,0.9198940003987551,0.038463143152314604,0.04164285644893023
id20898,0.029885429567516643,0.9543835153679329,0.01573105506455049
id10398,0.07385328047515322,0.05238633754723209,0.8737603819776146
id03578,0.38699669497110867,0.1111667703511881,0.5018365346777033
id25932,0.36203071557641864,0.10298938429925758,0.5349799001243238
id11133,0.07564903199304766,0.0448466217318319,0.8795043462751204
id15794,0.03128099848857063,0.9512045203199344,0.017514481191495023
id24479,0.8404107331239478,0.09624674791241357,0.06334251896363857
id09563,0.047675757911001,0.9281559377519586,0.024168304337040473
id11279,0.047937908674922924,0.9220405195658006,0.030021571759276524
id26680,0.41430880218609106,0.21808643184038928,0.3676047659735196
id20529,0.8838320931878835,0.04429225044410375,0.07187565636801285
id11761,0.8598563345988371,0.06055771392732209,0.07958595147384065
id02337,0.030032342845999458,0.9537545198258074,0.016213137328193208
id04890,0.040926987696966996,0.020399009136324673,0.9386740031667083
id15707,0.03949324163904563,0.01932457887541259,0.9411821794855418
id26204,0.12688257537878664,0.5587891707163286,0.31432825390488484
id15611,0.9154741265077844,0.04095496301292133,0.04357091047929429
id17714,0.36438915233157054,0.12337299893299193,0.5122378487354375
id15392,0.9169359902468371,0.03698354135106367,0.04608046840209922
id14685,0.06795846946917253,0.8737342282060494,0.058307302324778106
id02508,0.8536844761166362,0.050277927188871405,0.09603759669449244
id12406,0.8971860383729346,0.04987864435199294,0.0529353172750725
id24096,0.02981480335194722,0.9544935918393542,0.01569160480869854
id19837,0.917607851646618,0.03870436609111645,0.043687782262265454
id25565,0.05523063914520532,0.024051279154929155,0.9207180816998656
id27598,0.9206986401172211,0.03700267892329057,0.04229868095948833
id26085,0.8583880744499172,0.056852950422243954,0.08475897512783895
id17400,0.04348634864662229,0.021558415621679868,0.9349552357316978
id04501,0.9115393632013119,0.03848235420664365,0.049978282592044426
id02468,0.08797198079953977,0.041115423053092404,0.8709125961473678
id07394,0.8033162088773602,0.0831390249431906,0.11354476617944917
id18917,0.04090265953337516,0.9380851518831521,0.021012188583472834
id14083,0.7646576781398899,0.11431844038323659,0.12102388147687357
id22675,0.28942439913842805,0.05481167426502168,0.6557639265965503
id27343,0.048249247233111074,0.02361509066470268,0.9281356621021863
id23206,0.09811910557484467,0.5661587671375989,0.33572212728755635
id11105,0.030179444644095367,0.9538496690826419,0.01597088627326274
id21017,0.05271617182224637,0.022819423947438824,0.9244644042303148
id13716,0.19082788097102263,0.6743176472242436,0.13485447180473392
id00352,0.07601841295855462,0.7985070165589514,0.125474570482494
id12173,0.05270626233460009,0.023928108076990057,0.9233656295884098
id15008,0.7086526413595331,0.16231938753591074,0.1290279711045561
id23347,0.0991229860210507,0.038328647022123415,0.8625483669568259
id23939,0.056119752745866495,0.024589731021975814,0.9192905162321576
id12090,0.8601622768395429,0.06902199917707408,0.07081572398338301
id08307,0.21340215689032754,0.7273629499067159,0.059234893202956614
id21316,0.18860362979732015,0.1619472344626983,0.6494491357399815
id16457,0.24843324468363062,0.0506866296584107,0.7008801256579587
id23808,0.051921651645333036,0.026312757906759274,0.9217655904479077
id12826,0.37471901246139894,0.5383314114732382,0.08694957606536285
id16819,0.13049192636051063,0.04980602783678798,0.8197020458027013
id15128,0.7192875206475647,0.20202294848101243,0.07868953087142289
id14953,0.05421756222577284,0.9188706140592999,0.02691182371492733
id04083,0.7652661354796415,0.06428385221213288,0.17045001230822573
id00773,0.030554200447991477,0.9525960034025059,0.016849796149502567
id24585,0.05650553096795687,0.02464781391025152,0.9188466551217916
id01362,0.04827418323829928,0.02236504418834269,0.9293607725733579
id04514,0.5650086330073751,0.26189087296308977,0.17310049402953523
id19075,0.9224059835109057,0.03569639624302769,0.041897620246066615
id06283,0.6490992688065111,0.2632307840087209,0.087669947184768
id19848,0.029938568540188056,0.9543207854265888,0.01574064603322307
id02566,0.32711227770813683,0.21319981306122301,0.4596879092306401
id26973,0.5190993663578548,0.06810800061686977,0.41279263302527547
id09333,0.04417575817371433,0.019970999385028096,0.9358532424412577
id21745,0.0971784079568212,0.06407238941976647,0.8387492026234123
id27167,0.04771702284896097,0.9271237897808765,0.02515918737016256
id08481,0.20060460823191703,0.4882318535614634,0.3111635382066195
id19456,0.14225785242529776,0.8104191834215543,0.047322964153147976
id01495,0.130514577522757,0.8045297327820687,0.0649556896951743
id15069,0.2277091650115452,0.09846144961891024,0.6738293853695445
id18174,0.04338741350721654,0.020390501127582273,0.9362220853652012
id14450,0.06973622930988482,0.811953362216009,0.11831040847410623
id04149,0.04629481525724798,0.9297418542792656,0.023963330463486435
id10972,0.04343142677929872,0.019887217784033462,0.9366813554366679
id05547,0.055324447311600924,0.9036247211682161,0.04105083152018305
id17670,0.11909592188321445,0.8269772052458797,0.05392687287090592
id04740,0.2144962906887157,0.13543488590661332,0.650068823404671
id24842,0.04892633001509958,0.023150160175917082,0.9279235098089834
id26895,0.2344676964210433,0.04839565970956177,0.7171366438693949
id15591,0.5492090961839473,0.08683497693111071,0.3639559268849419
id20895,0.317535249289526,0.6088257888389438,0.07363896187153024
id11532,0.17865011771882386,0.10757577990201135,0.7137741023791647
id16516,0.1109409612953539,0.043142467062759086,0.845916571641887
id14940,0.1832033332551878,0.744039896114273,0.07275677063053915
id17152,0.857304194717363,0.08397031644637361,0.05872548883626331
id12870,0.13123031280243858,0.7607267608561955,0.10804292634136592
id17405,0.8339195685813457,0.09495259334733118,0.07112783807132295
id22274,0.08576151168678264,0.879642968029867,0.03459552028335048
id08337,0.27837118803231986,0.09093102253411665,0.6306977894335635
id19549,0.5792726762575857,0.08078383659317379,0.33994348714924055
id19195,0.8605717948175636,0.05851347520227596,0.08091472998016044
id11564,0.8922061961318251,0.05645154672972891,0.051342257138446146
id26771,0.4089318026723946,0.2716283820110477,0.3194398153165577
id24955,0.6822388959305168,0.23852429500835073,0.07923680906113255
id22140,0.8546918766021726,0.07375087813694933,0.07155724526087802
id19920,0.6959296353116952,0.06808969720326039,0.23598066748504448
id09807,0.07478212055488244,0.1212108392747754,0.8040070401703422
id27426,0.7740672795982302,0.11375205875949707,0.11218066164227285
id22006,0.9123041405847422,0.03833297615018444,0.049362883265073494
id10604,0.8299551574738946,0.07220140338621368,0.09784343913989156
id11017,0.15816567930103415,0.7534122915781355,0.08842202912083043
id14335,0.044250605948110006,0.020475223465967477,0.9352741705859225
id08707,0.8069941265382621,0.0788248304306143,0.11418104303112364
id15869,0.048687080323545795,0.0241848086322507,0.9271281110442036
id20593,0.24090437344448193,0.6714181760680608,0.08767745048745738
id07428,0.6333763726906003,0.2872394587931739,0.07938416851622582
id11527,0.11597525314533276,0.03934084087313241,0.8446839059815349
id14901,0.8401519203460986,0.054126825854078596,0.10572125379982276
id19733,0.9144138439599799,0.037605365777623696,0.04798079026239641
id24677,0.04516988712682425,0.9283249315905917,0.02650518128258395
id26656,0.04228744259578775,0.019704026019709053,0.9380085313845032
id11707,0.9210538592306681,0.03750699566652365,0.041439145102808196
id26218,0.062190484901432065,0.905625712085647,0.03218380301292092
id19262,0.057768709559569316,0.037722236829129493,0.9045090536113012
id24905,0.37815733202927376,0.43608111707910463,0.18576155089162166
id09170,0.903482114230667,0.042785484438147406,0.05373240133118549
id05772,0.09152650669549103,0.03818252925786279,0.8702909640466462
id25405,0.17740757474769173,0.05951438403385598,0.7630780412184524
id18491,0.04512432686067635,0.020892737909654152,0.9339829352296695
id07780,0.5274035276258606,0.102820556176787,0.3697759161973524
id01689,0.8887870435600759,0.046836476459727154,0.06437647998019706
id17498,0.03929198563581976,0.019270829981120785,0.9414371843830593
id19964,0.898402264277297,0.052590366353073126,0.04900736936962995
id14525,0.051899002248130315,0.023063830943186456,0.9250371668086832
id26363,0.0912891687016287,0.03662518141432262,0.8720856498840487
id07108,0.11723057253606926,0.11114839740758012,0.7716210300563506
id11692,0.9047532042316069,0.041141483713407465,0.0541053120549856
id10891,0.06118894640405799,0.0401051556916097,0.8987058979043323
id16743,0.0850606068024988,0.045250661497707505,0.8696887316997938
id11556,0.9064106677481067,0.04514843737080561,0.04844089488108756
id09116,0.07747604280079377,0.8757442527266834,0.04677970447252272
id24015,0.25105120356915445,0.08135504648813936,0.6675937499427063
id00347,0.6065547775050977,0.09596068511402497,0.2974845373808774
id06284,0.1022173001124981,0.07210895578979257,0.8256737440977094
id18794,0.03001883694646583,0.9536195833366402,0.01636157971689408
id10702,0.029666817808816862,0.9543819311117445,0.015951251079438646
id19239,0.23286396159451161,0.04905427005980296,0.7180817683456854
id26016,0.8181674104065356,0.06408065185822492,0.11775193773523954
id26227,0.3392544491335561,0.16739181049326193,0.49335374037318186
id05367,0.7597913820672667,0.08144348684204748,0.15876513109068585
id09568,0.07013918863814628,0.03143094216258843,0.8984298691992653
id04660,0.8866848689129653,0.05254008516895951,0.060775045918075275
id04744,0.9059454151165717,0.04404304154032485,0.05001154334310358
id07251,0.5731382457067232,0.2823458215050042,0.14451593278827263
id25977,0.08310571433039197,0.8599893060131243,0.05690497965648381
id06244,0.04532021571310777,0.020650412385754466,0.9340293719011378
id24560,0.2812241450448918,0.650424396229597,0.06835145872551132
id05091,0.8445867247184414,0.055971942346039465,0.09944133293551911
id27248,0.9034664760390174,0.04602300758620088,0.05051051637478161
id12528,0.19993686183321188,0.6772412950695968,0.12282184309719134
id27322,0.9159212619241374,0.03878620836038169,0.04529252971548093
id27213,0.0652286668723366,0.024657780164412047,0.9101135529632515
id18588,0.9159145338374577,0.03854789502698899,0.045537571135553234
id14485,0.12581345095499444,0.19183816222658817,0.6823483868184174
id27475,0.6437885484558111,0.1397571939817878,0.2164542575624012
id02280,0.3271762557313458,0.23772208233542183,0.43510166193323246
id24083,0.07460243875109102,0.8761667384808566,0.049230822768052275
id02321,0.049819074009976316,0.022257076288692494,0.9279238497013312
id10299,0.04171269117180399,0.019714996280814273,0.9385723125473817
id27680,0.9186495052975177,0.037752140053737955,0.04359835464874444
id17607,0.042484888644797957,0.021038913926243664,0.9364761974289585
id06661,0.1557622077265751,0.0491085693024145,0.7951292229710104
id23860,0.8798828522558326,0.04395429981975129,0.07616284792441613
id26850,0.02967416140786521,0.9544285358641641,0.01589730272797072
id16484,0.8124013645413765,0.06380408162864881,0.12379455382997474
id15302,0.6921519688717949,0.08053827871268332,0.22730975241552173
id21138,0.8913793065095852,0.05167313248221742,0.05694756100819731
id02525,0.3067000808259057,0.42161789560142793,0.27168202357266635
id12608,0.03115592196377684,0.9525074542151606,0.016336623821062643
id23863,0.4522037845472371,0.09852069779622724,0.4492755176565357
id01755,0.7886848360185215,0.06450021177280592,0.14681495220867255
id10567,0.8953889160297464,0.044870676380799626,0.059740407589454016
id08445,0.8430189342834965,0.08054138101158732,0.07643968470491613
id18146,0.04013893579019329,0.01944291975316538,0.9404181444566413
id22263,0.6041241995653158,0.08720478183894921,0.3086710185957349
id13537,0.04319316114005962,0.02057007799575134,0.936236760864189
id19985,0.8780278670775118,0.04769035743008616,0.07428177549240211
id08053,0.20233245445347067,0.06147615791328346,0.7361913876332459
id18959,0.02976744083290341,0.9543243938968133,0.015908165270283225
id06641,0.03346485333707362,0.9489408610795395,0.01759428558338693
id27291,0.03025818131775406,0.9533737905358148,0.01636802814643117
id16124,0.1724837260329404,0.05200189578952911,0.7755143781775306
id18221,0.06357891089553076,0.024396844071431438,0.9120242450330378
id25670,0.9177086166514208,0.03967858653762021,0.04261279681095905
id18472,0.9095107186203838,0.04170440086081501,0.048784880518801046
id10302,0.11616199920385566,0.03381843679620662,0.8500195639999377
id07721,0.08291248648355361,0.8820014177361918,0.035086095780254595
id22148,0.05841871455509428,0.025709984087759086,0.9158713013571467
id04724,0.029906468124562446,0.9542296719227276,0.015863859952710023
id03980,0.5595056845711943,0.3565463617515551,0.08394795367725055
id11982,0.5018144309568818,0.4094974660989764,0.0886881029441418
id05566,0.030066273008718225,0.9539508565193457,0.015982870471936115
id13235,0.1169552903390105,0.8280532684817846,0.05499144117920492
id24524,0.8840270982040278,0.0551019722021443,0.06087092959382792
id26783,0.04536824023679638,0.02054316842949285,0.9340885913337108
id02220,0.4095334879347141,0.1646338699968628,0.4258326420684231
id17163,0.8407466512153436,0.07339941902803954,0.08585392975661675
id21903,0.6431327525550781,0.21681230836827176,0.1400549390766501
id13350,0.03963800388645946,0.01896889736200093,0.9413930987515396
id07036,0.19346411173843753,0.06023343273852915,0.7463024555230333
id09150,0.8967096773361042,0.05361967610440426,0.04967064655949165
id22042,0.0470620862591838,0.02107667389189522,0.931861239848921
id19562,0.8538855373569327,0.05662753737336974,0.08948692526969755
id05125,0.9098937776901272,0.042203505472785216,0.04790271683708763
id19462,0.9221108733872261,0.03594518581166456,0.0419439408011093
id02265,0.21400361696187198,0.7235494157748282,0.062446967263299756
id11769,0.7697985982796673,0.15004440296622004,0.08015699875411268
id19021,0.7421936708883811,0.07122861771858773,0.1865777113930313
id06166,0.9183742167060104,0.039201240346561306,0.042424542947428215
id26800,0.8232270748230667,0.08870755354334078,0.08806537163359247
id21422,0.04618877895414247,0.02085388919896361,0.9329573318468939
id13116,0.040246061780569005,0.939755585501666,0.019998352717765008
id05996,0.7403123768246417,0.1314500114810804,0.12823761169427791
id23318,0.9112258526216175,0.04386731599891781,0.04490683137946468
id20725,0.04720740985757573,0.025842188615867276,0.9269504015265569
id09210,0.9138024077732287,0.04005397651289802,0.046143615713873376
id25842,0.22644676522679635,0.1420351673107733,0.6315180674624304
id00767,0.6030079268273467,0.07130868448582833,0.3256833886868249
id05036,0.3262371055668955,0.2562805555607425,0.417482338872362
id14853,0.11184009290183139,0.04286320150832408,0.8452967055898446
id16946,0.06758915848851843,0.03078621797147561,0.9016246235400059
id26804,0.7834067841746116,0.13331626322543677,0.08327695259995158
id24061,0.06023514287382365,0.035551711736546004,0.9042131453896304
id19861,0.9082449573478241,0.04598182148385877,0.04577322116831716
id18210,0.9145673405790457,0.0382205083317198,0.04721215108923447
id24313,0.19439715638676136,0.043141665428230905,0.7624611781850078
id15960,0.7778384240439649,0.056878578183244884,0.1652829977727902
id14037,0.9239292977300338,0.03525846097341257,0.04081224129655362
id17785,0.22548552337417768,0.270760598649458,0.5037538779763644
id19362,0.6674409046104275,0.06378033264070536,0.2687787627488671
id10372,0.9227464261463503,0.0361384188706375,0.04111515498301227
id03061,0.913874816459147,0.04024651389748594,0.04587866964336708
id27583,0.042591608103831766,0.02049352305126489,0.9369148688449034
id22055,0.9208869905337056,0.0361952392715596,0.04291777019473478
id07920,0.03416159535233556,0.9480023620639508,0.01783604258371367
id16813,0.8545028262994342,0.0571702167642588,0.08832695693630695
id03088,0.2018582803495899,0.6238644919878465,0.1742772276625635
id03026,0.06808215265444274,0.8746703501978714,0.05724749714768586
id09934,0.8643995081396697,0.07689824242768288,0.05870224943264747
id21452,0.8705401554478078,0.046909584608289825,0.08255025994390242
id05576,0.0990432787909815,0.6935451852045671,0.20741153600445136
id22391,0.041263325357092116,0.019612576103317857,0.93912409853959
id10554,0.3836223814297824,0.06279922534251495,0.5535783932277027
id03291,0.16167782777578707,0.04555217116025634,0.7927700010639566
id23280,0.8261114377557123,0.08706272949003904,0.08682583275424874
id17777,0.03885122646072798,0.018743603349303636,0.9424051701899684
id24574,0.09543156262561373,0.7866920492619759,0.11787638811241025
id05459,0.0832173941368623,0.8787737690513449,0.038008836811792866
id02724,0.1595908581422524,0.04268559397527597,0.7977235478824717
id27678,0.6130437337745684,0.20504203758737954,0.181914228638052
id21722,0.02971437193148669,0.9539636322941185,0.01632199577439468
id18139,0.872692007001103,0.06055127524954974,0.06675671774934733
id16264,0.030314690931777643,0.9536943370562626,0.01599097201195978
id14537,0.4866005408573632,0.2109736539745359,0.30242580516810097
id18814,0.9103545185425643,0.04166919140233355,0.0479762900551022
id08331,0.8488649453390157,0.08794819279134325,0.06318686186964109
id03963,0.8976582309210679,0.04823165658505698,0.0541101124938751
id07558,0.6262227855953263,0.0720872130923487,0.301690001312325
id26275,0.6572530907128102,0.091387830229926,0.2513590790572637
id26188,0.039175156586133915,0.9406286773576293,0.020196166056236777
id06789,0.4125803004125715,0.1496201777644293,0.43779952182299925
id21788,0.0746670655765539,0.8930278300104149,0.03230510441303128
id13972,0.8459313377783002,0.06066708364892296,0.09340157857277694
id08643,0.8864116866888287,0.04807383480921116,0.06551447850196013
id09642,0.04233332374474057,0.9294439857820577,0.02822269047320188
id14054,0.38004974029140876,0.3144784269439489,0.3054718327646424
id12216,0.1491996015052807,0.04176029428335632,0.809040104211363
id09211,0.21655603165757376,0.38235974823601115,0.40108422010641503
id16903,0.05126080429528482,0.9191083052793011,0.029630890425414096
id18976,0.04191904876664692,0.020172745553159694,0.9379082056801934
id01861,0.818992976909796,0.10780829312894002,0.07319872996126403
id22745,0.04901987007914481,0.9268566236845773,0.02412350623627787
id03560,0.905329460003157,0.04357129364148645,0.05109924635535656
id17799,0.9139876061112219,0.038074428623427435,0.047937965265350706
id12387,0.04209601597557621,0.9289197353086033,0.028984248715820476
id09450,0.680647715491065,0.0666477643942683,0.2527045201146668
id18088,0.07877563790904565,0.03263039188811297,0.8885939702028414
id21697,0.8757288707526036,0.06837589175919961,0.05589523748819675
id26128,0.02991868035655108,0.9538591105105834,0.016222209132865515
id27462,0.05413262164618559,0.025599349828887532,0.9202680285249268
id19394,0.9131156112277545,0.04225876445621313,0.04462562431603238
id19929,0.6857282944895174,0.23244852761188922,0.08182317789859336
id16056,0.08371824923092826,0.8325924159533281,0.08368933481574367
id08756,0.048039060349014104,0.022553383869335218,0.9294075557816506
id09203,0.03997553393149351,0.9351648645035594,0.024859601564946994
id14098,0.9208064915973353,0.03714118233024026,0.04205232607242445
id24641,0.7103366130966757,0.18334266845149022,0.10632071845183409
id24507,0.03279900284131122,0.9455326000402166,0.021668397118472262
id20161,0.7864467311147411,0.13960437372512136,0.07394889516013765
id11710,0.07231865351758074,0.028940155079670248,0.8987411914027491
id15751,0.16191112747990716,0.7818666191132996,0.05622225340679339
id06617,0.6053162218705792,0.10244858035743717,0.29223519777198353
id19131,0.5254498353408409,0.06117263281722521,0.41337753184193393
id02796,0.19692031695397347,0.08515853774654249,0.717921145299484
id15575,0.8077178801752795,0.11577528865069535,0.07650683117402529
id21828,0.7658782787827079,0.0678476992027423,0.1662740220145498
id15093,0.030350235020552816,0.9532735310782056,0.01637623390124166
id27867,0.38501920472421003,0.055645931840719,0.5593348634350709
id19315,0.08953984952294662,0.03578170917557883,0.8746784413014745
id19398,0.2054370616151546,0.7353609734121775,0.05920196497266799
id01572,0.291974422992181,0.6243342911809115,0.08369128582690748
id09781,0.6556320775788291,0.18838310316985366,0.15598481925131727
id19278,0.3242498272386466,0.2950215015190454,0.3807286712423081
id11852,0.34731127936235584,0.06640612044028081,0.5862826001973633
id07067,0.04220386159536971,0.020260536768665228,0.937535601635965
id08550,0.030194611822326654,0.9536582069519346,0.01614718122573881
id02634,0.8158122768369341,0.09877307174814384,0.08541465141492217
id02449,0.7688709136693316,0.08283652095511855,0.14829256537554994
id10359,0.6982120237252009,0.22606520831266885,0.07572276796213036
id00217,0.1364597067918985,0.7823776949739846,0.0811625982341169
id20848,0.03330456709541591,0.9491169528949117,0.01757848000967222
id20229,0.7937060024287765,0.12073694409148643,0.08555705347973687
id02211,0.055839182505806925,0.025264367405267198,0.918896450088926
id08435,0.30029061303837284,0.20557156747946148,0.49413781948216573
id23681,0.8792507491123264,0.053375771894406655,0.06737347899326689
id00571,0.45554127129156446,0.05821156798004879,0.4862471607283868
id16280,0.04456506935577306,0.020698743992477474,0.9347361866517494
id15022,0.5723532835976484,0.07206312144622844,0.3555835949561233
id08040,0.42473235601918574,0.11306378746382442,0.46220385651698986
id18087,0.8574490944202486,0.06613356925919905,0.07641733632055239
id11280,0.912620745000872,0.043297957921981656,0.044081297077146364
id21543,0.4171438178064211,0.5037783556704976,0.07907782652308133
id00245,0.441510223283157,0.11448125647751209,0.44400852023933096
id13745,0.039722917344294416,0.018898511680656926,0.9413785709750487
id15734,0.9160023058293435,0.040877503229019146,0.04312019094163737
id22572,0.05137969478528821,0.9203722849795682,0.028248020235143573
id12741,0.13061350359047308,0.04388908345870184,0.825497412950825
id16477,0.6980646676419198,0.15681168887391805,0.14512364348416223
id26261,0.042795759820981806,0.022532183134160562,0.9346720570448577
id15867,0.236071231233969,0.6233731487952215,0.14055561997080945
id10479,0.3811590448571089,0.5011205550369169,0.11772040010597418
id17736,0.04211979253784638,0.01956281308117794,0.9383173943809757
id17768,0.041475730698897074,0.020189518266100284,0.9383347510350026
id14172,0.6982208632529469,0.21793730948589365,0.08384182726115946
id01972,0.05587382834154041,0.025473188617217882,0.9186529830412418
id10962,0.7655033797358478,0.08111251338711652,0.1533841068770357
id16692,0.4134987521714528,0.37416855809265537,0.21233268973589176
id25471,0.029716358391806877,0.9544572113921133,0.01582643021607993
id05603,0.03256577389626325,0.9498308980783887,0.017603328025347986
id15340,0.6582172418596623,0.08163985797980682,0.2601429001605309
id22971,0.753307617892389,0.0857473812701612,0.16094500083744975
id06765,0.09312033768001088,0.8661307278031061,0.04074893451688315
id19864,0.8804266670774242,0.057011282736509676,0.0625620501860661
id15834,0.07291462497406286,0.8943285527599846,0.03275682226595259
id17395,0.12811491932322241,0.048942891862870194,0.8229421888139073
id02585,0.03782461849156485,0.9379283140248348,0.024247067483600344
id13154,0.8628398535515133,0.062138838175292505,0.0750213082731943
id12972,0.14281041390438232,0.7503590454135408,0.10683054068207681
id11103,0.8227598901989066,0.07240199257185394,0.10483811722923936
id26062,0.10327485785272222,0.03969992751582939,0.8570252146314484
id07339,0.9164437334903203,0.039481878693677606,0.04407438781600214
id06096,0.9197291512281114,0.03842644619919884,0.04184440257268967
id22945,0.0374399907085445,0.9433353414883591,0.01922466780309648
id10058,0.6552194576456613,0.08232293035755228,0.26245761199678647
id06435,0.8881790351014232,0.05991692417328545,0.051904040725291443
id12636,0.0727068335524408,0.0300839421594571,0.8972092242881021
id25423,0.03935810581328453,0.019137100608826205,0.9415047935778893
id12990,0.13710943992428584,0.15478837820590283,0.7081021818698113
id24106,0.04300153968419857,0.9172465490768926,0.039751911238908755
id14481,0.46059689892889344,0.45645670348264505,0.08294639758846155
id03617,0.34609968858284196,0.07581219478711322,0.5780881166300449
id26055,0.9209605016205137,0.03701652197887708,0.04202297640060922
id23712,0.9109900246217529,0.041566376720796015,0.047443598657451076
id19441,0.06424038511154086,0.9076546045244612,0.028105010363997925
id17042,0.4571876771307694,0.46293376365980726,0.0798785592094233
id09018,0.029845046594213824,0.9545390371181147,0.015615916287671394
id08879,0.032241326354391614,0.951072881728114,0.016685791917494374
id10841,0.19402065031258925,0.7475385928674557,0.058440756819955086
id04776,0.03350745222559156,0.9484741707602827,0.018018377014125744
id26526,0.038925554210186605,0.019108964599433762,0.9419654811903797
id14181,0.07925603737818407,0.8363497370245095,0.08439422559730632
id18396,0.17424142640874873,0.06261977563233667,0.7631387979589146
id05585,0.16089244636794042,0.7835901444967895,0.05551740913527003
id11546,0.3024266792493685,0.12511423058138832,0.5724590901692431
id08027,0.03074088766353338,0.9516768466605564,0.017582265675910255
id00659,0.17298921778800377,0.7491974799767575,0.07781330223523886
id10937,0.03086774245582423,0.9521397113856783,0.016992546158497438
id01898,0.4325764802780228,0.16897425413775452,0.3984492655842228
id23695,0.0408124380268047,0.01925280090367452,0.9399347610695208
id07856,0.2635638645015874,0.38942859250482426,0.3470075429935883
id25233,0.05762595235886061,0.02876657723910858,0.9136074704020308
id24052,0.1576979968675283,0.05833621248706815,0.7839657906454036
id01698,0.1413586550245033,0.8102920680074315,0.0483492769680652
id01356,0.035818586892467745,0.9443755989094834,0.019805814198048825
id10430,0.2950838142172951,0.6240078746512657,0.08090831113143916
id04778,0.04369101377174682,0.020719738579334974,0.9355892476489182
id24707,0.05804570549469582,0.9101362458721365,0.03181804863316783
id04539,0.04589646415418694,0.02212613340464911,0.931977402441164
id20011,0.6255282310067131,0.18283550896180947,0.19163626003147743
id09950,0.06992427281472206,0.8970070117864685,0.03306871539880951
id14397,0.898899226233515,0.04339374082151094,0.05770703294497396
id04457,0.030129287840011815,0.9534047725548928,0.016465939605095434
id19469,0.05261741122906301,0.9214561098627368,0.025926478908200126
id24230,0.3208312702590752,0.13421094831065045,0.5449577814302743
id16719,0.8978820390678204,0.05374786701029262,0.04837009392188705
id20183,0.029698859669515763,0.9545125674477848,0.015788572882699397
id24531,0.042793650660178886,0.019747216455344014,0.9374591328844771
id04934,0.45001581539538427,0.4045951991545528,0.14538898545006304
id17230,0.09232507034071005,0.04669589555956866,0.8609790340997213
id07561,0.9126267711411091,0.04128433959520095,0.04608888926368996
id12282,0.8573247152781853,0.08373044244311555,0.05894484227869917
id14992,0.7261047542294965,0.11049035627908156,0.163404889491422
id02934,0.43210319554807836,0.4555907399816781,0.11230606447024367
id00189,0.9135727434732739,0.04071739787953451,0.045709858647191536
id27941,0.03115785523519411,0.9523802136389304,0.01646193112587549
id14642,0.06819254935792514,0.051699300327101044,0.8801081503149738
id23445,0.9030712014440521,0.044129625173117,0.052799173382830966
id21603,0.04295606871991258,0.02051661558749714,0.9365273156925903
id21046,0.03421752033950525,0.9459995401894136,0.01978293947108124
id02264,0.09665275363520576,0.2562275365156385,0.6471197098491557
id00409,0.8876323536133157,0.05588761204905019,0.05648003433763406
id00351,0.31779285693584614,0.05908715851031563,0.6231199845538382
id14362,0.029890950292903683,0.9545100437099862,0.01559900599711017
id20757,0.812453393198475,0.1131528390651407,0.0743937677363844
id22764,0.9124422397199199,0.041769919235277994,0.045787841044802165
id19264,0.05743889522018436,0.04093640002743136,0.9016247047523843
id04506,0.09083856332270893,0.7591676804597304,0.14999375621756073
id18505,0.6075094257199938,0.3125504926039025,0.07994008167610377
id27354,0.26331083399141897,0.20464928465908638,0.5320398813494946
id22410,0.9032231230408161,0.04208233189112161,0.054694545068062345
id14241,0.029992223047920326,0.9540687506184738,0.01593902633360579
id18785,0.09078977668536174,0.8651220784495552,0.04408814486508309
id16649,0.8665941024131708,0.05918696135619751,0.07421893623063168
id16386,0.030145164300031772,0.9534313481398595,0.0164234875601087
id09051,0.06584854008990669,0.026288271798240937,0.9078631881118524
id22296,0.07065257773963528,0.8844111377146765,0.044936284545688175
id08584,0.8577454468560571,0.061160070954165605,0.08109448218977723
id22219,0.04986628069107673,0.02411326685515013,0.9260204524537732
id18790,0.03049223995780505,0.9536929370611443,0.015814822981050677
id10922,0.04798645102095132,0.02592475972417673,0.926088789254872
id15002,0.8660679075751294,0.07564791837786425,0.05828417404700642
id24862,0.03314915834278591,0.9479210968519088,0.018929744805305265
id25845,0.7030494291555257,0.08030626584571815,0.21664430499875612
id17586,0.8427043646623276,0.08334423096368848,0.07395140437398394
id09390,0.03972405635141416,0.01905595158270292,0.9412199920658829
id20069,0.8720687394118716,0.06413540198050953,0.06379585860761904
id05953,0.043227820862148394,0.929163123900011,0.02760905523784069
id15583,0.03014677689159452,0.9540588442803247,0.015794378828080723
id03482,0.45524073564376766,0.08198470687230507,0.4627745574839272
id06243,0.12444359543788917,0.8062679155453368,0.06928848901677402
id01116,0.04498220966006549,0.02460789072182857,0.9304098996181059
id17530,0.031654048117689224,0.9501502936855005,0.018195658196810207
id07552,0.10347239586314637,0.04068519189314634,0.8558424122437074
id03131,0.03069389498337937,0.9533360133538691,0.015970091662751488
id23142,0.04091870501215657,0.020295950054970317,0.9387853449328731
id05540,0.40534208796592786,0.17130246922095918,0.423355442813113
id06292,0.036060594729735544,0.9450218422767898,0.018917562993474746
id26506,0.4428448090188281,0.45346430324618936,0.1036908877349826
id19068,0.04954144972441783,0.02290368545263626,0.9275548648229459
id21782,0.0716455971637115,0.030981377913795752,0.8973730249224927
id24563,0.03173157676540791,0.9511056095116582,0.017162813722933906
id21986,0.23215441373137924,0.6255664615599984,0.14227912470862242
id04967,0.0978251195649138,0.03810011644527947,0.8640747639898068
id11760,0.6027932791125229,0.06503402962176107,0.3321726912657161
id02483,0.8517356980651293,0.08038985471116797,0.06787444722370267
id15791,0.27869633902829793,0.050476546805995864,0.6708271141657062
id14256,0.042890011360542435,0.021292805578369538,0.9358171830610881
id18328,0.9085575262083111,0.03928318758208873,0.05215928620960023
id06213,0.02985591511861611,0.9541991689493544,0.01594491593202957
id00772,0.6657506350327779,0.17151324560606918,0.162736119361153
id01113,0.9089083368048139,0.04011320850266284,0.0509784546925233
id03972,0.7830238782096287,0.14949825920637488,0.0674778625839965
id25386,0.38705481211646864,0.23199882534491045,0.38094636253862074
id09156,0.30532903281533996,0.28182421204996244,0.4128467551346976
id22624,0.23421014055107894,0.06385557034300486,0.7019342891059163
id17789,0.03069853518245951,0.9517651856817589,0.017536279135781565
id09039,0.04037034165243995,0.9395693601134706,0.020060298234089547
id20538,0.4037686967770801,0.07869347450315614,0.5175378287197637
id05501,0.12678243660985683,0.03726178382120092,0.8359557795689423
id27641,0.5666892732506494,0.11413859779882646,0.3191721289505242
id05965,0.051412038885331864,0.025145767780923284,0.9234421933337449
id23431,0.6608785562580503,0.1904521901754193,0.14866925356653035
id13075,0.05410962897504805,0.024830773928785507,0.9210595970961665
id26190,0.06086456143794933,0.02442727850071265,0.914708160061338
id12196,0.914451921035445,0.03784418252517057,0.04770389643938445
id21318,0.0357670706372465,0.9443576317258593,0.019875297636894135
id11277,0.11507392900890784,0.18718638303570914,0.6977396879553831
id07193,0.8917522114553981,0.046418898827739835,0.06182888971686196
id17105,0.24453740969578472,0.3847032962764543,0.37075929402776103
id18263,0.8840183616935872,0.05306417518454132,0.06291746312187152
id22875,0.6027219901204529,0.27345503720574177,0.12382297267380542
id07157,0.043481153259305357,0.019803876971279066,0.9367149697694156
id15051,0.19277271516537553,0.07615456860156833,0.7310727162330561
id08871,0.2583968916141936,0.20668547818481192,0.5349176302009945
id17036,0.041972103494587014,0.02017859094729864,0.9378493055581143
id02783,0.0782805678637872,0.5993754210001391,0.32234401113607375
id26418,0.9046885147817542,0.04202312297512415,0.05328836224312172
id15748,0.9160938918676395,0.04000343503077875,0.04390267310158183
id00820,0.030339609074326042,0.9532529917600338,0.016407399165640237
id27695,0.1395383937621481,0.7931895604720289,0.06727204576582306
id27286,0.14766571036299903,0.8019390989245132,0.050395190712487666
id11680,0.1084376405341765,0.44776410593307936,0.44379825353274416
id01070,0.07172148969166252,0.04128714610119819,0.8869913642071393
id18486,0.06025842078515028,0.028287801302255906,0.9114537779125939
id12389,0.053462916972931894,0.9205746688723665,0.025962414154701522
id12544,0.24051610948362423,0.6847344438093057,0.07474944670707005
id04692,0.7766308705630885,0.14840752873958532,0.07496160069732621
id17342,0.7594875581157464,0.10246257908938923,0.1380498627948643
id09640,0.28174113070132384,0.5087271792073578,0.2095316900913185
id24300,0.04032999564258681,0.019588320089681813,0.9400816842677314
id13725,0.34131956064257934,0.075271536934069,0.5834089024233516
id22633,0.8958052502312738,0.04839192263595865,0.055802827132767616
id16653,0.8470861159458962,0.06622343671196605,0.08669044734213772
id00184,0.4309373034270094,0.17060123089727866,0.3984614656757118
id23872,0.9183193795769404,0.03711272992397363,0.04456789049908592
id05095,0.7298778376416862,0.10627989420885607,0.1638422681494578
id05757,0.07761942835844768,0.03719537441904599,0.8851851972225063
id26883,0.9115224742218953,0.0402339375763834,0.04824358820172139
id01868,0.6340302296184311,0.07945207501839151,0.2865176953631774
id13053,0.044008146734987603,0.020041778667404062,0.9359500745976084
id24443,0.8573752924824493,0.06205552537335951,0.0805691821441913
id12795,0.053798975786180814,0.9212656343671323,0.024935389846686966
id05298,0.043164203676227975,0.02057923289400179,0.9362565634297703
id07560,0.2624007284305449,0.05506480599759504,0.68253446557186
id10281,0.3884835701490008,0.06482303476703793,0.5466933950839613
id07254,0.1226192327400068,0.04004184863120835,0.837338918628785
id00837,0.16571351013464616,0.30608639285858236,0.5282000970067715
id04534,0.10163735824143923,0.09964872469098116,0.7987139170675797
id16716,0.46093901171424523,0.12941933866464647,0.4096416496211084
id04057,0.2167992830024086,0.10069316518134819,0.6825075518162432
id14988,0.3318594391708636,0.07931096379142517,0.5888295970377112
id05353,0.4600443397103885,0.09848703610381301,0.4414686241857984
id21250,0.8219912736301863,0.1040416988434935,0.07396702752632021
id25963,0.12281778864310874,0.8243958648678804,0.05278634648901071
id10370,0.04737307377690628,0.023908533491793792,0.9287183927313
id26934,0.8401208924709513,0.08312297489920793,0.07675613262984081
id07649,0.22286853531413706,0.1349784037266248,0.6421530609592381
id21169,0.8951278790065004,0.055377620085981676,0.04949450090751792
id25824,0.9193446951457626,0.03717419788569512,0.04348110696854237
id01154,0.1191958292687968,0.8356971018423869,0.04510706888881632
id02523,0.8772249624364682,0.058568349297226895,0.06420668826630482
id07677,0.9144062337309362,0.03930306697366801,0.04629069929539565
id24447,0.03938631275622999,0.0189502220373745,0.9416634652063955
id23036,0.046401424682422525,0.020624868163480845,0.9329737071540967
id05424,0.7591701632565543,0.13237118111735952,0.10845865562608634
id18807,0.12134757327361338,0.04628269248505249,0.8323697342413341
id05894,0.0705670593628147,0.6917011585848036,0.23773178205238174
id08494,0.4913929365845004,0.1599286655379975,0.34867839787750216
id17181,0.23283317014442573,0.06032216467292081,0.7068446651826534
id24037,0.030162544609051073,0.9538809762331174,0.015956479157831476
id22495,0.4541849163923528,0.15194964919526852,0.3938654344123786
id21717,0.5025370942920167,0.3834216479077426,0.1140412578002408
id00477,0.31747578639205154,0.5729899189944613,0.10953429461348722
id03167,0.12217030915765642,0.06237539897690113,0.8154542918654425
id08783,0.7287125820436674,0.07308549982234297,0.1982019181339897
id11954,0.8749394109305432,0.05130380303738828,0.07375678603206867
id03029,0.917660151711758,0.038717130091635604,0.043622718196606514
id16359,0.7280460293715018,0.07656249257967779,0.1953914780488204
id02984,0.9148683756628033,0.04152561242948768,0.04360601190770901
id24559,0.9130279409095038,0.03999248542814112,0.046979573662355126
id26880,0.039069125342734254,0.019232476655874804,0.941698398001391
id00656,0.16435737764517985,0.04332072832566038,0.7923218940291598
id07825,0.051401026267921826,0.9213642165888782,0.027234757143199936
id16525,0.03416938215804676,0.9477215400710021,0.01810907777095111
id08849,0.9172601044386951,0.03986828905813163,0.04287160650317328
id09260,0.029918747982060193,0.9542820651403364,0.015799186877603302
id22233,0.45022955022395783,0.4687735180847575,0.08099693169128473
id12191,0.03996861131322324,0.019440240480425447,0.9405911482063513
id15505,0.02988050094659095,0.9541432788765858,0.015976220176823156
id15882,0.3653168837870784,0.11721418290091125,0.5174689333120104
id10569,0.16044639179604767,0.04668050764539815,0.7928731005585542
id26059,0.5007082204667971,0.41730914274099523,0.0819826367922078
id13055,0.22983750571868658,0.05308433944635783,0.7170781548349555
id05388,0.9201924964809729,0.0362904061461762,0.04351709737285099
id25199,0.047888413550655366,0.9235862585937697,0.02852532785557496
id11813,0.048551583530536575,0.022113464936038538,0.9293349515334249
id14866,0.5504533284420549,0.09099269131214348,0.3585539802458017
id22247,0.27379560601615927,0.058766398735312225,0.6674379952485285
id08196,0.2443188140160931,0.6836422050655273,0.07203898091837951
id27246,0.29258778345484054,0.6197304253257454,0.08768179121941408
id21926,0.04328359718080779,0.020201666828565796,0.9365147359906265
id01930,0.2504746646578297,0.049780074061794626,0.6997452612803757
id26406,0.2693415408113509,0.08582950319262851,0.6448289559960205
id07760,0.047056381230985836,0.9291984209375104,0.023745197831503653
id24815,0.06637610988033396,0.04352643718083022,0.8900974529388358
id22063,0.5184874401553636,0.30851861202116826,0.17299394782346808
id21513,0.03740295472741716,0.9410578580352897,0.02153918723729308
id04006,0.8732753776148433,0.06340151547688595,0.0633231069082707
id06177,0.08186132327350708,0.8738848342587694,0.044253842467723625
id24010,0.3472531347184181,0.1324631559421447,0.5202837093394372
id16402,0.04144454842419254,0.019498501404659738,0.9390569501711478
id23894,0.9069791747691708,0.04422750195546472,0.048793323275364446
id18867,0.8231407373471205,0.06047452298845063,0.11638473966442898
id01691,0.030686577415978567,0.9530922030800314,0.01622121950399005
id11818,0.5949358426092238,0.25229747675860265,0.15276668063217352
id18481,0.43374355667518677,0.42336946602491216,0.14288697729990107
id20137,0.8843814616064972,0.04557665100505259,0.07004188738845021
id14630,0.07575271880712037,0.0376955140306446,0.886551767162235
id03058,0.7429616135915,0.08298737681324653,0.17405100959525355
id27857,0.9145985088358018,0.039618109928881345,0.04578338123531679
id19345,0.8528127117183022,0.07984701029359438,0.06734027798810328
id12726,0.2959279797139101,0.05365495414381196,0.6504170661422779
id06015,0.04827459405941274,0.023126350765149826,0.9285990551754374
id26548,0.14031802267150234,0.05722218222259515,0.8024597951059025
id20284,0.049560900025944134,0.022272108927423352,0.9281669910466326
id17912,0.9044807541894575,0.043162658785892996,0.05235658702464949
id10287,0.783188493434548,0.09071585597094274,0.12609565059450928
id03604,0.029808139882648934,0.9544425679661641,0.015749292151186943
id07423,0.12843718441388094,0.7761374088328726,0.09542540675324648
id01484,0.052355956858624736,0.9157502438427455,0.031893799298629885
id16904,0.9207360010701454,0.03667506097885281,0.04258893795100193
id13187,0.039469329536705185,0.01918949666707562,0.9413411737962192
id08507,0.030442384501930146,0.9537213082187465,0.01583630727932338
id09599,0.9161538193905636,0.03768793175134318,0.0461582488580932
id20460,0.19768455127046852,0.7392766774660489,0.06303877126348267
id23743,0.029935070679731467,0.9542207842367384,0.01584414508353016
id13914,0.05318422756232691,0.9219524145743081,0.024863357863365035
id23108,0.8624499085767693,0.06889562428814422,0.06865446713508659
id20111,0.7019253930605952,0.21885897823374248,0.07921562870566239
id00300,0.02980660332152894,0.9543888772847829,0.01580451939368819
id25970,0.7162261024162122,0.1807255426380542,0.10304835494573361
id24588,0.2069518912556135,0.04236814548736109,0.7506799632570254
id04799,0.12469209567896355,0.04536379826735766,0.8299441060536789
id19685,0.10298629860858795,0.06060232605828492,0.8364113753331271
id00628,0.040433611752117175,0.01968573500259186,0.939880653245291
id10632,0.18569152556081434,0.0558957619043852,0.7584127125348006
id24894,0.029905073145496112,0.9543839890210102,0.015710937833493772
id06843,0.7399318687011207,0.18001197456771184,0.08005615673116746
id16211,0.9204716816934875,0.03690228189480363,0.04262603641170896
id10730,0.03726555753895453,0.9433016228963063,0.019432819564739252
id06399,0.04516844408101077,0.9292396771737061,0.025591878745283087
id25138,0.9211997238398919,0.03678182967821277,0.04201844648189535
id04372,0.11175098200790262,0.11603546958148457,0.7722135484106128
id01057,0.1857256795599767,0.048055151994747324,0.7662191684452759
id07505,0.28511376443029546,0.6473560249831152,0.06753021058658926
id17331,0.9181466971055646,0.03805946860182649,0.04379383429260877
id11306,0.13579279902799632,0.11533552895533607,0.7488716720166677
id07490,0.03053031798096184,0.9535799904231518,0.015889691595886376
id00721,0.057923811724459456,0.8743391412111714,0.06773704706436902
id07538,0.6539153716317024,0.07124093775049746,0.27484369061780006
id11289,0.266663140204007,0.06521219851369132,0.6681246612823016
id25207,0.9226159483184844,0.03551625997397418,0.04186779170754146
id03831,0.9209659129679564,0.036217965761367744,0.04281612127067589
id05371,0.4049810063332706,0.5173209164785828,0.07769807718814656
id07405,0.03032532887161547,0.953653246633404,0.01602142449498059
id25960,0.03047695353418513,0.952122255081362,0.017400791384452975
id18497,0.13197722917891494,0.17440263073431606,0.693620140086769
id24478,0.8630500297241948,0.07483485451444716,0.062115115761358065
id12431,0.03089606211408868,0.9525988669892005,0.01650507089671084
id24080,0.04603571280631185,0.021661076093130723,0.9323032111005575
id11862,0.046676952705605866,0.024619053562362252,0.9287039937320318
id04798,0.9106922206447526,0.043328628204867506,0.045979151150379975
id22638,0.03026900279462687,0.9538182183806009,0.015912778824772218
id16105,0.047318167766022885,0.9266628265720219,0.026019005661955037
id05863,0.25312922687885203,0.18592542404386792,0.5609453490772801
id11466,0.911763957515737,0.04248067672693236,0.04575536575733072
id06091,0.5642259574026433,0.1013344368406157,0.33443960575674114
id04214,0.029988504706965718,0.9542560815486002,0.01575541374443407
id21197,0.03165107824982119,0.9511842549872431,0.0171646667629358
id06479,0.4629037559582352,0.18299417493877548,0.35410206910298947
id21801,0.8777763822680001,0.046957682281357827,0.07526593545064214
id00540,0.919816322756084,0.03787226014288282,0.0423114171010331
id07102,0.9148475090950635,0.03986702558856977,0.04528546531636675
id12012,0.04296784525453714,0.01995705902571251,0.9370750957197503
id17850,0.14501738711365972,0.035979295468824495,0.8190033174175159
id12708,0.207981112663378,0.04912094492777007,0.742897942408852
id09277,0.40706704216531275,0.06960755277622922,0.523325405058458
id11482,0.6614706616519811,0.2134351532626606,0.12509418508535824
id15327,0.6952743171986141,0.13388426800566552,0.17084141479572035
id17561,0.033055062423164965,0.9472242718858269,0.019720665691008027
id21966,0.477934069127307,0.0739801640348325,0.44808576683786044
id05742,0.9237004959833074,0.03569965837741715,0.04059984563927544
id21441,0.8986214550233956,0.05219962398592563,0.04917892099067879
id10819,0.05294559806936144,0.9182889593712626,0.028765442559375944
id00018,0.8414608332067097,0.07771017753021711,0.08082898926307303
id17038,0.8808449577707171,0.061223061021834106,0.05793198120744879
id14680,0.03108336224370725,0.952251536302196,0.01666510145409674
id17760,0.09733199120876604,0.7900797573100007,0.1125882514812333
id14436,0.5353241917723941,0.3629228399682052,0.10175296825940086
id17180,0.047477775697539575,0.02081176153733415,0.9317104627651263
id19132,0.04660263236073891,0.9292228014242764,0.024174566214984747
id17497,0.13773608952288177,0.7577115133714674,0.10455239710565072
id26284,0.1992496846672533,0.07085186271391034,0.7298984526188363
id04340,0.030340080962150073,0.953331992073411,0.016327926964438983
id06427,0.029642728882153697,0.9546465456357793,0.015710725482067027
id08340,0.2467770417545791,0.6018959187487289,0.1513270394966919
id07167,0.032330337369784204,0.9501434995683554,0.01752616306186038
id02218,0.20333673017613899,0.047074840844723506,0.7495884289791375
id18406,0.4288238988826287,0.4848447562872228,0.08633134483014861
id22134,0.6638313647227363,0.25219413157771137,0.08397450369955231
id04983,0.11311748400449352,0.041790567360707666,0.8450919486347989
id17767,0.8932347817490893,0.05275784147788613,0.05400737677302466
id15131,0.033375379864046366,0.9468127387059531,0.019811881430000608
id11132,0.9180613008754701,0.03711056553062991,0.04482813359389999
id10054,0.08449706569289528,0.8754781134985479,0.04002482080855689
id03797,0.04308561490987554,0.02153092728898446,0.93538345780114
id17143,0.18544413347900912,0.1820455189866567,0.6325103475343342
id19078,0.04145800718789567,0.01939278292558842,0.939149209886516
id04919,0.8789142397624915,0.046018657377622375,0.07506710285988616
id03272,0.07706266689955801,0.8731520552522668,0.049785277848175095
id15047,0.05251217180370728,0.026120406848147246,0.9213674213481455
id23727,0.8757392985028601,0.06101975913355163,0.06324094236358824
id07221,0.9001692188235577,0.049098959400493566,0.05073182177594874
id13974,0.03420801888931367,0.9480403184041409,0.017751662706545338
id24050,0.8365516920460264,0.06250353517673052,0.10094477277724312
id18119,0.8441482110916438,0.05939320738803622,0.09645858152032
id05205,0.5989031804992458,0.10649170663274514,0.2946051128680091
id05233,0.30590922963937556,0.6233669153050512,0.07072385505557331
id23556,0.3060016253337737,0.07060285871293813,0.6233955159532881
id06323,0.643749406035665,0.1389682060579788,0.2172823879063562
id27903,0.045380068843060145,0.022742462043549846,0.93187746911339
id15164,0.3689695904563031,0.0976085992393556,0.5334218103043413
id14714,0.030370603493357864,0.9533459725349415,0.01628342397170066
id11585,0.030412385017478366,0.9532555970651648,0.016332017917356913
id09119,0.8952387133792055,0.05008560073110559,0.054675685889688935
id03135,0.0951272204748617,0.8700539649679557,0.03481881455718263
id23385,0.43566722356844056,0.10492960494977559,0.45940317148178383
id18219,0.8323897806492505,0.06517009512218214,0.1024401242285673
id17596,0.037906092864662615,0.9424693612214351,0.019624545913902176
id12235,0.05824402398974922,0.024990344267393525,0.9167656317428573
id15394,0.9134157258230502,0.03769338375607369,0.048890890420876194
id07727,0.9086657006526214,0.0426898257459237,0.04864447360145491
id02748,0.918219283876429,0.038691613845509405,0.04308910227806158
id14913,0.1647082786190275,0.03948675887408917,0.7958049625068833
id05257,0.8752385264952682,0.04999685869183669,0.07476461481289505
id23759,0.07008642765936227,0.8567998973844435,0.07311367495619422
id08726,0.9014833689376006,0.04752889459558608,0.050987736466813365
id24493,0.7537651356343436,0.1736096377591984,0.07262522660645801
id19945,0.8471409567765026,0.0902579273986618,0.0626011158248356
id27893,0.848078492030858,0.0542057804983943,0.09771572747074762
id04975,0.14464723144396527,0.04848364746262094,0.8068691210934138
id14722,0.42838928476315563,0.4796281899276568,0.09198252530918744
id10320,0.05068509416032055,0.9026317609760177,0.04668314486366171
id09619,0.030343893078345695,0.9536593664366817,0.01599674048497259
id07480,0.26423474817498316,0.5474696384777685,0.18829561334724834
id00342,0.0709120382287952,0.8942053349333059,0.034882626837898945
id08611,0.8931224636642706,0.05317453017309533,0.053703006162633966
id24284,0.04708148327376069,0.020735856388277216,0.932182660337962
id20491,0.07112962920418602,0.038475136994059446,0.8903952338017546
id18337,0.04734390893563597,0.024792488738611042,0.927863602325753
id04781,0.6828517897808892,0.12059062402289965,0.19655758619621105
id11067,0.8170157810777484,0.11069281426378284,0.07229140465846871
id19402,0.6555190463753646,0.25003441890779576,0.09444653471683968
id20009,0.052323116282216774,0.023707625834053656,0.9239692578837296
id08535,0.1250948019736904,0.07976330666160068,0.7951418913647089
id07495,0.06774544374732609,0.03442275164190444,0.8978318046107695
id06262,0.04537045847777457,0.0205439820955822,0.9340855594266433
id10898,0.2741504137664457,0.19051545306138273,0.5353341331721715
id17778,0.030745697386765903,0.9529775988327073,0.01627670378052681
id07210,0.7015087535871531,0.14156162598736888,0.15692962042547792
id04367,0.06668003101562314,0.7751136502476516,0.15820631873672542
id27713,0.1731247879497962,0.2006760699252741,0.6261991421249298
id15428,0.12992484878320631,0.7541895630104771,0.1158855882063165
id25427,0.7835971517071935,0.07840406156253059,0.1379987867302758
id09789,0.05653722834711101,0.023540096044937907,0.9199226756079512
id07658,0.8777015757980251,0.06369544254732193,0.05860298165465303
id25453,0.2902466036053399,0.21781873197779808,0.4919346644168621
id24495,0.8675121480044865,0.05700827158136681,0.07547958041414678
id03270,0.4366663958851072,0.44593037129710805,0.1174032328177848
id11879,0.04143912996289935,0.9351118792362294,0.023448990800871258
id24356,0.17179486065223248,0.06692635036214109,0.7612787889856264
id22256,0.05755789769263245,0.0354109069448168,0.9070311953625507
id06050,0.04299185246959409,0.9319611409411189,0.025047006589287057
id09555,0.6690248585218804,0.06128578484524351,0.269689356632876
id23772,0.04008170307437518,0.9370278436126269,0.02289045331299786
id21930,0.0956500530826667,0.044144744036451126,0.8602052028808822
id00823,0.06432444130878645,0.8780519046288435,0.05762365406237
id23666,0.030825130104393507,0.9526732530687225,0.01650161682688401
id08118,0.08225940112937663,0.06302654109621203,0.8547140577744113
id21388,0.09217488262974159,0.10527971173002319,0.8025454056402352
id23312,0.8658805665808504,0.046801869977892936,0.08731756344125662
id08545,0.048403024749772955,0.021412686321046287,0.9301842889291807
id20351,0.3418380911602689,0.097172049754691,0.5609898590850401
id13536,0.18756151387462122,0.05716280872224284,0.755275677403136
id27742,0.030124506290512287,0.9537570985716448,0.016118395137842873
id13343,0.3748307553491847,0.07904685123845505,0.5461223934123604
id11987,0.032957842023444296,0.9468960291732607,0.020146128803295027
id08921,0.854285659758242,0.06539066186338643,0.08032367837837165
id09972,0.38980702041013066,0.5364441843795388,0.07374879521033058
id26173,0.9229012050918147,0.03597682307909094,0.041121971829094425
id07917,0.2841373725029404,0.5019590587302206,0.21390356876683908
id01383,0.9066391129062746,0.04339242294343795,0.04996846415028745
id26699,0.8522652722023293,0.08125716509393673,0.06647756270373405
id11058,0.3585767731312641,0.28942529568412195,0.35199793118461403
id20425,0.03155343970730211,0.9513268603088985,0.017119699983799447
id20238,0.27285208542906797,0.46741915742508106,0.2597287571458511
id21348,0.1697179285025517,0.6025450181579649,0.22773705333948338
id09552,0.8068456096025818,0.0716487217609003,0.12150566863651796
id25075,0.5620206068930345,0.08250256132422915,0.3554768317827364
id17749,0.04786971046114451,0.022124325121939143,0.9300059644169163
id18910,0.10822769580997743,0.03765729751193272,0.8541150066780898
id13534,0.04473075836456827,0.9328129525396451,0.022456289095786508
id22205,0.0621369971741501,0.8974056814868134,0.04045732133903651
id23896,0.820845955877204,0.0663713127370866,0.11278273138570943
id23616,0.24530897714836095,0.06502333452947888,0.6896676883221602
id03537,0.6235304485490448,0.20620175015377273,0.1702678012971824
id18147,0.1103234938941959,0.848478672900752,0.04119783320505218
id25408,0.9188936039683268,0.0374712311141312,0.04363516491754208
id09997,0.26856997204974986,0.05143401256520475,0.6799960153850454
id23357,0.04799857967537182,0.02268602095848977,0.9293153993661384
id21880,0.9165947086643851,0.038873394658186525,0.04453189667742843
id21633,0.37373390553526786,0.50614558447242,0.12012050999231218
id15976,0.19838909483816847,0.6782197824762414,0.12339112268559005
id20266,0.04181885073755359,0.019507927861636104,0.9386732214008103
id26726,0.7258535024104832,0.1839278631123014,0.09021863447721548
id02958,0.3886108979010651,0.5340844723107065,0.07730462978822833
id25211,0.4262555307197076,0.10592320339863028,0.46782126588166206
id24314,0.9196937909950804,0.03791497651626233,0.042391232488657324
id21475,0.07692602812082662,0.03417846706882441,0.8888955048103491
id22733,0.09574889530726481,0.8369434395041688,0.06730766518856646
id14297,0.029759673001133115,0.9544343205451022,0.01580600645376459
id27627,0.04429038670997041,0.9303082990198706,0.025401314270159025
id03580,0.030012021566661398,0.9541919127843399,0.01579606564899879
id08858,0.04717516361612646,0.022022241966238008,0.9308025944176356
id22512,0.03133465689908167,0.9521480690305326,0.016517274070385723
id05634,0.2798436118973377,0.6304234320314018,0.08973295607126054
id00105,0.03993401214933182,0.01931897990400045,0.9407470079466678
id26635,0.7951914837393188,0.13297131484830452,0.07183720141237668
id19324,0.04447365487014018,0.020494088978783864,0.935032256151076
id00210,0.702691401535951,0.1488671163641161,0.148441482099933
id06809,0.7493318403247098,0.06684198278638884,0.18382617688890138
id04074,0.030244479353732895,0.9537069028643114,0.016048617781955783
id27010,0.6730272526877956,0.2015331388779064,0.12543960843429794
id00699,0.26848089606319153,0.42008169128188577,0.31143741265492264
id18549,0.8450055284665742,0.06455060938662266,0.09044386214680317
id14089,0.03137139637547314,0.9520289618300392,0.01659964179448769
id19792,0.03202079231215301,0.9503705911402559,0.017608616547591105
id19935,0.04755795329136577,0.025141896806774266,0.92730014990186
id22960,0.06244377244865398,0.047481131800029455,0.8900750957513166
id02471,0.05497600273439584,0.022786826158245874,0.9222371711073584
id07896,0.057519770967557324,0.03068504854491833,0.9117951804875244
id20033,0.7324758412105649,0.08722448394687053,0.18029967484256462
id15018,0.9090662449689821,0.04331684625352711,0.04761690877749065
id19528,0.9116283707790751,0.03857809853897318,0.049793530681951664
id21621,0.29488620852772,0.08304139315122627,0.6220723983210537
id14328,0.06840773388318866,0.8571691461278479,0.07442311998896342
id19524,0.9202875098435823,0.036698374941118134,0.04301411521529949
id00219,0.9214471242286323,0.0364653478572175,0.04208752791415025
id23229,0.05122218342469296,0.02171866431905371,0.9270591522562533
id14357,0.8357135499546577,0.05570189427447858,0.10858455577086377
id21829,0.04950259241664017,0.025388933318434857,0.925108474264925
id02137,0.8584393663830269,0.07036163838639004,0.07119899523058316
id23524,0.6127294841517117,0.06293181104670016,0.3243387048015881
id12022,0.8889165729914638,0.0555174394535617,0.05556598755497459
id05255,0.43895627260583747,0.14795668717735688,0.4130870402168057
id14605,0.9173827909627629,0.03736213169613963,0.045255077341097495
id15329,0.6277756805657169,0.10039759864399433,0.2718267207902888
id06046,0.8320699500589893,0.09771156527876976,0.07021848466224093
id16548,0.19421611101300296,0.04859659134990452,0.7571872976370925
id23369,0.05346123463053979,0.02295160054428195,0.9235871648251783
id17824,0.8499950671031428,0.06037249371717275,0.08963243917968439
id17243,0.09458382299953848,0.06462155887803328,0.8407946181224283
id13185,0.030070204386135047,0.9538939855091103,0.016035810104754543
id27091,0.7768858408845903,0.11779561934558565,0.10531853976982401
id21817,0.04963508742769169,0.02185720022672854,0.9285077123455798
id21912,0.8819270393154045,0.06443794300224885,0.05363501768234664
id24163,0.12626825867858837,0.044310836488670687,0.829420904832741
id12484,0.04206619623134602,0.020592259621850854,0.9373415441468032
id15799,0.8880119074863791,0.049195845579065395,0.06279224693455547
id22315,0.12550201871740804,0.15000281309967606,0.7244951681829159
id02608,0.6908923055704995,0.22251477525221364,0.08659291917728686
id10057,0.9214574367093835,0.036638200859798374,0.0419043624308181
id01709,0.9055028430257802,0.041819684635950455,0.05267747233826944
id11153,0.066606115324011,0.8627706305920356,0.07062325408395338
id25154,0.19134956465214578,0.7108089955540757,0.09784143979377848
id18207,0.03373017756412656,0.9480354812138667,0.018234341222006772
id03370,0.10495932158194284,0.8501092555472116,0.044931422870845526
id26760,0.7580825364705667,0.10536593508974298,0.13655152843969023
id15099,0.7457407754337637,0.05915138296435697,0.1951078416018793
id16341,0.05056682859966456,0.023787425442330895,0.9256457459580046
id15572,0.11626113732264486,0.040578618502010194,0.843160244175345
id24901,0.9228540230370932,0.03552453392292953,0.04162144303997735
id04528,0.7803984694926331,0.09784381552660007,0.12175771498076664
id26507,0.27495959029590417,0.050721883039745376,0.6743185266643504
id26687,0.5737006077344945,0.10222817934272546,0.32407121292278007
id27819,0.1378730352483227,0.03924710817210753,0.8228798565795699
id17610,0.02979923348320215,0.9544191859221142,0.01578158059468374
id03373,0.06000194274173221,0.9115648181708529,0.028433239087414918
id05881,0.17263901311570465,0.037709937491977444,0.7896510493923179
id15875,0.10354778530667642,0.08326275859101162,0.813189456102312
id18400,0.8533861824400398,0.0846803684276503,0.06193344913231002
id23596,0.19768649570369207,0.0844257389181724,0.7178877653781356
id07006,0.037116883602806065,0.9438082462158127,0.019074870181381275
id25134,0.02990667433540662,0.954327913717348,0.015765411947245383
id17393,0.9185317925562437,0.03951880982114794,0.04194939762260836
id20155,0.029943910951116665,0.9543219080285789,0.015734181020304418
id09536,0.054232608668713427,0.9198400126980004,0.025927378633286258
id09155,0.26928486248692857,0.5324236963644247,0.19829144114864675
id26482,0.8938997148485515,0.04565670710365787,0.06044357804779065
id17001,0.06428562156660372,0.8926418322453599,0.043072546188036305
id08134,0.491076616281138,0.06592463646857084,0.44299874725029104
id10174,0.8812675764388949,0.05357624721367715,0.06515617634742799
id04760,0.6019905656344819,0.14260245232619756,0.2554069820393206
id04941,0.8626933022707494,0.07979366701764917,0.05751303071160148
id01339,0.862806280083128,0.056746264305059586,0.08044745561181252
id24710,0.608787500355363,0.07549295679238728,0.3157195428522497
id20408,0.11526990772197235,0.04470473646627958,0.8400253558117481
id04028,0.05540350761680773,0.028581025816956467,0.9160154665662358
id07153,0.09756935342368071,0.03521990146567142,0.8672107451106479
id20098,0.260524321037814,0.670767448357706,0.06870823060448013
id24146,0.31744182093800916,0.06020041707120028,0.6223577619907905
id06276,0.920947582510924,0.036469766219675744,0.0425826512694002
id18978,0.37919045444226657,0.28774174340781006,0.33306780214992343
id04247,0.8760718690713442,0.05538863807612761,0.06853949285252828
id02020,0.0359464534908965,0.9429614000372528,0.021092146471850738
id14299,0.04670324636834315,0.02079548528812729,0.9325012683435295
id27255,0.2886117903434556,0.4915079006915701,0.21988030896497432
id05751,0.043306864095347536,0.021052610466564863,0.9356405254380876
id09428,0.8898626893986789,0.046601032511834985,0.06353627808948606
id06941,0.9110446970937459,0.04271790295370883,0.046237399952545326
id25678,0.04069145947673516,0.019226994822385865,0.940081545700879
id27425,0.9080614441334389,0.04455973938784914,0.04737881647871192
id12619,0.6599821291223825,0.18196743443291188,0.15805043644470568
id00530,0.04410087026295943,0.02067624860680147,0.9352228811302392
id14683,0.901423697257422,0.04879808813215623,0.04977821461042172
id14618,0.030351229809812995,0.9537366234969528,0.01591214669323431
id07599,0.9196832429243793,0.036534044094882,0.04378271298073876
id02786,0.9082232821825209,0.04450177091269555,0.04727494690478347
id21563,0.9029271584473401,0.04347372099096782,0.053599120561692117
id26412,0.0475085927518273,0.021602578561604455,0.9308888286865683
id18320,0.12784994078215867,0.774748641631052,0.09740141758678945
id02043,0.7813548695925974,0.08833717198199303,0.13030795842540965
id03179,0.7186297062744749,0.19327365892093687,0.08809663480458824
id17256,0.035560607100781585,0.9450953994373987,0.01934399346181959
id07435,0.08409078821522246,0.04009906103898496,0.8758101507457926
id17659,0.8223112599245103,0.062121140875568685,0.11556759919992109
id06828,0.03978064492314637,0.9391545664077836,0.021064788669070005
id18636,0.10268176278549036,0.035575038034658626,0.8617431991798511
id05216,0.9149677135300625,0.037127337316484835,0.04790494915345257
id23156,0.2906253903376227,0.07171982977793831,0.637654779884439
id23861,0.8874609162461313,0.05523029758866884,0.05730878616519991
id21416,0.30624975483939004,0.049978466706677764,0.6437717784539323
id02763,0.6727971167325849,0.1103109585073126,0.21689192476010258
id12625,0.04148005507902781,0.02052615668521898,0.9379937882357533
id08033,0.7063601339685083,0.06192518310700484,0.23171468292448688
id24105,0.7300262374279372,0.10245284356579569,0.1675209190062672
id09295,0.9184847335386934,0.03644705855491775,0.04506820790638884
id22062,0.6410033400513048,0.2773806600568093,0.08161599989188612
id21044,0.9009844151759534,0.040562530533807255,0.05845305429023932
id17419,0.7512798779031304,0.10228813507430597,0.14643198702256358
id10969,0.9161148563750336,0.03737879957294315,0.0465063440520232
id23066,0.08810208026533099,0.03388390713542665,0.8780140125992424
id25667,0.84124757024589,0.05800073337130864,0.10075169638280138
id14534,0.8904744351684656,0.05306387920186281,0.056461685629671673
id26645,0.12268721379286508,0.7174328966676434,0.15987988953949145
id03965,0.07691624077600225,0.03342442912515199,0.8896593300988458
id25956,0.8390899492256364,0.07707257598232875,0.0838374747920349
id23707,0.9026435499855543,0.044763513315972545,0.052592936698473175
id18026,0.8345366179741411,0.07973572456844683,0.08572765745741216
id10767,0.03716349159184303,0.9418063783113007,0.021030130096856375
id18802,0.24075748986924947,0.6961766753858472,0.06306583474490343
id02940,0.03487164542938361,0.9420117693333585,0.023116585237257924
id13403,0.73272454839155,0.17555913265186235,0.09171631895658779
id10201,0.039149156487382084,0.9407561440029227,0.020094699509695273
id15333,0.061026719886261974,0.025121854842876545,0.9138514252708615
id25619,0.0499588363710307,0.022310935897255225,0.9277302277317141
id18506,0.0349560283415173,0.946059565773732,0.018984405884750668
id09835,0.03011063869641311,0.9539291673307008,0.01596019397288608
id14828,0.07582992519197104,0.8778764836090813,0.046293591198947624
id26816,0.02988573308904577,0.9541574583776798,0.015956808533274452
id26134,0.0298984886228022,0.9543531624850805,0.015748348892117344
id25064,0.23447036036633562,0.08190031769705576,0.6836293219366086
id14254,0.27729558885395234,0.0571020128425012,0.6656023983035465
id09352,0.3158135432870351,0.12861997249260648,0.5555664842203585
id21495,0.20989179195907362,0.6129157392099722,0.1771924688309542
id15349,0.04734569426598865,0.026905436681254974,0.9257488690527564
id06759,0.06043377271023727,0.9118905605442926,0.027675666745470007
id20876,0.8912812749655199,0.043365930434703735,0.06535279459977632
id14644,0.20570551944909865,0.5976599736289047,0.19663450692199677
id16927,0.0542543241897758,0.0375306245887809,0.9082150512214433
id00417,0.0756891254024665,0.8746724994775871,0.04963837511994641
id18892,0.3534216220210033,0.20392618469175475,0.442652193287242
id17500,0.31732463832334523,0.6087286794383725,0.07394668223828232
id17676,0.3282658324966994,0.36284662273422025,0.3088875447690805
id03378,0.9184983007522697,0.039384531161893714,0.04211716808583669
id26891,0.38614437146854574,0.24374918864933764,0.3701064398821166
id15609,0.9138779245618535,0.04159612554984269,0.04452594988830382
id11270,0.9007453340831713,0.041477701071185404,0.05777696484564333
id01141,0.4980775669496907,0.24737908567244235,0.25454334737786705
id18738,0.8836096526435593,0.05742480020003443,0.05896554715640639
id23964,0.26838042864595935,0.24867733471712614,0.4829422366369145
id08032,0.18107839360540037,0.04976466325107157,0.7691569431435281
id10410,0.4083411136152216,0.1618780204655241,0.42978086591925435
id15738,0.35019837762771416,0.13061829057465082,0.519183331797635
id22293,0.32095807267281934,0.051847803560701206,0.6271941237664794
id23174,0.5825321474133605,0.3327366875550324,0.08473116503160727
id13041,0.03276050057070982,0.9474639558082996,0.01977554362099061
id18377,0.19559525364564845,0.10088382969582062,0.7035209166585309
id24269,0.03468691358224361,0.9456206874471009,0.01969239897065541
id19445,0.08436468406026862,0.8634433354905874,0.052191980449143874
id16449,0.10116214741290123,0.8573165634881225,0.04152128909897634
id11857,0.0610617493297546,0.027076999809926883,0.9118612508603186
id14929,0.043027566591134075,0.9241079946401973,0.0328644387686686
id16029,0.49692102496107526,0.0767549359315388,0.426324039107386
id09091,0.9004101330430575,0.04099121663225253,0.058598650324689916
id14431,0.03347176634536331,0.9489437117827431,0.01758452187189366
id15857,0.14470847900934375,0.7257628998664913,0.12952862112416502
id26177,0.049987219550888445,0.024506727759295004,0.9255060526898166
id07001,0.08147688299962152,0.7806347090311303,0.1378884079692481
id00626,0.37503922865236367,0.062338054526174504,0.5626227168214618
id25160,0.21457997683922625,0.06074094497785677,0.724679078182917
id21474,0.2984859719322286,0.05057613162894432,0.6509378964388272
id03155,0.9209367530523144,0.03716710170636036,0.041896145241325185
id11858,0.040247479283177595,0.02029331198718473,0.9394592087296377
id12413,0.6560032350505122,0.25887924965200876,0.08511751529747903
id25656,0.03136746747769064,0.9520175378055566,0.016614994716752776
id24322,0.8827547598874586,0.06365896303070452,0.0535862770818369
id20603,0.7652059450347062,0.0779421672083368,0.15685188775695705
id06878,0.059756842130435604,0.9115336371942941,0.028709520675270273
id03535,0.8705842456020412,0.05260533812445208,0.07681041627350665
id11831,0.8839133925859948,0.044886887874501416,0.07119971953950381
id24685,0.9042184985715233,0.04410739957932029,0.051674101849156426
id10426,0.26080172201517937,0.3812808350693116,0.357917442915509
id09024,0.037153176738735263,0.942828306270914,0.0200185169903507
id09728,0.21556072166777415,0.04905354261573173,0.7353857357164941
id01065,0.04502160239720474,0.928508585446784,0.026469812156011234
id14005,0.24658693618241787,0.09536076053852414,0.6580523032790581
id18534,0.11907652954383989,0.043682121091774946,0.8372413493643852
id19862,0.6640731244425456,0.09096537784753492,0.24496149770991946
id14707,0.9140272895095308,0.03952169134616296,0.04645101914430633
id02248,0.030904369437288724,0.9515426484122933,0.01755298215041798
id20494,0.09025572955455402,0.05711741159324186,0.8526268588522041
id27072,0.8691216015667234,0.07115965355605046,0.05971874487722614
id20587,0.12588884380625798,0.04884973801602937,0.8252614181777127
id24134,0.31919244708967415,0.15754225220410864,0.5232653007062172
id22696,0.15429791936015852,0.05232418585846371,0.7933778947813778
id23757,0.23887197694267295,0.12184018756698918,0.639287835490338
id18828,0.7456963236294598,0.18079507756085228,0.07350859880968785
id14040,0.16003702192402974,0.03899781254414147,0.8009651655318288
id09385,0.8015017403344713,0.08228901659912673,0.11620924306640198
id16005,0.03057202857523175,0.9532802789441469,0.01614769248062138
id12467,0.4613116899220167,0.22475647362820017,0.31393183644978323
id16209,0.6309403205402858,0.07735953632087907,0.291700143138835
id01621,0.03859406480373418,0.9403556574844995,0.021050277711766287
id18081,0.13164475024857933,0.05084476837280469,0.817510481378616
id06667,0.22984983779087323,0.045450100297249774,0.724700061911877
id07436,0.0504322136075144,0.02214439042929146,0.9274233959631941
id19498,0.43078111403383407,0.48274545859775336,0.08647342736841256
id12123,0.9192748709668005,0.03760630681487083,0.043118822218328634
id17082,0.2009350311218812,0.146239536321345,0.6528254325567738
id00313,0.2587058947733088,0.563375931645269,0.17791817358142223
id14281,0.08541006562280144,0.8585562678682342,0.05603366650896415
id14755,0.14445878637156429,0.03906100958349513,0.8164802040449407
id17484,0.5182214192677291,0.38939143781383867,0.0923871429184323
id00111,0.23864800621689658,0.6970078238992723,0.06434416988383118
id16542,0.2717235301094057,0.2487846557706799,0.4794918141199143
id00458,0.8427252199456867,0.04936939587991273,0.10790538417440063
id07682,0.03119421548099276,0.9523864007639429,0.016419383755064382
id02041,0.03845327733646171,0.9408179593332311,0.02072876333030723
id26070,0.07871293130846746,0.028369901673271716,0.8929171670182608
id05271,0.9143234435056885,0.039268800120936004,0.04640775637337541
id18107,0.35085213005854254,0.5763030425704753,0.07284482737098213
id01170,0.07193284668076637,0.8850870983414066,0.04298005497782705
id23464,0.16621137690683171,0.7452920792046577,0.08849654388851064
id03879,0.5769548538839122,0.09454500477425781,0.32850014134183003
id22473,0.033585157969074596,0.9469474299573115,0.019467412073613896
id20937,0.4252142239533197,0.07854133095122258,0.49624444509545773
id16239,0.030451867411297934,0.9532320074685513,0.016316125120150828
id02348,0.8426554317035106,0.07301943868315262,0.08432512961333677
id19796,0.9198844928634053,0.03600350295708428,0.044112004179510285
id06531,0.08411675488443532,0.04071762382611036,0.8751656212894543
id02641,0.7962774956361014,0.12654321784937772,0.07717928651452095
id01332,0.7103941099108485,0.08356905907857301,0.20603683101057854
id24038,0.09539219897282734,0.7532809273867614,0.15132687364041117
id23699,0.7854782911733308,0.08449867825224179,0.13002303057442743
id07294,0.7035131883175609,0.1950718132553602,0.10141499842707893
id00319,0.8726275805730704,0.05416294540928672,0.07320947401764287
id05699,0.8937444228745902,0.05596673118317254,0.05028884594223724
id18863,0.823829558178601,0.0783123248395866,0.09785811698181233
id07745,0.08232360904227441,0.8818491652151874,0.035827225742538125
id02157,0.03071724181515363,0.9528198663430926,0.01646289184175373
id00525,0.3113424469724246,0.6111567545260277,0.07750079850154767
id14740,0.6594814608040305,0.07231751338676472,0.2682010258092049
id01420,0.04350415026426328,0.9349806009257451,0.02151524880999173
id17725,0.9107941501939991,0.04213351685111452,0.04707233295488634
id07807,0.057274014808875284,0.9166196409744408,0.02610634421668385
id11676,0.030152286379493933,0.9533140734350655,0.016533640185440516
id06720,0.03972006036941117,0.019095099527763053,0.9411848401028258
id08048,0.05683921438946296,0.03979071734419028,0.9033700682663468
id04185,0.14733901582332887,0.047517042905198315,0.8051439412714728
id02077,0.7584755583743995,0.1641005063342477,0.07742393529135282
id12968,0.18222030701527311,0.1162483739981765,0.7015313189865504
id01945,0.5447099222142361,0.06918671303024314,0.3861033647555207
id06446,0.904317062240105,0.048345791823974214,0.04733714593592079
id01072,0.8864576803576477,0.060864753892689964,0.05267756574966233
id15124,0.7708777955923591,0.06788845108366602,0.16123375332397488
id14173,0.032237890927201966,0.950654699750408,0.01710740932239002
id27559,0.6166152401361454,0.061035365995777545,0.32234939386807715
id13722,0.27413712257630374,0.2506518086048402,0.47521106881885616
id09310,0.09062896289814397,0.869868494985626,0.039502542116230055
id23024,0.12079361756279523,0.8347805654954117,0.04442581694179305
id24332,0.03094404304266536,0.9507032948484974,0.018352662108837323
id07699,0.6291241106199504,0.28407239648918775,0.08680349289086198
id06837,0.057760460976612145,0.9082001180693702,0.03403942095401773
id07279,0.9048444721591397,0.04273657334942102,0.05241895449143929
id16451,0.32151356457068003,0.0872329292415313,0.5912535061877887
id17588,0.03096415563301029,0.9487625565481694,0.02027328781882031
id07018,0.873857413434134,0.045106934515033344,0.08103565205083262
id12994,0.19980756318423892,0.16967775454225448,0.6305146822735067
id03703,0.8793171598151668,0.04772294926962272,0.07295989091521045
id01753,0.7781308871512137,0.09090268454430867,0.13096642830447755
id02866,0.06414986434612688,0.04947571842735176,0.8863744172265214
id21884,0.029751650468919637,0.9545621237153099,0.015686225815770487
id27543,0.07169696301565806,0.034297775578957516,0.8940052614053845
id22149,0.07867228066609626,0.06787315817000461,0.8534545611638992
id14595,0.8792950436462987,0.06592679996585186,0.054778156387849296
id12383,0.49087722893757785,0.42966374134056873,0.07945902972185348
id27714,0.8134910078553111,0.0713257592239858,0.11518323292070315
id17634,0.8836634868308425,0.04896461790180893,0.06737189526734859
id15906,0.03940674761685084,0.01896680910869936,0.9416264432744498
id09047,0.04967122922054409,0.021512536011883306,0.9288162347675726
id02059,0.3034479853235204,0.16469566062869448,0.5318563540477851
id19107,0.7880889566730155,0.08111717159570304,0.13079387173128149
id02385,0.4975342034293561,0.0701857774246726,0.43228001914597136
id21312,0.6181107304711622,0.2358849954980956,0.14600427403074218
id02215,0.08133257461541696,0.8738869492004625,0.04478047618412051
id08928,0.5249018017099056,0.07730361331695888,0.3977945849731355
id07099,0.9163898940844704,0.04002740795179767,0.043582697963732035
id01935,0.6904801554776275,0.0807068462097152,0.2288129983126573
id24757,0.752798898597456,0.1662690243197519,0.08093207708279215
id01848,0.041775767795231684,0.02002753896489073,0.9381966932398776
id06224,0.9163300113156624,0.037327054103577825,0.04634293458075989
id15539,0.16066511341334427,0.6822780190398438,0.157056867546812
id22907,0.1617776348316921,0.7700562119690658,0.06816615319924213
id12713,0.9182352304231839,0.037168337365934265,0.044596432210881734
id15521,0.2975730456164853,0.07501166248385085,0.6274152918996639
id25539,0.8433941856771943,0.08757647924716275,0.069029335075643
id23370,0.04009563277825059,0.01974017343469244,0.940164193787057
id15868,0.8893216091419747,0.0528541502140088,0.05782424064401658
id17808,0.05256061232125703,0.02345412511984513,0.9239852625588978
id08241,0.03826151408054097,0.9391894108557742,0.022549075063684785
id27284,0.7897237950918902,0.14068699277365504,0.06958921213445474
id20707,0.8453535709247839,0.06251662594343954,0.09212980313177652
id03823,0.24474431999578375,0.5848384684220418,0.17041721158217452
id00463,0.19768605531387673,0.17870596612899411,0.6236079785571291
id07241,0.8905695306722737,0.057388159680510205,0.05204230964721612
id05702,0.030251967362137595,0.9533156076730055,0.016432424964856973
id18973,0.8714709515566182,0.05304656574863221,0.07548248269474958
id18662,0.476749879830733,0.10665951776011867,0.4165906024091484
id06448,0.11944924085369885,0.09739628279461515,0.783154476351686
id21002,0.031040057080265682,0.9493191782013873,0.019640764718346932
id08753,0.8261702551559267,0.10540169972265276,0.06842804512142055
id27832,0.11227286137704949,0.8327182320792007,0.05500890654374988
id11341,0.05469592159631545,0.919146941842792,0.026157136560892656
id11426,0.3104832767273235,0.24648082770047972,0.44303589557219686
id15388,0.04345594916760123,0.020850960677796678,0.9356930901546021
id12801,0.6750698835951621,0.24082582660167595,0.08410428980316195
id02380,0.8693393633533361,0.05093770242582758,0.07972293422083628
id02777,0.048078763860172694,0.02247892975647314,0.9294423063833542
id05412,0.0464434282114999,0.02124948572287531,0.9323070860656248
id01303,0.8105651851995097,0.09810358764129494,0.09133122715919517
id21665,0.9120012288154168,0.03826876284800905,0.049730008336574164
id12973,0.24413833582031497,0.09917506042417577,0.6566866037555092
id22046,0.8977188307823466,0.04393196761678963,0.05834920160086377
id24035,0.05731816024164211,0.024179118203288746,0.9185027215550692
id15513,0.031129778627390674,0.9520581057325832,0.016812115640026166
id12302,0.76927975201611,0.06516477711110746,0.16555547087278266
id01751,0.4449137580141478,0.08802249678762498,0.4670637451982273
id27003,0.6973583209470495,0.07876535886088193,0.22387632019206863
id14689,0.0307702252842191,0.9519166022905367,0.01731317242524425
id11885,0.13715091060087042,0.80624362975822,0.05660545964090964
id16558,0.8042895765405212,0.08313392263540287,0.11257650082407589
id15785,0.10444481224670694,0.737774988221085,0.15778019953220804
id25382,0.08697597647451134,0.8341808749942591,0.07884314853122963
id19170,0.8461174216392768,0.08595609803507773,0.06792648032564548
id22689,0.9162629259696285,0.038981362788224026,0.04475571124214739
id03178,0.7805821461013911,0.1324663100061487,0.08695154389246028
id22393,0.777549878386201,0.09034348683151228,0.1321066347822868
id19215,0.5718345592241912,0.16058532070483827,0.26758012007097054
id27829,0.8535980921105626,0.06211732713096138,0.08428458075847611
id11659,0.36975661749099026,0.08026820634150872,0.549975176167501
id25831,0.029616958347711796,0.9545402181861146,0.01584282346617366
id08781,0.5811692695706965,0.1257659998520188,0.2930647305772847
id11550,0.9162497264383404,0.040515002857798854,0.04323527070386083
id25478,0.8539212615699932,0.0530028084853369,0.09307592994466994
id09909,0.9114083620688982,0.04305951602364623,0.04553212190745564
id09009,0.05657764125066866,0.02455128510637048,0.918871073642961
id12660,0.2724682399755224,0.11097557717215104,0.6165561828523266
id23033,0.7858873381807032,0.07009562400432592,0.14401703781497094
id25937,0.9137505429518449,0.03899757564420352,0.0472518814039517
id10385,0.559469885972057,0.3354667993213867,0.10506331470655642
id15288,0.039543068572796755,0.019356332109275422,0.9411005993179279
id06403,0.7943790771458946,0.1364512820836079,0.06916964077049743
id18342,0.031923886825981615,0.9508154711676634,0.017260642006355065
id00497,0.8136924196072662,0.06185869233896562,0.12444888805376796
id12156,0.9230485641122178,0.03612449100181409,0.04082694488596801
id26825,0.8761956767475791,0.04616222324391464,0.07764210000850628
id20140,0.8723161062121788,0.04673052589490696,0.08095336789291425
id06714,0.17195831304536413,0.04509521937696891,0.782946467577667
id06017,0.23885060247649012,0.05469734608612536,0.7064520514373845
id14841,0.8957278969270442,0.051219799987303846,0.05305230308565194
id25646,0.24085796828651976,0.6204341145277275,0.13870791718575287
id09218,0.15491733929200513,0.7780887150670512,0.06699394564094366
id21857,0.029805774724457123,0.9545134786396386,0.015680746635904262
id05750,0.07137801725543151,0.032314495164109544,0.896307487580459
id10507,0.21583260084286154,0.20838891822486266,0.5757784809322758
id09696,0.07055147417887063,0.043517852984919794,0.8859306728362096
id00835,0.5664410113183393,0.14206887694652628,0.29149011173513445
id26717,0.26114003806711567,0.3779046661172571,0.36095529581562724
id17573,0.38138042228970265,0.14617553718354073,0.47244404052675654
id21144,0.1833360950723447,0.7442902097490668,0.07237369517858855
id02305,0.9159391872268917,0.040953223221662005,0.04310758955144624
id26035,0.3204683311769165,0.10907453733662761,0.5704571314864559
id00878,0.9249365086962102,0.03484184823485309,0.040221643068936615
id08728,0.40154761518809323,0.5080602272348687,0.09039215757703818
id10579,0.09906277899273047,0.8508739376542063,0.0500632833530631
id10720,0.26266772991795767,0.052819496465023465,0.6845127736170189
id09163,0.03951941762296142,0.019540501437689414,0.9409400809393492
id16298,0.031119401258587323,0.9524829600781496,0.01639763866326308
id05342,0.8081692865852163,0.05729444104833824,0.13453627236644555
id24256,0.04480702239557682,0.021349311762725486,0.9338436658416976
id12217,0.5033266215873409,0.41388547043946117,0.0827879079731978
id06159,0.058536598752214335,0.03201754435099548,0.9094458568967901
id24394,0.8684572719496434,0.05529097986401289,0.07625174818634367
id20232,0.15132828316447136,0.19388537542523807,0.6547863414102906
id26856,0.9124286248135806,0.0411112613293255,0.04646011385709394
id15108,0.3495595202509582,0.3356719798110981,0.31476849993794376
id00751,0.6840105699603425,0.17970571291155327,0.13628371712810428
id01784,0.8630985810240537,0.06664582563501442,0.07025559334093201
id26419,0.24571531757354642,0.4717004624403312,0.28258421998612243
id23877,0.8691278105444151,0.057511151287274555,0.07336103816831041
id05019,0.7877626767168471,0.0628349605275702,0.1494023627555827
id23003,0.21574906681168657,0.05885910259753625,0.7253918305907772
id22153,0.082388071036376,0.8414045358744948,0.07620739308912919
id19726,0.06930911392149693,0.8641816037680765,0.06650928231042656
id19033,0.8348333969022775,0.05168038813688442,0.11348621496083812
id00534,0.041700291540719435,0.020497629004537804,0.9378020794547428
id07030,0.8594140602131068,0.05550903223907572,0.08507690754781745
id08281,0.06856204670371582,0.9003788957622777,0.031059057534006528
id00366,0.8838601178520958,0.0531133544256989,0.06302652772220532
id25446,0.42581585831158625,0.34938680876678824,0.22479733292162563
id25008,0.8963714333997526,0.04767928273795898,0.0559492838622885
id24142,0.048898075691911576,0.9267602128865065,0.024341711421581893
id25331,0.04714572109534511,0.02104688332055333,0.9318073955841016
id16549,0.8073729813410548,0.07458012756108007,0.1180468910978652
id12120,0.13959373930639163,0.8092669742022496,0.05113928649135879
id07518,0.040952719575771526,0.9345890244074516,0.02445825601677687
id24749,0.12523837627156956,0.7749839554982378,0.09977766823019246
id23132,0.8743795038499143,0.05782025098473062,0.06780024516535507
id05946,0.19894030825146494,0.07654376983014623,0.7245159219183888
id07427,0.8825992112024451,0.04970981544423787,0.06769097335331709
id14601,0.029728896539404415,0.9539423742030915,0.016328729257504063
id26504,0.04181901682302693,0.01957470963443529,0.9386062735425377
id27199,0.8246792983759815,0.10188922414086526,0.07343147748315307
id09610,0.8496924201308759,0.08013102431811439,0.07017655555100981
id02071,0.8208301639750863,0.09129987431599114,0.08786996170892257
id24431,0.6819802088900392,0.12125265666493663,0.19676713444502425
id20756,0.15339083740366782,0.04811458754626868,0.7984945750500636
id06525,0.4056321705942315,0.07879479005098823,0.5155730393547803
id11646,0.918125266559664,0.03869324449726643,0.04318148894306957
id26808,0.2563674902012339,0.6777570246596578,0.06587548513910824
id15122,0.614924068284343,0.15933614406027743,0.22573978765537966
id26052,0.04643935360003671,0.023689783350774655,0.9298708630491885
id06693,0.895794629861591,0.042616094880166655,0.061589275258242364
id13520,0.9153156905376632,0.03756477981446271,0.04711952964787422
id04381,0.8450667071342994,0.048468198247029574,0.10646509461867103
id23315,0.25784465223983155,0.11662541093870113,0.6255299368214673
id15685,0.9010601552396462,0.04968463769038266,0.049255207069971156
id12974,0.05265438766480343,0.0334339761814532,0.9139116361537434
id22302,0.8330674176053794,0.07717902448905654,0.08975355790556411
id04848,0.6577499059410531,0.21672849675080527,0.1255215973081416
id05104,0.040737141126035395,0.021010784521369032,0.9382520743525956
id17169,0.15117736026732814,0.768278736343287,0.08054390338938484
id12736,0.2991518485076501,0.5533734295000192,0.14747472199233067
id24659,0.9152150740694776,0.03912978715475536,0.045655138775767164
id24829,0.8140074557044272,0.11432882449419077,0.07166371980138203
id04164,0.1504603609748556,0.731497342214553,0.11804229681059139
id17795,0.48801484625987573,0.23451961542957117,0.277465538310553
id09104,0.7097121501797445,0.20741835964707955,0.0828694901731759
id07833,0.07227142908756458,0.02865112830815081,0.8990774426042846
id16733,0.5635933062438487,0.3429088924463705,0.0934978013097807
id18630,0.8157555369210615,0.05199389180075742,0.13225057127818113
id16064,0.038573640900717236,0.018693717906616992,0.9427326411926659
id00561,0.03265762435694872,0.9490688143130097,0.018273561330041505
id16627,0.8744121449719594,0.04877425925016772,0.07681359577787289
id02162,0.8780938256234926,0.0684771438607576,0.05342903051574965
id16092,0.2339357733585431,0.5261825991042955,0.23988162753716133
id10710,0.029756822784967867,0.9544055911852081,0.015837586029824102
id18885,0.6106696458277083,0.09142154877904814,0.29790880539324366
id10689,0.041291006289455055,0.020217607427120175,0.9384913862834249
id00486,0.06815496124760452,0.03766170344570625,0.8941833353066893
id02370,0.8955728864980359,0.05524689593493487,0.049180217567029255
id22279,0.9020850674524692,0.045283994680788066,0.052630937866742784
id16068,0.8840277688146544,0.0542128552659873,0.06175937591935822
id04053,0.04130917820268651,0.01928433009011791,0.9394064917071956
id09228,0.9212471315773083,0.03603129904095824,0.04272156938173343
id04227,0.117906152823639,0.7633422844049884,0.11875156277137258
id13578,0.32767172139631356,0.22889828819575914,0.44342999040792735
id18744,0.1732151412411438,0.549376273167754,0.2774085855911022
id22966,0.04735194407857524,0.024541830400374998,0.9281062255210498
id02979,0.7350120832809072,0.10545383917265244,0.15953407754644047
id26203,0.8039922955308791,0.12154060202685978,0.07446710244226107
id21184,0.8875170504158473,0.05403132249763719,0.05845162708651544
id19201,0.883583197372977,0.047589828719508905,0.06882697390751412
id20340,0.029903517290343084,0.9536385817270833,0.0164579009825737
id00692,0.14003822837159274,0.11422297404128964,0.7457387975871176
id17757,0.34485346559804825,0.06339742407921663,0.5917491103227351
id22771,0.05396160713801069,0.028720121725862732,0.9173182711361265
id10753,0.05085497411393927,0.9237524746278597,0.025392551258201106
id11899,0.8373056410315354,0.09075741493730966,0.07193694403115508
id20961,0.5003211740322079,0.14867668109174476,0.3510021448760474
id06095,0.2775047080164261,0.6370069001372229,0.08548839184635103
id23625,0.4647002638721188,0.4374404002815776,0.09785933584630345
id03942,0.9139997283301049,0.04206826717632244,0.04393200449357275
id19591,0.15021346570079572,0.1074027118038782,0.7423838224953261
id19732,0.8804543399107762,0.05157752549805325,0.06796813459117065
id24912,0.030071027650188164,0.953857218996562,0.016071753353249833
id15060,0.8803039154547426,0.054033755118915554,0.06566232942634169
id08018,0.08563595583896123,0.8727722333025522,0.04159181085848651
id02851,0.8756185439255331,0.046374413719486494,0.07800704235498035
id02327,0.09350297666572187,0.03412226817269716,0.8723747551615809
id22631,0.8728015552522007,0.054445442129436986,0.07275300261836228
id22240,0.836663046754554,0.10026536039683914,0.06307159284860687
id05114,0.8040168117684957,0.05847692296756328,0.1375062652639411
id14979,0.03224636240059232,0.9504659676947027,0.017287669904704935
id25837,0.030951422303262324,0.9520307120947745,0.017017865601963077
id17457,0.830135660404715,0.08345046991954139,0.08641386967574366
id23050,0.042242935191972864,0.01965245192449611,0.9381046128835311
id06461,0.8601493002787589,0.0489812425572999,0.09086945716394129
id03154,0.3078480158596085,0.06589807451609793,0.6262539096242936
id20285,0.9107803353702364,0.03964424285871839,0.0495754217710452
id23166,0.03125257579212787,0.9521584881165877,0.016588936091284538
id11496,0.5664027554083815,0.31724109099511616,0.11635615359650231
id09569,0.8693537255813141,0.06560165916521997,0.0650446152534659
id11193,0.6739452031393058,0.15467109066469562,0.17138370619599855
id26696,0.8883346112053475,0.05965927101898437,0.052006117775668166
id15363,0.5561545505709593,0.31249734572426724,0.13134810370477346
id13046,0.8165035398656643,0.10227649329195972,0.081219966842376
id17653,0.03629108596955629,0.945675768696655,0.018033145333788747
id18812,0.06101567151317765,0.024276839157277526,0.9147074893295448
id23232,0.02995065347491718,0.9535982549480665,0.016451091577016325
id05290,0.5454314629119705,0.08722285657641231,0.3673456805116172
id10667,0.8986559312943398,0.05101596820975976,0.05032810049590039
id15546,0.038803245491954505,0.018800332485314812,0.9423964220227307
id05862,0.5156164552932558,0.10832190621141062,0.3760616384953336
id06225,0.12669638884409304,0.6871144360363254,0.18618917511958166
id17617,0.5984991334616924,0.060637752379176915,0.34086311415913073
id00814,0.08860696644858577,0.03428893498576703,0.8771040985656472
id18898,0.08427662666484138,0.04551081141524611,0.8702125619199125
id19395,0.029992928500247016,0.9539261300872961,0.016080941412456886
id19520,0.05219693765418046,0.9191659891812323,0.028637073164587395
id27501,0.036411158623810815,0.9387870180418935,0.024801823334295783
id06327,0.6091901252492474,0.16342936152778206,0.2273805132229706
id00330,0.06269198691714616,0.8805843610956205,0.0567236519872333
id03792,0.28330335584134314,0.41039946588470133,0.3062971782739555
id09320,0.7166561509869103,0.1380516378267077,0.14529221118638197
id04678,0.0502752748197058,0.02560715980341425,0.9241175653768801
id11663,0.8562546857773158,0.061695215105938575,0.08205009911674571
id24945,0.1124701880625062,0.04286941540019258,0.8446603965373012
id03046,0.031574116990523746,0.9511767676381133,0.017249115371362932
id20236,0.8907420949198848,0.0474676168556567,0.06179028822445858
id07869,0.8221825035878233,0.07345958635232028,0.1043579100598564
id08152,0.043780069847329926,0.020302855140296942,0.9359170750123731
id02910,0.030460394626303955,0.9529410944616902,0.016598510912005978
id26837,0.15574651303617826,0.7162008737885648,0.12805261317525704
id24188,0.03351572227883931,0.9453880370769758,0.021096240644184694
id08748,0.26451206034927516,0.1627153055508017,0.5727726340999232
id18608,0.09599640140229401,0.03582083875756317,0.8681827598401428
id18773,0.18658792201980795,0.09437765969756022,0.7190344182826318
id21822,0.8926580532640914,0.04573055534793217,0.06161139138797649
id09721,0.258098282371756,0.05657821647196425,0.6853235011562797
id23152,0.8721330029999339,0.04587962286870185,0.08198737413136424
id02249,0.029848123675260796,0.9543659218156403,0.015785954509099014
id14065,0.4557672982769128,0.1864644406974075,0.35776826102567977
id01598,0.7253889242059757,0.14038632649601498,0.13422474929800932
id06294,0.0844292997769849,0.031846108909711325,0.8837245913133038
id19196,0.8639499666331434,0.05665336917293472,0.07939666419392184
id06846,0.8863938348737367,0.0588148417339991,0.054791323392264245
id02239,0.04714783926486792,0.02095490346544652,0.9318972572696855
id20363,0.08933622458755747,0.02893931370199747,0.881724461710445
id14986,0.189454280077518,0.7545150639165534,0.056030656005928645
id25864,0.05924075805678491,0.03936313921330711,0.901396102729908
id22272,0.26344463166047777,0.05915381560968678,0.6774015527298355
id06212,0.27072543082923856,0.05604929650261977,0.6732252726681417
id15497,0.3128636075939989,0.6135050925179184,0.07363129988808276
id12206,0.0392440587326822,0.0189595097630122,0.9417964315043056
id03109,0.04048474992681531,0.904077685661001,0.05543756441218376
id00812,0.056420150629240745,0.02598172351419582,0.9175981258565634
id04837,0.39729519162810417,0.12287325802247843,0.47983155034941743
id14518,0.46692176573568306,0.445342314049867,0.08773592021444997
id18095,0.10319828309597519,0.8542237952128344,0.04257792169119049
id15831,0.6691450555158535,0.20219112672335304,0.12866381776079353
id12558,0.2924879128299859,0.14747712063144788,0.5600349665385662
id27858,0.9008152557955179,0.049145807853168605,0.05003893635131353
id24074,0.8267725782459696,0.07425251343396916,0.09897490832006131
id23039,0.9122796750182535,0.03990944339803828,0.047810881583708276
id23415,0.03020850232412476,0.9539874338803384,0.015804063795536838
id00613,0.04541178158402851,0.021913617681054574,0.9326746007349169
id11373,0.4223487240002752,0.06314623473685932,0.5145050412628654
id00493,0.03306647498076111,0.9459310045016064,0.021002520517632628
id20781,0.7630427046575667,0.11727702059810173,0.11968027474433153
id16367,0.883617123457619,0.05869162840961933,0.05769124813276155
id09831,0.037266377964786476,0.9429928385580519,0.019740783477161603
id08016,0.03275586298807025,0.9495238903776986,0.017720246634231235
id02860,0.12067540697948846,0.7981473174660559,0.08117727555445567
id02382,0.18133803342093852,0.09338412871283495,0.7252778378662266
id06900,0.22653343342532425,0.055889530512131205,0.7175770360625445
id26499,0.9199268696120491,0.03746519845884346,0.042607931929107536
id21696,0.6125773516265988,0.08857926739335223,0.29884338098004903
id21364,0.7497292233590239,0.16266387925346856,0.08760689738750752
id02752,0.739983896464587,0.11168710384366759,0.14832899969174543
id02765,0.8132866182538963,0.05999360021127415,0.1267197815348296
id10307,0.8902040415624842,0.05314835579885714,0.0566476026386587
id26542,0.8400665665447203,0.06774771901274737,0.09218571444253226
id05416,0.5278089719209391,0.14752891299625917,0.3246621150828018
id03671,0.05219485367531097,0.916941248785384,0.0308638975393051
id03740,0.030132996807468466,0.9538285644162792,0.01603843877625234
id25818,0.9007465152559746,0.0488807350327685,0.050372749711257006
id23290,0.903374229474488,0.04618890871209083,0.050436861813421205
id13438,0.0538094838927803,0.023064267232527885,0.9231262488746919
id15502,0.8804614206087623,0.048108071465667694,0.07143050792557008
id18946,0.8407422129333633,0.056114129866683106,0.10314365719995369
id26357,0.0871515587734667,0.7273230717658418,0.1855253694606915
id13701,0.857092559527644,0.07759164904881398,0.06531579142354199
id20217,0.03051978937171417,0.9519899961163459,0.01749021451193988
id12716,0.5277551280871456,0.28487775176061786,0.18736712015223655
id03995,0.035695445467068584,0.9450685888499285,0.019235965683002898
id16808,0.9140838171374143,0.03943095794246941,0.046485224920116204
id11082,0.4016266002007117,0.07190409866357272,0.5264693011357156
id06832,0.04640066099105808,0.020763886605639603,0.9328354524033023
id11655,0.10124150720333777,0.8603130709850066,0.0384454218116556
id12727,0.7262840046808341,0.16976569042128437,0.10395030489788164
id14495,0.057970821966555376,0.025242142890992986,0.9167870351424516
id15414,0.42252294697367015,0.07137332786645456,0.5061037251598752
id03844,0.7725191015202597,0.06497950502183299,0.16250139345790734
id22810,0.14927450958288244,0.11391621610320712,0.7368092743139105
id05794,0.030018311246634906,0.954142619448303,0.015839069305062087
id01611,0.05885775112743535,0.02567763356488833,0.9154646153076763
id11150,0.03077183984468466,0.9515918548722812,0.01763630528303421
id27616,0.7102343977017512,0.18206413955395911,0.10770146274428971
id09738,0.6698468326575057,0.24651007272396783,0.08364309461852663
id23766,0.03577398073284534,0.9453768424413302,0.01884917682582441
id06124,0.3427176831174836,0.2370931652800461,0.42018915160247033
id00926,0.7332221797747973,0.19079774424626028,0.07598007597894244
id11991,0.04053524732369425,0.01952549251838727,0.9399392601579185
id22681,0.32085483924927305,0.6064819237200643,0.07266323703066274
id00979,0.44914491115159577,0.17525725138027204,0.3755978374681322
id26300,0.7410967331024424,0.11915648812648631,0.13974677877107136
id15518,0.04690397357695007,0.022565573662898342,0.9305304527601516
id26839,0.9005446418860206,0.0484986283914233,0.05095672972255619
id16154,0.8793121838782482,0.04821070207439706,0.07247711404735484
id12877,0.8462728986050835,0.06899583029932398,0.08473127109559257
id02816,0.5867501436259707,0.32959239337632756,0.08365746299770181
id13400,0.06110124013502781,0.026720833608722263,0.9121779262562499
id14369,0.4944446362909735,0.4219692983075567,0.08358606540146983
id04073,0.8540167990146663,0.06654414525444946,0.07943905573088432
id04639,0.11429242573662458,0.6778944397577124,0.2078131345056631
id09970,0.08768962093469213,0.036234146422515816,0.876076232642792
id23994,0.6724028390105377,0.24187804108351696,0.08571911990594541
id24728,0.029971257982800897,0.9542965294206168,0.015732212596582345
id11539,0.6747508173283496,0.22441827982390827,0.10083090284774211
id18368,0.05384042527765301,0.02834399747813717,0.9178155772442098
id07722,0.663220748322415,0.15663441174856318,0.18014483992902194
id10355,0.14011553222142448,0.7710280275485312,0.08885644023004424
id02842,0.8493415793472885,0.08815397082599966,0.06250444982671191
id02826,0.9204293725235236,0.03728226174593765,0.04228836573053872
id14517,0.7238220541176873,0.16070470928861127,0.11547323659370146
id14833,0.2663048780846621,0.056097595427008845,0.6775975264883292
id00491,0.9161550683208121,0.037660473828653764,0.04618445785053419
id10784,0.14704327748459853,0.6532191397272826,0.1997375827881188
id27648,0.9123813319392398,0.04131892564926751,0.04629974241149276
id00372,0.2592838300022823,0.139878540672188,0.6008376293255298
id12796,0.13447613192293104,0.04430480052636163,0.8212190675507073
id06215,0.21519115125829402,0.7163272127794261,0.0684816359622798
id24722,0.04239779433492254,0.020188210358371695,0.9374139953067058
id02729,0.2968341514936251,0.1956988151435727,0.5074670333628023
id01783,0.056977486090802665,0.0318032495096962,0.9112192643995011
id03025,0.05966433630052325,0.031876612172749196,0.9084590515267276
id03714,0.30628373529150255,0.6085495566516302,0.0851667080568673
id00173,0.37887815035423916,0.21193360318662677,0.4091882464591341
id09268,0.05332983746254418,0.02306849682813524,0.9236016657093207
id08738,0.26527730497085755,0.6644768853881546,0.07024580964098781
id18561,0.9172196815665206,0.037108216384447126,0.04567210204903232
id04877,0.914360379946854,0.037577250923091894,0.048062369130054176
id15173,0.05471337799853571,0.9188103577440148,0.026476264257449537
id23020,0.4496659838609156,0.20209693382731606,0.3482370823117684
id04105,0.03639174849657181,0.9435071142738108,0.020101137229617427
id27807,0.776262389725254,0.06596008336252145,0.15777752691222455
id08966,0.9081811771414228,0.043256913888734067,0.0485619089698431
id15469,0.08059045497910478,0.03835962828273446,0.8810499167381608
id26904,0.3635101422424234,0.2022670995642575,0.4342227581933191
id14258,0.8378828013057935,0.08552024968633987,0.07659694900786664
id04371,0.046452197043571355,0.020710351391274685,0.9328374515651541
id13963,0.3788886171508196,0.06273815895917037,0.55837322389001
id19097,0.732398322710506,0.08338727355813334,0.18421440373136067
id00350,0.042917341200445276,0.01970111586306221,0.9373815429364926
id03571,0.8726330123014282,0.0695533464731237,0.05781364122544811
id05647,0.810366908508402,0.05814824078755857,0.13148485070403956
id03720,0.03497768657314901,0.9453004916465741,0.019721821780276715
id10208,0.8941782306763477,0.0505406118911467,0.05528115743250565
id04526,0.06753820856972363,0.8873465323032852,0.0451152591269912
id23694,0.050625219531380904,0.9203063057937678,0.0290684746748514
id13795,0.8908002981114551,0.051878233500447235,0.05732146838809765
id04551,0.06487376587163267,0.9070103485113065,0.028115885617060923
id13292,0.9149817979044026,0.03871756973673974,0.046300632358857605
id18196,0.2622172479213664,0.6208646563156199,0.11691809576301368
id12175,0.9150924309005468,0.038445985132557835,0.046461583966895266
id09482,0.884253137645172,0.057722440206850745,0.05802442214797735
id17574,0.2500030660800083,0.06909918500292742,0.6808977489170643
id12316,0.031410593025968464,0.9518873769243439,0.016702030049687577
id01875,0.09598436284650584,0.03075312827090828,0.8732625088825858
id12688,0.02977275837096527,0.9544941535937513,0.015733088035283387
id12192,0.4368845191455311,0.09323036813966176,0.4698851127148072
id14713,0.05319656376174479,0.024902984235917358,0.9219004520023378
id05961,0.04324298421509039,0.02062009777884604,0.9361369180060636
id04556,0.7292154959064052,0.058572438300770795,0.212212065792824
id20641,0.3506263893430924,0.5700117525816323,0.07936185807527532
id24624,0.2396221813447782,0.16906744619179917,0.5913103724634227
id20096,0.04518697367628786,0.02245993773198272,0.9323530885917295
id03013,0.6338542650949499,0.1850473390214502,0.1810983958835999
id06775,0.869136907534731,0.04676509066479269,0.08409800180047627
id17068,0.8582622044502775,0.07675362210647733,0.06498417344324528
id25344,0.2723825554987393,0.6564757109981277,0.07114173350313302
id04523,0.7317236925345024,0.16651556847531074,0.10176073899018684
id00132,0.8867587880510164,0.057264140242113855,0.055977071706869885
id11631,0.046724159883513944,0.024583668119693914,0.9286921719967921
id09022,0.06685945012343844,0.02523078299881013,0.9079097668777515
id10188,0.09712292262830449,0.04079098048752361,0.8620860968841719
id12752,0.8670437037795454,0.07736748263457688,0.05558881358587758
id02576,0.05313424356790018,0.8968167455004886,0.05004901093161117
id22768,0.8399235904430443,0.08907740688853008,0.07099900266842564
id25350,0.8404539685616683,0.06059291780331218,0.09895311363501952
id06560,0.9192397071444084,0.03771333551177078,0.043046957343820795
id20366,0.2153597994489416,0.06221233453724387,0.7224278660138146
id10840,0.9199932273932568,0.03745664309008261,0.04255012951666063
id18880,0.9179122825789627,0.03862171709641439,0.04346600032462285
id11683,0.6969167870384929,0.16051669045929085,0.14256652250221627
id14734,0.27775916632070713,0.050978143048681805,0.6712626906306112
id15336,0.8969192653423376,0.05282491506155727,0.0502558195961051
id15319,0.8789564112563488,0.05205576499145804,0.06898782375219312
id03829,0.4930922080128996,0.38642081336948925,0.12048697861761118
id18451,0.8557259638841981,0.05829580619030309,0.08597822992549886
id11816,0.9146616536554629,0.037805041989591816,0.04753330435494529
id21792,0.8323492237687133,0.08116150671588612,0.08648926951540047
id26921,0.8428993777550513,0.0491782312316903,0.10792239101325847
id08664,0.8363745175482673,0.05991676563213723,0.10370871681959555
id06944,0.21691306724445264,0.6663304106900275,0.11675652206551995
id20817,0.04275900887216905,0.02085532587576294,0.9363856652520681
id02759,0.8789558218866246,0.04875205958279005,0.07229211853058541
id01449,0.34842482519813944,0.5815445621127886,0.0700306126890719
id26909,0.8799248902081225,0.05839480489627295,0.061680304895604596
id03113,0.10120245644061446,0.030444159669160826,0.8683533838902247
id18364,0.5759111321851355,0.0694381549224872,0.35465071289237743
id21004,0.04997025094205226,0.02203337438704148,0.9279963746709063
id00305,0.36945154268112973,0.057609481400946363,0.5729389759179239
id03374,0.09213893460164578,0.8195563449995689,0.0883047203987854
id18916,0.7068861555287794,0.21459164720867227,0.07852219726254828
id06535,0.0424309343215261,0.9357413370268758,0.02182772865159816
id25067,0.9175858935311533,0.038095752774548235,0.044318353694298436
id27726,0.1886618592194011,0.17829967731282562,0.6330384634677734
id21767,0.863983212058101,0.05886060056799765,0.07715618737390134
id17581,0.9138377603529659,0.04106715469636099,0.045095084950673076
id02354,0.47978078729233253,0.0620279837230757,0.45819122898459186
id16505,0.8766385663523432,0.05471351994929199,0.06864791369836497
id00573,0.4145500066482718,0.17405866017181434,0.41139133317991383
id23256,0.9013488352113843,0.040879379980392254,0.05777178480822337
id25798,0.048346691323926695,0.9223874212173072,0.02926588745876609
id10439,0.30162178581071813,0.13358162946343718,0.5647965847258447
id00652,0.06713852447661743,0.04746809115166417,0.8853933843717184
id17696,0.9184556078431318,0.03865607210034875,0.04288832005651952
id22911,0.05863218609715227,0.029842134491360264,0.9115256794114875
id19382,0.7772304221284865,0.08530137085980288,0.13746820701171072
id12258,0.17337866319300793,0.09294709351172341,0.7336742432952686
id19349,0.030547815925247603,0.9522836029225162,0.017168581152236163
id05653,0.2182803572051854,0.12455303982306472,0.6571666029717499
id24532,0.045283455723940866,0.021377396427256116,0.9333391478488031
id04344,0.8907200167310995,0.04833863875787597,0.06094134451102462
id26369,0.05420773083469201,0.9050548999060909,0.04073736925921714
id07974,0.27156561022291265,0.05294693520189436,0.675487454575193
id11844,0.04481619322690696,0.020095875357054184,0.935087931416039
id15836,0.9012706743690081,0.05053021103447413,0.048199114596517864
id03278,0.044973760478787296,0.02047102467803706,0.9345552148431757
id25245,0.9165597043661737,0.03817948045059248,0.04526081518323373
id10690,0.09108461860544467,0.7418594895014937,0.16705589189306158
id13618,0.9035887573937004,0.046395627727846264,0.05001561487845341
id05898,0.2558595107144267,0.09644587196975123,0.6476946173158221
id08866,0.030858310738571433,0.9523696877522749,0.016772001509153544
id21212,0.04754176664028132,0.023117579387864167,0.9293406539718545
id14035,0.9195574217831443,0.03631359999225441,0.044128978224601385
id27517,0.14161791560842307,0.04015340981945259,0.8182286745721243
id22280,0.6336319628717507,0.2700958201262214,0.09627221700202786
id05488,0.8299513484250616,0.10429061966313241,0.06575803191180617
id07921,0.03099199092515543,0.9527645997949913,0.016243409279853297
id26774,0.08367012297478922,0.030311358890946993,0.8860185181342638
id05200,0.039272783886122514,0.9398756447745796,0.02085157133929784
id07514,0.6716694619207966,0.24938463015231138,0.07894590792689206
id26147,0.05219435187738927,0.02700480411647037,0.9208008440061403
id16015,0.28485393875793596,0.0702486306449805,0.6448974305970835
id05730,0.9129958723864554,0.04016286319676968,0.04684126441677496
id10680,0.38098527922387515,0.3170553136927118,0.3019594070834132
id17677,0.6869206017193912,0.08304700271682132,0.2300323955637875
id11519,0.07182855287773739,0.027065833836283554,0.9011056132859792
id03255,0.9198362801251727,0.03825588085650928,0.04190783901831793
id04658,0.31851696634708065,0.2759995128258379,0.4054835208270815
id15449,0.04226720135779032,0.021430408247861542,0.9363023903943481
id08702,0.047916647975120887,0.9283824605236759,0.023700891501203355
id20255,0.24239598557029765,0.5986421934705741,0.15896182095912828
id03108,0.029602396700285787,0.9541790623355237,0.016218540964190533
id09118,0.04001246153116744,0.019483459253218306,0.9405040792156143
id16335,0.32911159464450623,0.06949646598874377,0.6013919393667501
id05595,0.8887775552424892,0.051664597765696,0.059557846991814815
id06774,0.7872294050909214,0.056819420888203846,0.1559511740208748
id23750,0.044495652578603585,0.020275528503810952,0.9352288189175855
id23246,0.8915099808398436,0.048864006864384475,0.05962601229577192
id06156,0.091162200247471,0.2318010344452647,0.6770367653072643
id01049,0.4391211824797658,0.3680654631277546,0.19281335439247954
id22801,0.03018121136421642,0.9538859254368316,0.01593286319895194
id14034,0.9005749203854492,0.04179371494478916,0.05763136466976175
id01156,0.0381954696485675,0.9410319369899871,0.020772593361445442
id13489,0.2785305832679704,0.5815980738302312,0.13987134290179842
id18217,0.4511342347606196,0.27249473392523194,0.2763710313141485
id02048,0.2078213080901275,0.7148840350541908,0.07729465685568163
id03684,0.8802367948225592,0.06542263611860191,0.05434056905883885
id11208,0.03947536415782083,0.018983823835008868,0.9415408120071703
id14453,0.17921598277957446,0.04632914603245802,0.7744548711879675
id03798,0.4360775926415922,0.077490385000525,0.48643202235788285
id19911,0.23782798247932072,0.6322987484536859,0.1298732690669933
id04907,0.048937220621307474,0.023917132922942466,0.9271456464557501
id11148,0.9095872547997886,0.04504869665683775,0.04536404854337361
id23996,0.03162749443809864,0.941738603132198,0.026633902429703316
id19833,0.8756084165175925,0.06746081252355812,0.056930770958849436
id01932,0.9208723156232836,0.036977934985615135,0.04214974939110106
id12137,0.6053753815153355,0.2432987026077091,0.15132591587695549
id20511,0.768491423210083,0.07291640659667337,0.15859217019324373
id09367,0.03038479986163115,0.9534925575313734,0.016122642606995446
id20856,0.04809635073740158,0.020927901604724738,0.9309757476578737
id20704,0.8737923723098151,0.04528209403132281,0.0809255336588621
id14526,0.5198502256037237,0.1063170349076588,0.37383273948861745
id08881,0.21028452017161392,0.7251922380791468,0.06452324174923937
id04366,0.873632282708272,0.07277752616364412,0.05359019112808377
id05521,0.2218248477764507,0.17698074739499312,0.6011944048285561
id10588,0.04884241403893064,0.023012409338224127,0.9281451766228452
id20689,0.055524065602083936,0.9173827502438437,0.027093184154072324
id16667,0.18052049972960807,0.7297492973399067,0.08973020293048532
id25279,0.737560620842757,0.07884233346774049,0.18359704568950252
id24194,0.05132068823790047,0.908381164944675,0.04029814681742445
id27341,0.9137967585402333,0.040481785994572514,0.04572145546519418
id25695,0.14401920052817435,0.04362970512600396,0.8123510943458216
id01758,0.29804264686121235,0.1385144420106405,0.5634429111281473
id02431,0.08432328214529136,0.8553376821646508,0.060339035690057885
id19940,0.04295215801878625,0.020133838548926385,0.9369140034322874
id23926,0.894885530618851,0.05147339897013103,0.0536410704110179
id14343,0.0571154445825062,0.02499896527433959,0.9178855901431542
id06043,0.048145902780040294,0.021937901235306402,0.9299161959846532
id05551,0.6870173589482568,0.07478836598084317,0.23819427507090016
id16698,0.029984072092082818,0.9534952069610843,0.01652072094683288
id26006,0.918338545460364,0.03861911095639598,0.04304234358323998
id16244,0.03512309114151045,0.9442053655518011,0.02067154330668838
id21129,0.9131398138482107,0.039138001290578484,0.047722184861210645
id14317,0.04677896775875602,0.024608908482278563,0.9286121237589655
id16443,0.4321256992491927,0.1500045109480684,0.4178697898027389
id00044,0.04342219018022142,0.019998182425389123,0.9365796273943895
id01365,0.03276556021101976,0.9499239268270592,0.017310512961921064
id12797,0.5510783331243527,0.10286689570327097,0.3460547711723762
id21275,0.8586384507235487,0.059664832085363155,0.08169671719108797
id13801,0.1473436373892013,0.07583444543468651,0.7768219171761123
id20770,0.03162163684611202,0.9502142628294894,0.01816410032439867
id03078,0.9007909782145033,0.050482778448132426,0.04872624333736434
id21589,0.5672148334050396,0.07525302276683098,0.3575321438281295
id25572,0.07516569099717196,0.03470586838884921,0.8901284406139789
id10712,0.9179414735103463,0.037366269126231234,0.04469225736342247
id25061,0.26102486312484735,0.534948172060863,0.20402696481428972
id03163,0.04848429176496976,0.02168622985431391,0.9298294783807163
id12341,0.7078276437171773,0.06239961380209212,0.22977274248073054
id25107,0.03184612416640718,0.9514375425304418,0.01671633330315092
id21945,0.9173843301976369,0.039050906830614476,0.04356476297174869
id14078,0.16995923815410524,0.30735191746282253,0.5226888443830722
id06876,0.05137256845798922,0.02206180946375095,0.9265656220782598
id05232,0.3194184839015721,0.6072353149178515,0.07334620118057628
id07071,0.13116792059142401,0.03729549613798002,0.831536583270596
id10646,0.12205043589002454,0.5876314882050782,0.29031807590489733
id25540,0.9030704698130375,0.04818388227663618,0.04874564791032637
id25607,0.04316765233656341,0.9338754888547556,0.02295685880868106
id16479,0.6066509642302169,0.1750665610108196,0.21828247475896345
id05998,0.07965284421647811,0.09864313987343994,0.8217040159100819
id20554,0.5652978756100556,0.08821240293784302,0.3464897214521014
id27217,0.8325861333383605,0.099187568422116,0.06822629823952352
id20110,0.17896817361910322,0.5201042633131813,0.3009275630677156
id01990,0.0315414548601423,0.951729694824162,0.016728850315695674
id17080,0.8371086835559483,0.06526354828602482,0.09762776815802679
id19120,0.8103106224893208,0.09987343959311894,0.08981593791756035
id08476,0.1013798659726999,0.041730178846445976,0.8568899551808542
id03715,0.08670613202822265,0.873715975417566,0.03957789255421142
id27208,0.9190873162136487,0.03663337322283608,0.0442793105635153
id04508,0.9168496000430116,0.037378498207837514,0.045771901749150856
id11233,0.21340914825813126,0.06603407869766582,0.720556773044203
id14237,0.9058591776872972,0.04474359785074515,0.04939722446195774
id12006,0.7372056983161792,0.17699618857218483,0.08579811311163604
id22925,0.04718435606026875,0.022031066876576574,0.9307845770631547
id07141,0.8124302485757642,0.05294629025295897,0.13462346117127696
id08449,0.7834328581492019,0.05937416498482724,0.15719297686597078
id16468,0.8965397118932372,0.04246695282135774,0.06099333528540502
id21415,0.4128507173801069,0.13826955876111172,0.4488797238587814
id09388,0.9109245679488258,0.04094338313529045,0.048132048915883754
id24767,0.029909612062517105,0.9542841987756234,0.015806189161859493
id19247,0.8855513013359934,0.047603656098241305,0.06684504256576525
id07068,0.8209314260018001,0.08934767895669264,0.0897208950415073
id27597,0.919594553142274,0.038622700883924256,0.041782745973801785
id21380,0.8424078802374315,0.060033562090803974,0.09755855767176452
id01178,0.04543164857698942,0.02015004977879789,0.9344183016442127
id15323,0.9146091723601147,0.041575739681582964,0.043815087958302135
id14784,0.8853863348685385,0.053972193412762166,0.06064147171869947
id07174,0.6886004601588772,0.10172296467951446,0.20967657516160834
id06577,0.8763379682792116,0.050096568210758065,0.07356546351003042
id06582,0.9038367359602042,0.0435250853470946,0.0526381786927012
id21088,0.0456643686367558,0.02055268681505728,0.9337829445481869
id16436,0.18129488129815544,0.7671831811861196,0.051521937515724966
id25443,0.5300625301414537,0.06660902979652228,0.40332844006202406
id16617,0.304177920685378,0.05745828432412197,0.6383637949905
id21757,0.03572856741052317,0.9431656522202239,0.021105780369252976
id25902,0.21168938379748148,0.6452856124491723,0.1430250037533462
id11238,0.2374659880903829,0.07625926673131542,0.6862747451783018
id13861,0.0425559702753553,0.929346148356495,0.028097881368149735
id04171,0.04579468607137962,0.02160457971263266,0.9326007342159878
id21483,0.04828120484706565,0.02096963496318525,0.9307491601897492
id12635,0.07649269412656588,0.869625817789438,0.053881488083996024
id11666,0.6738462701043091,0.23701775243463732,0.08913597746105364
id21552,0.8636292379009078,0.07026040683639954,0.06611035526269254
id13582,0.03679918707342553,0.9431865274151449,0.02001428551142963
id06447,0.6195364343628526,0.06742973753934833,0.3130338280977991
id22998,0.09107794554659862,0.03132207231034298,0.8775999821430583
id15616,0.04621626887486866,0.020693083931352715,0.9330906471937787
id09613,0.05617827615676636,0.9178867520316022,0.025934971811631374
id09318,0.6504751120882903,0.21275579113328222,0.13676909677842744
id07653,0.9222074208777468,0.035725975292676786,0.0420666038295766
id21311,0.9088560913930673,0.0404595733245991,0.05068433528233348
id21030,0.4523277082379176,0.16181638564367612,0.38585590611840626
id10363,0.09170402874293508,0.8088458389792273,0.09945013227783767
id02624,0.42518115776111576,0.06151115878224858,0.5133076834566357
id21462,0.1168157072008004,0.14584467450423746,0.7373396182949622
id24961,0.07317807639689561,0.7846093143242154,0.14221260927888904
id08598,0.07727208069433954,0.032107824274540925,0.8906200950311195
id22701,0.5082992860181824,0.40492278119102115,0.08677793279079656
id24954,0.4552069396138852,0.0620672433151072,0.48272581707100765
id24432,0.901681957468741,0.04738622850433402,0.05093181402692499
id08123,0.24806202090583526,0.07852469933681193,0.6734132797573528
id08456,0.052318021970256846,0.023630080583638483,0.9240518974461046
id02792,0.3789793190795179,0.14497046772515437,0.4760502131953277
id01034,0.03289460670251065,0.9495535152929478,0.017551878004541457
id05336,0.6639234750092649,0.19717453906537621,0.13890198592535896
id16773,0.5029566144934878,0.08231203429566965,0.4147313512108426
id20275,0.13641607011529563,0.816980996890417,0.0466029329942873
id22357,0.036481367526415544,0.9430444025542811,0.02047422991930342
id08426,0.9080415849310098,0.04266281293321469,0.04929560213577547
id26118,0.9103625259364166,0.03903684509411231,0.050600628969471075
id27377,0.40871675854186923,0.06529176494895174,0.5259914765091791
id19738,0.048519117395535716,0.9192302401178375,0.03225064248662678
id27211,0.7161308398606945,0.17327134083687074,0.11059781930243485
id20362,0.47311815517107486,0.0633586772366468,0.46352316759227824
id10769,0.4937169960555131,0.07282006374518442,0.43346294019930237
id02037,0.16395300455509396,0.730222698744153,0.10582429670075315
id24338,0.9162998199139436,0.03815490636142428,0.04554527372463211
id21154,0.03364918064019828,0.9483232141935315,0.018027605166270232
id15815,0.05517891641743954,0.028867275373181685,0.9159538082093787
id03643,0.08502613667994176,0.05548087140695325,0.859492991913105
id24266,0.03070330205109875,0.9520055552793356,0.01729114266956566
id09707,0.3235410750449767,0.21267525268720494,0.4637836722678184
id22786,0.9227384303115184,0.03604599602102391,0.041215573667457775
id27783,0.4356596121178871,0.122026063906805,0.44231432397530784
id13684,0.4705159215959821,0.0722301563117128,0.4572539220923052
id03721,0.7225017858136288,0.17727674150807746,0.10022147267829384
id00139,0.2639000111333195,0.45129308464468043,0.28480690422200017
id07113,0.4008215835469248,0.12325490515304764,0.4759235113000276
id25748,0.8721239220979324,0.061955178683453516,0.06592089921861415
id01901,0.8617923724297525,0.05852401486989874,0.07968361270034878
id15688,0.7313237592074808,0.17268811119370064,0.0959881295988185
id20660,0.5713322897988307,0.08237089249157264,0.3462968177095967
id03335,0.905246173613417,0.047297609688787774,0.047456216697795366
id05947,0.06977495508463523,0.8997643558497842,0.0304606890655805
id14528,0.8299899118380989,0.10281071613034681,0.06719937203155434
id04437,0.8213029259158375,0.11466264629643569,0.06403442778772685
id10804,0.03460391019915088,0.947286267436465,0.018109822364384017
id17859,0.03302465989692313,0.9489422260459699,0.01803311405710687
id01631,0.15988452465190534,0.792017726694692,0.048097748653402723
id10949,0.2715172635532188,0.4258849626470231,0.30259777379975805
id02613,0.7799227253329163,0.09054172769607528,0.12953554697100841
id21773,0.036370981007949735,0.9446579078218942,0.01897111117015598
id08523,0.06015956924948872,0.024532472676343238,0.9153079580741681
id08014,0.030887670971627156,0.9520648629576345,0.017047466070738378
id08659,0.225846166316332,0.1718112894890037,0.6023425441946644
id17792,0.03745657965160389,0.9428599236899478,0.01968349665844838
id25612,0.17930982864316847,0.1519279963673898,0.6687621749894417
id27792,0.22117351966904694,0.6659103855505734,0.11291609478037976
id08889,0.43888467212776666,0.06826111453863533,0.492854213333598
id17156,0.8739791274934541,0.06366925319876361,0.06235161930778238
id04124,0.5257019815660852,0.06593836866387982,0.408359649770035
id05048,0.1995730616123323,0.08760639840849438,0.7128205399791733
id18882,0.04834590800605808,0.022717962161304128,0.9289361298326378
id03999,0.030613979683868364,0.9524562756573315,0.01692974465880016
id04390,0.16786439035780715,0.7716811305620455,0.060454479080147304
id06734,0.5219032720053618,0.06829187283075493,0.40980485516388326
id12623,0.4838268567662181,0.40170940847182685,0.114463734761955
id10904,0.20882779869902263,0.7296958405648746,0.061476360736102804
id23535,0.8547747216598228,0.08382211725065529,0.06140316108952189
id08442,0.5112237389520671,0.063217770552603,0.4255584904953299
id25272,0.9119878335893861,0.03848115580126767,0.049531010609346254
id15926,0.8187678190109186,0.11020784063964066,0.07102434034944087
id07186,0.06661934285647486,0.03176597560523291,0.9016146815382923
id20674,0.13939199407851205,0.5751852467742958,0.2854227591471922
id13297,0.7728190215994184,0.1428861156075424,0.08429486279303917
id08076,0.917024642374297,0.03777942855189799,0.04519592907380504
id10493,0.12597363706363957,0.04174037318626101,0.8322859897500994
id19450,0.9202164052191221,0.03726912873177729,0.042514466049100655
id21746,0.22641167130782833,0.6516283726415861,0.12195995605058547
id22034,0.04070552402061733,0.01941931421795796,0.9398751617614248
id05074,0.8977392404383119,0.04964621791031448,0.05261454165137366
id07348,0.08876860548943122,0.037886936071778725,0.87334445843879
id01308,0.5193925374759559,0.39986509380161916,0.08074236872242503
id06705,0.5564319376997021,0.06984153366469717,0.37372652863560074
id21444,0.9085127815663789,0.0405952411267947,0.050891977306826326
id12010,0.029694665881334723,0.9546869954383428,0.015618338680322565
id19949,0.03601411162156861,0.944087160302903,0.01989872807552833
id01125,0.5582756958690119,0.06828113248060659,0.3734431716503814
id20380,0.39471469244609275,0.05905856396165859,0.5462267435922487
id04880,0.917175105633017,0.04004153158453779,0.042783362782445225
id10095,0.3050577132238734,0.6218326703663557,0.07310961640977087
id01379,0.05258289991690618,0.9221804433752441,0.025236656707849813
id11651,0.9188219321682227,0.038903008127102144,0.04227505970467517
id24870,0.2690975097344932,0.42133590917472946,0.30956658109077734
id11307,0.08425880214016856,0.07250976299382754,0.8432314348660038
id00731,0.0340733688023269,0.9475447753091356,0.01838185588853736
id18806,0.8516761902195978,0.05847527967478913,0.08984853010561299
id16899,0.40681420634182575,0.09865172584833046,0.49453406780984394
id12522,0.06389780935542817,0.8756767710550454,0.06042541958952656
id20119,0.9160983099857843,0.04067622929390768,0.04322546072030803
id26937,0.21645479866338463,0.6780224944046775,0.10552270693193783
id27439,0.03237209932547018,0.950189393109375,0.017438507565154904
id27579,0.1954159617802266,0.04566502807821838,0.758919010141555
id13459,0.846552030973843,0.09353402989152886,0.05991393913462824
id11534,0.6303689417562577,0.08351179670804039,0.286119261535702
id19984,0.02988832309066376,0.9544516301714895,0.015660046737846767
id06404,0.913535593108792,0.04069880991369984,0.04576559697750824
id23309,0.2620033190268053,0.29512126003881156,0.44287542093438326
id19314,0.06401622186744373,0.8560968578285034,0.07988692030405291
id13300,0.035987171451620205,0.9418271401395989,0.022185688408780886
id09562,0.11842816267230696,0.0832976288808008,0.7982742084468922
id08036,0.3339986271733276,0.1282593424571722,0.5377420303695002
id03683,0.679793059122199,0.06807985917362358,0.25212708170417747
id04784,0.9185145886812907,0.037911201974563304,0.04357420934414606
id08715,0.07620295062697763,0.02905517641712058,0.8947418729559018
id08479,0.8610539320707227,0.05488634531473524,0.08405972261454198
id18360,0.7577515882917117,0.05933389907089231,0.182914512637396
id26170,0.08960575909850249,0.8576429684671112,0.05275127243438618
id20424,0.38119345533458787,0.06623310583335905,0.552573438832053
id10361,0.8667610438690329,0.0652980996368396,0.06794085649412754
id02335,0.12996065412429872,0.09896351456963241,0.7710758313060689
id18664,0.452927841537884,0.12949940004897795,0.417572758413138
id11480,0.8539335459418018,0.05194876233706901,0.09411769172112922
id13229,0.06870890968733762,0.026816980418182902,0.9044741098944795
id19658,0.05165596380942538,0.024727431123762304,0.9236166050668124
id01421,0.39844790461793517,0.06219310294004728,0.5393589924420176
id26050,0.8443107279814307,0.06213376311863206,0.09355550889993729
id27136,0.8976372695452323,0.04204922242361091,0.06031350803115691
id14688,0.14770199105515874,0.7889115715912082,0.06338643735363311
id24936,0.9201882009306759,0.03760118609474731,0.04221061297457686
id09776,0.0333167643000488,0.9488285893761196,0.017854646323831568
id14765,0.23345361348507543,0.06115452322902303,0.7053918632859016
id06704,0.0769873454235111,0.02979162091896874,0.8932210336575201
id06961,0.0974627177558628,0.03979495780277982,0.8627423244413573
id12725,0.3675463197628982,0.0891766053096687,0.543277074927433
id27875,0.16498688913106707,0.04655086059373089,0.788462250275202
id20750,0.20296737998339243,0.0500102551534691,0.7470223648631386
id19081,0.796090416409458,0.05891942368033982,0.14499015991020228
id05773,0.08373580160331119,0.03434454608638207,0.8819196523103068
id04241,0.29850549570302587,0.1570307895514069,0.5444637147455673
id24438,0.030917045222196217,0.9520400070791757,0.017042947698628238
id09353,0.8533990164687004,0.07187106971337218,0.07472991381792733
id19446,0.02998387259062629,0.9542594601052584,0.01575666730411529
id20203,0.1068822035527537,0.03384454865823078,0.8592732477890156
id07711,0.39238850701769035,0.34592176546939435,0.2616897275129154
id15758,0.868078831593616,0.05727140023569706,0.07464976817068691
id17665,0.2817063508885881,0.06786388871160928,0.6504297603998027
id14167,0.14183473971034724,0.03657982820413389,0.8215854320855189
id00687,0.2154746919234848,0.0675729997420274,0.7169523083344878
id00735,0.0877976691105554,0.036069969355287966,0.8761323615341567
id26443,0.10704137093870879,0.04069465752364363,0.8522639715376477
id15242,0.7214507548315426,0.2048214795267637,0.07372776564169373
id13474,0.03025783605827327,0.9506916862072302,0.01905047773449648
id04409,0.43329032999729994,0.48807342345588534,0.07863624654681478
id19438,0.2961976259949262,0.2460213418541546,0.4577810321509192
id04101,0.655824457808815,0.10057360989641417,0.2436019322947708
id26992,0.7588966670901677,0.16744380792310246,0.07365952498672972
id14645,0.03248436364202983,0.9500514777723019,0.017464158585668382
id26429,0.054341997618522375,0.9096073809381182,0.03605062144335952
id05710,0.8134974971023363,0.08437671700852814,0.10212578588913558
id07474,0.05525643739228413,0.033399729324592224,0.9113438332831236
id21067,0.34748074847293386,0.058995959935182495,0.5935232915918837
id20264,0.37152086027805825,0.46917783625200027,0.15930130346994145
id04991,0.04737569370797553,0.02094939542823738,0.9316749108637871
id07054,0.06766955846409006,0.026857526173293726,0.9054729153626162
id14413,0.5058916021593994,0.22262380768313494,0.27148459015746557
id21861,0.05213311291951085,0.024048540955923858,0.9238183461245653
id12933,0.033907460908655235,0.9483115252211072,0.01778101387023764
id08074,0.07462675815857063,0.02726543205311728,0.8981078097883121
id03176,0.7245819687153303,0.1203979731501711,0.15502005813449854
id15239,0.19052574523865326,0.043406758876325204,0.7660674958850215
id05322,0.08397995791351896,0.8805353703008584,0.03548467178562264
id25957,0.03922742690591392,0.0190703169358887,0.9417022561581974
id22789,0.05929723762264859,0.023353752524943604,0.9173490098524079
id03435,0.061273067488517616,0.02571949967016295,0.9130074328413195
id06122,0.05143341498758513,0.924006515300468,0.02456006971194698
id00869,0.4449921472381763,0.07631158281571208,0.4786962699461116
id23400,0.11994681756545973,0.32214833213204774,0.5579048503024925
id08127,0.9152514036491484,0.03785727227069999,0.046891324080151606
id08856,0.04070773714711096,0.01911579207102205,0.9401764707818671
id01919,0.18969135122589711,0.6944480885460927,0.11586056022801011
id22051,0.2881468568503985,0.6359752572366526,0.07587788591294904
id19791,0.9163677108159424,0.03748330441066674,0.046148984773390994
id06679,0.04218886771977724,0.019816066174952005,0.9379950661052707
id25385,0.030573522399814364,0.9532546510927987,0.01617182650738697
id04313,0.05435196713324128,0.029819251516749874,0.9158287813500089
id01389,0.03565091062897847,0.9439194316875182,0.020429657683503213
id17264,0.24288895216355308,0.1947757340837967,0.5623353137526502
id23062,0.7724035139679533,0.15033797705002797,0.07725850898201882
id17008,0.03694706033382633,0.9430224029466738,0.020030536719499815
id04746,0.03600464396055276,0.9432937474880112,0.020701608551435883
id11487,0.033078735200001694,0.9498179387496768,0.017103326050321558
id02111,0.19474366824014747,0.04703259549920571,0.7582237362606468
id08911,0.8463599079365525,0.09163220184444451,0.06200789021900298
id00845,0.9006984928848488,0.041780354140257846,0.05752115297489331
id02409,0.26011252957288167,0.10307595064375563,0.6368115197833627
id20141,0.035071135770069484,0.9403015494663355,0.024627314763595056
id06353,0.7933846860483835,0.08053378458350058,0.1260815293681159
id14766,0.8711585746481465,0.07196405316802494,0.05687737218382861
id05294,0.086677048574058,0.8471356563765262,0.06618729504941573
id12568,0.5681806345240445,0.28916832622935446,0.14265103924660094
id27571,0.0465949388279187,0.8910643630561402,0.062340698115941166
id20377,0.8677745602193105,0.05513070331938771,0.0770947364613018
id24340,0.08203518092229095,0.8796399647813339,0.03832485429637518
id05355,0.21204113756014922,0.21181212138777072,0.5761467410520801
id01246,0.03466393970736089,0.9445098177986945,0.02082624249394467
id17173,0.670226809178442,0.24638403312630475,0.08338915769525326
id16338,0.05600197910843616,0.03164373031529827,0.9123542905762656
id14712,0.03606520723511141,0.9454144720681482,0.018520320696740474
id10590,0.2835708722935263,0.09125545785270847,0.6251736698537653
id13157,0.08472024324305383,0.037459052656532696,0.8778207041004135
id23915,0.785594073981349,0.1283589328351613,0.08604699318348971
id05903,0.762565609039065,0.10392450758803236,0.13350988337290265
id03661,0.47602814035066365,0.20095425082012597,0.3230176088292103
id21177,0.8744843922872564,0.05814952909028084,0.06736607862246283
id12025,0.03242453096196368,0.9500152244654277,0.01756024457260843
id14031,0.8238393867072413,0.06524523235472254,0.11091538093803616
id21299,0.03878350670678054,0.01877542830870471,0.9424410649845149
id00758,0.047379345286403196,0.022795994944694822,0.929824659768902
id25034,0.8626005460164853,0.050586965962133135,0.08681248802138171
id01407,0.9192939488004146,0.036260378745791425,0.044445672453793994
id24205,0.03136798757151791,0.9516162003107632,0.01701581211771885
id22350,0.7263684787258307,0.18112340728906584,0.09250811398510353
id05983,0.11511127732309326,0.08957560434540796,0.7953131183314989
id23821,0.05803141170262976,0.8974962143174264,0.04447237397994388
id21960,0.04421063947686819,0.02437120279476346,0.9314181577283683
id08108,0.7276547638385283,0.08518479839985155,0.1871604377616201
id03232,0.08883052337666125,0.044152460561158756,0.8670170160621801
id12956,0.3550264285300174,0.08603177814672228,0.5589417933232603
id03217,0.05637852810022731,0.9168349391966208,0.026786532703151827
id08955,0.06385314263175557,0.8071258647067311,0.12902099266151335
id22567,0.18934529275004067,0.0903245117302396,0.7203301955197198
id20367,0.9215823147688439,0.03641850720054003,0.0419991780306161
id06319,0.7612392075852696,0.15733267018253458,0.0814281222321959
id14239,0.7252616974230777,0.07766613141439538,0.19707217116252693
id05013,0.6873152231767407,0.08005744712520885,0.2326273296980506
id26491,0.03948759172797461,0.9404180517013989,0.020094356570626488
id23540,0.282872489194678,0.16939024555604676,0.5477372652492752
id25631,0.05004425998695686,0.024498372870574124,0.9254573671424691
id01591,0.20388884699106566,0.0738161057636174,0.722295047245317
id01193,0.9174645604535173,0.039530024504963956,0.043005415041518696
id24819,0.06315635453831682,0.9069759372160986,0.02986770824558458
id08308,0.9166229438291719,0.03732747274894024,0.04604958342188799
id27567,0.04518470516078131,0.020512892871331637,0.934302401967887
id12998,0.08928079897251015,0.029181370390647353,0.8815378306368424
id08315,0.7257810203939619,0.09127950664099263,0.1829394729650455
id16118,0.8883295645276259,0.04588544871027246,0.06578498676210169
id27505,0.46580500160250665,0.45470698895637746,0.07948800944111589
id08529,0.03189639613731096,0.9504073573129804,0.017696246549708528
id20249,0.5700168896154674,0.09674195462956806,0.33324115575496466
id24343,0.12144904883671598,0.05428784246932795,0.8242631086939561
id03631,0.10022587871425731,0.8346276213814288,0.06514649990431402
id00349,0.05451016201464176,0.9122763079698305,0.03321353001552782
id04969,0.032162613715085234,0.9505596311310983,0.017277755153816438
id11856,0.35016503083519807,0.07206345040139116,0.5777715187634108
id26020,0.8582564586700501,0.07960345954582605,0.062140081784123946
id07957,0.9055191292677952,0.04722273374720892,0.04725813698499598
id03899,0.9079375434568409,0.043077418065648306,0.048985038477510776
id14650,0.9203189244405381,0.037055290040438504,0.04262578551902338
id21807,0.3439841796223205,0.14053529577260362,0.5154805246050759
id21685,0.9221011548728879,0.03648285247028324,0.04141599265682883
id06655,0.1964445424681472,0.7318265844052141,0.0717288731266388
id27764,0.8932151881264366,0.04892820691663763,0.057856604956925795
id02847,0.19356746901874672,0.7402796388265818,0.06615289215467153
id07271,0.9121238270007516,0.03909722422904696,0.04877894877020152
id15978,0.8700831745366555,0.05299715601480652,0.0769196694485378
id12075,0.2175321179291368,0.5037281941767053,0.2787396878941579
id23611,0.9226579844298018,0.03553895779628453,0.04180305777391367
id05191,0.7924120043172981,0.1345664673809002,0.0730215283018017
id04303,0.05682357196123302,0.029108791408285112,0.914067636630482
id12277,0.24005886308574134,0.3828722239261305,0.3770689129881282
id15582,0.8858063108792221,0.05996184534195436,0.05423184377882359
id02917,0.9194739404626779,0.03790431412776257,0.04262174540955955
id25622,0.5131496795806849,0.07140197705189476,0.41544834336742037
id16495,0.6728253873270628,0.24398468502939952,0.08318992764353768
id17839,0.07539123226826767,0.05714918376987006,0.8674595839618623
id20373,0.14836000438634397,0.3109265477092312,0.5407134479044248
id25342,0.4142033970661009,0.07546393225292779,0.5103326706809714
id13518,0.47331230300744537,0.27446602939309017,0.25222166759946457
id19958,0.45084913980369595,0.06600566646157427,0.4831451937347298
id00228,0.3870908190010671,0.5292927900293857,0.08361639096954726
id00367,0.35613865291864716,0.10249895641950692,0.541362390661846
id16274,0.02997867054556218,0.9540711120179204,0.015950217436517488
id27969,0.04541793153161394,0.9268713264249174,0.02771074204346865
id18474,0.7185819304406593,0.11105517068344346,0.17036289887589728
id02892,0.029828324915750593,0.9545001687990012,0.01567150628524818
id03838,0.03839442816424467,0.9414323810269978,0.02017319080875765
id08960,0.07583164916568026,0.8928016252257341,0.031366725608585604
id17320,0.11704891335426379,0.6303862468265753,0.2525648398191609
id20922,0.31156645638951497,0.196650698708399,0.49178284490208607
id17364,0.15162268511598714,0.19848955900821005,0.6498877558758028
id06523,0.6352752564888341,0.06654799834268921,0.29817674516847664
id16232,0.3895026413697297,0.5218669996354669,0.08863035899480343
id01886,0.03211944578209002,0.9510658386902161,0.01681471552769382
id18234,0.14161140348958562,0.8079591048677868,0.0504294916426276
id26057,0.8536626377652178,0.0729469089519979,0.07339045328278422
id09436,0.19000737658299174,0.7116651184902645,0.09832750492674375
id09543,0.03022274847688566,0.9537498666705314,0.016027384852582982
id15732,0.6771438247478382,0.17378833520618997,0.1490678400459719
id22927,0.7486608019111984,0.06833265345044166,0.18300654463835997
id26551,0.04147633915157242,0.020721872959470877,0.9378017878889567
id11126,0.37380385392549603,0.20448877321809414,0.42170737285640986
id02903,0.8914035147797322,0.05408760783685919,0.054508877383408545
id24549,0.030342548165837264,0.9537381046089595,0.015919347225203235
id01618,0.04736275440042991,0.9028984585193313,0.04973878708023884
id22005,0.03909769986309837,0.01893622896305144,0.9419660711738502
id02603,0.02965416063435084,0.9536301627097443,0.016715676655904795
id22118,0.8942763794419588,0.05650114374442852,0.049222476813612734
id24985,0.258859538820116,0.14518896396463438,0.5959514972152498
id19044,0.7575452271558352,0.17177553665111872,0.07067923619304611
id03296,0.03759405812897933,0.9400719599647775,0.02233398190624312
id17299,0.053306710253480154,0.9211711827299491,0.02552210701657074
id08251,0.5705042712105692,0.09955765602689859,0.32993807276253223
id05491,0.7992071003033806,0.1300805510560872,0.07071234864053218
id17009,0.9178492375327737,0.03706388711890027,0.045086875348325964
id07381,0.030303673571366343,0.9526863852736571,0.017009941154976532
id07643,0.8374729296567784,0.09840336319342133,0.06412370714980022
id24227,0.9061728200029446,0.042883264677984756,0.05094391531907063
id04099,0.82812305702138,0.06118306612111313,0.11069387685750691
id11393,0.16481411656360473,0.7628947317065069,0.07229115172988836
id19396,0.11218492218154838,0.8458144036347056,0.04200067418374606
id15362,0.9205016340256318,0.0362870799824987,0.04321128599186956
id00195,0.7722313101491926,0.06804074517022721,0.15972794468058032
id02296,0.045485147663075064,0.020523177382718763,0.9339916749542061
id27754,0.9051453998961974,0.045431087193955694,0.04942351290984691
id16471,0.5772865357011889,0.25402482453008507,0.16868863976872595
id15237,0.7265347170439219,0.15511152293237873,0.11835376002369938
id10099,0.03250140187457756,0.9500143186041526,0.017484279521269852
id21647,0.8272949587001402,0.07611361084942662,0.09659143045043317
id13571,0.03179418171886217,0.9498563325051814,0.018349485775956464
id15137,0.029944298829253233,0.9538070585555903,0.016248642615156517
id10965,0.1280913147353706,0.34870144268601605,0.5232072425786134
id24918,0.029799659977692586,0.9542518237607628,0.01594851626154463
id01700,0.5490711174080047,0.35115642678618353,0.09977245580581172
id03901,0.03555468345957389,0.9451759905026903,0.019269326037735873
id24411,0.21171813062830883,0.4470079789390235,0.3412738904326676
id02597,0.7681321869324205,0.09702933088976516,0.13483848217781436
id07981,0.04093557081459264,0.019775519397576248,0.9392889097878311
id07429,0.05322491913107858,0.024878577090825,0.9218965037780965
id13354,0.858835795246945,0.062202788966823463,0.0789614157862316
id25693,0.8405303481901075,0.08880484503386572,0.07066480677602681
id11305,0.40030317163270224,0.2428389642542883,0.3568578641130095
id26634,0.8995505855128856,0.05279491745537202,0.04765449703174237
id09180,0.903732461379144,0.04041379656647284,0.05585374205438317
id19991,0.848971346078063,0.05197114164827142,0.09905751227366552
id05497,0.10844070529838853,0.04884939687552561,0.8427098978260857
id08058,0.03476507341785661,0.9448424868543134,0.02039243972783007
id06612,0.12175014881996542,0.7375992048432461,0.14065064633678853
id22846,0.03196006374905542,0.9509247302735192,0.01711520597742548
id09588,0.9025689420657924,0.04390396321375307,0.053527094720454485
id10337,0.0481116660187599,0.02152266244532658,0.9303656715359135
id05744,0.922529830136545,0.03559396261536607,0.04187620724808887
id19624,0.039180307803093714,0.930085720295725,0.030733971901181222
id00939,0.031089711061588313,0.9514930317899344,0.017417257148477316
id24424,0.16488481613140737,0.12143206012011082,0.7136831237484819
id14406,0.11379817595709292,0.035700077224774356,0.8505017468181328
id08961,0.04721884854726745,0.022035734846572994,0.9307454166061596
id27004,0.7267182172729149,0.1336049973141968,0.1396767854128883
id24072,0.6365455027361329,0.2497969739084094,0.11365752335545781
id23738,0.03423500503801809,0.9483032580804442,0.01746173688153768
id13676,0.045790621891013156,0.023795752044321643,0.9304136260646653
id19636,0.0676048674475148,0.02775932644720385,0.9046358061052814
id09466,0.8849333369724347,0.06244579154377178,0.05262087148379344
id04434,0.32278003330517263,0.4098549578840672,0.2673650088107602
id24016,0.1189767986595213,0.8315136312721928,0.049509570068285984
id09168,0.3144387768956085,0.05291213249530932,0.6326490906090821
id24262,0.9183826833507766,0.03751324742028892,0.044104069228934395
id01441,0.49522908573026897,0.0795061976342711,0.4252647166354599
id20170,0.15500645686097023,0.041864208693830784,0.8031293344451991
id02342,0.8441708077994605,0.0594225857054288,0.09640660649511079
id23334,0.5246487471337192,0.3599746272207008,0.11537662564557989
id09262,0.8995685237674271,0.0411450718297619,0.05928640440281107
id17822,0.13349285306175468,0.06419913055401759,0.8023080163842278
id14466,0.20965675741937137,0.7064013299955213,0.08394191258510743
id14319,0.3993142210611881,0.14953314554519123,0.45115263339362066
id02387,0.8603481326739654,0.06935062153800778,0.07030124578802692
id13617,0.9164532331406476,0.039165669462485835,0.04438109739686656
id08025,0.6720346083211465,0.24800172642782126,0.07996366525103235
id23364,0.7034779017042118,0.19030054520347087,0.10622155309231741
id01438,0.12130465312862386,0.04360241203878183,0.8350929348325944
id05288,0.24755341235152317,0.5851414978085477,0.1673050898399291
id24441,0.4907166453087061,0.09273754591381698,0.41654580877747704
id18048,0.8152108513497839,0.05383166440979904,0.13095748424041714
id27822,0.054078692512986005,0.872259180136283,0.07366212735073106
id23906,0.4691885204982131,0.41232681631450635,0.11848466318728067
id07059,0.09630553728583399,0.1531054651783652,0.7505889975358009
id08357,0.7242414100590661,0.10358116165751381,0.17217742828342014
id13619,0.08408423996127971,0.12499867492902055,0.7909170851096998
id27086,0.04157795556871493,0.9363494954123421,0.02207254901894289
id03789,0.7799688925421758,0.0580795600993036,0.16195154735852063
id00177,0.044995160759912986,0.02054106773169319,0.9344637715083939
id01552,0.2411753532879814,0.054404989051444884,0.7044196576605737
id03027,0.2511029215184568,0.2093881486866695,0.5395089297948737
id15841,0.6462485019171706,0.27001269443580855,0.08373880364702076
id27214,0.16775770173293186,0.08368925151041186,0.7485530467566563
id14095,0.2029356802276708,0.7261078583072696,0.07095646146505963
id08434,0.035936264930289875,0.9450752006449089,0.01898853442480111
id05532,0.6714740526894276,0.21207059850061194,0.1164553488099605
id06247,0.030880387501001614,0.9508500884531136,0.01826952404588478
id09916,0.6154259170429299,0.18702499925759203,0.19754908369947813
id18651,0.911897880395046,0.04229141875922836,0.0458107008457256
id26324,0.033140425117846185,0.9442277938608051,0.022631781021348673
id27363,0.05577602996093753,0.028089816170945667,0.9161341538681168
id02302,0.13052506374181336,0.04158862588142278,0.8278863103767639
id12845,0.21481109278295527,0.07695104748360301,0.7082378597334418
id20294,0.5622496373217056,0.23819142569752602,0.19955893698076838
id04233,0.40049688419789503,0.13344219246326658,0.46606092333883836
id20000,0.03196797857315991,0.9514246121718042,0.01660740925503599
id02527,0.045498446072197864,0.02023426446096135,0.9342672894668407
id26763,0.029850356188755357,0.9544914456943681,0.01565819811687662
id15763,0.036719348345476514,0.9355640463616389,0.0277166052928846
id10374,0.9139639673950444,0.039520671297255665,0.04651536130769996
id00901,0.03404741432334116,0.9466244768787252,0.019328108797933733
id22161,0.06913197847393071,0.8870926990686571,0.043775322457412266
id15200,0.9175604685950883,0.03970245694821545,0.042737074456696264
id15430,0.6549901578728254,0.17879901992783614,0.16621082219933847
id27468,0.48456640432916376,0.06464472223432438,0.45078887343651186
id02378,0.04740656104901412,0.022889841297167954,0.9297035976538179
id23250,0.9184517280057433,0.036977077865464184,0.0445711941287925
id18374,0.039633267290995346,0.01893197320341185,0.9414347595055927
id01146,0.8816630437938687,0.06088149056479878,0.05745546564133248
id24617,0.9189704537939027,0.03657770262663058,0.044451843579466695
id01754,0.029957349783382627,0.9540677957182433,0.01597485449837406
id11383,0.08582190072874528,0.8764425494279271,0.03773554984332761
id24713,0.23368548141572915,0.6915372441103372,0.07477727447393369
id26161,0.721103966083778,0.16511580552338984,0.11378022839283215
id12466,0.26295019833687455,0.06000787109411716,0.6770419305690084
id17409,0.9057613818695376,0.04798727901998307,0.04625133911047929
id04066,0.40021847101136365,0.5059767520589112,0.09380477692972519
id16890,0.029769501481831235,0.954104433516427,0.01612606500174171
id03358,0.8352666165406838,0.0797493124804814,0.08498407097883491
id19133,0.8498424454865524,0.08535508744781217,0.06480246706563553
id07358,0.21458246757408286,0.5036683466955464,0.2817491857303708
id27773,0.04021191720522376,0.9393956672182954,0.020392415576480936
id10699,0.03244135426513008,0.9489862181915062,0.01857242754336381
id08693,0.9163711235991595,0.03945178519629144,0.04417709120454907
id11944,0.12094282472014109,0.8292611447987558,0.049796030481103225
id02240,0.15608267522518313,0.7823018963474531,0.06161542842736386
id23124,0.24867176201279587,0.58947549497916,0.1618527430080442
id05465,0.7655501356365305,0.11696779967741064,0.11748206468605889
id15540,0.24893677828121213,0.6720833450570147,0.07897987666177313
id16715,0.03946018491679782,0.019024002276475722,0.9415158128067265
id12563,0.05078517169947794,0.02525662434206445,0.9239582039584576
id00583,0.06211559237605541,0.8435309322986481,0.09435347532529653
id27730,0.1987913700871345,0.5544343424399573,0.24677428747290822
id00896,0.14439473776685896,0.1548219061612247,0.7007833560719164
id15031,0.4570081792029819,0.11859095225024605,0.42440086854677206
id23271,0.17018379621787924,0.2317012636186165,0.5981149401635042
id17004,0.2957505231206313,0.2580556708004666,0.4461938060789021
id10247,0.06529422538395789,0.0399737963828627,0.8947319782331795
id12055,0.8182625144057915,0.09388032468953857,0.08785716090466997
id22719,0.8636958588632785,0.05969134293218731,0.07661279820453432
id06891,0.11976245176185174,0.8362785421774134,0.04395900606073496
id27281,0.8490161011227627,0.08488704767700764,0.06609685120022976
id23104,0.865971606269028,0.04986713241531237,0.0841612613156597
id14491,0.04050830829859898,0.9394366999863277,0.020054991715073342
id24292,0.42429926426546777,0.48007813716304154,0.09562259857149066
id15777,0.35549218992329085,0.1428454831612808,0.5016623269154284
id22522,0.044981124998224715,0.02175470135857031,0.933264173643205
id25136,0.037222505101172046,0.9432974376075657,0.01948005729126227
id17735,0.13390236546051618,0.8204976212378322,0.045600013301651594
id18869,0.5107364384629611,0.08565295352663191,0.4036106080104069
id20815,0.07345076600606755,0.8932393420864088,0.03330989190752361
id15238,0.664318678594193,0.10837348741342985,0.22730783399237717
id24454,0.06211084526812853,0.027659157791194502,0.910229996940677
id14402,0.06606805675013129,0.028990817369985135,0.9049411258798836
id10985,0.9202931355128818,0.03727324718702287,0.042433617300095254
id12747,0.8769383952426453,0.06048605095602794,0.06257555380132689
id11581,0.7555901023554258,0.07669481026763939,0.16771508737693486
id07594,0.8762476512604257,0.052601000137021195,0.07115134860255314
id08240,0.8653488939909919,0.07319735151367651,0.06145375449533161
id12773,0.06396280104334065,0.9033595191036965,0.03267767985296283
id12838,0.7546530498834209,0.15467725444894428,0.09066969566763483
id23322,0.04293453497380087,0.9332387496321403,0.023826715394058846
id22344,0.8674022426688206,0.058400141322520915,0.07419761600865844
id12881,0.2746146678160255,0.0831581898426003,0.6422271423413742
id20147,0.04137810792593221,0.020505189713318113,0.9381167023607497
id13261,0.08814094347908857,0.8753172982476021,0.03654175827330941
id01842,0.04222089382149424,0.01971924916278411,0.9380598570157217
id25884,0.9053202052438952,0.04525343825835518,0.04942635649774973
id01643,0.836108720482101,0.08912234137226936,0.07476893814562952
id26737,0.05315174749710349,0.9122156806945189,0.0346325718083776
id10558,0.18418277531809524,0.7479074656630096,0.06790975901889529
id20458,0.038947699847908024,0.019073818542382145,0.9419784816097099
id23965,0.23618663236771947,0.6486238646693884,0.11518950296289215
id26758,0.20229019859683162,0.3118193090312643,0.4858904923719041
id27519,0.21973957054925286,0.7045540480570022,0.07570638139374491
id20676,0.503204517453756,0.3983125666729672,0.09848291587327672
id10536,0.8468338918256921,0.058224620339922366,0.09494148783438551
id12652,0.9069482541145978,0.038791460153364175,0.05426028573203807
id00041,0.06570754956724598,0.029424286442301297,0.9048681639904528
id16051,0.3602825844780816,0.22176908063385223,0.4179483348880661
id02396,0.04936430645817465,0.02379996766872145,0.9268357258731039
id00294,0.06917475979885208,0.04112063724825893,0.889704602952889
id07695,0.8771569146138317,0.06311564960042544,0.059727435785742786
id12440,0.06833870040757943,0.8914203404149701,0.040240959177450325
id18373,0.030475604840980778,0.9531471759578056,0.016377219201213624
id16812,0.036320315207893,0.9418566395061528,0.021823045285954027
id20901,0.03027107800140799,0.9536697978271262,0.016059124171465877
id12076,0.05261598900822387,0.022195648258980988,0.9251883627327951
id19184,0.8733900948837264,0.05191703358840179,0.07469287152787187
id08937,0.10040396570187908,0.7272066544370539,0.17238937986106712
id08181,0.5076564422519818,0.2632963950630318,0.22904716268498643
id10111,0.917180126954811,0.03811103760779774,0.04470883543739126
id24104,0.20112607240164726,0.7410454967983087,0.057828430800044045
id24837,0.43094545465039913,0.17897584296690022,0.3900787023827006
id15659,0.157197942111522,0.07443172926465569,0.7683703286238224
id14673,0.8691709429767798,0.05451022082593494,0.07631883619728531
id22539,0.056011674679732185,0.032052747905283,0.9119355774149849
id22413,0.74586262528623,0.08836411780924344,0.1657732569045265
id19433,0.6662993956455668,0.1028474586480645,0.23085314570636875
id11633,0.03879231112045735,0.01873763549468913,0.9424700533848536
id04727,0.13836293987746906,0.20258723404392637,0.6590498260786045
id26735,0.258420872778156,0.22246853290271887,0.5191105943191251
id17167,0.030469273089012466,0.9533739847824649,0.01615674212852256
id04188,0.06394187968643426,0.9062661134368856,0.0297920068766802
id07861,0.6798181004607087,0.22223146909568225,0.09795043044360914
id05163,0.884129780447741,0.04541108200470296,0.07045913754755598
id14142,0.28603273052135025,0.3588564050896067,0.35511086438904305
id16011,0.38212342844806624,0.08273686082976803,0.5351397107221657
id24117,0.7015015594834002,0.22272420643711152,0.07577423407948831
id06439,0.6620560947158209,0.08251855217515625,0.25542535310902276
id06481,0.06341592461363517,0.02455215225475022,0.9120319231316146
id10069,0.41622892379656967,0.49490865859366784,0.0888624176097626
id11204,0.8790787675327766,0.05111022170515961,0.06981101076206384
id15541,0.08606538584991699,0.03927637275350734,0.8746582413965757
id11872,0.05096109861876125,0.9085193202273476,0.04051958115389123
id21639,0.030140742665671315,0.9535658659591488,0.016293391375179888
id19801,0.04206845867704334,0.01966006144414736,0.9382714798788093
id15798,0.786944870017085,0.08336060020879531,0.12969452977411974
id18282,0.03894032683046205,0.01881847915987235,0.9422411940096657
id27107,0.6930929745526653,0.19908843402798504,0.1078185914193496
id23052,0.9202635184625872,0.03640926386809702,0.04332721766931566
id19129,0.029875162215398005,0.9540116997363952,0.016113138048206806
id08088,0.040025399758598715,0.9392141224031426,0.020760477838258518
id26398,0.8747715136044415,0.05239440849695575,0.07283407789860277
id06010,0.30664157976038336,0.07009564856143906,0.6232627716781776
id24813,0.9008809735359145,0.049274331615347895,0.0498446948487377
id27399,0.09411542520416619,0.09340742416530604,0.8124771506305278
id15776,0.07330377067391237,0.8795763465632246,0.04711988276286309
id25955,0.039133556584388406,0.019225408962385702,0.9416410344532258
id19866,0.3295873012056053,0.5633984143382251,0.10701428445616962
id00804,0.04164285604463197,0.019795422145991712,0.9385617218093764
id03140,0.8539028414469504,0.07084936038280218,0.07524779817024731
id21261,0.0572587503805879,0.025280824202061215,0.9174604254173508
id11754,0.9130321942335663,0.04234160390227544,0.04462620186415822
id07880,0.8176414330185673,0.05708264580148877,0.12527592117994396
id25080,0.33828407568714486,0.39187144852179895,0.2698444757910562
id09317,0.8698416350606764,0.06670331297638403,0.0634550519629397
id15488,0.18461375669060945,0.6873717898742383,0.12801445343515225
id19606,0.8735678549228342,0.04823495127607987,0.07819719380108585
id14247,0.09809543811940094,0.03143072338010749,0.8704738385004916
id21692,0.06437765869690269,0.9081959435815247,0.027426397721572668
id24843,0.7649135748873374,0.15509737699022783,0.07998904812243482
id11433,0.3463486100077757,0.19601262004508563,0.4576387699471387
id04705,0.029770562840595823,0.9540690598842474,0.016160377275156887
id04583,0.07040064371164183,0.8984346321825974,0.031164724105760815
id21401,0.3856667492551386,0.05490925596696418,0.5594239947778972
id20649,0.732150643105857,0.1652232932316151,0.10262606366252791
id02631,0.04561000182438333,0.9326412324512158,0.021748765724400973
id19128,0.3249304977226384,0.5733813956262319,0.10168810665112962
id27401,0.6873452714392769,0.23507636842827653,0.07757836013244655
id10015,0.857998445559241,0.07330694413472066,0.06869461030603849
id09875,0.894865052041736,0.05446625795592691,0.05066869000233693
id07941,0.9187237935850183,0.038746847492530045,0.04252935892245174
id00882,0.9145110212675002,0.039152702040324026,0.046336276692175785
id14143,0.8895968892642476,0.04525513291080646,0.06514797782494597
id02713,0.06093434228638134,0.024907763773297977,0.9141578939403207
id16462,0.10867255479049179,0.20380397851766904,0.6875234666918392
id08522,0.8315741920341284,0.07627893449976143,0.0921468734661102
id07181,0.029979026966752524,0.9541149618464349,0.015906011186812667
id20918,0.04275934568763235,0.020070033393136115,0.9371706209192316
id06178,0.07659171884252616,0.050997849674238406,0.8724104314832354
id08857,0.19522591200032152,0.7484149020338187,0.05635918596585991
id23193,0.9150319415135809,0.037770034967997725,0.04719802351842144
id19651,0.9226186198260187,0.03552945980340465,0.0418519203705767
id09135,0.16598818552021893,0.06310109244485183,0.7709107220349293
id16416,0.03015823646134691,0.9538096768228955,0.016032086715757628
id03990,0.9168138857772807,0.03827816666087284,0.04490794756184652
id09922,0.04635328094587702,0.024194164295368335,0.9294525547587547
id17688,0.5449387977210606,0.21946064467995516,0.2356005575989842
id05846,0.5361834248231743,0.08816890928052518,0.37564766589630066
id22599,0.029838106461338432,0.9544633722869785,0.01569852125168298
id15087,0.4248416655013647,0.13321247255186514,0.44194586194677016
id14711,0.047732810317897924,0.022741297846887932,0.9295258918352142
id09969,0.031178363034368883,0.9524878005444353,0.016333836421195864
id21377,0.23268005290064486,0.24721940090520533,0.5201005461941498
id25247,0.1467752752121599,0.08354355879176999,0.7696811659960701
id23590,0.04279563558187353,0.9335650656117103,0.023639298806416218
id21390,0.32148054529627407,0.06666954914904333,0.6118499055546827
id21176,0.16098367048189652,0.6877268335184452,0.15128949599965827
id27310,0.8260461401245359,0.06642716800556601,0.10752669186989801
id03802,0.09003007349299481,0.031175430943378196,0.878794495563627
id19012,0.8587226703341662,0.0708777977653739,0.07039953190046001
id02414,0.12004919368439028,0.03423681672276456,0.8457139895928452
id21814,0.49238218777132153,0.06933436135161589,0.4382834508770625
id00247,0.7187914734396341,0.11956907395142415,0.1616394526089418
id24584,0.8595148334541329,0.06381395548410833,0.07667121106175882
id01109,0.16276956910931717,0.04167213741984072,0.7955582934708421
id07953,0.9150746877672631,0.03782756478671118,0.04709774744602572
id02030,0.27564891845831135,0.6114708900751558,0.11288019146653297
id23912,0.250532920630394,0.5434662113821599,0.2060008679874461
id13856,0.861758335452405,0.053144192224721415,0.08509747232287364
id18661,0.5604226345156141,0.35676170319025324,0.08281566229413265
id16595,0.2964939814943664,0.06821819225577648,0.6352878262498571
id11387,0.04358964547781272,0.9077098575079442,0.048700497014243144
id12489,0.04637183288242116,0.02423394639989505,0.9293942207176838
id26079,0.9217391562383357,0.03688405292494296,0.04137679083672135
id05553,0.4210778746107692,0.49553199357315764,0.08339013181607323
id09596,0.860159913971976,0.07972105704142061,0.060119028986603436
id23663,0.03246619536696993,0.9495795068304645,0.017954297802565557
id25726,0.3547218074490531,0.05824554765094298,0.587032644900004
id18105,0.17478896596949317,0.2529888120080548,0.572222222022452
id23249,0.1605425970207293,0.6450877495420576,0.19436965343721319
id19756,0.052194947772716466,0.025077660022893744,0.9227273922043898
id23981,0.13681929122161338,0.2477247090638007,0.6154559997145859
id11521,0.04187028137259056,0.019545008209046234,0.9385847104183632
id17449,0.06992001168345592,0.02658330479058101,0.903496683525963
id15479,0.8762097641618368,0.062225713022256476,0.06156452281590682
id13555,0.03912128351090557,0.019232797580880517,0.9416459189082139
id01520,0.9221432545703458,0.03574042905264531,0.04211631637700887
id03093,0.8402223121705502,0.058948652212620335,0.10082903561682942
id09992,0.7097728809618066,0.11373068241797467,0.17649643662021874
id06668,0.4699722091436339,0.12822842683306213,0.40179936402330396
id19568,0.8784901922236914,0.058890665077363034,0.06261914269894557
id17963,0.8028603419572847,0.06398595938272038,0.1331536986599949
id04142,0.4582191518924135,0.38690185309640823,0.15487899501117824
id24508,0.1326779891928561,0.050604200071844276,0.8167178107352997
id10791,0.08448760479597048,0.03287890437469487,0.8826334908293347
id01228,0.2975743988614862,0.073067131804468,0.6293584693340458
id24879,0.630376067746328,0.14208955288576774,0.22753437936790424
id19795,0.5673298041558934,0.12120709700454932,0.3114630988395573
id02488,0.050075018831358606,0.021578441118050136,0.9283465400505914
id10204,0.5930915582813452,0.070031588575197,0.3368768531434579
id20878,0.3244272376836142,0.3071714383761947,0.36840132394019115
id10163,0.27711255367128107,0.07078010938976896,0.65210733693895
id26439,0.04962379842822125,0.02202296988037106,0.9283532316914077
id06268,0.19314098347147268,0.7447491380592837,0.06210987846924375
id05530,0.041244848635123156,0.019618890863472422,0.9391362605014043
id15914,0.030599469233661223,0.9530513461058012,0.016349184660537572
id21656,0.2965809431704199,0.10529117645169907,0.5981278803778811
id16473,0.7766862974849748,0.07021756177543101,0.15309614073959413
id11262,0.04400160029974266,0.022782624947676685,0.9332157747525807
id15332,0.20056045925593435,0.04863404648987262,0.7508054942541931
id01765,0.040572688152532316,0.01939854950920554,0.9400287623382622
id12527,0.8439068045796988,0.06204218609911677,0.09405100932118445
id16877,0.08375468562370593,0.029068370005893168,0.887176944370401
id19105,0.31100923162323596,0.6070473903856517,0.0819433779911123
id19533,0.8639440755186288,0.0765480625389567,0.05950786194241458
id27557,0.03403112692507783,0.9474757299664903,0.018493143108431892
id19487,0.12366334447385366,0.12964236707943622,0.7466942884467102
id25958,0.06611493968986568,0.04624278179736325,0.8876422785127711
id22331,0.7326880078678019,0.061375157400568064,0.20593683473163016
id13674,0.6462127617551332,0.20841378833808097,0.14537344990678583
id04688,0.9188440504029507,0.03675053428015076,0.04440541531689848
id25663,0.041087403210782504,0.01947718833038387,0.9394354084588336
id00344,0.29037825311934623,0.620195498464908,0.08942624841574581
id11323,0.8945572549100266,0.053497805897890265,0.0519449391920833
id18670,0.7091741445501717,0.19258823778788212,0.09823761766194622
id23811,0.8571289134930294,0.06917980465397729,0.07369128185299327
id27702,0.8721949638903796,0.06537402189706237,0.062431014212557916
id09979,0.8784577230910544,0.04673634072232719,0.07480593618661842
id25040,0.029769160449144332,0.9534562428358484,0.016774596715007258
id00083,0.8582302402384343,0.08252241639378304,0.05924734336778274
id19751,0.9205645727771558,0.03664876813219229,0.04278665909065185
id19385,0.0443482087349375,0.021674555598097143,0.9339772356669653
id22498,0.4150829832769725,0.49269830172521323,0.09221871499781419
id20381,0.9159071367926076,0.038688843958983365,0.045404019248409075
id00428,0.14589399810688217,0.036837070891257005,0.8172689310018608
id26942,0.15063953777056044,0.7899327264305117,0.05942773579892776
id10242,0.7906312702884916,0.06481472623013039,0.144554003481378
id08136,0.04959446111493349,0.024362550121874597,0.926042988763192
id00055,0.05074482117651943,0.026209348752475842,0.9230458300710048
id15243,0.25828856431129543,0.6331625916180131,0.1085488440706914
id13954,0.7859362250246117,0.14271200955242014,0.07135176542296823
id26797,0.8505648617078885,0.048373480457890194,0.1010616578342214
id11384,0.03381509420800274,0.9423265502770084,0.023858355514988924
id07965,0.38943134026255277,0.15236941714405233,0.4581992425933949
id19311,0.871926966938578,0.05787823404687056,0.07019479901455151
id08841,0.8500143514131461,0.08748626648832998,0.0624993820985239
id14884,0.794064087470828,0.11105435236701307,0.09488156016215903
id10859,0.4681351410344067,0.07346071836799449,0.4584041405975988
id10460,0.7939326910545286,0.1286805328692611,0.0773867760762103
id25236,0.32289309961812496,0.3298016345997039,0.3473052657821712
id19325,0.12274457587537738,0.7326805367880166,0.14457488733660603
id03265,0.11095017581208151,0.796430739256453,0.09261908493146556
id08636,0.05272823780365187,0.9156282485061632,0.03164351369018496
id11848,0.06753621667320432,0.8989906846816207,0.03347309864517504
id20945,0.3892192078272263,0.08428761411426462,0.526493178058509
id04971,0.8914259266022251,0.05236806722679816,0.05620600617097682
id08496,0.7257646793864342,0.18975201565732588,0.08448330495623987
id23091,0.04751016198548931,0.02120775456983112,0.9312820834446797
id06654,0.10920167411744472,0.07702328624909802,0.8137750396334572
id10002,0.8632056005293451,0.07351986131496652,0.06327453815568819
id16426,0.8987030332519849,0.04126235241112434,0.060034614336890835
id12285,0.04186558471929546,0.937106622019927,0.021027793260777434
id18466,0.9176011906210124,0.039449764168893814,0.042949045210093774
id27110,0.9096683744314321,0.0393734179021991,0.05095820766636882
id07502,0.5472904703501504,0.21157787251477508,0.24113165713507445
id02890,0.06837948301625123,0.9004747528893028,0.03114576409444604
id19800,0.03181048066840498,0.9502738699885256,0.017915649343069495
id19162,0.1395360950373913,0.8071476829902475,0.05331622197236096
id23696,0.7834558153153027,0.14211807517200065,0.0744261095126966
id25580,0.8540131135930059,0.0700705277931521,0.0759163586138419
id09671,0.03826342105117838,0.9419022378355565,0.019834341113265173
id21501,0.031208960922864074,0.9522689617962625,0.01652207728087339
id23983,0.2714567726564682,0.3547139480485563,0.3738292792949754
id15163,0.054514925589859355,0.8482422077315599,0.09724286667858074
id03351,0.03083131936441732,0.9519882965506117,0.01718038408497107
id07575,0.2611341832605895,0.5686122215955759,0.1702535951438346
id12149,0.059745742372726666,0.0279080626508693,0.912346194976404
id10262,0.10175719186220346,0.8521692408467985,0.046073567290998166
id20055,0.11207091591675133,0.8457132438242583,0.04221584025899044
id16660,0.9117738972649719,0.038494666228804146,0.049731436506223956
id03200,0.051342741320770505,0.9121397926394598,0.03651746603976973
id19508,0.41987738694856197,0.5018966051240729,0.07822600792736521
id03793,0.029786849181390507,0.9545735238182771,0.01563962700033239
id19882,0.048789921846440445,0.914555811055062,0.03665426709849751
id16261,0.7978445932928914,0.13028213418092402,0.07187327252618475
id22519,0.04685717080247236,0.02428748285424839,0.9288553463432793
id24023,0.14736370294501042,0.8059366354916814,0.04669966156330832
id04432,0.7499926221819891,0.13988615014691042,0.11012122767110044
id06228,0.8466581968811325,0.06569439301137019,0.08764741010749731
id20655,0.8123607951739167,0.05680062490804671,0.1308385799180367
id10603,0.033919891017309335,0.948330150533752,0.017749958448938716
id05162,0.9148427081616283,0.04033422467701059,0.04482306716136123
id18462,0.10553487716824426,0.09368616487107147,0.8007789579606843
id10034,0.07110855983177009,0.8798086932904634,0.04908274687776658
id20090,0.041574209713611025,0.019580434889349796,0.9388453553970392
id10966,0.041436687827427744,0.01941480650651784,0.9391485056660545
id10696,0.03134425454679975,0.9516977279319633,0.016958017521236924
id01326,0.8014390170478772,0.06233567302259924,0.13622530992952353
id03613,0.5614942888966113,0.3285176487494948,0.10998806235389376
id01794,0.9033725291893011,0.049035740565571646,0.0475917302451273
id26181,0.38907790811645976,0.05952030437034967,0.5514017875131906
id27587,0.04322824378729099,0.9348673844152586,0.021904371797450427
id08364,0.9164332982887896,0.040747850865326764,0.04281885084588369
id24179,0.78754302617882,0.09640182419064044,0.11605514963053963
id02284,0.8967857175663028,0.051851888045883886,0.05136239438781328
id10671,0.9187162914432724,0.037093235063327235,0.044190473493400405
id08252,0.0532813859229506,0.9193697648199982,0.027348849257051087
id15951,0.5553322166025559,0.1638561954057981,0.280811587991646
id21864,0.059213765693272434,0.03226692447113402,0.9085193098355936
id04453,0.029775480887901228,0.9543596176894911,0.015864901422607748
id12771,0.25339847671704946,0.5422393890326693,0.2043621342502812
id09751,0.7460891829554196,0.1749253973276656,0.07898541971691482
id10572,0.8351310596834038,0.10249312624941656,0.062375814067179736
id13036,0.04478844917414128,0.02235659146746552,0.9328549593583932
id00112,0.19568577114218302,0.056342853573587266,0.7479713752842297
id13299,0.06346546833445516,0.04075287225729002,0.8957816594082549
id00858,0.366562507260067,0.056716861843644883,0.5767206308962881
id08297,0.0697186028019888,0.8984693662424004,0.03181203095561083
id11005,0.04341329983692212,0.02246624834270862,0.9341204518203693
id25101,0.050378684129214896,0.8970035511631314,0.05261776470765379
id26150,0.9046294037409038,0.04213760368360373,0.05323299257549244
id13836,0.826497576080198,0.052361689426745434,0.12114073449305655
id07352,0.14640665257523497,0.20547899994848065,0.6481143474762844
id08883,0.03285203187926417,0.9491851907241534,0.017962777396582478
id09328,0.3511638675094686,0.530360832798257,0.11847529969227437
id03934,0.09761528307445828,0.18070822274789905,0.7216764941776427
id14064,0.029669611786930485,0.9525941713483758,0.017736216864693784
id06643,0.8858854452085189,0.04643018376547169,0.06768437102600951
id21558,0.9005696088514702,0.04759160133895993,0.0518387898095699
id17053,0.25025846888540365,0.6254925350160961,0.12424899609850021
id06434,0.07861221706188334,0.03165972163527471,0.889728061302842
id16616,0.09290749930537526,0.03289636701129142,0.8741961336833334
id03306,0.13456421806136634,0.04301419648797448,0.8224215854506592
id07375,0.04733547161726124,0.8978276213637776,0.0548369070189611
id07934,0.048318161791845886,0.021267075901413707,0.9304147623067405
id02202,0.4014901190480478,0.05691719456153833,0.5415926863904138
id03667,0.42791765685884037,0.0725683029183159,0.4995140402228438
id27531,0.8513252908376825,0.07907299764563294,0.06960171151668466
id00608,0.03455490361799258,0.9452526642924579,0.020192432089549364
id18141,0.6673169413751368,0.1409464285458097,0.19173663007905356
id00008,0.9160439272814679,0.038911811717257896,0.045044261001274254
id08845,0.34684372795626667,0.11055318578998032,0.542603086253753
id16610,0.9211154056967195,0.03610370989421209,0.04278088440906853
id07464,0.04722942684076307,0.020861216198265666,0.9319093569609712
id02189,0.9178368218380693,0.03896585549258527,0.04319732266934552
id17456,0.08692640768379271,0.08407151270988544,0.8290020796063219
id09421,0.06363128743408719,0.025483669238280753,0.9108850433276321
id12813,0.08860734400095914,0.050915530510666135,0.8604771254883747
id23428,0.15412144941229344,0.04790591486407007,0.7979726357236365
id01358,0.8205533794487456,0.11241143155077299,0.06703518900048143
id02737,0.16093313102093937,0.6796857591809502,0.1593811097981105
id27430,0.3069834535303178,0.1361065313842693,0.5569100150854128
id12857,0.032423963432322976,0.9486352311807658,0.018940805386911286
id01905,0.04993500972121577,0.021935332032400525,0.9281296582463837
id18314,0.9165594383123995,0.038855604068000246,0.04458495761960027
id02216,0.9047181083392409,0.04247065341957214,0.05281123824118697
id04034,0.043322220859977584,0.9313924110539421,0.02528536808608031
id11461,0.034691677286084986,0.9467851386825176,0.01852318403139737
id09397,0.8732645578751622,0.06707764636195647,0.059657795762881376
id25870,0.10160072270706327,0.842238884728455,0.05616039256448157
id11653,0.29946060389505413,0.3729976865428675,0.32754170956207845
id10046,0.8328271437397065,0.05202999601396312,0.11514286024633048
id27294,0.46138861011347215,0.4598689464356516,0.07874244345087618
id09975,0.9224625829314059,0.03594547552020077,0.0415919415483934
id09133,0.041797304578574,0.01990512355126367,0.9382975718701623
id08410,0.05626336840817612,0.02565887339585553,0.9180777581959684
id19062,0.2869302871667971,0.6327650863185454,0.08030462651465742
id26530,0.03889890062282699,0.01909842878056433,0.9420026705966087
id09772,0.2370907952984217,0.050116209319373016,0.7127929953822053
id10360,0.8931264109922299,0.047587253015622645,0.05928633599214746
id12530,0.03357653738327012,0.9479135366147338,0.018509926001995972
id06013,0.25376965492168646,0.07050784258639023,0.6757225024919233
id10525,0.8730631164692535,0.046057717950101426,0.08087916558064501
id25934,0.029847972349159136,0.9543874458968095,0.015764581754031393
id10624,0.8758908606887718,0.052731730576912064,0.07137740873431626
id16000,0.05255335513805458,0.02330000547035052,0.9241466393915949
id01995,0.4850502764943569,0.0625768119211314,0.45237291158451165
id26809,0.04014165576600346,0.019461558549864914,0.9403967856841317
id06631,0.030554200551812613,0.953345412251678,0.016100387196509438
id23869,0.04021302124714082,0.019858723846619516,0.9399282549062398
id06357,0.5029648527086543,0.39876133180741624,0.09827381548392951
id02926,0.09044508452041003,0.03531832546342238,0.8742365900161675
id14130,0.9156401770368737,0.03695116898367233,0.04740865397945381
id12672,0.17094318556686686,0.7773586206557138,0.05169819377741944
id21593,0.7893218563391047,0.14231317881348948,0.0683649648474058
id06089,0.03714117403976175,0.9433736253119789,0.019485200648259326
id09878,0.04786680787963486,0.0250634760816812,0.9270697160386839
id06940,0.033420725077363454,0.9492626840350412,0.017316590887595358
id11312,0.09579407499143774,0.86585237101543,0.038353553993132304
id25039,0.047460382063739905,0.021746095774763993,0.9307935221614961
id25401,0.28778038241697756,0.4292789106354035,0.28294070694761897
id21772,0.05790405775162065,0.030011285531073066,0.9120846567173063
id22915,0.1212197302885811,0.5261976364672007,0.35258263324421807
id01096,0.5408749017438655,0.19601602067658197,0.2631090775795525
id15071,0.03203874537341946,0.9504065295690491,0.017554725057531462
id01062,0.043018019690465946,0.02004301725810076,0.9369389630514333
id09059,0.03111142508759074,0.9449205702432609,0.02396800466914821
id16954,0.6566818848276719,0.07059678264591746,0.27272133252641073
id11730,0.8363644277423227,0.06686844769086493,0.09676712456681251
id26294,0.07261870217224652,0.03919086104798813,0.8881904367797654
id00940,0.07171959918769659,0.8755310918548664,0.05274930895743681
id08422,0.04199593584202787,0.9364340937540054,0.021569970403966632
id14612,0.04106920511685762,0.020414328542171428,0.938516466340971
id11545,0.6399298724932786,0.13609660878883062,0.2239735187178908
id24921,0.7580432912997606,0.10443312168083341,0.13752358701940604
id18942,0.3639653394277682,0.0631552578312466,0.5728794027409851
id23652,0.062230204498759635,0.8950295723183378,0.04274022318290257
id07261,0.05589031940529472,0.02507838166184186,0.9190312989328635
id11791,0.9168408469709545,0.03847472577336967,0.04468442725567593
id07207,0.8013437585088999,0.08662415615172683,0.1120320853393733
id19774,0.8845442287842192,0.06382598266525226,0.051629788550528515
id06049,0.9188840168473865,0.03691492637325266,0.04420105677936089
id13983,0.1875386307339185,0.058858816934540786,0.7536025523315407
id27463,0.643182103717541,0.07464565515068929,0.2821722411317697
id09046,0.13658943479098637,0.4121098530297082,0.4513007121793055
id25994,0.11384706996538449,0.8425445938952043,0.04360833613941121
id02689,0.6412553857263441,0.25047739430993177,0.10826721996372418
id14829,0.047209425144880246,0.929469733821965,0.023320841033154818
id20759,0.24741006617913539,0.05092944261505153,0.7016604912058131
id27848,0.35497196585685464,0.1341472508074226,0.5108807833357228
id08225,0.062342624177089155,0.02691161512448034,0.9107457606984304
id17637,0.8585309306967676,0.05581583612408632,0.08565323317914612
id15355,0.8820816003314617,0.05837426936503667,0.05954413030350171
id13448,0.6914724974730148,0.18259325788197237,0.12593424464501288
id01981,0.6736951313725171,0.21897014563594258,0.10733472299154018
id09107,0.46680945702909,0.0639814371485752,0.4692091058223348
id20630,0.8141759060433653,0.10818190290981072,0.077642191046824
id10726,0.36921051034384716,0.5485358580855639,0.08225363157058892
id03636,0.03650879428164687,0.9382885829617033,0.02520262275664985
id01736,0.5303979104669542,0.23852336222085102,0.23107872731219484
id23828,0.18018428485948074,0.7655822736289172,0.05423344151160224
id27861,0.15609266533209318,0.0479015341548166,0.7960058005130902
id14983,0.8235366170601439,0.09791465137183476,0.07854873156802142
id04726,0.14618314508535687,0.5386938982671937,0.31512295664744944
id03313,0.7216164727077959,0.08808637541127474,0.1902971518809294
id21981,0.6457405422417838,0.26618172412911334,0.08807773362910287
id20082,0.5370368800917273,0.38151613438249066,0.081446985525782
id03502,0.9169472817773572,0.037840080813067105,0.04521263740957569
id04804,0.2874727948643979,0.15566204984749457,0.5568651552881075
id20635,0.05899658850372694,0.028457964975799985,0.9125454465204731
id09564,0.8594388433957089,0.06729569927005245,0.0732654573342387
id01354,0.7765743749638299,0.1506082667990295,0.0728173582371407
id09441,0.04519531248416124,0.020414065983331862,0.9343906215325068
id07175,0.6751892101856564,0.08505569452655208,0.23975509528779163
id15544,0.14031664788666812,0.05027764579581347,0.8094057063175184
id25935,0.629075745688077,0.1939041532303505,0.17702010108157248
id19230,0.11567806672475325,0.8375234988308912,0.046798434444355594
id00718,0.09400140001894824,0.03454524378515093,0.8714533561959008
id00274,0.920541040361764,0.03740420897872337,0.04205475065951269
id16546,0.03182145200059273,0.951206179242002,0.01697236875740529
id02136,0.029749070547521298,0.9545775360821702,0.015673393370308437
id19618,0.05713078595249324,0.9075137199113672,0.03535549413613963
id00503,0.10923834199557673,0.04335966442172801,0.8474019935826953
id11300,0.38353240056031623,0.5373604664313175,0.07910713300836625
id21526,0.10069633065803799,0.857902360408925,0.041401308933037034
id07300,0.03681753149270903,0.9438502400613458,0.019332228445945097
id18782,0.03890650693644832,0.9397879717864349,0.021305521277116816
id01883,0.029789512824202564,0.9537847091860913,0.016425777989706136
id25235,0.8826850794528752,0.056774103038465216,0.06054081750865955
id03747,0.06899973159002024,0.03404376726233637,0.8969565011476434
id07155,0.512858027057271,0.2915176944615185,0.19562427848121053
id00565,0.9189320971647967,0.038372910436743526,0.04269499239845977
id11232,0.9201381011528144,0.03707495247367596,0.042786946373509605
id00722,0.2219259087813428,0.2989231673885385,0.4791509238301187
id19963,0.2498110834606075,0.25560315192060606,0.4945857646187865
id16866,0.918743537014109,0.03739203498943807,0.04386442799645285
id17280,0.2657372602946802,0.11643978463505023,0.6178229550702695
id04309,0.10890402585890176,0.7961300939426329,0.09496588019846536
id23317,0.05117394319948307,0.913842800605617,0.03498325619489995
id25757,0.1063402093514694,0.7334284147562284,0.16023137589230207
id17088,0.34469903200912533,0.3390954895542119,0.3162054784366628
id19779,0.03924551232449544,0.019280340360936836,0.9414741473145678
id26845,0.05423317702507454,0.8989838982706735,0.04678292470425199
id01923,0.40485259852217165,0.17474559569940898,0.4204018057784194
id09394,0.051602521781060826,0.023415334731503187,0.924982143487436
id25978,0.578220129999742,0.26022279363224654,0.1615570763680114
id03898,0.15968167318722992,0.7903157285385816,0.05000259827418856
id11967,0.15210757373446399,0.04248833741272652,0.8054040888528095
id14964,0.9055041014507311,0.039861911655754374,0.054633986893514404
id06337,0.5747579019414845,0.0679501748597557,0.3572919231987598
id26501,0.05548571821099694,0.023553871656227212,0.9209604101327759
id20513,0.25472629143885844,0.6811760501765022,0.06409765838463945
id05044,0.9140839565578603,0.03951772920642167,0.04639831423571791
id07951,0.3124246244893345,0.05681679478821252,0.6307585807224529
id14796,0.05988537183638981,0.9013677949126445,0.038746833250965805
id09780,0.20250985426578427,0.057980086520617584,0.7395100592135981
id13597,0.9218010574743061,0.0360138592659483,0.042185083259745626
id26413,0.8997867815675811,0.05199602120786191,0.04821719722455692
id14007,0.030051037413128697,0.9532466911247697,0.016702271462101678
id01799,0.8183800270694633,0.09206701988736786,0.08955295304316882
id24712,0.04666286881485443,0.02270988039850745,0.9306272507866382
id13156,0.20989163675220257,0.11248892182407833,0.6776194414237191
id25468,0.04156230248983181,0.01936850266973988,0.9390691948404283
id25877,0.763317762610733,0.1388466931289284,0.09783554426033864
id22485,0.029932520787195042,0.9543886711904078,0.015678808022397187
id09229,0.05175639077228147,0.025204286363072082,0.9230393228646464
id25687,0.31780778053627146,0.09698587416475189,0.5852063452989767
id12266,0.06961157121883525,0.05155513416545531,0.8788332946157095
id19723,0.8795614950583072,0.05340719529114017,0.0670313096505527
id03536,0.9202960583842841,0.036896254569883984,0.04280768704583196
id24370,0.07477430905411488,0.8695371185923573,0.05568857235352791
id10745,0.032826672609707,0.9500833138732888,0.017090013517004256
id17620,0.8062548005566074,0.07062000619681548,0.12312519324657718
id16290,0.030381783463451408,0.9535479604062542,0.01607025613029438
id04325,0.38208006286418233,0.27026659692157295,0.34765334021424477
id23332,0.05721427052473023,0.022854918016987736,0.919930811458282
id15082,0.039790942336652244,0.9400305027842282,0.02017855487911952
id21581,0.22382614132228396,0.06479383727058978,0.7113800214071263
id17460,0.7980936028724274,0.11672932150525096,0.08517707562232167
id17003,0.9084362454484093,0.044210645313073865,0.04735310923851677
id15193,0.03234636923056107,0.9486433789465006,0.019010251822938216
id08389,0.17370552378781115,0.057847988526710005,0.7684464876854789
id19831,0.03951610854027621,0.019139969204744766,0.941343922254979
id25627,0.052251242707299535,0.026262981512323667,0.9214857757803768
id14051,0.505451886224525,0.06463926340730236,0.42990885036817267
id00942,0.9165741649741037,0.0379482681941399,0.04547756683175651
id09184,0.05389962940605655,0.9149661464284115,0.031134224165532038
id21762,0.7977215834377026,0.12897846423219966,0.07329995233009777
id07390,0.761205723302174,0.12076080595243438,0.11803347074539165
id25785,0.10916495950650809,0.8489156673870579,0.041919373106434045
id17567,0.03251744856283424,0.9501414326105391,0.017341118826626728
id13118,0.03036293778387159,0.9533058900742725,0.016331172141855945
id17508,0.04420945786148363,0.020455764314246765,0.9353347778242697
id21192,0.2435742661373685,0.054426038100269844,0.7019996957623617
id27884,0.04114464424296549,0.01962525535551569,0.9392301004015189
id08686,0.1075259784845485,0.7921984861619735,0.100275535353478
id01360,0.2725489239170126,0.5329120533684921,0.19453902271449539
id13689,0.6476314842147431,0.18682262520829473,0.16554589057696215
id01772,0.3057930722776241,0.08378119946810085,0.6104257282542751
id17507,0.030010234824613246,0.9539121523498566,0.016077612825530215
id17644,0.7552830917659576,0.09369400116009281,0.15102290707394952
id00494,0.8626383023442342,0.07743536679630732,0.05992633085945847
id09881,0.5828624358439993,0.3017121243321529,0.11542543982384773
id02306,0.10999603178394583,0.053622080302620945,0.8363818879134332
id06761,0.5611894253400999,0.19443387741842827,0.24437669724147199
id15045,0.10760589214693844,0.06890071137590192,0.8234933964771596
id05992,0.04518931020222436,0.020577829818130507,0.9342328599796452
id18245,0.19366748857518384,0.0522925968867512,0.754039914538065
id01047,0.9134565611895845,0.03823495374227809,0.04830848506813745
id23601,0.044367289831702864,0.020720516898482026,0.9349121932698151
id13140,0.8909218799752106,0.053151015147018706,0.05592710487777073
id05280,0.03160088172072527,0.950250243170803,0.018148875108471706
id03728,0.2791120556128003,0.05787781126603102,0.6630101331211687
id15626,0.41101929694593026,0.08805109736656891,0.5009296056875009
id03086,0.04102410617492012,0.01934933097748274,0.9396265628475972
id27898,0.15072353561159366,0.7216741506703359,0.1276023137180705
id05891,0.8508807456147311,0.04807060746400548,0.10104864692126331
id02214,0.06196248267206297,0.04830845580617001,0.889729061521767
id17274,0.5735307609983935,0.06258266376725251,0.3638865752343541
id09359,0.8155453214322764,0.06946263692182694,0.1149920416458967
id03320,0.8950665811947115,0.04281748642060337,0.06211593238468521
id26061,0.7791602932559073,0.06787016094953921,0.1529695457945534
id02869,0.9141373011519766,0.041205280911147,0.04465741793687648
id21891,0.029746373372950805,0.9547001711749921,0.015553455452057139
id06182,0.0513174986700195,0.9223267502583078,0.026355751071672786
id13429,0.029854839859448746,0.9544298520130515,0.015715308127499775
id15943,0.052763103991046514,0.031758487605607594,0.9154784084033459
id13008,0.07686701861183674,0.8820153570881698,0.041117624299993445
id08587,0.8717354082955293,0.04960270517436642,0.07866188653010428
id03346,0.1778655901425613,0.7523654546204931,0.06976895523694575
id02052,0.5201791756100634,0.1916938901786759,0.2881269342112606
id00916,0.3104292774185596,0.5899777412940854,0.0995929812873551
id11093,0.1455092877767602,0.09162155863819976,0.7628691535850401
id15190,0.9190576442947622,0.03690539240051392,0.04403696330472385
id23076,0.3556818433789764,0.19913069511800183,0.4451874615030219
id25738,0.15050193402024847,0.7792808610269294,0.07021720495282217
id21546,0.04519349416251451,0.020657608715690817,0.9341488971217947
id17764,0.9057899701232416,0.03976142201202659,0.054448607864731845
id11990,0.06259706298434756,0.9029627861125334,0.034440150903119
id21050,0.9070071187964999,0.03988393248664251,0.05310894871685764
id18324,0.41339279720588124,0.10432744786685022,0.48227975492726866
id20690,0.5515902268286611,0.33943504078899245,0.10897473238234659
id19799,0.04766249068438422,0.02378856213992677,0.928548947175689
id12658,0.9016141087729536,0.04924480758613837,0.04914108364090797
id03781,0.14463291421725263,0.26404225692074923,0.5913248288619981
id04870,0.030601951905499157,0.9530358334261325,0.016362214668368222
id20596,0.5175328427287651,0.3674694223330156,0.11499773493821941
id26849,0.8485545349374843,0.048607032442599084,0.1028384326199166
id00600,0.21059113108801905,0.7302087153222097,0.0592001535897714
id11902,0.9145102319971684,0.04026431303434595,0.04522545496848552
id19219,0.743917347253444,0.07575924714722988,0.1803234055993261
id14788,0.06467353842769213,0.905472947039529,0.02985351453277876
id22482,0.03287806801394067,0.9455949433699457,0.02152698861611372
id15378,0.0331758783238715,0.9495703968626279,0.017253724813500654
id14696,0.029937327974979805,0.9543404408506336,0.01572223117438659
id17359,0.2916305059540159,0.06255889945415286,0.6458105945918313
id16190,0.7400418819203889,0.1148676660517614,0.14509045202784965
id21285,0.7802436432885188,0.061646401411979516,0.15810995529950164
id06812,0.8650684907836707,0.07490247202365326,0.06002903719267607
id15579,0.04835069263033132,0.027723769676286193,0.9239255376933825
id26672,0.9203913551456149,0.03792033863824517,0.04168830621613989
id09842,0.18178699895006928,0.4957559049195282,0.32245709613040263
id06045,0.6763529104549346,0.219725060070897,0.1039220294741684
id21233,0.9094648296744626,0.04416639048180557,0.04636877984373184
id16227,0.8720629622658518,0.0693138016464382,0.058623236087709946
id17437,0.1271770209402364,0.6786942018538181,0.19412877720594562
id02309,0.9113828070269703,0.04397862328381521,0.044638569689214425
id18232,0.03935724322360189,0.019403500597324545,0.9412392561790736
id23419,0.03990681662861858,0.019634624698204744,0.9404585586731767
id11924,0.8655835628578903,0.058297694941745797,0.07611874220036395
id12263,0.8882999765356488,0.06164476353700599,0.05005525992734522
id16734,0.423885800481029,0.05907783909195514,0.517036360427016
id07989,0.9107111417637849,0.04416097693957317,0.04512788129664196
id24633,0.06529949828277824,0.03004327486290643,0.9046572268543154
id19770,0.915711759397746,0.03867977203041135,0.04560846857184267
id05094,0.2470729698542116,0.06482988997967637,0.6880971401661121
id07252,0.3312416344646237,0.07144963844957165,0.5973087270858047
id12536,0.6508551767627514,0.15564764637821804,0.19349717685903065
id24324,0.8611621136623903,0.05639172085682847,0.08244616548078132
id25546,0.14085042480252052,0.04162076804307856,0.8175288071544009
id24732,0.6865468208769393,0.06799226676737749,0.2454609123556833
id07280,0.49433194946960046,0.19822335587624543,0.307444694654154
id23268,0.7267233536617869,0.17707688665150212,0.09619975968671099
id18050,0.05386849885141523,0.024740200627795757,0.921391300520789
id19360,0.03623668492884563,0.9450002047900662,0.018763110281088225
id00456,0.3357206533328418,0.591847074223043,0.07243227244411528
id14069,0.03960753240723882,0.939786633347269,0.020605834245492245
id24965,0.03320844479395201,0.9493875609148608,0.01740399429118718
id13245,0.2667804305042095,0.12620240130636964,0.6070171681894209
id22515,0.033929395547569574,0.9465297752585596,0.01954082919387084
id11332,0.7630923917293366,0.062217377807188896,0.17469023046347454
id19876,0.04391660314393727,0.021313373230700164,0.9347700236253625
id18315,0.869573893392267,0.048311008969752926,0.08211509763798011
id05260,0.03899660949536083,0.940779786186579,0.020223604318060136
id14594,0.030934068132698275,0.9515884867054507,0.01747744516185102
id12867,0.7855520279743022,0.14282345351063327,0.07162451851506443
id05902,0.034184925487505964,0.947412557459277,0.018402517053216993
id06390,0.04555250367563866,0.02366949310723379,0.9307780032171276
id06005,0.666642651290741,0.2474473947684863,0.08590995394077282
id24075,0.18127882833415698,0.4431593668936122,0.37556180477223083
id12630,0.41877961398071867,0.5051480077632327,0.07607237825604878
id26378,0.07576031916561796,0.04799015717714745,0.8762495236572346
id05535,0.09809125527746171,0.8597263446071055,0.04218240011543275
id26702,0.03867156088669838,0.01885365228560502,0.9424747868276967
id25209,0.4302801693689496,0.2522340568592605,0.31748577377178994
id19835,0.114288213943914,0.037128674197070465,0.8485831118590156
id09511,0.0417943188477062,0.9350703412502966,0.023135339901997138
id27364,0.8331823005148441,0.08762238673288095,0.07919531275227502
id09695,0.3142738992992697,0.06271122499009744,0.623014875710633
id16165,0.9207337642863292,0.03648680863299803,0.04277942708067281
id19503,0.06480421649477291,0.038890800831743795,0.8963049826734832
id13511,0.0448824586543596,0.022085851467505777,0.9330316898781347
id18752,0.13714829472199705,0.04779362048194579,0.8150580847960572
id18278,0.8909872673007825,0.04648967982653591,0.0625230528726816
id27219,0.7771879190555094,0.08816109030904073,0.13465099063544983
id05454,0.04721626581573458,0.916359614515146,0.03642411966911945
id12347,0.834512079880557,0.05230365015698352,0.11318426996245959
id10397,0.45025233609347537,0.13108829937255423,0.4186593645339704
id18543,0.8587078721953221,0.05567316201997402,0.08561896578470393
id05210,0.8914403677887353,0.04750355292774345,0.06105607928352131
id23141,0.07789098059633161,0.8327769768666811,0.08933204253698737
id17139,0.916544398644795,0.04028160396769959,0.04317399738750537
id21399,0.8990996400779523,0.041769025418203404,0.059131334503844446
id18728,0.41098487647867055,0.062379165673340085,0.5266359578479893
id12170,0.3252363175832697,0.6030946787314336,0.07166900368529676
id02225,0.03138133536171745,0.9492664408612722,0.019352223777010204
id27210,0.4435906734461405,0.47621031663606334,0.08019900991779608
id01242,0.16427485805473444,0.045567428268370215,0.7901577136768955
id16587,0.48088549064740493,0.112874976261753,0.4062395330908421
id11144,0.10623021813754295,0.040990545005341494,0.8527792368571155
id13709,0.46405601918077893,0.10045459744283153,0.4354893833763896
id00841,0.04096292967570714,0.9340449603031561,0.02499211002113677
id09692,0.03891121145004852,0.018839501417165967,0.9422492871327856
id07635,0.9199551902733816,0.0377997819895941,0.04224502773702432
id11375,0.23991597970215073,0.6882022687102756,0.07188175158757369
id05703,0.06254082131115554,0.8908641584452632,0.04659502024358116
id02757,0.5915621469504548,0.15027633582888741,0.2581615172206579
id08216,0.032076005320889306,0.9505512032503187,0.017372791428792004
id09311,0.10092696274744536,0.38120717306763385,0.5178658641849208
id11169,0.8845510735946105,0.0451634435304176,0.07028548287497201
id23806,0.7545788467503092,0.06713424178945084,0.17828691146024003
id01253,0.05466119902597114,0.022772331862946978,0.922566469111082
id27558,0.6926907604226684,0.08322591925856665,0.22408332031876496
id06695,0.9238164602566146,0.03567336928030927,0.04051017046307614
id22654,0.03238222353479885,0.9428597008543059,0.024758075610895058
id16201,0.8581698706290793,0.0519828835110943,0.08984724585982645
id00873,0.3131911909805988,0.6025040722613881,0.08430473675801316
id07131,0.9011624856880521,0.04890530235761341,0.0499322119543345
id11454,0.031329653782692285,0.9514825799064486,0.017187766310859196
id19481,0.8712587376983315,0.0566899845791838,0.07205127772248464
id16409,0.755295319618099,0.09138065305152873,0.1533240273303723
id01686,0.7851689573751929,0.07186671932143851,0.1429643233033686
id24068,0.553794094824033,0.15517724197350552,0.29102866320246157
id14825,0.9101893885075585,0.04117973070148519,0.04863088079095636
id13611,0.8965732638204916,0.05251759757927761,0.05090913860023072
id05586,0.9079334150927034,0.04462047571025897,0.047446109197037525
id04497,0.8762019516041449,0.06031867061979553,0.06347937777605954
id13912,0.21763900004932166,0.7237457101569429,0.05861528979373537
id09675,0.4109581205687087,0.05688246768228729,0.532159411749004
id23620,0.0298482194544212,0.9535626936450765,0.016589086900502405
id05596,0.1477077574881435,0.10348169750396956,0.7488105450078869
id09067,0.21320612899460142,0.06401568130703018,0.7227781896983685
id05445,0.03455789860805419,0.9475526955803455,0.017889405811600406
id16825,0.04172485249394319,0.020686583711686694,0.9375885637943702
id21127,0.9122727952194017,0.038311615191844735,0.04941558958875355
id01740,0.048083330761845226,0.023410651745719425,0.9285060174924353
id12719,0.9147817290913691,0.03879189416145993,0.04642637674717109
id14137,0.24071752090182547,0.2096498852193673,0.5496325938788073
id08909,0.044685826683438304,0.02039903103426493,0.9349151422822968
id24041,0.7037468734241749,0.09379103749507228,0.20246208908075292
id14489,0.9108510031944431,0.0409744934915877,0.048174503313969226
id14961,0.05324056931108424,0.024689058218159306,0.9220703724707564
id19923,0.8520656765924675,0.0840060034654149,0.06392831994211759
id03339,0.0367143436069368,0.9449618728700406,0.018323783523022632
id08864,0.04512697387122016,0.020315205515783665,0.9345578206129962
id19803,0.6614658360826962,0.06663961080637333,0.2718945531109305
id09810,0.9133480998211546,0.037580414935603886,0.0490714852432414
id23324,0.7448332290024199,0.07535837649388996,0.17980839450369016
id22050,0.17918220934249204,0.7637941039845559,0.05702368667295191
id11386,0.12658753945151185,0.8261433888144997,0.04726907173398859
id14739,0.9133267164646349,0.038437086403800474,0.04823619713156467
id02882,0.8582327307299877,0.07135489939065874,0.07041236987935354
id11988,0.6605846614958036,0.11356234932786569,0.22585298917633073
id18839,0.050217224949789786,0.9187828598005489,0.030999915249661426
id08474,0.03011931298154992,0.9539024556222696,0.015978231396180518
id01060,0.1457443210785522,0.7979789005161727,0.05627677840527511
id06551,0.8589591754934306,0.05698025057194627,0.08406057393462318
id06210,0.2876189485641988,0.050583898343337895,0.6617971530924635
id12349,0.08392543929417555,0.03477229917823984,0.8813022615275846
id21813,0.15489975994876506,0.04477589823118918,0.8003243418200457
id13028,0.18585360515445246,0.43335148064898654,0.38079491419656114
id10021,0.07034955016186063,0.03387585734118803,0.8957745924969513
id07425,0.04704275452938137,0.02101243624170515,0.9319448092289135
id24409,0.03069931256615362,0.9531298110302637,0.016170876403582574
id21183,0.9017949102388665,0.04658887290588892,0.05161621685524456
id26178,0.41848892387685577,0.49932658117749723,0.0821844949456471
id24033,0.11480241064967046,0.04066810349472418,0.8445294858556054
id14793,0.041830000896490194,0.01964595343228404,0.9385240456712258
id03053,0.8115290377559538,0.0660492968522814,0.12242166539176474
id24285,0.3231539727511805,0.46805978431802164,0.2087862429307978
id09137,0.921253925145458,0.03693072315424478,0.041815351700297224
id03185,0.9183245024956387,0.03757185782262917,0.04410363968173216
id21242,0.2937666660366171,0.6170005567971018,0.08923277716628122
id17446,0.9114105215536817,0.04057139195378921,0.04801808649252905
id00087,0.8261511361689432,0.10570649571364839,0.06814236811740843
id11019,0.914773982469557,0.040003061882014995,0.04522295564842805
id18832,0.03355143868186041,0.947040963173159,0.01940759814498064
id19224,0.898507114982547,0.04732821770815914,0.05416466730929387
id17436,0.2862263994088849,0.15376594081886627,0.5600076597722489
id09895,0.045110905321881625,0.020705250719374,0.9341838439587443
id20296,0.048331721866416544,0.023476877083507475,0.928191401050076
id03074,0.29530063222726977,0.12452381740766102,0.5801755503650692
id09152,0.03294492907373373,0.9495012011386434,0.017553869787622856
id15277,0.04334497784610884,0.0203556876581639,0.9362993344957272
id07520,0.5634948538474152,0.3536228697146441,0.08288227643794076
id12928,0.029845105574886878,0.9544533328524346,0.015701561572678543
id06197,0.6985678872049308,0.05880379849268091,0.24262831430238832
id24099,0.89576914327533,0.04222210601982877,0.062008750704841194
id17392,0.6703176298570357,0.1350346617256427,0.19464770841732165
id17303,0.09294216403612332,0.031644567461605315,0.8754132685022714
id05682,0.8954860702132975,0.055208583507716354,0.04930534627898615
id14339,0.915855269484074,0.03904006446852799,0.045104666047398045
id07873,0.1433165204724209,0.16784535112710894,0.6888381284004702
id06939,0.05074479517054344,0.9126229496505707,0.03663225517888597
id14827,0.6606550282005572,0.222227960799052,0.11711701100039076
id19768,0.44226461096103487,0.47454882921556174,0.0831865598234034
id18080,0.7760823862938016,0.056929508050278695,0.1669881056559197
id17384,0.5862058134833419,0.32976799650988586,0.08402619000677222
id12059,0.3622362936543075,0.5658450842733022,0.0719186220723905
id27382,0.041376595699726224,0.019544047637411563,0.9390793566628622
id23252,0.8281772206299438,0.060649614951812515,0.11117316441824353
id14797,0.11779186638844634,0.0468404620310868,0.8353676715804669
id25826,0.05903003971044676,0.02405779861896986,0.9169121616705834
id27569,0.8817660350503357,0.048773873422905706,0.06946009152675847
id05079,0.8780649256916518,0.06610317930929883,0.055831894999049315
id23749,0.9050602999391867,0.040868888085985676,0.05407081197482763
id04852,0.04151701876917007,0.019307322397515973,0.939175658833314
id08920,0.8677707515794193,0.06610684783194208,0.06612240058863855
id15229,0.42292963726928856,0.0848288153248579,0.4922415474058535
id11992,0.11732644641076702,0.8423050169797829,0.040368536609450216
id21087,0.1882167127429995,0.053532437036124286,0.7582508502208762
id22173,0.7350829450741493,0.12281585212252358,0.1421012028033272
id26488,0.8387035882125077,0.09072804161075221,0.07056837017674014
id09378,0.8560675853837958,0.05024385863944805,0.09368855597675615
id19280,0.2452308463307209,0.6746872792854061,0.08008187438387307
id00701,0.045679020441546155,0.02063941449072862,0.9336815650677253
id18252,0.05505472343921631,0.9198690807539136,0.025076195806870084
id19850,0.04983287982724098,0.9185962895937422,0.0315708305790169
id00967,0.03294726765082365,0.9495451435302397,0.017507588818936704
id00670,0.8529123613401347,0.053181655930585624,0.09390598272927962
id10795,0.04225797702828887,0.021039433017480163,0.9367025899542311
id27312,0.3782348130560937,0.10851721721541628,0.5132479697284901
id10703,0.14230980727889914,0.04275735026138903,0.8149328424597119
id25596,0.09252676500394445,0.03778167924133276,0.8696915557547228
id00443,0.044975819714743244,0.020292957238780197,0.9347312230464766
id21638,0.13820833281119924,0.8027227206661868,0.05906894652261403
id15800,0.030311230225143752,0.9538529575503099,0.015835812224546233
id23367,0.7892980623144311,0.0553783849134844,0.1553235527720844
id03600,0.869470361340084,0.0516086483200335,0.07892099033988231
id07147,0.6546949016968385,0.22824449975330593,0.1170605985498555
id02654,0.3510357661610671,0.5729840335567719,0.075980200282161
id17965,0.030290715752453626,0.9525946896605664,0.017114594586980024
id24304,0.042394950022891634,0.9357681044673526,0.021836945509755765
id11626,0.7970403224726159,0.08843672897656897,0.11452294855081516
id17604,0.04381084144141993,0.020742406009331905,0.9354467525492483
id24725,0.2926272381560717,0.5993083854315869,0.10806437641234133
id08894,0.8509272501260147,0.08252454162153014,0.06654820825245518
id01352,0.8397513661659449,0.0875311549708353,0.07271747886321989
id07907,0.9230469831332032,0.036132971449532474,0.040820045417264375
id02681,0.09948889542450928,0.04013036793633783,0.8603807366391529
id23951,0.03283677389822428,0.949620012779321,0.017543213322454836
id11154,0.08603580869553513,0.035401510463102664,0.8785626808413622
id13182,0.11049235182397521,0.8313377518453966,0.058169896330628135
id04576,0.09277098318622863,0.8696719617104534,0.037557055103318054
id16318,0.7766669308110409,0.08077818835251442,0.14255488083644471
id05472,0.3430615638978255,0.07079846664045487,0.5861399694617196
id20567,0.9091837114043835,0.042026768779422116,0.04878951981619441
id21385,0.23699161095120383,0.15809384131383655,0.6049145477349596
id09834,0.8262213149584884,0.07567629133096351,0.09810239371054802
id02954,0.6677395008116993,0.07751618163209838,0.25474431755620236
id15456,0.6785683111425845,0.18011496747634131,0.14131672138107426
id06958,0.9199765236758606,0.037731502754455463,0.042291973569683984
id18053,0.406455670776075,0.07372776759899505,0.5198165616249301
id05180,0.04438007254217488,0.9319724264302488,0.023647501027576314
id21648,0.8802362946610431,0.0567095993046178,0.06305410603433906
id27095,0.03130582809112716,0.9518625549393892,0.016831616969483675
id16645,0.030118309177476717,0.9534005603450233,0.01648113047750004
id22508,0.9166189050333523,0.03854081994223831,0.0448402750244093
id01151,0.3389957691730009,0.2818350961382799,0.3791691346887193
id03451,0.7893105389458348,0.08183431800081484,0.1288551430533504
id20279,0.46925186570427885,0.11322904869805624,0.4175190855976649
id17480,0.9049210127918759,0.0458330955760541,0.049245891632070014
id08280,0.7845866726461976,0.11525466652215952,0.10015866083164293
id19245,0.5110878569686899,0.3392252515364609,0.1496868914948493
id20463,0.8844887483122734,0.049566832340199665,0.06594441934752696
id01510,0.031337211850267624,0.9507915481443208,0.01787124000541165
id22724,0.15865682175880783,0.06438944066901381,0.7769537375721784
id03386,0.03921458683554503,0.019016545958331812,0.9417688672061232
id26858,0.9087980873066361,0.04411111203179774,0.04709080066156623
id27612,0.8501110908998631,0.06539413963794435,0.0844947694621925
id14606,0.907041677809389,0.04668148636189346,0.0462768358287174
id09273,0.05820829288171321,0.03541643709731431,0.9063752700209725
id07736,0.15827923636086233,0.30257852622698717,0.5391422374121506
id22879,0.44481210020865125,0.36142474865175805,0.1937631511395907
id01075,0.42586798091954864,0.4911571452572895,0.08297487382316197
id14038,0.7187802906536453,0.18054611755558175,0.1006735917907728
id10294,0.6553240363509071,0.060559823326784036,0.2841161403223089
id06738,0.3774134539956025,0.27679567196562915,0.3457908740387684
id06932,0.0658323248081654,0.9051553078646739,0.029012367327160768
id20905,0.3782795599216147,0.42660786554305,0.19511257453533523
id03466,0.6277224775263874,0.2713855365699522,0.1008919859036604
id17100,0.16238747471058493,0.056814074254407015,0.7807984510350081
id00585,0.04617742146231127,0.023348265229374127,0.9304743133083146
id05385,0.7413213271246192,0.05848349700464687,0.200195175870734
id21658,0.9201802013618977,0.037537527667922815,0.04228227097017942
id25140,0.811633165200358,0.12319422438206867,0.06517261041757319
id14623,0.030673176466602614,0.9528950062787637,0.016431817254633795
id06925,0.3786607360317845,0.2033273374992187,0.4180119264689968
id03102,0.3507835175568543,0.06681608535296396,0.5824003970901818
id15215,0.031158425196155956,0.9521927383446821,0.016648836459162004
id16162,0.03415243094195908,0.9481915724662654,0.0176559965917756
id12412,0.03013535104411455,0.953618508357161,0.01624614059872443
id27708,0.7468550215397631,0.06021793420109312,0.19292704425914378
id18508,0.9181871970807236,0.03767052256851855,0.04414228035075777
id19857,0.6621943171031095,0.06582170166134113,0.2719839812355494
id27904,0.331430567957584,0.5222835888962271,0.14628584314618903
id27345,0.7500238756307555,0.15758850549379722,0.09238761887544733
id09516,0.03370072837603039,0.9484150460890198,0.017884225534949862
id24277,0.04161304009624976,0.9370440893676893,0.02134287053606093
id26935,0.046791480264983344,0.9278638188490029,0.025344700886013743
id08544,0.07198197951216091,0.046437070164585634,0.8815809503232535
id13779,0.8889855791157879,0.043951631548279,0.06706278933593314
id17103,0.3243320981380147,0.05545555646297897,0.6202123453990064
id01771,0.4400642941541452,0.21973364046959043,0.3402020653762644
id08211,0.046268646064269746,0.02242830292457835,0.9313030510111519
id06392,0.9235566808868623,0.035950432409503706,0.04049288670363406
id25629,0.8946892085119453,0.0531610009934944,0.05214979049456027
id15194,0.6692551756593381,0.1740572596948925,0.15668756464576944
id23962,0.03684319670343029,0.9440332029361406,0.019123600360429042
id14252,0.05112473733339092,0.024318414681109953,0.9245568479854991
id15381,0.8881327835357491,0.04251802567541862,0.06934919078883232
id17385,0.5870355892664642,0.12074376156508423,0.2922206491684517
id22826,0.39425403056139374,0.2673043900132338,0.33844157942537256
id16485,0.03347621576147581,0.9461501779361325,0.02037360630239149
id25744,0.9006428833847684,0.051287175749112214,0.04806994086611936
id09192,0.7278053950367844,0.19202546038910454,0.08016914457411103
id08619,0.08898067324563662,0.8709671709994703,0.04005215575489316
id27889,0.4758231724150076,0.21085086146173004,0.31332596612326236
id10964,0.0416381209479525,0.01984270438971101,0.9385191746623365
id00821,0.46492434793103043,0.369493156167304,0.1655824959016656
id07120,0.8229019364451785,0.08421378782699106,0.09288427572783044
id05347,0.720577968283432,0.19029494847038342,0.08912708324618447
id14047,0.8445396246227233,0.06513182340376991,0.09032855197350688
id24871,0.9120537916253236,0.04302168593309328,0.044924522441583015
id21417,0.16885287458227963,0.0729006627167234,0.758246462700997
id03784,0.8788487957714607,0.06278555400331855,0.05836565022522086
id07389,0.8192429949109783,0.096980582372833,0.08377642271618882
id16215,0.915204430602902,0.04131425270439026,0.04348131669270766
id10976,0.052679058124079824,0.02759908391613806,0.9197218579597822
id00348,0.9085948894633169,0.044215904432878046,0.04718920610380511
id04027,0.7320069557112111,0.09248789337585792,0.17550515091293106
id21625,0.05737818595469822,0.9124479393683703,0.030173874676931476
id15117,0.0578694253262255,0.026336636567126454,0.9157939381066481
id06776,0.9039887718665353,0.046455987689209825,0.049555240444255036
id10947,0.9222465143626325,0.03588992361990778,0.041863562017459735
id11746,0.07346425247782591,0.026825542187119012,0.8997102053350551
id27779,0.04792719853295255,0.021738459879980687,0.9303343415870667
id20789,0.38540977225533096,0.4137640627994478,0.20082616494522115
id16187,0.05645059342971876,0.026058678757453727,0.9174907278128275
id23834,0.030921525459585122,0.9522594343958963,0.0168190401445186
id25848,0.030455194476542456,0.9536401210028684,0.015904684520589105
id08777,0.6727536491195178,0.21637323155038188,0.11087311933010031
id17045,0.04722789869396358,0.020847907681878716,0.9319241936241578
id01474,0.1659366620134199,0.10836159698949777,0.7257017409970824
id09396,0.17781986803485278,0.7648857581842664,0.0572943737808809
id22208,0.9216959072406674,0.03638494925829478,0.04191914350103774
id13813,0.09009186042297793,0.041306481802146675,0.8686016577748754
id23386,0.7781295192843338,0.09201220375511217,0.129858276960554
id02610,0.030856660834672048,0.9527996157424474,0.01634372342288054
id07647,0.0907281024325253,0.10556312292447889,0.8037087746429958
id24025,0.9203147982032256,0.037778751282076535,0.041906450514697845
id25573,0.7293270211079033,0.08213138274121055,0.18854159615088617
id23575,0.8607931815558575,0.049146971120955105,0.09005984732318748
id08968,0.7743872730063353,0.08987156663750506,0.13574116035615974
id09958,0.7846014346870255,0.13687929985033406,0.07851926546264032
id13648,0.8637485588016622,0.07440655486918131,0.061844886329156384
id00335,0.9034321629274537,0.041497564216886926,0.0550702728556595
id18099,0.9098168876955105,0.03926951199301204,0.05091360031147751
id24297,0.050715817097308005,0.022159506864755832,0.9271246760379361
id17751,0.558257694713843,0.07665546661487854,0.3650868386712785
id02158,0.032357020271101766,0.949936204487074,0.017706775241824242
id03039,0.8913855699845133,0.054027740322208,0.05458668969327856
id09467,0.1740715467265712,0.039079174193466376,0.7868492790799624
id14903,0.6755793215570581,0.24619872508908752,0.07822195335385435
id03331,0.08193835605762442,0.8403990222626007,0.07766262167977496
id27366,0.04932104253887876,0.021970269533106178,0.9287086879280151
id09199,0.9171440851024895,0.03919380898683158,0.04366210591067903
id07681,0.29333878033221633,0.1418336608951209,0.5648275587726628
id11502,0.029901041186532737,0.954366766835024,0.015732191978443392
id00140,0.8818103038956442,0.06279661433683073,0.05539308176752511
id20159,0.6214051951426313,0.10501020727947388,0.2735845975778949
id02007,0.03886934471126905,0.01902406235658839,0.9421065929321426
id08188,0.9023758756123018,0.049997107639835836,0.047627016747862475
id04504,0.11187090375463414,0.034549292662875083,0.8535798035824909
id22031,0.2669623281365459,0.6461692397136266,0.08686843214982759
id17947,0.11779163975062738,0.21616906110082187,0.6660392991485508
id06267,0.7318501795280449,0.1504721743637885,0.11767764610816667
id14577,0.19717318178517818,0.052990176607632354,0.7498366416071895
id27313,0.7147987653897604,0.07305865592829157,0.21214257868194814
id16231,0.032084679763642515,0.9506533756241441,0.017261944612213417
id02587,0.18263727306107555,0.6081769060064909,0.20918582093243365
id04379,0.048004917528092245,0.9288597814109093,0.023135301060998533
id13503,0.2394088107241596,0.6553157997461078,0.10527538952973277
id03887,0.906984879691042,0.04000436595689623,0.05301075435206182
id22338,0.9017996990933009,0.04574074897261322,0.05245955193408589
id20080,0.45266867496424956,0.4270228010960527,0.12030852393969763
id22392,0.8645209157350259,0.05262494064183526,0.08285414362313888
id03895,0.7398390085664921,0.059240536624231725,0.20092045480927617
id17179,0.7997237842191033,0.1210020520807835,0.07927416370011331
id23466,0.04092993266974764,0.01961192573458639,0.939458141595666
id12592,0.035233713631314265,0.9441810394631016,0.020585246905584217
id16947,0.8912089417150368,0.04492081696975574,0.0638702413152075
id13870,0.13226547271739422,0.046147117769040576,0.8215874095135652
id10717,0.04044325290799236,0.01952269858869568,0.940034048503312
id09418,0.6714612156837286,0.22778634564526895,0.10075243867100243
id20753,0.8272538606555949,0.08083496379022073,0.09191117555418434
id00114,0.29212582689322264,0.1816392039394988,0.5262349691672786
id00627,0.05733398732264255,0.9145307563312809,0.02813525634607663
id07738,0.029938945382161006,0.9543066964439185,0.015754358173920506
id14516,0.6802424003297775,0.19652832183163474,0.12322927783858789
id02107,0.02969090002685087,0.9541948055018378,0.016114294471311384
id18378,0.172037857576111,0.7742285750632646,0.05373356736062443
id02751,0.276013983884012,0.04984802817982258,0.6741379879361654
id26105,0.12947813308285175,0.07244311208274648,0.7980787548344017
id07659,0.2614386595396735,0.11669560175793343,0.6218657387023931
id07421,0.9016108641838134,0.05065089761295194,0.047738238203234674
id00325,0.728412614692531,0.07611384329389392,0.19547354201357509
id12253,0.904904259645871,0.046626823977199555,0.04846891637692951
id23427,0.8785477969176264,0.0643938457719201,0.05705835731045355
id06202,0.9215098809636869,0.03693242101476703,0.04155769802154603
id21320,0.03896876122987363,0.01908971913754691,0.9419415196325794
id21994,0.7888264024697291,0.1367858761838525,0.07438772134641834
id13903,0.7724514864518766,0.07182049874964261,0.15572801479848092
id13767,0.9160658364093972,0.03923193033383209,0.044702233256770744
id03750,0.059176582255916314,0.026475271970773293,0.9143481457733105
id08666,0.0451122964085823,0.020257646895637124,0.9346300566957806
id12171,0.1694097203047605,0.4582590062333458,0.3723312734618937
id26202,0.8746247638359074,0.05241082689918773,0.0729644092649049
id16310,0.04744119099339884,0.022196994906367316,0.9303618141002339
id02650,0.8603110348762779,0.05652318637295527,0.08316577875076679
id26558,0.8806922270286279,0.0621398708938569,0.057167902077515265
id24794,0.9150809762663787,0.039479332185040496,0.04543969154858077
id01299,0.08936675243228709,0.029576964641609648,0.8810562829261033
id19281,0.9175337568424785,0.0396311188391632,0.042835124318358314
id20504,0.8696312449013959,0.04918387447266989,0.0811848806259343
id15716,0.18683028952730324,0.1306897660879372,0.6824799443847596
id08222,0.08495178569577581,0.0704333838267732,0.844614830477451
id12393,0.1112108028591639,0.28411191496712973,0.6046772821737063
id26841,0.8100374386581476,0.12013257577602121,0.06982998556583118
id22947,0.12090344933646578,0.8359303011371644,0.04316624952636991
id10817,0.917028782858236,0.03979704142745875,0.043174175714305305
id01486,0.8644536692944662,0.07426208377265506,0.061284246932878775
id00296,0.11929523459871043,0.821202372676627,0.05950239272466261
id24189,0.39854654827033603,0.09283811366846928,0.5086153380611946
id20909,0.4075525692110832,0.07152186473849392,0.520925566050423
id21079,0.670573006150986,0.25227909225375816,0.07714790159525582
id02478,0.2786842027114586,0.09546605732311712,0.6258497399654243
id03727,0.9118875514770092,0.04023040913197352,0.04788203939101736
id09794,0.6812565984375472,0.08097508138962062,0.23776832017283223
id08527,0.031118653150808997,0.9522018745228309,0.016679472326360148
id18716,0.9171083529194483,0.03697757083760138,0.045914076242950366
id21733,0.04079530707777569,0.01920163483367462,0.9400030580885497
id08898,0.2186874993807698,0.5536892060479526,0.2276232945712776
id16571,0.047629972739556256,0.0235357630009646,0.9288342642594791
id17780,0.6608770015901614,0.06731298377182697,0.27181001463801174
id11537,0.9187493196307187,0.03827702138169794,0.04297365898758334
id23242,0.8361726952121258,0.07804876507947811,0.08577853970839601
id16749,0.06963729830751987,0.062262888766356383,0.8680998129261237
id02226,0.9043533831585254,0.04053104793121311,0.05511556891026141
id08369,0.07335092320957465,0.04124250277630915,0.8854065740141162
id18013,0.1262164752583855,0.8174482599696217,0.056335264771992896
id23454,0.8420247259509213,0.09143454601984759,0.0665407280292312
id03878,0.02985216122735609,0.9539849662461228,0.016162872526521085
id15129,0.04380252134088666,0.023580492501710685,0.9326169861574027
id21874,0.36290336332530726,0.06408541710921306,0.5730112195654797
id24455,0.3590293827359939,0.07166148086023806,0.5693091364037681
id03860,0.02986094680804734,0.9544358550398,0.015703198152152795
id07622,0.050083362157510386,0.9230859578791422,0.02683067996334742
id18449,0.06207528044325672,0.9022600874273041,0.035664632129439176
id16952,0.4866148132528646,0.39602799758913854,0.11735718915799688
id08212,0.9214881489544153,0.03714160729247751,0.0413702437531072
id05513,0.3491024996078217,0.057701571390346165,0.5931959290018323
id24536,0.920851136375916,0.037309239817916354,0.04183962380616765
id18070,0.9161018637881376,0.038963413689811634,0.04493472252205081
id03094,0.02996668638936843,0.9542946688609387,0.015738644749692943
id13815,0.3847454469428379,0.18512624550596982,0.43012830755119236
id14023,0.030095768005573384,0.9541073004261684,0.015796931568258208
id14480,0.8302417102183227,0.10364838379282407,0.06610990598885326
id00059,0.8102276125989114,0.10791742728998993,0.08185496011109873
id16873,0.9096844220088987,0.04143062722849008,0.04888495076261129
id23144,0.8699460726332591,0.0538535886788701,0.07620033868787084
id02845,0.9125666713142933,0.041974966982452226,0.0454583617032544
id25492,0.189043326941477,0.054478572568238195,0.7564781004902849
id04097,0.07426327920576811,0.8905265208586823,0.03521019993554951
id25883,0.9204398732455515,0.03656203267720932,0.042998094077239146
id23391,0.032118853382202064,0.9490840178666285,0.018797128751169234
id27018,0.8185793602179916,0.11674302435505107,0.0646776154269572
id23614,0.7279595548754261,0.1585070586143637,0.11353338651021025
id14309,0.03559209966966903,0.9461705936732289,0.01823730665710216
id27746,0.03090893890456596,0.9520919294620389,0.016999131633395125
id05057,0.08379895572206547,0.8785519737352374,0.03764907054269721
id06246,0.8279909115814497,0.06092954435715063,0.11107954406139973
id00509,0.03882502651954268,0.019162397354984477,0.9420125761254727
id19473,0.8865093137835056,0.05768160967236358,0.05580907654413088
id07044,0.11931292934743894,0.08964138403245936,0.7910456866201017
id09871,0.12019637723538001,0.03729160183889467,0.8425120209257254
id26870,0.661122107424908,0.08564516460846597,0.2532327279666261
id06125,0.0970795129043296,0.8354166354541848,0.06750385164148563
id02829,0.04345325584275027,0.021605790060209375,0.9349409540970404
id24935,0.04560009875964149,0.021196830163888947,0.9332030710764696
id04557,0.03843557059493563,0.018788878466479066,0.9427755509385852
id01208,0.9175849648744272,0.03956586662669372,0.04284916849887914
id16235,0.029750929699718296,0.9545119300354725,0.015737140264809237
id05135,0.03374779678130136,0.9481837865204332,0.018068416698265394
id05892,0.25404388849397613,0.056919259981910504,0.6890368515241134
id21207,0.9183240375384548,0.03686444270371284,0.04481151975783244
id10722,0.7389475465537634,0.1197295817438753,0.14132287170236135
id17396,0.05711015681795096,0.8679395336857894,0.07495030949625965
id17755,0.7387764946529827,0.107422638177308,0.1538008671697093
id18529,0.08317252311485998,0.029734953245840294,0.8870925236392998
id18235,0.8838953744811134,0.05620472921898173,0.059899896299904894
id20188,0.107658116897039,0.03690679039906727,0.8554350927038937
id13483,0.08988869425007379,0.07908195712383917,0.8310293486260871
id16860,0.8421285908120222,0.05840062605198177,0.09947078313599607
id11203,0.9127376313913349,0.04180903536557096,0.04545333324309427
id01104,0.9196081081609292,0.03745380139732644,0.042938090441744306
id26195,0.1694341516503294,0.32408977412743945,0.5064760742222312
id19647,0.047414629378004794,0.02115531974461389,0.9314300508773814
id24377,0.8307752551526706,0.06639232870933093,0.10283241613799858
id07103,0.9188268691023871,0.03663410336027675,0.04453902753733615
id27061,0.8707461543063444,0.07384479470828947,0.055409050985366144
id06255,0.1324369944336642,0.8244181070596858,0.04314489850665009
id19483,0.2298475392752194,0.1089621208070134,0.6611903399177672
id27936,0.6898311081036317,0.2092560421490812,0.10091284974728719
id21761,0.6588736886450701,0.2474903242152383,0.09363598713969158
id06543,0.029822893522879822,0.9543984487693855,0.015778657707734622
id04779,0.03080081879757815,0.9526362760720826,0.01656290513033933
id05819,0.8330239988402262,0.05554351272823906,0.11143248843153483
id04670,0.6591094163956817,0.26020810351223356,0.08068248009208483
id22206,0.9161568539829229,0.03813263028543545,0.04571051573164157
id18557,0.8385678662491748,0.07539128680189298,0.08604084694893231
id24017,0.6347801926143929,0.07209286504610797,0.2931269423394992
id10305,0.9175525045294852,0.038832446948575405,0.04361504852193935
id25879,0.9121538606634515,0.03815767256782092,0.04968846676872762
id08243,0.04369533371097058,0.9130018047560439,0.043302861532985494
id11999,0.04756283501598583,0.9150890773718673,0.037348087612146884
id13392,0.05703930967457055,0.916427417202703,0.026533273122726457
id00681,0.034201164234661165,0.9470146282295446,0.01878420753579435
id03225,0.869302431519776,0.05808498028535182,0.07261258819487218
id19684,0.22493620514147092,0.16473421529964205,0.6103295795588871
id01944,0.9177613604999346,0.03726648499083215,0.04497215450923322
id04903,0.4402704880060832,0.13679772973444962,0.4229317822594672
id22131,0.8830291289747435,0.052144386268574434,0.06482648475668215
id17465,0.7461632719268573,0.11035232579616511,0.14348440227697765
id02341,0.04589092072969724,0.020531412904655495,0.9335776663656472
id23306,0.0664561837969684,0.034077319045106566,0.899466497157925
id13543,0.09908926143364474,0.03451404418418767,0.8663966943821676
id05527,0.4312598289361299,0.448198035828624,0.12054213523524614
id13622,0.44873073732910823,0.46454829112695095,0.08672097154394079
id04807,0.4455836884798448,0.45936469732347585,0.09505161419667932
id03763,0.8996616180343943,0.044329421770627694,0.05600896019497798
id04860,0.05154957112781323,0.022332189543522476,0.9261182393286643
id18552,0.9165604508194473,0.039841297925725126,0.04359825125482759
id05624,0.8886842359359942,0.04770266785155132,0.06361309621245448
id10691,0.08624282277445236,0.0941990445763973,0.8195581326491505
id12723,0.764031140919582,0.06629091367212175,0.16967794540829634
id14533,0.8504204758303737,0.08004213735037506,0.06953738681925131
id07197,0.3254206023866781,0.05334716354389511,0.6212322340694268
id08284,0.7320548899146673,0.1722847952342611,0.09566031485107167
id13373,0.13203534847647128,0.7730508183947523,0.09491383312877642
id25880,0.1334368433685091,0.041803404704631945,0.8247597519268589
id00879,0.14292462141715445,0.8068769965910538,0.05019838199179176
id27931,0.040724177750884605,0.9140473743047954,0.04522844794431984
id20774,0.04801083305879884,0.02340885799106298,0.9285803089501382
id18642,0.277721197806973,0.4634188218733619,0.2588599803196651
id26855,0.25087304764945695,0.5567344743720102,0.192392477978533
id08684,0.27484880811610146,0.5756009691249663,0.1495502227589323
id01743,0.0888646530698303,0.07190672713623883,0.8392286197939309
id09704,0.05007168921984999,0.9258067343994647,0.0241215763806854
id00696,0.2530989954089105,0.2022218375448959,0.5446791670461936
id08351,0.14306550845317606,0.6974616249705041,0.15947286657631984
id08495,0.8727860430598997,0.06276406415807977,0.06444989278202046
id05141,0.08296329774472068,0.036725160561786874,0.8803115416934925
id08515,0.054374815400759446,0.027662239330834358,0.9179629452684062
id23509,0.8647238707374454,0.04717238436176813,0.08810374490078647
id20577,0.049264228177194516,0.025892601012424136,0.9248431708103814
id04217,0.0483971350727834,0.024602308853061243,0.9270005560741553
id24430,0.2599113951068451,0.09238562383721387,0.647702981055941
id11995,0.038508077196486294,0.018666722169587792,0.9428252006339259
id10871,0.10158367769674853,0.04529720459743899,0.8531191177058125
id21988,0.29378016944466967,0.059200907221442015,0.6470189233338883
id07248,0.7768918215461078,0.15106964779307458,0.07203853066081757
id22805,0.5715435263048386,0.12850949925333166,0.2999469744418298
id18064,0.04504353182944294,0.020339234138335487,0.9346172340322216
id02256,0.13983787016515073,0.7398669543067786,0.12029517552807063
id18835,0.6674634072652017,0.06296866807382905,0.2695679246609693
id06068,0.17626523389739698,0.6988202839883464,0.12491448211425658
id13355,0.02962261107912723,0.9521100041206104,0.018267384800262392
id15890,0.7858081284493645,0.0894202366477136,0.12477163490292184
id11828,0.919551650101275,0.038258017880049906,0.04219033201867511
id14235,0.04436863458826553,0.020099860363888288,0.9355315050478462
id07891,0.06442772616257246,0.8921117479760657,0.043460525861361815
id00426,0.1937989258499911,0.6034290937485782,0.20277198040143074
id00194,0.04057857286933178,0.019113838725421606,0.9403075884052466
id10086,0.5007602833322058,0.06855350678125689,0.43068620988653733
id24683,0.25037875961945216,0.24795721379571495,0.501664026584833
id01217,0.03938571973278059,0.9401403556560622,0.02047392461115722
id09906,0.8577038677627118,0.07167465040101738,0.07062148183627089
id04780,0.295520890849315,0.05105107277804862,0.6534280363726365
id15682,0.910141220582789,0.04229554055996908,0.047563238857241896
id27193,0.9153156744101149,0.037842183395233396,0.04684214219465176
id01574,0.05468902485860137,0.02520263338469956,0.9201083417566991
id26894,0.5566807337352873,0.07943449015202099,0.3638847761126918
id08143,0.13293473667612615,0.03926045837570393,0.82780480494817
id05756,0.03082935902340222,0.9524335594588097,0.016737081517788042
id14803,0.04153041648893778,0.01927282012433358,0.9391967633867286
id01103,0.059389152877655796,0.9042725042885813,0.036338342833763006
id17451,0.8278025834853595,0.0633936297230717,0.10880378679156882
id10497,0.6646532500691321,0.16481447354474976,0.1705322763861181
id23770,0.7808378275263819,0.1415427091936974,0.0776194632799208
id01731,0.6214751882907456,0.17011316942161644,0.20841164228763798
id24021,0.39553350530718356,0.3208486118986542,0.2836178827941622
id24904,0.8703063847417796,0.046664352760015265,0.08302926249820516
id16795,0.10402401982066112,0.20832535713037018,0.6876506230489687
id27308,0.4870889362612317,0.09461167128400462,0.4182993924547637
id16671,0.909285675263833,0.04447973891949089,0.04623458581667627
id10035,0.5512459132166608,0.10592267261957043,0.34283141416376867
id12143,0.8734864893054104,0.05667063536968877,0.06984287532490088
id14087,0.89732389618198,0.04490499199628884,0.057771111821731135
id02962,0.03326224542588556,0.9470878938324333,0.01964986074168108
id17035,0.07056566090848244,0.029144158398901807,0.9002901806926158
id07600,0.1988378746446991,0.05345074679456588,0.747711378560735
id08201,0.18122531930378516,0.4137373747357526,0.4050373059604623
id04623,0.9127769798528775,0.04277524659897224,0.04444777354815025
id07245,0.7835520326984808,0.1097684019955874,0.10667956530593188
id01334,0.871723053434414,0.051099761296082374,0.07717718526950365
id23105,0.8584634505157127,0.048122004474853826,0.09341454500943354
id19744,0.2580857204351807,0.11670368675717446,0.6252105928076449
id22884,0.532828534965079,0.06470840296633128,0.40246306206858967
id01936,0.3025334581140513,0.6041529370265336,0.09331360485941519
id21910,0.030419840725651303,0.9537120588406386,0.015868100433710078
id10801,0.0319463483209278,0.9496095583760534,0.018444093303018803
id02629,0.04934773748558517,0.027467696625437868,0.923184565888977
id11940,0.05379134899863738,0.9109628236466827,0.03524582735467994
id12664,0.12639283284459554,0.03855962053323543,0.835047546622169
id06308,0.04898821507548446,0.020997235240823812,0.9300145496836918
id21510,0.7776191195047587,0.05527554061694705,0.16710533987829423
id20043,0.04346991414225052,0.02097902513686931,0.9355510607208802
id01014,0.29118579523172694,0.6360222628467419,0.0727919419215312
id04968,0.11814747812993777,0.11645971531408789,0.7653928065559744
id17552,0.3364481458139991,0.5571773781708117,0.10637447601518926
id25395,0.5207652502048778,0.11977575480701286,0.3594589949881093
id25931,0.9209906503494797,0.03610223700388187,0.04290711264663851
id21548,0.30973808635441585,0.26288103155919557,0.42738088208638864
id07443,0.20530730860955376,0.06250553280022132,0.7321871585902249
id01215,0.030496080025567848,0.9532430309546628,0.016260889019769503
id20060,0.031249604215827002,0.9523272502348521,0.0164231455493209
id17279,0.8575080093401695,0.05867933443815649,0.08381265622167396
id20214,0.0706138937193448,0.8943760290869419,0.035010077193713296
id08809,0.053236882922841414,0.02337839226417733,0.9233847248129813
id17098,0.31490005638888435,0.06447540213262613,0.6206245414784896
id10146,0.14509947577454957,0.7981902638353795,0.05671026039007096
id24986,0.8512117657885263,0.06939743601035411,0.0793907982011196
id19690,0.050044043922550255,0.025166188919165496,0.9247897671582842
id14487,0.4460935865766373,0.1409996662219046,0.4129067472014582
id26146,0.8740326713641674,0.06196393998094063,0.064003388654892
id01942,0.041348363565177064,0.02123187566274183,0.9374197607720811
id03843,0.8380236051517242,0.09043183570895666,0.07154455913931912
id02026,0.8375505238471588,0.07517116351201888,0.0872783126408224
id10903,0.7303190784232567,0.1162242801777754,0.1534566413989679
id07340,0.5663726884962943,0.07981199203632668,0.35381531946737904
id25682,0.03463030463446344,0.9451299298294791,0.020239765536057514
id13830,0.9130886580858485,0.03809641326858321,0.04881492864556844
id08319,0.4035762401356865,0.0580099939150662,0.5384137659492474
id25558,0.045074427778466826,0.021223025246345287,0.9337025469751878
id07084,0.21718322323189343,0.14273161535833118,0.6400851614097753
id00203,0.852175130497202,0.06107674173892258,0.08674812776387553
id23804,0.33662373878069723,0.07935878449431615,0.5840174767249867
id06863,0.063465103226415,0.027368918766884836,0.9091659780067002
id11191,0.6475248071945233,0.23245074701764323,0.12002444578783339
id00846,0.2774026679844612,0.48462017190647394,0.2379771601090649
id17290,0.3201329140414433,0.14631921767190714,0.5335478682866496
id00047,0.04360090793715044,0.927118969795697,0.02928012226715258
id27631,0.3339596602216926,0.5854254594036574,0.08061488037465003
id15793,0.056126116693448726,0.02400559543397664,0.9198682878725747
id03142,0.18425315362109115,0.039298532075077504,0.7764483143038313
id24825,0.9117258233017286,0.04187556544017732,0.04639861125809408
id12069,0.40066061089935356,0.06262606618767169,0.5367133229129747
id23009,0.9123117047616461,0.04263290029284336,0.04505539494551044
id06793,0.030657098374753406,0.9519709019390494,0.01737199968619717
id18638,0.9194635070188556,0.03741341740348333,0.04312307557766109
id02966,0.2992258495874075,0.6273029621249654,0.07347118828762703
id20346,0.13410896857991408,0.03667578322478629,0.8292152481952997
id16855,0.3115667949808548,0.06632941073595706,0.6221037942831881
id16350,0.030115360609366138,0.9537977361232581,0.016086903267375708
id25092,0.03136755388859576,0.9513610094476673,0.0172714366637368
id16132,0.8040309564650401,0.12298895833576386,0.07298008519919617
id15977,0.055625539825497373,0.024556083832883366,0.9198183763416192
id26922,0.2775148986705239,0.31228801139691587,0.41019708993256027
id20054,0.8716771710572137,0.0599753701682084,0.06834745877457796
id14375,0.39861526770839756,0.12402205932869627,0.4773626729629062
id23372,0.6698671300120238,0.18539796851489285,0.14473490147308332
id20360,0.03153106260437461,0.9514924783615573,0.016976459034067994
id25380,0.031002747168817874,0.9527052707170657,0.01629198211411637
id07295,0.040726796566769134,0.01957958524935705,0.9396936181838738
id20349,0.7530488977122383,0.16738962076949676,0.07956148151826481
id17177,0.05429688714315288,0.025391573463273007,0.9203115393935741
id07041,0.42774962982631254,0.12203747265120492,0.4502128975224825
id27459,0.0429554725480889,0.9342634694674627,0.0227810579844484
id24144,0.9072315371626825,0.0450256212572423,0.047742841580075274
id13748,0.04318267307146078,0.020278763447765982,0.9365385634807731
id08295,0.7050281779594252,0.1904010175275509,0.10457080451302399
id00744,0.05562374877557897,0.02592429450747319,0.9184519567169478
id19662,0.05460411905407534,0.9168479909591518,0.02854788998677279
id13027,0.2880546521080964,0.050783823881957485,0.6611615240099462
id21785,0.5803192123258564,0.17905353613859826,0.24062725153554537
id13431,0.5383041363141405,0.3781571002723737,0.08353876341348579
id21455,0.0309173833568693,0.951153673630349,0.017928943012781695
id25429,0.06680030882297039,0.8885279611417831,0.04467173003524638
id16944,0.177017899328301,0.050040528257277256,0.7729415724144217
id01458,0.15672293437055437,0.24448453043011753,0.5987925351993282
id15684,0.058504170119885304,0.9141602169901392,0.02733561288997559
id00970,0.78542681772386,0.07090908036049458,0.14366410191564538
id12185,0.054146046002276106,0.025811011617832332,0.9200429423798916
id15050,0.10020633555553853,0.7424314220267808,0.15736224241768074
id05062,0.047610695450420036,0.023587500002886907,0.928801804546693
id13150,0.07331418199645529,0.8957646393564345,0.03092117864711028
id02821,0.02983617624699651,0.9545313042728935,0.015632519480110033
id05545,0.9152297970160848,0.03963862107294853,0.04513158191096656
id03523,0.9158054083579724,0.03727373547525283,0.04692085616677484
id02098,0.033932674757738965,0.9474463873264883,0.018620937915772684
id26788,0.8794947285034395,0.05561977706633945,0.06488549443022106
id22116,0.34933015786838284,0.3785695442495015,0.2721002978821156
id16175,0.9194557420628002,0.03669738100945448,0.0438468769277452
id24957,0.030883469422439004,0.9508666318333491,0.018249898744211852
id10844,0.03159717269242759,0.9513775498686237,0.0170252774389488
id11758,0.1867771723162271,0.7560651492478098,0.05715767843596316
id05134,0.03435523745017933,0.9458457766398854,0.019798985909935313
id15865,0.03383464181009831,0.9475283153868129,0.018637042803088758
id08591,0.7442357904642747,0.17723342724501537,0.07853078229071005
id26318,0.07258178476412881,0.03488182546674167,0.8925363897691295
id05612,0.8280312685571333,0.08762719397012235,0.0843415374727444
id14561,0.07548188900914267,0.04330229498830091,0.8812158160025565
id07666,0.0385028571053781,0.018601159979399616,0.9428959829152224
id01297,0.4878277194987824,0.06834441086147285,0.4438278696397447
id10688,0.31113646200959966,0.3139311394817143,0.374932398508686
id15377,0.04048090476149535,0.9388643130020284,0.02065478223647621
id23377,0.8506199121645657,0.06802572833453262,0.08135435950090153
id05797,0.16622143033045336,0.7675637339060468,0.06621483576349983
id06241,0.6473060137284331,0.07988336174349123,0.2728106245280757
id10766,0.8844337651651082,0.05611253526739638,0.05945369956749543
id03928,0.9160496798075208,0.03723419081367454,0.046716129378804705
id04429,0.06846668943271651,0.8183093346259361,0.11322397594134731
id24846,0.7239524857601488,0.11422930343441716,0.16181821080543396
id19784,0.046257602450496704,0.020909993053592573,0.9328324044959108
id02452,0.87209644443892,0.0501602351635679,0.07774332039751218
id02600,0.6532183881128834,0.22294719783355077,0.12383441405356596
id27487,0.07883226833096543,0.07640967891981149,0.8447580527492231
id12323,0.7628881881530846,0.16599442016962718,0.0711173916772883
id00487,0.07119837514368596,0.11303462825020681,0.8157669966061073
id06032,0.7612012422661908,0.16738313188874507,0.07141562584506406
id05211,0.4975913004805173,0.06909314465428941,0.4333155548651934
id16523,0.8525407350209726,0.08599830747444992,0.06146095750457751
id08800,0.15180968658370553,0.7931806556321669,0.05500965778412762
id08791,0.048968298305938046,0.022374860549187418,0.9286568411448746
id10429,0.08530853676253411,0.04488541677824568,0.8698060464592202
id20801,0.3190023516831132,0.5927602804465376,0.08823736787034922
id14055,0.042581188132971126,0.019737138194546984,0.9376816736724819
id09462,0.031068458356708652,0.9524615082780485,0.016470033365242668
id06725,0.031234552939211842,0.9521947429466298,0.016570704114158303
id01749,0.9183722818002218,0.03949151983620819,0.04213619836357011
id22054,0.02993048169704927,0.9542428137043543,0.01582670459859645
id07244,0.046604276134382346,0.021777095343918845,0.9316186285216989
id12562,0.9175771612226067,0.03667108414093112,0.04575175463646216
id13838,0.652949825739302,0.19663693728364876,0.15041323697704911
id22535,0.029997520392663225,0.9540950275133193,0.015907452094017494
id01099,0.03390120039337357,0.9478367738764057,0.01826202573022057
id02190,0.06213518708569087,0.9052167119498963,0.032648100964412785
id25921,0.3504170247263435,0.21506260048892942,0.4345203747847271
id16075,0.15486821285946414,0.37430792955396736,0.4708238575865686
id20465,0.15004456397680238,0.7702688109758982,0.07968662504729943
id06556,0.05100029021229577,0.02613150128487757,0.9228682085028267
id09360,0.04343824171925706,0.021384587656938892,0.9351771706238041
id09042,0.03881087283000987,0.9385502886605148,0.022638838509475356
id08846,0.029652429860334367,0.9547536693687156,0.015593900770950063
id21274,0.08991530086436107,0.1539929279776542,0.7560917711579848
id05841,0.870913171405022,0.07260536156370617,0.05648146703127192
id20361,0.870169553961424,0.05537733768481597,0.07445310835376004
id07499,0.8801196241066198,0.04673880713472489,0.07314156875865534
id19466,0.865530836421623,0.06060683692770715,0.07386232665066991
id16550,0.059732320984953485,0.9125557379820873,0.027711941032959264
id24512,0.8894627039014088,0.054580943614261475,0.055956352484329674
id14444,0.7213578877704251,0.0851787713272829,0.1934633409022921
id11395,0.835307814966027,0.056981956310577626,0.10771022872339528
id14907,0.052446477186358205,0.022394334039403684,0.9251591887742381
id19393,0.06828500787837948,0.027427554089129797,0.9042874380324907
id26780,0.8905989645316306,0.05510617545657939,0.054294860011790125
id03132,0.06001987683917193,0.025048868600357814,0.9149312545604703
id17709,0.8806996022992262,0.053050561672165,0.06624983602860873
id19739,0.828788516084277,0.07513638512395474,0.09607509879176836
id08470,0.9133748377358879,0.04053698944430411,0.04608817281980803
id22312,0.18608700136503203,0.6863527917968393,0.12756020683812874
id20391,0.9163364960250859,0.037557048474110746,0.046106455500803174
id05295,0.04275495689916908,0.02157242876750611,0.9356726143333248
id08129,0.11458734649464501,0.04023364404493883,0.8451790094604161
id10615,0.1707659369519924,0.04271108598877251,0.786522977059235
id09506,0.5576431855692875,0.10891713094520668,0.33343968348550584
id22557,0.46229495358098927,0.4298285675801122,0.1078764788388986
id04181,0.03744545044923101,0.9430722495606739,0.019482299990095084
id22457,0.04005273619175546,0.9367178990969222,0.02322936471132237
id00340,0.14728559980836348,0.04147205336568596,0.8112423468259505
id18205,0.4577659674763888,0.06812942561456611,0.47410460690904505
id03861,0.03106630357523911,0.9526778910814745,0.01625580534328646
id20546,0.7001456888134525,0.2217012548028477,0.07815305638369995
id17226,0.045033327871977086,0.02126227622939706,0.9337043958986259
id10376,0.06059702545241392,0.9073295893837683,0.0320733851638177
id17734,0.5024825867428266,0.24018016824119676,0.25733724501597655
id09703,0.03185422366360936,0.9490270552559555,0.019118721080435167
id16311,0.029673778279112828,0.9547172264138387,0.015608995307048498
id06524,0.03156079246271884,0.9510534431792437,0.017385764358037566
id01082,0.029775574398247504,0.9545623934120259,0.015662032189726578
id01940,0.7775786702212031,0.0724673959756317,0.14995393380316518
id04146,0.1089601554014675,0.635298825082149,0.2557410195163836
id03891,0.6466643650534263,0.17460835076314812,0.1787272841834256
id14421,0.8953034613409542,0.04225028572558158,0.06244625293346424
id19027,0.9212109446510515,0.03634424588168989,0.042444809467258746
id19813,0.029837706396613057,0.9543697991848934,0.01579249441849354
id05827,0.2573150103323009,0.07665428871386086,0.6660307009538383
id03326,0.11698388656660977,0.07371750406047947,0.8092986093729109
id10089,0.030225836342605783,0.9535814189165926,0.016192744740801575
id06827,0.9151758566791957,0.03802430623305131,0.04679983708775312
id01209,0.8565489639922568,0.06406836641397758,0.07938266959376568
id08812,0.14455793238613873,0.04756444052472696,0.8078776270891344
id25906,0.864594463095035,0.07743655567292514,0.05796898123203986
id25553,0.8270745405462486,0.05662302861183166,0.11630243084191975
id10193,0.3836593533516259,0.07663167371429187,0.5397089729340823
id15438,0.24360650219843025,0.047470429613368406,0.7089230681882013
id04821,0.030090368587322464,0.9531577096070661,0.016751921805611393
id26592,0.045681399419947186,0.021361808611797747,0.9329567919682551
id20195,0.26103449273664275,0.12031919881859697,0.6186463084447603
id00378,0.4192786159082902,0.11539396668282521,0.46532741740888467
id15052,0.4567918717745694,0.4623628667624118,0.08084526146301885
id09519,0.9202214571574594,0.037580388755626574,0.042198154086914186
id04579,0.8265231625055718,0.05146642254155283,0.12201041495287544
id08274,0.9179202595518303,0.03774891882926058,0.04433082161890922
id26223,0.1293998131640443,0.8220365444579855,0.0485636423779703
id01914,0.8325319470585372,0.07035868005948413,0.09710937288197868
id05244,0.9163832779358356,0.03891773438165933,0.04469898768250502
id14467,0.914885397747346,0.04038715872041839,0.04472744353223559
id23284,0.8218494915856208,0.06402667658187616,0.11412383183250306
id20634,0.1860976035271674,0.04152717098058641,0.7723752254922462
id14659,0.9211243122296727,0.037118520156620885,0.04175716761370644
id23659,0.032485745911379774,0.9498469877711003,0.017667266317519862
id16902,0.8954876400711055,0.04369594348909631,0.06081641643979809
id20509,0.9187683221690248,0.038647461141591594,0.04258421668938357
id08019,0.041600793807489524,0.020228621375601667,0.9381705848169088
id26180,0.050698105633102536,0.022066712567429182,0.9272351817994683
id01487,0.15230045787452232,0.7967114606947147,0.05098808143076305
id22898,0.030438461392262077,0.9536087942560785,0.01595274435165951
id24005,0.34459364755909144,0.566930137743469,0.0884762146974396
id00118,0.5760399282673656,0.325992137897538,0.09796793383509647
id17435,0.8905216758756321,0.04288894762287028,0.06658937650149752
id22574,0.9162834191374518,0.03885327385910643,0.04486330700344176
id23882,0.06631960404092029,0.03203173823143957,0.9016486577276401
id02618,0.8370447776278536,0.07032044200950267,0.09263478036264379
id06847,0.6693730362300713,0.19227525469089052,0.1383517090790383
id15448,0.12133099405814837,0.03649007180514219,0.8421789341367095
id20383,0.043138324191253775,0.9280191301931044,0.02884254561564183
id18722,0.031858430855859966,0.95127211713434,0.016869452009800105
id24353,0.8463966639174361,0.06227078127777399,0.09133255480478995
id22196,0.8406399670406813,0.053363831247561645,0.10599620171175705
id13239,0.04637429799403855,0.0214391336414829,0.9321865683644786
id14507,0.07485880161156484,0.8676051289208322,0.05753606946760283
id04619,0.042532265316151355,0.019708037630019885,0.9377596970538288
id00176,0.9183479759081961,0.03884759005169152,0.04280443404011248
id14700,0.9226851352990532,0.036173934497553746,0.04114093020339301
id10930,0.2705872030784705,0.6626508439310176,0.06676195299051207
id03830,0.2840068440282282,0.09055552158491198,0.6254376343868598
id01840,0.04613294971215359,0.024574262302838913,0.9292927879850075
id18025,0.050470059097099874,0.9241486275682025,0.025381313334697675
id21361,0.9229907388623101,0.03582963376243631,0.04117962737525356
id21999,0.030309234323697892,0.9536356071314724,0.016055158544829536
id20472,0.055779600499038226,0.025933543642186477,0.9182868558587753
id01282,0.8709265372522021,0.046597970566971285,0.08247549218082666
id05687,0.049371869819776336,0.025942359596468727,0.9246857705837549
id19713,0.5873625391846352,0.06586016153372944,0.34677729928163536
id18634,0.41354094711925127,0.5016941322273886,0.08476492065336019
id18322,0.7880451189281671,0.07942879898160074,0.13252608209023214
id25178,0.8779027496707996,0.04996595529909971,0.07213129503010074
id13911,0.054493366364649506,0.9194430428435965,0.026063590791754108
id02688,0.22749585206414347,0.600851550828336,0.1716525971075205
id24097,0.874806270777488,0.06687736767696972,0.058316361545542206
id05621,0.03094520102070751,0.9508785137044633,0.0181762852748292
id09435,0.0500237526874504,0.021724895872426153,0.9282513514401235
id22564,0.8953611740289422,0.05361975577471377,0.051019070196343996
id26044,0.8767433291483289,0.06130334486211119,0.06195332598955996
id24724,0.273015787112089,0.3307840589054822,0.3962001539824288
id13568,0.16760596417649265,0.06376059038475797,0.7686334454387495
id11196,0.733106952266044,0.13870921975544198,0.12818382797851396
id04842,0.07813820600820169,0.03873592385682392,0.8831258701349743
id03445,0.9227416360658831,0.03570591300067332,0.0415524509334434
id08194,0.79561564959169,0.08579108772830234,0.11859326268000768
id19747,0.8293183244242038,0.05071300534069866,0.11996867023509751
id06540,0.12286723317880516,0.8278919251953039,0.049240841625890944
id13171,0.6836582370438166,0.22101584818008688,0.09532591477609662
id23807,0.0653246317544181,0.0242757322309009,0.910399636014681
id12408,0.11224946326480219,0.8355412990086873,0.05220923772651031
id18388,0.04971501237364905,0.02548247069285411,0.9248025169334969
id16219,0.03888790719578495,0.01885974676341172,0.9422523460408034
id11022,0.8237780591090053,0.10238030152132592,0.07384163936966881
id12514,0.06102827859513034,0.025810570068369756,0.9131611513365
id07322,0.9068636523317682,0.04754705333208875,0.045589294336143074
id04600,0.20014198469247083,0.6780748423606657,0.12178317294686349
id15608,0.05634906457027026,0.029818377688076665,0.9138325577416531
id19223,0.5952070426957176,0.23967358627448143,0.1651193710298011
id18680,0.8345389870694858,0.05119217691361631,0.11426883601689795
id23359,0.8332134006317077,0.07338937443150269,0.09339722493678967
id07332,0.0893484641965577,0.8380012470928015,0.07265028871064076
id11424,0.33918315093938084,0.06570277129100846,0.5951140777696107
id01916,0.73779643907859,0.1537250054538368,0.10847855546757318
id23814,0.8509912465280508,0.07851166036088066,0.0704970931110686
id05821,0.08259534906700808,0.03360630397132071,0.8837983469616713
id15471,0.6186097507298712,0.07317437873615058,0.3082158705339781
id06742,0.06804943239084074,0.025692543368580876,0.9062580242405784
id16393,0.06340096810950678,0.906081022100306,0.030518009790187182
id14430,0.07768233870947672,0.03002422228677717,0.8922934390037461
id15086,0.9202439418514332,0.036735930755640404,0.04302012739292641
id13673,0.9136695800376552,0.042060367867578226,0.04427005209476668
id11456,0.6545082201455262,0.2000696653089379,0.14542211454553594
id08475,0.8252586409779971,0.0642058134198215,0.11053554560218154
id02793,0.8567158477478602,0.05241853996510788,0.09086561228703172
id03576,0.8567318989749099,0.056063129836075185,0.08720497118901499
id10747,0.25817351841032166,0.6661191017630306,0.07570737982664777
id17875,0.8021532399056954,0.11698733575323796,0.08085942434106659
id20045,0.03004361129403109,0.9542032539896894,0.01575313471627945
id25448,0.5277742383435324,0.11662564897282342,0.3556001126836442
id11715,0.07613359179470786,0.028283693388002313,0.8955827148172899
id22739,0.0988838127120173,0.04117785646816803,0.8599383308198146
id07457,0.8678487357581571,0.046475223551506246,0.08567604069033657
id27357,0.7104455849157436,0.07760874045645429,0.21194567462780206
id01139,0.6968117547098565,0.1971341890714378,0.10605405621870584
id00407,0.6773492441304011,0.08200675951629968,0.24064399635329925
id20956,0.8431991848206525,0.05158467045590501,0.10521614472344255
id13702,0.44713991027815664,0.08819231450036298,0.46466777522148034
id00327,0.11539616572284536,0.03481239130806163,0.849791442969093
id24372,0.0604892860500743,0.9111207203914558,0.028389993558470012
id03983,0.039852557603008744,0.9380490004783308,0.02209844191866046
id15264,0.07958170024604903,0.8673074650668369,0.053110834687114035
id09679,0.8559763102192018,0.05372310841011318,0.090300581370685
id20899,0.6938802191497264,0.090646724539654,0.21547305631061964
id21494,0.11620289587602313,0.643254285257869,0.2405428188661079
id02513,0.040265418749180944,0.9340048989503736,0.02572968230044539
id21834,0.0402804905715373,0.019202083559470957,0.9405174258689918
id23463,0.034201834752207144,0.9468498794503294,0.01894828579746338
id26529,0.2434940215418305,0.1059467224322452,0.6505592560259242
id22078,0.9148974836288383,0.03818158758154543,0.046920928789616234
id08063,0.03198666633097831,0.9466099541978229,0.021403379471198636
id18690,0.045280380881884685,0.9030855388074055,0.05163408031070977
id03908,0.9153249984380089,0.037494937125162546,0.04718006443682869
id00876,0.6816299482149669,0.10609259271031726,0.2122774590747159
id19633,0.13435220149962537,0.2543373520055718,0.6113104464948029
id23096,0.04522073914597569,0.020468323614892963,0.9343109372391314
id07547,0.0313192131525259,0.9509909914564506,0.01768979539102341
id10136,0.11743173395592374,0.04454116703393533,0.838027099010141
id22645,0.9053212896132121,0.04483208756126768,0.0498466228255202
id27376,0.7353259291046857,0.061318284229716594,0.20335578666559773
id26458,0.032176274838617604,0.9502154569397783,0.017608268221604134
id07617,0.03178554129415936,0.9514251301136534,0.01678932859218733
id11254,0.3413369971160215,0.0586383594440064,0.6000246434399722
id25871,0.029953926595013,0.9541596526504216,0.015886420754565513
id26074,0.04795728552875082,0.9278601115025571,0.024182602968691954
id24558,0.23588724743433034,0.6807166248020747,0.08339612776359495
id26515,0.19538045691947345,0.7499575486750362,0.05466199440549037
id10532,0.4497539550045415,0.35721700835329917,0.19302903664215929
id24063,0.029839394812982232,0.9534971388060335,0.01666346638098423
id12872,0.03577983190603839,0.9414894790893876,0.022730689004573926
id23564,0.04017592444986672,0.9392650389260713,0.02055903662406203
id20074,0.6493109352530877,0.10363282596780193,0.24705623877911032
id00703,0.9130568687824449,0.04173615485662544,0.045206976360929796
id07178,0.8692404897426929,0.05667516476196649,0.07408434549534067
id00468,0.8847685394140801,0.06050010218805504,0.05473135839786501
id08647,0.2436309854502263,0.27169260756061586,0.48467640698915776
id27338,0.9167984587704668,0.03803419565640762,0.04516734557312557
id14958,0.04189979127137307,0.02106893790616797,0.9370312708224589
id20954,0.6811698622120067,0.14782967617633092,0.17100046161166244
id04495,0.03047684647032109,0.9530668806979274,0.01645627283175153
id09676,0.2307321653950444,0.6386586426847582,0.13060919192019735
id16643,0.8964664149202617,0.047975456950901406,0.05555812812883695
id22018,0.1904519873057268,0.052255823797201256,0.757292188897072
id09754,0.9108858595967849,0.04369186564729256,0.04542227475592257
id15184,0.6879355627162353,0.10155309624269632,0.21051134104106825
id06930,0.104416625664612,0.03920589412523902,0.856377480210149
id19391,0.9163394309703254,0.040878119649616275,0.04278244938005834
id21111,0.14486782896339787,0.7089832614634414,0.1461489095731608
id19884,0.5006869826706245,0.34616947542625187,0.15314354190312363
id00356,0.6802177234068298,0.14712030192647355,0.17266197466669658
id03227,0.7572953627423524,0.05740261439808974,0.1853020228595579
id24959,0.6919334924569122,0.1934688877798049,0.11459761976328296
id23792,0.05483798282097668,0.024375239591699467,0.9207867775873237
id15765,0.33575814569385987,0.056464166554546086,0.6077776877515941
id22342,0.7753293252380155,0.15411968052058292,0.0705509942414017
id21764,0.4777605515752018,0.43978787311609546,0.08245157530870274
id08929,0.10037171197397393,0.08118234831307417,0.818445939712952
id10860,0.035088428501664874,0.9376948760352551,0.027216695463080018
id14842,0.040782273228946585,0.01985687073276039,0.9393608560382931
id14149,0.03489473097654021,0.9453464741206539,0.01975879490280599
id04850,0.9013154681156533,0.04220121386636258,0.05648331801798412
id03697,0.032593765190978036,0.9499599602096327,0.017446274599389393
id20031,0.07624297826191313,0.03375598057901285,0.8900010411590741
id10148,0.5718253666579917,0.13217286889050342,0.29600176445150495
id06233,0.043042265686435266,0.020609752258148817,0.9363479820554159
id17614,0.17117480982709785,0.046865900710126196,0.7819592894627759
id24548,0.8883592390030441,0.04760413040753861,0.06403663058941717
id04717,0.09037907579897321,0.8697974487079909,0.03982347549303592
id12557,0.029726250066927126,0.9543538912137266,0.015919858719346307
id15563,0.9200498519400885,0.0365288291113746,0.043421318948537006
id19414,0.04386924614627386,0.934442251235256,0.021688502618470044
id24538,0.6200037412443935,0.0869713153023438,0.2930249434532628
id20701,0.0635519951644138,0.8194176876006466,0.11703031723493966
id16710,0.0889545430223316,0.8616471922430656,0.04939826473460273
id00190,0.052758589485024446,0.91936298698477,0.02787842353020558
id12066,0.9218667617620816,0.036186304755099784,0.04194693348281864
id21743,0.16936863063714114,0.7189932634750782,0.11163810588778068
id10746,0.10002029452385885,0.03133599417768442,0.8686437112984567
id23032,0.029992523737677197,0.9538464043757381,0.01616107188658474
id02466,0.6408887910280305,0.08195787768783407,0.2771533312841354
id27963,0.03952957864830143,0.019595578029483224,0.9408748433222154
id05550,0.16085961611149058,0.7873935634965133,0.051746820391996184
id07328,0.14989424951260275,0.052436017575473344,0.797669732911924
id06158,0.8053001005766643,0.0536796150367468,0.14102028438658895
id15690,0.044077765331064125,0.020828869687285746,0.9350933649816501
id17960,0.04700415605052029,0.020918078404830714,0.9320777655446489
id22487,0.9219262140595319,0.03680263607206853,0.041271149868399616
id25435,0.06809847770993617,0.02813209415604838,0.9037694281340155
id06988,0.04752491363727411,0.023445232443926545,0.9290298539187993
id19092,0.03074903788934864,0.9529408213349623,0.0163101407756891
id20677,0.8426600372254958,0.09386853981483316,0.06347142295967108
id27009,0.8579740220277424,0.07618493782516014,0.06584104014709757
id14869,0.10220617420647111,0.8033385904948815,0.09445523529864717
id06306,0.9086956786410061,0.04395634023941626,0.04734798111957755
id13101,0.8877762689482709,0.04263822503394314,0.06958550601778601
id25263,0.9175454965279429,0.03728768481271333,0.0451668186593438
id01355,0.07251682898369322,0.7904140347106168,0.13706913630568995
id04460,0.04830435523403276,0.021693691049427095,0.9300019537165402
id08358,0.4773877534618113,0.4428688945763482,0.07974335196184038
id22714,0.06838863310678789,0.04091348631429195,0.8906978805789202
id19504,0.8900941163433195,0.05131271632583657,0.058593167330844076
id25736,0.8085888739324333,0.07764454965645066,0.11376657641111612
id24201,0.19533679168264123,0.7245109456025812,0.08015226271477749
id12920,0.8814732062846743,0.06121074158124733,0.0573160521340785
id12770,0.05606191782495441,0.8422616553504327,0.10167642682461282
id20615,0.8945368795520794,0.05303198371206993,0.05243113673585067
id19427,0.04627742177191376,0.022988512712875723,0.9307340655152105
id03006,0.885153400231091,0.04521600038778172,0.06963059938112721
id00868,0.07224880353363329,0.03166404872671559,0.8960871477396511
id19695,0.2550655395647572,0.278228910709518,0.46670554972572487
id06474,0.7674951042968958,0.08745318604790271,0.14505170965520156
id11108,0.029929149841738407,0.9522429341817766,0.017827915976484966
id01017,0.14535032061003542,0.5226543128387892,0.33199536655117545
id10104,0.8720012977412164,0.046594788464825364,0.08140391379395823
id15930,0.9197200277123674,0.03753223492502497,0.04274773736260767
id05883,0.05467662317333761,0.02475771727097966,0.9205656595556827
id10209,0.04781525700780102,0.021204732177525172,0.9309800108146739
id14868,0.39836354343226305,0.4842668809969994,0.11736957557073757
id27617,0.6378982130233541,0.2549043412560137,0.10719744572063208
id14264,0.19851801682571044,0.05783052533515988,0.7436514578391297
id07597,0.1414297574869561,0.41100514774758173,0.44756509476546213
id17732,0.8476326227470524,0.060464975341677246,0.09190240191127023
id13859,0.7985579597494717,0.12670318373086814,0.07473885651966013
id14976,0.12339225033165208,0.8328319214200566,0.04377582824829144
id25226,0.4362247850818727,0.07382406115880974,0.48995115375931764
id17268,0.18814879204087867,0.46751443646282753,0.3443367714962939
id14936,0.029852077048924525,0.9545431222877848,0.015604800663290725
id18615,0.04135600333813894,0.9375425507577941,0.02110144590406699
id26184,0.9113148241336575,0.03834200644226729,0.05034316942407523
id11495,0.674359415082712,0.06712539441228317,0.2585151905050048
id05663,0.23569889474863684,0.06800448128453573,0.6962966239668275
id10335,0.36215825772556887,0.10874820834753493,0.5290935339268962
id08480,0.5290232603855639,0.06290693591175567,0.4080698037026804
id21511,0.2898517117817655,0.6162451310597382,0.09390315715849623
id20988,0.2680229685022196,0.6667969497406285,0.06518008175715184
id19273,0.03000175889548892,0.9542761772538777,0.015722063850633353
id15420,0.8340422905457182,0.055486311976812336,0.11047139747746948
id16016,0.03570235420726492,0.9396441030356002,0.024653542757134765
id16084,0.06068802429541263,0.031076219616951253,0.9082357560876362
id27093,0.04300769040098302,0.020957187444063555,0.9360351221549534
id24695,0.13443480987823453,0.047918807808414475,0.817646382313351
id03245,0.031751040082940274,0.9490917501672985,0.019157209749761185
id26358,0.12187737554180779,0.03564581750183698,0.8424768069563552
id17966,0.5598448209572996,0.3393193994071593,0.10083577963554108
id26651,0.8019937428898031,0.07871111646576805,0.11929514064442892
id17275,0.8332743424351485,0.10536028322860447,0.061365374336247086
id21720,0.13820493306731435,0.15046883220860544,0.7113262347240803
id22926,0.07942273389772524,0.03460710356702869,0.8859701625352461
id12231,0.029988964033317547,0.9534903465490289,0.01652068941765363
id21026,0.05308364719270365,0.02883858869761626,0.9180777641096801
id11675,0.49955433856418446,0.1306742863227877,0.36977137511302777
id21890,0.4155148878620756,0.05567743237400411,0.5288076797639203
id04050,0.0755786351140858,0.03129376807269973,0.8931275968132145
id24996,0.06605811928512346,0.0348411135408654,0.8991007671740111
id00025,0.16407429936922904,0.7817547754567132,0.05417092517405778
id23916,0.030286880315486212,0.9530399010917419,0.016673218592771825
id21254,0.7364262726416259,0.17293520549603053,0.09063852186234361
id13322,0.9159646930761071,0.03808052378606996,0.045954783137823085
id23928,0.8326876689762389,0.05100064803670834,0.11631168298705274
id14748,0.13585166299890897,0.10362786710094661,0.7605204699001445
id26538,0.7809598495772755,0.06069786652780543,0.15834228389491906
id27759,0.040565362473432016,0.019823476699078555,0.9396111608274894
id19661,0.918554699603813,0.037187222011052797,0.04425807838513421
id17018,0.05848865747676821,0.029111217730425045,0.9124001247928067
id05505,0.6382216894169228,0.1944043501453638,0.16737396043771333
id16155,0.510096487108202,0.09372511229540502,0.396178400596393
id06274,0.04896934996910506,0.022970070190769486,0.9280605798401254
id13832,0.7664232236137013,0.1546301254249911,0.0789466509613077
id14666,0.26182294755868585,0.2319558220858462,0.5062212303554681
id04489,0.39818058831882963,0.07212555105960254,0.5296938606215679
id19140,0.7318458919100205,0.17154632482825138,0.09660778326172824
id14570,0.6651986605006514,0.08913947012772268,0.24566186937162593
id16079,0.2611603348725052,0.05710169286764594,0.6817379722598489
id06866,0.0485253237183568,0.02302612884702833,0.9284485474346149
id12730,0.17933141631105537,0.7662628973157054,0.054405686373239254
id09257,0.04263080853777286,0.019865794822196622,0.9375033966400306
id02782,0.4537885118038474,0.08981613602199967,0.45639535217415295
id10412,0.9177480468632481,0.03755073475013963,0.04470121838661244
id04988,0.1194282696175224,0.6225734536012807,0.25799827678119697
id07728,0.5551504169017867,0.3603929777348904,0.08445660536332297
id21947,0.915571641642804,0.04137403436193498,0.04305432399526088
id27700,0.8674545177158485,0.07251353519905486,0.06003194708509665
id18178,0.0297041947361831,0.9544218014857023,0.01587400377811445
id25949,0.06540929658559025,0.9022607383207947,0.03232996509361505
id23008,0.518492566769593,0.06507114853025095,0.41643628470015603
id09238,0.4145268540130677,0.06765829702138607,0.5178148489655463
id12943,0.03223341834046305,0.9498339160596365,0.017932665599900546
id02659,0.029623230391774707,0.9516669187142368,0.01870985089398847
id03648,0.7641272621380729,0.14082390290525132,0.09504883495667582
id03954,0.853066776461994,0.06296716474273653,0.08396605879526953
id07026,0.11574233232065023,0.8108215388632483,0.07343612881610156
id14228,0.15109894209674907,0.6982027566362666,0.15069830126698439
id22647,0.0821771853566001,0.03390064062511566,0.8839221740182842
id23435,0.8620600162599836,0.060808030774282144,0.07713195296573407
id08200,0.04126221044294335,0.9384029992674822,0.020334790289574526
id23257,0.04427338498081827,0.020743437332773774,0.9349831776864079
id02684,0.24677530044048765,0.6691047143512835,0.08411998520822896
id05186,0.7248133588155882,0.20011447929461126,0.07507216188980056
id25261,0.919681019722209,0.03715648961421759,0.0431624906635734
id24081,0.7381580748958834,0.1578132488369574,0.10402867626715911
id27087,0.8409524225724222,0.09118829288592285,0.06785928454165492
id03533,0.9030118110847448,0.04901750565108526,0.047970683264170026
id07998,0.8721938998477039,0.053252869855785034,0.07455323029651095
id01240,0.09132592452340335,0.8453419777436979,0.06333209773289876
id24927,0.2435118077433144,0.6906940286177794,0.06579416363890624
id15752,0.8825165346064634,0.057479420326111696,0.06000404506742494
id26594,0.031240810558062496,0.9504034564840426,0.018355732957894937
id20012,0.05367005639971927,0.023513453609801713,0.922816489990479
id15476,0.06678311958750922,0.8412683456529039,0.09194853475958699
id15624,0.8990790140704368,0.04470399816150426,0.05621698776805896
id02404,0.03350971994154185,0.9480094172511534,0.01848086280730482
id21944,0.6196518371552167,0.09565662558117892,0.28469153726360436
id24442,0.7140830628374933,0.20618846933724566,0.07972846782526093
id26490,0.12765158633823448,0.04066109365439857,0.8316873200073669
id21897,0.9181378422470954,0.037833342406675255,0.0440288153462294
id05575,0.0710966215060163,0.8777803716064909,0.051123006887492876
id01874,0.03585213794260042,0.9438773945870808,0.020270467470318788
id26617,0.8742133993472854,0.049644010343462136,0.07614259030925248
id13079,0.14948128946756542,0.05433396531704338,0.7961847452153913
id02068,0.7251084530515316,0.08506399412091713,0.1898275528275512
id27872,0.8942915148164264,0.0466351475711411,0.05907333761243252
id08814,0.17599988484016518,0.047576959339553845,0.776423155820281
id12841,0.06160221148544578,0.9099962434324751,0.028401545082079125
id06716,0.8828567423886338,0.04411423541740551,0.07302902219396083
id10115,0.18060486471253476,0.0566662447936465,0.7627288904938188
id16121,0.887607419186272,0.05916777427354231,0.053224806540185826
id00985,0.530521895241826,0.34728232074642035,0.12219578401175363
id06063,0.5744701474451687,0.29383388632208995,0.13169596623274135
id22076,0.11424173225988736,0.039148885432360205,0.8466093823077524
id27589,0.1059756614031094,0.15405906975595152,0.739965268840939
id18996,0.08855103787371621,0.8704741406729832,0.04097482145330056
id05801,0.20927996977800822,0.04965143967351505,0.7410685905484767
id06880,0.21663258649345737,0.6204276087066144,0.16293980479992823
id25746,0.9197973142084582,0.03643015234795569,0.04377253344358614
id02569,0.8348056641804672,0.05210474792844245,0.11308958789109047
id23368,0.051358302448136633,0.026703239210001988,0.9219384583418614
id23186,0.7314376528051915,0.13961339433657904,0.12894895285822955
id07484,0.14660928385642272,0.7917987652184804,0.06159195092509695
id06951,0.03744688324936501,0.9428070075768603,0.019746109173774777
id23972,0.3807938269500757,0.07405862921503675,0.5451475438348876
id25997,0.7431376518203072,0.18039947019204658,0.07646287798764623
id10863,0.8873382162300867,0.050984284374248755,0.061677499395664644
id25454,0.9020965005079857,0.045828862933969906,0.05207463655804445
id09071,0.03935206086021854,0.9397894224529793,0.020858516686802216
id15125,0.031033425167341477,0.9507527201853778,0.018213854647280737
id22672,0.04594979875316572,0.02069723558227982,0.9333529656645545
id27813,0.5262617682401921,0.06519575834341253,0.4085424734163954
id03960,0.23270421884447468,0.5778551062374894,0.18944067491803598
id11526,0.05663522636367055,0.9075306539864757,0.03583411964985369
id07872,0.2964861696462238,0.061212903504544974,0.6423009268492312
id09497,0.8700979488847784,0.06975091209789126,0.06015113901733015
id24222,0.10888999254467749,0.19623333208438012,0.6948766753709423
id04272,0.45538671092143806,0.09043416580700744,0.4541791232715545
id02938,0.035097802671931556,0.9442011160676576,0.02070108126041098
id00269,0.09605435593301422,0.5894284303092631,0.3145172137577228
id14925,0.042534707970029215,0.019650932376534546,0.9378143596534362
id17843,0.2883150384682204,0.5539255024009689,0.15775945913081074
id20327,0.8769380554422317,0.06803161534843313,0.055030329209335205
id13986,0.8755641826024197,0.04544370298320699,0.07899211441437329
id21777,0.2233668334844175,0.07196043077882185,0.7046727357367606
id16285,0.03981368641688223,0.9381447366696136,0.022041576913504217
id12045,0.5715394505992861,0.30988146480328926,0.11857908459742449
id06237,0.9067927726360576,0.04439361957999034,0.04881360778395209
id20483,0.04389833896605241,0.020843509213445622,0.935258151820502
id21708,0.7792635660348393,0.1183096937701105,0.10242674019505027
id05422,0.7390515445045557,0.17121056113294972,0.08973789436249462
id14544,0.8185480686944148,0.0620424703696115,0.11940946093597377
id07488,0.03030994427163586,0.9534435498715688,0.01624650585679542
id19353,0.03111792264187836,0.9526200588093064,0.016262018548815114
id16174,0.03835195499427781,0.018732407378425978,0.9429156376272962
id21765,0.07000233658765263,0.026056257741722752,0.9039414056706246
id21583,0.040002893983667555,0.9344283144326722,0.025568791583660277
id11740,0.1599760537594713,0.08538446930677503,0.7546394769337538
id23396,0.9062978721358743,0.040214841215248064,0.053487286648877565
id16511,0.18190867794148208,0.1323017070111218,0.6857896150473961
id11598,0.8627608511701443,0.06983003957033483,0.0674091092595208
id02804,0.8662441480596117,0.05603619089012885,0.07771966105025946
id07123,0.8368617686678461,0.06315252022753011,0.09998571110462375
id13092,0.18793254085944294,0.23472798967820258,0.5773394694623545
id13271,0.5544706031412017,0.22636871218530472,0.21916068467349364
id06272,0.05202507222706726,0.03159525878710698,0.9163796689858258
id06694,0.8601579651790494,0.05586869248727739,0.08397334233367322
id04330,0.29418239221281917,0.5494962412549766,0.15632136653220413
id20492,0.04500960911319139,0.9241838293580193,0.03080656152878933
id14774,0.05778647271531724,0.9154289130778168,0.026784614206866005
id02457,0.035575738774057696,0.9457736722440495,0.018650588981892813
id09725,0.029829484485896562,0.9539445033494989,0.016226012164604404
id17116,0.043342446472652986,0.022761289241103856,0.9338962642862432
id04106,0.5707473788121298,0.07262746855397731,0.3566251526338929
id00557,0.8800853158618178,0.05059743219685679,0.06931725194132544
id04683,0.04282692515237331,0.019581354193733577,0.9375917206538931
id12081,0.3669817778541534,0.10468410163980296,0.5283341205060436
id22575,0.03128537558914934,0.9520792367222775,0.016635387688573228
id05602,0.6656977537634302,0.2184278933003895,0.11587435293618042
id21532,0.4150094368577009,0.1780268539390565,0.4069637092032425
id14584,0.7650911287697979,0.1589645888792057,0.07594428235099646
id20301,0.8179112203827529,0.060142243117466826,0.12194653649978016
id15251,0.727292390658988,0.18313214941052292,0.08957545993048914
id20270,0.39353924395896406,0.5242157586472782,0.08224499739375783
id04738,0.5676137697208696,0.1164702966538829,0.31591593362524745
id17962,0.41862161414908533,0.07592374443585939,0.5054546414150553
id05003,0.0447537442648677,0.020067314911923963,0.9351789408232083
id23576,0.6959590018658606,0.08471507405533067,0.21932592407880874
id25745,0.033740965400620646,0.9473663546002481,0.018892679999131277
id17062,0.9061897232301117,0.04784861931981217,0.045961657450076146
id27507,0.119618659555492,0.05483906678306881,0.8255422736614393
id23898,0.869817359275824,0.05923745743129825,0.07094518329287768
id15929,0.03207039836051715,0.9506753486541439,0.017254252985338975
id21330,0.0880460995200816,0.03206520834345927,0.8798886921364591
id24990,0.9181119557108077,0.03685503430579603,0.04503300998339629
id24185,0.06099336478405149,0.02652727831739397,0.9124793568985546
id20455,0.8695725043133778,0.054535399305375265,0.07589209638124686
id27952,0.4349134819489584,0.07651761231451146,0.4885689057365302
id20592,0.21994228897359938,0.05065282113529368,0.729404889891107
id20616,0.3999023284061979,0.069594469616457,0.5305032019773451
id20591,0.1096573298832979,0.03826102002280046,0.8520816500939016
id14177,0.20458518836239084,0.5785058890753072,0.21690892256230193
id02169,0.9078085296524715,0.038863586857915494,0.053327883489613016
id09818,0.4893719268335612,0.0599110039438269,0.45071706922261184
id26864,0.07076915255387478,0.8803848486531693,0.048845998792955994
id12388,0.06815944983889832,0.8972066108571988,0.034633939303902905
id11038,0.8196158875542581,0.058827320987581554,0.12155679145816035
id12061,0.9128138911201593,0.03853010152032965,0.04865600735951103
id04018,0.7778498375779553,0.0569614613460569,0.1651887010759878
id12405,0.4488785791945066,0.07958425414584223,0.4715371666596511
id01878,0.8881226869962219,0.045250901697878904,0.06662641130589916
id18897,0.04830450728421956,0.9182548028946086,0.033440689821171765
id22682,0.9037245335983406,0.04984315300828796,0.046432313393371435
id27115,0.09771816677745855,0.8642386899103269,0.03804314331221457
id05234,0.8802110087017918,0.0540855693748686,0.06570342192333958
id23726,0.9146484127071864,0.04111436919598733,0.044237218096826306
id22075,0.030744567274967903,0.9523349764050717,0.016920456319960385
id27216,0.8843452023625537,0.0519427140938674,0.06371208354357893
id07109,0.06944770130114931,0.8924251214095107,0.03812717728933999
id21292,0.5079765041030542,0.4071051894470809,0.08491830644986487
id04158,0.07355597290434555,0.03665680191450576,0.8897872251811487
id10534,0.7636305804529812,0.05748562868279957,0.17888379086421924
id10989,0.2187226103301797,0.4594782072923095,0.3217991823775108
id17817,0.28760498277584845,0.05694473334774991,0.6554502838764016
id14617,0.16859432696031537,0.5823553778741324,0.24905029516555227
id01978,0.5595088914069491,0.0721734769291647,0.3683176316638862
id14202,0.04603126547568068,0.02070247395708051,0.9332662605672388
id12332,0.1108839418962696,0.03611686362933991,0.8529991944743905
id03649,0.0467753591722896,0.9272549613198283,0.025969679507882166
id21830,0.18705792877778424,0.04391160917724996,0.7690304620449658
id11278,0.710801198523635,0.20496920103658478,0.08422960043978032
id22343,0.8283681768778632,0.10864231098082201,0.06298951214131483
id08160,0.9176455421065542,0.03837579040135988,0.043978667492085885
id10506,0.2672763522388778,0.6141651354006247,0.11855851236049751
id01006,0.3163793112849463,0.07066690589148705,0.6129537828235666
id07000,0.03076619507569505,0.952212408910926,0.01702139601337886
id15958,0.3633070307648821,0.06734358438596212,0.5693493848491558
id27256,0.4117331816624647,0.5114400071538744,0.07682681118366097
id00072,0.6940952748484746,0.06024739706475618,0.2456573280867693
id08562,0.7826464629560747,0.10917678855386148,0.10817674849006385
id24309,0.25721481672430063,0.05675150910948569,0.6860336741662137
id07355,0.03155580754015468,0.951972910832272,0.01647128162757344
id18604,0.24691060642434112,0.046388034522639884,0.706701359053019
id04076,0.11289919041313352,0.8412889274080638,0.04581188217880263
id26925,0.03206478456757931,0.945821571462705,0.022113643969715758
id14852,0.9185456733998445,0.037653415716940454,0.04380091088321504
id05584,0.04726702548359364,0.025619100482394956,0.9271138740340115
id22864,0.06989092784694792,0.8754100472279366,0.05469902492511555
id05507,0.9200792378081584,0.038306780423975326,0.041613981767866376
id11434,0.07390200773200613,0.880041312154031,0.046056680113962946
id08324,0.0601679742970158,0.9000765336576314,0.039755492045352885
id23117,0.5711560738838194,0.33335252157279455,0.0954914045433861
id16296,0.9177802101279644,0.03720657749266695,0.04501321237936866
id18924,0.1717717080576809,0.7659408241261197,0.06228746781619947
id15909,0.83225042748568,0.05823064748011156,0.10951892503420853
id25338,0.8736424050654924,0.045585011370470656,0.08077258356403694
id25981,0.8520335027972307,0.07792845329286265,0.07003804390990664
id14670,0.9135097944482713,0.03978083868347526,0.046709366868253416
id12396,0.11095210723404891,0.8146628833907814,0.0743850093751697
id19277,0.04091297888371882,0.01928092500043949,0.9398060961158418
id24809,0.6366381501025743,0.22855442059045936,0.1348074293069665
id20846,0.04667970324419309,0.020951085668463473,0.9323692110873434
id11040,0.812070843453028,0.09688385701819027,0.09104529952878174
id06094,0.9021125373914826,0.04669998138317408,0.05118748122534324
id22795,0.29451688947486926,0.6086297626324999,0.09685334789263081
id04747,0.13342949739801488,0.06656944377847496,0.8000010588235101
id05432,0.05964763984791089,0.023625653558173698,0.9167267065939154
id25198,0.9208781682307124,0.037295347948954026,0.0418264838203336
id00592,0.9203901625864773,0.036159399992979825,0.04345043742054291
id13221,0.03339037612276709,0.9496013039769322,0.01700831990030073
id23301,0.8385299131389045,0.0743316191997689,0.08713846766132669
id21781,0.09891709772278676,0.039844534520144144,0.8612383677570691
id00642,0.030125294370308472,0.9536170810089594,0.01625762462073201
id12760,0.25322781317369514,0.06587035458609292,0.680901832240212
id13666,0.8420156383216046,0.06253286580916195,0.09545149586923331
id04997,0.3749053316580364,0.402075345715173,0.2230193226267906
id21906,0.25027213876809756,0.6682147039038591,0.08151315732804344
id26072,0.031737639471448836,0.949690983376971,0.018571377151580283
id19004,0.43397009152953947,0.06402194224805872,0.5020079662224018
id11638,0.04648743701658921,0.02061303774955882,0.932899525233852
id01941,0.8746558542584372,0.06692119450340854,0.058422951238154275
id18590,0.3829046294282436,0.530205513496861,0.08688985707489547
id01856,0.6806867615024789,0.17279400799421088,0.1465192305033102
id04469,0.8302702738485066,0.08042532438397136,0.0893044017675221
id11732,0.3917346063927235,0.14372065748677712,0.46454473612049946
id06824,0.08973084397278669,0.2564362660426885,0.6538328899845248
id11941,0.032013638255838854,0.9509548232157634,0.01703153852839781
id06786,0.8862621722821843,0.0578113091891552,0.05592651852866046
id22028,0.03917441296151871,0.01889161154967292,0.9419339754888084
id14323,0.21365920690394258,0.05382728754599036,0.7325135055500671
id11134,0.02967757101747419,0.9541419394181789,0.016180489564346902
id09894,0.9158178663482055,0.040429562580471125,0.043752571071323396
id19046,0.2521212822804827,0.05903157694752042,0.6888471407719968
id26307,0.036293067642919556,0.9428592175430615,0.020847714814018984
id22554,0.08218112476662898,0.589011945448512,0.32880692978485904
id16042,0.9115142935017799,0.044337212294430474,0.044148494203789614
id19948,0.9183544193225815,0.036884151442129344,0.04476142923528912
id02019,0.02984374775792578,0.9544990433159872,0.01565720892608708
id02727,0.867196161748778,0.06494213459177327,0.06786170365944877
id08679,0.05114961680667083,0.025064866158137973,0.9237855170351912
id27436,0.3960694200067301,0.0663910701589149,0.537539509834355
id07161,0.7764841255847356,0.11164795807590618,0.11186791633935826
id11869,0.029451135862740382,0.953698583283907,0.016850280853352564
id00076,0.8839310537945189,0.049395350404966246,0.06667359580051489
id00586,0.37603333461760163,0.5420407062459442,0.0819259591364541
id14423,0.6160671426536037,0.0897833447345249,0.2941495126118714
id25611,0.13782593481956093,0.5945872345972839,0.26758683058315513
id13872,0.2836939160123926,0.38778728749051566,0.32851879649709187
id08102,0.030319315173339217,0.9531176502662186,0.016563034560442138
id03475,0.032024508299788,0.9503109684114227,0.017664523288789386
id07569,0.04715371015687647,0.022304037379908964,0.9305422524632146
id04616,0.9085648376842977,0.04180394776190658,0.04963121455379574
id07266,0.9199543972988583,0.03759018374223074,0.042455418958910945
id16104,0.1339280580335833,0.09587232264421293,0.7701996193222038
id05031,0.36882424665636754,0.1043288065490819,0.5268469467945506
id12290,0.8093562857706752,0.1224135926743351,0.06823012155498953
id26428,0.4211326637648947,0.11485928986936614,0.46400804636573906
id07837,0.2847691907658323,0.05590236899123401,0.6593284402429337
id19918,0.044862267283764815,0.9322246643619758,0.02291306835425932
id13067,0.3645025045982734,0.12899749349378908,0.5065000019079375
id11540,0.10816957099172121,0.8336769057070618,0.05815352330121708
id17215,0.16904489803096162,0.04755149912583,0.7834036028432084
id01745,0.8974473948588791,0.04550285859503321,0.05704974654608758
id00617,0.7498512547108909,0.07536709747060172,0.1747816478185073
id02879,0.056781691964503486,0.02644029700743062,0.9167780110280659
id22811,0.858537497546249,0.06759177961264536,0.07387072284110564
id17744,0.029841554285337156,0.9538027778262304,0.016355667888432457
id04341,0.045581267524489384,0.9319151751713751,0.022503557304135568
id08690,0.9179222664274076,0.03808451117552179,0.043993222397070625
id11565,0.9133770395184885,0.04172409715948156,0.04489886332202994
id09634,0.15127383369012895,0.05736478127387186,0.7913613850359992
id15427,0.838419218748938,0.06788603784416913,0.09369474340689292
id11484,0.05367915133625703,0.025209748601007553,0.9211111000627354
id26859,0.7413375436088735,0.1842013541603244,0.0744611022308022
id02880,0.8265551966258905,0.07078502110402991,0.10265978227007945
id21584,0.24540229994933324,0.05215380395293653,0.7024438960977302
id14918,0.8740843574661998,0.06579628270477406,0.06011935982902613
id20117,0.09739421645235588,0.8645650412234753,0.038040742324168854
id17002,0.4546800530163705,0.09601339909952321,0.44930654788410623
id13158,0.37361653411968127,0.15987687206440854,0.46650659381591025
id11457,0.5501118009351104,0.06709970562266818,0.38278849344222154
id22103,0.3650828986758887,0.5068690739189302,0.12804802740518106
id27529,0.24087794618146546,0.1646390032713127,0.5944830505472218
id25918,0.06315116085431793,0.9071638397948997,0.029684999350782344
id24611,0.4483659889341551,0.4726794381308816,0.07895457293496329
id13996,0.04062200353067948,0.9385053909289847,0.0208726055403359
id05259,0.47383311473117706,0.07328117089822546,0.45288571437059744
id13593,0.04224768072041334,0.019498887503538904,0.9382534317760478
id18017,0.6894217883263764,0.11060542912053395,0.19997278255308965
id04960,0.23448963436273285,0.09985142803696809,0.6656589376002991
id13758,0.047981126984361695,0.026174636873903732,0.9258442361417346
id04492,0.8445890900747186,0.05685391168216489,0.09855699824311655
id05023,0.04470463352289491,0.02030409822000977,0.9349912682570953
id05950,0.8950467348452845,0.04419243839454938,0.06076082676016621
id11006,0.8831170496862498,0.046201506217239716,0.07068144409651037
id09643,0.15489678320350547,0.34452744429287097,0.5005757725036236
id06055,0.08224165264580925,0.034005843266384006,0.8837525040878067
id17368,0.052671252180600266,0.8831752292950672,0.06415351852433251
id14176,0.047584595266360004,0.02274194762682078,0.9296734571068193
id27198,0.09352573985716758,0.11628099623642833,0.7901932639064041
id05649,0.9171213766305996,0.037427385825512464,0.04545123754388802
id25189,0.9023294546279949,0.04700973274880242,0.050660812623202565
id05589,0.7968514270795144,0.09703407388348666,0.10611449903699896
id08042,0.9191278802437096,0.038115649211926554,0.04275647054436388
id13680,0.0935497247010851,0.10517061285748543,0.8012796624414295
id07827,0.04106794882285553,0.020234387544876192,0.9386976636322684
id18530,0.9206817020271401,0.0367533451983886,0.04256495277447133
id08813,0.0531870180525897,0.8939271708970836,0.05288581105032661
id05914,0.5116211159158451,0.2523055588472221,0.23607332523693278
id00488,0.15682515350176676,0.5557429253940119,0.2874319211042213
id03668,0.8952578751540252,0.0458836684843274,0.05885845636164748
id24088,0.03000143908458724,0.9541319038486038,0.015866657066808842
id02988,0.1510911149138885,0.7476897186421023,0.1012191664440092
id20364,0.8825598132365293,0.06533632468589688,0.052103862077573816
id16851,0.055981783188944145,0.02531761973211926,0.9187005970789367
id20843,0.5200665923278945,0.07839598407045843,0.40153742360164707
id27424,0.17232958686424532,0.046334599511260205,0.7813358136244946
id06862,0.9190320873592449,0.038492473441487644,0.04247543919926746
id19411,0.03016295181004009,0.9539603501533718,0.015876698036588047
id23789,0.656446670850154,0.061526166672604535,0.2820271624772416
id23545,0.03103464041965045,0.9528290432330028,0.016136316347346753
id05639,0.05162443518541113,0.023572191051193493,0.9248033737633954
id07046,0.06756330581884457,0.8597347860509637,0.0727019081301918
id23634,0.922606301892887,0.03566505818084131,0.04172863992627171
id05799,0.04658500231630872,0.02135129268665797,0.9320637049970333
id19418,0.09101926634792186,0.03242125192215614,0.876559481729922
id21189,0.0406078813790483,0.9382430613055013,0.021149057315450446
id22281,0.9200337534110629,0.03804172311378351,0.041924523475153574
id16127,0.22229901022401408,0.23370761188621503,0.5439933778897709
id05867,0.8834758349221843,0.04788188444950029,0.06864228062831552
id01211,0.10360008970736227,0.856850423457607,0.039549486835030866
id10078,0.28378985600240897,0.054295252057437265,0.6619148919401537
id17157,0.9005224714276497,0.04259007835403375,0.05688745021831658
id23293,0.6324218332849126,0.10169480632456186,0.2658833603905255
id03589,0.8640253908986363,0.0639825813968268,0.07199202770453685
id03387,0.04486774518188979,0.02124643260640049,0.9338858222117098
id21470,0.7789181854928615,0.14092919163195944,0.08015262287517902
id22763,0.10073354182358563,0.03726747539740854,0.8619989827790058
id02601,0.06408292344120706,0.8888716288707472,0.0470454476880458
id09923,0.8534722431842086,0.062068807827953376,0.08445894898783815
id05935,0.029927846537267704,0.9539192577354516,0.016152895727280722
id14296,0.04956190008117152,0.023507071312817002,0.9269310286060115
id04605,0.8870945665082207,0.053296292807994236,0.05960914068378517
id08167,0.04022165790463504,0.019249541463346505,0.9405288006320185
id12659,0.8750652420382058,0.06920342634969251,0.05573133161210177
id21553,0.8574347685769851,0.0736600234250963,0.06890520799791866
id13510,0.03279528268248144,0.9489528250062185,0.01825189231130019
id04734,0.12869981582377912,0.10008028608708751,0.7712198980891334
id17689,0.0407733501146442,0.019326032114449814,0.9399006177709059
id08148,0.061527100047530654,0.909282822473963,0.02919007747850642
id14908,0.03447227314204831,0.9458416885896604,0.01968603826829125
id17238,0.03304872276415579,0.9492915062348597,0.017659771000984394
id27146,0.042305999871794474,0.01954166015090305,0.9381523399773025
id16670,0.9095583123247091,0.04281364397963121,0.04762804369565977
id12023,0.6204460806546872,0.26744893600264913,0.11210498334266378
id18129,0.2348394287300692,0.04753709935964783,0.717623471910283
id07365,0.04539045961765706,0.8960837060680892,0.05852583431425377
id03073,0.262744003821158,0.1788494137790349,0.5584065823998071
id14824,0.031213766194474586,0.9501913135418167,0.01859492026370873
id26339,0.22807827862004434,0.7068992249784672,0.06502249640148841
id16562,0.09107650202052438,0.8676338483395046,0.041289649639970935
id22182,0.06766657529745686,0.8447870595007932,0.08754636520174983
id27892,0.81593232938165,0.09890920693648458,0.0851584636818655
id23713,0.8582514910980961,0.06551145819623082,0.07623705070567299
id00214,0.9075310071576062,0.045632872412695376,0.046836120429698445
id21698,0.09907524615561174,0.05346499812036411,0.8474597557240241
id17685,0.528887391990542,0.2482721817505102,0.22284042625894784
id24848,0.20023890486937335,0.5973166198226072,0.20244447530801954
id01544,0.5255906497791468,0.08949032409309109,0.384919026127762
id12344,0.040412233375328024,0.9281006015593379,0.03148716506533394
id00513,0.8834038622203058,0.04362530230311896,0.07297083547657522
id19448,0.7981994977277224,0.07730964705709738,0.12449085521518023
id11942,0.653187740371885,0.2433157860236674,0.10349647360444755
id16370,0.2348726170462094,0.701891621595208,0.0632357613585826
id06508,0.3058815666700279,0.07470676149577206,0.6194116718342001
id20829,0.030285316515849207,0.9535720588776851,0.016142624606465622
id27450,0.9222545876216558,0.03580623511592895,0.04193917726241521
id07362,0.18752089981277323,0.730362337426601,0.0821167627606258
id15120,0.2805470958841999,0.6499795465139759,0.0694733576018241
id10568,0.8284887025507766,0.10732658374040566,0.06418471370881788
id09623,0.8108399708103222,0.10303412687412661,0.0861259023155512
id06139,0.846776949402058,0.09114544734981486,0.062077603248127035
id24022,0.206469703740434,0.06979789073520784,0.7237324055243581
id02108,0.9209114465090551,0.037798546613148735,0.04129000687779605
id14950,0.42215916236495216,0.07837565260819178,0.49946518502685616
id01142,0.20560907661813926,0.06341067215790583,0.7309802512239549
id15655,0.5361732760078131,0.07790678687820285,0.38591993711398404
id13975,0.03436969093741297,0.9465565438747142,0.01907376518787293
id00160,0.439770616029179,0.3919882332400258,0.1682411507307952
id08273,0.8358672222577904,0.05194047120648318,0.1121923065357264
id13642,0.20947936034055747,0.14450660228130568,0.6460140373781369
id25452,0.4653294567867169,0.09195975230177365,0.44271079091150944
id24806,0.7521579850006008,0.08549576738363163,0.16234624761576763
id20664,0.04269086609452779,0.01962646542197802,0.9376826684834942
id13359,0.7697643840693175,0.15872412521448873,0.07151149071619393
id24579,0.7492107726484782,0.0741493633519137,0.17663986399960813
id23389,0.6498988364983004,0.2473478572680465,0.10275330623365318
id06502,0.895218774159316,0.05103877544248714,0.05374245039819683
id03083,0.8762345053561009,0.06015371241417813,0.06361178222972103
id01694,0.19416228986994227,0.048261566497714854,0.7575761436323429
id21872,0.1531524822194222,0.045316045199720795,0.801531472580857
id01860,0.04030722887611457,0.019865813654037192,0.9398269574698483
id18127,0.8225586419537417,0.10497249066705606,0.07246886737920218
id01490,0.04497468675432918,0.020305220388088897,0.934720092857582
id00183,0.8325120947322473,0.1020946070874912,0.06539329818026153
id15458,0.8655752034523072,0.07088982579644838,0.06353497075124448
id04289,0.866008527455959,0.0699630426278395,0.06402842991620156
id02129,0.12458932775333215,0.10870603964502396,0.7667046326016439
id10271,0.8558391748252225,0.055710161012897504,0.08845066416188005
id02982,0.08637350074747889,0.8589858968955414,0.05464060235697973
id15036,0.04162986031103882,0.9362963684786928,0.02207377121026848
id15854,0.9211989048924536,0.03593091323375461,0.04287018187379171
id10252,0.057936159249130884,0.024526306156824898,0.9175375345940442
id24359,0.054278180354169245,0.030341578297167673,0.915380241348663
id18620,0.04360609709877688,0.9343799550567157,0.022013947844507532
id25768,0.045325902134995995,0.02270447780198418,0.9319696200630199
id16604,0.7074203883460114,0.2137297839437371,0.07884982771025159
id24942,0.23047056022244294,0.04770036672657126,0.7218290730509858
id12989,0.02991502201232169,0.9543253614479128,0.015759616539765577
id13841,0.726245037015653,0.15776598071563164,0.11598898226871535
id15481,0.7748543550153585,0.06622435823049233,0.15892128675414915
id10600,0.16918430186947395,0.07554638855041876,0.7552693095801073
id18528,0.8702630535518524,0.06276274540981715,0.06697420103833031
id16465,0.03387010397626666,0.9482404437014533,0.0178894523222799
id14204,0.04030880858656136,0.9372070257052723,0.022484165708166356
id05924,0.6131479541646898,0.30492350865325724,0.0819285371820529
id16756,0.04135252545260713,0.02031491419063997,0.9383325603567529
id01167,0.4353988081349643,0.11045699197298722,0.45414419989204846
id27624,0.03067042008510471,0.9525946076065087,0.01673497230838658
id13724,0.7711177665247522,0.06941328066961407,0.15946895280563383
id03677,0.8940183177916751,0.0419899608241533,0.06399172138417175
id26463,0.30114297205487073,0.057540369918361284,0.6413166580267681
id15623,0.8137300783237066,0.053347397783792105,0.13292252389250137
id26379,0.08276701424446299,0.031028344857318913,0.8862046408982182
id25294,0.14396435966868337,0.05790115148815563,0.7981344888431611
id04100,0.17133778035566646,0.20844036793866783,0.6202218517056657
id23831,0.8305746797842788,0.09845445262606027,0.07097086758966097
id17334,0.9219015055014916,0.036637410851899525,0.041461083646608866
id19506,0.03908509140150914,0.01885489414285626,0.9420600144556346
id18629,0.6744595440826485,0.24671815747483844,0.07882229844251307
id09105,0.2634356951687319,0.05833553756222136,0.6782287672690468
id27735,0.8451809096450132,0.08534172858503938,0.06947736176994743
id22840,0.888468726267491,0.04466182600858992,0.06686944772391912
id01465,0.0715750358409251,0.03557421907437648,0.8928507450846984
id27750,0.6740525051312185,0.11781019326957085,0.20813730159921065
id20421,0.04100791434456768,0.019261743299082767,0.9397303423563496
id23826,0.8847909910127207,0.06143805716262212,0.053770951824657194
id23219,0.05069468881079452,0.9126748432753347,0.036630467913870715
id06442,0.042096641573069624,0.019742111098807923,0.9381612473281224
id07847,0.8989731307961409,0.04845116671415997,0.05257570248969906
id16995,0.7060350418882941,0.15066449587544636,0.14330046223625945
id07626,0.0513881671988751,0.9181717568923831,0.030440075908741832
id21920,0.6426360996355835,0.2720705964833211,0.08529330388109536
id22340,0.6476688607835377,0.2506854521482036,0.10164568706825877
id22108,0.8880319945245088,0.043583767404398434,0.06838423807109285
id25661,0.8795840035425866,0.06076823154787942,0.05964776490953405
id16284,0.3256500495330987,0.15515898108934306,0.5191909693775584
id19900,0.8996465327211332,0.04964134496789508,0.05071212231097182
id20864,0.9116452933351907,0.04055057123471183,0.04780413543009743
id26099,0.24648651199418872,0.6811220469270195,0.07239144107879182
id00333,0.4498368752372671,0.11460878030415544,0.43555434445857744
id27278,0.03992057286697667,0.9384581908383451,0.02162123629467814
id16758,0.6393466848225039,0.27421889049222764,0.08643442468526845
id25660,0.19216754980157172,0.7109501327639082,0.09688231743452015
id05146,0.6508654995483067,0.1246611240812716,0.2244733763704217
id24812,0.44928191298256265,0.09361239724787876,0.45710568976955857
id12003,0.9113704596373401,0.038603631693762595,0.05002590866889742
id04569,0.35915829665274857,0.09188530749256898,0.5489563958546825
id08269,0.20243126527111427,0.6025640620539808,0.1950046726749049
id06080,0.917987031562695,0.03945468709360906,0.042558281343695874
id09782,0.07045275358623115,0.8983425550561824,0.031204691357586415
id19722,0.03596480013964072,0.9454187175085693,0.018616482351789868
id02781,0.05073316110867315,0.021975635544984693,0.9272912033463422
id13385,0.9067326266617063,0.04252405564078117,0.050743317697512544
id24676,0.7404253112689835,0.09873923037879288,0.16083545835222363
id07628,0.8117272138476916,0.07822254125992215,0.11005024489238621
id19363,0.046017540280804,0.0210624844518978,0.9329199752672983
id27392,0.9105057211003743,0.0432293087102596,0.046264970189366025
id26486,0.8792652913010718,0.05031188344207728,0.07042282525685095
id02440,0.7446616075005869,0.18001409344632938,0.07532429905308384
id26878,0.7604451772486989,0.15287647564630505,0.08667834710499613
id23044,0.9236451427716013,0.03540447734131059,0.04095037988708822
id24170,0.6046216586380783,0.2730152524535551,0.12236308890836674
id22332,0.8902031817929764,0.04271337728404084,0.06708344092298282
id27933,0.555571601553555,0.31833228938111835,0.1260961090653266
id17535,0.0870364784062587,0.029651351437129176,0.8833121701566121
id19700,0.16082497253041744,0.7264565585312418,0.11271846893834073
id19809,0.3420690666453565,0.380714791106472,0.27721614224817154
id04484,0.04525458586012573,0.021329671674558313,0.933415742465316
id00481,0.2679541413031224,0.4533769613038342,0.2786688973930435
id27510,0.9037451253174901,0.04797943991980879,0.04827543476270122
id04635,0.3027533585558667,0.06321574279504648,0.6340308986490869
id26027,0.9067690504214267,0.043401222628011375,0.0498297269505619
id09300,0.030976966046875394,0.9523800884575853,0.0166429454955394
id06381,0.17499210680441687,0.051020236227215965,0.7739876569683671
id18038,0.04580221233158405,0.020421611398878714,0.9337761762695372
id22011,0.40445951259018253,0.09717633023627732,0.49836415717354005
id10608,0.09065752424795273,0.805031793042743,0.10431068270930437
id23054,0.8603959673407725,0.04997027853860594,0.08963375412062162
id13904,0.08488030983445842,0.8328872089160998,0.08223248124944182
id13855,0.05644543635242146,0.025578289440674154,0.9179762742069044
id17630,0.5102316328694626,0.21774152271141853,0.2720268444191188
id08595,0.6532529654622944,0.21755761323942432,0.1291894212982812
id09532,0.5254955700702577,0.08493900868574654,0.3895654212439957
id13176,0.06577684297213048,0.025743265667775996,0.9084798913600935
id27237,0.04420985963300614,0.0212342878510315,0.9345558525159624
id16704,0.16906090758889286,0.10866557874347983,0.7222735136676273
id20994,0.04572743916738752,0.02143409361699507,0.9328384672156175
id17501,0.03187232378118135,0.9503719381084438,0.017755738110374907
id16509,0.07528088741515203,0.03530462018924986,0.8894144923955981
id15081,0.4630196041447464,0.37945183660696363,0.15752855924828998
id24414,0.18619564504082842,0.05404006392509376,0.7597642910340779
id09220,0.09355283627446657,0.0938320667446495,0.812615096980884
id26514,0.04829345631761729,0.021038731870694955,0.9306678118116878
id14703,0.9181722493381983,0.03721591376732042,0.044611836894481297
id19838,0.21327583412582807,0.13576540881900498,0.6509587570551669
id23297,0.12731687714075318,0.058713560417619735,0.8139695624416271
id17113,0.8806036179725351,0.0640895800124065,0.05530680201505839
id11693,0.8058007589663371,0.05449381861581055,0.13970542241785247
id00847,0.23471528983857795,0.6715656545655776,0.09371905559584451
id00233,0.4892531331468248,0.06303183280780576,0.4477150340453696
id02776,0.8476167400000769,0.08313428131329721,0.06924897868662583
id10396,0.17864361646724833,0.7443855651605453,0.07697081837220629
id18222,0.9152013945861549,0.039356350540846234,0.045442254872999015
id13476,0.07080908241886819,0.033518988581833185,0.8956719289992986
id08007,0.6710030519619683,0.062235006910547154,0.2667619411274845
id12984,0.2185782056158952,0.046381301104247485,0.7350404932798573
id04174,0.03167395260036093,0.9514766782641563,0.016849369135482715
id23874,0.04589077081171604,0.02084945782802271,0.9332597713602613
id00595,0.03776326312115147,0.9425054154878496,0.01973132139099895
id18041,0.8729953200619692,0.07000042895865274,0.0570042509793779
id17403,0.7569320830552152,0.0618845370654257,0.18118337987935915
id11741,0.41065295634375487,0.12428796207097402,0.46505908158527115
id16928,0.39072068141624183,0.07311457639678372,0.5361647421869744
id21913,0.07366904186796237,0.03436269053530174,0.8919682675967359
id05939,0.04131521173916647,0.01964611716976385,0.9390386710910696
id12429,0.03967015523734911,0.933502363664352,0.026827481098298876
id04447,0.6277498001455206,0.0825309302607986,0.2897192695936807
id15928,0.7777563089233633,0.11778342424293943,0.10446026683369729
id13126,0.06796502261014095,0.029283555722946848,0.9027514216669122
id03989,0.8867557379058222,0.04751121174331556,0.06573305035086235
id08950,0.6148417122594816,0.2707133870654025,0.11444490067511592
id26494,0.139060914077606,0.06881830119491747,0.7921207847274765
id09289,0.2749795490619115,0.12412144786298095,0.6008990030751076
id16295,0.031084510937478244,0.9507449744411478,0.018170514621374013
id01616,0.04477747074173803,0.926042053906903,0.029180475351359054
id25251,0.8041342502454807,0.06177779096436522,0.13408795879015414
id10354,0.836019316111117,0.05759498601252013,0.10638569787636289
id08559,0.1261841582329166,0.7403701342373337,0.1334457075297497
id20385,0.5391083137276765,0.25360978117861954,0.2072819050937039
id01760,0.8451767590966095,0.05608353356661209,0.0987397073367784
id04242,0.14840885126429,0.04036157458910568,0.8112295741466043
id05652,0.031065080635734384,0.9526574813024214,0.016277438061844184
id05269,0.09616327676345633,0.862739083326758,0.04109763990978575
id11218,0.06399590473183137,0.04096201390493602,0.8950420813632327
id19158,0.06620400499987439,0.9047669860690009,0.029029008931124853
id00927,0.08027674649110025,0.027992471647529403,0.8917307818613703
id25636,0.23863612279365168,0.10580888894370556,0.6555549882626427
id20727,0.2894641348102845,0.05093072395467315,0.6596051412350423
id01645,0.6314402224791201,0.1943848183879938,0.17417495913288603
id19931,0.8738937178094257,0.061285401537066485,0.06482088065350787
id12473,0.038412599760964936,0.9399017156785251,0.02168568456051
id00618,0.916057243973003,0.038415692698333385,0.045527063328663436
id27329,0.03992371822905329,0.01988597391150848,0.9401903078594382
id11553,0.9151876410402198,0.038802593382053004,0.04600976557772728
id10357,0.04330476598413284,0.02050193440442894,0.9361932996114383
id11392,0.059375368892773124,0.023334624640577763,0.9172900064666492
id03634,0.11584131951088142,0.19410063946741393,0.6900580410217048
id15781,0.8227234737892601,0.11217041133124116,0.06510611487949872
id11706,0.0835358027750612,0.033987097853816366,0.8824770993711224
id04248,0.6927180095796395,0.20437661972942603,0.10290537069093442
id26011,0.1954752065106695,0.7331187131251065,0.07140608036422406
id17478,0.08586964155436325,0.04603016902215325,0.8681001894234834
id16179,0.7309893805659704,0.16399250216777786,0.10501811726625179
id11340,0.910972847392011,0.041525275431405995,0.04750187717658303
id05629,0.3992070011622789,0.3666535050754865,0.23413949376223456
id00266,0.19851242124041077,0.055663785044112006,0.7458237937154774
id18514,0.3738233033938945,0.06358031090988829,0.5625963856962172
id05167,0.07391890619056507,0.0769498840299886,0.8491312097794463
id08943,0.0992344115575287,0.034070231942715024,0.8666953564997563
id14580,0.10067145629364346,0.8064627514243922,0.09286579228196436
id24496,0.680642392851411,0.23280269170682488,0.08655491544176411
id04884,0.036299120975794394,0.9405164623491437,0.023184416675061978
id08011,0.05595890236616391,0.030109036749766428,0.9139320608840696
id17807,0.322313656086774,0.0543693012882058,0.6233170426250202
id05694,0.8895463646434338,0.048472907932344385,0.06198072742422186
id02907,0.02991140153097852,0.9536881348384176,0.01640046363060388
id23235,0.8367174681600764,0.05414849851769904,0.10913403332222467
id26764,0.6781525788163135,0.22995326164952265,0.09189415953416394
id12226,0.04882236062302434,0.023245638890528133,0.9279320004864476
id15157,0.6828631662722109,0.07218930357254273,0.24494753015524642
id27127,0.1845034514648531,0.04240888219825014,0.7730876663368967
id27723,0.05079814222844382,0.022241020592299578,0.9269608371792566
id10742,0.08706113186216799,0.8072050925127443,0.10573377562508764
id22951,0.06391780189068096,0.02702667838069888,0.9090555197286202
id09429,0.12299965474860944,0.04979601547424608,0.8272043297771444
id26058,0.048289229272381475,0.8939734484138964,0.057737322313722174
id27415,0.48859036880403306,0.07584925263384176,0.43556037856212515
id06938,0.30427842647869324,0.05427463399270483,0.6414469395286019
id18702,0.4692515217674777,0.3909273180757195,0.13982116015680274
id05229,0.8476737154241395,0.059371907961584175,0.09295437661427634
id05219,0.04390521863782917,0.022106936302798346,0.9339878450593725
id26375,0.08367478198035083,0.87339306659786,0.04293215142178914
id19622,0.7305370446971717,0.12753571838238142,0.14192723692044681
id13333,0.3564335201561439,0.17528686606020016,0.46827961378365596
id25849,0.03647633726257935,0.9438902850043591,0.019633377733061536
id06780,0.7944289416845298,0.12960423487807327,0.07596682343739687
id01128,0.07210538020273698,0.02967979548320638,0.8982148243140567
id22697,0.04907380596836966,0.02416870389987328,0.926757490131757
id03725,0.139351727264952,0.1987811245805503,0.6618671481544977
id06570,0.12497589820647115,0.06465347803761283,0.810370623755916
id07834,0.04503030505031197,0.02058816332628708,0.934381531623401
id08930,0.3647183026948304,0.057974991505883665,0.5773067057992859
id03276,0.0389228764589108,0.018740451423385113,0.942336672117704
id07367,0.055756637446681016,0.9174645456347248,0.026778816918594246
id12250,0.7737248763125525,0.14843773002088137,0.07783739366656613
id00461,0.5363787953726306,0.0653780142103196,0.39824319041704986
id17583,0.8948934499842798,0.052967641492041674,0.052138908523678563
id07331,0.13804814985474928,0.06432983315002905,0.7976220169952217
id09844,0.06360407894079174,0.027235571145009387,0.9091603499141989
id12595,0.09293292581023949,0.8168256981283263,0.09024137606143423
id12911,0.030680123046797854,0.952460253811205,0.01685962314199711
id13334,0.1297848386622393,0.12019857094184284,0.7500165903959178
id03231,0.3490288396355136,0.2073352817839533,0.4436358785805331
id16441,0.07139940625990795,0.027203317289453025,0.901397276450639
id11427,0.30908188863824976,0.06098684042360121,0.629931270938149
id16919,0.9014037838230208,0.04603188857789472,0.05256432759908435
id04388,0.10880527725955068,0.3170941421775327,0.5741005805629167
id09608,0.14807566863458144,0.28906689729649226,0.5628574340689263
id14912,0.8049349635394769,0.053551904336386805,0.1415131321241363
id24621,0.07273791902510508,0.08542368891246725,0.8418383920624277
id14904,0.031038948167741786,0.9483707506279597,0.020590301204298448
id09209,0.05293806536696467,0.024299423236826174,0.9227625113962091
id10425,0.9220860790919552,0.036697769643629266,0.041216151264415565
id04915,0.16744518464814004,0.04438477498559404,0.788170040366266
id01417,0.4913883746606609,0.3083137829927656,0.20029784234657363
id12318,0.8395536653713178,0.06832019765454915,0.09212613697413308
id01184,0.1467578094161532,0.37506018855593276,0.4781820020279141
id05349,0.04761780963895313,0.022535225936741076,0.9298469644243058
id14718,0.04157795576761815,0.019576734551966558,0.9388453096804152
id20392,0.7264238270348087,0.15520577838094912,0.11837039458424227
id10071,0.4339242274814032,0.10655512956805181,0.459520642950545
id24369,0.9105573747276253,0.04086367839641884,0.048578946875955785
id22137,0.9180006622365721,0.03888313355962417,0.04311620420380386
id14478,0.048054633114503,0.02161473990603608,0.9303306269794609
id10018,0.18292850958592555,0.04903779895411886,0.7680336914599556
id13357,0.279773250309856,0.3044789185339482,0.4157478311561959
id06093,0.17030156926642778,0.09799474700442908,0.7317036837291432
id26039,0.10700035950301084,0.03096813935454289,0.8620315011424463
id05974,0.030331996250126437,0.9510699295428408,0.01859807420703282
id09745,0.40209602898183816,0.4955260215835186,0.10237794943464326
id01255,0.04050985003580642,0.9390077489995985,0.020482400964595145
id25995,0.029729537152171807,0.9546055975129037,0.015664865334924418
id01205,0.21934188231248353,0.12635110783413,0.6543070098533865
id09735,0.059798659662728224,0.9108055578511106,0.029395782486161138
id19431,0.11282667009145825,0.06807943490301907,0.8190938950055227
id10226,0.9166874036343636,0.03839545809523544,0.0449171382704009
id22446,0.881384387003295,0.04423241421199922,0.07438319878470581
id10207,0.27961020056394403,0.49793804611472525,0.22245175332133066
id02564,0.8618662463542587,0.06510029619608326,0.07303345744965803
id15113,0.2320105198769407,0.5849082002018413,0.18308127992121806
id20230,0.9140875690116568,0.039266192850974,0.046646238137369275
id18155,0.8820952206455074,0.06519333036069863,0.05271144899379393
id23722,0.08545185407486243,0.043221267409255706,0.8713268785158819
id20241,0.9172655849601391,0.03695513398891685,0.04577928105094413
id10580,0.041527151566291914,0.019567816561160394,0.9389050318725477
id09405,0.10654598830082296,0.037117139172493374,0.8563368725266838
id16297,0.03101504115068092,0.95261513916587,0.01636981968344907
id27247,0.35317133215120006,0.10991953829248234,0.5369091295563176
id26321,0.9103897520587696,0.044792919335108344,0.044817328606122045
id18503,0.5991053933044855,0.06469752757190454,0.33619707912360997
id04178,0.10090890618065589,0.07117000712607986,0.8279210866932643
id22695,0.12049173065858088,0.2631414315579596,0.6163668377834596
id04368,0.9182136203437677,0.03747341597614809,0.04431296368008424
id20585,0.7965487262015896,0.13648789088598504,0.06696338291242548
id21615,0.3425698023920488,0.16586134971136157,0.49156884789658967
id10830,0.02960914703070227,0.9546499984440299,0.015740854525267935
id22143,0.9035994022167099,0.04422111641243356,0.05217948137085668
id21600,0.912796213041839,0.03916631646102081,0.04803747049714024
id23773,0.9197724421767032,0.03675073350806878,0.043476824315227945
id08505,0.9172201465726653,0.03721556935249156,0.045564284074843156
id27152,0.5348969360594344,0.07027089575920589,0.39483216818135974
id09817,0.22758851033936403,0.2161985265530565,0.5562129631075795
id02355,0.5076685211705074,0.21812504320029352,0.27420643562919916
id23629,0.872266841722674,0.0447465437686997,0.0829866145086264
id22194,0.9017919385121035,0.04463623544066113,0.05357182604723547
id05592,0.23410638095604627,0.04675736037470801,0.7191362586692457
id02916,0.180277526698326,0.06765184802926937,0.7520706252724046
id22284,0.907678115395013,0.042455097703120205,0.049866786901866876
id14574,0.12934458148499844,0.04285508772591883,0.8278003307890828
id16820,0.604589899932512,0.19430716948635665,0.2011029305811314
id04513,0.7051949551572412,0.06235768794087656,0.23244735690188234
id05853,0.7666547133812774,0.14516895376059744,0.08817633285812526
id23528,0.0826272246118322,0.8623445622948456,0.05502821309332235
id06684,0.9202434682576787,0.03773585110648258,0.04202068063583886
id19793,0.9211601692982502,0.03723738892319154,0.04160244177855832
id05567,0.09249526942432827,0.042977069725763324,0.8645276608499084
id01637,0.030052071504051026,0.9490254442611272,0.020922484234821844
id24264,0.2721506592932261,0.5255182721797368,0.20233106852703706
id08558,0.0478185633973229,0.9006584352508253,0.051523001351851755
id01977,0.09766232495286069,0.7647583540633408,0.13757932098379855
id14665,0.03344835219335742,0.9468754374868145,0.019676210319828136
id24485,0.06572745929133876,0.904224196199929,0.03004834450873233
id00331,0.7760484944228517,0.07584155567652677,0.14810994990062154
id06004,0.20696162895785125,0.04574147889172043,0.7472968921504283
id08168,0.06905766698165162,0.8140772997429262,0.11686503327542215
id02054,0.9142326282976003,0.040250848654515246,0.04551652304788453
id27733,0.06520711972417137,0.026992488909614327,0.9078003913662144
id26596,0.08494250217674991,0.8788840076115054,0.03617349021174455
id05275,0.5231944897192873,0.36449603449794876,0.11230947578276404
id23093,0.8452168701264301,0.060213690820744056,0.0945694390528259
id13304,0.058653426764010565,0.030135874876310285,0.9112106983596792
id09513,0.9204389250082893,0.03692791350700356,0.042633161484707235
id14943,0.9127469038085219,0.038957527197270664,0.04829556899420757
id10936,0.21647950491493234,0.26150518957052454,0.5220153055145431
id18771,0.6538037247102468,0.06846900467457945,0.2777272706151737
id09708,0.8400706538021948,0.07200419652552591,0.0879251496722793
id17204,0.841976954118311,0.09744404311717748,0.06057900276451155
id27515,0.02974718681869053,0.9545852621552198,0.015667551026089792
id04438,0.4181052124718021,0.05666103997334591,0.5252337475548521
id14306,0.05874724899423825,0.9125531925405548,0.028699558465206984
id10235,0.1787185509646234,0.04774493421713481,0.7735365148182417
id19034,0.5801200698101046,0.20746150133755104,0.21241842885234447
id27850,0.8548529960612515,0.05886555136911082,0.08628145256963765
id23316,0.38257319243937643,0.21996921740579237,0.3974575901548311
id21265,0.2210371880265103,0.044584357498187725,0.734378454475302
id13944,0.8362079069636261,0.05652599333077118,0.10726609970560277
id00416,0.030139621351244324,0.9539807131413072,0.015879665507448442
id04702,0.7131633110821114,0.08412364944327687,0.20271303947461175
id07679,0.2908263476235164,0.632047933749007,0.07712571862747655
id17063,0.030754466085938754,0.9529226641133808,0.01632286980068053
id25840,0.06382754483299187,0.8938394868386743,0.042332968328333866
id16767,0.082158732806403,0.8836139454038495,0.03422732178974756
id10275,0.06833811676916714,0.041016103172833655,0.8906457800579992
id19913,0.3263175067293876,0.5729495270666222,0.10073296620399029
id16158,0.03604280905332694,0.9438011743564062,0.02015601659026684
id19914,0.2588362050564272,0.048805287585827785,0.6923585073577451
id09409,0.5225045217703359,0.08159068811277033,0.3959047901168939
id14026,0.9020630258362942,0.04884631786296855,0.04909065630073718
id27022,0.05411921436981152,0.9089696290838901,0.03691115654629839
id06324,0.030339289443008673,0.9533827706074247,0.016277939949566677
id22614,0.15488933934597315,0.48893666736308306,0.35617399329094374
id02338,0.5265475818800363,0.10737286963327287,0.3660795484866909
id02862,0.4161119416828987,0.47709774685526507,0.10679031146183621
id14818,0.04227977800191209,0.9344867355428808,0.023233486455207165
id00648,0.41935749688757695,0.3896376879819315,0.19100481513049147
id21812,0.10152595889383399,0.040693702118425074,0.857780338987741
id04567,0.3492928591569747,0.5752247377622713,0.07548240308075399
id20462,0.04038133840194985,0.019975570768583147,0.9396430908294671
id21110,0.13564431858687367,0.03881594864051255,0.8255397327726138
id27524,0.042211664026578256,0.93616782855657,0.021620507416851783
id10739,0.09020195499538765,0.04371200247680714,0.8660860425278052
id25519,0.8168877782063696,0.06353423506373132,0.11957798672989907
id09509,0.7724911081602158,0.0803265787968421,0.14718231304294216
id24062,0.7051446710989541,0.18838075829490974,0.10647457060613613
id17909,0.048073973525169275,0.021567495789035034,0.9303585306857957
id09896,0.05285742367464733,0.022883783805591033,0.9242587925197616
id11587,0.036853094182018625,0.9440795143085828,0.019067391509398457
id09957,0.49507500626177825,0.28878892298641434,0.21613607075180744
id02070,0.03958405438316994,0.019360352649599375,0.9410555929672306
id25658,0.6149995751865138,0.07665226206025398,0.30834816275323224
id19870,0.31857136006866704,0.29584973700114015,0.38557890293019287
id11774,0.06657422493192582,0.025604067466712413,0.9078217076013618
id21315,0.8273854326247383,0.1093499841029762,0.06326458327228562
id15873,0.9105941785757464,0.04158510435133492,0.04782071707291874
id19302,0.068910622005295,0.9006773564394412,0.030412021555263822
id07239,0.7106864754161784,0.2044824347609919,0.08483108982282972
id10178,0.7300761473195536,0.11297255471911567,0.15695129796133073
id00074,0.9177683032881961,0.03691489098071928,0.045316805731084604
id21736,0.0706493535616699,0.8977063255185473,0.03164432091978281
id25383,0.20200751092268218,0.6394358725708265,0.15855661650649142
id01649,0.8780385625569989,0.0492106098551261,0.07275082758787503
id15990,0.16136804464040058,0.7644875108278433,0.07414444453175621
id04940,0.9056072381090491,0.039140720665799184,0.05525204122515175
id09041,0.7519827960396969,0.14782618567808012,0.10019101828222289
id12499,0.6788161539365347,0.06799106616806357,0.2531927798954018
id27324,0.29874579584770944,0.6331001406821429,0.06815406347014771
id20396,0.6961183860312029,0.22614336568476529,0.07773824828403189
id20065,0.9092103000150329,0.0393193252435473,0.0514703747414197
id09659,0.09475529432789753,0.0332449523443191,0.8719997533277833
id04632,0.062416913700246886,0.02530181576684333,0.9122812705329097
id17313,0.5258004100711147,0.10946209659831584,0.36473749333056954
id04995,0.8994805388803186,0.05283257317139576,0.04768688794828552
id26559,0.8658268744205813,0.056088157402971475,0.07808496817644726
id06974,0.14130107232039898,0.7646822717560732,0.09401665592352781
id22141,0.8209882339129533,0.0726178965753062,0.1063938695117406
id11508,0.0504526972555126,0.0239714312913327,0.9255758714531548
id09766,0.2414134911881009,0.6807588100281456,0.07782769878375341
id24382,0.39626915676422986,0.23399937896363585,0.36973146427213427
id12016,0.8748406929378209,0.050236083546322294,0.07492322351585685
id07298,0.920854325126994,0.03610458287765073,0.04304109199535513
id17985,0.03505427927185105,0.9462384992825792,0.018707221445569838
id09057,0.05320612530086215,0.02377487002151121,0.9230190046776265
id23310,0.040594783926579,0.019400487960441224,0.9400047281129797
id13265,0.921631444216388,0.03605537589824765,0.042313179885364316
id25920,0.912239926592888,0.03853204142474344,0.049228031982368574
id15012,0.15876417047543845,0.037231314938945555,0.804004514585616
id12939,0.030891531790891425,0.9514185485178125,0.01768991969129611
id13329,0.9005084857809625,0.04998378569519928,0.04950772852383805
id11410,0.09623627791162238,0.8667204328620176,0.03704328922636008
id08203,0.41122439993093246,0.12140323957911095,0.46737236048995656
id09399,0.030668129090228546,0.9530219000527134,0.016309970857058063
id24807,0.053342676970765016,0.02548031557069056,0.9211770074585445
id24976,0.6852699554893177,0.06886590286543812,0.24586414164524423
id19630,0.1531815115472951,0.08805433323200416,0.7587641552207007
id00231,0.0397161655677715,0.9396975471015754,0.020586287330653125
id06157,0.2701588256852639,0.5718689743957207,0.15797219991901548
id26817,0.3151531497205157,0.18489568469512932,0.499951165584355
id21083,0.08159901571595511,0.032245670613488944,0.886155313670556
id27634,0.9193441151325061,0.03834360270230381,0.04231228216518995
id12397,0.0507380831799746,0.033018583231368394,0.916243333588657
id02643,0.0572399901859671,0.02405341889446987,0.918706590919563
id13731,0.061263098899633904,0.9120524007359808,0.026684500364385345
id17953,0.2976183178364486,0.050088231459021915,0.6522934507045295
id10342,0.25056025094207174,0.08131905873245023,0.668120690325478
id19652,0.4228697356255099,0.14328335086957622,0.43384691350491383
id03505,0.053419538403444995,0.9125393583155373,0.034041103281017566
id27602,0.11146122779096795,0.7496696527040014,0.13886911950503067
id13311,0.3599830748783826,0.10878068338522094,0.5312362417363965
id20008,0.16438963901673256,0.7070342351398088,0.12857612584345868
id14404,0.04289157091953822,0.021512738788600824,0.9355956902918608
id09413,0.1121556758330971,0.046114002260211985,0.841730321906691
id01897,0.11699131072115239,0.18431248566834718,0.6986962036105004
id14873,0.8339913328549525,0.07246967740420562,0.09353898974084189
id25588,0.9218590149637214,0.036347911706823686,0.04179307332945495
id15549,0.20956532936221778,0.3921960818496992,0.3982385887880829
id20796,0.3685722361813254,0.058235942782572936,0.5731918210361018
id11138,0.32323658300619296,0.204298713071985,0.47246470392182205
id18398,0.04146412078483237,0.019292639466099767,0.9392432397490679
id01871,0.9199593720373535,0.03664443039515576,0.04339619756749086
id15968,0.07894436735490414,0.026684585823060256,0.8943710468220356
id18197,0.0389510667860976,0.018969499538595426,0.942079433675307
id20939,0.04955093179326345,0.021385446323005503,0.9290636218837311
id20570,0.11256342237416973,0.0714214739081051,0.8160151037177252
id00432,0.9161651381479503,0.038694488643931504,0.04514037320811815
id19537,0.030393433037758617,0.9533817303847936,0.016224836577447846
id12930,0.8406545002193913,0.09428317980189235,0.06506231997871637
id26222,0.1351943125068734,0.7099578695833731,0.15484781790975347
id10623,0.909959205878146,0.042184211769686675,0.04785658235216736
id15460,0.030145465569223862,0.9535860473625948,0.01626848706818142
id22824,0.900389047056003,0.04435583738211612,0.0552551155618809
id02968,0.06596125201219516,0.026707055232900748,0.9073316927549041
id19017,0.3025716880883383,0.2955008765453625,0.4019274353662993
id26743,0.10345388117653329,0.7275735191911064,0.16897259963236042
id04161,0.912350848963849,0.040337048014211334,0.047312103021939694
id08976,0.030227188598214542,0.9539346433567912,0.01583816804499428
id13339,0.03039432241288477,0.9533435079464729,0.016262169640642313
id25051,0.20430387260359145,0.04838316930220545,0.7473129580942032
id22649,0.6170119082097848,0.29317317458168596,0.08981491720852922
id00040,0.03436180637447093,0.9422981315997238,0.023340062025805304
id08855,0.43138285940999016,0.47370999760229027,0.09490714298771946
id24622,0.5956132734178681,0.14470889364148862,0.2596778329406433
id02301,0.8431816816914134,0.07213626392066017,0.08468205438792648
id07047,0.8696572399510377,0.04672111967615538,0.08362164037280692
id04423,0.9183461291502589,0.03772237289317472,0.043931497956566375
id02790,0.2926024784836869,0.39014812949817745,0.3172493920181356
id08754,0.6291138991966306,0.28743241293701294,0.08345368786635647
id20297,0.30165842380174396,0.26165304196078615,0.43668853423746995
id04307,0.17516924324968788,0.08716420214389826,0.737666554606414
id18927,0.4022278042997132,0.061637875666422884,0.5361343200338639
id27393,0.234181446233308,0.16844567651276368,0.5973728772539283
id15260,0.9077783658926237,0.04453998292443461,0.0476816511829416
id03679,0.7690458711512209,0.08859759733057093,0.14235653151820812
id17381,0.9241338150807181,0.03521792099814179,0.04064826392114011
id13196,0.7309746288396232,0.19310749239691816,0.07591787876345872
id21493,0.09557961140506485,0.1568645205497924,0.7475558680451428
id11088,0.2555998488978713,0.07198202548598565,0.6724181256161431
id15801,0.5157749652048278,0.06663875843844487,0.4175862763567274
id04647,0.5743141959408815,0.087218284228711,0.3384675198304075
id16900,0.033308637948154154,0.9486700950984535,0.018021266953392377
id17174,0.8882164769754127,0.05143912454779191,0.060344398476795374
id23801,0.0702591634440418,0.8993714160263475,0.030369420529610704
id11952,0.4623707984069572,0.24861187821010097,0.28901732338294184
id02738,0.41319302636146543,0.10915935482369775,0.4776476188148369
id05365,0.5720232419393961,0.06193187226557728,0.3660448857950266
id19666,0.11606923211380656,0.8045005457927773,0.07943022209341606
id26638,0.25584123044599294,0.07363399631571191,0.6705247732382952
id03032,0.20291239226774185,0.2800640912121773,0.5170235165200809
id23471,0.9233630190521123,0.035366868777379754,0.0412701121705081
id26135,0.03628324947708261,0.9454085234655297,0.018308227057387716
id18224,0.031137167989450435,0.9525412935411837,0.01632153846936596
id10782,0.9103255122890443,0.04117930717925687,0.04849518053169883
id08932,0.047699577925407154,0.02257348772195743,0.9297269343526354
id23126,0.06544540693517047,0.03766813802607461,0.8968864550387549
id22273,0.3897814101644717,0.4698574949765514,0.14036109485897685
id17427,0.7986215540452798,0.08336168583335009,0.11801676012137016
id21258,0.43513543938062377,0.48493340393638135,0.07993115668299491
id06604,0.89589936270773,0.0549422103737064,0.0491584269185637
id02180,0.6168436231646985,0.1351173694805053,0.24803900735479628
id20505,0.04539141002700507,0.9277201001911713,0.02688848978182347
id27466,0.7029121402098479,0.0680013743068067,0.22908648548334548
id14249,0.1485247058808392,0.10876920504183772,0.742706089077323
id15891,0.5160533097076746,0.06515192722551495,0.41879476306681035
id25366,0.3729837046183876,0.06596709165372751,0.5610492037278849
id13554,0.0397894604862213,0.019720497659637518,0.9404900418541412
id09470,0.044381065575355386,0.020576423769169273,0.9350425106554753
id15993,0.18657019612670775,0.6051731418288406,0.20825666204445162
id07273,0.43307196784219276,0.2162571815256525,0.3506708506321548
id10805,0.5881069448298041,0.06665022063608432,0.3452428345341116
id07990,0.22912248278461503,0.10999811372041081,0.6608794034949742
id08107,0.06678626962205067,0.025979023429394163,0.9072347069485552
id07612,0.9169857321311461,0.03978297180434073,0.043231296064513175
id10593,0.2845043931502212,0.5496776718983868,0.16581793495139194
id00906,0.032460452249917573,0.9500922207580729,0.0174473269920096
id22316,0.12603332208435733,0.05860928376885856,0.8153573941467841
id04826,0.11684346214147029,0.8386035251940731,0.04455301266445662
id13173,0.04589571825089242,0.020605366113557462,0.9334989156355502
id20075,0.4886079353616206,0.11487659564350897,0.39651546899487045
id16427,0.2969257212557282,0.05358318539885851,0.6494910933454133
id21948,0.046699536349988996,0.023623384896468667,0.9296770787535423
id05957,0.8831805452029328,0.060793211403473074,0.05602624339359425
id22982,0.030286467060788236,0.9535304661618075,0.016183066777404363
id01672,0.03725861594454393,0.9439458344236414,0.01879554963181473
id19463,0.04935675945486705,0.021675885230360542,0.9289673553147725
id17555,0.34834645609705667,0.36630122458544784,0.2853523193174956
id21387,0.029917562323480237,0.9524310763131089,0.017651361363411045
id00011,0.03348366316363539,0.9489241670276947,0.017592169808670025
id18538,0.9099994586648991,0.04217792527159258,0.047822616063508405
id14915,0.03008323643184181,0.9538380568069479,0.016078706761210187
id13773,0.6030365484581905,0.10689352483852947,0.29006992670327997
id26440,0.9138918770676465,0.03935021599914637,0.046757906933207166
id18862,0.39208402022489763,0.11529779417636174,0.4926181855987406
id02510,0.17066438052270788,0.042249253428965794,0.7870863660483264
id26288,0.0472295875073049,0.02355196811699423,0.9292184443757009
id01877,0.2293949054805919,0.126997514811648,0.6436075797077601
id17532,0.09043219157194828,0.04175250289032155,0.8678153055377302
id22973,0.9053012597772744,0.047378080363931416,0.04732065985879424
id10254,0.8378722250894122,0.07707382927913936,0.08505394563144861
id20420,0.047328806688567295,0.9298563055017024,0.022814887809730365
id16052,0.7708446380567492,0.10986215532227642,0.11929320662097447
id19578,0.9165960683720462,0.03835627400958958,0.04504765761836418
id06318,0.8749904136855365,0.05340303646157013,0.07160654985289328
id18751,0.9207869958468221,0.03716796232949492,0.04204504182368291
id06756,0.07134060031858415,0.02658105346862614,0.9020783462127897
id00364,0.8665660519558447,0.07198819594226001,0.061445752101895304
id10714,0.3234474659571603,0.17268974121575797,0.5038627928270818
id27432,0.3541712663451526,0.05356743219240671,0.5922613014624407
id02395,0.04929453588699189,0.9270534540251831,0.023652010087825033
id00502,0.2565858773906656,0.07930525568403965,0.6641088669252948
id22856,0.0932358911592525,0.03303582438231316,0.8737282844584343
id16391,0.03091613610032412,0.9527854395188614,0.016298424380814518
id18170,0.047685924598433065,0.9275830006161268,0.024731074785440187
id19642,0.7482823180684748,0.17264643052662365,0.07907125140490164
id15742,0.9242404471786209,0.03533495949808271,0.04042459332329642
id18984,0.04031750783226361,0.019602955161831866,0.9400795370059045
id22155,0.04275203009392818,0.02074840708724075,0.9364995628188311
id13113,0.07381849764693277,0.02994180836369673,0.8962396939893705
id03817,0.1274317203383615,0.07043549119848726,0.8021327884631513
id13090,0.5619743568632886,0.06529497587703716,0.37273066725967435
id23521,0.04365545781342303,0.9338007131089386,0.022543829077638366
id21376,0.22164832767243806,0.12118961341900547,0.6571620589085565
id21795,0.18242192617052067,0.7319807776381455,0.08559729619133381
id03548,0.05369872910242967,0.02226792456392569,0.9240333463336445
id05018,0.7904223185364436,0.07138054924141413,0.13819713222214233
id00085,0.824034785718359,0.1119049321384706,0.06406028214317035
id12163,0.593804219966999,0.20059867862575934,0.20559710140724174
id15341,0.5932049156217516,0.07865118688395398,0.3281438974942945
id12896,0.7618735961537434,0.10340382230961588,0.13472258153664074
id24019,0.8362291410299397,0.062407021749068786,0.10136383722099153
id24981,0.9025128603391176,0.0491589165807056,0.048328223080176855
id12456,0.10407711833833211,0.8386570263083853,0.05726585535328251
id24590,0.13290782787973746,0.04123813107664057,0.825854041043622
id01276,0.04550256299400743,0.9313511837632624,0.023146253242730182
id04235,0.18747454829100904,0.07576593667308769,0.7367595150359033
id21844,0.057048073145696154,0.029843648657181605,0.9131082781971223
id16876,0.030331050539678703,0.9538348232474017,0.015834126212919727
id10137,0.23434930111384902,0.05612232365291229,0.7095283752332388
id26435,0.12765514587877552,0.036351475033013204,0.8359933790882113
id15912,0.05956465279165268,0.027805659082543465,0.9126296881258039
id09361,0.039228249442063434,0.018856150023872056,0.9419156005340645
id00071,0.26405165799510844,0.07140441288772918,0.6645439291171624
id21006,0.9213344117218379,0.03757694470208706,0.041088643576075
id20942,0.8009454125896878,0.063156618826675,0.13589796858363726
id00137,0.26787929565187224,0.516717011455381,0.21540369289274672
id10494,0.31226262733002336,0.4314452991775086,0.256292073492468
id02933,0.8582535881983538,0.05495954076399499,0.0867868710376512
id22661,0.04612955528318663,0.9304099485564032,0.023460496160410117
id01024,0.46456037145299894,0.06304289956131041,0.4723967289856907
id02183,0.10687546440916304,0.14582300476600177,0.7473015308248352
id22883,0.7507969282297966,0.144109918135721,0.10509315363448242
id14780,0.04751363612109634,0.9256230741798043,0.02686328969909939
id00543,0.04488444203237033,0.02174469171942848,0.9333708662482012
id21237,0.24597240549661079,0.05400404567585585,0.7000235488275334
id09864,0.042466812770874364,0.933435276592935,0.024097910636190614
id26171,0.04615668249971572,0.021959455956516653,0.9318838615437676
id08115,0.5504296700636246,0.36028346509888975,0.08928686483748559
id18417,0.2706677921893564,0.4132372163912995,0.31609499141934416
id27910,0.044575277545181424,0.02164643904082958,0.933778283413989
id16918,0.3525585241242874,0.11204357033115728,0.5353979055445554
id10236,0.03929534663537686,0.019058558540397546,0.9416460948242257
id22481,0.2972403349859148,0.548410476063924,0.1543491889501611
id25843,0.056559107893862384,0.916727016748787,0.0267138753573506
id24660,0.918642445085068,0.03906943113416832,0.04228812378076382
id09637,0.03918788994160654,0.9400784770737847,0.020733632984608848
id19022,0.29479933330831465,0.17185205703793846,0.533348609653747
id16809,0.048821236964048866,0.021387768961228962,0.9297909940747222
id13162,0.06782105542698293,0.025802067713582434,0.9063768768594347
id05384,0.036445052103576854,0.9439699131866657,0.01958503470975745
id15361,0.04079465325743802,0.020108351976384265,0.9390969947661777
id03967,0.0695861891296424,0.8924846058856951,0.03792920498466245
id03839,0.030797791473208866,0.9528753495898784,0.016326858936912814
id19644,0.8696842193306087,0.06634857676683786,0.0639672039025534
id14817,0.2114894979783961,0.048109768267912655,0.7404007337536912
id04190,0.5186648037152538,0.1617735831438232,0.3195616131409231
id19018,0.03051033666334001,0.9530723872106145,0.016417276126045408
id23557,0.8507086865905974,0.09007585524553058,0.05921545816387197
id25241,0.37425634803557734,0.10820426550722638,0.5175393864571963
id01223,0.0880669759219158,0.03395173419015514,0.877981289887929
id07529,0.08737486137459972,0.8717804368524072,0.04084470177299303
id13517,0.44296503989570346,0.08606794106671338,0.47096701903758326
id11759,0.8222785379687468,0.05536077599881581,0.12236068603243735
id13741,0.05351755465854626,0.02449127543281585,0.9219911699086378
id03305,0.3877371541819978,0.07643217496078716,0.535830670857215
id16474,0.029920247821302686,0.9543891474137199,0.015690604764977453
id04156,0.8057247869056141,0.07330168541006105,0.12097352768432498
id23223,0.4630126409118005,0.2916391718096289,0.24534818727857066
id25193,0.7220106596631414,0.09823522240471946,0.17975411793213922
id02100,0.9223939647686116,0.035675212325209794,0.04193082290617861
id20032,0.17118480394853475,0.764253648166605,0.06456154788486022
id22179,0.23466294303156415,0.07143094380842775,0.693906113160008
id15359,0.8871753165756089,0.04678281122897037,0.06604187219542085
id02571,0.03581345325087459,0.9436694582577787,0.020517088491346685
id21450,0.9103680701774474,0.04263000260249639,0.04700192722005633
id17293,0.9154802247237005,0.038897371311428376,0.04562240396487121
id13056,0.704713793449218,0.14929921221887862,0.14598699433190332
id16833,0.7257689272696118,0.07672630574849355,0.19750476698189467
id25681,0.03937011722964787,0.9397116657495072,0.02091821702084492
id21263,0.044471029091662145,0.020029798359318177,0.9354991725490196
id02323,0.10927226815868832,0.815419642811054,0.07530808903025775
id16481,0.24301791852307325,0.07180575297937056,0.6851763284975563
id05781,0.8611827402809403,0.06986112190578703,0.06895613781327269
id14416,0.7066397226523784,0.11610325421571148,0.17725702313191025
id20650,0.03164867138602003,0.95118102027949,0.017170308334489993
id04357,0.8783876460592533,0.04993128779137011,0.07168106614937651
id16663,0.09355179214178345,0.04208479467236442,0.8643634131858522
id18312,0.34639966664099536,0.05410750888681716,0.5994928244721874
id24780,0.03829880329107346,0.018831199302169744,0.9428699974067568
id17348,0.10329994395818291,0.03575967409816062,0.8609403819436565
id22993,0.3290939371880618,0.05540024061216196,0.6155058221997762
id04847,0.08408324489383195,0.031206211875761183,0.8847105432304069
id27880,0.031344104390881006,0.951908011169738,0.016747884439381033
id21160,0.04698513042894628,0.02415896412689729,0.9288559054441564
id03354,0.8317967180001234,0.10115238319208061,0.06705089880779593
id11002,0.04743923183940602,0.02124241132089507,0.9313183568396989
id02425,0.06188416036276594,0.024702109903109965,0.9134137297341242
id14067,0.3296809272218032,0.05946062979419603,0.6108584429840007
id05886,0.3989907469473039,0.0676943324781546,0.5333149205745414
id09256,0.8853904083193009,0.04511736687055121,0.06949222481014788
id11511,0.12422933155220407,0.05334151482338609,0.8224291536244099
id09029,0.3725403106072236,0.5196158752219155,0.10784381417086081
id22563,0.26914569256516213,0.07580366357396282,0.6550506438608751
id27838,0.17242100407501848,0.04711228740764367,0.7804667085173379
id23184,0.2942749130029707,0.6331409030094092,0.07258418398762018
id15335,0.48017567148247925,0.3150585077996086,0.2047658207179122
id08607,0.7453662478808517,0.13318265874728713,0.1214510933718611
id26516,0.470427213667038,0.3726395453202338,0.15693324101272826
id12417,0.13933737487524497,0.7776242209652016,0.08303840415955352
id21758,0.9069963756303696,0.04725858853283618,0.04574503583679421
id00729,0.07852330785951095,0.8914878560805708,0.02998883605991814
id25504,0.1735927606647615,0.7611128873127407,0.06529435202249778
id00360,0.2509957707451689,0.08568337218799231,0.6633208570668387
id05913,0.5984105464430767,0.1729586841285372,0.2286307694283861
id00089,0.8204891317404526,0.11036703027109548,0.06914383798845183
id03511,0.9123939239121155,0.038202934469034465,0.04940314161885004
id00449,0.060696113184145216,0.03765744905376253,0.9016464377620923
id14504,0.1510822747622485,0.7467541324954371,0.10216359274231447
id19106,0.92321633605564,0.03581278958730584,0.04097087435705418
id19236,0.058995554914619636,0.91281466343641,0.028189781648970336
id12743,0.04559322945666153,0.021903927484488037,0.9325028430588505
id04662,0.08742478257260361,0.06923223586884304,0.8433429815585534
id15139,0.6172609087855647,0.0614506729572051,0.3212884182572302
id07233,0.6747045742456815,0.19996504702421972,0.12533037873009872
id19160,0.8637978380128073,0.077122339857813,0.05907982212937962
id06867,0.03058569267792685,0.9530037982542707,0.016410509067802476
id04236,0.03100661572156825,0.9520309716700994,0.016962412608332332
id07591,0.16037570491364375,0.10930690637860964,0.7303173887077467
id25815,0.20856731579836824,0.04900281124402394,0.7424298729576079
id10925,0.9084349710227204,0.041295884206915406,0.050269144770364094
id27774,0.8358777153401761,0.10139054686676063,0.06273173779306329
id16090,0.24630760149638511,0.5112457923161234,0.24244660618749145
id24875,0.0423645687797268,0.019653125589393108,0.9379823056308801
id03456,0.8934286488483623,0.05200361488788612,0.0545677362637515
id07559,0.15649086908843163,0.7834319281570937,0.06007720275447471
id10513,0.0767314635511695,0.8594208867817926,0.06384764966703797
id07094,0.38487692549297786,0.5315211782642607,0.08360189624276139
id04111,0.22755387087309284,0.045337424040929254,0.7271087050859779
id23356,0.8569548139472014,0.06845825389378848,0.07458693215901024
id04435,0.04659024143127244,0.021515597701421123,0.9318941608673065
id23706,0.05444498553524696,0.022917751577417423,0.9226372628873357
id04655,0.8460520328272377,0.04995313018529213,0.10399483698747014
id07661,0.2717223808178616,0.08382641114811573,0.6444512080340227
id27176,0.3222828438700731,0.08823838969355721,0.5894787664363698
id13560,0.5795455356542054,0.21172224361044226,0.20873222073535241
id18020,0.3727025249036619,0.06483266155053391,0.5624648135458041
id16701,0.7355236457132218,0.09315915056840063,0.17131720371837764
id19252,0.25154442462277515,0.0947753317477588,0.653680243629466
id00910,0.6810072116575139,0.21793448020409836,0.1010583081383878
id12102,0.9078325626619532,0.03959721209008322,0.052570225247963516
id15820,0.8817315513595071,0.056137945148496675,0.06213050349199629
id10698,0.8916958399135807,0.0471684171003168,0.06113574298610255
id15530,0.14316702367408238,0.24074347307656893,0.6160895032493486
id10740,0.9150780654909029,0.0372377513923981,0.04768418311669909
id24917,0.047587097754053106,0.021707820477230584,0.9307050817687164
id07985,0.8156393350887232,0.10524452887878413,0.07911613603249273
id15897,0.07050128985404709,0.8910471346453186,0.038451575500634355
id07960,0.21935782422766864,0.15872364891828375,0.6219185268540476
id15529,0.8909634391758858,0.04603663947890855,0.06299992134520566
id17855,0.14704747245911026,0.6990416552639493,0.1539108722769404
id24727,0.9205542828202756,0.03716179687093327,0.04228392030879108
id14835,0.1997095579789212,0.044969393889425974,0.7553210481316529
id25557,0.18716237027829882,0.050127434232167666,0.7627101954895336
id18605,0.056464509566508385,0.0247273339611489,0.9188081564723427
id27760,0.9077919131422248,0.03934292608540382,0.052865160772371377
id10042,0.040523366567999056,0.01966103288894283,0.9398156005430581
id12074,0.08799520422582231,0.8416407351499682,0.0703640606242096
id19511,0.19766826055170847,0.6202298099095359,0.1821019295387556
id21924,0.41643095682408854,0.5048814858745456,0.07868755730136587
id13095,0.09112245409738365,0.03262346305363054,0.8762540828489858
id11873,0.04228228371403162,0.019632779014706354,0.9380849372712621
id23651,0.6160424723617982,0.27895907368482337,0.10499845395337841
id09931,0.04851726233735945,0.021301348547375046,0.9301813891152655
id05155,0.22896342181876195,0.05946932206466674,0.7115672561165712
id17668,0.9121763326165503,0.04106743198723049,0.04675623539621916
id03470,0.8388271037472899,0.0911522062071338,0.07002069004557633
id02208,0.8597773371320793,0.08426662613868768,0.0559560367292332
id07650,0.030560360461839204,0.9527248822313732,0.016714757306787675
id24472,0.9090353586418407,0.040975126085725455,0.04998951527243393
id21211,0.030172509226319654,0.9536699538685863,0.016157536905094045
id11030,0.9120087692987771,0.04271894485035908,0.045272285850863875
id00943,0.034068817098319576,0.9466872226951808,0.01924396020649971
id19156,0.0537865764370253,0.03271698653454527,0.9134964370284293
id22886,0.04857362207136846,0.02306335762728661,0.928363020301345
id00992,0.0494895260200232,0.92608495720258,0.024425516777396707
id27547,0.9075583501824824,0.046547607352519255,0.045894042464998314
id24073,0.917403033201762,0.03937673409207531,0.04322023270616269
id05452,0.8619723236354346,0.0754311848414565,0.06259649152310891
id22492,0.0314504973130571,0.9506935953151014,0.01785590737184136
id11981,0.7937024323299278,0.12981717846483895,0.07648038920523337
id15552,0.02962177565316302,0.9546979099865726,0.015680314360264402
id04471,0.041044921922952005,0.02014671830064931,0.9388083597763988
id09231,0.5722058357486841,0.12434614367615508,0.3034480205751608
id12493,0.4654222746797912,0.07935995823950986,0.455217767080699
id24967,0.8429972716426517,0.05594162674454392,0.10106110161280443
id05865,0.3962979262738172,0.08715308304477787,0.5165489906814049
id04811,0.9018479495422081,0.04475239621449067,0.05339965424330118
id19877,0.8004259442981922,0.10412392909542534,0.0954501266063824
id04024,0.030675107838913834,0.9530360556288566,0.0162888365322296
id00395,0.28504661480372173,0.056670425415175064,0.6582829597811033
id22728,0.09533589049614118,0.8607837232977927,0.043880386206066144
id01268,0.049428184871310954,0.9268403331785455,0.023731481950143553
id08896,0.6083821248691728,0.10399635234223173,0.28762152278859554
id09971,0.44646276767645054,0.06711171598243705,0.48642551634111236
id26606,0.04623187240168718,0.02075675867886171,0.9330113689194511
id27970,0.3082096716111636,0.337590559543386,0.3541997688454505
id25259,0.9231916698215131,0.03542765518314594,0.04138067499534093
id13834,0.8496802580677121,0.05372493952700159,0.09659480240528616
id19513,0.8678263671340474,0.060614839971390985,0.07155879289456146
id16082,0.03854590594556632,0.9406384455506176,0.020815648503816123
id22180,0.15613697645640623,0.061078154422787787,0.7827848691208059
id20498,0.7117666134184902,0.0630299363151851,0.22520345026632468
id27595,0.06195796982583591,0.024055742187720466,0.9139862879864437
id08267,0.8804799931853229,0.04924412980290865,0.07027587701176854
id12823,0.8971101732965754,0.05153985071765637,0.051349975985768286
id18842,0.029819912505338532,0.9538964428876208,0.016283644607040754
id17534,0.8718959971260075,0.06850395077418828,0.05960005209980428
id05777,0.9145459792474012,0.03766631536516676,0.04778770538743206
id21689,0.8623526372108791,0.055805025500623336,0.08184233728849759
id18114,0.13078564820658503,0.8191197257716761,0.05009462602173888
id17707,0.04958344981539289,0.02124920355259481,0.9291673466320123
id22956,0.030532240500382855,0.9534679614498367,0.01599979804978039
id27834,0.05096749252426801,0.02368321487276233,0.9253492926029697
id11377,0.3891073865363279,0.1286843871073587,0.4822082263563135
id08333,0.6665936038784733,0.25424516404317465,0.0791612320783521
id07445,0.18957544494570439,0.34951316737101,0.46091138768328554
id22703,0.030948339529728322,0.9517948755919092,0.017256784878362495
id09468,0.1628440819621802,0.6346427792830228,0.20251313875479696
id19397,0.08146463728110787,0.033475282443708086,0.885060080275184
id07977,0.8504750967913847,0.06120013026127529,0.08832477294734013
id14555,0.0527021748272759,0.02533259568742732,0.9219652294852968
id02489,0.4918787782535456,0.091837102064771,0.4162841196816835
id10445,0.8680671052826355,0.053160810075824315,0.07877208464154016
id02058,0.24411002809628699,0.1395700380837032,0.6163199338200098
id23101,0.17101057407882028,0.06391948480994898,0.7650699411112307
id18072,0.051462795032945666,0.02535520346894969,0.9231820014981047
id21085,0.04341619715848188,0.019941409108681814,0.9366423937328364
id16584,0.044546476150630704,0.02006726397184388,0.9353862598775254
id23136,0.041982710291558686,0.01961395447586948,0.9384033352325719
id17745,0.21125052250161525,0.4436136308328658,0.34513584666551894
id27391,0.8329782367195028,0.053497050183777504,0.11352471309671969
id17240,0.08034948059015729,0.8843846718644215,0.03526584754542124
id11708,0.6354697864743364,0.0703504418997595,0.2941797716259042
id08712,0.07598999086441616,0.8755447172142728,0.04846529192131101
id23809,0.2373056127560965,0.24467032895647023,0.5180240582874333
id07274,0.9189045496686731,0.03815330152249445,0.04294214880883253
id15625,0.19793580975961445,0.5927272950131315,0.20933689522725418
id22815,0.06514875729023949,0.906880535468369,0.02797070724139146
id23200,0.9192291361979444,0.03799668118563856,0.04277418261641697
id04369,0.07634859700401919,0.8315726520691953,0.09207875092678561
id04659,0.18747142070609704,0.5894541398942372,0.2230744393996657
id05051,0.12464674983913401,0.7613138931893977,0.11403935697146836
id07815,0.06839162499556528,0.8827557266231274,0.048852648381307304
id27535,0.8652521400356662,0.07167600725910202,0.06307185270523169
id11916,0.04668415899770239,0.024541890247718686,0.9287739507545789
id07097,0.1224791479267648,0.7209096254172104,0.15661122665602487
id24599,0.9011031878149214,0.04134021234473116,0.05755659984034735
id03434,0.39866210413984704,0.48552242994576494,0.11581546591438811
id01685,0.6228547301755794,0.15760243688744563,0.2195428329369751
id23165,0.8566152808489879,0.08256574342957,0.060818975721442126
id08601,0.030537864344455344,0.9532407894588147,0.016221346196729873
id19593,0.9104568480900284,0.03995783474000982,0.04958531716996194
id04582,0.7774752875061692,0.06327563566005215,0.1592490768337787
id25659,0.40590880653979666,0.5086914028832006,0.0853997905770028
id08590,0.04295375513756345,0.020233307278057975,0.9368129375843786
id21959,0.12191601853351433,0.8388432988510659,0.03924068261541974
id21373,0.9165653797756351,0.04032137467222831,0.04311324555213662
id12581,0.31091786875098376,0.0627955936486465,0.6262865376003698
id05240,0.7564874339767781,0.16174962194418127,0.08176294407904065
id25188,0.043590121302871224,0.02021762489007982,0.9361922538070491
id15719,0.029993279408598517,0.9542165327505184,0.01579018784088311
id17546,0.8273433953780555,0.06116789475373252,0.11148870986821205
id18546,0.7177264597047286,0.17592532618072362,0.10634821411454791
id16043,0.15222369235073374,0.6250462496685942,0.22273005798067202
id05236,0.9217198864120236,0.03687633323741728,0.04140378035055915
id01665,0.8930818281172725,0.05704419944904598,0.04987397243368155
id12811,0.8686034208888042,0.0482425572805342,0.08315402183066169
id11468,0.044835628898664714,0.0219539026974717,0.9332104684038636
id20311,0.9159276501919251,0.038088593772753254,0.04598375603532151
id04045,0.06061287132430926,0.02437396893989151,0.9150131597357992
id02671,0.20227479188832037,0.6825752922410743,0.11514991587060537
id19889,0.11649282506497659,0.7765187722469951,0.10698840268802835
id10371,0.11290249583857295,0.2123916730758542,0.6747058310855728
id13583,0.14202861756795507,0.045891067797754606,0.8120803146342903
id11070,0.8710856772755239,0.06895842433259802,0.05995589839187818
id13087,0.03203257930983334,0.9506368713493042,0.017330549340862384
id21670,0.09946489756429841,0.03093755588959544,0.8695975465461061
id16432,0.030231067268094675,0.9531805371704202,0.0165883955614852
id13899,0.8583667955436032,0.06690640989303637,0.07472679456336057
id02925,0.19358106807176684,0.7481443588759532,0.05827457305228001
id27528,0.043347435985885335,0.9349931939272028,0.021659370086911878
id15950,0.8603047444022827,0.05365915668535912,0.08603609891235826
id07604,0.7735942315706932,0.05546591919932902,0.1709398492299779
id12682,0.383000692045086,0.07102706274228926,0.5459722452126247
id16688,0.051011944173535315,0.9242304656318141,0.024757590194650653
id24150,0.02990129473939091,0.9543174244848163,0.015781280775792918
id04599,0.045324019174042725,0.020839919904464033,0.9338360609214933
id05609,0.1583593983407274,0.7262434166147773,0.1153971850444954
id27242,0.0425392444091861,0.01996645564423917,0.9374942999465747
id03464,0.6823805186679207,0.108012708560822,0.20960677277125733
id20129,0.2674143428054513,0.04647599482871519,0.6861096623658335
id07890,0.034015725259282745,0.9478492194722155,0.018135055268501787
id24082,0.6849708812659655,0.0784998757129312,0.23652924302110334
id18550,0.04113710006771372,0.019334994820700342,0.939527905111586
id13345,0.5274917064524705,0.0918164063527573,0.38069188719477237
id21162,0.5014472071760728,0.4063722699387328,0.09218052288519446
id05896,0.0438907843425663,0.02168116695273858,0.9344280487046951
id00549,0.0743882371003755,0.09117949702740699,0.8344322658722175
id19986,0.09365086703040432,0.04414446121550632,0.8622046717540894
id12287,0.5019723356256217,0.07739736240751692,0.4206303019668613
id21149,0.30339895591479027,0.10222897573247129,0.5943720683527385
id15937,0.36708257283211515,0.46887263288133774,0.16404479428654717
id18043,0.5886152424167956,0.07365979279573724,0.33772496478746716
id19288,0.8990112393109447,0.04170977058017754,0.05927899010887767
id16304,0.040234295595383995,0.01918433468331713,0.9405813697212989
id03605,0.8841429472859743,0.05640762639890905,0.05944942631511663
id00126,0.15385943031594265,0.05775670266126589,0.7883838670227914
id11734,0.3724714767446665,0.3905195446421855,0.23700897861314799
id20670,0.030707352132749926,0.9520731675537453,0.0172194803135048
id02266,0.16787016718341816,0.12562949809441076,0.7065003347221711
id06651,0.33157259561220204,0.32078809071614633,0.34763931367165174
id12969,0.9148787275670879,0.04115080292217835,0.04397046951073382
id15664,0.7073972084477764,0.18890710374134143,0.10369568781088224
id09699,0.13119117821277965,0.7360136815335783,0.1327951402536421
id07426,0.07995912046456674,0.040318754413343025,0.8797221251220901
id12040,0.046579964175921564,0.9307409192489174,0.022679116575160946
id22961,0.8182141251680067,0.08293166534479643,0.0988542094871967
id23971,0.030107470459740708,0.9536904383376101,0.01620209120264912
id21433,0.801486847826823,0.1038709029520576,0.0946422492211194
id12028,0.038310221823391,0.9402577042289809,0.021432073947627937
id15673,0.10069877256024219,0.8578257081971914,0.04147551924256645
id18681,0.8278137849722631,0.06059422554283247,0.11159198948490445
id21339,0.747141101788424,0.17207768202844947,0.08078121618312661
id23755,0.08075960112119661,0.8655547346175245,0.05368566426127891
id10369,0.03964677401357767,0.019600738474346,0.9407524875120763
id03917,0.6089998522306835,0.13604368728310423,0.2549564604862123
id17078,0.05867048269729576,0.0463622306262833,0.8949672866764209
id10873,0.8926993161444554,0.05257324599155924,0.05472743786398533
id21158,0.40091677432930983,0.13627747719307076,0.4628057484776193
id16491,0.9179010090317664,0.03720586645201504,0.04489312451621857
id23930,0.029997135157437085,0.9537933265740436,0.016209538268519293
id16048,0.12758793275350638,0.8295426496220617,0.042869417624432055
id10070,0.9152266495035126,0.03949760962684394,0.04527574086964347
id24962,0.2547593358514119,0.05332067655861687,0.6919199875899712
id27787,0.8234900382170804,0.0592371632984291,0.11727279848449046
id16840,0.08439108902091824,0.864682898095131,0.05092601288395066
id01994,0.863934787721986,0.07395962989187797,0.06210558238613606
id10756,0.30344817410346736,0.06689868427790258,0.6296531416186301
id16697,0.0839884170367318,0.8286897864762388,0.08732179648702953
id19603,0.33132814932008664,0.34287510558472284,0.32579674509519063
id03903,0.8838759664266439,0.06378702980711067,0.05233700376624544
id20992,0.08144666096254881,0.07145212876413307,0.8471012102733182
id15687,0.09338839080567447,0.8602638447080337,0.0463477644862919
id19769,0.0915468906554079,0.8146557208367302,0.09379738850786189
id06048,0.22790323759646028,0.6954837642197759,0.07661299818376396
id25098,0.03163489935088727,0.9514616090360062,0.016903491613106454
id16091,0.8639966070690432,0.074250935959607,0.06175245697134983
id27192,0.6968305512417322,0.06644970259639695,0.2367197461618709
id05897,0.06833491576002039,0.030967657690644815,0.9006974265493348
id00828,0.8370132306318722,0.09240033251360295,0.07058643685452493
id20605,0.23716385389806863,0.16123399628538687,0.6016021498165445
id05872,0.16596303528467587,0.6973268846675069,0.13671008004781732
id00761,0.9147424818306548,0.03830953356072684,0.046947984608618404
id19573,0.845991821039033,0.06496446802649639,0.08904371093447062
id03081,0.20406500196324193,0.06993255023113598,0.7260024478056222
id04887,0.40216531913721093,0.059934884064449495,0.5378997967983395
id17700,0.04604332272497015,0.02157912382052594,0.932377553454504
id03250,0.30203348316538564,0.58059890738317,0.11736760945144438
id21027,0.030020623779321142,0.9538803541146398,0.016099022106039078
id19567,0.5304824670564052,0.38778984922376747,0.08172768371982732
id05661,0.569610669418855,0.21235149487027838,0.21803783571086663
id27405,0.10970905247695827,0.84951303496004,0.040777912563001756
id01546,0.032051337268020015,0.9501022911101272,0.017846371621852736
id02288,0.03162011679476058,0.9511084715428039,0.01727141166243542
id11057,0.2862508505208793,0.05095676155942737,0.6627923879196934
id09191,0.03503368888704646,0.9439167395861595,0.02104957152679404
id19074,0.046178385821767094,0.024030831436952126,0.9297907827412808
id25012,0.884642507446895,0.04756767674104747,0.06778981581205762
id24857,0.03837912813764928,0.9392530531588722,0.02236781870347853
id07557,0.1134620317289112,0.804488758456482,0.08204920981460682
id23072,0.9211465677741592,0.037433761506457316,0.04141967071938355
id20317,0.5280382453800775,0.29001773311392515,0.18194402150599737
id16642,0.7545555142264937,0.07276790226108565,0.17267658351242066
id04211,0.22540868282117782,0.7064367705676654,0.06815454661115687
id22871,0.11245783468806037,0.833026649024192,0.05451551628774766
id16178,0.04121498344553405,0.01954670443699316,0.9392383121174729
id25172,0.2784191435478073,0.1735122237611355,0.5480686326910573
id15654,0.7665501204372098,0.0788354930485982,0.15461438651419207
id26067,0.6889401388195783,0.13831672297156025,0.17274313820886156
id11955,0.14772863889508128,0.09700208909123546,0.7552692720136833
id24939,0.08941364478536842,0.0400157060049448,0.8705706492096867
id07378,0.8997316113286716,0.04711241930216879,0.05315596936915953
id22455,0.05080259560031191,0.9118890155581081,0.03730838884158006
id12850,0.049212499256808866,0.02373751541069799,0.9270499853324932
id12403,0.8858397169524379,0.043318631771167015,0.07084165127639513
id11593,0.032090904177039664,0.9510621131789967,0.01684698264396368
id27776,0.9143306508503775,0.039476635786361534,0.04619271336326112
id14497,0.045204259599426706,0.02192519762487353,0.9328705427756998
id24628,0.17702327659392103,0.1088582446564557,0.7141184787496233
id11283,0.0839291312366682,0.034699102667761314,0.8813717660955704
id00459,0.7531834956278993,0.1714668909901058,0.07534961338199488
id11310,0.032136124526470404,0.9508296054212739,0.017034270052255655
id05177,0.03125184635478857,0.9518889652557216,0.016859188389489844
id22598,0.031675082453072025,0.9513716146636461,0.016953302883281982
id05214,0.15679173638977872,0.06741754962759945,0.7757907139826218
id22797,0.47974082229362447,0.41678923042657023,0.10346994727980531
id15832,0.46433944994030807,0.11343263247374041,0.4222279175859515
id00479,0.2730564986180945,0.658312673190329,0.06863082819157643
id05840,0.09154137107146086,0.8409078962408739,0.06755073268766529
id27489,0.03919158643814759,0.018929148367941878,0.9418792651939106
id03281,0.031381753464439666,0.9516196398957357,0.016998606639824707
id27046,0.754654637333029,0.1321018341020721,0.11324352856489894
id09213,0.0897798231915049,0.03638413050310507,0.87383604630539
id18775,0.9038871505599392,0.047213377951268336,0.048899471488792555
id09731,0.38793921446120216,0.4988599836558025,0.11320080188299532
id25031,0.7412649064116255,0.1602220499638256,0.09851304362454902
id11945,0.1116361719800758,0.17694104209817665,0.7114227859217476
id20286,0.8525190788997882,0.07877235361565176,0.06870856748456008
id27960,0.448293796315536,0.14698276126839502,0.404723442416069
id13206,0.09742033014716792,0.032325212363771685,0.8702544574890604
id09964,0.5738885722845438,0.19448310065254945,0.23162832706290679
id16811,0.12221714610104055,0.6625941852273161,0.2151886686716435
id08948,0.8655208261996084,0.0735772293040037,0.06090194449638806
id17636,0.03966320674556488,0.018893973677403943,0.9414428195770311
id14046,0.7258126934345986,0.07381599010311363,0.20037131646228776
id22873,0.46723682284483586,0.06756051443752771,0.4652026627176364
id09962,0.04210400020913963,0.021301538729310263,0.9365944610615501
id26474,0.8770253035697297,0.04634368798342781,0.07663100844684241
id11898,0.32267617140284355,0.45235977661014026,0.2249640519870163
id25477,0.7758304563281876,0.07086802068553727,0.1533015229862752
id25457,0.8543583883237258,0.06036536111688374,0.08527625055939046
id26675,0.047913657296169795,0.02175919028083746,0.9303271524229927
id04422,0.11764847117106376,0.04996490377218701,0.8323866250567492
id04237,0.12431338690620705,0.7920229502693019,0.08366366282449103
id07049,0.5033238171057581,0.4150975537414718,0.08157862915277014
id18211,0.510759383702595,0.33108761919930746,0.1581529970980976
id16033,0.25577942550031335,0.37582368746924244,0.3683968870304443
id16680,0.2704448253076277,0.08352248252117914,0.6460326921711933
id08977,0.20801589282203778,0.7071344905481104,0.08484961662985196
id18494,0.02985231861296559,0.9544181637852571,0.01572951760177732
id07714,0.04875736176885846,0.021851457013432583,0.9293911812177089
id01243,0.4177032008268414,0.058850875173006446,0.5234459240001521
id18562,0.03183763235731906,0.9513231358418579,0.016839231800823078
id03147,0.0420934555026249,0.019747796051725018,0.9381587484456502
id24138,0.1602724948823325,0.05431218213734541,0.785415322980322
id21062,0.8559892282327095,0.04978205864585198,0.09422871312143852
id25053,0.05608038396417252,0.03437854665037895,0.9095410693854484
id14390,0.23711466084333685,0.21822522131081487,0.5446601178458483
id10122,0.35380370178774884,0.06769707884897126,0.57849921936328
id13160,0.35000957970926005,0.08629588701284108,0.563694533277899
id00780,0.3523484862502556,0.5729946514700363,0.07465686227970829
id20996,0.27805437400442884,0.07586808216718266,0.6460775438283884
id16008,0.8678838023074914,0.06374563386719066,0.06837056382531796
id10522,0.08709404137652915,0.8760493444980221,0.03685661412544888
id18498,0.12652972344533478,0.03561545892472146,0.8378548176299437
id09341,0.04665787873324589,0.9253791520274851,0.02796296923926904
id22456,0.3804924965601365,0.192683840147447,0.42682366329241667
id07592,0.12217358406158861,0.11109196946973662,0.7667344464686747
id25634,0.9186517425851534,0.03683376898029454,0.04451448843455212
id15011,0.5576799048063115,0.3589638149044686,0.0833562802892199
id14245,0.8935006497887518,0.05331579254829468,0.05318355766295346
id21107,0.042449119189511164,0.019670429593616506,0.9378804512168724
id01881,0.8353661581240998,0.05373954836085794,0.11089429351504235
id12772,0.1612941297450029,0.24315381657365112,0.595552053681346
id17589,0.9235180103765844,0.035641173330136944,0.04084081629327869
id24421,0.04009339992417055,0.019957316946990322,0.9399492831288392
id22088,0.11722778341903281,0.04290680056185068,0.8398654160191165
id21687,0.7510471296997933,0.08469355247038794,0.16425931782981873
id17810,0.04003008837035127,0.01902309966442222,0.9409468119652266
id25153,0.029817518782671085,0.9530621712044517,0.01712031001287706
id18083,0.7249746269536016,0.18016587279443538,0.09485950025196307
id00655,0.1384636475562543,0.035657074086743006,0.8258792783570027
id13195,0.8872842497773942,0.04763567642637476,0.06508007379623096
id23708,0.05121980418267943,0.8900587413876738,0.05872145442964674
id17977,0.8558533062743953,0.04826213276368488,0.09588456096191998
id10501,0.04185685744618857,0.93351236151025,0.024630781043561478
id08697,0.03224883227477117,0.9496535191510722,0.018097648574156643
id09269,0.030009891603777504,0.9538654553767973,0.016124653019425176
id21153,0.9191295041778637,0.037898275171256116,0.04297222065088025
id06257,0.88611373577841,0.054196255954825405,0.05969000826676471
id08366,0.35831813338580687,0.09699340659025131,0.5446884600239418
id00263,0.87257673477351,0.05786335207833726,0.06955991314815263
id14445,0.17925467345343232,0.046560705950127415,0.7741846205964402
id18864,0.18357943668384305,0.07702566318110592,0.739394900135051
id18427,0.15242242831705874,0.04862012066719732,0.798957451015744
id24348,0.18406514768263116,0.045252190209649705,0.7706826621077191
id17329,0.9146836221204092,0.04102310150130831,0.04429327637828249
id07519,0.5767036147321423,0.34176850818527565,0.08152787708258205
id17995,0.06248433627326897,0.030098949153490963,0.9074167145732401
id25329,0.19543209119224822,0.13486271728738788,0.6697051915203639
id14513,0.9077293356730379,0.04204150063589442,0.050229163691067745
id10203,0.18772552626717048,0.6676256308697995,0.1446488428630301
id25887,0.4076494169759144,0.12676844042025215,0.4655821426038334
id08186,0.5048002336358377,0.06660473566911768,0.4285950306950447
id20535,0.03052341132975237,0.9525035847585294,0.01697300391171831
id06411,0.2115578747638195,0.2545159595915108,0.5339261656446697
id11984,0.9073724035681321,0.04199693128093408,0.050630665150933854
id16389,0.04772718522620376,0.9164163578587837,0.03585645691501246
id23333,0.9164875540292882,0.03839221062546269,0.04512023534524906
id19447,0.20323654392347607,0.2512883445882514,0.5454751114882725
id01461,0.8716783342260268,0.06492343759325678,0.06339822818071636
id25601,0.030689313252035662,0.9531142531158909,0.016196433632073532
id04803,0.7811140077142197,0.11901013198788159,0.0998758602978987
id19029,0.07264495958922161,0.8137917873947144,0.11356325301606403
id11507,0.24991551146451446,0.28172583977007387,0.46835864876541167
id13246,0.7250265303062159,0.06530831729933972,0.2096651523944444
id26927,0.8375185704395592,0.05261400194467916,0.10986742761576158
id12423,0.9210724041767219,0.03632894988470405,0.04259864593857407
id09601,0.11048842811493349,0.8186976993191607,0.07081387256590581
id23100,0.20621745464129476,0.467007488448055,0.3267750569106503
id21939,0.9137656693197738,0.03746493725508215,0.04876939342514411
id16139,0.04892313769476476,0.0227079335399268,0.9283689287653084
id27334,0.9154472577324264,0.041190646678508074,0.04336209558906544
id22326,0.039633159565503326,0.01891190256926757,0.941454937865229
id18527,0.04499122912618308,0.023748454162696577,0.9312603167111204
id05072,0.04596142430120913,0.02070466113201496,0.933333914566776
id21820,0.030337281551163546,0.9537315333255523,0.015931185123284137
id13960,0.0471578247520328,0.9300517993191275,0.02279037592883966
id03958,0.8413865232535983,0.059832033708470185,0.0987814430379316
id10849,0.056711991608137606,0.9118125271673782,0.03147548122448433
id06252,0.9184804280640239,0.037050305700338876,0.04446926623563737
id26045,0.8909154384228676,0.0441734856140216,0.0649110759631108
id04849,0.044070523066992946,0.9187710497944103,0.03715842713859682
id05215,0.03462422733209522,0.9462870396762958,0.019088732991608993
id22830,0.33246391123648006,0.18239058214962026,0.4851455066138996
id21325,0.07787866193847928,0.7838674991007425,0.1382538389607783
id09287,0.03943866231599321,0.01902720895648041,0.9415341287275264
id24354,0.23952176273568473,0.691833691791244,0.06864454547307128
id06784,0.05789916382244098,0.9130685043488639,0.029032331828695215
id03848,0.1933332173364496,0.1204349166110641,0.6862318660524863
id01410,0.4208371673628868,0.2739626859413988,0.3052001466957144
id00874,0.10386995957722304,0.03873236086539697,0.85739767955738
id00784,0.0439981475344056,0.021956279796172345,0.9340455726694221
id19909,0.03926866875557242,0.9409016432109275,0.019829688033499947
id18906,0.061860983787977296,0.8726706750440202,0.06546834116800251
id18748,0.04170932977943796,0.021204787851559728,0.9370858823690023
id04654,0.5113667644491579,0.40815806546938316,0.08047517008145906
id07608,0.3362335908391692,0.2582913728928769,0.40547503626795395
id10845,0.03440026900218321,0.945485664737145,0.02011406626067184
id10718,0.04979199051060667,0.021349405803534897,0.9288586036858584
id19100,0.039476890040231714,0.937461864685982,0.023061245273786293
id10416,0.47469809824778586,0.08274200480359042,0.44255989694862385
id02535,0.034267875344131254,0.944849912458073,0.020882212197795805
id23920,0.48155996513368965,0.06046655765016229,0.45797347721614806
id16226,0.8290720265698038,0.09153701572167675,0.07939095770851948
id09196,0.030905538188670773,0.952873090707616,0.016221371103713047
id03368,0.1431400119696562,0.21207395086308475,0.644786037167259
id27373,0.054781618642445344,0.024079727246895454,0.9211386541106592
id11497,0.8278067097157303,0.09824195720658695,0.07395133307768266
id07640,0.8202408815921983,0.1106734966199099,0.06908562178789178
id22416,0.035178893259228274,0.9464368242235345,0.018384282517237206
id20303,0.032928031787150286,0.9496292351756533,0.01744273303719645
id13811,0.05084250675534497,0.026417110180681068,0.922740383063974
id04365,0.2546054643649952,0.6270562409920907,0.11833829464291416
id00199,0.09514600770759522,0.17037836523240055,0.7344756270600042
id24884,0.9233852833879851,0.035558360199591944,0.04105635641242296
id06763,0.030163873583000555,0.9520429610244057,0.01779316539259378
id18275,0.5485727685072421,0.14748152244112675,0.3039457090516312
id20971,0.6564532344999355,0.07922629842629592,0.26432046707376855
id01581,0.12987649115932043,0.06166519340229604,0.8084583154383835
id24805,0.42918276515774784,0.0650374790867585,0.5057797557554936
id07950,0.7994274803740905,0.13093691784149694,0.06963560178441257
id26346,0.31066922966605826,0.12175230324760807,0.5675784670863336
id24046,0.8552109838364733,0.055925625474184386,0.08886339068934235
id05548,0.03196223653375176,0.9508433369483283,0.01719442651791993
id17433,0.9211808911296437,0.03579015692423051,0.04302895194612581
id18712,0.8553861187949379,0.057319698516855956,0.08729418268820624
id21128,0.23282601153132584,0.04825363732343761,0.7189203511452366
id02906,0.08639612639720962,0.05560301465966622,0.8580008589431243
id22201,0.2925441700639951,0.6383782690869656,0.06907756084903934
id08614,0.03241335727372113,0.9496715547179361,0.01791508800834284
id22484,0.34987940241657495,0.5682784022140844,0.0818421953693407
id16291,0.21566553658523915,0.7247092321099229,0.059625231304837975
id26869,0.1410785142437604,0.7883876412865849,0.07053384446965466
id18062,0.032136086807384105,0.950461508451895,0.017402404740720953
id27078,0.914401461228248,0.04149785990414186,0.04410067886761024
id02756,0.04358877048196648,0.021475779904900773,0.9349354496131327
id03454,0.2189115729661461,0.04974601962594081,0.7313424074079131
id02195,0.3912996502388788,0.06416245864465432,0.5445378911164669
id27418,0.10329611656615298,0.8516665772055204,0.04503730622832668
id02733,0.8690642608080338,0.07035764997569101,0.06057808921627534
id15677,0.9005087192495498,0.04111623513445047,0.05837504561599968
id08204,0.9024988542680431,0.045819779505492264,0.05168136622646456
id11529,0.915627174996985,0.04049581171536507,0.04387701328764997
id14000,0.04433949516150729,0.021087930406192654,0.9345725744323
id11866,0.6058526512882514,0.0778109103426875,0.31633643836906117
id14084,0.4023650809102218,0.478071697877928,0.1195632212118502
id17826,0.5859662025751969,0.0841220738787239,0.3299117235460791
id07289,0.08535548542006538,0.040343455138671644,0.8743010594412629
id05102,0.6040886907711307,0.0928657196777609,0.3030455895511085
id14779,0.6874229575536343,0.07615560281752241,0.23642143962884327
id19144,0.044358365784123395,0.932565794483698,0.023075839732178638
id12372,0.04222398796584014,0.9318271959212144,0.02594881611294533
id05673,0.03105380491438239,0.9524239976398486,0.016522197445768945
id07343,0.11664654607797399,0.04357665309324325,0.8397768008287828
id10390,0.11074447439972945,0.6299925615261958,0.25926296407407484
id27323,0.10773608167973692,0.03742293826531,0.8548409800549531
id26483,0.2932666073360346,0.057254337455720984,0.6494790552082444
id07690,0.7754162292990807,0.10227664609679868,0.1223071246041207
id22766,0.1774351753287214,0.05491279072614213,0.7676520339451365
id10289,0.8777067621067776,0.057390209098880055,0.0649030287943424
id22243,0.04498597656165771,0.9319909169351542,0.023023106503188114
id24509,0.5580407679717467,0.36123363946840337,0.08072559255984993
id02407,0.035557351150555486,0.9456013313957033,0.01884131745374107
id08746,0.5840127583262975,0.09340505099675651,0.322582190676946
id12854,0.9078511229688633,0.04107717010751338,0.05107170692362319
id25598,0.09277033286353416,0.8050688232593806,0.10216084387708539
id16973,0.4801163743067215,0.1127548028592431,0.4071288228340354
id20066,0.39569508570991957,0.17146048639898998,0.4328444278910905
id25966,0.029742990222405376,0.9544445110223465,0.015812498755248105
id21599,0.054080584299093466,0.024894052508805935,0.9210253631921006
id17112,0.9139004710877505,0.03792709415351,0.04817243475873942
id01775,0.02988101476014607,0.9539040753796588,0.016214909860195106
id08484,0.06692333167553342,0.02772464226780771,0.9053520260566589
id12094,0.03165457898302254,0.9515500427796508,0.01679537823732664
id25422,0.22305503017648767,0.10174231855243045,0.6752026512710819
id25063,0.14919105877756997,0.5698528189843124,0.2809561222381178
id25508,0.04033997461867674,0.019676917841285713,0.9399831075400376
id01575,0.3294562856915944,0.05377242025582911,0.6167712940525766
id24368,0.4902652938416268,0.18449139518027508,0.3252433109780982
id16823,0.030929019686871735,0.9519533787866999,0.017117601526428307
id22747,0.12841029726974937,0.8247906678013117,0.04679903492893898
id19321,0.19623594139387215,0.053822256696686256,0.7499418019094416
id08220,0.030216597104686754,0.9535183300976359,0.01626507279767743
id12296,0.3870747908882404,0.0673289621296403,0.5455962469821194
id11186,0.918198723898338,0.037099087796403654,0.04470218830525838
id10551,0.04894608349265283,0.9190479180145893,0.03200599849275783
id20839,0.6738185655612137,0.07778947624724193,0.2483919581915445
id06118,0.7237193874694478,0.1746285579861234,0.10165205454442897
id06330,0.03086021640953618,0.9518949854403339,0.01724479815012989
id02669,0.7575484425603118,0.09148145734587067,0.1509701000938176
id14811,0.907575169077411,0.04627501157307599,0.046149819349512955
id04728,0.7598162828472197,0.09605004204664792,0.14413367510613245
id16646,0.07480173966579455,0.028315845988468032,0.8968824143457375
id13018,0.09150044121131352,0.7218977135702205,0.18660184521846598
id15248,0.2606492076791975,0.6719498531683417,0.0674009391524609
id23476,0.13341360183958031,0.6608689169652896,0.20571748119513014
id09208,0.0710443859856838,0.897642181545813,0.031313432468503086
id19351,0.8938165927158492,0.04510095790600235,0.0610824493781485
id02009,0.9039051053843983,0.046506513776417076,0.049588380839184557
id00785,0.8840319751635363,0.06222170137257015,0.05374632346389347
id07975,0.36020295508339806,0.2317774873201831,0.4080195575964189
id17892,0.11224453102187694,0.2136443820278782,0.6741110869502449
id03299,0.09590887817008988,0.08545645334830254,0.8186346684816076
id15351,0.1225567058719339,0.7450911181548702,0.13235217597319593
id11066,0.3253028590745163,0.5810004272503502,0.09369671367513359
id20485,0.03443790178695793,0.9446072318730909,0.020954866339951132
id13866,0.8990509781774538,0.0516639416704621,0.04928508015208408
id17335,0.12484233282458387,0.8173631667411788,0.05779450043423729
id15220,0.04416248693235438,0.9325404077800786,0.023297105287567087
id24047,0.8301277356516883,0.0891291891839922,0.0807430751643195
id15180,0.059840037848360866,0.8884317618103836,0.051728200341255456
id16921,0.15666020020845675,0.047196107376306404,0.7961436924152369
id17207,0.051626886751272534,0.021857846687515527,0.926515266561212
id15068,0.2735161412678866,0.11127205179938841,0.615211806932725
id22013,0.7824544350097419,0.09092693851592665,0.1266186264743316
id11929,0.6128626457984576,0.06682895817824519,0.32030839602329714
id12540,0.3552391947300265,0.5714977843382656,0.07326302093170799
id12582,0.8699499389413946,0.053222291873389845,0.07682776918521562
id05261,0.6568009673141211,0.21068325337591037,0.1325157793099686
id08471,0.8889349639880759,0.05290643648407025,0.05815859952785392
id15209,0.13997351965986699,0.05485387730846442,0.8051726030316686
id01148,0.8576978590622506,0.06447287304998225,0.0778292678877671
id26519,0.3716957341749238,0.06786843495038669,0.5604358308746895
id16510,0.9003048514957512,0.04912250371875266,0.05057264478549611
id03888,0.04746257794844226,0.9244747503456829,0.02806267170587486
id27926,0.8178270065571215,0.05606036004551611,0.1261126333973625
id05359,0.4788873818095302,0.0900294834734565,0.43108313471701326
id04274,0.8399401013095242,0.0698498327780483,0.09021006591242751
id21013,0.12404863746057483,0.04106343484986891,0.8348879276895563
id11443,0.5901399530645496,0.278724872528263,0.1311351744071873
id09956,0.8832375808009635,0.054723139920569146,0.06203927927846721
id03138,0.7580184471872379,0.16192863939986457,0.08005291341289758
id08516,0.9152759192546387,0.03867634714261035,0.04604773360275089
id08608,0.04764582599672837,0.020696044639464277,0.9316581293638073
id04629,0.04130672317771435,0.019724679681537106,0.9389685971407485
id19808,0.6635276457490727,0.2347797163253306,0.10169263792559673
id16578,0.047042571777354714,0.022165906004836325,0.9307915222178089
id04607,0.02988348249838766,0.9539743922850462,0.01614212521656613
id22816,0.1350657134330152,0.8036020880537542,0.06133219851323068
id27913,0.8594877813016584,0.04902050579193471,0.09149171290640692
id00346,0.04673431816984653,0.02275295332406923,0.9305127285060842
id02198,0.05635854683169439,0.9144500220195697,0.029191431148735902
id27303,0.9198472160135127,0.036750812148691935,0.04340197183779542
id07033,0.08492642648604791,0.03120802927161929,0.8838655442423328
id03546,0.255479253327865,0.17000930707723388,0.5745114395949011
id14709,0.9190965726819073,0.03654872917621588,0.044354698141876904
id25348,0.8323021179393709,0.07140821790463266,0.09628966415599625
id19596,0.06099899292326783,0.025292124415886956,0.9137088826608453
id12265,0.29677486429869004,0.061511500956882646,0.6417136347444273
id01054,0.8776207397867517,0.04978662871755185,0.07259263149569657
id03002,0.06424675017892001,0.026541778097196492,0.9092114717238835
id25624,0.8677597918255328,0.07591939062312483,0.05632081755134243
id16202,0.8594608146223787,0.05485057790839931,0.08568860746922206
id08187,0.4417194730740511,0.3576964953504394,0.20058403157550952
id24373,0.06237378905039833,0.037746559344542456,0.8998796516050591
id06415,0.1611844542668143,0.4519957798997759,0.3868197658334098
id09078,0.03375839228706941,0.9472166857904072,0.019024921922523457
id25989,0.4793303373147916,0.06520297169758646,0.4554666909876219
id05431,0.3566592102666938,0.2283970795885657,0.41494371014474046
id16557,0.0661643541593643,0.9038097749451197,0.03002587089551606
id22749,0.9007301847095568,0.048248158863288045,0.0510216564271552
id00697,0.047077033336534686,0.02089123619720586,0.9320317304662595
id22969,0.6984409318962157,0.18393642394259282,0.11762264416119148
id07440,0.056985361150557974,0.023065819592070626,0.9199488192573714
id19872,0.14416907484260857,0.18036992501689522,0.6754610001404963
id06054,0.8730913042784539,0.07176159893983605,0.05514709678171011
id27862,0.7443818472454935,0.06314893094147876,0.19246922181302778
id27186,0.5931009338313786,0.10263415457144998,0.3042649115971714
id01617,0.07679621781997345,0.06773501344830324,0.8554687687317234
id11922,0.190066041935778,0.7483228956535868,0.061611062410635194
id15003,0.07794570424889345,0.8608150367069389,0.061239259044167674
id09458,0.04208533309628822,0.021088835959085908,0.9368258309446259
id03568,0.9140404542545323,0.04033409001771182,0.045625455727755865
id27132,0.24003264871722615,0.20131381209961416,0.5586535391831597
id24204,0.05355142408460486,0.9220322593381174,0.02441631657727781
id24736,0.6822009814718083,0.17886708164158047,0.13893193688661123
id06990,0.030126772693296115,0.9535859142988856,0.01628731300781835
id24155,0.18714900673391194,0.493599431590751,0.3192515616753372
id22129,0.04255721088269637,0.01962567111169416,0.9378171180056095
id00191,0.04815628504195237,0.02126185821711814,0.9305818567409295
id05185,0.8561611534041352,0.07098689994189987,0.07285194665396491
id13399,0.5277334865909207,0.35316647597441575,0.11910003743466353
id20862,0.8636899470497502,0.04835504867446363,0.08795500427578615
id06180,0.8554322356132221,0.05786156203027354,0.08670620235650436
id27225,0.9180928656428284,0.03839960344436632,0.04350753091280516
id09447,0.03159989028660802,0.9455182669062983,0.022881842807093728
id18125,0.9226504241795248,0.03625776957576756,0.04109180624470761
id04010,0.0492385007732175,0.02191783404863576,0.9288436651781466
id17932,0.8732480658731407,0.06151704667525226,0.06523488745160701
id17948,0.7496966284311791,0.05995239160521769,0.19035097996360326
id18545,0.062074188019072885,0.048190066017390766,0.8897357459635363
id03389,0.7260683590837496,0.1923266955384611,0.08160494537778945
id02487,0.48225938180796674,0.1076258593707302,0.41011475882130316
id04924,0.8840835665620207,0.06349845641366117,0.05241797702431815
id23553,0.15028996148371282,0.1509698670049564,0.6987401715113308
id16831,0.6441217893087741,0.061773878860507066,0.2941043318307188
id01296,0.9195912423894924,0.03782563824404776,0.04258311936645993
id12033,0.031089295066788016,0.9484832186686406,0.020427486264571373
id06913,0.03628472084873709,0.9426719255007178,0.02104335365054516
id15715,0.3458978859441453,0.09031934297883834,0.5637827710770164
id23432,0.17320305555811122,0.7245354086393274,0.10226153580256131
id01152,0.6408466634374735,0.09639099935100148,0.262762337211525
id16384,0.47296893026504766,0.203546028930383,0.32348504080456925
id04060,0.09226840305640448,0.03404638183307035,0.8736852151105251
id21604,0.9214807440548703,0.03727728733278862,0.04124196861234114
id11212,0.04352180350290693,0.020122256206982506,0.9363559402901106
id26589,0.11527120701996138,0.048400216596768256,0.8363285763832704
id15858,0.8987347288566058,0.048392382992585296,0.052872888150808976
id02814,0.07199514788974264,0.8728038539888554,0.05520099812140208
id18347,0.8495716453027679,0.08128143931197462,0.06914691538525748
id02517,0.8502591358987885,0.07970034906824194,0.07004051503296953
id20800,0.8898312913400717,0.04650667476491003,0.06366203389501836
id16428,0.764801104860179,0.1024795869442476,0.1327193081955734
id23844,0.9207212556995809,0.037267934479834425,0.04201080982058471
id11149,0.03810310658516157,0.9408701968387075,0.021026696576130773
id12505,0.05161129748231719,0.920805863056561,0.027582839461121868
id10850,0.49194548212728456,0.3684695377862584,0.13958498008645703
id05706,0.9050742452137139,0.03995207140330616,0.05497368338297988
id23216,0.07984062539602767,0.8426274311375416,0.0775319434664308
id16618,0.041939216977911475,0.02043321682368887,0.9376275661983996
id04283,0.0720059240918823,0.09507751831202499,0.8329165575960927
id20374,0.15348681961799637,0.17437432915375753,0.6721388512282461
id07227,0.03224686017030731,0.9488278126249633,0.018925327204729402
id06396,0.9185649954788732,0.037657596314856656,0.04377740820627017
id08884,0.9132404358611522,0.04045853934329776,0.04630102479554988
id10983,0.911156878833756,0.040294754106147905,0.048548367060096104
id07296,0.032596227279429055,0.9501313920053494,0.017272380715221677
id17683,0.19616315080273722,0.0910166752792051,0.7128201739180576
id26473,0.04498840392206192,0.020496503440499064,0.934515092637439
id06454,0.04076719639274454,0.01929803084755884,0.9399347727596967
id19166,0.9001768293136563,0.040758673152541836,0.05906449753380179
id08406,0.6612907940840572,0.1827904794931149,0.155918726422828
id25126,0.046582710407591536,0.02171773771419862,0.9316995518782099
id27593,0.9155725178597163,0.03919729747897253,0.045230184661311214
id24613,0.21522094845708803,0.07554464971119933,0.7092344018317126
id26586,0.26310867866136584,0.057737672203671785,0.6791536491349625
id25719,0.048729510110984975,0.021956903095291993,0.9293135867937231
id05015,0.7944276394560006,0.054467458788448345,0.15110490175555114
id01594,0.7615009902888518,0.14360805443707914,0.09489095527406904
id01522,0.09900913083213998,0.0416374612955446,0.8593534078723155
id06935,0.9181224103598009,0.039092428949415316,0.04278516069078375
id01975,0.04556792310372414,0.021761596185217728,0.9326704807110582
id20847,0.03854359306981875,0.018912849537734856,0.9425435573924464
id24960,0.05771411214914946,0.02457694773940466,0.9177089401114459
id27808,0.03069075458901522,0.9529759016159461,0.016333343795038514
id25463,0.8856977342413003,0.047785532768618806,0.06651673299008098
id11367,0.4963483417657462,0.17265870535895547,0.33099295287529823
id02273,0.09672308325652207,0.06155448364396237,0.8417224330995157
id02167,0.8935109324327215,0.04202590243863122,0.06446316512864714
id08352,0.030219439572331475,0.9535511682987197,0.01622939212894891
id26928,0.37140835254461857,0.18348745489163606,0.44510419256374534
id04224,0.91136719450702,0.042984292542704014,0.045648512950276075
id00462,0.48778601567058,0.40402083600684885,0.108193148322571
id16591,0.25074040408111414,0.44897734242147924,0.3002822534974067
id06982,0.09483935942602592,0.4930925274649465,0.4120681131090276
id24880,0.0329450601364819,0.9493111608915661,0.01774377897195192
id27479,0.044897625694342407,0.02079217130141204,0.9343102030042456
id16556,0.9066262348024983,0.04636901885421881,0.04700474634328291
id15231,0.04557174430759389,0.022080611704584932,0.9323476439878212
id14694,0.49986081684060074,0.06479906920166119,0.43534011395773814
id01114,0.8261759429396726,0.07422902838048993,0.09959502867983751
id18694,0.38583575204846704,0.47016963240357984,0.14399461554795315
id25551,0.27324376618835094,0.05039512979177448,0.6763611040198746
id23478,0.15757387747099383,0.05286151604953376,0.7895646064794725
id22780,0.39300912684701333,0.0626840137023311,0.5443068594506555
id06602,0.033264669656577345,0.9465327249391239,0.02020260540429869
id05176,0.030421128120547664,0.9536297456683255,0.015949126211126863
id15450,0.05122939664485152,0.02633766399008289,0.9224329393650657
id16956,0.10416236886663476,0.14305462282786366,0.7527830083055016
id23532,0.11243820687175456,0.20090203856088332,0.6866597545673622
id22688,0.040239009947287775,0.01952617013812903,0.9402348199145832
id12898,0.24044799824291235,0.69252466705259,0.06702733470449779
id21525,0.5339824749631286,0.37158781300319665,0.09442971203367481
id13576,0.1092889137829945,0.03639926961054771,0.8543118166064577
id07080,0.03214642912777578,0.9505680041034107,0.017285566768813564
id25397,0.7584093871865629,0.13438708099698274,0.1072035318164544
id08383,0.6692563867308917,0.160116422198641,0.17062719107046737
id08285,0.8158764399048513,0.057939187683632445,0.12618437241151645
id10323,0.2687005121117675,0.05473328963874009,0.6765661982494925
id10441,0.030219772409776025,0.9538064130033405,0.015973814586883493
id26298,0.08141063493045546,0.03148138988358712,0.8871079751859574
id13531,0.7425652372143706,0.158613357210986,0.0988214055746434
id03191,0.4600753936995561,0.45284359812665803,0.08708100817378585
id19771,0.11823062424637551,0.8204736510988598,0.061295724654764655
id03275,0.9071380362077316,0.041923038092237234,0.05093892570003128
id11616,0.09106528805700656,0.08915300496493461,0.8197817069780589
id03117,0.030389064923746104,0.9530113736495548,0.01659956142669905
id08054,0.04841956737057189,0.021474050568050643,0.9301063820613775
id15303,0.04881367949670717,0.9151846478103088,0.036001672692984
id02470,0.1581647632079852,0.13022933261899672,0.7116059041730182
id01452,0.45364491118163897,0.178599701509412,0.367755387308949
id11934,0.031588003315119316,0.951168878348219,0.017243118336661804
id00258,0.0791713963451861,0.07250170563568628,0.8483268980191276
id27905,0.16335616579369697,0.0770271567361377,0.7596166774701654
id23897,0.037144595813301595,0.9402692814248876,0.022586122761810816
id02334,0.030227951202762574,0.9538730403399374,0.015899008457300037
id07638,0.914299896918061,0.03913464971131467,0.04656545337062438
id13181,0.5299705984077745,0.17512995212325924,0.29489944946896635
id01284,0.9214830999549806,0.03729150846442805,0.04122539158059137
id27402,0.8965141017803947,0.042296505533268657,0.06118939268633652
id14742,0.04031306048065406,0.019358287841366003,0.9403286516779799
id12370,0.28012225450176037,0.05642138519178767,0.6634563603064519
id19048,0.7762898162224151,0.09320254133292465,0.13050764244466032
id08388,0.10807611404560756,0.16514915610393652,0.726774729850456
id19205,0.6802455242411343,0.24007602426042296,0.0796784514984428
id04851,0.043552503486951555,0.020694206376576527,0.9357532901364719
id16478,0.04721591583679948,0.9289383638059318,0.02384572035726874
id06806,0.02965868919165192,0.9545841939315992,0.015757116876748856
id13659,0.1365889816241564,0.07580138654287995,0.7876096318329637
id09861,0.7821548399684437,0.13186006773208958,0.0859850922994666
id05986,0.03122126281240858,0.9524572373932058,0.01632149979438565
id15844,0.051479120851968145,0.9213284671342179,0.02719241201381397
id05900,0.8838361084153019,0.05669400670295282,0.05946988488174515
id20409,0.9131881821264234,0.040100568804226244,0.04671124906935043
id08751,0.03495827882636132,0.9456024223639447,0.01943929880969411
id22617,0.3905625176942975,0.07321116176477183,0.5362263205409307
id13064,0.06182179323048951,0.023813562995508963,0.9143646437740016
id14506,0.05516796891558532,0.026305892037965246,0.9185261390464494
id05783,0.07760535669582493,0.03616035671406347,0.8862342865901116
id23139,0.05048322942614801,0.021719736477938678,0.9277970340959133
id04770,0.9205893880365636,0.03696091268696289,0.04244969927647349
id11775,0.9155234087198879,0.03861718344342301,0.045859407836689035
id12936,0.05594217785133403,0.03266531629878608,0.91139250584988
id20522,0.057417020559714135,0.916263389280683,0.026319590159602935
id22929,0.3674866388082935,0.07077321110484161,0.561740150086865
id11357,0.6245898972971108,0.08406359806845694,0.29134650463443224
id10028,0.03626799088906701,0.9428594308866727,0.020872578224260384
id10617,0.7667185992118686,0.06049049784402066,0.1727909029441109
id23988,0.9242734246479736,0.03526079262463946,0.04046578272738701
id20434,0.38182621899056335,0.18435055304942133,0.4338232279600153
id06611,0.04501639038428979,0.02356420132974316,0.9314194082859671
id18405,0.826827614139384,0.10713916192285207,0.06603322393776405
id27427,0.7286556408589143,0.10727654176517003,0.16406781737591575
id16168,0.033101707218963106,0.948937878335406,0.01796041444563093
id02139,0.03166028363919184,0.9517627845070945,0.01657693185371376
id18654,0.03086321546286642,0.9527303623250343,0.016406422212099245
id24598,0.6535747789303188,0.25090727781364724,0.09551794325603409
id23360,0.03089271026006287,0.9512528496472092,0.0178544400927279
id06220,0.03923659533085172,0.9334151195709048,0.02734828509824331
id26411,0.8775260003054813,0.0682827888039856,0.05419121089053301
id27660,0.8179913351996904,0.06122215706593833,0.12078650773437133
id07192,0.11839193198226841,0.1339514364062002,0.7476566316115314
id18074,0.04608619839331147,0.02289451430109812,0.9310192873055905
id11784,0.06171213836152319,0.9083118350579926,0.029976026580484188
id04810,0.39941781465333753,0.1556373940050457,0.44494479134161674
id01716,0.8734504090171874,0.06289948661668437,0.06365010436612811
id27584,0.8360092011368633,0.09847133171542313,0.06551946714771369
id25409,0.07000660309998609,0.05658341105631141,0.8734099858437026
id06430,0.905666194458828,0.047954120404122086,0.04637968513704993
id11135,0.9058664888510799,0.045761204838292824,0.0483723063106273
id27712,0.4541638561887659,0.0734977256010613,0.4723384182101728
id27233,0.48020987061142256,0.37301871967731576,0.14677140971126176
id13522,0.8704686491080892,0.05661164605908517,0.07291970483282566
id11625,0.03840203339202288,0.01866245748363805,0.9429355091243391
id03246,0.2764176879241855,0.6517515856215281,0.07183072645428651
id05341,0.7075365297657998,0.2065095943934718,0.08595387584072835
id22061,0.040965799732980666,0.019463612909605393,0.9395705873574139
id03170,0.867464602780417,0.06676384858572353,0.06577154863385949
id09768,0.08185026010998625,0.044980489922732736,0.8731692499672811
id20721,0.26208559261178926,0.18537595396212883,0.5525384534260819
id14854,0.7666223568742647,0.11840670091317268,0.11497094221256271
id01123,0.8869052285555707,0.04394215496411676,0.06915261648031253
id00842,0.9130521948568591,0.03984498788206787,0.04710281726107316
id11035,0.3195013673253406,0.05446330884427228,0.6260353238303871
id19301,0.05096015668947611,0.9046137806196279,0.044426062690895815
id06409,0.20926137447457985,0.06539384704076351,0.7253447784846566
id09883,0.9044517201134279,0.04684925337700596,0.04869902650956619
id04218,0.2920804470460193,0.09259153054662193,0.6153280224073587
id25171,0.051214750584324974,0.025004572226746843,0.9237806771889282
id13394,0.32071394208720183,0.22647937208234825,0.45280668583045
id14322,0.9195741435464323,0.03826120388956209,0.04216465256400559
id17623,0.06202139437700751,0.028185640435501494,0.909792965187491
id16980,0.4181035845781642,0.49656635643197183,0.08533005898986405
id22634,0.7649726580835038,0.13912163952265005,0.09590570239384621
id03773,0.9103846951964557,0.04057517158545049,0.04904013321809383
id20243,0.03179480849488956,0.9498200699254082,0.01838512157970223
id12135,0.03408035491432332,0.9476623889110042,0.018257256174672627
id11727,0.8985164319457568,0.04907248896733843,0.05241107908690486
id06460,0.04938964199817243,0.9264871813897962,0.024123176612031352
id23515,0.6377917560612509,0.23993460360582472,0.12227364033292437
id16908,0.1178119510094306,0.2669498082329189,0.6152382407576504
id10641,0.3204182464331038,0.5318403186917782,0.1477414348751182
id22637,0.17575836082445886,0.06853192746823963,0.7557097117073015
id19724,0.5711791067487341,0.3456660656731045,0.08315482757816146
id12295,0.06911720748911625,0.9005082072186298,0.030374585292254088
id18977,0.058139450257172993,0.023988364052430093,0.917872185690397
id27456,0.8599765653648921,0.0661559671372582,0.07386746749784982
id02223,0.9172044886846975,0.0393061141778993,0.04348939713740315
id06374,0.09675009821260977,0.07724265367260755,0.8260072481147827
id13746,0.2529843287261081,0.04740955969115019,0.6996061115827418
id24107,0.22348472123240232,0.21604446936981836,0.5604708093977793
id09075,0.0506795204698676,0.024334756586845904,0.9249857229432865
id06741,0.05262755742609315,0.023116629687741894,0.924255812886165
id25474,0.4795474426517909,0.15207864788545558,0.3683739094627536
id02497,0.920441953227911,0.03697959724367345,0.04257844952841549
id21878,0.9223459998985919,0.036185260622487135,0.041468739478920866
id23199,0.09396175707261799,0.0799548635388813,0.8260833793885007
id12018,0.9203172027534022,0.03633179510848245,0.04335100213811531
id20722,0.04545190118145662,0.021666652095593854,0.9328814467229495
id05372,0.03426429513172071,0.9478501431198479,0.0178855617484314
id07964,0.7267770186631558,0.0919474888970719,0.18127549243977228
id02393,0.05510775632303424,0.025644668948306266,0.9192475747286595
id10923,0.16111707428930974,0.041975204271852286,0.796907721438838
id01260,0.8514146788886808,0.05953905030402391,0.08904627080729514
id09037,0.04427896268568892,0.020439720129381136,0.9352813171849299
id01477,0.05564829430010649,0.026039087338088202,0.9183126183618053
id11164,0.9010051459477197,0.04989361367628812,0.04910124037599218
id20313,0.11369944119511616,0.7803151836860811,0.1059853751188027
id20067,0.03936711517724857,0.019125792672612107,0.9415070921501393
id17248,0.8997747026746912,0.04505305337650812,0.05517224394880082
id24557,0.04432354042272781,0.020266844661796724,0.9354096149154754
id26745,0.8272499438186083,0.05860082952679252,0.11414922665459902
id16759,0.2093343136552667,0.5872856155027247,0.20338007084200865
id22382,0.9081703112727373,0.03965035491819097,0.05217933380907186
id18404,0.040363828073411274,0.019383018137733334,0.9402531537888554
id23761,0.039522033310277774,0.019138474079955593,0.9413394926097667
id00511,0.04308304843628666,0.9318641397493699,0.025052811814343507
id15560,0.8837401092068384,0.05753431758633982,0.05872557320682187
id04834,0.8982167708908524,0.042037048155203385,0.059746180953944336
id26796,0.28950344567950065,0.1849064336485811,0.5255901206719183
id14809,0.04573857047655516,0.021025426112686516,0.9332360034107583
id15091,0.3770535886374584,0.06834671172302949,0.5545996996395121
id14861,0.26707507312248724,0.6425912081024975,0.09033371877501523
id21193,0.07749191529147542,0.8761200637224189,0.046388020986105664
id20331,0.03162019788873649,0.9512840624354988,0.017095739675764717
id17847,0.029976647548107152,0.954139199869272,0.015884152582620912
id00795,0.9132339615079139,0.03797347960324062,0.04879255888884554
id22651,0.9133412336767028,0.039800317009002016,0.04685844931429526
id22803,0.865363869942017,0.07587460255376237,0.05876152750422073
id01714,0.9224972857195196,0.03618799701934421,0.04131471726113623
id05350,0.05370578976728101,0.02251666841646211,0.9237775418162569
id08674,0.862882550267354,0.07436064720606572,0.06275680252658015
id04427,0.10142024821102551,0.8591888214738448,0.03939093031512971
id17815,0.03160115040674779,0.9514456500533033,0.01695319953994894
id22270,0.893807524596004,0.053905460785504886,0.05228701461849096
id11183,0.041727451167196325,0.0197117100218326,0.9385608388109711
id00326,0.7668594702197361,0.09520295558214778,0.1379375741981162
id00382,0.9192607868517836,0.03873538324223352,0.042003829905982934
id11557,0.10895195363114629,0.03748637938509947,0.8535616669837542
id20271,0.845275537015668,0.07769155772272135,0.07703290526161054
id05133,0.9113002324216225,0.04015523752560593,0.04854453005277165
id14597,0.6589588502129067,0.24725918392892712,0.09378196585816623
id21411,0.143028016077029,0.7403667151007711,0.11660526882219992
id15375,0.8984541449833846,0.04128887761507305,0.06025697740154243
id10172,0.04471761951597609,0.022352202402683118,0.9329301780813408
id13524,0.8382176009269191,0.060409559978118796,0.10137283909496211
id26331,0.48318337045203613,0.293060416746229,0.2237562128017348
id20167,0.29597023081370827,0.052634582475999524,0.6513951867102923
id03249,0.3509837044507086,0.5069425882897965,0.14207370725949486
id15839,0.8759116069877024,0.04617416573291139,0.07791422727938627
id27200,0.03246480955145025,0.9468906992275655,0.020644491220984183
id15847,0.04206861848416036,0.019547983607694653,0.938383397908145
id07249,0.07340699290279462,0.8836726879025004,0.04292031919470485
id19494,0.7458990132649969,0.0675951148975329,0.1865058718374703
id01388,0.15639276535685992,0.7339099276195936,0.10969730702354656
id22045,0.04613857197989092,0.020907539683548446,0.9329538883365607
id09111,0.819670140061029,0.07749963994522112,0.10283021999374996
id04011,0.07680695331138314,0.8323326324106346,0.09086041427798232
id26410,0.029903107694475364,0.9537374285433239,0.016359463762200786
id19614,0.3568774775865931,0.10357049024366417,0.5395520321697428
id10183,0.029814590412124344,0.9541905764826216,0.01599483310525398
id20388,0.04070922120188334,0.01962253354377615,0.9396682452543406
id16498,0.9125461346466058,0.04202682468540619,0.045427040667987945
id18488,0.0745701881518316,0.027173247671814404,0.898256564176354
id11018,0.03566439387007678,0.9457202896226534,0.01861531650726983
id16185,0.6246657592227638,0.2953317586875496,0.08000248208968666
id23501,0.8577142440550973,0.05873914861315866,0.0835466073317439
id02837,0.3907984785761851,0.05975656530181581,0.5494449561219991
id05544,0.7927051393748695,0.0830497931772457,0.12424506744788473
id22784,0.09616732349544987,0.040147166793836425,0.8636855097107138
id15404,0.04026299451497069,0.01934301880973576,0.9403939866752935
id13010,0.4849643243008369,0.09113470960890802,0.423900966090255
id22169,0.0330216986208636,0.9489324750549378,0.01804582632419868
id16438,0.0429793723406285,0.021116079095036308,0.9359045485643352
id20464,0.7308379149646325,0.06756595510495737,0.20159612993041026
id26306,0.8506658942422659,0.06480894798400796,0.08452515777372614
id15995,0.8037609991203128,0.09021081751567318,0.10602818336401407
id26068,0.38148012773392426,0.19450876196233283,0.42401111030374294
id19348,0.031694203671083186,0.9493427729783255,0.01896302335059134
id04196,0.36590114411181174,0.5354512000089999,0.09864765587918838
id13002,0.11889027417080808,0.786848722369163,0.09426100346002887
id25650,0.12997818580321488,0.7705963249740905,0.09942548922269466
id17598,0.6455979927219453,0.24136456210741128,0.1130374451706434
id10079,0.6416815400108792,0.20693369787920776,0.15138476210991308
id10094,0.06555307408638335,0.8775424136110804,0.056904512302536334
id05918,0.8679138421052907,0.06424194013444871,0.06784421776026067
id18747,0.9205688801810921,0.03696193306953076,0.04246918674937724
id15571,0.7876526741361211,0.14050092855990215,0.07184639730397682
id16113,0.7529114428478779,0.06140203697058212,0.1856865201815399
id02316,0.4137142097795847,0.20920022058638374,0.3770855696340317
id09545,0.8425777598134284,0.07632287895648475,0.08109936123008685
id13878,0.8164385233845443,0.062315163470351126,0.12124631314510448
id07476,0.7516142613838369,0.15231882268650968,0.09606691592965351
id20103,0.13069610027314896,0.038763593459247736,0.8305403062676033
id27367,0.11411398131493886,0.044347460473346784,0.8415385582117144
id25668,0.21293048298913367,0.04945750065129905,0.7376120163595673
id09680,0.9220010044378862,0.03644177409373694,0.041557221468376836
id00500,0.7919088989981287,0.10208611290745269,0.10600498809441875
id06110,0.8124758687482534,0.06737641028373749,0.12014772096800914
id15804,0.032781229801781955,0.950028068942418,0.01719070125580002
id03223,0.029898535976811528,0.9538774871196165,0.016223976903572045
id02039,0.031003068192961076,0.9491407506243406,0.019856181182698347
id09795,0.07467420350671222,0.03537694939476039,0.8899488470985274
id10808,0.7662133283342645,0.08144171725548464,0.1523449544102509
id10134,0.10480671300931768,0.08715746130274872,0.8080358256879335
id14361,0.29034743319174877,0.38913138476582027,0.3205211820424309
id15881,0.05964012608992644,0.027906425719273046,0.9124534481908005
id27120,0.6237764547114931,0.17128420797064148,0.20493933731786537
id09860,0.1340764555553955,0.7345231640194377,0.1314003804251668
id11959,0.06809785744231595,0.6085606658603141,0.32334147669737007
id25770,0.029826138525286656,0.9545541101862242,0.015619751288489105
id24364,0.255331692008971,0.6784100969256961,0.06625821106533294
id22944,0.9188051656529457,0.03672117522703474,0.04447365912001951
id04345,0.9037039414862903,0.04800456785960709,0.04829149065410273
id05127,0.517718952950153,0.06421399848659438,0.41806704856325255
id01779,0.05715744238144707,0.0238978580729881,0.9189446995455648
id05559,0.8652722029315493,0.04815813694285681,0.08656966012559383
id14474,0.9195316735591348,0.03722602933817334,0.043242297102691896
id13283,0.8805656022159841,0.050067161674766554,0.06936723610924939
id03301,0.6097837315078859,0.1884523292791344,0.20176393921297972
id16939,0.03292657661924105,0.9497479550754121,0.0173254683053469
id01166,0.08161223141330409,0.04214501412025605,0.8762427544664398
id16766,0.8600100709599989,0.04638590875109222,0.09360402028890889
id04338,0.7461720879151584,0.14674966049465774,0.10707825159018382
id12731,0.9227585604213411,0.0360443807368593,0.04119705884179966
id08988,0.05949459492675091,0.9118665725181078,0.02863883255514129
id08236,0.030354545095334324,0.9531929295590387,0.016452525345627075
id03309,0.8437473292424876,0.05558050277922187,0.1006721679782905
id16458,0.7966835717046638,0.08108570151213995,0.12223072678319631
id02442,0.884657504493549,0.05644562599032946,0.058896869516121636
id25767,0.04503899486779827,0.0206247991740873,0.9343362059581144
id17357,0.525085056024622,0.38586472655624815,0.08905021741913002
id08627,0.32950509126490785,0.07354315625546985,0.5969517524796223
id19488,0.29293551546945584,0.07913233771431201,0.6279321468162321
id18345,0.25485119723988103,0.06728575115154256,0.6778630516085764
id10661,0.7329885981532325,0.14835507973684536,0.11865632210992218
id01713,0.03655344329267894,0.94405879759032,0.019387759117001125
id26237,0.7787050619824958,0.1448496347444139,0.07644530327309028
id08062,0.7260146779956618,0.1524482502110463,0.1215370717932919
id01497,0.03481704440957351,0.9425851712740984,0.022597784316328078
id07590,0.8908447786604154,0.054352570742721686,0.05480265059686285
id06299,0.631286790021975,0.0888893449893133,0.2798238649887117
id02770,0.5278204794913647,0.07284236049512427,0.39933716001351105
id19197,0.06170769833073961,0.032393778404704636,0.9058985232645558
id16572,0.9086881739331418,0.04350141580739619,0.047810410259461936
id04518,0.031123063458566944,0.9520411980208501,0.01683573852058293
id09316,0.6410973696750257,0.268584362196014,0.0903182681289603
id17533,0.048463434559692264,0.02403684732634387,0.9274997181139639
id13494,0.75609393866295,0.07530218445129658,0.16860387688575346
id10024,0.9133721494941559,0.042341486982431,0.044286363523413044
id19896,0.7112666428470787,0.15457602503577336,0.13415733211714792
id10956,0.908694631928185,0.04534379424733179,0.04596157382448319
id08458,0.07777872045245941,0.8828564970884485,0.039364782459092196
id09066,0.47387887017579294,0.07309874438568402,0.4530223854385231
id26608,0.08013645974481162,0.7399292901081442,0.17993425014704417
id20977,0.06167400211477225,0.03410158150844769,0.9042244163767801
id21587,0.0359045496187027,0.9377026758058967,0.02639277457540052
id19928,0.12283606559817106,0.03523587572358312,0.8419280586782459
id19077,0.03980303134910404,0.93917685796522,0.021020110685676018
id06865,0.25873622366266236,0.04781587347359637,0.6934479028637414
id15224,0.04246620385171198,0.020166680059580656,0.9373671160887074
id09036,0.14709912410821438,0.347531065512865,0.5053698103789206
id04885,0.9200091441644512,0.03786639647772099,0.04212445935782784
id06619,0.030749936781549494,0.9525605053997397,0.016689557818710888
id20211,0.03848809891174872,0.9396633391684227,0.021848561919828532
id23985,0.13262385193290846,0.04151534734900459,0.825860800718087
id17048,0.9214427900393491,0.036505909996825625,0.042051299963825256
id11272,0.524173931548846,0.06225959010551772,0.41356647834563637
id16998,0.27640409135497956,0.06665600420913802,0.6569399044358825
id16506,0.0762320864449219,0.03372959356643793,0.8900383199886402
id11558,0.7125812059212511,0.18025861862568313,0.10716017545306575
id04913,0.13788741987927947,0.035777045471887425,0.8263355346488331
id10308,0.04881228157875539,0.024022218945305235,0.9271654994759394
id15956,0.6448884060127024,0.11487727481409436,0.24023431917320323
id21350,0.0342276549250536,0.9461015297841744,0.019670815290771915
id09246,0.8992911112356614,0.05174992242103988,0.04895896634329871
id00753,0.8797262538577104,0.05908598776259193,0.06118775837969759
id08101,0.15241554976914048,0.696108496744612,0.1514759534862477
id26853,0.041728829276652474,0.934491564396398,0.023779606326949504
id22044,0.04571815023576122,0.9316057285885934,0.022676121175645488
id27234,0.7208643761830786,0.06531895899986452,0.21381666481705686
id18357,0.1149650299659561,0.8237876878479887,0.0612472821860552
id24187,0.8311967921909645,0.05686247016972647,0.11194073763930909
id23934,0.3202970346922638,0.09780362887082558,0.5818993364369107
id21378,0.03378222582589181,0.9483421905051224,0.017875583668985784
id12777,0.8452464528350069,0.06264224737969805,0.09211129978529509
id11493,0.04140315165452507,0.01988571895138844,0.9387111293940865
id12824,0.302200492206174,0.139118191371283,0.5586813164225429
id22565,0.15766479978315515,0.7905301148908676,0.05180508532597726
id02996,0.15261698590949752,0.0645702159104428,0.7828127981800597
id26154,0.18224423521074987,0.556235923490787,0.2615198412984632
id22710,0.5175185830639131,0.39412638115968596,0.08835503577640087
id19389,0.04574518664848482,0.9301358598473739,0.024118953504141272
id19539,0.04630791252246528,0.021050003105424406,0.9326420843721104
id17345,0.08787018030615078,0.8742787426882459,0.037851077005603286
id16938,0.914506293054071,0.03867548181035569,0.046818225135573224
id05670,0.9185610991850763,0.038980286478849956,0.042458614336073563
id12991,0.6345559794082076,0.17062682191364692,0.19481719867814556
id26819,0.1663610384109548,0.780158397308705,0.0534805642803403
id02679,0.1671314398436184,0.07071254363495735,0.7621560165214243
id11334,0.6516627732055246,0.2358464340944901,0.11249079269998541
id18553,0.7478111476698587,0.11993457126034147,0.13225428106979992
id27899,0.8803161374395336,0.05568231854992505,0.06400154401054134
id20569,0.0331725013193876,0.9483791463680501,0.018448352312562328
id00759,0.03226877231898358,0.9503907953618348,0.017340432319181615
id13013,0.9111864215195877,0.03869219483192797,0.050121383648484306
id06798,0.8896438426802521,0.05596523292914403,0.05439092439060389
id04524,0.401841714332766,0.5015040825915112,0.09665420307572274
id19026,0.41176494842439926,0.06810554263496468,0.520129508940636
id17376,0.04294513483383071,0.019786075434678807,0.9372687897314905
id21794,0.04793509084418846,0.027543108550544516,0.924521800605267
id22720,0.35444852072739136,0.10000527053270714,0.5455462087399016
id26054,0.12544860964476384,0.06292237233730306,0.8116290180179331
id01050,0.055210578296812036,0.9158227770879275,0.028966644615260398
id11917,0.9059189336019972,0.0403214365624226,0.053759629835580316
id12706,0.7919267953396185,0.0626613906872917,0.14541181397308983
id18796,0.3471954038777576,0.548207493599688,0.1045971025225545
id10096,0.04120070510959485,0.01941712459990025,0.939382170290505
id27514,0.09983930541728026,0.8403691583419285,0.05979153624079131
id22130,0.43773769793918116,0.11375270941653759,0.4485095926442813
id23378,0.8856679783053681,0.057776599101361896,0.056555422593270024
id27306,0.6284823426951014,0.29016515440809515,0.08135250289680344
id25914,0.2350191074978451,0.12237290739941255,0.6426079851027423
id05461,0.9114173773735353,0.04073469234096276,0.04784793028550193
id24782,0.682102655058396,0.09012718334578813,0.22777016159581603
id11890,0.030679952636345802,0.9525921243189782,0.016727923044675984
id23405,0.5453766546112299,0.11900451788652433,0.33561882750224586
id15919,0.09595416833845394,0.8603478914405877,0.04369794022095847
id08430,0.1838376716199484,0.07974508076692907,0.7364172476131225
id16328,0.19487616929488188,0.05420774010050063,0.7509160906046175
id16599,0.9014616279133773,0.0480373429309054,0.05050102915571747
id25407,0.25960381485952916,0.14188138717378432,0.5985147979666865
id10786,0.9139869837293855,0.0390880130786887,0.046925003191925774
id08935,0.6818096783855161,0.18620905000070842,0.13198127161377557
id24742,0.9189461707583846,0.03718060004469318,0.04387322919692229
id15921,0.3975011206482092,0.14863201601032444,0.4538668633414664
id21816,0.05411986407570647,0.023806259214888704,0.9220738767094049
id06235,0.8398942994893239,0.08913852649658044,0.07096717401409573
id00527,0.6229571016275532,0.10950661597168594,0.26753628240076077
id17349,0.044481032722252296,0.021943249050046732,0.9335757182277009
id05356,0.9128696338261175,0.040142001978588485,0.04698836419529392
id13287,0.030330241501402348,0.9534030969604863,0.016266661538111345
id09044,0.8484289484842896,0.07034054485156191,0.08123050666414854
id09374,0.13467375682154217,0.07516052254408888,0.790165720634369
id25625,0.0853540700880908,0.8792229074594895,0.03542302245241962
id03201,0.08471535979244775,0.048009665368200075,0.8672749748393521
id02709,0.9191641312705003,0.03708325759863826,0.04375261113086144
id08914,0.3286981637513566,0.14920920319817893,0.5220926330504645
id15753,0.844333484322553,0.09530286521619522,0.06036365046125191
id20125,0.6825408952008698,0.22366594572731419,0.09379315907181604
id20784,0.19627742267410744,0.6790581482453623,0.12466442908053027
id26248,0.049127174387180415,0.021732037594249708,0.9291407880185699
id10016,0.4034329125055927,0.13252229359590445,0.46404479389850284
id18793,0.8852990657377291,0.04731839694015214,0.06738253732211869
id04562,0.7198463372818927,0.18951593801740227,0.090637724700705
id25106,0.05413541921148198,0.022971624447580496,0.9228929563409376
id00536,0.919416890561042,0.03826682948174071,0.04231627995721729
id01946,0.686669682744836,0.07100062588070793,0.242329691374456
id18369,0.2705702038574138,0.6343914961940026,0.09503829994858363
id07345,0.03404393934292192,0.9455886444213076,0.02036741623577042
id27752,0.6526079601928803,0.0637285364557015,0.28366350335141827
id21463,0.06492826400772925,0.8968603011313595,0.038211434860911254
id18922,0.13499417863136046,0.04978475130149663,0.815221070067143
id17166,0.6094780286016239,0.3056274384753526,0.08489453292302356
id07458,0.031434171046222356,0.9502603906757595,0.018305438278018157
id01801,0.04717388362729715,0.023436449833296687,0.9293896665394061
id10529,0.9212261102596809,0.03677698325433268,0.04199690648598646
id08774,0.061982436041525174,0.9097177237908871,0.028299840167587652
id22292,0.14076794310951465,0.04511736928742514,0.8141146876030603
id14044,0.31680201248908163,0.07893785398628982,0.6042601335246286
id20234,0.11619670381631478,0.8404508773105445,0.04335241887314077
id26960,0.9200826022567739,0.03618585236716584,0.04373154537606028
id20809,0.6918388122543802,0.10486403188848321,0.20329715585713667
id20365,0.9039958008923492,0.04727853143305702,0.0487256676745937
id09182,0.8741086489124142,0.06144957042539937,0.06444178066218648
id27671,0.2701566333356507,0.07024076565717499,0.6596026010071743
id26438,0.07641253125128648,0.8840213197977096,0.03956614895100395
id22712,0.1261989807387073,0.826863779431704,0.0469372398295888
id13988,0.1096487869446615,0.03480693169791772,0.8555442813574208
id01727,0.9121256692629485,0.038223937432100834,0.04965039330495062
id27147,0.6454886065195607,0.1052234154176768,0.24928797806276243
id23213,0.030425481857864416,0.9535261495389401,0.0160483686031955
id21969,0.03854843846806373,0.9348014612034745,0.02665010032846162
id12062,0.8983117353513118,0.04371837788630282,0.05796988676238526
id26579,0.03536875048845197,0.9448373811785576,0.01979386833299026
id20568,0.44940232294159993,0.4080824609591926,0.1425152160992076
id04399,0.40356413273290365,0.0672592717597178,0.5291765955073785
id26756,0.05243504674351943,0.9164634964518605,0.031101456804620047
id04580,0.0657627718957657,0.06736785982956163,0.8668693682746728
id16349,0.7576365274855802,0.1476136565418119,0.09474981597260787
id23583,0.032323045324080896,0.9505296609415202,0.017147293734398866
id14643,0.9147903874701666,0.03944638851895326,0.04576322401088006
id22604,0.6631644887910663,0.10441996397231577,0.23241554723661795
id25973,0.030606635576207845,0.9533327528835125,0.016060611540279702
id07553,0.151809468668727,0.7304968992048521,0.11769363212642095
id05614,0.6746979918131666,0.09781776811142182,0.22748424007541157
id15320,0.567290831515035,0.07971271767034563,0.3529964508146194
id01016,0.1779433067750897,0.08606310971198677,0.7359935835129235
id11463,0.032389698921680296,0.9505168382180629,0.017093462860256856
id18655,0.048112777209241446,0.9295009239445992,0.022386298846159378
id22527,0.047431491519579726,0.02302424910912228,0.929544259371298
id05458,0.031108063143111257,0.952603384044276,0.016288552812612794
id08802,0.062034162030848765,0.02755518385945212,0.9104106541096991
id11573,0.3370469671190524,0.2662096759830084,0.39674335689793927
id16935,0.04394608522344383,0.021042507169429972,0.9350114076071261
id27417,0.05756557731037487,0.02492483558654239,0.9175095871030827
id27781,0.9203241633458807,0.03688609989367511,0.04278973676044425
id21873,0.9208134388460326,0.036453366550168766,0.04273319460379871
id20624,0.03991543239094842,0.019830601223033015,0.9402539663860185
id19660,0.030072121152393966,0.9523205351899852,0.017607343657620886
id03783,0.9202002496212379,0.0371891409158034,0.042610609462958714
id22172,0.21643278629034893,0.48557490855448227,0.29799230515516884
id20709,0.8667498048981562,0.07067600944181712,0.0625741856600266
id12524,0.7561808884748176,0.14053515352536522,0.10328395799981732
id27650,0.02976845193783227,0.954409311505883,0.015822236556284786
id09501,0.1677851551783207,0.6322219836966518,0.19999286112502745
id20840,0.08815289604465909,0.8680217793598558,0.04382532459548518
id09960,0.06003863605549332,0.02592687163420279,0.9140344923103039
id13916,0.043316717753561954,0.020785220066130972,0.9358980621803071
id00249,0.11257159410291011,0.040964770562025424,0.8464636353350645
id02540,0.9154864287753791,0.0390633970183853,0.045450174206235594
id23326,0.042824561135027084,0.02090130610924647,0.9362741327557265
id14632,0.8949645398247389,0.05394952377725818,0.051085936398002955
id25512,0.29488784736600704,0.21249042465142765,0.49262172798256537
id10628,0.8722962438292775,0.05420737160604389,0.0734963845646785
id08490,0.029969835391094046,0.9441183460767174,0.025911818532188564
id09084,0.9123221517760216,0.04114841878841736,0.04652942943556093
id27553,0.03153009184412368,0.9474803085508164,0.02098959960505981
id20930,0.04822890485283957,0.9282577008436227,0.02351339430353774
id21337,0.34945636885231435,0.054317256350845215,0.5962263747968404
id25537,0.049549846714130236,0.02417996204478954,0.9262701912410801
id27349,0.3192906367314285,0.11748465081873238,0.5632247124498392
id25655,0.040964061809850585,0.9376730024185814,0.021362935771568035
id26464,0.8646192603348697,0.07707487186389689,0.058305867801233494
id00599,0.04866483726193822,0.021248159600338226,0.9300870031377235
id06964,0.0403774162106343,0.9388038320893164,0.020818751700049345
id21875,0.7905091941626231,0.07312511830432028,0.13636568753305667
id27488,0.8089984762424796,0.09924785975402049,0.09175366400349992
id07980,0.054267687029501105,0.03499352668774513,0.9107387862827537
id12995,0.07958708138345634,0.03230222297249741,0.8881106956440462
id08094,0.04461312133122724,0.9310516707665554,0.024335207902217434
id02134,0.6472105176531797,0.08606804754860352,0.2667214347982168
id14311,0.7485291574587903,0.12897158620895038,0.12249925633225943
id06514,0.39500273916466394,0.05769960408726584,0.5472976567480703
id19775,0.27647086148051636,0.16708696534444295,0.5564421731750406
id18618,0.2580685932881341,0.308944360405018,0.43298704630684787
id26593,0.9179338019989681,0.03891216121878593,0.04315403678224601
id11975,0.03389364317878504,0.9461385650201033,0.019967791801111655
id07853,0.24311886561146268,0.051087813097200514,0.7057933212913369
id16848,0.9142183577095878,0.04071066788936632,0.04507097440104593
id11595,0.02985386900785974,0.9539988432598352,0.0161472877323051
id24777,0.17026398195061979,0.7183906538375046,0.11134536421187566
id07824,0.9210388899918878,0.037240885258295574,0.041720224749816695
id23007,0.04846839770915659,0.02220448554647684,0.9293271167443666
id04805,0.07005563475742682,0.8404774653468213,0.08946689989575182
id00504,0.6908319493044427,0.10802984935606239,0.201138201339495
id24331,0.14161574021769172,0.2654482775694865,0.5929359822128218
id03914,0.05479108457901608,0.027854859896595207,0.9173540555243888
id16299,0.9123574193921268,0.04148938740839876,0.04615319319947448
id05565,0.814641590377473,0.11698376988637514,0.06837463973615192
id27934,0.06264452660065309,0.9083128534525604,0.029042619946786512
id17027,0.9135121808177598,0.039755598520791295,0.046732220661448956
id02785,0.7601662720975416,0.16453694233829386,0.07529678556416457
id16094,0.08451455722693417,0.8672403167603336,0.04824512601273229
id22435,0.2238519845133107,0.14991199840248276,0.6262360170842066
id10586,0.07186437946625342,0.03970591594556606,0.8884297045881805
id06467,0.2751885076226746,0.6458123186906338,0.07899917368669146
id18227,0.8663523055389611,0.04690314569135594,0.086744548769683
id02286,0.02998369874713696,0.9537888059922001,0.016227495260662923
id07393,0.8471700267284901,0.08259950987087633,0.0702304634006337
id11640,0.16572847094275814,0.7507739417759601,0.08349758728128173
id15718,0.8282349041120204,0.05284501102268303,0.11892008486529655
id23756,0.029857536945019515,0.9540988436561736,0.01604361939880698
id14564,0.15826340284672138,0.05827021567150297,0.7834663814817757
id24963,0.9121432668358322,0.0383751742803889,0.0494815588837787
id03069,0.35986080962308936,0.0711796376713246,0.5689595527055861
id24648,0.8568576590446045,0.0780631313438163,0.06507920961157923
id15920,0.5936851207749759,0.25719776229231706,0.14911711693270693
id11255,0.5269738510846996,0.06305223136396051,0.4099739175513399
id00544,0.22549301704848282,0.05987523550460066,0.7146317474469165
id13211,0.9220819479717848,0.03617224330851887,0.041745808719696346
id26285,0.6846590364883814,0.19404963225782887,0.12129133125378966
id19879,0.1447365136250158,0.11147133987195199,0.7437921465030323
id21440,0.843701443737901,0.05872344684347555,0.09757510941862348
id09539,0.057911185878623525,0.02757093560949943,0.914517878511877
id10781,0.03080841015096536,0.9491144668366703,0.02007712301236432
id06557,0.07595173057307004,0.026979273947199376,0.8970689954797306
id16747,0.15898719135550185,0.04081721655701697,0.8001955920874811
id14358,0.031181800493491837,0.949127479654209,0.01969071985229915
id05250,0.8850446518576818,0.04338864013145651,0.07156670801086165
id02390,0.16514658048529585,0.7028673606225718,0.13198605889213236
id14790,0.8834292832671227,0.05832768836032382,0.058243028372553574
id14355,0.11366842355637975,0.8000362652335873,0.086295311210033
id23157,0.8656533074189274,0.06074975971247619,0.07359693286859645
id20324,0.10988609097374162,0.10205192929594488,0.7880619797303136
id01870,0.03398246218916832,0.9439405301070704,0.022077007703761347
id01079,0.04075116332925564,0.9358148795912032,0.023433957079541164
id03392,0.8080956494814908,0.08736537774946397,0.10453897276904524
id22758,0.634861577448717,0.062128953198383095,0.30300946935289996
id05599,0.5360663584390435,0.2929525553291175,0.17098108623183905
id07189,0.04425610877114401,0.02095812338631875,0.9347857678425373
id13364,0.8264714618117208,0.058344859152911786,0.1151836790353674
id00902,0.4967728431826506,0.406473344150076,0.09675381266727348
id07164,0.9039774169521857,0.047939993936922436,0.0480825891108919
id27290,0.1485614051507631,0.7424251402042318,0.10901345464500514
id18931,0.19241000555920296,0.7453424434837886,0.062247550957008374
id22165,0.09492608908413133,0.848772243089368,0.05630166782650074
id14677,0.3735020869301648,0.49702539285340797,0.12947252021642724
id18987,0.5852162915103385,0.14997598839535026,0.26480772009431125
id13143,0.029694137030890175,0.9544148553930502,0.015891007576059664
id18589,0.18824895064397587,0.04825396958040327,0.7634970797756209
id01635,0.030978983714061967,0.9419780155902885,0.027043000695649525
id02661,0.03118550134154971,0.9523053013664329,0.01650919729201748
id12463,0.06122550181793314,0.8816583738021552,0.05711612437991164
id18461,0.5650766041342495,0.061851929559593705,0.37307146630615673
id12709,0.8068092872358228,0.10818693503631156,0.0850037777278657
id11957,0.03149734293956723,0.9514450025906271,0.017057654469805627
id13040,0.05566971426810155,0.023554611021467546,0.920775674710431
id03953,0.24260894027922608,0.4431646806113755,0.3142263791093985
id02623,0.13204127040624328,0.8040805100263922,0.0638782195673646
id21479,0.04457477823627015,0.020516615844925413,0.9349086059188044
id06976,0.03381023421577463,0.947014009844347,0.019175755939878244
id18721,0.6572842339573702,0.10727937255049699,0.23543639349213272
id12043,0.042152889964265354,0.02036119793494512,0.9374859121007896
id16526,0.03222114589374757,0.949980018137744,0.017798835968508415
id03184,0.04836099029183271,0.020945397363952675,0.9306936123442147
id23194,0.8868330893685066,0.053240562232200334,0.05992634839929309
id17544,0.14521489608747282,0.7943728382716317,0.060412265640895385
id17314,0.05468523023493085,0.029605317837401664,0.9157094519276675
id17306,0.7874660979422574,0.06472733592836177,0.14780656612938087
id11044,0.22376407558291025,0.7098287382867592,0.0664071861303306
id22762,0.2829130469709756,0.05359989489843943,0.663487058130585
id02797,0.34058260845904237,0.06832102762616797,0.5910963639147896
id13340,0.047190392473423846,0.02193314294719926,0.9308764645793769
id08131,0.9031416431003514,0.04018458117506083,0.05667377572458773
id24181,0.02984300593150715,0.9538736230174021,0.01628337105109084
id20359,0.8739435442517456,0.06790845775170869,0.05814799799654573
id14736,0.030052898103343908,0.9536977425740697,0.016249359322586393
id09362,0.04595174918285233,0.9263279011700987,0.02772034964704903
id07987,0.042424552571110934,0.021388171818355648,0.9361872756105334
id01664,0.03884032979864334,0.9363715460871439,0.024788124114212724
id00096,0.9165175543925458,0.03873002816985217,0.04475241743760213
id01475,0.09003831592512969,0.16088966113912365,0.7490720229357466
id04020,0.05215630744297327,0.024578657418674644,0.923265035138352
id09617,0.8300158205888779,0.08191384749721874,0.08807033191390341
id13098,0.9042864213896035,0.04627362909410231,0.04943994951629432
id19010,0.030055058836700274,0.9534306964145444,0.01651424474875543
id12754,0.88418801894446,0.047417700536493704,0.06839428051904622
id25238,0.5081596564418772,0.06809661807549042,0.4237437254826324
id14896,0.11543418525062916,0.03374940351608621,0.8508164112332847
id16827,0.4498876237054363,0.07478289697887282,0.475329479315691
id11685,0.1641256583119481,0.6439882620378792,0.1918860796501728
id10496,0.1628649615430729,0.743766362519981,0.09336867593694616
id08073,0.08891264943124103,0.03659206957414677,0.8744952809946122
id08504,0.2183334430208637,0.05233060525863967,0.7293359517204967
id25872,0.04161083988587173,0.019566535388160368,0.9388226247259679
id09498,0.4644504791089722,0.4386046056917854,0.09694491519924243
id23890,0.034143170179224816,0.9478808495474559,0.01797598027331932
id15065,0.09815346601225533,0.23376854304592987,0.6680779909418149
id11197,0.10372226992445258,0.7760476310789441,0.12023009899660335
id02832,0.030301322334043715,0.9533686727824509,0.016330004883505434
id26969,0.9156700689401783,0.03790431487627498,0.04642561618354671
id25442,0.05340365551385058,0.023563365202786225,0.9230329792833631
id09727,0.23260118477252276,0.6069804886455856,0.16041832658189165
id18592,0.04494264682420366,0.021051940971158718,0.9340054122046376
id11442,0.918663223218066,0.037219260923996356,0.04411751585793766
id22071,0.7194272716809027,0.12060608566229143,0.15996664265680585
id09700,0.20353656399863337,0.053421305760451225,0.7430421302409155
id20265,0.9050436467924221,0.03958608855498912,0.05537026465258874
id23687,0.919976530875786,0.03734722962740388,0.04267623949681015
id01055,0.030523840201695438,0.9533251432564422,0.016151016541862396
id08519,0.8364759473374389,0.08888233261411922,0.07464172004844188
id05922,0.09818725731884204,0.8499341291330194,0.051878613548138684
id02918,0.04237291233722154,0.9370087445854101,0.020618343077368467
id14502,0.9169109233002205,0.0397596022291041,0.04332947447067546
id01642,0.23936788957661634,0.04646323264712436,0.7141688777762594
id21251,0.8891269674684141,0.060348184889815464,0.05052484764177033
id09673,0.11958801867286734,0.6911509000569327,0.18926108127020008
id17837,0.046710034330352805,0.021965386257626868,0.9313245794120204
id24245,0.8729525519663383,0.05110743996592011,0.07594000806774175
id15837,0.04347254568858683,0.02042932670372343,0.9360981276076898
id13077,0.7220623104379612,0.06417207307097295,0.21376561649106596
id23079,0.1800478057928626,0.742892562735933,0.07705963147120455
id12938,0.05132652908083621,0.023337582851772957,0.9253358880673909
id12144,0.041247887358615544,0.02031561888071693,0.9384364937606675
id06882,0.8960969784712395,0.04204934157145043,0.06185367995731011
id06354,0.049246943545301874,0.023380766010749125,0.9273722904439491
id23573,0.2824100396513605,0.07856855671083054,0.639021403637809
id13800,0.15944638469047384,0.037762518243603944,0.8027910970659222
id26115,0.18881074316841304,0.22495592765672834,0.5862333291748586
id21179,0.06816157647945217,0.025264865020019157,0.9065735585005287
id00125,0.862105522609065,0.07985044399628717,0.058044033394647754
id22600,0.22362365580336022,0.48312520915649215,0.29325113504014766
id15726,0.04877713396813806,0.021454941806968286,0.9297679242248936
id08078,0.6868716018590635,0.16178393284797998,0.15134446529295656
id20091,0.0613643257622051,0.9106444586080352,0.02799121562975973
id00026,0.5827229065953589,0.13127677701322912,0.286000316391412
id03698,0.8792246284892762,0.06056580353657572,0.060209567974148094
id09198,0.6890941982216222,0.0749211223636976,0.23598467941468018
id12520,0.7424828693144107,0.0711162702069299,0.18640086047865947
id16277,0.04997032790128434,0.022377607645535338,0.9276520644531803
id17964,0.041151124874965785,0.020516650153645753,0.9383322249713884
id24040,0.054317363726528366,0.9189337063951164,0.026748929878355268
id17613,0.241930139778967,0.07672648245670394,0.6813433777643291
id00157,0.6886676417399311,0.09472899102124396,0.21660336723882492
id10012,0.2652249990617358,0.07175167568481464,0.6630233252534495
id02419,0.03932526157422176,0.01879952998742753,0.9418752084383507
id05562,0.7375488548581485,0.07774281302863124,0.18470833211322035
id09049,0.03194727000486984,0.950841228183112,0.017211501812018106
id24915,0.034239074069981404,0.9475803848864636,0.018180541043555112
id02808,0.11458618986461791,0.08487970804528755,0.8005341020900946
id00167,0.9149868850117091,0.04068400316826983,0.04432911182002111
id13451,0.9052003601979172,0.047788762518703266,0.04701087728337961
id24775,0.5548572188600891,0.34432444317340805,0.10081833796650301
id10240,0.040765931732831516,0.9257377423266252,0.03349632594054332
id24597,0.791597816188605,0.0897095609467396,0.11869262286465547
id15364,0.3896770990940405,0.4858122710109587,0.12451062989500075
id13191,0.14663487915484436,0.7002370397114972,0.15312808113365856
id09592,0.04130617816312692,0.020150705415647552,0.9385431164212256
id12083,0.058069756920708475,0.029108223912667548,0.9128220191666241
id23492,0.04552491243425997,0.02219358998426009,0.9322814975814799
id06816,0.05028110794912205,0.02297306507040933,0.9267458269804686
id16971,0.7775643487539181,0.08450640116023338,0.13792925008584853
id05675,0.8861427318056001,0.05625461912604258,0.057602649068357346
id23037,0.2969597942327016,0.04915686692795845,0.65388333883934
id00399,0.6035203904256486,0.06243847924330653,0.3340411303310449
id05925,0.08923259456763541,0.8286448212683164,0.08212258416404812
id01834,0.6742625258436806,0.08659338685842338,0.2391440872978961
id20350,0.0439385616804996,0.01997793658143926,0.9360835017380612
id18961,0.08521118522678368,0.03558603944303805,0.8792027753301783
id02132,0.03009099524349738,0.9538523810423531,0.01605662371414953
id26609,0.18240565977039733,0.7609350499029865,0.056659290326616124
id16532,0.10799187675936517,0.7997431477469125,0.09226497549372244
id23289,0.7669787351345672,0.15196614172509657,0.08105512314033626
id26621,0.9181993005841022,0.038695080446746834,0.043105618969151015
id03254,0.03232437630284008,0.9501486045749725,0.017527019122187498
id04701,0.5495150211085886,0.09766299757692619,0.35282198131448517
id26600,0.03190543472991882,0.9509802703587722,0.017114294911309027
id16006,0.19124057832413882,0.738572359346042,0.07018706232981906
id25724,0.043165699016483296,0.020184628190835524,0.9366496727926812
id27223,0.87657940559099,0.05133418101842368,0.07208641339058636
id14345,0.8441194323966317,0.08955393421734663,0.06632663338602172
id27374,0.033012560447063986,0.9452926753859429,0.021694764166993098
id21131,0.78053905869077,0.09109841682643124,0.12836252448279883
id12410,0.9212018573161606,0.03640935830327229,0.04238878438056721
id15483,0.43861042885580104,0.10918492411618116,0.4522046470280177
id15429,0.45000728150678343,0.3852752542656314,0.1647174642275851
id25480,0.5688305720651671,0.15897783294537596,0.27219159498945694
id11453,0.06764383891669874,0.8515553666615268,0.08080079442177447
id20437,0.09409590800402312,0.03849097011409556,0.8674131218818814
id08468,0.033713819285917615,0.9416025428262459,0.024683637887836514
id22181,0.15784488549543818,0.7936396495906155,0.0485154649139463
id18810,0.8026724171292366,0.0975840498553478,0.0997435330154156
id17482,0.6571669498855081,0.09545075440831423,0.24738229570617765
id22746,0.7502329151516566,0.17057498329187198,0.07919210155647129
id03107,0.9172807701333312,0.037993580692513476,0.04472564917415531
id02184,0.7499183428747347,0.12575074077219983,0.12433091635306544
id25068,0.9140826183646721,0.0393137324777597,0.046603649157568164
id19154,0.8214908696478206,0.06497581840470085,0.11353331194747866
id10358,0.2529819841738362,0.27942006872316494,0.4675979471029989
id09126,0.05107608412721176,0.022272696386281654,0.9266512194865065
id05936,0.717395959196043,0.2009844696064188,0.08161957119753824
id00020,0.05569884363728889,0.9063555518786721,0.0379456044840391
id20771,0.6423355964496034,0.2564701925416508,0.10119421100874572
id00116,0.8303468770403678,0.10570368876595516,0.06394943419367705
id12424,0.07820970171234033,0.029624407776693083,0.8921658905109666
id05755,0.06038128644140824,0.033848559860495724,0.905770153698096
id27476,0.03196291131984713,0.9507308095097887,0.017306279170364227
id02686,0.2713074392716171,0.12441780835501336,0.6042747523733696
id10234,0.9129989084236436,0.038097257401099094,0.04890383417525723
id05969,0.5084211904065546,0.06260668147957621,0.42897212811386926
id14440,0.3674097924506992,0.5419467051410105,0.09064350240829028
id09937,0.5144610612880403,0.3989876830830951,0.08655125562886458
id08238,0.03882839225201862,0.019038749558479787,0.9421328581895015
id11090,0.44759145386419896,0.47193117949536634,0.08047736664043471
id13183,0.04586330615138306,0.022106916903245122,0.9320297769453718
id25712,0.03851240168343308,0.9342250234871738,0.027262574829393007
id22510,0.04244966791152735,0.020352701810502374,0.9371976302779703
id19204,0.9174339668305562,0.03779709182403684,0.04476894134540696
id05758,0.7760364700740314,0.08859086325560776,0.1353726666703608
id27063,0.6457406773971814,0.17096162958080088,0.18329769302201765
id11773,0.18616067762622696,0.047187381845189384,0.7666519405285835
id11562,0.3722363864375835,0.1000779307365866,0.52768568282583
id16208,0.13985758906443374,0.04355813103583541,0.8165842798997308
id04036,0.2071602576116505,0.2522596674550032,0.5405800749333464
id26159,0.759930439396588,0.0818765206314061,0.15819303997200596
id26777,0.5058059422215134,0.27450271652991926,0.21969134124856735
id08501,0.7073814902905528,0.19086206356164773,0.10175644614779956
id11216,0.0311836292649571,0.9525486693802144,0.016267701354828495
id03410,0.17831151716948385,0.07273561899736981,0.7489528638331464
id04537,0.14920544414958273,0.051981395350533005,0.7988131604998844
id26628,0.3268221624185598,0.27958137366197805,0.3935964639194621
id01586,0.03227293266383809,0.9507221382855078,0.017004929050654163
id13421,0.735894987511758,0.11593429607665832,0.14817071641158372
id26084,0.0311375734904934,0.951631829617588,0.01723059689191867
id05375,0.04799842542340603,0.021152187816064663,0.9308493867605293
id23212,0.9141295450170103,0.04003174960828039,0.04583870537470935
id15980,0.7570234378468962,0.16904622411431472,0.07393033803878919
id11719,0.029811940649798974,0.9541113350181737,0.016076724332027406
id13109,0.5885737838558819,0.09634674483274308,0.3150794713113751
id07156,0.9140823787810168,0.037370263750868334,0.04854735746811475
id04893,0.13402839762461527,0.13688941671773272,0.729082185657652
id11749,0.44203631252965764,0.060796948976429246,0.49716673849391324
id10526,0.1780096875927298,0.04490747635159183,0.7770828360556784
id13477,0.8387387977470504,0.09598889349848774,0.06527230875446183
id13761,0.05163052441894493,0.02508175791102149,0.9232877176700336
id04282,0.5350408681478639,0.38124303579950536,0.08371609605263074
